id,split,scene,frame,k0_point_rel,k0_depth_rel,k0_depth_delta_1.01,k0_depth_delta_1.25,k0_alignment_scale,k0_alignment_z_shift,k0_boundary_f1,k1_point_rel,k1_depth_rel,k1_depth_delta_1.01,k1_depth_delta_1.25,k1_alignment_scale,k1_alignment_z_shift,k1_boundary_f1,k3_point_rel,k3_depth_rel,k3_depth_delta_1.01,k3_depth_delta_1.25,k3_alignment_scale,k3_alignment_z_shift,k3_boundary_f1,k5_point_rel,k5_depth_rel,k5_depth_delta_1.01,k5_depth_delta_1.25,k5_alignment_scale,k5_alignment_z_shift,k5_boundary_f1,k0_crop_point_rel,k0_crop_depth_rel,k0_crop_depth_delta_1.01,k0_crop_depth_delta_1.25,k0_crop_boundary_f1,k0_structure_point_rel,k0_structure_depth_rel,k0_structure_depth_delta_1.01,k0_structure_depth_delta_1.25,k0_structure_boundary_f1,k1_crop_point_rel,k1_crop_depth_rel,k1_crop_depth_delta_1.01,k1_crop_depth_delta_1.25,k1_crop_boundary_f1,k1_structure_point_rel,k1_structure_depth_rel,k1_structure_depth_delta_1.01,k1_structure_depth_delta_1.25,k1_structure_boundary_f1,k3_crop_point_rel,k3_crop_depth_rel,k3_crop_depth_delta_1.01,k3_crop_depth_delta_1.25,k3_crop_boundary_f1,k3_structure_point_rel,k3_structure_depth_rel,k3_structure_depth_delta_1.01,k3_structure_depth_delta_1.25,k3_structure_boundary_f1,k5_crop_point_rel,k5_crop_depth_rel,k5_crop_depth_delta_1.01,k5_crop_depth_delta_1.25,k5_crop_boundary_f1,k5_structure_point_rel,k5_structure_depth_rel,k5_structure_depth_delta_1.01,k5_structure_depth_delta_1.25,k5_structure_boundary_f1
ai_001_001_cam_00_frame.0000,train,ai_001_001,0,0.015143867582082748,0.013398188166320324,0.5213216543197632,0.9998626708984375,2.375182867050171,0.020506858825683594,0.8539453148841858,0.011123863980174065,0.00976680126041174,0.7210947871208191,0.9998525381088257,2.4287948608398438,0.010557174682617188,0.8463959693908691,0.008686136454343796,0.007242962252348661,0.8233744502067566,0.9997457265853882,2.52860951423645,0.013898372650146484,0.8344640135765076,0.011894956231117249,0.01004442386329174,0.7523244619369507,0.9996541738510132,2.6289877891540527,0.01841568946838379,0.8262643218040466,,,,,,,,,,,,,,,,,,,,,,,,,,,,,,,,,,,,,,,,
ai_001_001_cam_00_frame.0014,train,ai_001_001,14,0.007504054345190525,0.006356716156005859,0.8680318593978882,0.9989522695541382,2.084052562713623,-0.01754581928253174,0.8891149163246155,0.0073556797578930855,0.006230359431356192,0.8671366572380066,0.998992919921875,2.1239030361175537,-0.01334989070892334,0.8871779441833496,0.008805827237665653,0.007514520548284054,0.7521464228630066,0.999053955078125,2.206806182861328,-0.008166193962097168,0.8953018188476562,0.011789228767156601,0.010183097794651985,0.6373138427734375,0.9989980459213257,2.2930402755737305,-0.0032378435134887695,0.9028119444847107,,,,,,,,,,,,,,,,,,,,,,,,,,,,,,,,,,,,,,,,
ai_001_001_cam_00_frame.0028,train,ai_001_001,28,0.007128773257136345,0.00609563197940588,0.8666433095932007,0.9999186396598816,2.2590043544769287,0.015695571899414062,0.9221713542938232,0.006252998020499945,0.005270295776426792,0.9082082509994507,0.9993693232536316,2.2997779846191406,0.018805742263793945,0.9244166612625122,0.006105679087340832,0.005132682155817747,0.9357808828353882,0.9990590810775757,2.3859832286834717,0.021601200103759766,0.9109651446342468,0.007777253165841103,0.006719496101140976,0.84454345703125,0.9989420771598816,2.4777467250823975,0.01969599723815918,0.8965438604354858,,,,,,,,,,,,,,,,,,,,,,,,,,,,,,,,,,,,,,,,
ai_001_001_cam_00_frame.0043,train,ai_001_001,43,0.005710942670702934,0.004800293128937483,0.9289398193359375,0.9999542236328125,1.9568144083023071,0.0058858394622802734,0.9122350811958313,0.00573772843927145,0.00492333248257637,0.9511464834213257,0.9999542236328125,1.9900646209716797,0.007097482681274414,0.9228696823120117,0.007127153687179089,0.006306909024715424,0.7981008291244507,0.9999542236328125,2.060652256011963,0.009463071823120117,0.9333376288414001,0.009312085807323456,0.008348395116627216,0.688385009765625,0.9999491572380066,2.13561749458313,0.011164188385009766,0.9229519367218018,,,,,,,,,,,,,,,,,,,,,,,,,,,,,,,,,,,,,,,,
ai_001_001_cam_00_frame.0056,train,ai_001_001,56,0.007214350625872612,0.00622177217155695,0.8363749384880066,0.9998983144760132,1.7264277935028076,0.013072729110717773,0.8851439952850342,0.0055945441126823425,0.004752469714730978,0.8958892822265625,0.9999237060546875,1.759656548500061,0.013462424278259277,0.9023652672767639,0.008853187784552574,0.007730541750788689,0.7422027587890625,0.999908447265625,1.828543782234192,0.01911449432373047,0.9146578907966614,0.013447216711938381,0.011964486911892891,0.4936320185661316,0.9998931884765625,1.898416519165039,0.022523164749145508,0.9091331362724304,,,,,,,,,,,,,,,,,,,,,,,,,,,,,,,,,,,,,,,,
ai_001_001_cam_00_frame.0071,train,ai_001_001,71,0.012856538407504559,0.010379180312156677,0.63043212890625,0.9996592402458191,1.67726731300354,0.03162384033203125,0.8932819962501526,0.009285027161240578,0.007603578269481659,0.736175537109375,0.9996541738510132,1.7190192937850952,0.0222625732421875,0.8881796598434448,0.009523073211312294,0.00861610658466816,0.7375742793083191,0.9996389150619507,1.801467776298523,0.010766267776489258,0.8511651158332825,0.013694941066205502,0.012570138089358807,0.5308278799057007,0.9995626211166382,1.876484990119934,0.010103821754455566,0.82766193151474,,,,,,,,,,,,,,,,,,,,,,,,,,,,,,,,,,,,,,,,
ai_001_001_cam_00_frame.0085,train,ai_001_001,85,0.009475240483880043,0.008315414190292358,0.8034108877182007,0.9995371699333191,2.1834757328033447,0.015693187713623047,0.9118930697441101,0.007469343952834606,0.0065139345824718475,0.8538259267807007,0.9994863271713257,2.224400520324707,0.016964077949523926,0.9121456146240234,0.006842014845460653,0.006009147968143225,0.8727163076400757,0.9994150996208191,2.3126378059387207,0.01581549644470215,0.9098418354988098,0.008260641247034073,0.007334635592997074,0.7967681884765625,0.999298095703125,2.406572103500366,0.015565872192382812,0.8904328942298889,,,,,,,,,,,,,,,,,,,,,,,,,,,,,,,,,,,,,,,,
ai_001_001_cam_00_frame.0099,train,ai_001_001,99,0.020020918920636177,0.015412375330924988,0.6312001943588257,0.9931742548942566,2.2747349739074707,-0.08388185501098633,0.9309347867965698,0.01704074814915657,0.01236104965209961,0.7191264033317566,0.9964498281478882,2.313149929046631,-0.08290243148803711,0.934673547744751,0.014500717632472515,0.010073632933199406,0.7874959707260132,0.9967041015625,2.39031720161438,-0.07111167907714844,0.9354151487350464,0.01493585854768753,0.011295685544610023,0.7276510000228882,0.9967448115348816,2.465066432952881,-0.05670332908630371,0.9094352126121521,,,,,,,,,,,,,,,,,,,,,,,,,,,,,,,,,,,,,,,,
ai_018_003_cam_00_frame.0000,train,ai_018_003,0,0.018509577959775925,0.016101842746138573,0.41455078125,0.9954122304916382,3.4547247886657715,-0.011181354522705078,0.893461287021637,0.016316842287778854,0.013972627930343151,0.4941914975643158,0.9954376220703125,3.5183887481689453,-0.007947802543640137,0.893043577671051,0.015364374034106731,0.013286352157592773,0.5419057607650757,0.9954274892807007,3.638761520385742,0.0053293704986572266,0.8891704678535461,0.020793642848730087,0.018660038709640503,0.44537353515625,0.9889170527458191,3.757564067840576,0.025840282440185547,0.8572641611099243,,,,,,,,,,,,,,,,,,,,,,,,,,,,,,,,,,,,,,,,
ai_018_003_cam_00_frame.0014,train,ai_018_003,14,0.017119091004133224,0.015187214128673077,0.5063883662223816,0.9961649775505066,3.469848155975342,0.03492450714111328,0.8305282592773438,0.01576061174273491,0.013568349182605743,0.5467376708984375,0.9963887929916382,3.522453784942627,0.04248690605163574,0.8282244801521301,0.01879757083952427,0.01563101075589657,0.591766357421875,0.98992919921875,3.636461019515991,0.054872751235961914,0.7935574054718018,0.022816617041826248,0.018628932535648346,0.5434774160385132,0.988555908203125,3.7628047466278076,0.06454074382781982,0.7773826122283936,,,,,,,,,,,,,,,,,,,,,,,,,,,,,,,,,,,,,,,,
ai_018_003_cam_00_frame.0028,train,ai_018_003,28,0.036864541471004486,0.03402578830718994,0.5022074580192566,0.9822540283203125,3.3781824111938477,-0.023288726806640625,0.7206331491470337,0.03219318017363548,0.02983158826828003,0.5161590576171875,0.983062744140625,3.4475507736206055,-0.013176918029785156,0.7242895364761353,0.027286386117339134,0.02522354945540428,0.4883575439453125,0.985260009765625,3.583439588546753,-0.00964045524597168,0.7367359399795532,0.025328271090984344,0.023110611364245415,0.4555003046989441,0.9863332509994507,3.7204339504241943,-0.017244338989257812,0.7450016736984253,,,,,,,,,,,,,,,,,,,,,,,,,,,,,,,,,,,,,,,,
ai_018_003_cam_00_frame.0042,train,ai_018_003,42,0.01677393540740013,0.01477842591702938,0.6775665283203125,0.9941558837890625,2.8642423152923584,0.019836068153381348,0.9236889481544495,0.013458016328513622,0.011726239696145058,0.7240753173828125,0.9966787099838257,2.915823459625244,0.020451068878173828,0.918241024017334,0.01209439616650343,0.010550856590270996,0.76605224609375,0.9961141347885132,3.02081298828125,0.023516178131103516,0.9087844491004944,0.013553190045058727,0.012019036337733269,0.7230682373046875,0.9957631826400757,3.127711296081543,0.03382301330566406,0.9009653329849243,,,,,,,,,,,,,,,,,,,,,,,,,,,,,,,,,,,,,,,,
ai_018_003_cam_00_frame.0057,train,ai_018_003,57,0.01861254870891571,0.017331384122371674,0.3626251220703125,0.996551513671875,4.116530418395996,-0.07853555679321289,0.937976598739624,0.015501215122640133,0.014521950855851173,0.4428863525390625,0.9965464472770691,4.203314781188965,-0.07741618156433105,0.9387075901031494,0.013561650179326534,0.012223109602928162,0.5860697627067566,0.9964803457260132,4.374603271484375,-0.08007574081420898,0.9351854920387268,0.017764518037438393,0.016203664243221283,0.4610443115234375,0.9930623769760132,4.553140640258789,-0.08466911315917969,0.9229957461357117,,,,,,,,,,,,,,,,,,,,,,,,,,,,,,,,,,,,,,,,
ai_018_003_cam_00_frame.0071,train,ai_018_003,71,0.013492252677679062,0.011931265704333782,0.736083984375,0.9978536367416382,2.9216647148132324,0.014296650886535645,0.9571012258529663,0.011149734258651733,0.009643184952437878,0.7868601679801941,0.9978994131088257,2.9824328422546387,0.01588118076324463,0.9578903317451477,0.009993409737944603,0.007970623672008514,0.7958323359489441,0.9979248046875,3.1002800464630127,0.029353618621826172,0.9529446363449097,0.011694543063640594,0.00918722152709961,0.7359568476676941,0.9979757070541382,3.2298965454101562,0.035952210426330566,0.9476287364959717,,,,,,,,,,,,,,,,,,,,,,,,,,,,,,,,,,,,,,,,
ai_018_003_cam_00_frame.0085,train,ai_018_003,85,0.025625472888350487,0.021179554983973503,0.2892507016658783,0.996185302734375,3.466593027114868,-0.052384376525878906,0.8337841033935547,0.019928252324461937,0.017307406291365623,0.3747965693473816,0.9961700439453125,3.5190610885620117,-0.022405624389648438,0.8331436514854431,0.017926089465618134,0.016526222229003906,0.4302876889705658,0.9961293935775757,3.6400997638702393,0.021251440048217773,0.8325802683830261,0.03267105668783188,0.02912236750125885,0.2689463496208191,0.9874624013900757,3.7645070552825928,0.0644688606262207,0.7861955165863037,,,,,,,,,,,,,,,,,,,,,,,,,,,,,,,,,,,,,,,,
ai_018_003_cam_00_frame.0099,train,ai_018_003,99,0.015336970798671246,0.014279790222644806,0.5853933095932007,0.9979909658432007,3.6468634605407715,0.026572227478027344,0.9428582787513733,0.013200879096984863,0.012245225720107555,0.62896728515625,0.9979909658432007,3.7063260078430176,0.028699874877929688,0.9457736015319824,0.015767253935337067,0.014534576795995235,0.5706990957260132,0.9943084716796875,3.832514762878418,0.015275955200195312,0.9234275817871094,0.02035113237798214,0.01856374926865101,0.4564463496208191,0.9941508173942566,3.961509943008423,0.000278472900390625,0.905936598777771,,,,,,,,,,,,,,,,,,,,,,,,,,,,,,,,,,,,,,,,
ai_036_002_cam_00_frame.0000,train,ai_036_002,0,0.058839164674282074,0.049507446587085724,0.355743408203125,0.9641164541244507,3.6718125343322754,-0.30270081758499146,0.8831793069839478,0.051608484238386154,0.043171387165784836,0.3989054560661316,0.970550537109375,3.7329421043395996,-0.2960991859436035,0.8867244720458984,0.043191537261009216,0.03560131415724754,0.4476216733455658,0.9736175537109375,3.8620169162750244,-0.29105663299560547,0.8841981291770935,0.04003993421792984,0.03243909776210785,0.4957427978515625,0.9739837646484375,3.996279716491699,-0.2863006591796875,0.8821102976799011,,,,,,,,,,,,,,,,,,,,,,,,,,,,,,,,,,,,,,,,
ai_036_002_cam_00_frame.0014,train,ai_036_002,14,0.09203576296567917,0.07655372470617294,0.22357177734375,0.9490509033203125,3.827192783355713,-0.5733752250671387,0.8712195158004761,0.08208918571472168,0.06406315416097641,0.3669026792049408,0.9495137929916382,3.9446940422058105,-0.7270588874816895,0.8714969158172607,0.06777241826057434,0.04955087602138519,0.3615264892578125,0.9613596796989441,4.099056243896484,-0.6994380950927734,0.8443049192428589,0.057197462767362595,0.04200485348701477,0.250457763671875,0.9752349853515625,4.2224249839782715,-0.5576038360595703,0.8018375635147095,,,,,,,,,,,,,,,,,,,,,,,,,,,,,,,,,,,,,,,,
ai_036_002_cam_00_frame.0028,train,ai_036_002,28,0.02416965365409851,0.02135343849658966,0.328155517578125,0.9940389394760132,3.6832077503204346,-0.13229942321777344,0.6959103345870972,0.02228277549147606,0.01954243704676628,0.3595174252986908,0.993988037109375,3.7603297233581543,-0.1285686492919922,0.7059592604637146,0.02287035807967186,0.019901739433407784,0.412872314453125,0.98992919921875,3.9205548763275146,-0.12863445281982422,0.7163184285163879,0.0261439960449934,0.022273700684309006,0.444366455078125,0.9880015254020691,4.084353446960449,-0.12447738647460938,0.7115750908851624,,,,,,,,,,,,,,,,,,,,,,,,,,,,,,,,,,,,,,,,
ai_036_002_cam_00_frame.0042,train,ai_036_002,42,0.023329030722379684,0.02183046191930771,0.4489085078239441,0.9966176748275757,3.578925609588623,-0.4320363998413086,0.7858769297599792,0.02088131755590439,0.019279731437563896,0.4889424741268158,0.996673583984375,3.648977279663086,-0.42124080657958984,0.7924426794052124,0.01953580044209957,0.017749052494764328,0.4949900507926941,0.9970652461051941,3.804365634918213,-0.4188838005065918,0.8057976961135864,0.020274918526411057,0.018249616026878357,0.4751027524471283,0.9974467158317566,3.9689481258392334,-0.4203658103942871,0.8094739317893982,,,,,,,,,,,,,,,,,,,,,,,,,,,,,,,,,,,,,,,,
ai_036_002_cam_00_frame.0057,train,ai_036_002,57,0.019986899569630623,0.013510061427950859,0.7015737295150757,0.9907379150390625,3.0880119800567627,-0.18400192260742188,0.8521386384963989,0.017930246889591217,0.01234359573572874,0.7009938955307007,0.9937744140625,3.143669366836548,-0.1779937744140625,0.8511385321617126,0.01755346544086933,0.01382223516702652,0.5513356924057007,0.99786376953125,3.2695651054382324,-0.17332935333251953,0.8185555338859558,0.022493138909339905,0.019414164125919342,0.4162089228630066,0.9917958974838257,3.4075264930725098,-0.18052339553833008,0.7997168898582458,,,,,,,,,,,,,,,,,,,,,,,,,,,,,,,,,,,,,,,,
ai_036_002_cam_00_frame.0071,train,ai_036_002,71,0.028988361358642578,0.025746390223503113,0.3717975616455078,0.9892069101333618,3.8875787258148193,-0.32944202423095703,0.7992287278175354,0.025621993467211723,0.022563394159078598,0.4157786965370178,0.9893442392349243,3.9717295169830322,-0.33217430114746094,0.8143287897109985,0.023885373026132584,0.0209309384226799,0.44606754183769226,0.9897308349609375,4.140199184417725,-0.33597707748413086,0.8293496370315552,0.026587603613734245,0.02348758466541767,0.4347963333129883,0.9811960458755493,4.312757968902588,-0.3319740295410156,0.8251616358757019,,,,,,,,,,,,,,,,,,,,,,,,,,,,,,,,,,,,,,,,
ai_036_002_cam_00_frame.0085,train,ai_036_002,85,0.047379981726408005,0.04205835983157158,0.274566650390625,0.9853159785270691,3.5463345050811768,-0.5157289505004883,0.7641639113426208,0.043149180710315704,0.03825905919075012,0.2820841670036316,0.9913330078125,3.6217763423919678,-0.5183734893798828,0.7743427157402039,0.03848322108387947,0.034134067595005035,0.1837005615234375,0.9919586181640625,3.764206886291504,-0.4884033203125,0.7850192189216614,0.03744262456893921,0.03356757014989853,0.1624603271484375,0.9917399287223816,3.9153127670288086,-0.46235036849975586,0.7961485981941223,,,,,,,,,,,,,,,,,,,,,,,,,,,,,,,,,,,,,,,,
ai_036_002_cam_00_frame.0099,train,ai_036_002,99,0.024931233376264572,0.019427550956606865,0.5016734004020691,0.9882456660270691,3.9357597827911377,-0.14471864700317383,0.7200011014938354,0.021196987479925156,0.016438394784927368,0.5594075918197632,0.9918619990348816,4.009203910827637,-0.1279296875,0.734277069568634,0.02072364091873169,0.017180584371089935,0.4983418881893158,0.9917704463005066,4.161274433135986,-0.1044301986694336,0.7347090244293213,0.02363230288028717,0.020301897078752518,0.38983154296875,0.9917501211166382,4.327540874481201,-0.08720016479492188,0.7317976355552673,,,,,,,,,,,,,,,,,,,,,,,,,,,,,,,,,,,,,,,,
ai_019_007_cam_00_frame.0000,train,ai_019_007,0,0.1364160180091858,0.12851467728614807,0.035186767578125,0.8102773427963257,2.8161299228668213,-0.27655088901519775,0.753689706325531,0.13232633471488953,0.12429963052272797,0.0373992919921875,0.8313497304916382,2.8674941062927246,-0.2725635766983032,0.743646502494812,0.1279900074005127,0.11973343789577484,0.0345102958381176,0.8621114492416382,2.9739511013031006,-0.2572197914123535,0.721798300743103,0.1271616518497467,0.11881747096776962,0.032562255859375,0.8699544668197632,3.0873520374298096,-0.2521466016769409,0.7094733715057373,,,,,,,,,,,,,,,,,,,,,,,,,,,,,,,,,,,,,,,,
ai_024_008_cam_00_frame.0099,train,ai_024_008,99,0.11242666095495224,0.10640137642621994,0.0576578788459301,0.8877360224723816,11.778260231018066,0.451934814453125,0.7822511792182922,0.10662874579429626,0.1001899242401123,0.0803273543715477,0.8927103877067566,12.037067413330078,0.45753002166748047,0.8007849454879761,0.10215072333812714,0.09555879235267639,0.1490224301815033,0.896270751953125,12.411109924316406,0.6027364730834961,0.800929069519043,0.10341569781303406,0.09660592675209045,0.1403045654296875,0.8906453847885132,12.798810958862305,0.7131319046020508,0.7955411076545715,,,,,,,,,,,,,,,,,,,,,,,,,,,,,,,,,,,,,,,,
ai_019_004_cam_00_frame.0000,train,ai_019_004,0,0.07968233525753021,0.07328073680400848,0.166290283203125,0.9429931640625,2.1167428493499756,-0.027137160301208496,0.9123586416244507,0.06804576516151428,0.0628633201122284,0.22271728515625,0.9454142451286316,2.16878604888916,-0.03849172592163086,0.9124694466590881,0.0570315346121788,0.05261604115366936,0.316253662109375,0.9459177851676941,2.2547998428344727,-0.03743410110473633,0.9070719480514526,0.054510921239852905,0.05028768628835678,0.3466135859489441,0.9452718496322632,2.3434925079345703,-0.037915706634521484,0.8999297618865967,,,,,,,,,,,,,,,,,,,,,,,,,,,,,,,,,,,,,,,,
ai_019_004_cam_00_frame.0099,train,ai_019_004,99,0.07611390948295593,0.06983792781829834,0.389923095703125,0.9313100576400757,2.5735952854156494,-0.11804723739624023,0.8447932600975037,0.0680798590183258,0.0621253103017807,0.4941253662109375,0.9351603388786316,2.6281628608703613,-0.12087702751159668,0.8447432518005371,0.06647315621376038,0.06017337366938591,0.5259755849838257,0.9341176748275757,2.749262571334839,-0.1376047134399414,0.8403884768486023,0.07155515998601913,0.06483437120914459,0.3700103759765625,0.932647705078125,2.866251230239868,-0.1448071002960205,0.8330347537994385,,,,,,,,,,,,,,,,,,,,,,,,,,,,,,,,,,,,,,,,
ai_052_008_cam_01_frame.0099,train,ai_052_008,99,0.03344079852104187,0.029208913445472717,0.3493552803993225,0.9815033078193665,3.790811061859131,-0.04544639587402344,0.8599691987037659,0.030069688335061073,0.026184329763054848,0.3688645362854004,0.9833097457885742,3.8655741214752197,-0.04586446285247803,0.8607176542282104,0.02741868980228901,0.024121079593896866,0.4152003228664398,0.9837066531181335,4.012920379638672,-0.04327678680419922,0.8630782961845398,0.03215619921684265,0.02918015792965889,0.324009507894516,0.9820274114608765,4.160590648651123,-0.03867197036743164,0.8760205507278442,,,,,,,,,,,,,,,,,,,,,,,,,,,,,,,,,,,,,,,,
ai_026_013_cam_00_frame.0000,train,ai_026_013,0,0.06168732792139053,0.04241381585597992,0.1585642546415329,0.9832204580307007,19.933698654174805,0.21746158599853516,0.8349705934524536,0.05628294497728348,0.03638561815023422,0.2206827849149704,0.9856821894645691,20.36555290222168,0.19830322265625,0.8370644450187683,0.0539853498339653,0.03438640385866165,0.26904296875,0.9860891103744507,21.3292179107666,0.07267951965332031,0.8358079791069031,0.05630882829427719,0.03869693726301193,0.2465616911649704,0.9853261709213257,22.461767196655273,-0.20461654663085938,0.8340699076652527,,,,,,,,,,,,,,,,,,,,,,,,,,,,,,,,,,,,,,,,
ai_055_006_cam_00_frame.0000,train,ai_055_006,0,0.06303994357585907,0.054398320615291595,0.2217610776424408,0.9560343623161316,4.505159854888916,0.1437060832977295,0.8040070533752441,0.057014308869838715,0.049603015184402466,0.2445322722196579,0.9567057490348816,4.606034755706787,0.12113583087921143,0.8048253655433655,0.051029399037361145,0.04443926364183426,0.3299916684627533,0.9580332636833191,4.79159688949585,0.1023108959197998,0.7971123456954956,0.050511255860328674,0.045002907514572144,0.2759246826171875,0.9573110342025757,4.978372573852539,0.07812690734863281,0.7899085283279419,,,,,,,,,,,,,,,,,,,,,,,,,,,,,,,,,,,,,,,,
ai_054_008_cam_00_frame.0000,train,ai_054_008,0,0.07764063775539398,0.07338782399892807,0.38282233476638794,0.8844731450080872,4.805347919464111,-0.08901596069335938,0.4702131152153015,0.07200159132480621,0.06801452487707138,0.4372612237930298,0.8846766352653503,4.88347864151001,-0.08431053161621094,0.4722297191619873,0.06640444695949554,0.06271942704916,0.5047184824943542,0.8850276470184326,5.041167259216309,-0.07255315780639648,0.4783099293708801,0.0675823837518692,0.06386224180459976,0.4764281213283539,0.8852057456970215,5.212576389312744,-0.06392478942871094,0.47404903173446655,0.09098809957504272,0.08888599276542664,0.11902240663766861,0.9242362380027771,0.7242017984390259,0.08976026624441147,0.08666519075632095,0.056264594197273254,0.9731168150901794,0.48025476932525635,0.077201709151268,0.07543203234672546,0.15701289474964142,0.924399197101593,0.7224530577659607,0.06955190747976303,0.06704369932413101,0.09123988449573517,0.9732797145843506,0.4770187437534332,0.06216396391391754,0.06075859069824219,0.27027833461761475,0.925295352935791,0.7344890832901001,0.04758166894316673,0.04575672745704651,0.27947646379470825,0.9740400314331055,0.48533540964126587,0.06543382257223129,0.06410602480173111,0.27896809577941895,0.9247250556945801,0.7468385100364685,0.04521695524454117,0.043654732406139374,0.3097268044948578,0.9740400314331055,0.48002275824546814
ai_044_009_cam_00_frame.0000,train,ai_044_009,0,0.12322191894054413,0.11296834796667099,0.2105051726102829,0.8557586669921875,4.940235137939453,-0.3195352554321289,0.3729570209980011,0.1172717735171318,0.1076262816786766,0.2720286250114441,0.8557536005973816,5.007251262664795,-0.2977609634399414,0.36667582392692566,0.11047127097845078,0.10160937160253525,0.3624420166015625,0.8557332754135132,5.14033317565918,-0.25927734375,0.3626205623149872,0.1081899031996727,0.10028394311666489,0.3958079218864441,0.8556315302848816,5.2883100509643555,-0.2230854034423828,0.3628236949443817,,,,,,,,,,,,,,,,,,,,,,,,,,,,,,,,,,,,,,,,
ai_052_010_cam_00_frame.0000,train,ai_052_010,0,0.05284745618700981,0.04598609730601311,0.1299794614315033,0.9799652099609375,3.1546919345855713,-0.10877752304077148,0.8212088942527771,0.0441543385386467,0.03878936916589737,0.2162272185087204,0.9825693964958191,3.1920156478881836,-0.07892274856567383,0.8187006115913391,0.03586454689502716,0.03251003473997116,0.3504638671875,0.9824575185775757,3.257514238357544,-0.02880859375,0.8160191774368286,0.03690412640571594,0.03354423865675926,0.2852630615234375,0.9818929433822632,3.335897207260132,0.011721611022949219,0.8060367703437805,,,,,,,,,,,,,,,,,,,,,,,,,,,,,,,,,,,,,,,,
ai_052_004_cam_00_frame.0000,train,ai_052_004,0,0.05069960281252861,0.047073543071746826,0.4175822138786316,0.9506327509880066,5.141470909118652,0.04521322250366211,0.7644561529159546,0.04649001359939575,0.04320288822054863,0.510406494140625,0.9545949697494507,5.242326259613037,0.05104255676269531,0.7603408098220825,0.04696754366159439,0.043560754507780075,0.43359375,0.9564260244369507,5.435564041137695,0.0623784065246582,0.75213223695755,0.05124302953481674,0.047392189502716064,0.3338826596736908,0.9562835693359375,5.6470136642456055,0.07014584541320801,0.737162709236145,,,,,,,,,,,,,,,,,,,,,,,,,,,,,,,,,,,,,,,,
ai_053_018_cam_00_frame.0000,train,ai_053_018,0,0.14558686316013336,0.12154697626829147,0.051488395780324936,0.8417248725891113,4.414933204650879,-0.25956296920776367,0.9476383924484253,0.12737029790878296,0.10426809638738632,0.20380695164203644,0.8418011665344238,4.529491901397705,-0.2683091163635254,0.9478614330291748,0.11021070927381516,0.08939144760370255,0.14591430127620697,0.8420300483703613,4.70875883102417,-0.2744317054748535,0.9455499053001404,0.10106493532657623,0.07966852188110352,0.1450597196817398,0.8760555386543274,4.91712760925293,-0.3090066909790039,0.9427553415298462,,,,,,,,,,,,,,,,,,,,,,,,,,,,,,,,,,,,,,,,
ai_054_006_cam_00_frame.0000,train,ai_054_006,0,0.035545386373996735,0.031866416335105896,0.4802602231502533,0.971771240234375,3.296546459197998,0.03090667724609375,0.7885097861289978,0.03044765256345272,0.027333687990903854,0.555572509765625,0.9736226797103882,3.3594603538513184,0.03318190574645996,0.793517529964447,0.03050132654607296,0.027593329548835754,0.4834086298942566,0.9757029414176941,3.491913318634033,0.04250025749206543,0.799489438533783,0.0351233184337616,0.031847670674324036,0.4074859619140625,0.9736277461051941,3.618044137954712,0.05080258846282959,0.7918817400932312,,,,,,,,,,,,,,,,,,,,,,,,,,,,,,,,,,,,,,,,
ai_008_004_cam_00_frame.0000,train,ai_008_004,0,0.016788285225629807,0.015713918954133987,0.6529744863510132,0.99456787109375,2.0457310676574707,0.031035423278808594,0.8806471824645996,0.012864271178841591,0.011916324496269226,0.7034912109375,0.9942525625228882,2.081970453262329,0.030608415603637695,0.8812604546546936,0.010747695341706276,0.009640965610742569,0.8428701162338257,0.9934946894645691,2.1628823280334473,0.027246713638305664,0.8653997778892517,0.013220340013504028,0.011696189641952515,0.7601470947265625,0.9933370351791382,2.245551109313965,0.03675103187561035,0.8565443158149719,,,,,,,,,,,,,,,,,,,,,,,,,,,,,,,,,,,,,,,,
ai_027_009_cam_02_frame.0099,train,ai_027_009,99,0.03395581617951393,0.030936866998672485,0.3335825800895691,0.9806773066520691,1.984639048576355,0.004193782806396484,0.908973753452301,0.028132682666182518,0.025193389505147934,0.42437744140625,0.9807637929916382,2.0212154388427734,0.007835030555725098,0.9119260907173157,0.026427319273352623,0.02373124659061432,0.4426727294921875,0.9802703857421875,2.1006016731262207,0.008802413940429688,0.9072738289833069,0.03135446086525917,0.028892818838357925,0.2829945981502533,0.9805552363395691,2.1796762943267822,0.005932331085205078,0.9040879011154175,,,,,,,,,,,,,,,,,,,,,,,,,,,,,,,,,,,,,,,,
ai_048_007_cam_00_frame.0001,train,ai_048_007,1,0.03447222709655762,0.032117024064064026,0.3671875,0.97943115234375,2.4423182010650635,-0.04738020896911621,0.9110771417617798,0.026827972382307053,0.024919163435697556,0.4713389277458191,0.9818369746208191,2.4932992458343506,-0.047608375549316406,0.9153269529342651,0.023605041205883026,0.02147715538740158,0.5810801386833191,0.98260498046875,2.577903985977173,-0.04123687744140625,0.9148421287536621,0.028169196099042892,0.025680556893348694,0.4264678955078125,0.9827067255973816,2.676095724105835,-0.03642749786376953,0.9097113013267517,,,,,,,,,,,,,,,,,,,,,,,,,,,,,,,,,,,,,,,,
ai_002_003_cam_00_frame.0000,train,ai_002_003,0,0.036233242601156235,0.03392084687948227,0.4778289794921875,0.9690755605697632,3.740361452102661,-0.04843175411224365,0.8476970195770264,0.030652329325675964,0.02879124879837036,0.5833944082260132,0.9679057002067566,3.8092856407165527,-0.044413089752197266,0.8520053029060364,0.02857222780585289,0.027012571692466736,0.6072286367416382,0.9663442373275757,3.9568119049072266,-0.03738069534301758,0.8480027318000793,0.03314761817455292,0.031185662373900414,0.4637451171875,0.9650014638900757,4.112076282501221,-0.030461549758911133,0.8317452669143677,,,,,,,,,,,,,,,,,,,,,,,,,,,,,,,,,,,,,,,,
ai_044_006_cam_01_frame.0099,train,ai_044_006,99,0.04723314195871353,0.042153798043727875,0.23886427283287048,0.9805693626403809,5.329730033874512,-0.22762012481689453,0.7433211207389832,0.04038035124540329,0.03522825613617897,0.29700857400894165,0.9809050559997559,5.402494430541992,-0.20699024200439453,0.7570604085922241,0.034166861325502396,0.028227047994732857,0.38706591725349426,0.981840968132019,5.549292087554932,-0.16509532928466797,0.7583471536636353,0.03429426625370979,0.027997728437185287,0.33530521392822266,0.9827463626861572,5.736778736114502,-0.1687173843383789,0.7469966411590576,,,,,,,,,,,,,,,,,,,,,,,,,,,,,,,,,,,,,,,,
ai_027_005_cam_00_frame.0000,train,ai_027_005,0,0.06789571046829224,0.0603303387761116,0.3523101806640625,0.9260457754135132,9.022056579589844,-0.40348148345947266,0.8303540945053101,0.06318269670009613,0.056836336851119995,0.3723958432674408,0.9349416494369507,9.270952224731445,-0.4744997024536133,0.8309524655342102,0.064473457634449,0.05851833149790764,0.3206939697265625,0.936767578125,9.661874771118164,-0.5212669372558594,0.831100344657898,0.07161600887775421,0.06555460393428802,0.2472585141658783,0.9322509765625,10.070592880249023,-0.5248785018920898,0.8277062177658081,,,,,,,,,,,,,,,,,,,,,,,,,,,,,,,,,,,,,,,,
ai_034_003_cam_00_frame.0000,train,ai_034_003,0,0.03149395063519478,0.02893492393195629,0.3349711298942566,0.982574462890625,5.758544445037842,-0.17699050903320312,0.8508821129798889,0.026540478691458702,0.02406906709074974,0.4730122983455658,0.9822845458984375,5.882945537567139,-0.18561744689941406,0.8503350615501404,0.026148002594709396,0.023598244413733482,0.5623372793197632,0.9806620478630066,6.1179518699646,-0.17652368545532227,0.8343584537506104,0.030048063024878502,0.02727559767663479,0.4903920590877533,0.9802195429801941,6.350643634796143,-0.16557693481445312,0.8244089484214783,,,,,,,,,,,,,,,,,,,,,,,,,,,,,,,,,,,,,,,,
ai_045_005_cam_03_frame.0099,train,ai_045_005,99,0.08648612350225449,0.07721909880638123,0.16583251953125,0.9179534912109375,2.0227487087249756,-0.06146407127380371,0.9112001061439514,0.08483746647834778,0.07697474956512451,0.1636759489774704,0.917724609375,2.075491189956665,-0.07928705215454102,0.9160491824150085,0.07781284302473068,0.07020262628793716,0.173004150390625,0.9172567129135132,2.155366897583008,-0.07726860046386719,0.9112640023231506,0.07248394191265106,0.06512798368930817,0.1851654052734375,0.9397837519645691,2.250823736190796,-0.09105086326599121,0.8526725769042969,,,,,,,,,,,,,,,,,,,,,,,,,,,,,,,,,,,,,,,,
ai_009_001_cam_00_frame.0099,train,ai_009_001,99,0.036844272166490555,0.0341438464820385,0.3976272642612457,0.976309597492218,5.310385227203369,-0.045755863189697266,0.7761706709861755,0.029753191396594048,0.027422567829489708,0.5107747912406921,0.9755291938781738,5.397841930389404,-0.034949541091918945,0.7740514874458313,0.02979421429336071,0.027256391942501068,0.5063456892967224,0.9747488498687744,5.588640213012695,-0.026182174682617188,0.7724863290786743,0.03574269637465477,0.032839808613061905,0.4032532572746277,0.9737153649330139,5.785808563232422,-0.018962860107421875,0.771259605884552,,,,,,,,,,,,,,,,,,,,,,,,,,,,,,,,,,,,,,,,
ai_055_002_cam_01_frame.0099,train,ai_055_002,99,0.03727756068110466,0.033517103642225266,0.3688812255859375,0.9786173701286316,3.2915945053100586,0.009064674377441406,0.5476677417755127,0.032903220504522324,0.029374703764915466,0.410980224609375,0.9788970947265625,3.3494226932525635,0.012135505676269531,0.5511943101882935,0.029934708029031754,0.027089595794677734,0.361663818359375,0.979248046875,3.467142343521118,0.005832672119140625,0.5465533137321472,0.03311912715435028,0.0300193652510643,0.3390350341796875,0.984222412109375,3.5912694931030273,0.006992816925048828,0.5313311815261841,,,,,,,,,,,,,,,,,,,,,,,,,,,,,,,,,,,,,,,,
ai_044_002_cam_01_frame.0099,train,ai_044_002,99,0.07728506624698639,0.023469092324376106,0.36246955394744873,0.9936308264732361,6.312255382537842,-0.15576839447021484,0.8000786900520325,0.07417599111795425,0.01831141673028469,0.46914854645729065,0.9954469203948975,6.428196907043457,-0.1482696533203125,0.8052019476890564,0.07422764599323273,0.020926613360643387,0.37500444054603577,0.994861900806427,6.657599925994873,-0.12614154815673828,0.8002118468284607,0.077688068151474,0.02941109985113144,0.2058696299791336,0.9934883713722229,6.903759956359863,-0.11275959014892578,0.7878616452217102,,,,,,,,,,,,,,,,,,,,,,,,,,,,,,,,,,,,,,,,
ai_043_002_cam_00_frame.0000,val,ai_043_002,0,0.017125023528933525,0.015781667083501816,0.48805221915245056,0.994186282157898,3.277914047241211,0.030341148376464844,0.8729099631309509,0.016987159848213196,0.01557871326804161,0.4966786205768585,0.9942677021026611,3.331717014312744,0.03541755676269531,0.8682783246040344,0.017872193828225136,0.016404416412115097,0.5232800245285034,0.9940540790557861,3.456801652908325,0.035219669342041016,0.8570041060447693,0.01951463334262371,0.017879165709018707,0.5239819288253784,0.994028627872467,3.59017014503479,0.03312873840332031,0.8497474789619446,,,,,,,,,,,,,,,,,,,,,,,,,,,,,,,,,,,,,,,,
ai_043_002_cam_00_frame.0014,val,ai_043_002,14,0.01547449640929699,0.013851635158061981,0.5770372748374939,0.9941099882125854,3.950791120529175,0.020669937133789062,0.911017656326294,0.01469456311315298,0.013056370429694653,0.6572586297988892,0.994303286075592,4.032309055328369,0.007823467254638672,0.9066226482391357,0.015542523935437202,0.013744059018790722,0.6710171103477478,0.994272768497467,4.198439121246338,-0.0016782283782958984,0.9002631306648254,0.017899304628372192,0.015833988785743713,0.5175070762634277,0.9936420917510986,4.3639349937438965,-0.003444671630859375,0.8885729908943176,,,,,,,,,,,,,,,,,,,,,,,,,,,,,,,,,,,,,,,,
ai_043_002_cam_00_frame.0028,val,ai_043_002,28,0.033904314041137695,0.031036293134093285,0.3397118151187897,0.990376353263855,2.9751064777374268,-0.056212425231933594,0.7978900074958801,0.034944526851177216,0.03218618780374527,0.2328597903251648,0.9907680153846741,3.0145580768585205,-0.03484344482421875,0.7982258796691895,0.03858240693807602,0.03543469309806824,0.16065697371959686,0.9905747771263123,3.12131667137146,-0.001730799674987793,0.7955196499824524,0.0423993319272995,0.03841620311141014,0.14115026593208313,0.9906612038612366,3.242821455001831,0.030954837799072266,0.7904356718063354,,,,,,,,,,,,,,,,,,,,,,,,,,,,,,,,,,,,,,,,
ai_043_002_cam_00_frame.0042,val,ai_043_002,42,0.021413354203104973,0.020191289484500885,0.23461253941059113,0.994094729423523,3.815425157546997,0.021911144256591797,0.8217293620109558,0.021891042590141296,0.02061104029417038,0.23523306846618652,0.9942371249198914,3.889132499694824,0.016223669052124023,0.8230124115943909,0.023867269977927208,0.022406840696930885,0.22637267410755157,0.994277834892273,4.041616439819336,0.012431621551513672,0.8254534006118774,0.025796426460146904,0.02417176030576229,0.23019759356975555,0.994338870048523,4.199736595153809,0.011668920516967773,0.8257587552070618,,,,,,,,,,,,,,,,,,,,,,,,,,,,,,,,,,,,,,,,
ai_043_002_cam_00_frame.0057,val,ai_043_002,57,0.05382842943072319,0.04812195897102356,0.24738429486751556,0.9824263453483582,1.775354266166687,0.0726468563079834,0.8000993728637695,0.053414735943078995,0.047590650618076324,0.2597850561141968,0.9829044938087463,1.8088405132293701,0.07155799865722656,0.7949094176292419,0.053266484290361404,0.0471140593290329,0.26295390725135803,0.9831537008285522,1.8742523193359375,0.0662531852722168,0.7843100428581238,0.054036375135183334,0.04799340292811394,0.2722366750240326,0.9800357222557068,1.9471676349639893,0.042571067810058594,0.7719368934631348,,,,,,,,,,,,,,,,,,,,,,,,,,,,,,,,,,,,,,,,
ai_043_002_cam_00_frame.0071,val,ai_043_002,71,0.2954651713371277,0.06603439897298813,0.077789306640625,0.9875692129135132,2.3136022090911865,-0.31658875942230225,0.8911376595497131,0.2937893867492676,0.0689285397529602,0.0682322233915329,0.9875997304916382,2.351653814315796,-0.3118872046470642,0.8914723992347717,0.31868982315063477,0.09605195373296738,0.0217997245490551,0.9692026972770691,2.4210476875305176,-0.3262409567832947,0.8878771662712097,0.367558091878891,0.13916268944740295,0.01537068746984005,0.8794505000114441,2.4702372550964355,-0.3621569871902466,0.7438745498657227,,,,,,,,,,,,,,,,,,,,,,,,,,,,,,,,,,,,,,,,
ai_043_002_cam_00_frame.0085,val,ai_043_002,85,0.026652831584215164,0.023193828761577606,0.3411661982536316,0.99530029296875,2.902491807937622,-0.10911047458648682,0.8450196981430054,0.02584151178598404,0.022429799661040306,0.348724365234375,0.9952799677848816,2.963240146636963,-0.11013245582580566,0.8504802584648132,0.02568693272769451,0.022226236760616302,0.3730061948299408,0.9951833486557007,3.087770462036133,-0.11014652252197266,0.843603789806366,0.02548718824982643,0.021937837824225426,0.4139760434627533,0.99517822265625,3.213247537612915,-0.11233377456665039,0.8386086225509644,,,,,,,,,,,,,,,,,,,,,,,,,,,,,,,,,,,,,,,,
ai_043_002_cam_00_frame.0099,val,ai_043_002,99,0.02623533457517624,0.023257313296198845,0.36164534091949463,0.9919230341911316,3.344165086746216,-0.029371976852416992,0.8610747456550598,0.026939449831843376,0.023941101506352425,0.2732914090156555,0.9919484257698059,3.4086244106292725,-0.03126788139343262,0.8603254556655884,0.02896077185869217,0.025538811460137367,0.22570917010307312,0.9919891357421875,3.5452566146850586,-0.03934669494628906,0.8561627864837646,0.03049350716173649,0.027433481067419052,0.26669448614120483,0.991058349609375,3.679119825363159,-0.022494077682495117,0.8488054871559143,,,,,,,,,,,,,,,,,,,,,,,,,,,,,,,,,,,,,,,,
ai_047_001_cam_00_frame.0000,val,ai_047_001,0,0.09772995114326477,0.08801865577697754,0.0953877791762352,0.9541982412338257,3.506412982940674,-0.0809774398803711,0.862591564655304,0.09848054498434067,0.08838067948818207,0.0818125456571579,0.9508718252182007,3.5656015872955322,-0.06845760345458984,0.8590826988220215,0.10132777690887451,0.09057877957820892,0.079315185546875,0.9488576650619507,3.6953234672546387,-0.046149253845214844,0.8465907573699951,0.10413558781147003,0.09267433732748032,0.0747121199965477,0.9460856318473816,3.8394336700439453,-0.02577793598175049,0.8438600897789001,,,,,,,,,,,,,,,,,,,,,,,,,,,,,,,,,,,,,,,,
ai_047_001_cam_00_frame.0014,val,ai_047_001,14,0.10284197330474854,0.08353795856237411,0.0785725936293602,0.9466959834098816,3.111940383911133,0.022138595581054688,0.8339341282844543,0.09910720586776733,0.08209988474845886,0.073822021484375,0.9466552734375,3.1562435626983643,0.047576069831848145,0.8176727294921875,0.09612183272838593,0.0819227546453476,0.0775807723402977,0.9492034912109375,3.249760866165161,0.08399105072021484,0.776115894317627,0.09634029865264893,0.08389429748058319,0.0868733748793602,0.950653076171875,3.3596410751342773,0.11435437202453613,0.7351816892623901,,,,,,,,,,,,,,,,,,,,,,,,,,,,,,,,,,,,,,,,
ai_047_001_cam_00_frame.0028,val,ai_047_001,28,0.1147814393043518,0.11146514117717743,0.0546162948012352,0.9398600459098816,3.6936724185943604,0.3351379632949829,0.8595552444458008,0.11333531141281128,0.10985827445983887,0.0555267333984375,0.9411417841911316,3.758523941040039,0.32746899127960205,0.8537614345550537,0.11150744557380676,0.10752791166305542,0.0573221854865551,0.940887451171875,3.89098858833313,0.3125232458114624,0.8225298523902893,0.11062443256378174,0.1060914397239685,0.0539042167365551,0.9380442500114441,4.013967037200928,0.30907154083251953,0.7962859869003296,,,,,,,,,,,,,,,,,,,,,,,,,,,,,,,,,,,,,,,,
ai_047_001_cam_00_frame.0042,val,ai_047_001,42,0.13187822699546814,0.12231578677892685,0.0345560722053051,0.9574127197265625,3.43461012840271,0.3723897933959961,0.8760395050048828,0.1333785355091095,0.122700035572052,0.0324859619140625,0.9476369619369507,3.478787899017334,0.4127068519592285,0.8737388253211975,0.1365528106689453,0.12376778572797775,0.0327962264418602,0.9313405752182007,3.586029291152954,0.47420740127563477,0.8683189153671265,0.13836956024169922,0.12374560534954071,0.0292917899787426,0.9164581298828125,3.705840826034546,0.5169210433959961,0.8570266962051392,0.06728290021419525,0.06628545373678207,0.037353515625,0.9814995527267456,0.8538358211517334,0.08108149468898773,0.07978402823209763,0.0464952252805233,0.9826931357383728,0.7584583163261414,0.06697458773851395,0.06586595624685287,0.0384385846555233,0.982286274433136,0.8504056334495544,0.08185562491416931,0.08042240887880325,0.0526258684694767,0.9822590947151184,0.7693453431129456,0.07009512931108475,0.06876097619533539,0.0542534738779068,0.983018696308136,0.843451976776123,0.08556400239467621,0.08402363210916519,0.0448676235973835,0.982530415058136,0.7840455174446106,0.07465226203203201,0.07315019518136978,0.0407443568110466,0.9829915165901184,0.8297736048698425,0.08753816783428192,0.08578414469957352,0.0456271693110466,0.9820963740348816,0.7865939140319824
ai_047_001_cam_00_frame.0057,val,ai_047_001,57,0.09885740280151367,0.08998223394155502,0.0649159774184227,0.9483999013900757,3.1352906227111816,0.00594782829284668,0.857309877872467,0.09756432473659515,0.08882097899913788,0.0699971541762352,0.9484710693359375,3.191554546356201,0.01808309555053711,0.8572826981544495,0.09787808358669281,0.08954481780529022,0.0803985595703125,0.9433746337890625,3.2851064205169678,0.05510532855987549,0.8481067419052124,0.10142814368009567,0.09267225116491318,0.07757568359375,0.9332427978515625,3.3919901847839355,0.047026872634887695,0.8292896151542664,,,,,,,,,,,,,,,,,,,,,,,,,,,,,,,,,,,,,,,,
ai_047_001_cam_00_frame.0071,val,ai_047_001,71,0.11447465419769287,0.10879087448120117,0.0605316162109375,0.909912109375,3.1954855918884277,0.0913996696472168,0.8694890737533569,0.11787416785955429,0.1122552677989006,0.0545806884765625,0.9146525263786316,3.2681493759155273,0.0815742015838623,0.8689489364624023,0.12174557149410248,0.11594917625188828,0.0456390380859375,0.9174346923828125,3.409557342529297,0.06865692138671875,0.8604281544685364,0.12376929819583893,0.11743562668561935,0.042633056640625,0.9121653437614441,3.5418312549591064,0.07317852973937988,0.8433728218078613,,,,,,,,,,,,,,,,,,,,,,,,,,,,,,,,,,,,,,,,
ai_047_001_cam_00_frame.0085,val,ai_047_001,85,0.10332189500331879,0.09814401715993881,0.0762736052274704,0.929351806640625,3.6201303005218506,0.05609464645385742,0.8053218126296997,0.10370155423879623,0.09853529930114746,0.07421875,0.9285380244255066,3.679349184036255,0.05703592300415039,0.8036468625068665,0.10440920293331146,0.09919779002666473,0.0691274031996727,0.9284006953239441,3.8053250312805176,0.05500316619873047,0.7943769693374634,0.10586624592542648,0.1004839688539505,0.0655873641371727,0.9288279414176941,3.935795545578003,0.05827951431274414,0.7815925478935242,,,,,,,,,,,,,,,,,,,,,,,,,,,,,,,,,,,,,,,,
ai_047_001_cam_00_frame.0099,val,ai_047_001,99,0.13065189123153687,0.12409913539886475,0.0617116317152977,0.78851318359375,2.9480667114257812,0.19604110717773438,0.9164124131202698,0.13027343153953552,0.1238754391670227,0.05792236328125,0.7890828847885132,2.9948947429656982,0.20269298553466797,0.9124924540519714,0.12995672225952148,0.1233624517917633,0.0558013916015625,0.8065897822380066,3.1029062271118164,0.21636247634887695,0.904849112033844,0.12910319864749908,0.12198363989591599,0.0555572509765625,0.8306986689567566,3.2153232097625732,0.2265167236328125,0.8832876086235046,,,,,,,,,,,,,,,,,,,,,,,,,,,,,,,,,,,,,,,,
ai_046_001_cam_00_frame.0000,test,ai_046_001,0,0.05675405263900757,0.052413519471883774,0.2591298520565033,0.9619089961051941,4.554825305938721,0.052883148193359375,0.8150812983512878,0.058054208755493164,0.05368614196777344,0.2722981870174408,0.9618428945541382,4.654252529144287,0.045841217041015625,0.8104309439659119,0.060976892709732056,0.05655589699745178,0.2625732421875,0.9627736806869507,4.851325035095215,0.0391087532043457,0.81006920337677,0.06451776623725891,0.060012947767972946,0.241302490234375,0.9615987539291382,5.06764554977417,0.038220882415771484,0.8038766384124756,0.08117280155420303,0.07850915938615799,0.1107855886220932,0.90966796875,0.9078150987625122,0.09067538380622864,0.0874801054596901,0.1553819477558136,0.87890625,0.8518447875976562,0.08293751627206802,0.08026397228240967,0.1166449636220932,0.9088270664215088,0.9080497026443481,0.09148916602134705,0.08825980871915817,0.1829969584941864,0.8772243857383728,0.8522676825523376,0.08451613038778305,0.08182806521654129,0.1151801198720932,0.9162055253982544,0.9063528776168823,0.09290758520364761,0.08958621323108673,0.1973198801279068,0.875108540058136,0.8555324673652649,0.08927229046821594,0.08652114123106003,0.1149359792470932,0.917833149433136,0.8964881896972656,0.09807074069976807,0.09458523243665695,0.1898871511220932,0.8740234375,0.8474863171577454
ai_046_001_cam_00_frame.0014,test,ai_046_001,14,0.05806684494018555,0.05206848680973053,0.2267303466796875,0.9557342529296875,4.12278413772583,0.09577345848083496,0.7947311997413635,0.05843198299407959,0.05220897123217583,0.2242787778377533,0.9589945673942566,4.205709934234619,0.10417842864990234,0.7905976176261902,0.05992346256971359,0.054040323942899704,0.2317962646484375,0.9589589834213257,4.3857808113098145,0.08855152130126953,0.783124566078186,0.06260036677122116,0.05679250881075859,0.2283935546875,0.9564158320426941,4.574666500091553,0.07930564880371094,0.7768868207931519,,,,,,,,,,,,,,,,,,,,,,,,,,,,,,,,,,,,,,,,
ai_046_001_cam_00_frame.0028,test,ai_046_001,28,0.026389991864562035,0.022091422230005264,0.4256032407283783,0.9983978271484375,3.3000495433807373,0.11285543441772461,0.8231861591339111,0.028874298557639122,0.024252060800790787,0.3990834653377533,0.9983775019645691,3.3510000705718994,0.12348461151123047,0.8282164931297302,0.03397364169359207,0.027996059507131577,0.3765360713005066,0.9984182119369507,3.4583075046539307,0.156768798828125,0.8162757754325867,0.03868437185883522,0.03081016056239605,0.3643086850643158,0.9984639883041382,3.5639686584472656,0.19019365310668945,0.8038787841796875,,,,,,,,,,,,,,,,,,,,,,,,,,,,,,,,,,,,,,,,
ai_046_001_cam_00_frame.0042,test,ai_046_001,42,0.01867104321718216,0.01678432524204254,0.5944976806640625,0.9930216670036316,3.667832851409912,-0.022457361221313477,0.846092939376831,0.019425392150878906,0.01752709224820137,0.5576324462890625,0.9929097890853882,3.7302985191345215,-0.020195484161376953,0.8408306241035461,0.02178908698260784,0.019739536568522453,0.4564971923828125,0.9927317500114441,3.8639159202575684,-0.01987171173095703,0.8301680684089661,0.025247832760214806,0.02287721261382103,0.4162801206111908,0.9923604726791382,4.004999160766602,-0.019225120544433594,0.8125119805335999,,,,,,,,,,,,,,,,,,,,,,,,,,,,,,,,,,,,,,,,
ai_046_001_cam_00_frame.0057,test,ai_046_001,57,0.13113008439540863,0.11944705247879028,0.13970947265625,0.8675079345703125,2.4198763370513916,-0.23584270477294922,0.7742809653282166,0.12941090762615204,0.11815808713436127,0.1606292724609375,0.8711497187614441,2.4559876918792725,-0.22241830825805664,0.7711986303329468,0.12869367003440857,0.11821373552083969,0.1901397705078125,0.86993408203125,2.518608808517456,-0.19571208953857422,0.7660123705863953,0.12908318638801575,0.11924450844526291,0.1859537810087204,0.8628286123275757,2.576869249343872,-0.16620159149169922,0.7629926204681396,,,,,,,,,,,,,,,,,,,,,,,,,,,,,,,,,,,,,,,,
ai_046_001_cam_00_frame.0071,test,ai_046_001,71,0.044504325836896896,0.04026876017451286,0.1082967147231102,0.9741007685661316,3.8320071697235107,-0.07973480224609375,0.7387630939483643,0.04228704422712326,0.03883226215839386,0.1431833952665329,0.9734751582145691,3.887906074523926,-0.05281543731689453,0.7348692417144775,0.04058993607759476,0.03770659863948822,0.255615234375,0.9731547236442566,4.010239124298096,-0.010376453399658203,0.7320278286933899,0.041507571935653687,0.03874322399497032,0.2530263364315033,0.9722036123275757,4.143792629241943,0.00965261459350586,0.7306143045425415,,,,,,,,,,,,,,,,,,,,,,,,,,,,,,,,,,,,,,,,
ai_046_001_cam_00_frame.0085,test,ai_046_001,85,0.10770570486783981,0.09848587214946747,0.26531982421875,0.891998291015625,2.6561036109924316,-0.1751612424850464,0.7307823896408081,0.10842430591583252,0.09923471510410309,0.2325490415096283,0.8886312246322632,2.697751045227051,-0.1764841079711914,0.7291356921195984,0.11015873402357101,0.10141274333000183,0.1617177426815033,0.8847249746322632,2.77746319770813,-0.15891051292419434,0.7268245816230774,0.1126866564154625,0.10419625043869019,0.1202952116727829,0.87786865234375,2.8616671562194824,-0.1424088478088379,0.7235416769981384,,,,,,,,,,,,,,,,,,,,,,,,,,,,,,,,,,,,,,,,
ai_046_001_cam_00_frame.0099,test,ai_046_001,99,0.03338225185871124,0.028678666800260544,0.7166087031364441,0.9747314453125,3.59236478805542,-0.07349872589111328,0.878513753414154,0.03326518088579178,0.028866063803434372,0.7339121699333191,0.9742940664291382,3.655445098876953,-0.06668758392333984,0.876697838306427,0.035088784992694855,0.031068816781044006,0.68023681640625,0.9710235595703125,3.783259391784668,-0.048841238021850586,0.8662296533584595,0.0386393666267395,0.034677039831876755,0.5795542597770691,0.9624888300895691,3.9178247451782227,-0.037320852279663086,0.855170726776123,,,,,,,,,,,,,,,,,,,,,,,,,,,,,,,,,,,,,,,,
ai_050_001_cam_00_frame.0000,test,ai_050_001,0,0.09292417764663696,0.09083867073059082,0.03081258200109005,0.9918619990348816,2.9791476726531982,0.1568460464477539,0.8790075182914734,0.09234414994716644,0.09025588631629944,0.02707417868077755,0.9917399287223816,3.0318241119384766,0.16112017631530762,0.8758787512779236,0.09133832156658173,0.08900736272335052,0.0273081474006176,0.9911092519760132,3.1472625732421875,0.17712640762329102,0.8657400012016296,0.09089599549770355,0.08816492557525635,0.0278269462287426,0.9908854365348816,3.267909526824951,0.18884801864624023,0.8407275080680847,,,,,,,,,,,,,,,,,,,,,,,,,,,,,,,,,,,,,,,,
ai_050_001_cam_00_frame.0014,test,ai_050_001,14,0.08596907556056976,0.08434079587459564,0.0770111083984375,0.9725087881088257,3.159705638885498,0.40058469772338867,0.8705061078071594,0.08541075885295868,0.08367829769849777,0.0895894393324852,0.9747518301010132,3.216611385345459,0.3994779586791992,0.8665119409561157,0.0845499038696289,0.08237314969301224,0.1137644499540329,0.9768270254135132,3.339756965637207,0.39289379119873047,0.8516106605529785,0.08376546949148178,0.08091948926448822,0.1253153532743454,0.9792327880859375,3.4648916721343994,0.3819916248321533,0.8262768983840942,,,,,,,,,,,,,,,,,,,,,,,,,,,,,,,,,,,,,,,,
ai_050_001_cam_00_frame.0028,test,ai_050_001,28,0.14250962436199188,0.12980619072914124,0.027801513671875,0.9580841064453125,2.5181074142456055,-0.008007645606994629,0.8679590225219727,0.13909655809402466,0.12647727131843567,0.017303466796875,0.9598236083984375,2.5626108646392822,-0.00982639193534851,0.849250078201294,0.13360050320625305,0.12085630744695663,0.0128021240234375,0.964996337890625,2.6552236080169678,-0.0008404850959777832,0.8096883296966553,0.1307901293039322,0.11686118692159653,0.01962788961827755,0.9637705683708191,2.748800039291382,0.010279715061187744,0.7856979370117188,,,,,,,,,,,,,,,,,,,,,,,,,,,,,,,,,,,,,,,,
ai_050_001_cam_00_frame.0042,test,ai_050_001,42,0.044454775750637054,0.03997711092233658,0.2890726923942566,0.988372802734375,2.754270076751709,0.4282255172729492,0.7916865944862366,0.04415116459131241,0.03952035307884216,0.2823842465877533,0.9882456660270691,2.7973430156707764,0.42765235900878906,0.7954192161560059,0.04381741210818291,0.038787148892879486,0.2663726806640625,0.9881643056869507,2.889599323272705,0.4225478172302246,0.8134251236915588,0.04455766826868057,0.03904975205659866,0.2703450620174408,0.9865926504135132,2.9875824451446533,0.42532968521118164,0.8165385127067566,,,,,,,,,,,,,,,,,,,,,,,,,,,,,,,,,,,,,,,,
ai_050_001_cam_00_frame.0057,test,ai_050_001,57,0.05664030835032463,0.054873988032341,0.1309611052274704,0.9980723261833191,2.6855077743530273,0.38431882858276367,0.889880895614624,0.05770037695765495,0.0560525618493557,0.1263427734375,0.9974467158317566,2.733804702758789,0.39138031005859375,0.8891748785972595,0.05982031673192978,0.057928718626499176,0.1270955502986908,0.9944102168083191,2.837318181991577,0.401320219039917,0.8718852996826172,0.062004491686820984,0.059637367725372314,0.1240183562040329,0.9940694570541382,2.946347236633301,0.40630292892456055,0.8352224826812744,,,,,,,,,,,,,,,,,,,,,,,,,,,,,,,,,,,,,,,,
ai_050_001_cam_00_frame.0071,test,ai_050_001,71,0.08032340556383133,0.07560959458351135,0.002532958984375,0.9934133291244507,2.8026177883148193,0.00461125373840332,0.8262184262275696,0.08110224455595016,0.0765404999256134,0.0028432211838662624,0.9929250478744507,2.8474318981170654,0.00787341594696045,0.8172666430473328,0.08192016929388046,0.07705596089363098,0.0028788249474018812,0.9767405390739441,2.9506895542144775,0.030887842178344727,0.8106529116630554,0.08223329484462738,0.07698903232812881,0.00225830078125,0.9788411855697632,3.060231924057007,0.008249521255493164,0.806380033493042,,,,,,,,,,,,,,,,,,,,,,,,,,,,,,,,,,,,,,,,
ai_050_001_cam_00_frame.0085,test,ai_050_001,85,0.05868668481707573,0.051615603268146515,0.17547607421875,0.97906494140625,3.4324283599853516,-0.14026832580566406,0.8329591751098633,0.055908553302288055,0.049314096570014954,0.1871287077665329,0.9796346426010132,3.4938690662384033,-0.12764930725097656,0.8317532539367676,0.052384670823812485,0.046291783452034,0.1901143491268158,0.9789072871208191,3.6196351051330566,-0.10083961486816406,0.8278529047966003,0.05173325538635254,0.04489559680223465,0.24578857421875,0.9781596064567566,3.7563462257385254,-0.08639049530029297,0.8102021217346191,,,,,,,,,,,,,,,,,,,,,,,,,,,,,,,,,,,,,,,,
ai_050_001_cam_00_frame.0099,test,ai_050_001,99,0.05924566835165024,0.05255310982465744,0.12310791015625,0.9828745722770691,3.322300672531128,0.017716526985168457,0.8122484683990479,0.05986691638827324,0.05313779041171074,0.1338958740234375,0.9828542470932007,3.374451160430908,0.026279449462890625,0.8051232695579529,0.06088469177484512,0.053933363407850266,0.1568094938993454,0.9801483154296875,3.487534284591675,0.03919076919555664,0.7999849319458008,0.062252938747406006,0.05485741049051285,0.1772104948759079,0.9800872802734375,3.607215642929077,0.05249595642089844,0.7878890037536621,,,,,,,,,,,,,,,,,,,,,,,,,,,,,,,,,,,,,,,,
ai_052_005_cam_01_frame.0099,train,ai_052_005,99,0.2032129019498825,0.1874934732913971,0.0972696989774704,0.789794921875,7.098677158355713,0.1805877685546875,0.6145869493484497,0.1960306167602539,0.18065939843654633,0.0702463835477829,0.794342041015625,7.183570384979248,0.19231796264648438,0.6190636157989502,0.1920844316482544,0.17616979777812958,0.0688018798828125,0.7953440546989441,7.376760005950928,0.24230194091796875,0.6218127012252808,0.19780653715133667,0.18036329746246338,0.0633748397231102,0.7803243398666382,7.567660808563232,0.2867603302001953,0.6361968517303467,0.2377251535654068,0.22592619061470032,0.0599772147834301,0.7250434160232544,0.529064416885376,0.1427057683467865,0.13462947309017181,0.1086697056889534,0.8806965947151184,0.2879634499549866,0.2233344167470932,0.21216705441474915,0.0451117642223835,0.7357856035232544,0.5425590872764587,0.131583109498024,0.1244632676243782,0.0635850727558136,0.892198383808136,0.28778553009033203,0.21459296345710754,0.2030889093875885,0.067030169069767,0.7369520664215088,0.5426889657974243,0.11952842772006989,0.11190422624349594,0.0900065079331398,0.907335102558136,0.28212085366249084,0.21739210188388824,0.20510835945606232,0.0547417551279068,0.742540180683136,0.5560701489448547,0.11848139762878418,0.10964836925268173,0.0780707448720932,0.9244791865348816,0.3095944821834564
ai_028_001_cam_00_frame.0099,train,ai_028_001,99,0.032822709530591965,0.03089134395122528,0.1617787778377533,0.9976908564567566,2.080629587173462,0.07761263847351074,0.8817973136901855,0.03007180616259575,0.02856256812810898,0.1465555876493454,0.9976908564567566,2.130310297012329,0.0681159496307373,0.8810408115386963,0.0287863127887249,0.027395661920309067,0.1506195068359375,0.9975077509880066,2.227839708328247,0.05822324752807617,0.8758653998374939,0.027081463485956192,0.025545768439769745,0.198150634765625,0.9971160888671875,2.325847864151001,0.05045437812805176,0.8667939305305481,0.04996959865093231,0.04795319586992264,0.0301378034055233,0.999376118183136,0.9073813557624817,0.05632007122039795,0.05551226809620857,0.003634982742369175,0.9989149570465088,0.0702403336763382,0.043961599469184875,0.041875921189785004,0.0493706613779068,0.9994574785232544,0.9029332995414734,0.048322420567274094,0.04744960740208626,0.00390625,0.9989149570465088,0.06668419390916824,0.03731318190693855,0.03466550260782242,0.1085883229970932,0.9994032382965088,0.8886903524398804,0.039192505180835724,0.03785337880253792,0.02338324673473835,0.9989149570465088,0.07147470116615295,0.032845284789800644,0.028997434303164482,0.22802734375,0.9980739951133728,0.8806036114692688,0.03132850304245949,0.02864113822579384,0.119032122194767,0.9989691972732544,0.063505157828331
ai_036_006_cam_00_frame.0000,train,ai_036_006,0,0.0462677888572216,0.04233141988515854,0.3174947202205658,0.9722747802734375,5.229203701019287,-0.17057323455810547,0.8152371644973755,0.03670923411846161,0.033448800444602966,0.4283650815486908,0.9735972285270691,5.333738327026367,-0.15926742553710938,0.811955988407135,0.030610866844654083,0.027915876358747482,0.5593668818473816,0.9740549921989441,5.53123664855957,-0.12331867218017578,0.7947761416435242,0.03610142692923546,0.033066749572753906,0.485382080078125,0.9741312861442566,5.740797519683838,-0.10256290435791016,0.782511293888092,0.05441628023982048,0.05193536356091499,0.1439344584941864,0.9674208164215088,0.7802675366401672,0.07078902423381805,0.06669480353593826,0.1488715261220932,0.953721821308136,0.6301339268684387,0.04195744916796684,0.03996734693646431,0.3357747495174408,0.9679090976715088,0.7790147662162781,0.052982624620199203,0.049902331084012985,0.3156467080116272,0.9542643427848816,0.6225355267524719,0.036691900342702866,0.03478864207863808,0.4507921040058136,0.9691840410232544,0.7651730179786682,0.04263899475336075,0.03992326930165291,0.4613715410232544,0.9570854902267456,0.6115222573280334,0.046266891062259674,0.04410013556480408,0.2677137553691864,0.9699978232383728,0.7646043300628662,0.054717112332582474,0.05155417323112488,0.2742513120174408,0.9592013955116272,0.5966726541519165
ai_011_009_cam_01_frame.0099,train,ai_011_009,99,0.09335305541753769,0.08244331181049347,0.10324135422706604,0.9225881695747375,1.3215652704238892,-0.11069852113723755,0.8309969902038574,0.08535091578960419,0.07550065219402313,0.146172896027565,0.9243377447128296,1.3404561281204224,-0.09661823511123657,0.8326354026794434,0.0755404606461525,0.06861445307731628,0.22854702174663544,0.92519211769104,1.37013578414917,-0.06241726875305176,0.8249983191490173,0.07319717854261398,0.067610003054142,0.2670789957046509,0.9242968559265137,1.4107506275177002,-0.045360684394836426,0.8211323618888855,0.10865197330713272,0.09721604734659195,0.09063411504030228,0.9080851078033447,0.7835461497306824,0.10914988070726395,0.09239678829908371,0.05847730115056038,0.9558559060096741,0.7016906142234802,0.09943946450948715,0.08931056410074234,0.11066299676895142,0.90803062915802,0.7930710315704346,0.09378967434167862,0.07917828112840652,0.08381928503513336,0.9583083391189575,0.7175483107566833,0.08847010135650635,0.08212178200483322,0.1433904618024826,0.9026350975036621,0.797383725643158,0.07144745439291,0.06327954679727554,0.1355932205915451,0.9565098881721497,0.7179207801818848,0.08698200434446335,0.08240889012813568,0.17342017590999603,0.8975120782852173,0.7970547080039978,0.06383132189512253,0.05898773670196533,0.19892092049121857,0.9584718346595764,0.7083982825279236
ai_024_018_cam_00_frame.0099,train,ai_024_018,99,0.06421628594398499,0.05958307906985283,0.1423136442899704,0.9677938222885132,7.616650581359863,0.13608407974243164,0.4768698513507843,0.055636025965213776,0.051430366933345795,0.1835683286190033,0.9680023193359375,7.75421667098999,0.14839744567871094,0.4900224506855011,0.04586167261004448,0.04185239225625992,0.2812907099723816,0.9670919179916382,8.059932708740234,0.12109851837158203,0.5140826106071472,0.04326852411031723,0.039166562259197235,0.2724965512752533,0.9652811884880066,8.348509788513184,0.07998466491699219,0.5262762904167175,0.10873962938785553,0.10259156674146652,0.0359157994389534,0.9415419101715088,0.3859466016292572,0.10916919261217117,0.10321653634309769,0.012532551772892475,0.9930555820465088,0.24940063059329987,0.09455309063196182,0.08920193463563919,0.0518120676279068,0.9447157382965088,0.4088568389415741,0.0910564735531807,0.0867178738117218,0.01730685867369175,0.9929470419883728,0.2751084566116333,0.07529495656490326,0.07059565931558609,0.0923936665058136,0.9417860507965088,0.4469742774963379,0.06568093597888947,0.062456972897052765,0.0455186627805233,0.9918619990348816,0.3215297758579254,0.06530969589948654,0.06053980067372322,0.1532660573720932,0.9364420771598816,0.48079320788383484,0.04114511236548424,0.03792446106672287,0.189453125,0.991807758808136,0.3775498569011688
ai_017_009_cam_03_frame.0099,train,ai_017_009,99,0.07889164984226227,0.07081523537635803,0.0932413786649704,0.9651438593864441,0.7087162137031555,-0.03898286819458008,0.8395439386367798,0.06798087805509567,0.05929584801197052,0.1186777800321579,0.965728759765625,0.724032461643219,-0.03739190101623535,0.8520908951759338,0.0631561279296875,0.052768807858228683,0.1533101499080658,0.9655965566635132,0.7424696683883667,-0.02535933256149292,0.8633741140365601,0.07354118674993515,0.05976781249046326,0.1659139096736908,0.9543609619140625,0.7645421624183655,-0.017865538597106934,0.850317656993866,0.08284202218055725,0.07888500392436981,0.116943359375,0.9462348222732544,0.9493944644927979,0.06210478022694588,0.0609559491276741,0.1033528670668602,0.9969075322151184,0.22242499887943268,0.07095237076282501,0.06665381044149399,0.1534288227558136,0.9469130039215088,0.9512800574302673,0.05458218604326248,0.05342552438378334,0.1328667551279068,0.996690571308136,0.21664050221443176,0.06274489313364029,0.057236332446336746,0.2157660573720932,0.9469130039215088,0.9538302421569824,0.04396888241171837,0.04161088541150093,0.155056431889534,0.9968532919883728,0.23254120349884033,0.06457637250423431,0.05726763978600502,0.2188856303691864,0.9469943642616272,0.9560483694076538,0.039523761719465256,0.03471992537379265,0.1846788227558136,0.9969618320465088,0.24859587848186493
ai_031_009_cam_00_frame.0000,train,ai_031_009,0,0.06969046592712402,0.06498083472251892,0.3105010986328125,0.94122314453125,6.536470413208008,-0.0282135009765625,0.8968297243118286,0.06309761106967926,0.05887996777892113,0.4435018002986908,0.9412689208984375,6.6581525802612305,-0.022190093994140625,0.9035756587982178,0.05858662724494934,0.054573945701122284,0.5298411250114441,0.9427897334098816,6.929779529571533,-0.024627685546875,0.8967340588569641,0.060933589935302734,0.056627701967954636,0.4308522641658783,0.9428965449333191,7.204543590545654,-0.012980461120605469,0.8860774636268616,0.055182576179504395,0.05034857243299484,0.2331271767616272,0.9619683027267456,0.9215846657752991,0.03187894821166992,0.028508232906460762,0.3327365517616272,0.9812825322151184,0.1371946483850479,0.04708882421255112,0.04289352148771286,0.4242892861366272,0.9619683027267456,0.9405734539031982,0.0266666729003191,0.023800188675522804,0.5830620527267456,0.9812282919883728,0.1604362279176712,0.0444948747754097,0.04060986638069153,0.4873046875,0.962022602558136,0.9492316246032715,0.023892393335700035,0.021438363939523697,0.752549946308136,0.98095703125,0.20809385180473328,0.046004753559827805,0.042286910116672516,0.3678385317325592,0.9616970419883728,0.946833074092865,0.026289205998182297,0.024092819541692734,0.5643988847732544,0.9804145097732544,0.23355866968631744
ai_002_002_cam_00_frame.0099,train,ai_002_002,99,0.07110767066478729,0.06546500325202942,0.3033599853515625,0.9026031494140625,3.224788188934326,-0.05465269088745117,0.8681381344795227,0.06609886884689331,0.06077956780791283,0.3283640742301941,0.9038900136947632,3.285421133041382,-0.051299095153808594,0.8663328289985657,0.06094703823328018,0.05557485669851303,0.403167724609375,0.9186655879020691,3.412402868270874,-0.05121755599975586,0.8647980690002441,0.059724003076553345,0.05444899946451187,0.3748423457145691,0.9410756826400757,3.547299385070801,-0.050574302673339844,0.8591582775115967,0.12331703305244446,0.11866114288568497,0.1330295205116272,0.8258192539215088,0.9113215804100037,0.13305997848510742,0.1283862143754959,0.1595052033662796,0.8530815839767456,0.7254871129989624,0.11968329548835754,0.11515312641859055,0.1506076455116272,0.8264431357383728,0.9065477848052979,0.12711162865161896,0.12258323282003403,0.189724400639534,0.8568793535232544,0.7175463438034058,0.1157476082444191,0.11134584993124008,0.2274034321308136,0.8262532353401184,0.8972487449645996,0.1211254745721817,0.11669307202100754,0.3137478232383728,0.8610026240348816,0.702463686466217,0.11486281454563141,0.11035701632499695,0.2655164897441864,0.8239474892616272,0.8900224566459656,0.11952369660139084,0.11492983251810074,0.3388671875,0.8611111044883728,0.6948796510696411
ai_027_003_cam_00_frame.0000,train,ai_027_003,0,0.04755157232284546,0.04400037229061127,0.527923583984375,0.9336802363395691,3.8137378692626953,-0.02176976203918457,0.913311779499054,0.04277029633522034,0.03978252410888672,0.6547495722770691,0.9384409785270691,3.8867545127868652,-0.010394573211669922,0.9134084582328796,0.03748741000890732,0.03493582457304001,0.6442464590072632,0.9418894648551941,4.03096866607666,-0.008269309997558594,0.896826982498169,0.035140395164489746,0.0328318290412426,0.529693603515625,0.9646759033203125,4.18222713470459,-0.006495475769042969,0.8331220149993896,0.040148455649614334,0.0384792722761631,0.6154242753982544,0.9554036259651184,0.9450420141220093,0.017389148473739624,0.015272962860763073,0.7161070108413696,0.9946292042732239,0.6918116211891174,0.037701383233070374,0.03639344871044159,0.6892632246017456,0.9554850459098816,0.9471597075462341,0.014594899490475655,0.013068707659840584,0.7665599584579468,0.9945749640464783,0.6985899806022644,0.03935560956597328,0.03820237144827843,0.5962185263633728,0.955322265625,0.9437940716743469,0.014459828846156597,0.013213669881224632,0.7608094215393066,0.9941409826278687,0.7078438997268677,0.04319578409194946,0.04209229722619057,0.4154459536075592,0.9553765058517456,0.9388957619667053,0.018261758610606194,0.017165103927254677,0.47431236505508423,0.9940866827964783,0.7113851308822632
ai_055_004_cam_00_frame.0099,train,ai_055_004,99,0.16658402979373932,0.1560954600572586,0.3874652683734894,0.7912501096725464,4.601128101348877,-0.18254566192626953,0.350498765707016,0.1618724912405014,0.151802197098732,0.4126085638999939,0.7917987108230591,4.681373596191406,-0.17887306213378906,0.34952443838119507,0.15762801468372345,0.1478314995765686,0.4796248972415924,0.7921319603919983,4.8489508628845215,-0.16659259796142578,0.3495284914970398,0.15811774134635925,0.14853918552398682,0.3476789593696594,0.7919729948043823,5.038015842437744,-0.1491246223449707,0.34799715876579285,0.3639674186706543,0.3377138376235962,0.30712655186653137,0.5116152763366699,0.23842360079288483,0.023642340674996376,0.021380089223384857,0.6057316660881042,0.9934324622154236,0.7087042927742004,0.3618776202201843,0.33577021956443787,0.34335649013519287,0.5118323564529419,0.23790955543518066,0.02006715163588524,0.01808992773294449,0.6672818064689636,0.9938666820526123,0.7123391032218933,0.3603961765766144,0.3344748318195343,0.3425965905189514,0.5119680762290955,0.2418808937072754,0.01824416033923626,0.016658097505569458,0.6647307872772217,0.9940837621688843,0.7281361818313599,0.360969215631485,0.3351355493068695,0.24544072151184082,0.5118866562843323,0.24028652906417847,0.02138485386967659,0.019953371956944466,0.4704732894897461,0.9939209222793579,0.7288588285446167
ai_039_006_cam_00_frame.0000,train,ai_039_006,0,0.17995664477348328,0.1652749478816986,0.3918965756893158,0.8074595332145691,2.816439628601074,0.016730308532714844,0.5258287787437439,0.17032670974731445,0.15579651296138763,0.4714609980583191,0.8076884150505066,2.8804214000701904,-0.0064563751220703125,0.5193344950675964,0.16024966537952423,0.14739669859409332,0.5819244384765625,0.8091837763786316,2.9841578006744385,0.005593061447143555,0.5072519183158875,0.15152189135551453,0.1402069330215454,0.5137176513671875,0.8130239248275757,3.1010003089904785,0.007901668548583984,0.4894638955593109,0.40218019485473633,0.3700139820575714,0.248318150639534,0.5133192539215088,0.45716241002082825,0.02584780752658844,0.021141013130545616,0.496636301279068,0.976671040058136,0.6727287173271179,0.40053611993789673,0.36765486001968384,0.2987196147441864,0.51416015625,0.4486083686351776,0.024834785610437393,0.018445752561092377,0.5960829257965088,0.9765625,0.6834767460823059,0.4009741246700287,0.3681391775608063,0.20654296875,0.5214301347732544,0.43304744362831116,0.029606349766254425,0.02327733114361763,0.3775499165058136,0.9786784052848816,0.7005982398986816,0.40509405732154846,0.37224167585372925,0.1288519948720932,0.5248752236366272,0.4256475865840912,0.040931787341833115,0.03429637476801872,0.2574869692325592,0.9800347089767456,0.7029390335083008
ai_005_006_cam_00_frame.0099,train,ai_005_006,99,0.03883344307541847,0.034289564937353134,0.2550150752067566,0.9815775752067566,3.21398663520813,-0.05263805389404297,0.902599573135376,0.02961372397840023,0.02629595808684826,0.4154714047908783,0.9882761836051941,3.2600510120391846,-0.03272104263305664,0.9104830622673035,0.020212236791849136,0.017827603965997696,0.5478363037109375,0.9898122549057007,3.367741107940674,-0.01249229907989502,0.9086956977844238,0.022595584392547607,0.019876699894666672,0.5063985586166382,0.9898020625114441,3.493861675262451,0.008619308471679688,0.8973244428634644,0.07122242450714111,0.06378325074911118,0.1506890207529068,0.9461805820465088,0.9147151708602905,0.0836888775229454,0.07351939380168915,0.154296875,0.947862446308136,0.6652883291244507,0.05436092987656593,0.04869206249713898,0.3088107705116272,0.9628363847732544,0.916579008102417,0.06386282294988632,0.05624295771121979,0.2933485209941864,0.9662001132965088,0.6943376064300537,0.038453374058008194,0.03421521559357643,0.4807942807674408,0.9672309160232544,0.9068185091018677,0.045569319278001785,0.04025273770093918,0.340874582529068,0.97607421875,0.7129976749420166,0.03995678201317787,0.036060791462659836,0.3412814736366272,0.9671223759651184,0.8874362111091614,0.04410954937338829,0.03973042592406273,0.2382269948720932,0.9757487177848816,0.7086346745491028
ai_041_001_cam_00_frame.0000,train,ai_041_001,0,0.03956862539052963,0.03726191073656082,0.216583251953125,0.9905294179916382,3.3520987033843994,-0.1725482940673828,0.7777597308158875,0.03621938079595566,0.034040417522192,0.2358449399471283,0.9904887080192566,3.41935133934021,-0.1711587905883789,0.7846155762672424,0.03231064975261688,0.03024737909436226,0.2536468505859375,0.990447998046875,3.5514097213745117,-0.16513299942016602,0.789198637008667,0.03233425319194794,0.029964348301291466,0.2566274106502533,0.9905599355697632,3.6922190189361572,-0.15436363220214844,0.785327672958374,0.022169826552271843,0.021721042692661285,0.1998969167470932,1.0,0.8513750433921814,0.02673950418829918,0.026171807199716568,0.19140625,1.0,0.7198249101638794,0.020802929997444153,0.020246820524334908,0.2070855051279068,1.0,0.862747848033905,0.02400818094611168,0.023210177198052406,0.2056206613779068,1.0,0.7205833792686462,0.020409954711794853,0.01951809972524643,0.2260199636220932,1.0,0.8717885613441467,0.023492105305194855,0.02204318158328533,0.2364908903837204,1.0,0.7115376591682434,0.019545115530490875,0.017855504527688026,0.2926432192325592,1.0,0.8642627596855164,0.023983005434274673,0.02114713564515114,0.2404513955116272,1.0,0.6805823445320129
ai_015_005_cam_00_frame.0000,train,ai_015_005,0,0.048174016177654266,0.03957616165280342,0.4907307028770447,0.9724560379981995,3.5770599842071533,-0.08388853073120117,0.8367648720741272,0.04242021590471268,0.03588682785630226,0.491020530462265,0.9740138649940491,3.6359052658081055,-0.06828784942626953,0.8470210433006287,0.03832019120454788,0.033750154078006744,0.47723299264907837,0.9736205339431763,3.7597532272338867,-0.04297804832458496,0.8505900502204895,0.041993398219347,0.037939317524433136,0.43366560339927673,0.9721609950065613,3.8847408294677734,-0.01881122589111328,0.8498039841651917,0.11764849722385406,0.10549894720315933,0.2483723908662796,0.9153103232383728,0.882569432258606,0.1581088751554489,0.13720528781414032,0.0652669295668602,0.9106987714767456,0.788105309009552,0.10414935648441315,0.09436444193124771,0.2730577290058136,0.9159885048866272,0.8949911594390869,0.13474270701408386,0.11851411312818527,0.082411028444767,0.912109375,0.8098718523979187,0.09442790597677231,0.08845791220664978,0.3539225161075592,0.9123806357383728,0.9015499353408813,0.11864181607961655,0.11003522574901581,0.1311848908662796,0.904893696308136,0.82555091381073,0.10526841133832932,0.0989290103316307,0.28662109375,0.9052191972732544,0.9008504152297974,0.13960738480091095,0.13009855151176453,0.0735134556889534,0.8907877802848816,0.8273963332176208
ai_009_003_cam_00_frame.0000,train,ai_009_003,0,0.047359611839056015,0.043016474694013596,0.2973276972770691,0.9651998281478882,4.305834770202637,0.014888763427734375,0.9244508147239685,0.043572425842285156,0.0396646112203598,0.3549703061580658,0.9653574824333191,4.394341945648193,0.003159761428833008,0.9219843149185181,0.04195336624979973,0.03833990544080734,0.3647410273551941,0.9648336172103882,4.557819843292236,0.00014293193817138672,0.9098591208457947,0.043463610112667084,0.03969335928559303,0.2795054316520691,0.9643198847770691,4.709146976470947,0.009287476539611816,0.8977386355400085,0.07034499943256378,0.06498625129461288,0.423095703125,0.92626953125,0.9449145197868347,0.04037018120288849,0.035002700984478,0.6117079257965088,0.9720051884651184,0.8366230726242065,0.06590071320533752,0.061179447919130325,0.4903700053691864,0.9265950322151184,0.9468463659286499,0.035523783415555954,0.031150663271546364,0.7190212607383728,0.97314453125,0.8389533162117004,0.06472158432006836,0.06044263392686844,0.4516872763633728,0.9259169101715088,0.9412183165550232,0.03365138918161392,0.03003917820751667,0.6808268427848816,0.97314453125,0.8428905606269836,0.06734197586774826,0.06235463172197342,0.3715549111366272,0.9242350459098816,0.9303136467933655,0.0356660857796669,0.030756289139389992,0.6146918535232544,0.9737955927848816,0.8374533653259277
ai_003_005_cam_00_frame.0000,train,ai_003_005,0,0.10969384759664536,0.09931941330432892,0.2844187617301941,0.8483022451400757,4.064685344696045,-0.10488748550415039,0.5881816744804382,0.10615500062704086,0.095975361764431,0.3526204526424408,0.851287841796875,4.148770809173584,-0.09969520568847656,0.587353527545929,0.10228249430656433,0.09237771481275558,0.46240234375,0.8522847890853882,4.311345100402832,-0.08019161224365234,0.5880840420722961,0.10053670406341553,0.09072631597518921,0.5193532705307007,0.8531494140625,4.4856367111206055,-0.06919384002685547,0.5876948833465576,0.1305045783519745,0.11816363781690598,0.193142369389534,0.8362358808517456,0.8922319412231445,0.16277585923671722,0.14569857716560364,0.1937934011220932,0.8186848759651184,0.8180631995201111,0.12736642360687256,0.11505625396966934,0.3094889223575592,0.837022602558136,0.8881592154502869,0.160092294216156,0.14290554821491241,0.266167551279068,0.8210178017616272,0.8142073750495911,0.12476132810115814,0.1123674064874649,0.3974609375,0.839599609375,0.8820840716362,0.15956856310367584,0.14227883517742157,0.286675363779068,0.8282877802848816,0.8072873950004578,0.12553930282592773,0.11296418309211731,0.3954535722732544,0.841905415058136,0.8758048415184021,0.1631493866443634,0.14552755653858185,0.2582465410232544,0.834581196308136,0.8023598194122314
ai_044_007_cam_01_frame.0099,train,ai_044_007,99,0.05920528247952461,0.05355630815029144,0.45278170704841614,0.9427530169487,13.947616577148438,-0.47663211822509766,0.7693115472793579,0.05215128883719444,0.047036249190568924,0.48458948731422424,0.9517261981964111,14.236654281616211,-0.4581565856933594,0.7695114612579346,0.04811994731426239,0.04339655488729477,0.3995889723300934,0.9642142653465271,14.85975456237793,-0.4420433044433594,0.7539840936660767,0.050243180245161057,0.04556833580136299,0.3088810443878174,0.9664829969406128,15.484869003295898,-0.43993568420410156,0.7422787547111511,0.1091926097869873,0.10122830420732498,0.1636555939912796,0.8957790732383728,0.7155736684799194,0.15773917734622955,0.14536169171333313,0.0750325545668602,0.8463541865348816,0.6652581095695496,0.10214406996965408,0.09467054903507233,0.1277669221162796,0.904405415058136,0.7192935347557068,0.1447601616382599,0.1332959085702896,0.0734049454331398,0.8599175214767456,0.6630338430404663,0.0975441113114357,0.09025859832763672,0.119873046875,0.9099934697151184,0.7131263017654419,0.1358795315027237,0.12472307682037354,0.1356336772441864,0.869737446308136,0.6495183706283569,0.10217562317848206,0.09473510086536407,0.1131184920668602,0.9090983271598816,0.7190926671028137,0.14623048901557922,0.13451725244522095,0.0709635391831398,0.8687065839767456,0.6413532495498657
ai_053_020_cam_00_frame.0000,train,ai_053_020,0,0.02785150334239006,0.025954699143767357,0.4267730712890625,0.9842326045036316,4.582140922546387,0.07681703567504883,0.6500579714775085,0.023326102644205093,0.021805226802825928,0.5387980341911316,0.9846293330192566,4.664309024810791,0.07227420806884766,0.6488085389137268,0.02041122317314148,0.01856243424117565,0.7111867666244507,0.9836222529411316,4.858394622802734,0.06824970245361328,0.6460935473442078,0.023343412205576897,0.021060628816485405,0.6030680537223816,0.9804586172103882,5.0422258377075195,0.07604455947875977,0.642011284828186,0.05628681182861328,0.0525994747877121,0.4152018129825592,0.9386935830116272,0.39976203441619873,0.011536126025021076,0.010738980956375599,0.6638454794883728,0.9992404580116272,0.3203687369823456,0.053066764026880264,0.04942944273352623,0.5249565839767456,0.9380154013633728,0.3963821232318878,0.00818171538412571,0.007415602449327707,0.8385959267616272,0.9992404580116272,0.3253228962421417,0.051451683044433594,0.04699504375457764,0.6892361044883728,0.9374457597732544,0.3911465108394623,0.008924863301217556,0.00732897873967886,0.863389790058136,0.9991862177848816,0.32107478380203247,0.05860009416937828,0.05384098365902901,0.4937608540058136,0.9222005009651184,0.39800018072128296,0.01410574372857809,0.012465511448681355,0.4933268129825592,0.9991862177848816,0.3239378333091736
ai_033_010_cam_00_frame.0000,train,ai_033_010,0,0.068155936896801,0.06161211058497429,0.2636515498161316,0.93328857421875,7.850268840789795,-0.6005501747131348,0.7772402167320251,0.06313532590866089,0.05704136937856674,0.2925211787223816,0.9342397451400757,7.9831929206848145,-0.5841374397277832,0.775020956993103,0.057344552129507065,0.052106790244579315,0.332305908203125,0.9383748769760132,8.246040344238281,-0.5043916702270508,0.772246778011322,0.05928049609065056,0.054001446813344955,0.2938029170036316,0.9385427236557007,8.50561237335205,-0.38463592529296875,0.7678208947181702,0.11312995851039886,0.10376539081335068,0.087782122194767,0.8615451455116272,0.6607808470726013,0.0526011660695076,0.04701227694749832,0.1071506068110466,0.9734700322151184,0.7780463099479675,0.10615772753953934,0.09699980169534683,0.1242947056889534,0.8611382246017456,0.6565696597099304,0.04456668347120285,0.03931054100394249,0.15673828125,0.9728190302848816,0.7748292684555054,0.1020633801817894,0.092795230448246,0.2359483540058136,0.85986328125,0.6568530201911926,0.04070805758237839,0.035124655812978745,0.3465169370174408,0.9709201455116272,0.7807574272155762,0.10998179018497467,0.0990530401468277,0.2760959267616272,0.859619140625,0.6550561189651489,0.04731554538011551,0.03849716857075691,0.3955078125,0.970811665058136,0.7736198306083679
ai_013_004_cam_00_frame.0000,train,ai_013_004,0,0.025832688435912132,0.02352488413453102,0.5602569580078125,0.99017333984375,2.5300676822662354,0.016726255416870117,0.724265992641449,0.022151168435811996,0.02015194669365883,0.6088460683822632,0.990020751953125,2.566561698913574,0.02200794219970703,0.719510555267334,0.019662370905280113,0.017560504376888275,0.5769450068473816,0.9899139404296875,2.649360179901123,0.02211904525756836,0.6869375705718994,0.01942056231200695,0.017337946221232414,0.5897929072380066,0.9897207021713257,2.7357065677642822,0.025121212005615234,0.6245937943458557,0.05145156383514404,0.046977490186691284,0.3189832866191864,0.9800618290901184,0.8465542197227478,0.0686924159526825,0.062482696026563644,0.2352973073720932,0.9851345419883728,0.7834779024124146,0.042219121009111404,0.03854017332196236,0.3880479633808136,0.9791938066482544,0.8441821932792664,0.05503140017390251,0.050008587539196014,0.2790256142616272,0.9847548007965088,0.7806637287139893,0.03379625082015991,0.030709752812981606,0.376953125,0.9785427451133728,0.8389093279838562,0.040184807032346725,0.03611231595277786,0.2401801198720932,0.983995258808136,0.7594317197799683,0.03029177337884903,0.027508484199643135,0.414849191904068,0.9773220419883728,0.827181875705719,0.03266812115907669,0.029155194759368896,0.2792426347732544,0.9834526777267456,0.743571400642395
ai_030_009_cam_00_frame.0000,train,ai_030_009,0,0.015678470954298973,0.014225468039512634,0.726654052734375,0.9895274043083191,3.440247058868408,0.00281524658203125,0.8744834661483765,0.014535341411828995,0.013093019835650921,0.7582651972770691,0.9895782470703125,3.501652479171753,0.010278701782226562,0.8718611598014832,0.017857294529676437,0.015963565558195114,0.6923777461051941,0.9860484004020691,3.625443935394287,0.02210068702697754,0.8630208373069763,0.02245820127427578,0.020365431904792786,0.574615478515625,0.9820913076400757,3.7637569904327393,0.022280216217041016,0.8540504574775696,0.02932835929095745,0.026618096977472305,0.5502658486366272,0.974853515625,0.9718499183654785,0.020191827788949013,0.0180827509611845,0.6591796875,0.9890407919883728,0.5713421702384949,0.02722812630236149,0.024317467585206032,0.5697970986366272,0.9752333164215088,0.9708961844444275,0.019095905125141144,0.016676250845193863,0.674913227558136,0.9892035722732544,0.5756465196609497,0.031193729490041733,0.027251437306404114,0.4235568642616272,0.9746907353401184,0.9689523577690125,0.022162752225995064,0.01866370067000389,0.5576171875,0.9896918535232544,0.5820714831352234,0.036136262118816376,0.03172602131962776,0.2655978798866272,0.9740668535232544,0.9656323194503784,0.02516685426235199,0.021349290385842323,0.3435329794883728,0.9896918535232544,0.5741267204284668
ai_036_008_cam_00_frame.0000,train,ai_036_008,0,0.2140185832977295,0.036207884550094604,0.457550048828125,0.9485626220703125,5.697648525238037,-0.0692291259765625,0.7810613512992859,0.21258628368377686,0.031289756298065186,0.5084635615348816,0.9493560791015625,5.796376705169678,-0.05326652526855469,0.7856235504150391,0.2111658751964569,0.02788887545466423,0.6139017939567566,0.9494578242301941,5.999505519866943,-0.020277023315429688,0.7798683643341064,0.2114945352077484,0.030172109603881836,0.495147705078125,0.9495137929916382,6.227616310119629,0.0068817138671875,0.7709540128707886,0.21702374517917633,0.05179480090737343,0.2394476979970932,0.9165581464767456,0.7519234418869019,0.20738066732883453,0.03763904795050621,0.105360247194767,0.98876953125,0.7078315615653992,0.21619649231433868,0.045811235904693604,0.298095703125,0.9165852665901184,0.7560537457466125,0.2065528929233551,0.028718067333102226,0.1916232705116272,0.9890950322151184,0.713681697845459,0.21578320860862732,0.04070916399359703,0.4097764790058136,0.9163140058517456,0.7520032525062561,0.20611341297626495,0.02126334421336651,0.3869357705116272,0.9889865517616272,0.7159329652786255,0.2162601202726364,0.04186242073774338,0.40771484375,0.916748046875,0.7489262819290161,0.2071920931339264,0.022899404168128967,0.4189453125,0.9891493320465088,0.702898383140564
ai_008_010_cam_00_frame.0000,train,ai_008_010,0,0.030109301209449768,0.02788153849542141,0.24368081986904144,0.9840415716171265,8.336989402770996,0.01698160171508789,0.8217751979827881,0.025304393842816353,0.023289959877729416,0.3457687497138977,0.9836447834968567,8.534110069274902,0.019544601440429688,0.8171951770782471,0.022766781970858574,0.020307375118136406,0.5700525045394897,0.980575442314148,8.880759239196777,0.056464195251464844,0.7919417023658752,0.024401919916272163,0.021345632150769234,0.5508373379707336,0.9802502989768982,9.216666221618652,0.09340667724609375,0.7711235284805298,0.05772166699171066,0.053642649203538895,0.3278266191482544,0.941162109375,0.843440592288971,0.07662079483270645,0.07102099806070328,0.1115451380610466,0.9230143427848816,0.7490112781524658,0.05195142328739166,0.048250310122966766,0.34814453125,0.9405653476715088,0.8366946578025818,0.06782812625169754,0.06291259825229645,0.1024848073720932,0.9228515625,0.7525773048400879,0.051832590252161026,0.04823162034153938,0.4628635048866272,0.9330783486366272,0.8221268057823181,0.0690133348107338,0.06417574733495712,0.2859700620174408,0.90625,0.749759316444397,0.05233299732208252,0.04855844005942345,0.4589572548866272,0.9315321445465088,0.8194684386253357,0.06898564845323563,0.06393957138061523,0.3314887285232544,0.9035373330116272,0.7569019198417664
ai_026_019_cam_00_frame.0000,train,ai_026_019,0,0.040382497012615204,0.03630563244223595,0.23461979627609253,0.9815783500671387,21.653003692626953,-0.1531047821044922,0.9033645987510681,0.03272223845124245,0.029450615867972374,0.305557519197464,0.9812016487121582,21.9083194732666,0.00954437255859375,0.9033344984054565,0.02754567377269268,0.02339121885597706,0.5069685578346252,0.9831156134605408,22.55447769165039,0.13512420654296875,0.8949171900749207,0.033483341336250305,0.028318511322140694,0.32881486415863037,0.982072114944458,23.1213321685791,0.3888540267944336,0.891217052936554,0.03705643117427826,0.031703826040029526,0.4026242196559906,0.9767460823059082,0.9227333068847656,0.03186874836683273,0.028056982904672623,0.4225252568721771,0.9816907644271851,0.8155575394630432,0.031724561005830765,0.02724394202232361,0.5134878158569336,0.9768276214599609,0.9205654859542847,0.02606053277850151,0.023639682680368423,0.5368358492851257,0.9808214902877808,0.816112220287323,0.03052375093102455,0.026157738640904427,0.5898780226707458,0.9754421710968018,0.9106791615486145,0.024833867326378822,0.022764943540096283,0.6034988760948181,0.9800065159797668,0.8153604865074158,0.035704605281353,0.03163772076368332,0.37828367948532104,0.9735949039459229,0.9046902656555176,0.030699608847498894,0.027502143755555153,0.4222536087036133,0.9797348976135254,0.8157780170440674
ai_038_002_cam_00_frame.0099,train,ai_038_002,99,0.06945031881332397,0.05908637121319771,0.11720624566078186,0.9955395460128784,3.3706212043762207,-0.0690460205078125,0.6608110666275024,0.0639990046620369,0.052401985973119736,0.1327720284461975,0.9954167604446411,3.431271553039551,-0.07366037368774414,0.6562292575836182,0.05604851618409157,0.040622029453516006,0.18326488137245178,0.9957953095436096,3.550692319869995,-0.0691068172454834,0.6316307783126831,0.05349985882639885,0.03307477384805679,0.25750795006752014,0.9944704174995422,3.6883463859558105,-0.08200716972351074,0.6027161478996277,0.05944846197962761,0.05190688744187355,0.1829155832529068,0.9895561933517456,0.34901365637779236,0.06479550898075104,0.05481644347310066,0.072265625,1.0,0.25987708568573,0.05468112602829933,0.04589002579450607,0.1995985209941864,0.9895561933517456,0.32965633273124695,0.06139925494790077,0.049274761229753494,0.0655924454331398,1.0,0.2572062313556671,0.044603683054447174,0.032076478004455566,0.2501356303691864,0.9935709834098816,0.3084905445575714,0.053073663264513016,0.03440476208925247,0.177517369389534,1.0,0.2555643320083618,0.04140682518482208,0.023548288270831108,0.325439453125,0.9976942539215088,0.27522483468055725,0.051929719746112823,0.024832619354128838,0.2390950471162796,1.0,0.25767529010772705
ai_012_010_cam_00_frame.0099,train,ai_012_010,99,0.037955254316329956,0.034167733043432236,0.3947575092315674,0.981798529624939,3.5751004219055176,0.03501605987548828,0.859495222568512,0.029664641246199608,0.026725564152002335,0.47714540362358093,0.9840197563171387,3.6318206787109375,0.043637752532958984,0.8573300242424011,0.027546130120754242,0.02490372769534588,0.42461130023002625,0.9838376641273499,3.7477457523345947,0.05670022964477539,0.8544658422470093,0.03344622999429703,0.029485827311873436,0.3509522080421448,0.9812731146812439,3.872239828109741,0.07073760032653809,0.8500871658325195,0.03210267797112465,0.029464395716786385,0.41223612427711487,0.9817979335784912,0.9156520366668701,0.013803906738758087,0.012049619108438492,0.5875033736228943,0.9989133477210999,0.6838688254356384,0.02535705640912056,0.023364543914794922,0.5739900469779968,0.9821239113807678,0.912959635257721,0.010343875735998154,0.009190363809466362,0.7786470651626587,0.9990220069885254,0.669019341468811,0.024263136088848114,0.02178361639380455,0.5390257835388184,0.9818251132965088,0.9124706983566284,0.012245714664459229,0.010491990484297276,0.6834012269973755,0.9988589882850647,0.6737106442451477,0.029499920085072517,0.025965550914406776,0.41454535722732544,0.9816892743110657,0.9065937995910645,0.015245052985846996,0.012586899101734161,0.58130943775177,0.998695969581604,0.6663369536399841
ai_029_005_cam_00_frame.0000,train,ai_029_005,0,0.04665902256965637,0.041777145117521286,0.2382253110408783,0.9715220332145691,4.966186046600342,0.051735877990722656,0.9008757472038269,0.039313413202762604,0.0349847748875618,0.346405029296875,0.9715220332145691,5.062011241912842,0.07369613647460938,0.9049933552742004,0.03737860172986984,0.03218136727809906,0.451324462890625,0.9709676504135132,5.279507637023926,0.08623242378234863,0.8951261639595032,0.04256786033511162,0.03682304918766022,0.3211314082145691,0.9694315791130066,5.479434013366699,0.11548042297363281,0.8792226910591125,0.0854051411151886,0.07748878747224808,0.0952690988779068,0.9216850996017456,0.8948971629142761,0.08473579585552216,0.07537060230970383,0.093641497194767,0.9490017294883728,0.6251723766326904,0.0741741880774498,0.06718114763498306,0.2787000834941864,0.9213595986366272,0.8919010162353516,0.07137032598257065,0.06372725963592529,0.3878038227558136,0.9480251669883728,0.6031599044799805,0.07514963299036026,0.06730985641479492,0.3322482705116272,0.9206000566482544,0.8728809356689453,0.06918970495462418,0.06319276243448257,0.2707790732383728,0.9495985507965088,0.5685389041900635,0.08616063743829727,0.07759038358926773,0.161865234375,0.9169921875,0.8612540364265442,0.07886195927858353,0.07232782989740372,0.0658637136220932,0.950303852558136,0.5577689409255981
ai_051_002_cam_00_frame.0000,train,ai_051_002,0,0.034248292446136475,0.03028121590614319,0.2557373046875,0.9873453974723816,3.218918800354004,-0.0995640754699707,0.8369148373603821,0.028435420244932175,0.025027986615896225,0.3278045654296875,0.9872792959213257,3.277716875076294,-0.08625650405883789,0.8362668752670288,0.023107260465621948,0.020648498088121414,0.4162699580192566,0.987213134765625,3.3937227725982666,-0.06030130386352539,0.838138997554779,0.022095192223787308,0.019824180752038956,0.4778951108455658,0.9870758056640625,3.5178592205047607,-0.04179215431213379,0.8364346027374268,0.03430812433362007,0.029816919937729836,0.3268771767616272,0.984483540058136,0.8668950200080872,0.031000498682260513,0.02419791929423809,0.3614908754825592,0.994249165058136,0.5424482822418213,0.02855789102613926,0.024508539587259293,0.4766438901424408,0.9839138388633728,0.8684034943580627,0.025474589318037033,0.019295986741781235,0.5730251669883728,0.9939778447151184,0.5427530407905579,0.023723820224404335,0.021327754482626915,0.5508626103401184,0.9834526777267456,0.871712327003479,0.02100231684744358,0.017513280734419823,0.5701497197151184,0.9935438632965088,0.5480479001998901,0.022944841533899307,0.021640028804540634,0.5069987177848816,0.9832085371017456,0.8667478561401367,0.021182004362344742,0.01944991573691368,0.439995676279068,0.9931098222732544,0.5559594631195068
ai_048_004_cam_00_frame.0000,train,ai_048_004,0,0.030501987785100937,0.02430088445544243,0.4754893183708191,0.9906107783317566,3.674701690673828,0.027963638305664062,0.8727989792823792,0.026054665446281433,0.01983482390642166,0.5520274043083191,0.9906514883041382,3.7493650913238525,0.023746490478515625,0.8687881231307983,0.02168886922299862,0.015195557847619057,0.7138723134994507,0.9912923574447632,3.8995378017425537,0.022671222686767578,0.8640440702438354,0.024149369448423386,0.018274907022714615,0.5826009511947632,0.99127197265625,4.065575122833252,0.02011394500732422,0.8487494587898254,0.04770825430750847,0.042457275092601776,0.350640207529068,0.9660102128982544,0.8982089161872864,0.044888634234666824,0.03830644115805626,0.4689670205116272,0.9735785722732544,0.8129613399505615,0.0444953590631485,0.03933313861489296,0.3697102963924408,0.9656032919883728,0.8936711549758911,0.04077748581767082,0.034284286201000214,0.50048828125,0.972764790058136,0.8079856038093567,0.04183337837457657,0.03639750927686691,0.541856586933136,0.968017578125,0.882954478263855,0.04236948490142822,0.036781225353479385,0.55322265625,0.9720051884651184,0.7978246808052063,0.045376140624284744,0.04055255651473999,0.4183214008808136,0.9678005576133728,0.8730188012123108,0.04803003743290901,0.04339605197310448,0.4078233540058136,0.9696180820465088,0.7908298969268799
ai_013_001_cam_00_frame.0000,train,ai_013_001,0,0.054876115173101425,0.05018051713705063,0.2717437744140625,0.9909414052963257,370.97003173828125,-7.134033203125,0.9248903393745422,0.057222723960876465,0.0521470308303833,0.319671630859375,0.9900716543197632,377.37017822265625,-5.729705810546875,0.9291880130767822,0.062363311648368835,0.056515954434871674,0.2953084409236908,0.9887339472770691,391.15032958984375,-4.224609375,0.931002676486969,0.0688992440700531,0.06198156997561455,0.2034657895565033,0.9872335195541382,404.98345947265625,-1.91552734375,0.9269481301307678,0.026765873655676842,0.025541776791214943,0.374321848154068,0.9803602695465088,0.9037903547286987,0.02079942263662815,0.020013952627778053,0.4576280415058136,0.9885525107383728,0.0,0.021956387907266617,0.020727764815092087,0.5855848789215088,0.980224609375,0.9050385355949402,0.018502872437238693,0.017691534012556076,0.6018337607383728,0.9887152910232544,0.0,0.02184475213289261,0.020925402641296387,0.562120258808136,0.979248046875,0.9055101275444031,0.017445888370275497,0.016836650669574738,0.5888129472732544,0.9887152910232544,0.0,0.03010472096502781,0.029357638210058212,0.3102756142616272,0.9784342646598816,0.8996282815933228,0.018037699162960052,0.01716412417590618,0.5124782919883728,0.98876953125,0.0
ai_018_007_cam_00_frame.0000,train,ai_018_007,0,0.030666565522551537,0.0275067538022995,0.2606964111328125,0.9971160888671875,3.6203806400299072,0.012521743774414062,0.8076602220535278,0.024247750639915466,0.021760275587439537,0.313751220703125,0.9970449209213257,3.691218852996826,0.01888871192932129,0.8130695819854736,0.014908562414348125,0.013801096007227898,0.5051422119140625,0.9969686269760132,3.836242437362671,0.0483853816986084,0.8158472776412964,0.013367917388677597,0.011875520460307598,0.62811279296875,0.9969431757926941,4.010993003845215,0.05936288833618164,0.8178513050079346,0.031598176807165146,0.030928635969758034,0.199951171875,0.9928928017616272,0.7258914709091187,0.036277126520872116,0.0357988066971302,0.1317816823720932,0.9911566972732544,0.7015949487686157,0.0282511617988348,0.027696944773197174,0.2261555939912796,0.992919921875,0.7359570264816284,0.031494591385126114,0.031083563342690468,0.1913519948720932,0.9912109375,0.7047401070594788,0.019026407971978188,0.018543170765042305,0.38671875,0.992919921875,0.7376954555511475,0.019059227779507637,0.018814129754900932,0.3948025107383728,0.9911024570465088,0.7244383692741394,0.015681885182857513,0.014786426909267902,0.6015082597732544,0.9929741621017456,0.7444785237312317,0.016383538022637367,0.015858063474297523,0.6049262285232544,0.9911024570465088,0.7084893584251404
ai_016_006_cam_00_frame.0099,train,ai_016_006,99,0.0595976747572422,0.053691089153289795,0.33858081698417664,0.9188058376312256,3.669528007507324,0.038633108139038086,0.6971135139465332,0.05537165701389313,0.05014771223068237,0.34215492010116577,0.9535725712776184,3.74350905418396,0.034381866455078125,0.6935182809829712,0.04945632442831993,0.04540516808629036,0.3112494647502899,0.9589978456497192,3.9006059169769287,0.025486230850219727,0.6866868138313293,0.04671843722462654,0.04333168640732765,0.26068899035453796,0.9590080976486206,4.070087909698486,0.01605224609375,0.6782662868499756,0.05276201292872429,0.049582868814468384,0.262749582529068,0.9337565302848816,0.8144170045852661,0.03356551378965378,0.032046347856521606,0.1461046040058136,0.9890950322151184,0.7564032673835754,0.052013274282217026,0.048906128853559494,0.278862863779068,0.9338650107383728,0.8132350444793701,0.03259991854429245,0.031191064044833183,0.136990025639534,0.9890407919883728,0.7555402517318726,0.051075518131256104,0.04810260981321335,0.2779676616191864,0.9337565302848816,0.8078800439834595,0.03138062730431557,0.030173327773809433,0.1712239533662796,0.988878071308136,0.7549739480018616,0.05054476484656334,0.047968197613954544,0.3515625,0.93359375,0.8028333783149719,0.03026503324508667,0.029129739850759506,0.3616536557674408,0.9886610507965088,0.7518181800842285
ai_032_002_cam_00_frame.0099,train,ai_032_002,99,0.08605499565601349,0.0780152752995491,0.3115692138671875,0.90899658203125,3.9836313724517822,-0.16583847999572754,0.9112401008605957,0.07793217152357101,0.07099608331918716,0.3578084409236908,0.931427001953125,4.074781894683838,-0.14860892295837402,0.9119923114776611,0.06646522879600525,0.06111782789230347,0.2811737060546875,0.9599863886833191,4.291653156280518,-0.1327676773071289,0.9102610945701599,0.06054568290710449,0.055962756276130676,0.1904144287109375,0.9672343134880066,4.529877662658691,-0.12273192405700684,0.8989010453224182,0.07972943037748337,0.07478492707014084,0.3667806088924408,0.8221028447151184,0.9087275862693787,0.02759019285440445,0.020710518583655357,0.4650065004825592,0.9949001669883728,0.8505638241767883,0.0735391229391098,0.06870020925998688,0.4674479067325592,0.8656684160232544,0.9045241475105286,0.023153137415647507,0.016320684924721718,0.6242404580116272,0.9948459267616272,0.8536658883094788,0.0672282949090004,0.06267610937356949,0.4087727963924408,0.9224989414215088,0.901118814945221,0.023805422708392143,0.017159301787614822,0.5852864384651184,0.9944661259651184,0.8505409955978394,0.06665762513875961,0.06275469809770584,0.1807996928691864,0.9441189169883728,0.890947163105011,0.031054671853780746,0.02557252161204815,0.228786900639534,0.9932183027267456,0.8396678566932678
ai_042_002_cam_00_frame.0000,train,ai_042_002,0,0.02992520108819008,0.025845564901828766,0.3364885449409485,0.9901173710823059,3.599308490753174,-0.11203837394714355,0.8585801124572754,0.02379518561065197,0.019985176622867584,0.45001450181007385,0.9917500615119934,3.6729321479797363,-0.10968303680419922,0.8599379062652588,0.018490266054868698,0.016262132674455643,0.6207917332649231,0.9928029179573059,3.8041627407073975,-0.07556509971618652,0.8564516305923462,0.02101174369454384,0.01904209703207016,0.5419746041297913,0.9915415644645691,3.938615560531616,-0.053681373596191406,0.8519436717033386,0.05149911344051361,0.04586406052112579,0.1281467080116272,0.9694281816482544,0.9261304140090942,0.06715316325426102,0.05820547416806221,0.0354275181889534,0.9665798544883728,0.6712737679481506,0.04016486555337906,0.03497334197163582,0.2339680939912796,0.9778645634651184,0.9259188175201416,0.05011235550045967,0.04186270013451576,0.0748155415058136,0.983506977558136,0.6829509139060974,0.027937965467572212,0.024105092510581017,0.5599772334098816,0.9829372763633728,0.9164217710494995,0.0312807597219944,0.025664309039711952,0.4151475727558136,0.9866536259651184,0.6943924427032471,0.032320741564035416,0.029118100181221962,0.4674479067325592,0.9778103232383728,0.9094570875167847,0.03527097404003143,0.03107900172472,0.412651926279068,0.98583984375,0.7036008834838867
ai_034_001_cam_00_frame.0000,train,ai_034_001,0,0.044697266072034836,0.041401855647563934,0.3291117548942566,0.9718221426010132,2.8298585414886475,-0.027549266815185547,0.6973004937171936,0.03920594975352287,0.036145828664302826,0.4009959101676941,0.9716135859489441,2.870088577270508,-0.017891883850097656,0.7044052481651306,0.033274371176958084,0.03080294094979763,0.4451446533203125,0.970977783203125,2.9621784687042236,-0.006890058517456055,0.7176493406295776,0.031383901834487915,0.0293709859251976,0.3402608335018158,0.9703878164291382,3.0757904052734375,-0.01318359375,0.731346070766449,0.049641139805316925,0.043932512402534485,0.3434787392616272,0.9515516757965088,0.8438255190849304,0.031012827530503273,0.02567281760275364,0.3782552182674408,0.9967990517616272,0.6274751424789429,0.04348915442824364,0.038495469838380814,0.4816623330116272,0.9515516757965088,0.85261470079422,0.024485422298312187,0.020055638626217842,0.5912543535232544,0.9967448115348816,0.6470732688903809,0.03798326477408409,0.034575674682855606,0.4753689169883728,0.9516059160232544,0.8447783589363098,0.01956877112388611,0.01780109666287899,0.5062934160232544,0.9967448115348816,0.6474474668502808,0.039769239723682404,0.036352530121803284,0.3027072548866272,0.9518500566482544,0.8367561101913452,0.02398330718278885,0.022121930494904518,0.2022569477558136,0.9965277910232544,0.6413602828979492
ai_045_004_cam_01_frame.0099,train,ai_045_004,99,0.03223413974046707,0.027990935370326042,0.5858999490737915,0.9698015451431274,2.1778690814971924,-0.07847845554351807,0.7830591797828674,0.02823890559375286,0.024418937042355537,0.675086259841919,0.9697659015655518,2.2156193256378174,-0.07164168357849121,0.7834025621414185,0.02508147992193699,0.022312069311738014,0.6280995011329651,0.9824385046958923,2.2981791496276855,-0.06466281414031982,0.739682137966156,0.029979227110743523,0.027673210948705673,0.40981146693229675,0.9792283773422241,2.3969106674194336,-0.06547260284423828,0.7318235039710999,0.10588132590055466,0.0984455943107605,0.48883819580078125,0.8445222973823547,0.7172825932502747,0.023815833032131195,0.018361998721957207,0.48308077454566956,0.9994568228721619,0.5437116026878357,0.0952165499329567,0.08786623924970627,0.5268861055374146,0.8442235589027405,0.7095257639884949,0.021483495831489563,0.015805833041667938,0.5390799045562744,0.9988593459129333,0.5671123266220093,0.07677419483661652,0.07083185017108917,0.47949594259262085,0.9119819402694702,0.5887765884399414,0.020260602235794067,0.014797952026128769,0.5346260070800781,0.9978817105293274,0.5520408749580383,0.0858485996723175,0.08053035289049149,0.2817066013813019,0.8949812650680542,0.5853493213653564,0.02264849841594696,0.017684563994407654,0.38216283917427063,0.9977187514305115,0.5642155408859253
ai_035_009_cam_00_frame.0000,train,ai_035_009,0,0.03125376999378204,0.027807343751192093,0.40908902883529663,0.9966636300086975,2.444000482559204,-0.1383070945739746,0.8602672219276428,0.026071960106492043,0.02255687676370144,0.47109878063201904,0.9966330528259277,2.481173515319824,-0.1200098991394043,0.8689402341842651,0.021478742361068726,0.015841659158468246,0.5507476925849915,0.996444582939148,2.5907697677612305,-0.1472787857055664,0.8767250180244446,0.024034174159169197,0.01790543459355831,0.5170584917068481,0.9963529109954834,2.700813055038452,-0.1617448329925537,0.8724659085273743,0.011004257947206497,0.010098883882164955,0.7189127802848816,0.9992946982383728,0.7892845273017883,0.012474553659558296,0.011278101243078709,0.6999240517616272,0.9997287392616272,0.6278149485588074,0.009338160045444965,0.008265442214906216,0.7976887822151184,0.999267578125,0.8017200827598572,0.010213004425168037,0.008868260309100151,0.8070204257965088,0.9997287392616272,0.6448110342025757,0.008997972123324871,0.008180271834135056,0.7716742753982544,0.9992404580116272,0.835456132888794,0.011000597849488258,0.009997980669140816,0.69580078125,0.9996744990348816,0.6963667273521423,0.011297328397631645,0.010578895919024944,0.6689995527267456,0.9992404580116272,0.8559531569480896,0.014487932436168194,0.013593284413218498,0.54736328125,0.9996744990348816,0.7073158025741577
ai_019_001_cam_00_frame.0000,train,ai_019_001,0,0.048383474349975586,0.04582713544368744,0.2034352719783783,0.9933522939682007,5.610344886779785,0.3649106025695801,0.8881287574768066,0.04370078444480896,0.041598305106163025,0.2338968962430954,0.9933878779411316,5.694557189941406,0.3789653778076172,0.893401026725769,0.039095714688301086,0.03733421862125397,0.22222900390625,0.993560791015625,5.874216079711914,0.39382076263427734,0.8951098322868347,0.037770286202430725,0.03579382225871086,0.2368062436580658,0.9935862421989441,6.079162120819092,0.3868732452392578,0.8884372711181641,0.04352014511823654,0.0416703037917614,0.230712890625,0.9760199785232544,0.9696823954582214,0.03272316977381706,0.029721731320023537,0.4495442807674408,0.9847005009651184,0.6569234132766724,0.03822992369532585,0.03640167787671089,0.281005859375,0.975938618183136,0.9719898700714111,0.02769407629966736,0.024914052337408066,0.5322265625,0.9846462607383728,0.6731579303741455,0.03203161060810089,0.03006625920534134,0.3492838442325592,0.9766167402267456,0.9679870009422302,0.02262088656425476,0.020102838054299355,0.624620258808136,0.9851345419883728,0.6826200485229492,0.030695034191012383,0.028503669425845146,0.3291286826133728,0.9764540195465088,0.9690850973129272,0.0230021420866251,0.02074686624109745,0.5677083134651184,0.9857313632965088,0.688012421131134
ai_004_008_cam_00_frame.0000,train,ai_004_008,0,0.028773363679647446,0.026171501725912094,0.6301981806755066,0.9736785888671875,3.126307964324951,0.04946112632751465,0.7683197259902954,0.027329251170158386,0.024745887145400047,0.7448222041130066,0.972991943359375,3.185504674911499,0.053214311599731445,0.7655172944068909,0.028008978813886642,0.025059370324015617,0.7805735468864441,0.9705352783203125,3.309239625930786,0.06525230407714844,0.7519696354866028,0.03077082894742489,0.0275324285030365,0.6728159785270691,0.96929931640625,3.441047191619873,0.06933879852294922,0.7477803230285645,0.01592102274298668,0.01507935393601656,0.5959743857383728,0.998779296875,0.9766139388084412,0.021763691678643227,0.020733287557959557,0.3385959267616272,0.99853515625,0.7222785949707031,0.011912675574421883,0.01126745343208313,0.7251247763633728,0.9987521767616272,0.9777097702026367,0.014829086139798164,0.01411391794681549,0.5730251669883728,0.99853515625,0.7195150256156921,0.010831555351614952,0.010375513695180416,0.7933756709098816,0.9987250566482544,0.9781009554862976,0.012410711497068405,0.01181112788617611,0.7096896767616272,0.9984809160232544,0.7168611288070679,0.013470370322465897,0.012941242195665836,0.7183159589767456,0.9986979365348816,0.9774880409240723,0.016972949728369713,0.016176210716366768,0.607042133808136,0.9984809160232544,0.7111907601356506
ai_039_007_cam_00_frame.0099,train,ai_039_007,99,0.04070788994431496,0.03650972247123718,0.6158098578453064,0.9627407193183899,3.2922239303588867,-0.037583351135253906,0.6391283273696899,0.03272615745663643,0.029027393087744713,0.6908751130104065,0.9656766057014465,3.3611743450164795,-0.043808698654174805,0.6309202909469604,0.03116961568593979,0.027460915967822075,0.7187744975090027,0.9633605480194092,3.498464584350586,-0.04484701156616211,0.6191383600234985,0.03534768894314766,0.03160903602838516,0.6511476039886475,0.9583847522735596,3.6394994258880615,-0.04650592803955078,0.619118332862854,0.12147160619497299,0.11106593161821365,0.19892536103725433,0.8562234044075012,0.6615285277366638,0.11326982825994492,0.10181330889463425,0.09358762204647064,0.9497519731521606,0.26912784576416016,0.10433773696422577,0.09528211504220963,0.2859884202480316,0.8529168367385864,0.6499820351600647,0.08293837308883667,0.07384804636240005,0.12700755894184113,0.9486300945281982,0.25774678587913513,0.10208074748516083,0.0938899889588356,0.27196502685546875,0.8448866009712219,0.6396324038505554,0.07669850438833237,0.06927123665809631,0.15806566178798676,0.9413084387779236,0.2584282457828522,0.11008262634277344,0.10191325843334198,0.23039677739143372,0.828560471534729,0.640742838382721,0.08622860908508301,0.07920149713754654,0.10817193984985352,0.9283773899078369,0.261251300573349
ai_006_003_cam_00_frame.0000,train,ai_006_003,0,0.018715616315603256,0.016905423253774643,0.6084645986557007,0.9914652705192566,4.022511959075928,0.0502166748046875,0.8368937969207764,0.014932776801288128,0.01344479899853468,0.7145335078239441,0.9913889765739441,4.1084513664245605,0.04512166976928711,0.8522196412086487,0.01447651069611311,0.01306469738483429,0.76971435546875,0.99139404296875,4.278806686401367,0.03670549392700195,0.8533608913421631,0.016902947798371315,0.015286259353160858,0.6659800410270691,0.9901174306869507,4.449725151062012,0.039386749267578125,0.8493285179138184,0.024340452626347542,0.022545775398612022,0.3520236611366272,0.989366352558136,0.8976976871490479,0.02514534443616867,0.022339530289173126,0.2561849057674408,0.9928928017616272,0.694027304649353,0.018755638971924782,0.017245952039957047,0.5663791298866272,0.9893934726715088,0.8985524773597717,0.017799990251660347,0.015536225400865078,0.6145290732383728,0.993272602558136,0.7042608857154846,0.016111478209495544,0.014902187511324883,0.6909450888633728,0.990342915058136,0.892418384552002,0.01454317569732666,0.012978958897292614,0.71533203125,0.9950629472732544,0.7007306814193726,0.018438417464494705,0.016996197402477264,0.6521267294883728,0.9891764521598816,0.877945065498352,0.01649129018187523,0.014572051353752613,0.6877712607383728,0.9928928017616272,0.701163113117218
ai_010_009_cam_00_frame.0000,train,ai_010_009,0,0.04466327279806137,0.04163581505417824,0.2879599332809448,0.9509783983230591,3.527324914932251,0.026456832885742188,0.83859783411026,0.04202824831008911,0.03890980780124664,0.37031927704811096,0.9509376287460327,3.582076072692871,0.04133892059326172,0.8229404091835022,0.043255001306533813,0.03966524824500084,0.31718453764915466,0.9474404454231262,3.7153892517089844,0.035195350646972656,0.8041028380393982,0.045530807226896286,0.040694788098335266,0.34049907326698303,0.9462543725967407,3.8516416549682617,0.039319515228271484,0.7934111952781677,0.08471859991550446,0.07834134995937347,0.256890207529068,0.8712836503982544,0.8137388825416565,0.0888885110616684,0.08184846490621567,0.1917860209941864,0.8763563632965088,0.5988532304763794,0.08483139425516129,0.07847865670919418,0.2911512553691864,0.8747829794883728,0.7904221415519714,0.0906938910484314,0.08391749858856201,0.2362196147441864,0.8866102695465088,0.562038242816925,0.08907156437635422,0.08250182867050171,0.2763129472732544,0.8637966513633728,0.780811071395874,0.09960062056779861,0.09204892069101334,0.2929145097732544,0.8702799677848816,0.5344753861427307,0.09439114481210709,0.08730991929769516,0.1944715678691864,0.8611653447151184,0.7692157030105591,0.10858940333127975,0.0999859943985939,0.2102864533662796,0.8703342080116272,0.5204128623008728
ai_001_002_cam_00_frame.0000,train,ai_001_002,0,0.0465489998459816,0.031055942177772522,0.5110015869140625,0.9750213623046875,1.6952177286148071,0.16672658920288086,0.7936335206031799,0.043603844940662384,0.02887573093175888,0.4391276240348816,0.97503662109375,1.725942850112915,0.1545403003692627,0.790142834186554,0.04049627482891083,0.02800346538424492,0.3599039912223816,0.9753265380859375,1.7957162857055664,0.1282414197921753,0.779779314994812,0.03934995085000992,0.029444655403494835,0.3278300166130066,0.9755758047103882,1.8698865175247192,0.09958672523498535,0.7729949355125427,0.0875522643327713,0.06298699229955673,0.1937934011220932,0.9300944209098816,0.757172167301178,0.048876598477363586,0.019793812185525894,0.2804361879825592,0.9991862177848816,0.683139443397522,0.07942177355289459,0.055993545800447464,0.287163645029068,0.930040180683136,0.7439758777618408,0.041963886469602585,0.013825721107423306,0.464898020029068,0.9991862177848816,0.664147675037384,0.06795325875282288,0.04868728667497635,0.4133029580116272,0.9300673007965088,0.719887375831604,0.0321197435259819,0.00984570849686861,0.6600477695465088,0.9994574785232544,0.631996214389801,0.059454575181007385,0.04574556648731232,0.4701877236366272,0.930040180683136,0.7093971371650696,0.024746829643845558,0.011006418615579605,0.5300564169883728,0.999620258808136,0.5596203804016113
ai_038_006_cam_00_frame.0000,train,ai_038_006,0,0.1081673875451088,0.0949007198214531,0.1256086826324463,0.9362630248069763,8.865184783935547,-0.4923419952392578,0.7689177393913269,0.10262835770845413,0.0905366837978363,0.14801771938800812,0.9371773600578308,8.933098793029785,-0.4379312992095947,0.7635416388511658,0.09606730192899704,0.08607042580842972,0.2040533721446991,0.9375535845756531,9.075695991516113,-0.34968113899230957,0.7601757049560547,0.09653060138225555,0.08779079467058182,0.18837906420230865,0.9335879683494568,9.282533645629883,-0.2983551025390625,0.7525915503501892,0.1522652953863144,0.1438015103340149,0.0819336473941803,0.8480035662651062,0.7998673915863037,0.15957032144069672,0.15013495087623596,0.07022690027952194,0.8940232396125793,0.6678060293197632,0.15097558498382568,0.14242112636566162,0.08885138481855392,0.8511580228805542,0.7975565195083618,0.16054950654506683,0.15088951587677002,0.0748201459646225,0.8979524374008179,0.6545444130897522,0.1548239141702652,0.1461045742034912,0.07731260359287262,0.8515177965164185,0.7968533635139465,0.17195051908493042,0.16199369728565216,0.02075262926518917,0.894465982913971,0.64375239610672,0.16362179815769196,0.15445619821548462,0.07559700310230255,0.8302388191223145,0.7998810410499573,0.19042663276195526,0.17948397994041443,0.01859435625374317,0.8479800820350647,0.6448460817337036
ai_032_005_cam_00_frame.0000,train,ai_032_005,0,0.021138055250048637,0.01930764876306057,0.4841410517692566,0.9947408437728882,3.0682523250579834,0.021319866180419922,0.8796346783638,0.01738155260682106,0.015728529542684555,0.535003662109375,0.995208740234375,3.1310250759124756,0.021083354949951172,0.8823513984680176,0.01599038764834404,0.014210942201316357,0.6043650507926941,0.9964599609375,3.262986898422241,0.019098758697509766,0.8801335692405701,0.01748964935541153,0.015425965189933777,0.5718282461166382,0.996246337890625,3.3969075679779053,0.020266294479370117,0.8735103607177734,0.025037700310349464,0.022458620369434357,0.5218098759651184,0.9986165165901184,0.9339437484741211,0.03379655256867409,0.030095743015408516,0.4324001669883728,0.9992404580116272,0.8012802004814148,0.01921587623655796,0.017218422144651413,0.5331760048866272,0.9984809160232544,0.9381637573242188,0.023699628189206123,0.021172745153307915,0.4208984375,0.999131977558136,0.7965824007987976,0.01954854466021061,0.017541969195008278,0.498833566904068,0.9979383945465088,0.9225245714187622,0.021729955449700356,0.01931457780301571,0.4076063334941864,0.9986979365348816,0.789600133895874,0.02240864746272564,0.020225882530212402,0.44677734375,0.99658203125,0.9026840329170227,0.024399369955062866,0.021663814783096313,0.3863932192325592,0.9977213740348816,0.7891052961349487
ai_022_002_cam_00_frame.0000,train,ai_022_002,0,0.027076106518507004,0.024893958121538162,0.3346201777458191,0.9956461787223816,3.562673568725586,-0.12787246704101562,0.8089626431465149,0.02591707371175289,0.02367462031543255,0.3502248227596283,0.9957784414291382,3.630795478820801,-0.13106918334960938,0.8127819299697876,0.02494622766971588,0.022680461406707764,0.3767903745174408,0.9958089590072632,3.7700018882751465,-0.1179647445678711,0.8175478577613831,0.02731621265411377,0.025405127555131912,0.299224853515625,0.9952799677848816,3.9051785469055176,-0.08217859268188477,0.8105714917182922,0.03043898567557335,0.02862262725830078,0.3697102963924408,0.9953342080116272,0.7689959406852722,0.025953635573387146,0.02398695982992649,0.2572157084941864,0.997667133808136,0.884844958782196,0.02894028089940548,0.02714521624147892,0.373345285654068,0.9959038496017456,0.77438884973526,0.024392975494265556,0.022499961778521538,0.251030832529068,0.9977213740348816,0.8862705230712891,0.029974348843097687,0.028102094307541847,0.3070475161075592,0.9957953691482544,0.7759065628051758,0.02602667547762394,0.02402147836983204,0.1963975727558136,0.997667133808136,0.8797038197517395,0.03628915548324585,0.03421424701809883,0.1747775673866272,0.9958224892616272,0.7817040085792542,0.03350377082824707,0.03122941590845585,0.1277669221162796,0.9979383945465088,0.8724040389060974
ai_023_008_cam_00_frame.0000,train,ai_023_008,0,0.017814045771956444,0.015090912580490112,0.6715975999832153,0.9831846952438354,13.608591079711914,0.008737564086914062,0.6908590197563171,0.01524680107831955,0.01259190496057272,0.7521154284477234,0.9831907153129578,13.900657653808594,0.02892303466796875,0.7110134959220886,0.015888987109065056,0.013846876099705696,0.5200139284133911,0.9968973994255066,14.530906677246094,0.03325939178466797,0.6615805625915527,0.02248462475836277,0.020132949575781822,0.33566978573799133,0.9974374771118164,15.137696266174316,0.04706573486328125,0.660683274269104,0.014718207530677319,0.011284297332167625,0.5838602781295776,0.9999999403953552,0.5993576645851135,0.012293788604438305,0.007313783746212721,0.7355637550354004,1.0,0.7637811303138733,0.013958271592855453,0.009814341552555561,0.6586034893989563,0.9999999403953552,0.619422435760498,0.012863854877650738,0.00641464302316308,0.7989963293075562,1.0,0.7328661680221558,0.01727844588458538,0.012911616824567318,0.5515406727790833,0.9999999403953552,0.6407409906387329,0.01655653305351734,0.009569663554430008,0.6268986463546753,1.0,0.7022822499275208,0.022444607689976692,0.017655381932854652,0.3993776738643646,0.9999999403953552,0.652569055557251,0.022518184036016464,0.014764051884412766,0.4097691774368286,1.0,0.6494799852371216
ai_002_008_cam_00_frame.0099,train,ai_002_008,99,0.03160049021244049,0.029343459755182266,0.5253587961196899,0.9735649228096008,2.6453003883361816,-0.1417255401611328,0.7088200449943542,0.027459485456347466,0.02552018314599991,0.5369971990585327,0.9794465899467468,2.6853573322296143,-0.13629889488220215,0.7054504752159119,0.02205459587275982,0.020421616733074188,0.48641008138656616,0.9905251264572144,2.773332118988037,-0.13204431533813477,0.6906072497367859,0.02479235641658306,0.022473091259598732,0.45347902178764343,0.9863938093185425,2.86716890335083,-0.13963961601257324,0.6631308197975159,0.024981822818517685,0.023384351283311844,0.6169975996017456,0.9868435263633728,0.8197383880615234,0.013691015541553497,0.013043580576777458,0.716417133808136,0.994249165058136,0.5702856779098511,0.022565560415387154,0.020905787125229836,0.6498752236366272,0.9880642294883728,0.8178002834320068,0.012835096567869186,0.012058268301188946,0.7424587607383728,0.9954969882965088,0.5702268481254578,0.021224545314908028,0.019445380195975304,0.5698784589767456,0.9882541298866272,0.8061110973358154,0.014509406872093678,0.013576941564679146,0.586046040058136,0.9960395097732544,0.5682318806648254,0.025902122259140015,0.024328118190169334,0.3697102963924408,0.9875217080116272,0.7949604988098145,0.021069562062621117,0.020112305879592896,0.2875434160232544,0.9956597089767456,0.561378002166748
ai_055_005_cam_01_frame.0099,train,ai_055_005,99,0.12769579887390137,0.04009983688592911,0.2462945431470871,0.9796746969223022,2.9913384914398193,-0.023012161254882812,0.7005207538604736,0.12694051861763,0.038307927548885345,0.27464625239372253,0.9796136617660522,3.0536348819732666,-0.02477264404296875,0.6876170635223389,0.1262800693511963,0.036383483558893204,0.29914751648902893,0.9792473912239075,3.179227828979492,-0.031019210815429688,0.6746423840522766,0.12618906795978546,0.036149680614471436,0.28137555718421936,0.979049026966095,3.309725522994995,-0.041782379150390625,0.6680328249931335,0.1440538913011551,0.07020939141511917,0.1956922709941864,0.911973774433136,0.6244441270828247,0.12837406992912292,0.045289892703294754,0.1832139790058136,0.9772135615348816,0.4047490656375885,0.14325910806655884,0.06841094046831131,0.2123480886220932,0.9113227128982544,0.604083240032196,0.12836773693561554,0.04474888741970062,0.2143012136220932,0.9775933027267456,0.38704612851142883,0.14295358955860138,0.06681818515062332,0.2328016459941864,0.9095051884651184,0.5844131708145142,0.12919174134731293,0.04588567465543747,0.258355051279068,0.9764540195465088,0.3732437789440155,0.14337356388568878,0.06720879673957825,0.2652181088924408,0.9086642861366272,0.5743269920349121,0.13043859601020813,0.04861278086900711,0.2958441972732544,0.9764540195465088,0.3691757321357727
ai_028_002_cam_00_frame.0000,train,ai_028_002,0,0.057380542159080505,0.052066054195165634,0.4356576204299927,0.9135168790817261,3.0883049964904785,0.05454754829406738,0.48839595913887024,0.0520307794213295,0.04768602177500725,0.4774820804595947,0.9200671315193176,3.1682984828948975,0.037079811096191406,0.500826358795166,0.046852897852659225,0.04346410557627678,0.48354294896125793,0.9238799810409546,3.327298402786255,0.019186973571777344,0.5082982182502747,0.04936858266592026,0.045794084668159485,0.4385988414287567,0.9239309430122375,3.475903272628784,0.016741275787353516,0.5260010957717896,0.16533614695072174,0.16071836650371552,0.12109236419200897,0.6578452587127686,0.4553096890449524,0.036166612058877945,0.03425198793411255,0.23296630382537842,0.9867000579833984,0.8869213461875916,0.15288950502872467,0.14893968403339386,0.13586437702178955,0.686816930770874,0.47556057572364807,0.03114399127662182,0.029566289857029915,0.254878431558609,0.9865910410881042,0.8898483514785767,0.13630791008472443,0.13308046758174896,0.22359706461429596,0.7020795345306396,0.48391398787498474,0.02421697974205017,0.022950174286961555,0.4119699001312256,0.9868090748786926,0.8840019106864929,0.13383424282073975,0.13036181032657623,0.244010791182518,0.713172197341919,0.4893980026245117,0.023989655077457428,0.02265074849128723,0.4610269069671631,0.9868090748786926,0.8668501973152161
ai_044_008_cam_01_frame.0099,train,ai_044_008,99,0.08986004441976547,0.0776161327958107,0.1476033627986908,0.8674113154411316,5.660243034362793,-0.2782468795776367,0.7999057769775391,0.08235137164592743,0.07129226624965668,0.1854095458984375,0.9103292226791382,5.7867751121521,-0.3148155212402344,0.8001213669776917,0.07234732806682587,0.0637778788805008,0.1513417661190033,0.9539337158203125,6.040754318237305,-0.3142547607421875,0.7929084897041321,0.06567244231700897,0.057071708142757416,0.1762491911649704,0.9530894160270691,6.277004718780518,-0.3262748718261719,0.7810375094413757,0.07739850133657455,0.06515008956193924,0.1624891459941864,0.9524468183517456,0.7278757691383362,0.05250592902302742,0.03748801723122597,0.26123046875,0.9944118857383728,0.33831843733787537,0.0731031522154808,0.06258738040924072,0.1470540314912796,0.9526095986366272,0.7295687794685364,0.04424384608864784,0.03202323243021965,0.2425672709941864,0.9945204257965088,0.3235532343387604,0.07471644878387451,0.06754285842180252,0.10009765625,0.9524196982383728,0.7288923859596252,0.04366053640842438,0.03756827861070633,0.1675889790058136,0.9941948652267456,0.3022344708442688,0.07721342891454697,0.07038253545761108,0.1283908486366272,0.9524468183517456,0.7179775238037109,0.046403925865888596,0.04229317978024483,0.1802842915058136,0.9943034052848816,0.27517154812812805
ai_033_008_cam_00_frame.0000,train,ai_033_008,0,0.03599065914750099,0.032194968312978745,0.3118979036808014,0.9876605868339539,4.262291431427002,-0.01407623291015625,0.8576388955116272,0.029496941715478897,0.025983521714806557,0.39632055163383484,0.9877572059631348,4.346643924713135,-0.012189865112304688,0.8587101697921753,0.02738836407661438,0.024522684514522552,0.42415285110473633,0.9884336590766907,4.515153884887695,-0.02246713638305664,0.8540474772453308,0.03398752585053444,0.03136339783668518,0.27817055583000183,0.9886472821235657,4.689581394195557,-0.012681961059570312,0.8452436327934265,0.0447685681283474,0.04230518266558647,0.2314578741788864,0.9845369458198547,0.8305845260620117,0.048995714634656906,0.045660339295864105,0.12413867563009262,0.9844284057617188,0.7464786171913147,0.04074903205037117,0.038223206996917725,0.26444578170776367,0.9831534028053284,0.8371355533599854,0.043243683874607086,0.03966562822461128,0.20671693980693817,0.9842113852500916,0.7478498816490173,0.04105757549405098,0.038533978164196014,0.23398078978061676,0.9822852611541748,0.8322405219078064,0.04118640720844269,0.03747543320059776,0.23975910246372223,0.9831262826919556,0.7402343153953552,0.0470924898982048,0.04441063478589058,0.1745700240135193,0.9809017181396484,0.8218104839324951,0.047443997114896774,0.04338449984788895,0.1878357082605362,0.9836145639419556,0.7344308495521545
