id,split,scene,frame,k0_point_rel,k0_depth_rel,k0_depth_delta_1.01,k0_depth_delta_1.25,k0_alignment_scale,k0_alignment_z_shift,k0_boundary_f1,k1_point_rel,k1_depth_rel,k1_depth_delta_1.01,k1_depth_delta_1.25,k1_alignment_scale,k1_alignment_z_shift,k1_boundary_f1,k3_point_rel,k3_depth_rel,k3_depth_delta_1.01,k3_depth_delta_1.25,k3_alignment_scale,k3_alignment_z_shift,k3_boundary_f1,k5_point_rel,k5_depth_rel,k5_depth_delta_1.01,k5_depth_delta_1.25,k5_alignment_scale,k5_alignment_z_shift,k5_boundary_f1,k0_crop_point_rel,k0_crop_depth_rel,k0_crop_depth_delta_1.01,k0_crop_depth_delta_1.25,k0_crop_boundary_f1,k0_structure_point_rel,k0_structure_depth_rel,k0_structure_depth_delta_1.01,k0_structure_depth_delta_1.25,k0_structure_boundary_f1,k1_crop_point_rel,k1_crop_depth_rel,k1_crop_depth_delta_1.01,k1_crop_depth_delta_1.25,k1_crop_boundary_f1,k1_structure_point_rel,k1_structure_depth_rel,k1_structure_depth_delta_1.01,k1_structure_depth_delta_1.25,k1_structure_boundary_f1,k3_crop_point_rel,k3_crop_depth_rel,k3_crop_depth_delta_1.01,k3_crop_depth_delta_1.25,k3_crop_boundary_f1,k3_structure_point_rel,k3_structure_depth_rel,k3_structure_depth_delta_1.01,k3_structure_depth_delta_1.25,k3_structure_boundary_f1,k5_crop_point_rel,k5_crop_depth_rel,k5_crop_depth_delta_1.01,k5_crop_depth_delta_1.25,k5_crop_boundary_f1,k5_structure_point_rel,k5_structure_depth_rel,k5_structure_depth_delta_1.01,k5_structure_depth_delta_1.25,k5_structure_boundary_f1
ai_001_001_cam_00_frame.0000,train,ai_001_001,0,0.017059743404388428,0.01520056277513504,0.5033671259880066,0.9998525381088257,2.2193527221679688,0.04882955551147461,0.8607812523841858,0.011715027503669262,0.010387137532234192,0.680450439453125,0.9998423457145691,2.266449213027954,0.04841017723083496,0.851935863494873,0.008559570647776127,0.0074257925152778625,0.7832387685775757,0.9997304677963257,2.357177972793579,0.04605722427368164,0.8376221060752869,0.012623722665011883,0.011014081537723541,0.6002451777458191,0.9996897578239441,2.444772958755493,0.04918217658996582,0.80068439245224,,,,,,,,,,,,,,,,,,,,,,,,,,,,,,,,,,,,,,,,
ai_001_001_cam_00_frame.0014,train,ai_001_001,14,0.009294389747083187,0.008236175402998924,0.7128397822380066,0.9991048574447632,1.9617946147918701,0.008674979209899902,0.9046698212623596,0.011089733801782131,0.0095794927328825,0.7319183349609375,0.9991302490234375,1.9913098812103271,0.00566411018371582,0.885829746723175,0.02080760896205902,0.01779770664870739,0.3953806757926941,0.9989827871322632,2.0518569946289062,0.02245807647705078,0.7844763398170471,0.031329669058322906,0.026935961097478867,0.2891947627067566,0.9989166259765625,2.1158552169799805,0.035707712173461914,0.6772105693817139,,,,,,,,,,,,,,,,,,,,,,,,,,,,,,,,,,,,,,,,
ai_001_001_cam_00_frame.0028,train,ai_001_001,28,0.007966328412294388,0.00695491349324584,0.7901458740234375,0.9998525381088257,2.1108553409576416,0.05850815773010254,0.9241392016410828,0.005550806410610676,0.0049177552573382854,0.9168701171875,0.9999186396598816,2.1463418006896973,0.05268597602844238,0.9043282866477966,0.011569654569029808,0.010342409834265709,0.6805877685546875,0.9998931884765625,2.207439422607422,0.05573129653930664,0.8417580723762512,0.01941976137459278,0.017440473660826683,0.4570261836051941,0.9998931884765625,2.2677001953125,0.0547490119934082,0.8251209855079651,,,,,,,,,,,,,,,,,,,,,,,,,,,,,,,,,,,,,,,,
ai_001_001_cam_00_frame.0043,train,ai_001_001,43,0.006628558039665222,0.005759178660809994,0.8800048828125,0.9999491572380066,1.8389416933059692,0.03176403045654297,0.9050314426422119,0.006348572205752134,0.00553333293646574,0.8749746084213257,0.9999593496322632,1.855553388595581,0.031142473220825195,0.9296795129776001,0.010492049157619476,0.009456345811486244,0.6833750605583191,0.9999440908432007,1.892745852470398,0.033045291900634766,0.9103431701660156,0.017413251101970673,0.01590467058122158,0.4278157651424408,0.9999440908432007,1.9440637826919556,0.03151988983154297,0.9080868363380432,,,,,,,,,,,,,,,,,,,,,,,,,,,,,,,,,,,,,,,,
ai_001_001_cam_00_frame.0056,train,ai_001_001,56,0.007164218928664923,0.006417752709239721,0.8101247549057007,0.9998626708984375,1.6216304302215576,0.03955233097076416,0.8930015563964844,0.00569906085729599,0.004995027557015419,0.8953857421875,0.9999135732650757,1.6468576192855835,0.038800597190856934,0.8910045027732849,0.010107265785336494,0.009008068591356277,0.6557821035385132,0.9999338984489441,1.694839596748352,0.04233396053314209,0.8645355105400085,0.016173042356967926,0.014597835950553417,0.5034281611442566,0.9999338984489441,1.7428442239761353,0.04026174545288086,0.8468531370162964,,,,,,,,,,,,,,,,,,,,,,,,,,,,,,,,,,,,,,,,
ai_001_001_cam_00_frame.0071,train,ai_001_001,71,0.01734018698334694,0.013041293248534203,0.4699198603630066,0.9996592402458191,1.5725643634796143,0.07562625408172607,0.906225323677063,0.009815325029194355,0.007478650193661451,0.7536417841911316,0.9996439814567566,1.6029646396636963,0.052394866943359375,0.8913700580596924,0.010636716149747372,0.009588734246790409,0.6494293212890625,0.9996541738510132,1.6553257703781128,0.027022361755371094,0.8627637624740601,0.020509973168373108,0.01802094280719757,0.2994181513786316,0.9996185302734375,1.7018669843673706,0.006970763206481934,0.8394395112991333,,,,,,,,,,,,,,,,,,,,,,,,,,,,,,,,,,,,,,,,
ai_001_001_cam_00_frame.0085,train,ai_001_001,85,0.011035403236746788,0.009858125820755959,0.728057861328125,0.9995778799057007,2.0466718673706055,0.0442657470703125,0.9133549928665161,0.0073164477944374084,0.006528303027153015,0.83685302734375,0.9994659423828125,2.0744736194610596,0.04567074775695801,0.9165025949478149,0.009077481925487518,0.00808263011276722,0.7779948115348816,0.9992218017578125,2.1317248344421387,0.04634451866149902,0.9006494879722595,0.013525000773370266,0.012088438495993614,0.6454417109489441,0.9991251826286316,2.1850051879882812,0.04794740676879883,0.8822404742240906,,,,,,,,,,,,,,,,,,,,,,,,,,,,,,,,,,,,,,,,
ai_001_001_cam_00_frame.0099,train,ai_001_001,99,0.01925865188241005,0.013112807646393776,0.7656351923942566,0.9964854121208191,2.140594005584717,-0.07895088195800781,0.930290937423706,0.015144407749176025,0.010923443362116814,0.8059489130973816,0.9964396357536316,2.1575701236724854,-0.05069530010223389,0.9352659583091736,0.017131932079792023,0.014819279313087463,0.4956716001033783,0.9963633418083191,2.2021470069885254,-0.01188516616821289,0.9425778985023499,0.02220042422413826,0.019792795181274414,0.3479156494140625,0.9962565302848816,2.2642033100128174,-0.00014698505401611328,0.9353544116020203,,,,,,,,,,,,,,,,,,,,,,,,,,,,,,,,,,,,,,,,
ai_018_003_cam_00_frame.0000,train,ai_018_003,0,0.018575996160507202,0.016771741211414337,0.4473927915096283,0.9953104853630066,3.2084412574768066,0.05598640441894531,0.89738929271698,0.015391355380415916,0.013644691556692123,0.5738729238510132,0.9952901601791382,3.240729808807373,0.05020296573638916,0.8961328864097595,0.015480647794902325,0.013251528143882751,0.583160400390625,0.9952341914176941,3.3250606060028076,0.04940366744995117,0.8850481510162354,0.018451645970344543,0.016275105997920036,0.5623423457145691,0.9951833486557007,3.3889267444610596,0.07497549057006836,0.8773025274276733,,,,,,,,,,,,,,,,,,,,,,,,,,,,,,,,,,,,,,,,
ai_018_003_cam_00_frame.0014,train,ai_018_003,14,0.02087409794330597,0.017159737646579742,0.5004984736442566,0.9960378408432007,3.2269911766052246,0.11002993583679199,0.8504712581634521,0.017535019665956497,0.01484194677323103,0.5213877558708191,0.9962209463119507,3.260288953781128,0.09196901321411133,0.8476755619049072,0.016033172607421875,0.014212362468242645,0.5201619863510132,0.9962819814682007,3.3339180946350098,0.06231045722961426,0.8249918222427368,0.017796531319618225,0.016253307461738586,0.4432729184627533,0.9961395263671875,3.4113171100616455,0.039133548736572266,0.7857083082199097,,,,,,,,,,,,,,,,,,,,,,,,,,,,,,,,,,,,,,,,
ai_018_003_cam_00_frame.0028,train,ai_018_003,28,0.040961816906929016,0.03750183805823326,0.453369140625,0.9813079833984375,3.140972375869751,0.016877174377441406,0.7417789101600647,0.03494114428758621,0.031096789985895157,0.4641622006893158,0.9817556142807007,3.187513828277588,0.04294466972351074,0.7358226776123047,0.03120308741927147,0.02752773091197014,0.3942210078239441,0.9851023554801941,3.2850561141967773,0.05180501937866211,0.7189337015151978,0.03357498720288277,0.030163584277033806,0.3671010434627533,0.9907277822494507,3.38659930229187,0.02625894546508789,0.7084192037582397,,,,,,,,,,,,,,,,,,,,,,,,,,,,,,,,,,,,,,,,
ai_018_003_cam_00_frame.0042,train,ai_018_003,42,0.017385946586728096,0.015531129203736782,0.6808726191520691,0.994049072265625,2.6603150367736816,0.07857179641723633,0.9241054654121399,0.016736794263124466,0.014856871217489243,0.6629638671875,0.9965413808822632,2.6935248374938965,0.07505106925964355,0.917651891708374,0.019556164741516113,0.01701670140028,0.61016845703125,0.9961802363395691,2.7698841094970703,0.06771135330200195,0.9102593660354614,0.02513541840016842,0.022031676024198532,0.5367838740348816,0.9959360957145691,2.841703176498413,0.06446075439453125,0.8954954147338867,,,,,,,,,,,,,,,,,,,,,,,,,,,,,,,,,,,,,,,,
ai_018_003_cam_00_frame.0057,train,ai_018_003,57,0.023833846673369408,0.022085588425397873,0.221771240234375,0.9964193105697632,3.8510971069335938,-0.027842998504638672,0.9413193464279175,0.017222002148628235,0.016095690429210663,0.3619944453239441,0.9964091181755066,3.9213061332702637,-0.05488872528076172,0.9392670392990112,0.014723556116223335,0.012618246488273144,0.6322174072265625,0.9964141845703125,4.0512261390686035,-0.0796051025390625,0.9319314956665039,0.019650883972644806,0.016863111406564713,0.4838816523551941,0.9963226318359375,4.195251941680908,-0.09096527099609375,0.9069700837135315,,,,,,,,,,,,,,,,,,,,,,,,,,,,,,,,,,,,,,,,
ai_018_003_cam_00_frame.0071,train,ai_018_003,71,0.015179090201854706,0.013322415761649609,0.675994873046875,0.9978485107421875,2.7176220417022705,0.06250762939453125,0.9583240747451782,0.011837764643132687,0.009213842451572418,0.7471873164176941,0.9978841543197632,2.764169692993164,0.06687784194946289,0.9627865552902222,0.015318351797759533,0.012579550966620445,0.5917257070541382,0.9978383779525757,2.865556478500366,0.060349106788635254,0.954796314239502,0.025172865018248558,0.021906955167651176,0.379608154296875,0.9978434443473816,2.9587202072143555,0.048012733459472656,0.9467637538909912,,,,,,,,,,,,,,,,,,,,,,,,,,,,,,,,,,,,,,,,
ai_018_003_cam_00_frame.0085,train,ai_018_003,85,0.02358930930495262,0.020922675728797913,0.2674764096736908,0.9960988759994507,3.210047721862793,0.01161038875579834,0.8340563178062439,0.0189439058303833,0.017079457640647888,0.3897044062614441,0.9961700439453125,3.2618417739868164,0.026018381118774414,0.8297598361968994,0.01825740933418274,0.016623586416244507,0.4095357358455658,0.9959971308708191,3.384608507156372,0.039025187492370605,0.8376919627189636,0.025477703660726547,0.023041417822241783,0.30230712890625,0.9894561767578125,3.5162270069122314,0.04082989692687988,0.828548789024353,,,,,,,,,,,,,,,,,,,,,,,,,,,,,,,,,,,,,,,,
ai_018_003_cam_00_frame.0099,train,ai_018_003,99,0.01874992996454239,0.01734171435236931,0.4661814570426941,0.997772216796875,3.4206347465515137,0.06905341148376465,0.9449110627174377,0.017143599689006805,0.01603139564394951,0.4803670346736908,0.9978536367416382,3.4393320083618164,0.06582355499267578,0.9451521635055542,0.021153850480914116,0.01943174935877323,0.3002471923828125,0.9979197382926941,3.520336866378784,0.03749394416809082,0.9329196214675903,0.03181485831737518,0.028231468051671982,0.1909078061580658,0.9956411123275757,3.5983035564422607,-0.000209808349609375,0.9070547223091125,,,,,,,,,,,,,,,,,,,,,,,,,,,,,,,,,,,,,,,,
ai_036_002_cam_00_frame.0000,train,ai_036_002,0,0.06256696581840515,0.05363985896110535,0.3465830683708191,0.96337890625,3.4470183849334717,-0.2994041442871094,0.8876116871833801,0.05550379306077957,0.046419642865657806,0.4091542661190033,0.9696146845817566,3.496194839477539,-0.29105043411254883,0.8888837695121765,0.0500980019569397,0.039658963680267334,0.4171346127986908,0.9719340205192566,3.6052398681640625,-0.3244953155517578,0.8811448216438293,0.050333645194768906,0.03892849013209343,0.2973429560661316,0.9692179560661316,3.712094306945801,-0.3532390594482422,0.8717119097709656,,,,,,,,,,,,,,,,,,,,,,,,,,,,,,,,,,,,,,,,
ai_036_002_cam_00_frame.0014,train,ai_036_002,14,0.1004686951637268,0.07502701878547668,0.1994578093290329,0.9359945058822632,3.7052128314971924,-0.9793415069580078,0.8766606450080872,0.09000160545110703,0.06338395923376083,0.2445271909236908,0.9681905508041382,3.7690389156341553,-0.963526725769043,0.8659803867340088,0.07038100063800812,0.04653634876012802,0.2377115935087204,0.9769744873046875,3.8601293563842773,-0.7784252166748047,0.8224238753318787,0.06533356010913849,0.041893333196640015,0.3570404052734375,0.9787954092025757,3.954488754272461,-0.7078559398651123,0.8273239731788635,,,,,,,,,,,,,,,,,,,,,,,,,,,,,,,,,,,,,,,,
ai_036_002_cam_00_frame.0028,train,ai_036_002,28,0.0318872295320034,0.029967308044433594,0.1909434050321579,0.9936320185661316,3.4766900539398193,-0.10131311416625977,0.6981098651885986,0.025026071816682816,0.022481076419353485,0.3020833432674408,0.9938253164291382,3.533290386199951,-0.1165323257446289,0.6958971619606018,0.021197151392698288,0.015883654356002808,0.5276591181755066,0.9942067861557007,3.6477975845336914,-0.1631908416748047,0.6907542943954468,0.024389853700995445,0.01686970889568329,0.556640625,0.9940541982650757,3.7543087005615234,-0.1803131103515625,0.672544002532959,,,,,,,,,,,,,,,,,,,,,,,,,,,,,,,,,,,,,,,,
ai_036_002_cam_00_frame.0042,train,ai_036_002,42,0.03260011225938797,0.03158707916736603,0.3109690546989441,0.9965362548828125,3.4371726512908936,-0.5390195846557617,0.8085314631462097,0.026687955483794212,0.025207940489053726,0.3395843505859375,0.9965362548828125,3.4827868938446045,-0.5192375183105469,0.7907439470291138,0.021585239097476006,0.017926840111613274,0.4035288691520691,0.997222900390625,3.5930356979370117,-0.518587589263916,0.7673572897911072,0.02230210416018963,0.01665203645825386,0.4347636103630066,0.9973856806755066,3.7112889289855957,-0.5315670967102051,0.7516475319862366,,,,,,,,,,,,,,,,,,,,,,,,,,,,,,,,,,,,,,,,
ai_036_002_cam_00_frame.0057,train,ai_036_002,57,0.026385989040136337,0.02204044722020626,0.3502197265625,0.9904073476791382,2.9257516860961914,-0.18544483184814453,0.861495852470398,0.023549823090434074,0.01760592684149742,0.4570109248161316,0.9957224726676941,2.966492176055908,-0.18461894989013672,0.8517856597900391,0.02324976585805416,0.014880359172821045,0.5275217890739441,0.9985148310661316,3.0744237899780273,-0.21140408515930176,0.8285366892814636,0.026673167943954468,0.018123991787433624,0.3296559751033783,0.9985250234603882,3.171765089035034,-0.22169780731201172,0.8155049681663513,,,,,,,,,,,,,,,,,,,,,,,,,,,,,,,,,,,,,,,,
ai_036_002_cam_00_frame.0071,train,ai_036_002,71,0.03372050076723099,0.030874233692884445,0.2810429036617279,0.9892781376838684,3.7072596549987793,-0.4220128059387207,0.8265205025672913,0.02968401089310646,0.026582665741443634,0.35134050250053406,0.9894459843635559,3.763897180557251,-0.4202706813812256,0.818718433380127,0.02536419779062271,0.021380916237831116,0.4626336097717285,0.9894205331802368,3.8826091289520264,-0.41700077056884766,0.8029429912567139,0.025209203362464905,0.019569503143429756,0.5378140211105347,0.9894510507583618,4.009829998016357,-0.4207887649536133,0.776085376739502,,,,,,,,,,,,,,,,,,,,,,,,,,,,,,,,,,,,,,,,
ai_036_002_cam_00_frame.0085,train,ai_036_002,85,0.05970572680234909,0.05407915636897087,0.1493886411190033,0.9723714590072632,3.393862009048462,-0.6172294616699219,0.789079487323761,0.052523307502269745,0.04688672348856926,0.1360321044921875,0.9830373525619507,3.465743064880371,-0.6409149169921875,0.7710643410682678,0.04275058954954147,0.03680531680583954,0.1754404753446579,0.9852346181869507,3.581338882446289,-0.6434235572814941,0.7579848170280457,0.03936024010181427,0.03134634345769882,0.349151611328125,0.986572265625,3.689809560775757,-0.6322033405303955,0.7451292276382446,,,,,,,,,,,,,,,,,,,,,,,,,,,,,,,,,,,,,,,,
ai_036_002_cam_00_frame.0099,train,ai_036_002,99,0.02953057736158371,0.02499404549598694,0.3505401611328125,0.9878591299057007,3.6967456340789795,-0.056807518005371094,0.7155690789222717,0.02547028288245201,0.020279694348573685,0.392333984375,0.9917196035385132,3.7447803020477295,-0.08813047409057617,0.7230082750320435,0.024145513772964478,0.016399502754211426,0.5767263174057007,0.9915110468864441,3.8239998817443848,-0.09047961235046387,0.7139971852302551,0.029615571722388268,0.020619390532374382,0.4649709165096283,0.9914500117301941,3.9177911281585693,-0.11566972732543945,0.6986516714096069,,,,,,,,,,,,,,,,,,,,,,,,,,,,,,,,,,,,,,,,
ai_019_007_cam_00_frame.0000,train,ai_019_007,0,0.16585028171539307,0.15799427032470703,0.01849365234375,0.7713877558708191,2.685748338699341,-0.32475972175598145,0.8257423639297485,0.1580360382795334,0.1498829424381256,0.020111083984375,0.7755228877067566,2.7345781326293945,-0.3225586414337158,0.7824982404708862,0.14179036021232605,0.13126668334007263,0.0354461669921875,0.8277333974838257,2.7931573390960693,-0.2783787250518799,0.7208892703056335,0.13137859106063843,0.11839781701564789,0.0515492781996727,0.8545888662338257,2.8768224716186523,-0.2760481834411621,0.6963375806808472,,,,,,,,,,,,,,,,,,,,,,,,,,,,,,,,,,,,,,,,
ai_024_008_cam_00_frame.0099,train,ai_024_008,99,0.12179534137248993,0.115934818983078,0.0459849052131176,0.8778025507926941,10.857157707214355,0.8456516265869141,0.7810788154602051,0.11069577932357788,0.10428612679243088,0.0817159041762352,0.8902842402458191,11.041529655456543,0.8886833190917969,0.8017632365226746,0.10263077914714813,0.09437607228755951,0.173797607421875,0.89215087890625,11.275504112243652,1.1213979721069336,0.7894801497459412,0.10764819383621216,0.09793126583099365,0.1074269637465477,0.8736419677734375,11.44654369354248,1.3580131530761719,0.7675325274467468,,,,,,,,,,,,,,,,,,,,,,,,,,,,,,,,,,,,,,,,
ai_019_004_cam_00_frame.0000,train,ai_019_004,0,0.083576999604702,0.07709820568561554,0.1499837338924408,0.9406331777572632,1.982893705368042,-0.018580913543701172,0.9219875335693359,0.07171937823295593,0.06652691215276718,0.1678670346736908,0.9439341425895691,2.018951654434204,-0.03160262107849121,0.9195011258125305,0.058883558958768845,0.05450747162103653,0.2830657958984375,0.9439849853515625,2.0674490928649902,-0.04072451591491699,0.9064233303070068,0.0626194104552269,0.057432085275650024,0.28680419921875,0.9437510371208191,2.112070083618164,-0.04558086395263672,0.8971128463745117,,,,,,,,,,,,,,,,,,,,,,,,,,,,,,,,,,,,,,,,
ai_019_004_cam_00_frame.0099,train,ai_019_004,99,0.07834900915622711,0.07178850471973419,0.3901316523551941,0.9285176992416382,2.410677909851074,-0.11733722686767578,0.8572784662246704,0.07417665421962738,0.06741955876350403,0.4264984130859375,0.9287974238395691,2.4472711086273193,-0.12125539779663086,0.8536800146102905,0.07465320080518723,0.06783207505941391,0.3760528564453125,0.9312337636947632,2.5278961658477783,-0.1329503059387207,0.8398212194442749,0.07869818061590195,0.07153725624084473,0.3043314814567566,0.930877685546875,2.603012800216675,-0.14597368240356445,0.8298100233078003,,,,,,,,,,,,,,,,,,,,,,,,,,,,,,,,,,,,,,,,
ai_052_008_cam_01_frame.0099,train,ai_052_008,99,0.03677817061543465,0.032515570521354675,0.27149122953414917,0.9810148477554321,3.5727741718292236,-0.012678146362304688,0.8679416179656982,0.030518652871251106,0.026108551770448685,0.3766346573829651,0.9830807447433472,3.6182689666748047,-0.018746376037597656,0.8688749074935913,0.027045777067542076,0.021967725828289986,0.5287397503852844,0.9828721284866333,3.7066545486450195,-0.026540279388427734,0.8662514090538025,0.03329213708639145,0.027297118678689003,0.4824039936065674,0.9825718998908997,3.8186817169189453,-0.03554129600524902,0.8579670786857605,,,,,,,,,,,,,,,,,,,,,,,,,,,,,,,,,,,,,,,,
ai_026_013_cam_00_frame.0000,train,ai_026_013,0,0.07278924435377121,0.05336642265319824,0.1050923690199852,0.97998046875,18.815061569213867,0.4341297149658203,0.8527144193649292,0.0660601556301117,0.04314517229795456,0.1649271696805954,0.9841054677963257,19.044504165649414,0.30420875549316406,0.8444337248802185,0.06264004111289978,0.03680992126464844,0.2692464292049408,0.9865621328353882,19.885313034057617,-0.26946258544921875,0.8239740133285522,0.06770514696836472,0.04172521457076073,0.1950022429227829,0.9867960810661316,20.90269660949707,-1.0037841796875,0.8076156377792358,,,,,,,,,,,,,,,,,,,,,,,,,,,,,,,,,,,,,,,,
ai_055_006_cam_00_frame.0000,train,ai_055_006,0,0.06529401987791061,0.05618516355752945,0.1635487973690033,0.955718994140625,4.193083763122559,0.20608901977539062,0.8134858012199402,0.05896248668432236,0.0512322336435318,0.1769816130399704,0.9565328359603882,4.273004055023193,0.17682945728302002,0.8053997159004211,0.050551533699035645,0.0453716441988945,0.2934926450252533,0.9578857421875,4.430805683135986,0.11446666717529297,0.7888917326927185,0.0510093979537487,0.04592476412653923,0.3341573178768158,0.958831787109375,4.579803466796875,0.09822368621826172,0.7733624577522278,,,,,,,,,,,,,,,,,,,,,,,,,,,,,,,,,,,,,,,,
ai_054_008_cam_00_frame.0000,train,ai_054_008,0,0.07919888198375702,0.07474250346422195,0.3245730698108673,0.8849462866783142,4.508420467376709,-0.06865596771240234,0.4941869378089905,0.07149415463209152,0.0674983486533165,0.3871566951274872,0.8846206665039062,4.558280944824219,-0.060016632080078125,0.5006560683250427,0.0679083913564682,0.0638577789068222,0.4019962549209595,0.8853837847709656,4.667006015777588,-0.0573883056640625,0.49816423654556274,0.0717257559299469,0.06722299754619598,0.2700222432613373,0.8854957222938538,4.806344509124756,-0.059906959533691406,0.4842938482761383,0.09159400314092636,0.08934595435857773,0.11799049377441406,0.9251323938369751,0.7338448166847229,0.09321010857820511,0.08978130668401718,0.047846630215644836,0.9714332222938538,0.4773678183555603,0.07498333603143692,0.07312434166669846,0.18251188099384308,0.9260828495025635,0.7301106452941895,0.06817848980426788,0.06543829292058945,0.06728941202163696,0.9729538559913635,0.4776783585548401,0.06132104620337486,0.05972826108336449,0.27530211210250854,0.9256755113601685,0.731429398059845,0.047555238008499146,0.04531969502568245,0.2704067826271057,0.9725193977355957,0.49675342440605164,0.062246665358543396,0.0607612282037735,0.28374746441841125,0.9245621562004089,0.7230095863342285,0.0475701168179512,0.04552353918552399,0.25997936725616455,0.9720305800437927,0.4920331835746765
ai_044_009_cam_00_frame.0000,train,ai_044_009,0,0.12719093263149261,0.11724258959293365,0.2364044189453125,0.8556874990463257,4.6325764656066895,-0.2756195068359375,0.403110533952713,0.11795326322317123,0.1089944839477539,0.2809702754020691,0.8556874990463257,4.67598295211792,-0.2517976760864258,0.3751653730869293,0.10795420408248901,0.10062071681022644,0.377593994140625,0.8555806875228882,4.752666473388672,-0.1900806427001953,0.3294057250022888,0.1060178279876709,0.09921227395534515,0.3830108642578125,0.8555247187614441,4.8665690422058105,-0.1654350757598877,0.3107399344444275,,,,,,,,,,,,,,,,,,,,,,,,,,,,,,,,,,,,,,,,
ai_052_010_cam_00_frame.0000,train,ai_052_010,0,0.05338975787162781,0.04718475043773651,0.1161753386259079,0.9790395498275757,2.9456746578216553,-0.05591785907745361,0.8365140557289124,0.04361076280474663,0.03849632292985916,0.2383473813533783,0.9819234609603882,2.967237949371338,-0.029641389846801758,0.8232494592666626,0.03518865257501602,0.03188566491007805,0.2914327085018158,0.9814402461051941,2.987647533416748,0.03630375862121582,0.796943724155426,0.037082649767398834,0.03318711742758751,0.242523193359375,0.9810537099838257,3.036815881729126,0.06627273559570312,0.7722523212432861,,,,,,,,,,,,,,,,,,,,,,,,,,,,,,,,,,,,,,,,
ai_052_004_cam_00_frame.0000,train,ai_052_004,0,0.051528096199035645,0.04773610085248947,0.4050496518611908,0.9524282217025757,4.797943592071533,0.11588191986083984,0.7729812860488892,0.04938795417547226,0.04578481242060661,0.42144775390625,0.9544016718864441,4.8736958503723145,0.12020683288574219,0.7598771452903748,0.05115017294883728,0.047603413462638855,0.3696238398551941,0.9529063105583191,5.000735759735107,0.1428079605102539,0.7416706681251526,0.05475279316306114,0.05078743398189545,0.3222859799861908,0.9507650136947632,5.153467655181885,0.1566762924194336,0.72166508436203,,,,,,,,,,,,,,,,,,,,,,,,,,,,,,,,,,,,,,,,
ai_053_018_cam_00_frame.0000,train,ai_053_018,0,0.14519283175468445,0.12246239930391312,0.04926547035574913,0.8404124975204468,4.119367599487305,-0.19503140449523926,0.95145183801651,0.11438210308551788,0.09195601940155029,0.09319490939378738,0.8406261205673218,4.211381435394287,-0.2639789581298828,0.947404146194458,0.0955614447593689,0.06894122064113617,0.09636905789375305,0.9528710246086121,4.338842391967773,-0.36992549896240234,0.9193500876426697,0.09460918605327606,0.07079626619815826,0.09614524245262146,0.9461055994033813,4.413628578186035,-0.3236360549926758,0.9221323132514954,,,,,,,,,,,,,,,,,,,,,,,,,,,,,,,,,,,,,,,,
ai_054_006_cam_00_frame.0000,train,ai_054_006,0,0.036794666200876236,0.033106062561273575,0.4129079282283783,0.9714864492416382,3.076261281967163,0.0838007926940918,0.8164868354797363,0.031687572598457336,0.02871774137020111,0.5257772207260132,0.9748331904411316,3.118504047393799,0.07113838195800781,0.8073211908340454,0.03264359384775162,0.030001377686858177,0.464752197265625,0.9739583730697632,3.200934648513794,0.0636746883392334,0.7875312566757202,0.0377059169113636,0.03480255603790283,0.3383738398551941,0.9733073115348816,3.2813613414764404,0.0647726058959961,0.7702003121376038,,,,,,,,,,,,,,,,,,,,,,,,,,,,,,,,,,,,,,,,
ai_008_004_cam_00_frame.0000,train,ai_008_004,0,0.018882233649492264,0.01705954596400261,0.6053416132926941,0.9945220947265625,1.9139939546585083,0.061738014221191406,0.8919211030006409,0.015683874487876892,0.01406827848404646,0.6355336904525757,0.994415283203125,1.9365376234054565,0.06497573852539062,0.8861961364746094,0.014531116932630539,0.013108867220580578,0.6165822744369507,0.9937998652458191,1.9855908155441284,0.06751608848571777,0.8793075084686279,0.015227355062961578,0.013616803102195263,0.634674072265625,0.9930369257926941,2.0475995540618896,0.06586670875549316,0.8667780756950378,,,,,,,,,,,,,,,,,,,,,,,,,,,,,,,,,,,,,,,,
ai_027_009_cam_02_frame.0099,train,ai_027_009,99,0.03901955112814903,0.033750612288713455,0.3490142822265625,0.9805349111557007,1.856175184249878,0.04254150390625,0.9126399159431458,0.03213929384946823,0.027430877089500427,0.4105072021484375,0.98040771484375,1.879062294960022,0.040599822998046875,0.9142988324165344,0.028536509722471237,0.025388916954398155,0.4455769956111908,0.9799906611442566,1.9277034997940063,0.028959274291992188,0.9113497138023376,0.03282669559121132,0.029877498745918274,0.3619893491268158,0.9795786738395691,1.9796570539474487,0.016158580780029297,0.8993211984634399,,,,,,,,,,,,,,,,,,,,,,,,,,,,,,,,,,,,,,,,
ai_048_007_cam_00_frame.0001,train,ai_048_007,1,0.03655009716749191,0.034026555716991425,0.3609568476676941,0.980438232421875,2.2817769050598145,-0.02425980567932129,0.915923535823822,0.027872204780578613,0.02589559182524681,0.5005950927734375,0.98199462890625,2.3188679218292236,-0.03169143199920654,0.9156224131584167,0.026518192142248154,0.023885559290647507,0.5657450556755066,0.9825999140739441,2.3875370025634766,-0.04121112823486328,0.910377025604248,0.03679519519209862,0.03325602412223816,0.3719533383846283,0.9814351797103882,2.463416337966919,-0.051247596740722656,0.9014162421226501,,,,,,,,,,,,,,,,,,,,,,,,,,,,,,,,,,,,,,,,
ai_002_003_cam_00_frame.0000,train,ai_002_003,0,0.035563115030527115,0.03342922776937485,0.5119476318359375,0.9688314199447632,3.5117199420928955,-0.006280183792114258,0.8565795421600342,0.032509248703718185,0.030565258115530014,0.546539306640625,0.9691111445426941,3.559488534927368,-0.004997134208679199,0.8549062013626099,0.03144587203860283,0.029595738276839256,0.5451609492301941,0.966796875,3.657581090927124,-0.00042819976806640625,0.8422247171401978,0.035239897668361664,0.033037178218364716,0.4915873408317566,0.9640299677848816,3.7654519081115723,0.0056171417236328125,0.8259896636009216,,,,,,,,,,,,,,,,,,,,,,,,,,,,,,,,,,,,,,,,
ai_044_006_cam_01_frame.0099,train,ai_044_006,99,0.052075862884521484,0.04709041118621826,0.14984460175037384,0.977135956287384,5.011114120483398,-0.23711490631103516,0.7501760125160217,0.044424619525671005,0.03948165103793144,0.2122463583946228,0.9808796048164368,5.0558624267578125,-0.2121267318725586,0.7550894021987915,0.03612485155463219,0.030289780348539352,0.33548322319984436,0.98126620054245,5.15149450302124,-0.21935701370239258,0.7505694031715393,0.03843008726835251,0.0320877842605114,0.29636260867118835,0.9804421663284302,5.260246753692627,-0.228790283203125,0.7478629946708679,,,,,,,,,,,,,,,,,,,,,,,,,,,,,,,,,,,,,,,,
ai_027_005_cam_00_frame.0000,train,ai_027_005,0,0.07398633658885956,0.06759905070066452,0.1944224089384079,0.9270477294921875,8.578292846679688,-0.4996824264526367,0.8467314839363098,0.06967741996049881,0.06309215724468231,0.2379353940486908,0.9408925771713257,8.725356101989746,-0.49383544921875,0.8391416668891907,0.07243698835372925,0.06541518867015839,0.2234446257352829,0.9401906728744507,9.029661178588867,-0.5339488983154297,0.837062656879425,0.07919388264417648,0.07168810069561005,0.2079976499080658,0.9327901601791382,9.345819473266602,-0.5684871673583984,0.8182565569877625,,,,,,,,,,,,,,,,,,,,,,,,,,,,,,,,,,,,,,,,
ai_034_003_cam_00_frame.0000,train,ai_034_003,0,0.033250343054533005,0.03064441680908203,0.27630615234375,0.9823507070541382,5.409214019775391,-0.1459641456604004,0.8567183017730713,0.029609976336359978,0.027030091732740402,0.3849080502986908,0.9822540283203125,5.491341590881348,-0.15613555908203125,0.8482486605644226,0.03260849788784981,0.029552128165960312,0.3595072627067566,0.9820048213005066,5.651971340179443,-0.1715378761291504,0.8353585004806519,0.03939693421125412,0.035861797630786896,0.27972412109375,0.9813029170036316,5.816272735595703,-0.16126489639282227,0.8231526613235474,,,,,,,,,,,,,,,,,,,,,,,,,,,,,,,,,,,,,,,,
ai_045_005_cam_03_frame.0099,train,ai_045_005,99,0.09711627662181854,0.08166718482971191,0.1635640561580658,0.917755126953125,1.880774736404419,-0.025397777557373047,0.9123988151550293,0.09083296358585358,0.07908537238836288,0.1935323178768158,0.9173787832260132,1.9331598281860352,-0.07780742645263672,0.9180231094360352,0.07180215418338776,0.05732807517051697,0.3526255488395691,0.9168955683708191,1.9726957082748413,-0.09811162948608398,0.847935676574707,0.06565137207508087,0.045898742973804474,0.5250651240348816,0.9371541738510132,2.0211708545684814,-0.11667609214782715,0.8863916993141174,,,,,,,,,,,,,,,,,,,,,,,,,,,,,,,,,,,,,,,,
ai_009_001_cam_00_frame.0099,train,ai_009_001,99,0.03730113431811333,0.03458380326628685,0.39635124802589417,0.9760670065879822,4.983548641204834,0.007422447204589844,0.788764476776123,0.033411819487810135,0.030821260064840317,0.4256359934806824,0.9759035706520081,5.028858661651611,0.011323690414428711,0.7835399508476257,0.03611696884036064,0.03310098871588707,0.3257388174533844,0.9752128720283508,5.108862400054932,0.030719280242919922,0.775973916053772,0.04757829010486603,0.043869320303201675,0.23680366575717926,0.9741266965866089,5.203850269317627,0.030314922332763672,0.7617269158363342,,,,,,,,,,,,,,,,,,,,,,,,,,,,,,,,,,,,,,,,
ai_055_002_cam_01_frame.0099,train,ai_055_002,99,0.04174456745386124,0.0358450785279274,0.3245391845703125,0.978302001953125,3.064039707183838,0.07604217529296875,0.5618733167648315,0.03508231043815613,0.030212124809622765,0.3907928466796875,0.97906494140625,3.1061668395996094,0.06548070907592773,0.5630364418029785,0.03737613558769226,0.03414269536733627,0.2518666684627533,0.9788615107536316,3.1796042919158936,0.03264045715332031,0.5446692705154419,0.049432843923568726,0.04551278054714203,0.167877197265625,0.9785512685775757,3.2617275714874268,0.027287006378173828,0.5162794589996338,,,,,,,,,,,,,,,,,,,,,,,,,,,,,,,,,,,,,,,,
ai_044_002_cam_01_frame.0099,train,ai_044_002,99,0.078632652759552,0.024665234610438347,0.36342594027519226,0.9937325716018677,5.867807865142822,-0.05358600616455078,0.8106164336204529,0.07692960649728775,0.02180168591439724,0.3742617070674896,0.9952129125595093,5.929716110229492,-0.036501407623291016,0.8092877268791199,0.07798539102077484,0.025860683992505074,0.32857340574264526,0.9950551986694336,6.102502346038818,-0.042204856872558594,0.7799388766288757,0.08106856048107147,0.031969934701919556,0.2315397560596466,0.9939818382263184,6.291813373565674,-0.047626495361328125,0.7577645778656006,,,,,,,,,,,,,,,,,,,,,,,,,,,,,,,,,,,,,,,,
ai_043_002_cam_00_frame.0000,val,ai_043_002,0,0.017498577013611794,0.015846513211727142,0.46806809306144714,0.994308352470398,3.053229808807373,0.08961200714111328,0.8828620910644531,0.016617903485894203,0.015136740170419216,0.5281476378440857,0.9942677021026611,3.0964553356170654,0.08315110206604004,0.873261570930481,0.01751919463276863,0.015957627445459366,0.5401920080184937,0.9938862323760986,3.1942577362060547,0.0761570930480957,0.8581196665763855,0.021022748202085495,0.019145864993333817,0.380435973405838,0.9937946796417236,3.2982397079467773,0.07998847961425781,0.8376381397247314,,,,,,,,,,,,,,,,,,,,,,,,,,,,,,,,,,,,,,,,
ai_043_002_cam_00_frame.0014,val,ai_043_002,14,0.015935322269797325,0.014133794233202934,0.5637874603271484,0.9942880272865295,3.6788699626922607,0.08080291748046875,0.9142836928367615,0.01436559110879898,0.012789751403033733,0.6899687647819519,0.9941049218177795,3.751558542251587,0.06350851058959961,0.9126452207565308,0.015474173240363598,0.013894373551011086,0.6767239570617676,0.9932554960250854,3.891486406326294,0.04813098907470703,0.8984867334365845,0.02066607028245926,0.01865699142217636,0.4539840817451477,0.9923349022865295,4.034822463989258,0.048450469970703125,0.880622386932373,,,,,,,,,,,,,,,,,,,,,,,,,,,,,,,,,,,,,,,,
ai_043_002_cam_00_frame.0028,val,ai_043_002,28,0.03270525112748146,0.029872654005885124,0.3536233603954315,0.9903204441070557,2.773146629333496,-0.013557910919189453,0.8189338445663452,0.034776199609041214,0.03189171850681305,0.27670538425445557,0.9907273650169373,2.8168411254882812,-0.009086132049560547,0.8012295365333557,0.036796972155570984,0.033752720803022385,0.2531447410583496,0.9909206032752991,2.9110472202301025,-0.0036840438842773438,0.7908467650413513,0.03988012298941612,0.03661905974149704,0.21792583167552948,0.9906510710716248,3.019092321395874,-0.000827789306640625,0.7727503180503845,,,,,,,,,,,,,,,,,,,,,,,,,,,,,,,,,,,,,,,,
ai_043_002_cam_00_frame.0042,val,ai_043_002,42,0.022951122373342514,0.021516507491469383,0.2239057868719101,0.994186282157898,3.566992998123169,0.08078503608703613,0.8257930278778076,0.02270818129181862,0.021298160776495934,0.21512676775455475,0.994064211845398,3.616581678390503,0.07239866256713867,0.831243634223938,0.023917661979794502,0.022335322573781013,0.2896263897418976,0.9941760897636414,3.719367742538452,0.05884981155395508,0.8131116628646851,0.027208782732486725,0.025199836120009422,0.2378881424665451,0.9940235018730164,3.8431637287139893,0.04592418670654297,0.8010832667350769,,,,,,,,,,,,,,,,,,,,,,,,,,,,,,,,,,,,,,,,
ai_043_002_cam_00_frame.0057,val,ai_043_002,57,0.05590583756566048,0.04954070970416069,0.22196224331855774,0.978570818901062,1.6477468013763428,0.11059379577636719,0.8133858442306519,0.05330026149749756,0.04685797169804573,0.24997329711914062,0.9826857447624207,1.6718796491622925,0.10484147071838379,0.800812304019928,0.05241133272647858,0.04565849527716637,0.23335079848766327,0.9841964244842529,1.7153854370117188,0.09653472900390625,0.7790918946266174,0.052801553159952164,0.046169888228178024,0.19920040667057037,0.9810733795166016,1.766252040863037,0.07285594940185547,0.7568422555923462,,,,,,,,,,,,,,,,,,,,,,,,,,,,,,,,,,,,,,,,
ai_043_002_cam_00_frame.0071,val,ai_043_002,71,0.27724817395210266,0.06108860298991203,0.0662282332777977,0.9880880117416382,2.1629457473754883,-0.2820652723312378,0.8978129625320435,0.2663803696632385,0.06534470617771149,0.0628611296415329,0.9902395009994507,2.1967275142669678,-0.2682967185974121,0.90189528465271,0.33346816897392273,0.12285711616277695,0.01787312887609005,0.9019826650619507,2.226522207260132,-0.3055365979671478,0.5189210176467896,0.4741978645324707,0.4276857376098633,0.0363362655043602,0.3821156919002533,0.8253828883171082,-0.04347001016139984,0.3702646791934967,,,,,,,,,,,,,,,,,,,,,,,,,,,,,,,,,,,,,,,,
ai_043_002_cam_00_frame.0085,val,ai_043_002,85,0.025068137794733047,0.02180781587958336,0.3667958676815033,0.9952799677848816,2.720210552215576,-0.08545470237731934,0.8691239953041077,0.025145839899778366,0.021808795630931854,0.3828175961971283,0.9942626953125,2.7668800354003906,-0.08571338653564453,0.8539353013038635,0.026021651923656464,0.022377535700798035,0.3741658627986908,0.9920806884765625,2.864058017730713,-0.09463000297546387,0.8247472643852234,0.029706984758377075,0.025822890922427177,0.2965240478515625,0.9907786250114441,2.9679408073425293,-0.10327959060668945,0.7901695370674133,,,,,,,,,,,,,,,,,,,,,,,,,,,,,,,,,,,,,,,,
ai_043_002_cam_00_frame.0099,val,ai_043_002,99,0.024377211928367615,0.022436043247580528,0.4120402932167053,0.9916585087776184,3.105865240097046,0.04723310470581055,0.868013322353363,0.02640700154006481,0.02411590702831745,0.3394996225833893,0.9916737675666809,3.160024404525757,0.03489828109741211,0.8628304600715637,0.029528630897402763,0.02603566087782383,0.30079805850982666,0.9907734990119934,3.274885654449463,0.006476402282714844,0.8564512729644775,0.03340117260813713,0.029153726994991302,0.29576772451400757,0.9898477792739868,3.390806198120117,-0.006594657897949219,0.837273359298706,,,,,,,,,,,,,,,,,,,,,,,,,,,,,,,,,,,,,,,,
ai_047_001_cam_00_frame.0000,val,ai_047_001,0,0.1034460961818695,0.09395160526037216,0.07781982421875,0.9471232295036316,3.30867075920105,-0.08368444442749023,0.8771029710769653,0.10365818440914154,0.09436216205358505,0.0800628662109375,0.9466094970703125,3.360140562057495,-0.0858011245727539,0.8661113977432251,0.10414939373731613,0.0946091040968895,0.0809834823012352,0.9457957148551941,3.4644219875335693,-0.10102593898773193,0.8475087285041809,0.10612775385379791,0.09593789279460907,0.1000773161649704,0.9438934326171875,3.5618178844451904,-0.08310413360595703,0.8308382034301758,,,,,,,,,,,,,,,,,,,,,,,,,,,,,,,,,,,,,,,,
ai_047_001_cam_00_frame.0014,val,ai_047_001,14,0.1038082093000412,0.08838874101638794,0.0642445906996727,0.9386698603630066,2.8455424308776855,0.10491597652435303,0.8431363701820374,0.09810195863246918,0.08318149298429489,0.0803426131606102,0.9409383535385132,2.872833490371704,0.12608277797698975,0.8167949318885803,0.09596644341945648,0.08279313147068024,0.1109720915555954,0.9463704824447632,2.919748067855835,0.17661809921264648,0.7548102140426636,0.10323478281497955,0.08912195265293121,0.0844624862074852,0.9436849355697632,2.9816441535949707,0.18907880783081055,0.7027145624160767,,,,,,,,,,,,,,,,,,,,,,,,,,,,,,,,,,,,,,,,
ai_047_001_cam_00_frame.0028,val,ai_047_001,28,0.11660629510879517,0.11313977092504501,0.042755126953125,0.9337260127067566,3.391678810119629,0.44672441482543945,0.8703572154045105,0.11304875463247299,0.1091499924659729,0.0362803153693676,0.9360097646713257,3.4178881645202637,0.4273204803466797,0.852161705493927,0.10800384730100632,0.10251112282276154,0.0507609061896801,0.9378306269645691,3.4816479682922363,0.3885331153869629,0.7998319268226624,0.10570460557937622,0.0982980951666832,0.0545603446662426,0.9358927607536316,3.5615761280059814,0.3478083610534668,0.7640148401260376,,,,,,,,,,,,,,,,,,,,,,,,,,,,,,,,,,,,,,,,
ai_047_001_cam_00_frame.0042,val,ai_047_001,42,0.13679611682891846,0.12559792399406433,0.03058370016515255,0.945098876953125,3.1855854988098145,0.44663023948669434,0.8879252076148987,0.13991352915763855,0.12718744575977325,0.028656005859375,0.9270731806755066,3.2127790451049805,0.5106227397918701,0.8789991140365601,0.1448459029197693,0.13060906529426575,0.0383351668715477,0.9207000732421875,3.287752628326416,0.5464539527893066,0.8664597272872925,0.1495441049337387,0.13343524932861328,0.0360666923224926,0.912872314453125,3.3450868129730225,0.5625832080841064,0.8530959486961365,0.06858653575181961,0.06753679364919662,0.0314670130610466,0.9806857705116272,0.8644960522651672,0.0836334228515625,0.08223848789930344,0.0439453125,0.9821506142616272,0.7565681338310242,0.07006464153528214,0.06890950351953506,0.02888997457921505,0.9813368320465088,0.8520342111587524,0.08860138058662415,0.08706109970808029,0.0423177070915699,0.9799262285232544,0.7660053968429565,0.07271022349596024,0.07128281146287918,0.0551215298473835,0.9805229902267456,0.842011570930481,0.09016495943069458,0.08848749846220016,0.0621744804084301,0.9782986044883728,0.7764129638671875,0.07632996141910553,0.07482580095529556,0.0294053815305233,0.9799533486366272,0.827424168586731,0.0882403776049614,0.08646688610315323,0.0412868931889534,0.9805229902267456,0.7842634916305542
ai_047_001_cam_00_frame.0057,val,ai_047_001,57,0.0993543192744255,0.0916796550154686,0.0717366561293602,0.9408721923828125,2.885887622833252,0.09199273586273193,0.8655434846878052,0.09684807062149048,0.08836882561445236,0.0809224471449852,0.9432525634765625,2.9228477478027344,0.0921173095703125,0.8631740212440491,0.0972176194190979,0.08723821491003036,0.0880076140165329,0.9421844482421875,2.9981799125671387,0.07486152648925781,0.845634937286377,0.10018642246723175,0.08848603069782257,0.0833485946059227,0.9346466064453125,3.0752882957458496,0.06737661361694336,0.8271918296813965,,,,,,,,,,,,,,,,,,,,,,,,,,,,,,,,,,,,,,,,
ai_047_001_cam_00_frame.0071,val,ai_047_001,71,0.1261194944381714,0.12076153606176376,0.04925537109375,0.9041595458984375,3.0411040782928467,0.06253933906555176,0.8823825716972351,0.12749585509300232,0.12186430394649506,0.0500284843146801,0.9024556875228882,3.0796070098876953,0.06626033782958984,0.8790572285652161,0.12732218205928802,0.12143265455961227,0.0500437431037426,0.897308349609375,3.1786303520202637,0.05641627311706543,0.861774206161499,0.1282997578382492,0.12104692310094833,0.0529022216796875,0.89044189453125,3.2556893825531006,0.07845616340637207,0.8453959226608276,,,,,,,,,,,,,,,,,,,,,,,,,,,,,,,,,,,,,,,,
ai_047_001_cam_00_frame.0085,val,ai_047_001,85,0.10499690473079681,0.10012084245681763,0.0751393660902977,0.9320577383041382,3.403367042541504,0.06473636627197266,0.8370683789253235,0.10507631301879883,0.1001657247543335,0.072296142578125,0.9311879873275757,3.4360923767089844,0.06760644912719727,0.8234808444976807,0.10541395843029022,0.10049301385879517,0.0654347762465477,0.9288330078125,3.510542869567871,0.06698799133300781,0.789130449295044,0.10771556943655014,0.10268503427505493,0.0650787353515625,0.9287618398666382,3.577653646469116,0.06803345680236816,0.7578789591789246,,,,,,,,,,,,,,,,,,,,,,,,,,,,,,,,,,,,,,,,
ai_047_001_cam_00_frame.0099,val,ai_047_001,99,0.13860638439655304,0.1322373002767563,0.0645345076918602,0.7634938955307007,2.6755499839782715,0.35188496112823486,0.9200353622436523,0.13788872957229614,0.13094612956047058,0.0707448348402977,0.7712453603744507,2.705303192138672,0.33978891372680664,0.9139289259910583,0.13692829012870789,0.12876901030540466,0.0614776611328125,0.786468505859375,2.765087366104126,0.3227121829986572,0.9005858302116394,0.13932070136070251,0.13085976243019104,0.0507659912109375,0.7910817861557007,2.824941873550415,0.31871986389160156,0.8770354390144348,,,,,,,,,,,,,,,,,,,,,,,,,,,,,,,,,,,,,,,,
ai_046_001_cam_00_frame.0000,test,ai_046_001,0,0.05748320743441582,0.052998729050159454,0.2521464228630066,0.9624481201171875,4.23872184753418,0.11899089813232422,0.8186911940574646,0.057326070964336395,0.052919767796993256,0.2757161557674408,0.9611562490463257,4.304481506347656,0.10901117324829102,0.8158224821090698,0.05959215760231018,0.05507969483733177,0.2637125849723816,0.9591064453125,4.4261345863342285,0.11516761779785156,0.8084735870361328,0.06353455781936646,0.05874001607298851,0.248199462890625,0.9538472890853882,4.562554836273193,0.12430334091186523,0.7968606948852539,0.08236898481845856,0.07966667413711548,0.0987955704331398,0.9156901240348816,0.9142277836799622,0.09043139219284058,0.08720193058252335,0.1322157084941864,0.8914930820465088,0.8575609922409058,0.08439884334802628,0.081642746925354,0.1027018204331398,0.9132758378982544,0.9136723279953003,0.09275321662425995,0.08941793441772461,0.13232421875,0.8859049677848816,0.8550696969032288,0.090348981320858,0.08750780671834946,0.116102434694767,0.9136555790901184,0.902499794960022,0.09771348536014557,0.09428643435239792,0.1667209267616272,0.88427734375,0.8494537472724915,0.09712379425764084,0.09421461820602417,0.110107421875,0.909532368183136,0.8879426121711731,0.1055673137307167,0.10197165608406067,0.1586371511220932,0.8674587607383728,0.8301458358764648
ai_046_001_cam_00_frame.0014,test,ai_046_001,14,0.05696135014295578,0.0508350245654583,0.2606608271598816,0.9579061269760132,3.85184645652771,0.15126347541809082,0.806850790977478,0.05800042301416397,0.052092596888542175,0.2652740478515625,0.9573974609375,3.9094700813293457,0.14131975173950195,0.7944958209991455,0.06152280420064926,0.055869098752737045,0.260009765625,0.9548594355583191,4.045202732086182,0.12024736404418945,0.7797080278396606,0.0658273920416832,0.06034331023693085,0.2430674284696579,0.9541117548942566,4.187833786010742,0.10036373138427734,0.7685727477073669,,,,,,,,,,,,,,,,,,,,,,,,,,,,,,,,,,,,,,,,
ai_046_001_cam_00_frame.0028,test,ai_046_001,28,0.02779195085167885,0.022692490369081497,0.4244384765625,0.99835205078125,3.0721278190612793,0.17258262634277344,0.8467854857444763,0.031171446666121483,0.025950660929083824,0.352508544921875,0.998382568359375,3.1075069904327393,0.17978715896606445,0.8368520140647888,0.03941885381937027,0.03247607871890068,0.3131459653377533,0.9984334707260132,3.175952911376953,0.22026872634887695,0.8161689043045044,0.04779287427663803,0.03956500440835953,0.2512664794921875,0.9984690546989441,3.2427244186401367,0.25360536575317383,0.7898547649383545,,,,,,,,,,,,,,,,,,,,,,,,,,,,,,,,,,,,,,,,
ai_046_001_cam_00_frame.0042,test,ai_046_001,42,0.017842452973127365,0.016050662845373154,0.6052398681640625,0.9931895136833191,3.4262502193450928,0.02315378189086914,0.8594956398010254,0.018918588757514954,0.017092525959014893,0.5755615234375,0.9930064082145691,3.4744985103607178,0.021446704864501953,0.8473183512687683,0.023122474551200867,0.02092330902814865,0.4585723876953125,0.9927419424057007,3.5800724029541016,0.010896444320678711,0.8160058259963989,0.028837736696004868,0.026119191199541092,0.3606007993221283,0.9924215078353882,3.6912918090820312,0.004518032073974609,0.792447566986084,,,,,,,,,,,,,,,,,,,,,,,,,,,,,,,,,,,,,,,,
ai_046_001_cam_00_frame.0057,test,ai_046_001,57,0.1315183937549591,0.11920567601919174,0.1398518979549408,0.8684946894645691,2.281477928161621,-0.23941802978515625,0.8003515005111694,0.13030476868152618,0.11791841685771942,0.1683247983455658,0.8725942373275757,2.3128468990325928,-0.24252605438232422,0.7896042466163635,0.1318671703338623,0.11971011757850647,0.1510162353515625,0.8647054433822632,2.352257490158081,-0.22494792938232422,0.7683480381965637,0.13609768450260162,0.1238568052649498,0.1563212126493454,0.8456166982650757,2.3840417861938477,-0.21021175384521484,0.7553423643112183,,,,,,,,,,,,,,,,,,,,,,,,,,,,,,,,,,,,,,,,
ai_046_001_cam_00_frame.0071,test,ai_046_001,71,0.04311904311180115,0.03860379010438919,0.120880126953125,0.9742991328239441,3.587186813354492,-0.04248619079589844,0.7491156458854675,0.040989503264427185,0.03700122609734535,0.1488240659236908,0.9745585322380066,3.630807399749756,-0.026998519897460938,0.7409182786941528,0.03772639483213425,0.035104986280202866,0.2632700800895691,0.974639892578125,3.729050397872925,0.029933452606201172,0.7311216592788696,0.03873737156391144,0.036348551511764526,0.3000437617301941,0.9744313955307007,3.8363149166107178,0.056775808334350586,0.720487654209137,,,,,,,,,,,,,,,,,,,,,,,,,,,,,,,,,,,,,,,,
ai_046_001_cam_00_frame.0085,test,ai_046_001,85,0.10425174236297607,0.09436377882957458,0.2625630795955658,0.895843505859375,2.5094642639160156,-0.17498397827148438,0.7672046422958374,0.10728853940963745,0.09719064086675644,0.2254893034696579,0.89141845703125,2.5405995845794678,-0.18368446826934814,0.7467322945594788,0.11046724021434784,0.10009413212537766,0.2120412290096283,0.883056640625,2.6018917560577393,-0.19192731380462646,0.7115885615348816,0.11422818899154663,0.1035335510969162,0.1687113493680954,0.8800608515739441,2.664869546890259,-0.19699859619140625,0.69073086977005,,,,,,,,,,,,,,,,,,,,,,,,,,,,,,,,,,,,,,,,
ai_046_001_cam_00_frame.0099,test,ai_046_001,99,0.030607376247644424,0.026797588914632797,0.7422282099723816,0.9771830439567566,3.359713554382324,-0.023744583129882812,0.8837641477584839,0.03155583143234253,0.0273995753377676,0.686981201171875,0.9750875234603882,3.3999950885772705,-0.03310680389404297,0.8832526803016663,0.03593036159873009,0.031160518527030945,0.4844818115234375,0.9736684560775757,3.4782626628875732,-0.04527091979980469,0.8690900802612305,0.040998250246047974,0.03584892302751541,0.3784942626953125,0.9717559814453125,3.559265375137329,-0.049681663513183594,0.8531413674354553,,,,,,,,,,,,,,,,,,,,,,,,,,,,,,,,,,,,,,,,
ai_050_001_cam_00_frame.0000,test,ai_050_001,0,0.1017870157957077,0.10013902187347412,0.0214385986328125,0.9912465810775757,2.7057888507843018,0.32180333137512207,0.8758550882339478,0.10213389992713928,0.10063257068395615,0.0198618583381176,0.9911041259765625,2.7238895893096924,0.32655882835388184,0.8699887990951538,0.1025925725698471,0.1007702648639679,0.022796630859375,0.9901072382926941,2.7779672145843506,0.3181464672088623,0.8527678847312927,0.10352098196744919,0.10119426250457764,0.0259246826171875,0.989593505859375,2.839663028717041,0.3199979066848755,0.8252591490745544,,,,,,,,,,,,,,,,,,,,,,,,,,,,,,,,,,,,,,,,
ai_050_001_cam_00_frame.0014,test,ai_050_001,14,0.09241264313459396,0.09085850417613983,0.0760345458984375,0.9599558711051941,2.8643288612365723,0.5653550624847412,0.87967449426651,0.09277581423521042,0.09099805355072021,0.0906168669462204,0.9594370722770691,2.8927571773529053,0.5588383674621582,0.8549251556396484,0.09412509202957153,0.09175845235586166,0.0960489958524704,0.9620513916015625,2.9510889053344727,0.541306734085083,0.8222396373748779,0.09574296325445175,0.09229782223701477,0.0929768905043602,0.9653574824333191,3.0191686153411865,0.5207386016845703,0.7846773862838745,,,,,,,,,,,,,,,,,,,,,,,,,,,,,,,,,,,,,,,,
ai_050_001_cam_00_frame.0028,test,ai_050_001,28,0.1585305780172348,0.1438596248626709,0.0264892578125,0.8194783926010132,2.2639529705047607,0.056981176137924194,0.8722742795944214,0.1538623869419098,0.1390359103679657,0.0178171806037426,0.821685791015625,2.2918777465820312,0.05652835965156555,0.8383239507675171,0.14758163690567017,0.1319502890110016,0.0133056640625,0.8471476435661316,2.3525516986846924,0.07248008251190186,0.8132316470146179,0.135331392288208,0.11811381578445435,0.0408681258559227,0.89166259765625,2.455392360687256,0.07488048076629639,0.8050724864006042,,,,,,,,,,,,,,,,,,,,,,,,,,,,,,,,,,,,,,,,
ai_050_001_cam_00_frame.0042,test,ai_050_001,42,0.04529779776930809,0.04052909463644028,0.3491668701171875,0.9878387451171875,2.5247230529785156,0.5583534240722656,0.794039249420166,0.04497364163398743,0.039585329592227936,0.3463948667049408,0.9856364130973816,2.5456438064575195,0.553654670715332,0.7929621934890747,0.04572100564837456,0.03961179777979851,0.3618672788143158,0.9840139150619507,2.5944149494171143,0.5508289337158203,0.7704978585243225,0.046857964247465134,0.04055587202310562,0.3135121762752533,0.9835408926010132,2.6468992233276367,0.5397322177886963,0.7532312273979187,,,,,,,,,,,,,,,,,,,,,,,,,,,,,,,,,,,,,,,,
ai_050_001_cam_00_frame.0057,test,ai_050_001,57,0.06124332174658775,0.05865322798490524,0.1262003630399704,0.9956461787223816,2.462658643722534,0.5169892311096191,0.8938958644866943,0.062220897525548935,0.059833914041519165,0.1179351806640625,0.9941457509994507,2.489070415496826,0.5296568870544434,0.8912789821624756,0.0655946284532547,0.06296926736831665,0.09918212890625,0.9940084218978882,2.5461018085479736,0.5539333820343018,0.8579794764518738,0.06881648302078247,0.06582227349281311,0.0777435302734375,0.9939829707145691,2.611159563064575,0.5464890003204346,0.8122538328170776,,,,,,,,,,,,,,,,,,,,,,,,,,,,,,,,,,,,,,,,
ai_050_001_cam_00_frame.0071,test,ai_050_001,71,0.09087877720594406,0.08668934553861618,0.0020701091270893812,0.9723917841911316,2.569092035293579,0.15087270736694336,0.8340187072753906,0.09098564088344574,0.0860043317079544,0.0029551188927143812,0.9694010615348816,2.6106157302856445,0.1436927318572998,0.822995662689209,0.09312279522418976,0.08804631233215332,0.004130045883357525,0.9885101318359375,2.6785221099853516,0.0891721248626709,0.8176433444023132,0.09532724320888519,0.08858631551265717,0.004542033188045025,0.9843953847885132,2.7671406269073486,0.06312704086303711,0.7936211228370667,,,,,,,,,,,,,,,,,,,,,,,,,,,,,,,,,,,,,,,,
ai_050_001_cam_00_frame.0085,test,ai_050_001,85,0.0580502450466156,0.05181533098220825,0.1784210205078125,0.9790751338005066,3.196686267852783,-0.08620500564575195,0.8467777371406555,0.05512481927871704,0.04938681423664093,0.1706441342830658,0.9802348017692566,3.239520311355591,-0.08170938491821289,0.8398590087890625,0.05428101867437363,0.049219854176044464,0.1916961669921875,0.9805196523666382,3.302753448486328,-0.05065488815307617,0.8137991428375244,0.06071842461824417,0.05535433813929558,0.1894683837890625,0.9778391718864441,3.364386796951294,-0.029271364212036133,0.785958468914032,,,,,,,,,,,,,,,,,,,,,,,,,,,,,,,,,,,,,,,,
ai_050_001_cam_00_frame.0099,test,ai_050_001,99,0.06404668837785721,0.056685395538806915,0.1183369979262352,0.9826711416244507,3.073371410369873,0.10393881797790527,0.8220440745353699,0.06471952050924301,0.0578446090221405,0.157806396484375,0.9826609492301941,3.0925328731536865,0.12191629409790039,0.8085502982139587,0.06713463366031647,0.06119683384895325,0.1569671630859375,0.9805806875228882,3.1448936462402344,0.13516521453857422,0.7940779328346252,0.07142974436283112,0.06619299948215485,0.1312917172908783,0.9783071279525757,3.2068538665771484,0.14619708061218262,0.7770112752914429,,,,,,,,,,,,,,,,,,,,,,,,,,,,,,,,,,,,,,,,
ai_052_005_cam_01_frame.0099,train,ai_052_005,99,0.20863309502601624,0.19038043916225433,0.0793355330824852,0.7900339961051941,6.563621520996094,0.3786745071411133,0.6414446830749512,0.1991785615682602,0.18320219218730927,0.060455322265625,0.7954356074333191,6.701807022094727,0.2693595886230469,0.6399582028388977,0.1938665360212326,0.17924225330352783,0.0765889510512352,0.7991994619369507,6.89279317855835,0.1997532844543457,0.619624137878418,0.19658887386322021,0.18255822360515594,0.0819040983915329,0.7906392812728882,7.0620903968811035,0.1138153076171875,0.6076898574829102,0.2394363135099411,0.22751855850219727,0.0517306849360466,0.7250705361366272,0.562641978263855,0.14889584481716156,0.1405872106552124,0.0901692733168602,0.8756510615348816,0.3311280608177185,0.22601689398288727,0.2147160917520523,0.0570475272834301,0.7374674677848816,0.5692721009254456,0.1315094232559204,0.12417910248041153,0.0901150181889534,0.892578125,0.32959645986557007,0.2112249881029129,0.19988352060317993,0.0868869349360466,0.7554524540901184,0.5598182082176208,0.10639610886573792,0.09932442009449005,0.1260308176279068,0.9288737177848816,0.3125588893890381,0.21121393144130707,0.19904300570487976,0.098280169069767,0.7438151240348816,0.5654695630073547,0.09920258074998856,0.09090051800012589,0.1521809846162796,0.9306098222732544,0.3414537310600281
ai_028_001_cam_00_frame.0099,train,ai_028_001,99,0.03655417636036873,0.03342773765325546,0.1368408203125,0.9977824091911316,1.9420456886291504,0.13105440139770508,0.8907767534255981,0.031265631318092346,0.029110949486494064,0.2104339599609375,0.9977163076400757,1.984412670135498,0.11975479125976562,0.8863930702209473,0.029540380463004112,0.027691734954714775,0.2035624235868454,0.9970449209213257,2.0582683086395264,0.10777711868286133,0.8770051598548889,0.03007959946990013,0.028091974556446075,0.2038777768611908,0.997039794921875,2.126457452774048,0.0977163314819336,0.8668162822723389,0.05320630967617035,0.05129242688417435,0.02414279617369175,0.999376118183136,0.9185137748718262,0.05893680825829506,0.05805804952979088,0.002170138992369175,0.9989149570465088,0.08614107221364975,0.04606657475233078,0.0440252348780632,0.0418836809694767,0.9993218183517456,0.9094589948654175,0.0503835566341877,0.04948157072067261,0.0016276041278615594,0.9988606572151184,0.0754343792796135,0.037225157022476196,0.03435776010155678,0.1265462189912796,0.9979383945465088,0.8967077136039734,0.03874345123767853,0.037075333297252655,0.0313585065305233,0.9986979365348816,0.063846156001091,0.034177329391241074,0.030625585466623306,0.250542551279068,0.997314453125,0.8829443454742432,0.03369809687137604,0.03157035633921623,0.118055559694767,0.9988064169883728,0.06419787555932999
ai_036_006_cam_00_frame.0000,train,ai_036_006,0,0.04865515977144241,0.044705018401145935,0.1837819516658783,0.9717966914176941,4.893537521362305,-0.126617431640625,0.8292278051376343,0.040919430553913116,0.03756150230765343,0.2590688169002533,0.9725138545036316,4.963035583496094,-0.11656880378723145,0.8114115595817566,0.03686258941888809,0.03388214856386185,0.3446401059627533,0.9722951650619507,5.101960182189941,-0.0917820930480957,0.7899045944213867,0.04237302765250206,0.03882711008191109,0.320892333984375,0.9719340205192566,5.216399192810059,-0.058371543884277344,0.7690070271492004,0.057631149888038635,0.05477561429142952,0.140625,0.966796875,0.7908393144607544,0.07365837693214417,0.06888469308614731,0.1712239533662796,0.952745258808136,0.6372201442718506,0.04624113813042641,0.04370861500501633,0.2813856303691864,0.9673393964767456,0.7706817984580994,0.058462899178266525,0.05463698133826256,0.3020290732383728,0.9540473222732544,0.6223706603050232,0.04208925738930702,0.03921392932534218,0.4280599057674408,0.9675835371017456,0.7370688319206238,0.05003174766898155,0.04569472000002861,0.4384223222732544,0.9551323652267456,0.5884162187576294,0.05590580776333809,0.05291105434298515,0.166042760014534,0.967393696308136,0.7100985646247864,0.06469372659921646,0.06022942066192627,0.1929253488779068,0.9552951455116272,0.5584482550621033
ai_011_009_cam_01_frame.0099,train,ai_011_009,99,0.09362716227769852,0.08387807011604309,0.0965396910905838,0.9226751327514648,1.2244378328323364,-0.0844489336013794,0.8609055876731873,0.0836452767252922,0.07563067972660065,0.10736466199159622,0.9256116151809692,1.2361935377120972,-0.06438612937927246,0.849494457244873,0.07601868361234665,0.07002219557762146,0.1269017904996872,0.9238159656524658,1.2661908864974976,-0.03837156295776367,0.8237862586975098,0.07651039212942123,0.07146130502223969,0.12280917167663574,0.9201582074165344,1.289245843887329,-0.017086267471313477,0.8047642111778259,0.10476501286029816,0.09445998072624207,0.09690165519714355,0.9080033898353577,0.8228779435157776,0.10266751050949097,0.08789470791816711,0.07177502661943436,0.9565644264221191,0.7276027798652649,0.09692153334617615,0.08882775902748108,0.13491566479206085,0.9066135883331299,0.8138285279273987,0.08601506799459457,0.07487200200557709,0.08605373650789261,0.9645757079124451,0.7192479372024536,0.0944935753941536,0.0892443135380745,0.1479412466287613,0.8894732594490051,0.7921674251556396,0.06588217616081238,0.060059819370508194,0.17003650963306427,0.9738950729370117,0.694074273109436,0.10044801980257034,0.09617941826581955,0.10123443603515625,0.8750578761100769,0.7725232243537903,0.06523308902978897,0.0621550977230072,0.13701018691062927,0.9773284792900085,0.6734346151351929
ai_024_018_cam_00_frame.0099,train,ai_024_018,99,0.06424881517887115,0.059346508234739304,0.1469675749540329,0.9673818349838257,7.100131034851074,0.25916481018066406,0.5174815058708191,0.05090578645467758,0.04683436080813408,0.2428029477596283,0.9667816162109375,7.209390163421631,0.23531389236450195,0.5220670104026794,0.04461153596639633,0.04086802527308464,0.2794291377067566,0.9626566767692566,7.360344886779785,0.20546817779541016,0.4992383122444153,0.05130743235349655,0.04604874178767204,0.2560831904411316,0.958526611328125,7.499829292297363,0.2561454772949219,0.4878026843070984,0.1050567477941513,0.09892157465219498,0.0426432304084301,0.940538227558136,0.4600842297077179,0.10106425732374191,0.09464314579963684,0.0199110247194767,0.9928928017616272,0.3360290229320526,0.0794987827539444,0.07472329586744308,0.0726182758808136,0.942979633808136,0.4640761613845825,0.06370742619037628,0.05991583317518234,0.0457356758415699,0.9934895634651184,0.35857823491096497,0.06567619740962982,0.060856010764837265,0.1666124165058136,0.927110493183136,0.43715861439704895,0.03377348184585571,0.0306149460375309,0.2153862863779068,0.9937065839767456,0.3046807646751404,0.07354603707790375,0.06560156494379044,0.1663682758808136,0.9082302451133728,0.4271704852581024,0.04281623661518097,0.03515533730387688,0.2161458283662796,0.992784321308136,0.29846036434173584
ai_017_009_cam_03_frame.0099,train,ai_017_009,99,0.08900051563978195,0.0815163254737854,0.0684407576918602,0.9635467529296875,0.6758391261100769,-0.04072290658950806,0.8578970432281494,0.07522650063037872,0.06628523766994476,0.0835927352309227,0.9645640254020691,0.6877244114875793,-0.039528608322143555,0.8634822368621826,0.06963863223791122,0.056764956563711166,0.1106414794921875,0.9629008173942566,0.6959251165390015,-0.030248939990997314,0.854495644569397,0.07937070727348328,0.06176096200942993,0.1426035612821579,0.9610239863395691,0.7052076458930969,-0.024132847785949707,0.8355857729911804,0.09549448639154434,0.09118963032960892,0.0918782576918602,0.9442545771598816,0.9552795886993408,0.07554242759943008,0.07443180680274963,0.0919053852558136,0.9975043535232544,0.29513758420944214,0.0824238732457161,0.07759998738765717,0.0906032994389534,0.9451497197151184,0.9592747092247009,0.06405112147331238,0.06271717697381973,0.0867513045668602,0.997667133808136,0.33453720808029175,0.06824198365211487,0.060857586562633514,0.1342230886220932,0.9450954794883728,0.9513218998908997,0.041868846863508224,0.037109509110450745,0.12939453125,0.998046875,0.2844564914703369,0.07168661057949066,0.06132498010993004,0.1550021767616272,0.9437391757965088,0.9321935176849365,0.03743426874279976,0.027558445930480957,0.2257487028837204,0.998155415058136,0.19113115966320038
ai_031_009_cam_00_frame.0000,train,ai_031_009,0,0.07032079994678497,0.06535068154335022,0.3247630000114441,0.9410502314567566,6.103935718536377,0.05931282043457031,0.9007275700569153,0.06351158767938614,0.05894766002893448,0.5191091299057007,0.9412893056869507,6.2208709716796875,0.03886079788208008,0.9074608087539673,0.06581564247608185,0.06099085137248039,0.3269856870174408,0.9413503408432007,6.392097473144531,0.029209136962890625,0.8955647349357605,0.07208717614412308,0.06660124659538269,0.2567799985408783,0.9406687617301941,6.537950038909912,0.027111530303955078,0.8852742910385132,0.05515436828136444,0.050294894725084305,0.2424045205116272,0.961181640625,0.9276911020278931,0.0327259823679924,0.029597261920571327,0.3529188334941864,0.9781901240348816,0.1649414300918579,0.049580443650484085,0.04499319568276405,0.390679270029068,0.961669921875,0.9465386271476746,0.028497537598013878,0.025660425424575806,0.6272243857383728,0.9783528447151184,0.22977778315544128,0.05153825506567955,0.04710308834910393,0.2360568642616272,0.9617241621017456,0.9577261209487915,0.03620706871151924,0.033402491360902786,0.2843967080116272,0.9794921875,0.2701726257801056,0.06244126334786415,0.05722866579890251,0.1492784321308136,0.9602321982383728,0.9454751014709473,0.05560223385691643,0.051214855164289474,0.0992838516831398,0.9802517294883728,0.27099451422691345
ai_002_002_cam_00_frame.0099,train,ai_002_002,99,0.07389556616544724,0.06825926899909973,0.2573954463005066,0.9033050537109375,3.0085766315460205,-0.016376018524169922,0.8776819109916687,0.06567183136940002,0.060707297176122665,0.3217976987361908,0.9061737060546875,3.0541274547576904,-0.010226726531982422,0.8689912557601929,0.06002896651625633,0.05512240529060364,0.377410888671875,0.9232534170150757,3.157263994216919,-0.02905130386352539,0.8584885001182556,0.05864810198545456,0.0540337860584259,0.3534291684627533,0.9365285634994507,3.24814510345459,-0.021753311157226562,0.8447021842002869,0.12080289423465729,0.11619526892900467,0.1724989116191864,0.8285319209098816,0.9194149374961853,0.12994153797626495,0.12524768710136414,0.2226019948720932,0.8563368320465088,0.7428181767463684,0.11689664423465729,0.11244779080152512,0.232693150639534,0.8277994990348816,0.9100728631019592,0.12395957112312317,0.11942451447248459,0.3273654580116272,0.8569878339767456,0.7331506609916687,0.11589548736810684,0.11146000027656555,0.2801378071308136,0.8234320878982544,0.8935763835906982,0.12222610414028168,0.11755037307739258,0.3415256142616272,0.851182758808136,0.7017464637756348,0.11896920204162598,0.11442399024963379,0.246609166264534,0.821397602558136,0.879396378993988,0.12777754664421082,0.12314809858798981,0.2763671875,0.8503146767616272,0.6730335354804993
ai_027_003_cam_00_frame.0000,train,ai_027_003,0,0.04855822026729584,0.04539941996335983,0.5463613271713257,0.9336446523666382,3.5529372692108154,0.04248356819152832,0.911975085735321,0.04608496278524399,0.043050747364759445,0.5927276611328125,0.9333242177963257,3.6143033504486084,0.03520774841308594,0.9114958643913269,0.04361090809106827,0.04030575975775719,0.6222178339958191,0.9333852529525757,3.744152784347534,0.02022838592529297,0.9027220606803894,0.04515659064054489,0.041430696845054626,0.5404103994369507,0.9379119873046875,3.8741157054901123,0.015418052673339844,0.8834856152534485,0.03989631310105324,0.038681045174598694,0.6124674677848816,0.9549696445465088,0.9463239312171936,0.016769642010331154,0.015457912348210812,0.704551637172699,0.9944664835929871,0.6908307671546936,0.04050678759813309,0.03910455107688904,0.5595703125,0.9544813632965088,0.94687819480896,0.0169290229678154,0.015369182452559471,0.6475343108177185,0.9943579435348511,0.7020323276519775,0.042050257325172424,0.04012705013155937,0.4677463173866272,0.9551323652267456,0.9368937015533447,0.018936043605208397,0.01660909503698349,0.5426138043403625,0.9946292042732239,0.7106408476829529,0.04582615941762924,0.043775659054517746,0.3385145366191864,0.95556640625,0.9211129546165466,0.02313469536602497,0.020722437649965286,0.36895784735679626,0.9946292042732239,0.7115269303321838
ai_055_004_cam_00_frame.0099,train,ai_055_004,99,0.16776011884212494,0.15710017085075378,0.3905056416988373,0.791865348815918,4.325243949890137,-0.2099165916442871,0.3556940257549286,0.1635153442621231,0.15309424698352814,0.39334091544151306,0.7920140027999878,4.375460147857666,-0.1819934844970703,0.3519953787326813,0.16035456955432892,0.14990320801734924,0.40696361660957336,0.7920653223991394,4.516676425933838,-0.1754603385925293,0.3463984727859497,0.160381481051445,0.14968861639499664,0.4140133857727051,0.7929625511169434,4.66753625869751,-0.19435596466064453,0.34174278378486633,0.36285504698753357,0.33657339215278625,0.3326910436153412,0.5113981366157532,0.2423408031463623,0.02233334630727768,0.019999323412775993,0.6455166935920715,0.9929982423782349,0.712888240814209,0.36212632060050964,0.33586549758911133,0.3337494432926178,0.5114795565605164,0.2397393435239792,0.020611513406038284,0.018531152978539467,0.6467108130455017,0.9932153224945068,0.7143053412437439,0.36229681968688965,0.3359471261501312,0.3358391225337982,0.5114253163337708,0.2378288358449936,0.020925557240843773,0.018737690523266792,0.647307813167572,0.9932153224945068,0.7249652147293091,0.3642040491104126,0.3377293646335602,0.2846830189228058,0.5116152763366699,0.23553797602653503,0.024159682914614677,0.021653614938259125,0.5442900657653809,0.99359530210495,0.7252647280693054
ai_039_006_cam_00_frame.0000,train,ai_039_006,0,0.18065524101257324,0.16429607570171356,0.3499857783317566,0.8069102168083191,2.644146203994751,0.012139081954956055,0.5409104824066162,0.17184627056121826,0.15631577372550964,0.3575337827205658,0.8085276484489441,2.68153715133667,0.009362220764160156,0.5232114791870117,0.15990030765533447,0.1465047150850296,0.3860270380973816,0.8104400634765625,2.7490851879119873,0.025257349014282227,0.46536457538604736,0.15704336762428284,0.14444024860858917,0.3769124448299408,0.8115692138671875,2.834967851638794,0.029499530792236328,0.44571584463119507,0.4049484431743622,0.37128496170043945,0.2108018696308136,0.5111762285232544,0.47279003262519836,0.032219935208559036,0.023861827328801155,0.4207899272441864,0.97412109375,0.6650974750518799,0.4027298092842102,0.3686140179634094,0.204345703125,0.5189344882965088,0.45185208320617676,0.03210802748799324,0.022611567750573158,0.404839426279068,0.9773220419883728,0.6898252367973328,0.4018007516860962,0.3676018714904785,0.223171666264534,0.5283745527267456,0.38906657695770264,0.03123544342815876,0.021899957209825516,0.4232313334941864,0.9823133945465088,0.7314528226852417,0.4040903151035309,0.37001466751098633,0.1374240517616272,0.5340169072151184,0.35968631505966187,0.037623096257448196,0.02855193056166172,0.2540147602558136,0.984375,0.7501358389854431
ai_005_006_cam_00_frame.0099,train,ai_005_006,99,0.0393543541431427,0.03502054512500763,0.2814890742301941,0.9783172607421875,2.9928207397460938,-0.0020287036895751953,0.9037241339683533,0.030126482248306274,0.026700712740421295,0.4391835629940033,0.9871928095817566,3.0300939083099365,0.006752967834472656,0.9092711210250854,0.02321707084774971,0.02073533833026886,0.5741831660270691,0.9894918203353882,3.111743211746216,0.03359270095825195,0.896154522895813,0.02660045027732849,0.02360127493739128,0.4778340756893158,0.9890950918197632,3.1970062255859375,0.0580596923828125,0.8893817067146301,0.07346691936254501,0.06548965722322464,0.2510036826133728,0.936876118183136,0.918724775314331,0.08834543079137802,0.07783232629299164,0.1538628488779068,0.9392903447151184,0.6601176857948303,0.05612305924296379,0.05027327314019203,0.3463270366191864,0.9582790732383728,0.9216360449790955,0.06360361725091934,0.05596649646759033,0.2411024272441864,0.9623481035232544,0.6829352974891663,0.043829966336488724,0.039899494498968124,0.3758951723575592,0.9663628339767456,0.8869438767433167,0.044166747480630875,0.03966348618268967,0.340386301279068,0.9760199785232544,0.7076452970504761,0.04735318943858147,0.04332964867353439,0.266411691904068,0.9658203125,0.8796675205230713,0.04846029356122017,0.0439826063811779,0.145779088139534,0.976671040058136,0.7023437023162842
ai_041_001_cam_00_frame.0000,train,ai_041_001,0,0.04569010064005852,0.0432608537375927,0.2138722836971283,0.9897410273551941,3.1592087745666504,-0.2190699577331543,0.8071874976158142,0.04122838377952576,0.038811296224594116,0.22998046875,0.9901174306869507,3.2210214138031006,-0.22267436981201172,0.8081883788108826,0.03224371373653412,0.029103806242346764,0.3602803647518158,0.990081787109375,3.336015462875366,-0.1962146759033203,0.7876441478729248,0.030488720163702965,0.026379864662885666,0.4754994809627533,0.9906158447265625,3.4606432914733887,-0.20877790451049805,0.756923496723175,0.018532663583755493,0.01796344853937626,0.2853190004825592,1.0,0.895542323589325,0.02164498157799244,0.020833346992731094,0.2620442807674408,1.0,0.745307981967926,0.015767578035593033,0.014940385706722736,0.3696560263633728,1.0,0.8971898555755615,0.017613891512155533,0.01632845401763916,0.3255750834941864,1.0,0.735966145992279,0.014224779792129993,0.012296590022742748,0.5089789628982544,1.0,0.8687134981155396,0.016114361584186554,0.013085784390568733,0.4504123330116272,1.0,0.6903364062309265,0.013195067644119263,0.01104956865310669,0.5835774540901184,1.0,0.8475213646888733,0.015705149620771408,0.012523229233920574,0.4796549379825592,1.0,0.6798469424247742
ai_015_005_cam_00_frame.0000,train,ai_015_005,0,0.050699248909950256,0.04349648952484131,0.3845035135746002,0.9714985489845276,3.3183414936065674,-0.03724426031112671,0.8582931160926819,0.04673154279589653,0.03991008922457695,0.38362887501716614,0.9723525047302246,3.3561322689056396,-0.03174477815628052,0.8591268062591553,0.04593243822455406,0.039540812373161316,0.3507488965988159,0.9726319909095764,3.4234368801116943,-0.03139972686767578,0.8524560928344727,0.05205333232879639,0.04504251852631569,0.25086691975593567,0.969826877117157,3.506025791168213,-0.03695392608642578,0.8354974389076233,0.11769888550043106,0.10858900099992752,0.2386610209941864,0.9125705361366272,0.9079672694206238,0.1572922319173813,0.1427108347415924,0.0501302070915699,0.9055446982383728,0.8301037549972534,0.11029485613107681,0.10223130136728287,0.2240668386220932,0.9139811396598816,0.907495379447937,0.14335288107395172,0.13050387799739838,0.0600043423473835,0.9084743857383728,0.8387057185173035,0.10785751789808273,0.1005481630563736,0.1523980051279068,0.9121907353401184,0.9054508805274963,0.13649900257587433,0.12464796006679535,0.103515625,0.905870258808136,0.8406317234039307,0.1121888980269432,0.10460362583398819,0.135036900639534,0.9032118320465088,0.8916095495223999,0.14383597671985626,0.13141198456287384,0.1166449636220932,0.8898654580116272,0.8227407336235046
ai_009_003_cam_00_frame.0000,train,ai_009_003,0,0.04970686137676239,0.044402964413166046,0.3008372187614441,0.9635671377182007,4.000225067138672,0.08406007289886475,0.9281459450721741,0.04583141952753067,0.04136328399181366,0.3082987666130066,0.9637451171875,4.059578895568848,0.0605463981628418,0.9223376512527466,0.043280404061079025,0.03946543112397194,0.3573049008846283,0.9634552001953125,4.175904750823975,0.039954185485839844,0.905636191368103,0.04614511877298355,0.04220817610621452,0.2972310483455658,0.9632517695426941,4.30357551574707,0.023462772369384766,0.8913091421127319,0.07248290628194809,0.06515322625637054,0.4568684995174408,0.92333984375,0.950458288192749,0.044815123081207275,0.03579770773649216,0.6681315302848816,0.9683159589767456,0.8361390829086304,0.06852546334266663,0.06251821666955948,0.4823947548866272,0.923448383808136,0.947378396987915,0.03903912752866745,0.03252454102039337,0.7245008945465088,0.9690755009651184,0.8453631401062012,0.06941861659288406,0.06456116586923599,0.3878038227558136,0.9233940839767456,0.9371141791343689,0.03998207300901413,0.03585703670978546,0.5317925214767456,0.967881977558136,0.8446933031082153,0.0741327777504921,0.06910344213247299,0.2380913645029068,0.9219021201133728,0.9252820014953613,0.04591204971075058,0.0417318195104599,0.3064778745174408,0.962999165058136,0.8146502375602722
ai_003_005_cam_00_frame.0000,train,ai_003_005,0,0.13433881103992462,0.12166284024715424,0.206298828125,0.8192545771598816,3.7758772373199463,-0.07401466369628906,0.5823034048080444,0.12976223230361938,0.11749708652496338,0.2566274106502533,0.8196055293083191,3.8571817874908447,-0.08986759185791016,0.5824738144874573,0.12394227087497711,0.11248502135276794,0.36822509765625,0.8210703730583191,3.988856554031372,-0.09035825729370117,0.5784330368041992,0.1236804947257042,0.11255739629268646,0.35516357421875,0.8205007314682007,4.126807689666748,-0.080352783203125,0.5810185074806213,0.14501455426216125,0.13095392286777496,0.1554633229970932,0.8200954794883728,0.8973557949066162,0.18392090499401093,0.16445784270763397,0.1792534738779068,0.7939995527267456,0.8232613205909729,0.1437484472990036,0.1299782395362854,0.1575792133808136,0.8207465410232544,0.8968537449836731,0.18101827800273895,0.16201822459697723,0.23193359375,0.793565571308136,0.8227196335792542,0.13992151618003845,0.12660594284534454,0.2881130576133728,0.819932758808136,0.8871958255767822,0.18186044692993164,0.16306741535663605,0.22314453125,0.7892795205116272,0.8162445425987244,0.14117386937141418,0.12793686985969543,0.238308385014534,0.823486328125,0.8794224262237549,0.18767596781253815,0.1689073145389557,0.1631401926279068,0.7943251132965088,0.8053881525993347
ai_044_007_cam_01_frame.0099,train,ai_044_007,99,0.06515885889530182,0.05900011956691742,0.38682109117507935,0.9315213561058044,13.010171890258789,-0.3886260986328125,0.7809280753135681,0.058094605803489685,0.05262724682688713,0.3563256859779358,0.9452760815620422,13.237064361572266,-0.38861846923828125,0.7599469423294067,0.05210179090499878,0.046752896159887314,0.35097435116767883,0.9559634923934937,13.667834281921387,-0.4550895690917969,0.7210986018180847,0.05391776189208031,0.04800477251410484,0.35313624143600464,0.962556004524231,14.001917839050293,-0.4585757255554199,0.7008333206176758,0.1135583221912384,0.10489048063755035,0.1590169221162796,0.879150390625,0.7303212881088257,0.16588881611824036,0.15287448465824127,0.0525716133415699,0.8142361044883728,0.6624736189842224,0.10908757150173187,0.10081613063812256,0.157470703125,0.9010145664215088,0.7143197655677795,0.15252511203289032,0.14066311717033386,0.0596245676279068,0.8543837070465088,0.6643030047416687,0.10797195881605148,0.10000509768724442,0.133544921875,0.9024251103401184,0.6849050521850586,0.14863929152488708,0.1371021568775177,0.1178927943110466,0.8536784052848816,0.6583641767501831,0.11391491442918777,0.10542280226945877,0.1353081613779068,0.8949652910232544,0.6713415384292603,0.1602984070777893,0.14760634303092957,0.1207139790058136,0.8375651240348816,0.6356651782989502
ai_053_020_cam_00_frame.0000,train,ai_053_020,0,0.028789840638637543,0.026820985600352287,0.4000346064567566,0.9840596914291382,4.27369499206543,0.1549544334411621,0.6638280153274536,0.02601224184036255,0.024001725018024445,0.425689697265625,0.9844716787338257,4.332931995391846,0.1574726104736328,0.657356858253479,0.026853984221816063,0.02438669465482235,0.461700439453125,0.98406982421875,4.446061134338379,0.14804363250732422,0.6340203285217285,0.03304807469248772,0.029804721474647522,0.3789469599723816,0.983642578125,4.5595703125,0.16279935836791992,0.6133114099502563,0.058074939996004105,0.05412403494119644,0.3568522036075592,0.9385308027267456,0.4163760840892792,0.012930493801832199,0.011658255942165852,0.5833333134651184,0.9992946982383728,0.3204646110534668,0.05958617478609085,0.055068645626306534,0.200222447514534,0.9387749433517456,0.4038619101047516,0.01811053417623043,0.01588607206940651,0.2451714426279068,0.9992404580116272,0.3285352885723114,0.07019440084695816,0.06484279036521912,0.0581325963139534,0.9385308027267456,0.3531041145324707,0.03530630096793175,0.03165578097105026,0.0466579869389534,0.9992404580116272,0.32651570439338684,0.07797995954751968,0.07133413851261139,0.116455078125,0.9385036826133728,0.31011083722114563,0.04979792982339859,0.04390330612659454,0.1022135391831398,0.9992404580116272,0.32461827993392944
ai_033_010_cam_00_frame.0000,train,ai_033_010,0,0.07078079134225845,0.06381340324878693,0.2778727412223816,0.9327036738395691,7.410495758056641,-0.6245756149291992,0.7853674292564392,0.06389298290014267,0.0575687512755394,0.3170928955078125,0.9337260127067566,7.500255107879639,-0.5763435363769531,0.7779096961021423,0.06051090359687805,0.05532490834593773,0.2985738217830658,0.9385122060775757,7.6865153312683105,-0.5027222633361816,0.7657694220542908,0.06697037070989609,0.0614033043384552,0.29144287109375,0.9347636103630066,7.881339073181152,-0.4348313808441162,0.7525701522827148,0.11657525599002838,0.10658340901136398,0.0908745676279068,0.8596733808517456,0.6658576726913452,0.05598946288228035,0.04962533712387085,0.0989040806889534,0.9724392294883728,0.7897745370864868,0.11078902333974838,0.10098794102668762,0.2049696147441864,0.8595649003982544,0.6565349698066711,0.04763044789433479,0.04183902218937874,0.2472330778837204,0.9723849892616272,0.7889360785484314,0.1161206066608429,0.10693911463022232,0.1070421040058136,0.8589680790901184,0.6522846817970276,0.04704168066382408,0.04267212375998497,0.1202799454331398,0.9718967080116272,0.7993371486663818,0.13076214492321014,0.1206033006310463,0.1480034738779068,0.8508571982383728,0.6491870880126953,0.0485382080078125,0.04283541440963745,0.2771267294883728,0.9712456464767456,0.7915694713592529
ai_013_004_cam_00_frame.0000,train,ai_013_004,0,0.027157962322235107,0.024727273732423782,0.540771484375,0.9896647334098816,2.3557488918304443,0.05963301658630371,0.7330631613731384,0.02509620599448681,0.02277558110654354,0.5509185791015625,0.9898936152458191,2.3786404132843018,0.06567668914794922,0.7282115817070007,0.023136718198657036,0.02079920470714569,0.5031789541244507,0.9899088740348816,2.434385061264038,0.06580853462219238,0.71003657579422,0.02412872016429901,0.021654924377799034,0.4429067075252533,0.9893087148666382,2.498598337173462,0.059732794761657715,0.6405649781227112,0.052402351051568985,0.047802165150642395,0.2931315004825592,0.9802788496017456,0.8659327626228333,0.06796572357416153,0.06165314465761185,0.2271050363779068,0.9868706464767456,0.8011831641197205,0.04602367430925369,0.04192803055047989,0.2828775942325592,0.9795464277267456,0.8590295910835266,0.05743778496980667,0.051914241164922714,0.1591796875,0.98583984375,0.7924032807350159,0.03617844358086586,0.032781001180410385,0.2746039628982544,0.9784613847732544,0.8450934290885925,0.04061402380466461,0.036242540925741196,0.1789279580116272,0.98583984375,0.7615063786506653,0.03694423660635948,0.03321908041834831,0.2379014790058136,0.9751790165901184,0.8341062068939209,0.04294948652386665,0.03795175999403,0.1610243022441864,0.98291015625,0.7558599710464478
ai_030_009_cam_00_frame.0000,train,ai_030_009,0,0.016827667132019997,0.015121045522391796,0.6895548701286316,0.9892629384994507,3.214064598083496,0.05769014358520508,0.8818592429161072,0.015598054975271225,0.013931861147284508,0.7753804922103882,0.9891357421875,3.2522947788238525,0.06087779998779297,0.8789929747581482,0.01757846772670746,0.01591135933995247,0.64312744140625,0.9889984130859375,3.343879461288452,0.06333696842193604,0.870330274105072,0.020995721220970154,0.01907363161444664,0.4803212583065033,0.9889730215072632,3.44462251663208,0.06415748596191406,0.8607364296913147,0.031129606068134308,0.02767804265022278,0.5275065302848816,0.973876953125,0.9725349545478821,0.022277820855379105,0.018970154225826263,0.6232096552848816,0.98779296875,0.5763212442398071,0.031852200627326965,0.027918266132473946,0.4920518696308136,0.9727919101715088,0.9732745885848999,0.02295025810599327,0.018918361514806747,0.5965169072151184,0.9879557490348816,0.5914285778999329,0.03454781323671341,0.030133012682199478,0.3751356303691864,0.9721408486366272,0.9705235362052917,0.026457810774445534,0.021803071722388268,0.4546983540058136,0.987413227558136,0.5933559536933899,0.037635743618011475,0.032909996807575226,0.361138254404068,0.9713270664215088,0.9668453931808472,0.030122095718979836,0.025207746773958206,0.4032118022441864,0.9871419072151184,0.5852041244506836
ai_036_008_cam_00_frame.0000,train,ai_036_008,0,0.21335838735103607,0.03617269545793533,0.4676055908203125,0.9483184814453125,5.314665794372559,0.02559185028076172,0.7858433127403259,0.21291989088058472,0.03434547036886215,0.4718272089958191,0.9490916132926941,5.36749267578125,0.043509721755981445,0.7842658758163452,0.21304158866405487,0.031487755477428436,0.5131072998046875,0.9490560293197632,5.513544082641602,0.05680036544799805,0.7777160406112671,0.2137470692396164,0.035130005329847336,0.3730061948299408,0.9487508535385132,5.6656575202941895,0.06607913970947266,0.754446268081665,0.21807532012462616,0.05192308872938156,0.2459852397441864,0.9165310263633728,0.7590072751045227,0.20785017311573029,0.036510441452264786,0.1195746511220932,0.98974609375,0.7053308486938477,0.21716386079788208,0.051090698689222336,0.2366265207529068,0.9167751669883728,0.753604531288147,0.20711691677570343,0.03668425604701042,0.0885959193110466,0.9893120527267456,0.70636385679245,0.2172003537416458,0.05050673708319664,0.2308214008808136,0.9155002236366272,0.7465492486953735,0.20707501471042633,0.03556806221604347,0.1435546875,0.9891493320465088,0.6991479992866516,0.21870872378349304,0.053399503231048584,0.2296006977558136,0.9150119423866272,0.7318477034568787,0.2085380107164383,0.0395875908434391,0.1612413227558136,0.9879557490348816,0.6620377898216248
ai_008_010_cam_00_frame.0000,train,ai_008_010,0,0.03280574828386307,0.029952272772789,0.21459627151489258,0.9838541746139526,7.731592655181885,0.20598602294921875,0.8301345109939575,0.028818288818001747,0.02644450217485428,0.28262367844581604,0.9836447834968567,7.8812031745910645,0.16302967071533203,0.8202462196350098,0.025678087025880814,0.023408513516187668,0.40961918234825134,0.9835014939308167,8.148754119873047,0.12561655044555664,0.7940168976783752,0.02700173296034336,0.024182066321372986,0.4335568845272064,0.9831212759017944,8.386408805847168,0.19341707229614258,0.7716377973556519,0.05813874304294586,0.0534813292324543,0.332763671875,0.9395887851715088,0.8504312038421631,0.07657979428768158,0.07004605233669281,0.11474609375,0.9219292402267456,0.7525535821914673,0.0560307651758194,0.051789648830890656,0.349419504404068,0.9401584267616272,0.8408129811286926,0.0740540474653244,0.06813167035579681,0.1183268204331398,0.9232856035232544,0.7573798894882202,0.05414392426609993,0.05012044683098793,0.3185492753982544,0.9408094882965088,0.8216277360916138,0.07001427561044693,0.0646762028336525,0.1074761301279068,0.923448383808136,0.7709231376647949,0.051955122500658035,0.04797684773802757,0.4608289897441864,0.939073383808136,0.8076134324073792,0.06637490540742874,0.06088339164853096,0.4219835102558136,0.9197590947151184,0.7732750177383423
ai_026_019_cam_00_frame.0000,train,ai_026_019,0,0.039539892226457596,0.0354427807033062,0.2405753880739212,0.9813849329948425,20.234682083129883,0.21868896484375,0.9126970171928406,0.03334712237119675,0.030121255666017532,0.28310951590538025,0.9814409017562866,20.332551956176758,0.3387908935546875,0.9069857597351074,0.03219904378056526,0.02863052301108837,0.34615734219551086,0.9814612865447998,20.698293685913086,0.3969383239746094,0.8897989392280579,0.03830805793404579,0.03410271927714348,0.2854408621788025,0.9811813235282898,20.95978546142578,0.4628257751464844,0.8749120831489563,0.03664720058441162,0.03105822205543518,0.4184890389442444,0.9770721197128296,0.9256801009178162,0.03195126727223396,0.028094781562685966,0.4314897358417511,0.9810931086540222,0.8151095509529114,0.0340733602643013,0.029486380517482758,0.43704327940940857,0.9771535992622375,0.9179216027259827,0.028881434351205826,0.025753984227776527,0.49684885144233704,0.9802238345146179,0.809820830821991,0.036263927817344666,0.03169478848576546,0.3595121204853058,0.9761484861373901,0.9050590395927429,0.03284965455532074,0.029740385711193085,0.33853092789649963,0.9791372418403625,0.8117833733558655,0.042470984160900116,0.0387691929936409,0.24470946192741394,0.9765287637710571,0.8970246911048889,0.03989986330270767,0.03675651177763939,0.2508421242237091,0.9798435568809509,0.8150015473365784
ai_038_002_cam_00_frame.0099,train,ai_038_002,99,0.09165266156196594,0.08066658675670624,0.061454888433218,0.9893040060997009,3.1644034385681152,-0.004162788391113281,0.6669743061065674,0.0779525488615036,0.0649045929312706,0.08206943422555923,0.9947415590286255,3.1945247650146484,-0.06436419486999512,0.655600368976593,0.06203277036547661,0.03678933158516884,0.19950586557388306,0.9955395460128784,3.20055890083313,-0.09802961349487305,0.6219243407249451,0.06101880222558975,0.027471303939819336,0.3602840006351471,0.9956008791923523,3.273756504058838,-0.15338802337646484,0.6048702597618103,0.07802184671163559,0.07016179710626602,0.1035698801279068,0.9893934726715088,0.3896588981151581,0.08712821453809738,0.08284623920917511,0.0011393228778615594,1.0,0.2819736897945404,0.06930258870124817,0.06305797398090363,0.1306694895029068,0.9893934726715088,0.34916791319847107,0.08045796304941177,0.07457557320594788,0.0042860242538154125,1.0,0.27084866166114807,0.05818552523851395,0.04912006855010986,0.1226399764418602,0.98876953125,0.3078792989253998,0.06903672218322754,0.05585216358304024,0.0410698801279068,1.0,0.23970723152160645,0.05765583738684654,0.04315294325351715,0.142116978764534,0.9903157353401184,0.2845442295074463,0.07148274779319763,0.04822726920247078,0.0782877579331398,1.0,0.2424531877040863
ai_012_010_cam_00_frame.0099,train,ai_012_010,99,0.04031510278582573,0.03624730184674263,0.31330597400665283,0.9802119135856628,3.325807809829712,0.09486865997314453,0.8656045794487,0.03452802076935768,0.03092380426824093,0.33863407373428345,0.9830365777015686,3.3638710975646973,0.09366583824157715,0.8602750897407532,0.03053664043545723,0.027133453637361526,0.32662805914878845,0.9839937090873718,3.4354372024536133,0.09122133255004883,0.8496220707893372,0.033415235579013824,0.029763106256723404,0.286162406206131,0.9843370318412781,3.520578622817993,0.08528614044189453,0.8377037048339844,0.03280600905418396,0.02987789362668991,0.3664049506187439,0.9817707538604736,0.9183260202407837,0.015114358626306057,0.012843613512814045,0.5616408586502075,0.999347984790802,0.6949158310890198,0.029149075970053673,0.026557447388768196,0.38012441992759705,0.9815806150436401,0.9140852689743042,0.014640088193118572,0.01242873352020979,0.5525672435760498,0.9992936253547668,0.6913890242576599,0.027878951281309128,0.02565026842057705,0.3667581379413605,0.9820152521133423,0.8985002636909485,0.016741983592510223,0.014864502474665642,0.4558543860912323,0.9989133477210999,0.6593285799026489,0.030564941465854645,0.028090517967939377,0.3240240216255188,0.9812273979187012,0.8970139622688293,0.020448900759220123,0.018686477094888687,0.27574029564857483,0.9984243512153625,0.6725148558616638
ai_029_005_cam_00_frame.0000,train,ai_029_005,0,0.04738244414329529,0.042175889015197754,0.2433624267578125,0.9709829092025757,4.6038594245910645,0.16211700439453125,0.9088618755340576,0.04362454265356064,0.03882777690887451,0.2800649106502533,0.9715627431869507,4.669365882873535,0.170654296875,0.9038274884223938,0.043104320764541626,0.03717127442359924,0.3711751401424408,0.9707590937614441,4.801326274871826,0.19913387298583984,0.8856744170188904,0.0489359125494957,0.042518578469753265,0.2593333125114441,0.970306396484375,4.928981781005859,0.20043373107910156,0.8685141205787659,0.08730882406234741,0.0788206085562706,0.0849880650639534,0.9228515625,0.907802939414978,0.08452560007572174,0.07449594885110855,0.0880533829331398,0.9541558027267456,0.6581701040267944,0.080596424639225,0.07281219959259033,0.179958775639534,0.9239909052848816,0.9019373059272766,0.07324126362800598,0.06449338793754578,0.2494574636220932,0.9565972089767456,0.6240541338920593,0.07642987370491028,0.06926848739385605,0.224392369389534,0.9236382246017456,0.8678160905838013,0.06966304779052734,0.06262889504432678,0.2298719584941864,0.9560546875,0.5434309840202332,0.08161111921072006,0.07414714246988297,0.1658528596162796,0.9230143427848816,0.8485010266304016,0.07382702827453613,0.06679990887641907,0.1387803852558136,0.9563801884651184,0.5111941695213318
ai_051_002_cam_00_frame.0000,train,ai_051_002,0,0.03283326327800751,0.029471268877387047,0.3284912109375,0.9872792959213257,3.0028092861175537,-0.0529627799987793,0.8438127636909485,0.027822669595479965,0.02475547604262829,0.3850046992301941,0.987030029296875,3.046572208404541,-0.05027294158935547,0.8426050543785095,0.02605333738029003,0.024095555767416954,0.364044189453125,0.9868673086166382,3.104212522506714,-0.013491630554199219,0.8326117396354675,0.02998182736337185,0.027967534959316254,0.299041748046875,0.9866485595703125,3.1659750938415527,0.008910655975341797,0.8179285526275635,0.03395326808094978,0.030299736186861992,0.3289659321308136,0.98388671875,0.8738794326782227,0.031071841716766357,0.02567502297461033,0.3620334267616272,0.9921875,0.5504779815673828,0.029911061748862267,0.026097523048520088,0.4332682192325592,0.9832356572151184,0.8748732209205627,0.026818398386240005,0.021027078852057457,0.5535481572151184,0.9921875,0.5766333341598511,0.031200727447867393,0.029569970443844795,0.3067220151424408,0.9829372763633728,0.8664380311965942,0.030479857698082924,0.028381092473864555,0.3263346254825592,0.992296040058136,0.5837967395782471,0.038428351283073425,0.037002746015787125,0.2026095986366272,0.9823947548866272,0.8367805480957031,0.03903903439640999,0.03736688569188118,0.2115885466337204,0.9923502802848816,0.5560876131057739
ai_048_004_cam_00_frame.0000,train,ai_048_004,0,0.03237485885620117,0.025848111137747765,0.4086100459098816,0.9906565546989441,3.4214212894439697,0.08995914459228516,0.883718729019165,0.027229730039834976,0.020943686366081238,0.5355631709098816,0.9907328486442566,3.473257541656494,0.07806682586669922,0.8741108179092407,0.024839669466018677,0.01852044276893139,0.5823923945426941,0.9899699091911316,3.581479549407959,0.060854434967041016,0.8555939197540283,0.029398690909147263,0.023390542715787888,0.4570668637752533,0.9865010976791382,3.681042432785034,0.05211305618286133,0.8314482569694519,0.04787903279066086,0.04257628694176674,0.3412543535232544,0.9664713740348816,0.9122164845466614,0.046414632350206375,0.039704013615846634,0.4393988847732544,0.9736870527267456,0.8170914649963379,0.046050358563661575,0.040763404220342636,0.3617621660232544,0.966661274433136,0.9030722975730896,0.04440901055932045,0.0381159782409668,0.4169379472732544,0.9731987714767456,0.8132526278495789,0.04597863182425499,0.041017886251211166,0.3671875,0.96337890625,0.8784488439559937,0.04188930243253708,0.03582017496228218,0.4716796875,0.9716254472732544,0.8048831224441528,0.05231600999832153,0.04812664911150932,0.268364816904068,0.9510090947151184,0.8692702054977417,0.04459594562649727,0.039364758878946304,0.3677842915058136,0.9663628339767456,0.7976818084716797
ai_013_001_cam_00_frame.0000,train,ai_013_001,0,0.06474428623914719,0.059333667159080505,0.18402099609375,0.9903310537338257,349.9869689941406,-2.13385009765625,0.925919771194458,0.06542713940143585,0.05948998034000397,0.1886393278837204,0.9883880615234375,354.309814453125,-1.2152099609375,0.9286020994186401,0.07567816972732544,0.06819374859333038,0.1883188933134079,0.9157766103744507,364.6663818359375,0.0478515625,0.9258150458335876,0.08245764672756195,0.07412417232990265,0.1546071469783783,0.90411376953125,375.62225341796875,1.612701416015625,0.9197784662246704,0.0330890491604805,0.03104439750313759,0.2596571147441864,0.9798991084098816,0.904088020324707,0.030294962227344513,0.029212811961770058,0.213650181889534,0.9875759482383728,0.0,0.031079845502972603,0.029249297454953194,0.2623969316482544,0.9795193076133728,0.9041314125061035,0.029623815789818764,0.028810931369662285,0.2070855051279068,0.9882270097732544,0.0,0.035683903843164444,0.034593600779771805,0.1487630158662796,0.9779459834098816,0.9014490246772766,0.035948920994997025,0.035662319511175156,0.0503472238779068,0.9888237714767456,0.0,0.04954969882965088,0.04841180145740509,0.0908474400639534,0.9773491621017456,0.8983071446418762,0.04114808514714241,0.04079049080610275,0.0338541679084301,0.989366352558136,0.0
ai_018_007_cam_00_frame.0000,train,ai_018_007,0,0.030197829008102417,0.027661949396133423,0.2405344694852829,0.9971873164176941,3.3662877082824707,0.08311963081359863,0.8154489994049072,0.020739607512950897,0.01897798664867878,0.4038645625114441,0.9970957636833191,3.410961389541626,0.09740543365478516,0.81670081615448,0.021509837359189987,0.018115876242518425,0.4420674741268158,0.9969991445541382,3.5083189010620117,0.14959239959716797,0.8071383833885193,0.02739475667476654,0.02330690249800682,0.3266448974609375,0.9966990351676941,3.604924440383911,0.17421722412109375,0.7875585556030273,0.031684212386608124,0.03077736496925354,0.2201063334941864,0.9929741621017456,0.7460649013519287,0.03568060323596001,0.03512115404009819,0.1673719584941864,0.991319477558136,0.704613447189331,0.023702552542090416,0.022666484117507935,0.319580078125,0.9930555820465088,0.7372699975967407,0.0244284737855196,0.023932673037052155,0.2648111879825592,0.9914821982383728,0.7355243563652039,0.017184142023324966,0.015999212861061096,0.5466037392616272,0.9931369423866272,0.7003307938575745,0.017377788200974464,0.016689684242010117,0.5593532919883728,0.9915907382965088,0.7135958671569824,0.020058108493685722,0.019108163192868233,0.4109971821308136,0.9924858808517456,0.6827879548072815,0.01951761730015278,0.018714074045419693,0.5028212070465088,0.9903971552848816,0.7069079875946045
ai_016_006_cam_00_frame.0099,train,ai_016_006,99,0.06143450736999512,0.05639050528407097,0.2579045593738556,0.9319638609886169,3.461805582046509,0.05721688270568848,0.7007477283477783,0.0552794374525547,0.05062800645828247,0.2579558491706848,0.9577261209487915,3.507216453552246,0.05748176574707031,0.6956421136856079,0.04641367495059967,0.042333830147981644,0.2775339186191559,0.9589106440544128,3.603764533996582,0.04828834533691406,0.6797477602958679,0.04355302453041077,0.03876488655805588,0.31330057978630066,0.9588491320610046,3.7047810554504395,0.04221844673156738,0.6725761294364929,0.054757099598646164,0.0517384335398674,0.2535535991191864,0.9337565302848816,0.8204768896102905,0.038398947566747665,0.037018921226263046,0.0983072891831398,0.9884982705116272,0.7606423497200012,0.05256040766835213,0.04964127019047737,0.250298410654068,0.9336479902267456,0.8187774419784546,0.03517194464802742,0.03392757475376129,0.1238064244389534,0.9881184697151184,0.7686082720756531,0.05027073994278908,0.047719910740852356,0.2765299379825592,0.9337565302848816,0.8092702031135559,0.03148466721177101,0.030482614412903786,0.1816948801279068,0.987901508808136,0.7749110460281372,0.05095261335372925,0.048617612570524216,0.2855902910232544,0.93359375,0.8043769598007202,0.0324326828122139,0.03143639862537384,0.2569444477558136,0.987413227558136,0.7766821980476379
ai_032_002_cam_00_frame.0099,train,ai_032_002,99,0.08650846779346466,0.07906728982925415,0.2880299985408783,0.906707763671875,3.7247474193573,-0.11364889144897461,0.9153116941452026,0.07601385563611984,0.06919211894273758,0.3218841552734375,0.9406484365463257,3.808248281478882,-0.10385942459106445,0.9136999845504761,0.06095867604017258,0.054970722645521164,0.2792155146598816,0.9634145498275757,3.98038911819458,-0.10313010215759277,0.9008452892303467,0.05373191833496094,0.04865140840411186,0.2203877866268158,0.9706777334213257,4.13488245010376,-0.09601426124572754,0.8883813619613647,0.07953357696533203,0.07496903091669083,0.39404296875,0.8143988847732544,0.9122605919837952,0.02604644186794758,0.01985062099993229,0.5244683027267456,0.9943576455116272,0.8500837683677673,0.07385239750146866,0.06959268450737,0.3688422441482544,0.865966796875,0.909468948841095,0.024418801069259644,0.018375489860773087,0.549913227558136,0.9940863847732544,0.8593947887420654,0.0685267448425293,0.06424588710069656,0.2602267861366272,0.9279242753982544,0.8876868486404419,0.028091344982385635,0.021863752976059914,0.3854709267616272,0.9937065839767456,0.8401336073875427,0.06808682531118393,0.06388150155544281,0.1585015207529068,0.955810546875,0.8822643756866455,0.034685757011175156,0.028618911281228065,0.2349175363779068,0.9931640625,0.8353798985481262
ai_042_002_cam_00_frame.0000,train,ai_042_002,0,0.030660606920719147,0.025708459317684174,0.335710346698761,0.9899545907974243,3.377213478088379,-0.09654450416564941,0.8618524670600891,0.024833975359797478,0.021114829927682877,0.4357576370239258,0.9915568232536316,3.413342237472534,-0.07272481918334961,0.8606542944908142,0.019569041207432747,0.017812440171837807,0.5757628679275513,0.9924113154411316,3.4912943840026855,-0.024652481079101562,0.8510605692863464,0.024775689467787743,0.02257673256099224,0.4314393997192383,0.9920298457145691,3.5824217796325684,-0.0015821456909179688,0.8335314989089966,0.05005465820431709,0.04382407292723656,0.1334906667470932,0.9695095419883728,0.9288798570632935,0.0628170445561409,0.05275750905275345,0.0564236119389534,0.9678276777267456,0.6771436929702759,0.04069729521870613,0.035743050277233124,0.242458775639534,0.9779459834098816,0.9222807884216309,0.04678531736135483,0.03915281966328621,0.2559678852558136,0.9829643964767456,0.6960062980651855,0.030275583267211914,0.027569232508540154,0.4408908486366272,0.9822590947151184,0.9049301743507385,0.030514247715473175,0.027395138517022133,0.4324544370174408,0.9857856035232544,0.6841778755187988,0.036915797740221024,0.033737123012542725,0.2978786826133728,0.9798176884651184,0.8873462080955505,0.036647796630859375,0.03332572802901268,0.31005859375,0.9817165732383728,0.665093719959259
ai_034_001_cam_00_frame.0000,train,ai_034_001,0,0.046482160687446594,0.04299714416265488,0.2974599301815033,0.9719187617301941,2.6441800594329834,0.016270875930786133,0.7060186266899109,0.038362085819244385,0.035294778645038605,0.362579345703125,0.9713186025619507,2.6761152744293213,0.022249698638916016,0.7154217958450317,0.03055543079972267,0.02804996818304062,0.3633982539176941,0.9704641103744507,2.741893768310547,0.01407933235168457,0.7019261121749878,0.029821347445249557,0.026666611433029175,0.41766357421875,0.9701995849609375,2.8285887241363525,0.010111808776855469,0.6915846467018127,0.04875072464346886,0.04365997761487961,0.318169504404068,0.9513075351715088,0.8446906208992004,0.029639337211847305,0.025444306433200836,0.3887803852558136,0.9963650107383728,0.6017057299613953,0.043085914105176926,0.03862619400024414,0.3854438066482544,0.951524555683136,0.8483809232711792,0.024025509133934975,0.02066727541387081,0.4833441972732544,0.9963107705116272,0.6096897125244141,0.039459459483623505,0.03577509894967079,0.3646647036075592,0.9514431357383728,0.8261732459068298,0.02102910913527012,0.018815139308571815,0.4136827290058136,0.996202290058136,0.6108003854751587,0.04092835262417793,0.03666688874363899,0.3738878071308136,0.9513888955116272,0.8012486100196838,0.02406436949968338,0.021037327125668526,0.425347238779068,0.9958767294883728,0.5931979417800903
ai_045_004_cam_01_frame.0099,train,ai_045_004,99,0.035876866430044174,0.032257597893476486,0.40423575043678284,0.9698168039321899,2.0506362915039062,-0.07555389404296875,0.7959686517715454,0.03394853696227074,0.02975792996585369,0.454742968082428,0.9696540236473083,2.0771541595458984,-0.06945133209228516,0.7882513403892517,0.03211337700486183,0.027710245922207832,0.42222461104393005,0.9863862991333008,2.1477115154266357,-0.0747823715209961,0.7319709658622742,0.03763076290488243,0.03306029736995697,0.2842048108577728,0.986111581325531,2.2144484519958496,-0.0653846263885498,0.7283639907836914,0.107449971139431,0.09984664618968964,0.3492477238178253,0.8444136381149292,0.7396190166473389,0.027013733983039856,0.020730702206492424,0.3807506263256073,0.9994025230407715,0.5669533014297485,0.09920326620340347,0.09037841856479645,0.4173048734664917,0.8436803817749023,0.7171352505683899,0.02326621674001217,0.015409961342811584,0.47965890169143677,0.9982075691223145,0.5482975840568542,0.0751430094242096,0.06685921549797058,0.40801694989204407,0.9329748749732971,0.5660408139228821,0.021540559828281403,0.01299502793699503,0.5492368936538696,0.9977187514305115,0.4904005825519562,0.07938078790903091,0.0707443580031395,0.30030959844589233,0.9319157004356384,0.5612590909004211,0.024702394381165504,0.015626929700374603,0.395796000957489,0.9976100921630859,0.4698335826396942
ai_035_009_cam_00_frame.0000,train,ai_035_009,0,0.03874402865767479,0.035113558173179626,0.374595046043396,0.9754385352134705,2.301589012145996,-0.15445518493652344,0.8684581518173218,0.03040418215095997,0.026502156630158424,0.3819909691810608,0.9937755465507507,2.3273680210113525,-0.14011096954345703,0.8728369474411011,0.026804687455296516,0.01911279931664467,0.46253639459609985,0.9951609969139099,2.412050724029541,-0.1655564308166504,0.8666447401046753,0.032816942781209946,0.023746995255351067,0.3729294240474701,0.9950387477874756,2.4935600757598877,-0.1853327751159668,0.861517071723938,0.012769076973199844,0.011545959860086441,0.6604275107383728,0.9992404580116272,0.7931842803955078,0.014324147254228592,0.012704824097454548,0.666015625,0.9997287392616272,0.6256223917007446,0.011092590168118477,0.009561046957969666,0.736572265625,0.9992133378982544,0.8008095026016235,0.013193832710385323,0.01126064732670784,0.6962348222732544,0.9997287392616272,0.6312320828437805,0.010889453813433647,0.009747220203280449,0.7129719853401184,0.9991047978401184,0.7935487031936646,0.012319858185946941,0.010639210231602192,0.6956380009651184,0.999620258808136,0.6150943040847778,0.013414043933153152,0.01259789988398552,0.5490180253982544,0.9989691972732544,0.7975137233734131,0.014235715381801128,0.013056454248726368,0.5625542402267456,0.9995659589767456,0.6314442753791809
ai_019_001_cam_00_frame.0000,train,ai_019_001,0,0.05292249470949173,0.05001768469810486,0.2020314633846283,0.9925079345703125,5.1632490158081055,0.580754280090332,0.8883060216903687,0.044110797345638275,0.041978590190410614,0.1924845427274704,0.9928945302963257,5.214459419250488,0.5611686706542969,0.9013041853904724,0.03994007036089897,0.038304202258586884,0.14288330078125,0.9923502802848816,5.325129985809326,0.4799509048461914,0.8950459957122803,0.040362127125263214,0.03731479123234749,0.1909586638212204,0.99224853515625,5.476210594177246,0.4568185806274414,0.8775628209114075,0.046779487282037735,0.04422934725880623,0.1983778178691864,0.974962055683136,0.9662153720855713,0.036782652139663696,0.03244722634553909,0.3855794370174408,0.9837239384651184,0.6450305581092834,0.03836969658732414,0.03596162796020508,0.2624782919883728,0.975694477558136,0.9697768688201904,0.029996437951922417,0.026122597977519035,0.5168728232383728,0.9842665195465088,0.6659528613090515,0.03930950164794922,0.03721434623003006,0.1995985209941864,0.9748806357383728,0.9683983325958252,0.029880719259381294,0.026867765933275223,0.3880750834941864,0.9837782382965088,0.6850288510322571,0.045574821531772614,0.04222211241722107,0.0719943568110466,0.9744465947151184,0.963236927986145,0.049079298973083496,0.04494139179587364,0.0788302943110466,0.9823676347732544,0.7074041962623596
ai_004_008_cam_00_frame.0000,train,ai_004_008,0,0.02892952784895897,0.026352010667324066,0.6539205312728882,0.9733988642692566,2.915303945541382,0.1146383285522461,0.7761911153793335,0.02872614935040474,0.02567729726433754,0.7353872060775757,0.973419189453125,2.9541969299316406,0.1215519905090332,0.764499843120575,0.033221080899238586,0.029222039505839348,0.6017863154411316,0.9710845947265625,3.0356054306030273,0.12595796585083008,0.7484620809555054,0.03865790367126465,0.03408883884549141,0.4799448847770691,0.9666392207145691,3.1202361583709717,0.1380767822265625,0.7389962077140808,0.017847903072834015,0.017134005203843117,0.4771321713924408,0.9987521767616272,0.9764951467514038,0.02349470555782318,0.022699840366840363,0.2099609375,0.9983181357383728,0.7246890068054199,0.0159302931278944,0.01532274205237627,0.529161274433136,0.9985080361366272,0.9769629836082458,0.021264825016260147,0.020592400804162025,0.2115342915058136,0.9983181357383728,0.716189980506897,0.015295671299099922,0.014592568390071392,0.5946994423866272,0.9974772334098816,0.9760480523109436,0.019527241587638855,0.018558187410235405,0.4267578125,0.9983181357383728,0.7117002010345459,0.018908876925706863,0.018018146976828575,0.481689453125,0.9973686933517456,0.9702268838882446,0.022814998403191566,0.021503891795873642,0.3534613847732544,0.9983181357383728,0.6996543407440186
ai_039_007_cam_00_frame.0099,train,ai_039_007,99,0.040267929434776306,0.036189157515764236,0.5872117280960083,0.965834379196167,3.0840156078338623,-0.0016751289367675781,0.6743379831314087,0.035062648355960846,0.031413912773132324,0.6484032869338989,0.963383138179779,3.1262030601501465,-0.002922534942626953,0.6559819579124451,0.036466483026742935,0.03255237266421318,0.6345803737640381,0.9604246616363525,3.217212200164795,-0.002154827117919922,0.6167048215866089,0.04124270752072334,0.0373154953122139,0.49849826097488403,0.9560349583625793,3.301801919937134,0.007027626037597656,0.6006550788879395,0.12168044596910477,0.11123748868703842,0.19121988117694855,0.8542158603668213,0.7026503086090088,0.11171384900808334,0.1002415269613266,0.09352857619524002,0.9531176090240479,0.32301709055900574,0.10961741954088211,0.10075604915618896,0.258325457572937,0.8424361944198608,0.6692679524421692,0.08973648399114609,0.08110718429088593,0.11785545200109482,0.942430317401886,0.28557178378105164,0.1167377308011055,0.10782072693109512,0.175838440656662,0.8299185037612915,0.6316247582435608,0.094723641872406,0.08671208471059799,0.08892299979925156,0.927432656288147,0.25743013620376587,0.12364283949136734,0.11438389867544174,0.15254487097263336,0.821415901184082,0.6145811080932617,0.10383792221546173,0.09558719396591187,0.09423712641000748,0.9098960757255554,0.2526302933692932
ai_006_003_cam_00_frame.0000,train,ai_006_003,0,0.019686443731188774,0.01762218587100506,0.5770620107650757,0.9916025996208191,3.7462069988250732,0.1258401870727539,0.8381887674331665,0.018397022038698196,0.01622319221496582,0.5978342890739441,0.9915008544921875,3.8030343055725098,0.13056278228759766,0.8357548713684082,0.018131349235773087,0.015477368608117104,0.6469370722770691,0.991302490234375,3.924229145050049,0.13545310497283936,0.8287113308906555,0.02172376774251461,0.018934886902570724,0.5635122060775757,0.9882049560546875,4.067690372467041,0.13143396377563477,0.8243874311447144,0.024279488250613213,0.022113243117928505,0.3557942807674408,0.9899088740348816,0.9025536775588989,0.024266567081212997,0.020817825570702553,0.3221028745174408,0.9935981035232544,0.703411877155304,0.022684331983327866,0.020279644057154655,0.424858957529068,0.9900715947151184,0.8868324160575867,0.023629510775208473,0.01973893493413925,0.3322482705116272,0.9940863847732544,0.7097948789596558,0.021919194608926773,0.019230077043175697,0.4759385883808136,0.989990234375,0.8729386925697327,0.023126570507884026,0.018699845299124718,0.4002821147441864,0.9943034052848816,0.7118839621543884,0.022307762876152992,0.01970355026423931,0.5343695878982544,0.9895833134651184,0.8549173474311829,0.021630223840475082,0.017437197268009186,0.5825737714767456,0.9933268427848816,0.6989829540252686
ai_010_009_cam_00_frame.0000,train,ai_010_009,0,0.048088300973176956,0.04466300457715988,0.1817566305398941,0.95045405626297,3.2773513793945312,0.06363105773925781,0.8660306930541992,0.04417288303375244,0.04077675938606262,0.26348474621772766,0.9493086934089661,3.3323493003845215,0.05739116668701172,0.8419980406761169,0.04508918151259422,0.040121693164110184,0.34509578347206116,0.9474608302116394,3.413254737854004,0.07463788986206055,0.8101921081542969,0.048311199992895126,0.042790092527866364,0.3141556680202484,0.9468500018119812,3.5116353034973145,0.05964541435241699,0.793221652507782,0.08498414605855942,0.07851729542016983,0.2207845002412796,0.8712294101715088,0.8506538271903992,0.08606617897748947,0.07916215807199478,0.2031792551279068,0.8783094882965088,0.6468362808227539,0.08287595212459564,0.07604600489139557,0.3043077290058136,0.8703884482383728,0.8232788443565369,0.08233997225761414,0.07504717260599136,0.3290473222732544,0.8790690302848816,0.5998268127441406,0.0874725952744484,0.07936355471611023,0.2403700053691864,0.8685709834098816,0.7857272624969482,0.08578334003686905,0.07671967148780823,0.2741970419883728,0.8853081464767456,0.5528765320777893,0.09164706617593765,0.0834222286939621,0.1884223073720932,0.8671603798866272,0.7637070417404175,0.09289981424808502,0.08375976234674454,0.1509331613779068,0.8845486044883728,0.5298326015472412
ai_001_002_cam_00_frame.0000,train,ai_001_002,0,0.05361242592334747,0.03601513057947159,0.3903300166130066,0.9695231318473816,1.56759774684906,0.21505463123321533,0.7902460098266602,0.04800175875425339,0.032332949340343475,0.4630635678768158,0.9697367548942566,1.5915337800979614,0.18641996383666992,0.7926270961761475,0.041834622621536255,0.03081434965133667,0.4566802978515625,0.9710337519645691,1.6437294483184814,0.13623738288879395,0.7790675759315491,0.043493952602148056,0.03557432442903519,0.2958018183708191,0.9736430048942566,1.688977599143982,0.10581541061401367,0.7645498514175415,0.09849735349416733,0.07062506675720215,0.1354166716337204,0.9292805790901184,0.7515740394592285,0.056682031601667404,0.02288159355521202,0.197265625,0.9997287392616272,0.7371020913124084,0.0849449634552002,0.06064208224415779,0.3014865517616272,0.9292263388633728,0.7493665814399719,0.04197312891483307,0.012199731543660164,0.520616352558136,0.9997287392616272,0.7458661794662476,0.06720927357673645,0.05480537936091423,0.298882395029068,0.9288737177848816,0.7256251573562622,0.029396958649158478,0.01810550130903721,0.4408637285232544,0.9997829794883728,0.6807500123977661,0.0708007663488388,0.06342846900224686,0.261962890625,0.9278157353401184,0.6959325671195984,0.05003669485449791,0.04547782242298126,0.2243381142616272,0.9984809160232544,0.4961412847042084
ai_038_006_cam_00_frame.0000,train,ai_038_006,0,0.11517584323883057,0.10262323915958405,0.09761959314346313,0.9364250302314758,8.349224090576172,-0.41516876220703125,0.7784941792488098,0.10340722650289536,0.09254062920808792,0.11801709979772568,0.9396069049835205,8.350131034851074,-0.35146665573120117,0.7714129686355591,0.09278541803359985,0.08505377173423767,0.1413404643535614,0.9402965903282166,8.279147148132324,-0.21497726440429688,0.7532537579536438,0.09146855026483536,0.08393224328756332,0.1466488391160965,0.9402913451194763,8.364073753356934,-0.17629361152648926,0.736071765422821,0.15625210106372833,0.1476161926984787,0.052491769194602966,0.8528183102607727,0.8070885539054871,0.16838447749614716,0.15901081264019012,0.04543442279100418,0.8951854109764099,0.6835968494415283,0.14826036989688873,0.13977548480033875,0.09978140145540237,0.8559451103210449,0.8010799884796143,0.16156098246574402,0.15224041044712067,0.0812949687242508,0.8972330093383789,0.6692771911621094,0.1440625935792923,0.13551996648311615,0.11079443246126175,0.8563601970672607,0.7984375357627869,0.15815632045269012,0.14870645105838776,0.06889872997999191,0.8942446112632751,0.6616659760475159,0.14691254496574402,0.13803082704544067,0.08223802596330643,0.8589059114456177,0.782214343547821,0.16021005809307098,0.14983300864696503,0.07244051247835159,0.8954067826271057,0.6476644277572632
ai_032_005_cam_00_frame.0000,train,ai_032_005,0,0.02216082066297531,0.01994546502828598,0.3987376093864441,0.9945272207260132,2.8688719272613525,0.06464052200317383,0.8844789862632751,0.01889515295624733,0.016856873407959938,0.517486572265625,0.9945933222770691,2.916215658187866,0.06363487243652344,0.8820294141769409,0.017949920147657394,0.015775106847286224,0.583648681640625,0.9946340322494507,2.9974100589752197,0.08359479904174805,0.868503749370575,0.02156541310250759,0.018862590193748474,0.4723612666130066,0.9946340322494507,3.093719482421875,0.09224295616149902,0.8516010046005249,0.028349492698907852,0.02574625052511692,0.2392035573720932,0.9985622763633728,0.9321579337120056,0.03589485213160515,0.03219893202185631,0.1082356795668602,0.9992946982383728,0.8045958876609802,0.022549821063876152,0.020191773772239685,0.4128689169883728,0.998155415058136,0.9306133985519409,0.026530135422945023,0.023687694221735,0.293023020029068,0.9990234375,0.8016908764839172,0.01937773823738098,0.016710568219423294,0.6545138955116272,0.997422993183136,0.9115501642227173,0.020786378532648087,0.017734713852405548,0.61767578125,0.9985893964767456,0.7888056635856628,0.024237193167209625,0.02132539078593254,0.5112847089767456,0.996337890625,0.8656015396118164,0.025188328698277473,0.021899377927184105,0.4713541567325592,0.99755859375,0.7833291292190552
ai_022_002_cam_00_frame.0000,train,ai_022_002,0,0.027368128299713135,0.024936586618423462,0.3721720576286316,0.9953460693359375,3.3513107299804688,-0.10611677169799805,0.8439546227455139,0.026080690324306488,0.02364242635667324,0.3705546259880066,0.9954630732536316,3.3968591690063477,-0.09987497329711914,0.8335838913917542,0.02588997595012188,0.023175261914730072,0.3820953369140625,0.9956817626953125,3.4950029850006104,-0.08923768997192383,0.8066875338554382,0.029182061553001404,0.0264168381690979,0.3164571225643158,0.99542236328125,3.5945117473602295,-0.0859217643737793,0.7720359563827515,0.031675148755311966,0.02988487482070923,0.3409830629825592,0.994737446308136,0.8131268620491028,0.02832804061472416,0.026477009057998657,0.224392369389534,0.9978298544883728,0.8862040042877197,0.03033090941607952,0.02875710278749466,0.3031684160232544,0.995225727558136,0.7930762767791748,0.026419129222631454,0.02487785927951336,0.1891818642616272,0.9977756142616272,0.8820966482162476,0.029287077486515045,0.027631700038909912,0.3594835102558136,0.9962836503982544,0.7668135166168213,0.02298598736524582,0.021334946155548096,0.400444895029068,0.9977756142616272,0.8591158390045166,0.03355788439512253,0.03160775825381279,0.2842610776424408,0.9956868290901184,0.7425949573516846,0.027786407619714737,0.02566429413855076,0.3102213442325592,0.9964192509651184,0.8081055283546448
ai_023_008_cam_00_frame.0000,train,ai_023_008,0,0.023652054369449615,0.01951717957854271,0.4385119378566742,0.9831367135047913,12.755524635314941,0.2673664093017578,0.7022671103477478,0.021192248910665512,0.01718294620513916,0.5092537999153137,0.9831367135047913,12.957413673400879,0.2813835144042969,0.7175695896148682,0.024603428319096565,0.020989490672945976,0.3647574782371521,0.9965673089027405,13.4219331741333,0.30527591705322266,0.6987339854240417,0.031416092067956924,0.02760058082640171,0.25835663080215454,0.9964593052864075,13.867536544799805,0.29913902282714844,0.6902492642402649,0.018327072262763977,0.012524784542620182,0.5046337842941284,0.9999999403953552,0.6387380361557007,0.017900528386235237,0.009342556819319725,0.5422549247741699,1.0,0.8068391680717468,0.020669469609856606,0.01282591000199318,0.5834587812423706,0.9999999403953552,0.6649088263511658,0.020695680752396584,0.007915934547781944,0.6953496336936951,1.0,0.7825952768325806,0.0316169410943985,0.023319371044635773,0.24172770977020264,0.9999999403953552,0.679456889629364,0.033590734004974365,0.01905084401369095,0.2241552472114563,1.0,0.7552279829978943,0.03704807162284851,0.028490262106060982,0.26079827547073364,0.9999999403953552,0.6353194117546082,0.038006093353033066,0.023659391328692436,0.25038474798202515,1.0,0.5886722207069397
ai_002_008_cam_00_frame.0099,train,ai_002_008,99,0.03895897418260574,0.03579453006386757,0.35011959075927734,0.9664872884750366,2.4897611141204834,-0.1425333023071289,0.7575233578681946,0.032468244433403015,0.029993349686264992,0.3736627399921417,0.9738801717758179,2.518256425857544,-0.14998936653137207,0.7378032803535461,0.026016641408205032,0.02402511239051819,0.38541531562805176,0.9892802834510803,2.583434581756592,-0.15272140502929688,0.6921805143356323,0.027451688423752785,0.02440401166677475,0.3866601288318634,0.9893672466278076,2.6507277488708496,-0.15238308906555176,0.6547638773918152,0.03456886485219002,0.03291215002536774,0.238308385014534,0.9761013388633728,0.8695293068885803,0.022084787487983704,0.021411500871181488,0.3186849057674408,0.9871962070465088,0.6288007497787476,0.030580278486013412,0.029253819957375526,0.2154947966337204,0.9863552451133728,0.8423402309417725,0.022134805098176003,0.021594097837805748,0.2693684995174408,0.9896376132965088,0.6253370046615601,0.024599768221378326,0.02348240092396736,0.4022895097732544,0.9864909052848816,0.7947903275489807,0.0186352226883173,0.01812528818845749,0.39453125,0.9906684160232544,0.5946803092956543,0.02366831712424755,0.02257620543241501,0.47802734375,0.9858669638633728,0.7447638511657715,0.015959156677126884,0.01536064688116312,0.5438910722732544,0.989854633808136,0.5531517267227173
ai_055_005_cam_01_frame.0099,train,ai_055_005,99,0.12988702952861786,0.03997873514890671,0.24653360247612,0.9795373678207397,2.7493104934692383,0.05527603626251221,0.720870316028595,0.12850533425807953,0.036900594830513,0.3088829219341278,0.97944575548172,2.8271656036376953,0.01688539981842041,0.7046146988868713,0.12800249457359314,0.033236801624298096,0.34553056955337524,0.9691559672355652,2.956275701522827,-0.055774688720703125,0.6828505396842957,0.12947386503219604,0.03302399069070816,0.32179734110832214,0.9657175540924072,3.0747506618499756,-0.11328887939453125,0.6644852161407471,0.14158689975738525,0.07054480165243149,0.1826171875,0.9110785722732544,0.6484103202819824,0.12463818490505219,0.0445983000099659,0.1752387136220932,0.9762912392616272,0.4261265993118286,0.14093615114688873,0.06775674968957901,0.2002495676279068,0.9105360507965088,0.627305269241333,0.12386111170053482,0.04152079299092293,0.2041558176279068,0.9779731035232544,0.4046157896518707,0.14123503863811493,0.0658588781952858,0.26123046875,0.90625,0.5994531512260437,0.12243889272212982,0.03620282560586929,0.3196614682674408,0.9788954257965088,0.38754862546920776,0.1423664689064026,0.06795060634613037,0.2381727397441864,0.9054633378982544,0.5805185437202454,0.12182945758104324,0.03563564270734787,0.3119032084941864,0.9810112714767456,0.3518330454826355
ai_028_002_cam_00_frame.0000,train,ai_028_002,0,0.0576854906976223,0.0521370992064476,0.47999003529548645,0.9015379548072815,2.8844735622406006,0.10817193984985352,0.49339184165000916,0.0527363047003746,0.04800480976700783,0.4518980383872986,0.9209030866622925,2.944049596786499,0.09637117385864258,0.4974331855773926,0.04725519195199013,0.04310686141252518,0.42994847893714905,0.9253939390182495,3.0508670806884766,0.08246803283691406,0.4987527132034302,0.05314299836754799,0.048611924052238464,0.3909836709499359,0.9220143556594849,3.1400034427642822,0.08390045166015625,0.49191102385520935,0.16751210391521454,0.16288509964942932,0.11836690455675125,0.6270202398300171,0.4606662094593048,0.036473598331213,0.03450498357415199,0.23002289235591888,0.9865365624427795,0.8843765258789062,0.15360765159130096,0.14974330365657806,0.1362459510564804,0.6927312016487122,0.46053534746170044,0.03307011350989342,0.031288031488657,0.26212796568870544,0.9863730072975159,0.878645658493042,0.13494035601615906,0.13125737011432648,0.22024475038051605,0.7110190391540527,0.46173906326293945,0.028337731957435608,0.02674620784819126,0.38635122776031494,0.9857189059257507,0.8581017851829529,0.1409989297389984,0.13634616136550903,0.20361942052841187,0.7043689489364624,0.4493517577648163,0.031301092356443405,0.029490012675523758,0.3747410774230957,0.9854463934898376,0.8361870050430298
ai_044_008_cam_01_frame.0099,train,ai_044_008,99,0.10536321252584457,0.08637627214193344,0.1376698911190033,0.8660430908203125,5.277730941772461,-0.1887826919555664,0.8208733201026917,0.0920376405119896,0.07577314972877502,0.1431325376033783,0.918121337890625,5.392748832702637,-0.2517080307006836,0.8159778118133545,0.07433114945888519,0.057178497314453125,0.1776174008846283,0.9534810781478882,5.6598310470581055,-0.5412693023681641,0.6983042359352112,0.0852033942937851,0.06423477083444595,0.1745147705078125,0.9505208730697632,5.9332499504089355,-0.7809133529663086,0.7433580756187439,0.09074845910072327,0.07062235474586487,0.1319715678691864,0.952256977558136,0.7362266778945923,0.06889349222183228,0.04431622847914696,0.2018771767616272,0.9939236044883728,0.3479742705821991,0.08494659513235092,0.06630510091781616,0.1016438826918602,0.9523383378982544,0.7312818765640259,0.061009008437395096,0.04020240530371666,0.1729600727558136,0.994249165058136,0.33982419967651367,0.07320145517587662,0.057221848517656326,0.1915418803691864,0.9522840976715088,0.7248231768608093,0.04192233085632324,0.02652157098054886,0.3293728232383728,0.9949001669883728,0.31721559166908264,0.07112285494804382,0.058771856129169464,0.2201877236366272,0.9505751132965088,0.7097586393356323,0.03735481947660446,0.02838318981230259,0.2745225727558136,0.9949544072151184,0.29778149724006653
ai_033_008_cam_00_frame.0000,train,ai_033_008,0,0.037686169147491455,0.0336788110435009,0.30478721857070923,0.9875333905220032,3.989332675933838,0.025551795959472656,0.8635733127593994,0.030804041773080826,0.02732907049357891,0.380619078874588,0.9875639081001282,4.055557727813721,0.020499229431152344,0.8596283793449402,0.03074405901134014,0.02738180197775364,0.401498407125473,0.9878436923027039,4.19111442565918,-0.017488479614257812,0.8433677554130554,0.037848059087991714,0.03430779650807381,0.27115651965141296,0.9864245653152466,4.309474468231201,-0.030947208404541016,0.8186070919036865,0.045995235443115234,0.04363471642136574,0.15555314719676971,0.9839672446250916,0.8353832960128784,0.04972065985202789,0.04656079411506653,0.10921816527843475,0.9832890033721924,0.7495725750923157,0.043066851794719696,0.04084689915180206,0.24469643831253052,0.980928897857666,0.831794261932373,0.045324407517910004,0.042476046830415726,0.17720144987106323,0.9819326400756836,0.7471404671669006,0.046562131494283676,0.04464724659919739,0.20820899307727814,0.9772123098373413,0.8019213080406189,0.05220726877450943,0.04988746717572212,0.1208290383219719,0.9785144329071045,0.725518524646759,0.05236029624938965,0.050079699605703354,0.13754001259803772,0.9725190997123718,0.7773057222366333,0.05927855148911476,0.05631918087601662,0.11057457327842712,0.9726547598838806,0.7204099893569946
