id,split,scene,frame,k0_point_rel,k0_depth_rel,k0_depth_delta_1.01,k0_depth_delta_1.25,k0_alignment_scale,k0_alignment_z_shift,k0_boundary_f1,k1_point_rel,k1_depth_rel,k1_depth_delta_1.01,k1_depth_delta_1.25,k1_alignment_scale,k1_alignment_z_shift,k1_boundary_f1,k3_point_rel,k3_depth_rel,k3_depth_delta_1.01,k3_depth_delta_1.25,k3_alignment_scale,k3_alignment_z_shift,k3_boundary_f1,k5_point_rel,k5_depth_rel,k5_depth_delta_1.01,k5_depth_delta_1.25,k5_alignment_scale,k5_alignment_z_shift,k5_boundary_f1,k0_crop_point_rel,k0_crop_depth_rel,k0_crop_depth_delta_1.01,k0_crop_depth_delta_1.25,k0_crop_boundary_f1,k0_structure_point_rel,k0_structure_depth_rel,k0_structure_depth_delta_1.01,k0_structure_depth_delta_1.25,k0_structure_boundary_f1,k1_crop_point_rel,k1_crop_depth_rel,k1_crop_depth_delta_1.01,k1_crop_depth_delta_1.25,k1_crop_boundary_f1,k1_structure_point_rel,k1_structure_depth_rel,k1_structure_depth_delta_1.01,k1_structure_depth_delta_1.25,k1_structure_boundary_f1,k3_crop_point_rel,k3_crop_depth_rel,k3_crop_depth_delta_1.01,k3_crop_depth_delta_1.25,k3_crop_boundary_f1,k3_structure_point_rel,k3_structure_depth_rel,k3_structure_depth_delta_1.01,k3_structure_depth_delta_1.25,k3_structure_boundary_f1,k5_crop_point_rel,k5_crop_depth_rel,k5_crop_depth_delta_1.01,k5_crop_depth_delta_1.25,k5_crop_boundary_f1,k5_structure_point_rel,k5_structure_depth_rel,k5_structure_depth_delta_1.01,k5_structure_depth_delta_1.25,k5_structure_boundary_f1
ai_001_001_cam_00_frame.0000,train,ai_001_001,0,0.01899634674191475,0.01730206049978733,0.5557047724723816,0.9998931884765625,2.1499922275543213,0.0443572998046875,0.8455169200897217,0.006218565162271261,0.005592824425548315,0.8919423818588257,0.9998626708984375,2.199596881866455,0.05211472511291504,0.8376204371452332,0.012224412523210049,0.010557572357356548,0.6564992666244507,0.9998626708984375,2.302814483642578,0.051522016525268555,0.8262069821357727,0.020466163754463196,0.017954468727111816,0.4613698422908783,0.9998270869255066,2.408179759979248,0.05340218544006348,0.7751872539520264,,,,,,,,,,,,,,,,,,,,,,,,,,,,,,,,,,,,,,,,
ai_001_001_cam_00_frame.0014,train,ai_001_001,14,0.015203270129859447,0.013808291405439377,0.4044596552848816,0.9989471435546875,1.8975797891616821,0.02073502540588379,0.8893855810165405,0.010527532547712326,0.006529304664582014,0.8630778193473816,0.9991709589958191,1.9158432483673096,0.027897119522094727,0.8890548944473267,0.015048108994960785,0.01080981083214283,0.6176300048828125,0.9990488886833191,1.9993205070495605,0.004035472869873047,0.7961729764938354,0.021690798923373222,0.016986293718218803,0.3257802426815033,0.9989166259765625,2.076472043991089,-0.0022764205932617188,0.7162326574325562,,,,,,,,,,,,,,,,,,,,,,,,,,,,,,,,,,,,,,,,
ai_001_001_cam_00_frame.0028,train,ai_001_001,28,0.009116060100495815,0.008212260901927948,0.7246907949447632,0.9997202754020691,2.04130220413208,0.06862664222717285,0.9169636964797974,0.004716630559414625,0.004206606652587652,0.9322357177734375,0.9996287226676941,2.0805726051330566,0.06578922271728516,0.8915377259254456,0.012348009273409843,0.010975881479680538,0.6455078125,0.999908447265625,2.1552109718322754,0.06401467323303223,0.8653625845909119,0.019993433728814125,0.017776483669877052,0.4567718505859375,0.9999135732650757,2.2303905487060547,0.06065940856933594,0.8346740007400513,,,,,,,,,,,,,,,,,,,,,,,,,,,,,,,,,,,,,,,,
ai_001_001_cam_00_frame.0043,train,ai_001_001,43,0.008122829720377922,0.007217343896627426,0.7627716064453125,0.9998830556869507,1.784419298171997,0.041187286376953125,0.8910123705863953,0.00553334504365921,0.004844775423407555,0.9202067255973816,0.9998677968978882,1.80585515499115,0.04101896286010742,0.9018793106079102,0.011370299383997917,0.010265843942761421,0.550384521484375,0.9998931884765625,1.8564664125442505,0.04008746147155762,0.9204419255256653,0.01895768754184246,0.01731126382946968,0.3518422544002533,0.9998881220817566,1.907871961593628,0.04064202308654785,0.926079273223877,,,,,,,,,,,,,,,,,,,,,,,,,,,,,,,,,,,,,,,,
ai_001_001_cam_00_frame.0056,train,ai_001_001,56,0.008457024581730366,0.007455295883119106,0.78509521484375,0.9997711181640625,1.5740560293197632,0.0448150634765625,0.8681499361991882,0.006242070347070694,0.005529496818780899,0.8706716299057007,0.99981689453125,1.5977396965026855,0.049059152603149414,0.8622723817825317,0.007818078622221947,0.0069147078320384026,0.7617747187614441,0.9998270869255066,1.6567806005477905,0.04411911964416504,0.870717465877533,0.011211819015443325,0.009826230816543102,0.6424662470817566,0.9998321533203125,1.7135380506515503,0.045110225677490234,0.873619019985199,,,,,,,,,,,,,,,,,,,,,,,,,,,,,,,,,,,,,,,,
ai_001_001_cam_00_frame.0071,train,ai_001_001,71,0.02210768684744835,0.01784888282418251,0.2083486020565033,0.9995982050895691,1.5244836807250977,0.09082174301147461,0.8856156468391418,0.01303493045270443,0.011154530569911003,0.54779052734375,0.9996185302734375,1.562484860420227,0.06375670433044434,0.8812914490699768,0.008213150314986706,0.007077023386955261,0.7951507568359375,0.9995880126953125,1.624548077583313,0.03975212574005127,0.86116623878479,0.013613412156701088,0.01140064187347889,0.5808258056640625,0.9995626211166382,1.6870306730270386,0.02535700798034668,0.8572415113449097,,,,,,,,,,,,,,,,,,,,,,,,,,,,,,,,,,,,,,,,
ai_001_001_cam_00_frame.0085,train,ai_001_001,85,0.011267549358308315,0.009820211678743362,0.7338358759880066,0.9993743896484375,1.9832563400268555,0.04963278770446777,0.9023164510726929,0.00628997664898634,0.005407880526036024,0.8912150263786316,0.9991455078125,2.0187535285949707,0.0505671501159668,0.9064173698425293,0.010063685476779938,0.009038309566676617,0.6974691152572632,0.9990438222885132,2.087766408920288,0.05263066291809082,0.8845863938331604,0.01660642959177494,0.01500190794467926,0.44610595703125,0.9990081787109375,2.155658483505249,0.048593759536743164,0.8539968132972717,,,,,,,,,,,,,,,,,,,,,,,,,,,,,,,,,,,,,,,,
ai_001_001_cam_00_frame.0099,train,ai_001_001,99,0.0205303393304348,0.013922654092311859,0.7501678466796875,0.9960479736328125,2.0653076171875,-0.0626533031463623,0.9142591953277588,0.01565653085708618,0.009899144992232323,0.864227294921875,0.9962819814682007,2.088289499282837,-0.03809309005737305,0.9271727800369263,0.018814852461218834,0.014627641998231411,0.4181365966796875,0.99627685546875,2.1516857147216797,-0.015074968338012695,0.938492476940155,0.02583680860698223,0.021676138043403625,0.2660980224609375,0.9950612783432007,2.229793071746826,-0.022621750831604004,0.9422454237937927,,,,,,,,,,,,,,,,,,,,,,,,,,,,,,,,,,,,,,,,
ai_018_003_cam_00_frame.0000,train,ai_018_003,0,0.016366012394428253,0.014633400365710258,0.5163370966911316,0.9942728877067566,3.095996856689453,0.0806732177734375,0.8897940516471863,0.011389053426682949,0.010297833941876888,0.7792816162109375,0.9943695068359375,3.127403736114502,0.09238386154174805,0.8942686319351196,0.013043377548456192,0.011914575472474098,0.6880340576171875,0.9942220449447632,3.221418857574463,0.09261703491210938,0.8923282027244568,0.015439908020198345,0.01407207828015089,0.6006571650505066,0.9941558837890625,3.3188893795013428,0.09464645385742188,0.8887542486190796,,,,,,,,,,,,,,,,,,,,,,,,,,,,,,,,,,,,,,,,
ai_018_003_cam_00_frame.0014,train,ai_018_003,14,0.024508213624358177,0.02021564543247223,0.3798065185546875,0.995025634765625,3.1010749340057373,0.1436772346496582,0.8229587078094482,0.020422205328941345,0.017805464565753937,0.373748779296875,0.9952749013900757,3.1631057262420654,0.11228299140930176,0.818511962890625,0.0195627324283123,0.01778128556907177,0.37689208984375,0.9951884150505066,3.2636795043945312,0.07375526428222656,0.8092877268791199,0.020990122109651566,0.018416427075862885,0.4297231137752533,0.9951019287109375,3.376901388168335,0.04250288009643555,0.7870336174964905,,,,,,,,,,,,,,,,,,,,,,,,,,,,,,,,,,,,,,,,
ai_018_003_cam_00_frame.0028,train,ai_018_003,28,0.04579883813858032,0.04151984676718712,0.2846120297908783,0.9799652099609375,3.0288188457489014,0.05192136764526367,0.7183120846748352,0.03602054342627525,0.03313702344894409,0.361358642578125,0.9807332754135132,3.0977511405944824,0.03369402885437012,0.7121372222900391,0.0291098952293396,0.025807475671172142,0.4993082880973816,0.9830271601676941,3.2188987731933594,0.015818119049072266,0.6949345469474792,0.03195054456591606,0.027675144374370575,0.3342437744140625,0.985321044921875,3.353177309036255,-0.007266998291015625,0.6784456968307495,,,,,,,,,,,,,,,,,,,,,,,,,,,,,,,,,,,,,,,,
ai_018_003_cam_00_frame.0042,train,ai_018_003,42,0.015252087265253067,0.013545209541916847,0.7420806884765625,0.9929911494255066,2.5619757175445557,0.0846242904663086,0.9198312163352966,0.009773780591785908,0.008546560071408749,0.87677001953125,0.995361328125,2.602992296218872,0.08767116069793701,0.9149252772331238,0.013304303400218487,0.011832821182906628,0.723968505859375,0.9950917959213257,2.6928465366363525,0.08225536346435547,0.9179547429084778,0.018944106996059418,0.016481230035424232,0.5877889394760132,0.995147705078125,2.7889740467071533,0.0661470890045166,0.9091596603393555,,,,,,,,,,,,,,,,,,,,,,,,,,,,,,,,,,,,,,,,
ai_018_003_cam_00_frame.0057,train,ai_018_003,57,0.031437672674655914,0.02942356839776039,0.2093607634305954,0.9954071044921875,3.740802049636841,-0.020649433135986328,0.936221718788147,0.020274970680475235,0.018529683351516724,0.2870381772518158,0.9954071044921875,3.8152055740356445,-0.04737591743469238,0.9338247179985046,0.018724018707871437,0.014770017936825752,0.4764913022518158,0.9954630732536316,3.9729738235473633,-0.09129047393798828,0.927573025226593,0.023597028106451035,0.018807437270879745,0.3794505000114441,0.9954580068588257,4.165960311889648,-0.11275482177734375,0.9149991273880005,,,,,,,,,,,,,,,,,,,,,,,,,,,,,,,,,,,,,,,,
ai_018_003_cam_00_frame.0071,train,ai_018_003,71,0.01658789813518524,0.014653243124485016,0.6782888174057007,0.9975179433822632,2.620436668395996,0.07933402061462402,0.9405531287193298,0.012393980287015438,0.01095336489379406,0.7559763789176941,0.9975484609603882,2.671473741531372,0.0729372501373291,0.9414365291595459,0.012114929966628551,0.010602692142128944,0.6068064570426941,0.9975332021713257,2.774087905883789,0.07225704193115234,0.9400054216384888,0.015847086906433105,0.013976870104670525,0.5241851806640625,0.9975179433822632,2.8815228939056396,0.06280839443206787,0.9421096444129944,,,,,,,,,,,,,,,,,,,,,,,,,,,,,,,,,,,,,,,,
ai_018_003_cam_00_frame.0085,train,ai_018_003,85,0.018424969166517258,0.015949124470353127,0.46636962890625,0.9954071044921875,3.092040538787842,0.042093753814697266,0.7962162494659424,0.012659173458814621,0.011011509224772453,0.6776377558708191,0.9954071044921875,3.1509978771209717,0.050759077072143555,0.8144259452819824,0.018522895872592926,0.017107710242271423,0.4394175410270691,0.9953867793083191,3.26631498336792,0.06269240379333496,0.8206121325492859,0.02606039308011532,0.024038273841142654,0.3544667661190033,0.995147705078125,3.3933122158050537,0.06252813339233398,0.8156664371490479,,,,,,,,,,,,,,,,,,,,,,,,,,,,,,,,,,,,,,,,
ai_018_003_cam_00_frame.0099,train,ai_018_003,99,0.021817099303007126,0.019604124128818512,0.4049530029296875,0.99713134765625,3.2806897163391113,0.1211857795715332,0.9343218803405762,0.015592290088534355,0.01468062773346901,0.5156402587890625,0.99713134765625,3.3416740894317627,0.09577822685241699,0.9337745308876038,0.01954789273440838,0.01698080077767372,0.4291534423828125,0.9970805048942566,3.457444667816162,0.05260658264160156,0.9350970387458801,0.03140295296907425,0.02620730921626091,0.2131703794002533,0.9969075918197632,3.5786664485931396,0.006087303161621094,0.9030872583389282,,,,,,,,,,,,,,,,,,,,,,,,,,,,,,,,,,,,,,,,
ai_036_002_cam_00_frame.0000,train,ai_036_002,0,0.06870406866073608,0.05888732895255089,0.2546132504940033,0.9569854736328125,3.317207098007202,-0.3152923583984375,0.8722878098487854,0.05609673261642456,0.04594508931040764,0.3654734492301941,0.9654185175895691,3.3833529949188232,-0.3198833465576172,0.8709364533424377,0.04864805191755295,0.035671211779117584,0.50927734375,0.9714559316635132,3.543583631515503,-0.34198570251464844,0.8730279207229614,0.04988902434706688,0.03430597484111786,0.4991658627986908,0.9736531972885132,3.720883846282959,-0.36815834045410156,0.8733595609664917,,,,,,,,,,,,,,,,,,,,,,,,,,,,,,,,,,,,,,,,
ai_036_002_cam_00_frame.0014,train,ai_036_002,14,0.11214099824428558,0.07833261787891388,0.0784454345703125,0.9445699453353882,3.6472249031066895,-1.1316423416137695,0.8709461092948914,0.09294333308935165,0.06174057349562645,0.1028086394071579,0.9642080068588257,3.7135722637176514,-1.0136722326278687,0.8621762990951538,0.07762875407934189,0.04488208144903183,0.2040303647518158,0.9759979248046875,3.8695578575134277,-0.964604377746582,0.854885458946228,0.07095997780561447,0.03531815856695175,0.4671427607536316,0.9768270254135132,4.032938480377197,-0.9085822105407715,0.842826783657074,,,,,,,,,,,,,,,,,,,,,,,,,,,,,,,,,,,,,,,,
ai_036_002_cam_00_frame.0028,train,ai_036_002,28,0.03867143392562866,0.03658298775553703,0.1498209685087204,0.9930572509765625,3.3892838954925537,-0.12164592742919922,0.6466069221496582,0.028011012822389603,0.024699434638023376,0.2739970088005066,0.9935811758041382,3.460313320159912,-0.11626625061035156,0.6683609485626221,0.02395622991025448,0.01529519259929657,0.5504812002182007,0.9939473867416382,3.629368543624878,-0.2043933868408203,0.6812317967414856,0.029488351196050644,0.017367077991366386,0.5158895254135132,0.9942423701286316,3.799222230911255,-0.25739002227783203,0.6801589131355286,,,,,,,,,,,,,,,,,,,,,,,,,,,,,,,,,,,,,,,,
ai_036_002_cam_00_frame.0042,train,ai_036_002,42,0.039381641894578934,0.03824637830257416,0.2717336118221283,0.9876505732536316,3.39265513420105,-0.654146671295166,0.7777288556098938,0.02665473148226738,0.024278581142425537,0.3846384882926941,0.9963124990463257,3.4720101356506348,-0.6526684761047363,0.7857296466827393,0.022363074123859406,0.014865901321172714,0.515289306640625,0.9970296621322632,3.639301300048828,-0.655280590057373,0.776330828666687,0.026177946478128433,0.015211481600999832,0.5095367431640625,0.9976145625114441,3.8139402866363525,-0.6684799194335938,0.7653343677520752,,,,,,,,,,,,,,,,,,,,,,,,,,,,,,,,,,,,,,,,
ai_036_002_cam_00_frame.0057,train,ai_036_002,57,0.03613685816526413,0.031406767666339874,0.2135976254940033,0.9900919795036316,2.8467657566070557,-0.19281816482543945,0.8355783224105835,0.02669002115726471,0.018449971452355385,0.4037322998046875,0.9981282949447632,2.8881547451019287,-0.19451093673706055,0.8311870694160461,0.02626091055572033,0.011723220348358154,0.6571197509765625,0.9983469843864441,3.0412392616271973,-0.2592949867248535,0.8299332857131958,0.031876999884843826,0.015491575002670288,0.4930013120174408,0.998321533203125,3.1901092529296875,-0.32146692276000977,0.8199032545089722,,,,,,,,,,,,,,,,,,,,,,,,,,,,,,,,,,,,,,,,
ai_036_002_cam_00_frame.0071,train,ai_036_002,71,0.039673034101724625,0.03638146445155144,0.22423923015594482,0.9847869277000427,3.6423940658569336,-0.5204463005065918,0.7826060652732849,0.03135266155004501,0.02730557881295681,0.3198665380477905,0.9892781376838684,3.712801456451416,-0.4999518394470215,0.7860999703407288,0.027106737717986107,0.019621023908257484,0.5143052339553833,0.9893137216567993,3.867403030395508,-0.47309112548828125,0.782926082611084,0.02900668978691101,0.019217174500226974,0.49323779344558716,0.98931884765625,4.038115978240967,-0.46650123596191406,0.773249626159668,,,,,,,,,,,,,,,,,,,,,,,,,,,,,,,,,,,,,,,,
ai_036_002_cam_00_frame.0085,train,ai_036_002,85,0.07265207916498184,0.06635736674070358,0.1259002685546875,0.9491679072380066,3.3578684329986572,-0.7525076866149902,0.7424808144569397,0.05565280467271805,0.04968143254518509,0.1181132048368454,0.9780120849609375,3.425842046737671,-0.7352728843688965,0.738728404045105,0.03937235474586487,0.027360668405890465,0.3347727656364441,0.99163818359375,3.496431827545166,-0.652338981628418,0.7318998575210571,0.043106578290462494,0.025817640125751495,0.3651682734489441,0.9913126826286316,3.6855573654174805,-0.6915202140808105,0.7287602424621582,,,,,,,,,,,,,,,,,,,,,,,,,,,,,,,,,,,,,,,,
ai_036_002_cam_00_frame.0099,train,ai_036_002,99,0.03533591330051422,0.030451780185103416,0.3263499140739441,0.986907958984375,3.5877389907836914,-0.04836416244506836,0.6830486059188843,0.026511099189519882,0.02089228294789791,0.4522959589958191,0.9907582998275757,3.641404390335083,-0.038651466369628906,0.693015456199646,0.0263032428920269,0.015802325680851936,0.5794016718864441,0.9904734492301941,3.8118202686309814,-0.11754393577575684,0.7134886980056763,0.0340045727789402,0.020659422501921654,0.4285481870174408,0.9909312129020691,3.985006809234619,-0.18231630325317383,0.7156965732574463,,,,,,,,,,,,,,,,,,,,,,,,,,,,,,,,,,,,,,,,
ai_019_007_cam_00_frame.0000,train,ai_019_007,0,0.17836949229240417,0.16623766720294952,0.0172271728515625,0.7666066884994507,2.5475056171417236,-0.26012253761291504,0.8284698128700256,0.16312876343727112,0.14947065711021423,0.0287729911506176,0.7750651240348816,2.601320266723633,-0.27578210830688477,0.7840926647186279,0.14387062191963196,0.12558159232139587,0.0488789901137352,0.8203989863395691,2.694572925567627,-0.24308991432189941,0.7221851944923401,0.1319781243801117,0.11059447377920151,0.0926005095243454,0.8717803955078125,2.830904006958008,-0.25784361362457275,0.6915697455406189,,,,,,,,,,,,,,,,,,,,,,,,,,,,,,,,,,,,,,,,
ai_024_008_cam_00_frame.0099,train,ai_024_008,99,0.12215017527341843,0.11640169471502304,0.0549672469496727,0.8715261220932007,10.356976509094238,1.0668048858642578,0.7701795697212219,0.10906562209129333,0.10214506089687347,0.0822703093290329,0.88800048828125,10.652941703796387,1.0656423568725586,0.7836478352546692,0.09886881709098816,0.08945205062627792,0.1243337020277977,0.8932291865348816,11.184720993041992,0.9316577911376953,0.7640907168388367,0.09609976410865784,0.08481091260910034,0.1482086181640625,0.8934428095817566,11.651318550109863,0.8567886352539062,0.7444154024124146,,,,,,,,,,,,,,,,,,,,,,,,,,,,,,,,,,,,,,,,
ai_019_004_cam_00_frame.0000,train,ai_019_004,0,0.09128591418266296,0.08456825464963913,0.1285044401884079,0.9277191162109375,1.9216818809509277,-0.01988840103149414,0.9142928719520569,0.06976407766342163,0.06492158025503159,0.2620188593864441,0.9402517080307007,1.969903588294983,-0.04890108108520508,0.9138514399528503,0.060090288519859314,0.055367033928632736,0.2723744809627533,0.9403228759765625,2.032615900039673,-0.03750109672546387,0.9059687852859497,0.06067287176847458,0.05497296154499054,0.27734375,0.939666748046875,2.0989773273468018,-0.04160165786743164,0.8954898118972778,,,,,,,,,,,,,,,,,,,,,,,,,,,,,,,,,,,,,,,,
ai_019_004_cam_00_frame.0099,train,ai_019_004,99,0.08768990635871887,0.080174021422863,0.2464040219783783,0.9224955439567566,2.321809768676758,-0.12363529205322266,0.8510226011276245,0.07799679040908813,0.0702754482626915,0.4315083920955658,0.927276611328125,2.3809821605682373,-0.14104509353637695,0.8492284417152405,0.07640897482633591,0.06715942919254303,0.4511464536190033,0.9276072382926941,2.49955415725708,-0.1679234504699707,0.8381285071372986,0.08073492348194122,0.07029655575752258,0.3337962031364441,0.9269561767578125,2.620313882827759,-0.1974639892578125,0.8260855674743652,,,,,,,,,,,,,,,,,,,,,,,,,,,,,,,,,,,,,,,,
ai_052_008_cam_01_frame.0099,train,ai_052_008,99,0.04128996655344963,0.0359516441822052,0.17036260664463043,0.9810758829116821,3.4552390575408936,0.0029413700103759766,0.8683410882949829,0.031029097735881805,0.024722760543227196,0.3344205617904663,0.9827805161476135,3.4782748222351074,0.028219223022460938,0.8682331442832947,0.031747229397296906,0.025061413645744324,0.40518108010292053,0.9823276400566101,3.60758113861084,0.002689838409423828,0.8664297461509705,0.03844815492630005,0.031238961964845657,0.3320696949958801,0.9824039936065674,3.768759250640869,-0.04669618606567383,0.8631436824798584,,,,,,,,,,,,,,,,,,,,,,,,,,,,,,,,,,,,,,,,
ai_026_013_cam_00_frame.0000,train,ai_026_013,0,0.0850662887096405,0.06376633793115616,0.0892537459731102,0.9706675410270691,18.06685447692871,0.7555427551269531,0.8503929972648621,0.07150116562843323,0.04542496055364609,0.1950175017118454,0.9806773066520691,18.373655319213867,0.578028678894043,0.8434052467346191,0.06715992093086243,0.0363873653113842,0.295013427734375,0.98468017578125,19.388654708862305,-0.1490306854248047,0.8276293277740479,0.07103241235017776,0.038331542164087296,0.2885182797908783,0.9846547842025757,20.843839645385742,-1.302912712097168,0.818483829498291,,,,,,,,,,,,,,,,,,,,,,,,,,,,,,,,,,,,,,,,
ai_055_006_cam_00_frame.0000,train,ai_055_006,0,0.06578437983989716,0.05748734995722771,0.1505940854549408,0.9549713134765625,4.047328472137451,0.2083439826965332,0.8098978400230408,0.05563328415155411,0.04833963140845299,0.2239481657743454,0.9557088613510132,4.143084526062012,0.18838024139404297,0.8089165091514587,0.05174274370074272,0.04659580439329147,0.3033244013786316,0.9569600820541382,4.3451361656188965,0.13316452503204346,0.7901128530502319,0.053951673209667206,0.050349652767181396,0.2403310239315033,0.9559428095817566,4.537840366363525,0.06960630416870117,0.7806733846664429,,,,,,,,,,,,,,,,,,,,,,,,,,,,,,,,,,,,,,,,
ai_054_008_cam_00_frame.0000,train,ai_054_008,0,0.08209394663572311,0.07726428657770157,0.26069217920303345,0.8848801255226135,4.351247310638428,-0.06155252456665039,0.47751644253730774,0.06862881779670715,0.06439825147390366,0.38752296566963196,0.8877086639404297,4.418118000030518,-0.05441141128540039,0.4975065588951111,0.06508776545524597,0.060455624014139175,0.4713815748691559,0.8864927887916565,4.571172714233398,-0.06702089309692383,0.5003910064697266,0.06896622478961945,0.06326347589492798,0.3817540109157562,0.8857246041297913,4.763179779052734,-0.0998086929321289,0.49570515751838684,0.09202414005994797,0.08961360901594162,0.09664630144834518,0.9226884245872498,0.7189241051673889,0.09363795071840286,0.09017004072666168,0.04627165570855141,0.9674686193466187,0.47151970863342285,0.07151671499013901,0.06942533701658249,0.20317719876766205,0.9227427244186401,0.7202849984169006,0.06359098851680756,0.060967620462179184,0.1322978287935257,0.9683918952941895,0.47441795468330383,0.06263860315084457,0.06045889854431152,0.3067481517791748,0.9224711656570435,0.7221663594245911,0.04820921644568443,0.04579968750476837,0.2833324074745178,0.9691522121429443,0.48720890283584595,0.06943939626216888,0.06727616488933563,0.23413442075252533,0.9223625659942627,0.7343555688858032,0.05749349296092987,0.05486933887004852,0.19698038697242737,0.9691522121429443,0.4951249361038208
ai_044_009_cam_00_frame.0000,train,ai_044_009,0,0.1305951327085495,0.12015946209430695,0.2564544677734375,0.8556112051010132,4.430109977722168,-0.22829437255859375,0.3579912483692169,0.11610883474349976,0.10720480978488922,0.277191162109375,0.8555959463119507,4.520724773406982,-0.21873855590820312,0.34575802087783813,0.10683730244636536,0.09827183187007904,0.3645680844783783,0.8551687002182007,4.707082271575928,-0.1906723976135254,0.336214154958725,0.1075061485171318,0.09840080142021179,0.3477376401424408,0.8549041748046875,4.905672550201416,-0.21062278747558594,0.3258006274700165,,,,,,,,,,,,,,,,,,,,,,,,,,,,,,,,,,,,,,,,
ai_052_010_cam_00_frame.0000,train,ai_052_010,0,0.04982706531882286,0.04407942295074463,0.1990865170955658,0.9786834716796875,2.835294485092163,-0.023231863975524902,0.8338425755500793,0.035593487322330475,0.031892210245132446,0.3383280634880066,0.9814046621322632,2.850616931915283,0.010714530944824219,0.8257477283477783,0.03662510961294174,0.03346119821071625,0.2333730161190033,0.9809621572494507,2.938019037246704,0.023137927055358887,0.8065379858016968,0.040252089500427246,0.03710439056158066,0.2315623015165329,0.9799245595932007,3.0295751094818115,0.03026103973388672,0.7863562107086182,,,,,,,,,,,,,,,,,,,,,,,,,,,,,,,,,,,,,,,,
ai_052_004_cam_00_frame.0000,train,ai_052_004,0,0.052392225712537766,0.04845044016838074,0.3527374267578125,0.9534403681755066,4.618791580200195,0.1463489532470703,0.7651993632316589,0.04735724255442619,0.04386380314826965,0.5196024775505066,0.95404052734375,4.711021423339844,0.14680767059326172,0.7545228600502014,0.05242465063929558,0.0486893430352211,0.3665618896484375,0.9512481689453125,4.928591251373291,0.14055228233337402,0.7432011365890503,0.05921214073896408,0.05485183000564575,0.2478790283203125,0.9484609365463257,5.151349067687988,0.13095664978027344,0.7316613793373108,,,,,,,,,,,,,,,,,,,,,,,,,,,,,,,,,,,,,,,,
ai_053_018_cam_00_frame.0000,train,ai_053_018,0,0.1455439031124115,0.12164153903722763,0.3094492256641388,0.8377012014389038,3.9729814529418945,-0.18765926361083984,0.9484434723854065,0.11851658672094345,0.09698359668254852,0.31516677141189575,0.8380522131919861,4.045019149780273,-0.1946420669555664,0.9453898072242737,0.1044316440820694,0.08278057724237442,0.23123995959758759,0.8644322752952576,4.189456939697266,-0.23968124389648438,0.9359820485115051,0.10361288487911224,0.07683416455984116,0.18146072328090668,0.9546615481376648,4.358180522918701,-0.32901477813720703,0.9301223158836365,,,,,,,,,,,,,,,,,,,,,,,,,,,,,,,,,,,,,,,,
ai_054_006_cam_00_frame.0000,train,ai_054_006,0,0.03844214230775833,0.03441989794373512,0.3494059443473816,0.9696706533432007,2.9608359336853027,0.10542583465576172,0.8102720975875854,0.03101574443280697,0.028333425521850586,0.4827117919921875,0.9720560908317566,3.0186820030212402,0.09104156494140625,0.8092124462127686,0.03635498136281967,0.032737068831920624,0.3647868037223816,0.9723663330078125,3.1279854774475098,0.06432580947875977,0.8040604591369629,0.04455963522195816,0.04015304893255234,0.2219289243221283,0.9701995849609375,3.240852117538452,0.049649834632873535,0.791645348072052,,,,,,,,,,,,,,,,,,,,,,,,,,,,,,,,,,,,,,,,
ai_008_004_cam_00_frame.0000,train,ai_008_004,0,0.019096387550234795,0.017611153423786163,0.5023295283317566,0.9936269521713257,1.8349025249481201,0.08762073516845703,0.8887527585029602,0.01152885239571333,0.010707984678447247,0.790985107421875,0.9933573603630066,1.865619421005249,0.08328819274902344,0.8909790515899658,0.013986092060804367,0.01313635241240263,0.6628367304801941,0.9930419921875,1.9318060874938965,0.08191192150115967,0.8859449625015259,0.02029452845454216,0.018966376781463623,0.4119110107421875,0.9925944209098816,2.0029051303863525,0.08297061920166016,0.8767659068107605,,,,,,,,,,,,,,,,,,,,,,,,,,,,,,,,,,,,,,,,
ai_027_009_cam_02_frame.0099,train,ai_027_009,99,0.04448466747999191,0.036611154675483704,0.3385060727596283,0.9782562255859375,1.7806168794631958,0.07146215438842773,0.9043098092079163,0.03238696977496147,0.028439683839678764,0.3934224545955658,0.9783274531364441,1.8284263610839844,0.04691702127456665,0.9063684344291687,0.026984086260199547,0.024203350767493248,0.4951731562614441,0.9779307246208191,1.891115427017212,0.025758028030395508,0.9018934965133667,0.03327932581305504,0.027987873181700706,0.4281158447265625,0.97760009765625,1.956788182258606,0.003450363874435425,0.8939719796180725,,,,,,,,,,,,,,,,,,,,,,,,,,,,,,,,,,,,,,,,
ai_048_007_cam_00_frame.0001,train,ai_048_007,1,0.040451161563396454,0.03655393794178963,0.296051025390625,0.9787139892578125,2.1956207752227783,-0.009536981582641602,0.9087666273117065,0.029050281271338463,0.025484450161457062,0.5112152099609375,0.9811248779296875,2.240607500076294,-0.02079761028289795,0.909538984298706,0.029775366187095642,0.025572478771209717,0.461669921875,0.9807332754135132,2.3327741622924805,-0.04631805419921875,0.9024366140365601,0.03772237151861191,0.032263658940792084,0.3475392758846283,0.9800161123275757,2.4338083267211914,-0.07436752319335938,0.8923397660255432,,,,,,,,,,,,,,,,,,,,,,,,,,,,,,,,,,,,,,,,
ai_002_003_cam_00_frame.0000,train,ai_002_003,0,0.03742309659719467,0.03462597355246544,0.4956563413143158,0.9667307734489441,3.3880515098571777,0.022257328033447266,0.8582285046577454,0.029898082837462425,0.027593746781349182,0.6312510371208191,0.966461181640625,3.4504966735839844,0.004763603210449219,0.8603497743606567,0.0331808403134346,0.03025154583156109,0.5307108759880066,0.96295166015625,3.5766005516052246,-0.009663820266723633,0.8518679738044739,0.04072490334510803,0.03734111040830612,0.3450266718864441,0.9619191884994507,3.7052361965179443,-0.022914409637451172,0.8357465267181396,,,,,,,,,,,,,,,,,,,,,,,,,,,,,,,,,,,,,,,,
ai_044_006_cam_01_frame.0099,train,ai_044_006,99,0.05840841680765152,0.053004633635282516,0.13101929426193237,0.9640838503837585,4.838858127593994,-0.23436927795410156,0.7413369417190552,0.04105963557958603,0.03562965616583824,0.26300501823425293,0.9800149202346802,4.893706321716309,-0.20434284210205078,0.7596028447151184,0.0342261865735054,0.027272900566458702,0.4032258689403534,0.9806761741638184,5.059173107147217,-0.19777488708496094,0.7543255090713501,0.037800971418619156,0.029271157458424568,0.3341810703277588,0.9807422757148743,5.239186763763428,-0.21829605102539062,0.7443420886993408,,,,,,,,,,,,,,,,,,,,,,,,,,,,,,,,,,,,,,,,
ai_027_005_cam_00_frame.0000,train,ai_027_005,0,0.08330037444829941,0.0770263820886612,0.141998291015625,0.9279937744140625,8.34809684753418,-0.5588464736938477,0.8378094434738159,0.0709562674164772,0.06367012113332748,0.2600962519645691,0.9417368769645691,8.481782913208008,-0.5277156829833984,0.8305631279945374,0.06876547634601593,0.05881641060113907,0.3245697021484375,0.9414469599723816,8.850998878479004,-0.6287994384765625,0.8235892653465271,0.07577399909496307,0.06302905082702637,0.30584716796875,0.9324849843978882,9.340133666992188,-0.8087368011474609,0.809587299823761,,,,,,,,,,,,,,,,,,,,,,,,,,,,,,,,,,,,,,,,
ai_034_003_cam_00_frame.0000,train,ai_034_003,0,0.039009060710668564,0.03518456220626831,0.2534739375114441,0.9795583486557007,5.199497699737549,-0.09851264953613281,0.8532208204269409,0.028672661632299423,0.02460314892232418,0.4783172607421875,0.9795023798942566,5.326654434204102,-0.1277480125427246,0.847808837890625,0.03212466463446617,0.0270607378333807,0.4039306640625,0.9792226552963257,5.560496807098389,-0.16756343841552734,0.8339783549308777,0.03970462828874588,0.0339994877576828,0.2733866572380066,0.9787801504135132,5.780725479125977,-0.1849825382232666,0.8242474794387817,,,,,,,,,,,,,,,,,,,,,,,,,,,,,,,,,,,,,,,,
ai_045_005_cam_03_frame.0099,train,ai_045_005,99,0.10433711111545563,0.06897591054439545,0.2477061003446579,0.9149322509765625,1.7253165245056152,0.08898305892944336,0.9066748023033142,0.09551497548818588,0.07355932891368866,0.285064697265625,0.914520263671875,1.834144949913025,-0.03629589080810547,0.9185904264450073,0.08312474936246872,0.0625729113817215,0.4024251401424408,0.9141845703125,1.924523949623108,-0.11278963088989258,0.8970644474029541,0.08241534233093262,0.05892672389745712,0.3300272822380066,0.9176992177963257,2.0087673664093018,-0.13994646072387695,0.8965938091278076,,,,,,,,,,,,,,,,,,,,,,,,,,,,,,,,,,,,,,,,
ai_009_001_cam_00_frame.0099,train,ai_009_001,99,0.04244467243552208,0.039075128734111786,0.3376288414001465,0.9715166687965393,4.800761699676514,0.06044173240661621,0.7748627662658691,0.031709443777799606,0.028838861733675003,0.4658142328262329,0.9732725024223328,4.881141185760498,0.04253792762756348,0.7728171348571777,0.03362632170319557,0.03009497933089733,0.4039176106452942,0.9723444581031799,5.038656234741211,0.015898942947387695,0.7722648978233337,0.039758581668138504,0.03551905229687691,0.30075135827064514,0.97154301404953,5.194345951080322,-0.008855819702148438,0.7575529217720032,,,,,,,,,,,,,,,,,,,,,,,,,,,,,,,,,,,,,,,,
ai_055_002_cam_01_frame.0099,train,ai_055_002,99,0.04530166834592819,0.03806834667921066,0.302886962890625,0.977294921875,2.9423987865448,0.1211557388305664,0.5528820157051086,0.030424533411860466,0.02530403435230255,0.4872385859489441,0.9782562255859375,2.9967217445373535,0.09542179107666016,0.5544551014900208,0.02977529913187027,0.026960274204611778,0.3881785273551941,0.9787546992301941,3.1082804203033447,0.0394209623336792,0.5474543571472168,0.03978458791971207,0.03529077395796776,0.2805430293083191,0.9791921377182007,3.2405970096588135,-0.004138469696044922,0.5363050699234009,,,,,,,,,,,,,,,,,,,,,,,,,,,,,,,,,,,,,,,,
ai_044_002_cam_01_frame.0099,train,ai_044_002,99,0.07936294376850128,0.025497784838080406,0.3785655200481415,0.9921758770942688,5.5685834884643555,0.07624149322509766,0.7962663173675537,0.0738101527094841,0.01751740835607052,0.5287708044052124,0.9939309358596802,5.683022499084473,0.07207679748535156,0.7966647744178772,0.07517509907484055,0.02528732642531395,0.3138102889060974,0.992974579334259,6.002352714538574,-0.043677330017089844,0.7922775745391846,0.08022020757198334,0.03486313298344612,0.22339510917663574,0.9915857315063477,6.333675384521484,-0.1439981460571289,0.7717424035072327,,,,,,,,,,,,,,,,,,,,,,,,,,,,,,,,,,,,,,,,
ai_043_002_cam_00_frame.0000,val,ai_043_002,0,0.017376596108078957,0.015836074948310852,0.5018157958984375,0.9937031269073486,2.9446258544921875,0.10656929016113281,0.871742308139801,0.017622848972678185,0.016093740239739418,0.5005849003791809,0.9936726093292236,2.998090982437134,0.10637569427490234,0.8691250085830688,0.02063453383743763,0.018848249688744545,0.3887521028518677,0.9933419823646545,3.1145739555358887,0.10944032669067383,0.8559640645980835,0.02399362623691559,0.022001177072525024,0.32375410199165344,0.993143618106842,3.243081569671631,0.11236238479614258,0.843903124332428,,,,,,,,,,,,,,,,,,,,,,,,,,,,,,,,,,,,,,,,
ai_043_002_cam_00_frame.0014,val,ai_043_002,14,0.014525390230119228,0.013065440580248833,0.6905282139778137,0.9938709735870361,3.5574305057525635,0.08656120300292969,0.907153844833374,0.014774313196539879,0.013304718770086765,0.708106517791748,0.9938709735870361,3.6267285346984863,0.08375120162963867,0.9040546417236328,0.017374077811837196,0.015735693275928497,0.5529332756996155,0.993881106376648,3.7883658409118652,0.06290483474731445,0.8989517688751221,0.023141462355852127,0.020733317360281944,0.3856392800807953,0.993911623954773,3.9575977325439453,0.041239261627197266,0.885824978351593,,,,,,,,,,,,,,,,,,,,,,,,,,,,,,,,,,,,,,,,
ai_043_002_cam_00_frame.0028,val,ai_043_002,28,0.0360342375934124,0.03262994810938835,0.20297662913799286,0.989766001701355,2.6630170345306396,0.01612985134124756,0.7944990396499634,0.03669954836368561,0.033361226320266724,0.19176089763641357,0.9900508522987366,2.729771375656128,0.0014531612396240234,0.7935161590576172,0.03798571601510048,0.034570157527923584,0.19330210983753204,0.9903204441070557,2.8600707054138184,-0.004975318908691406,0.7908748388290405,0.03920462355017662,0.03587156534194946,0.18153704702854156,0.9900203347206116,2.996127128601074,-0.010666370391845703,0.785736083984375,,,,,,,,,,,,,,,,,,,,,,,,,,,,,,,,,,,,,,,,
ai_043_002_cam_00_frame.0042,val,ai_043_002,42,0.021453747525811195,0.02000189572572708,0.30827802419662476,0.993820071220398,3.441789150238037,0.10692167282104492,0.8074115514755249,0.02153419703245163,0.02007768116891384,0.29362934827804565,0.9937742948532104,3.5071728229522705,0.09420394897460938,0.8075451850891113,0.02370009385049343,0.021915312856435776,0.2873477041721344,0.9934639930725098,3.6419999599456787,0.07993507385253906,0.8088741898536682,0.026156393811106682,0.02410854771733284,0.3142798840999603,0.9931893348693848,3.780855894088745,0.07913446426391602,0.807203471660614,,,,,,,,,,,,,,,,,,,,,,,,,,,,,,,,,,,,,,,,
ai_043_002_cam_00_frame.0057,val,ai_043_002,57,0.055332377552986145,0.04889051988720894,0.26290813088417053,0.9812717437744141,1.5788395404815674,0.12393856048583984,0.7956821918487549,0.05312475189566612,0.0467134453356266,0.2769314646720886,0.98207026720047,1.6053403615951538,0.1187887191772461,0.7905623912811279,0.05132124945521355,0.04525139182806015,0.24915437400341034,0.9853307008743286,1.6722115278244019,0.10069441795349121,0.7783920764923096,0.05287548899650574,0.04750895872712135,0.17134195566177368,0.9883520603179932,1.7513678073883057,0.0700078010559082,0.7615087032318115,,,,,,,,,,,,,,,,,,,,,,,,,,,,,,,,,,,,,,,,
ai_043_002_cam_00_frame.0071,val,ai_043_002,71,0.2642919719219208,0.05200576037168503,0.0861155241727829,0.9884999990463257,2.0994951725006104,-0.2684723734855652,0.8985722064971924,0.27055490016937256,0.0536264143884182,0.0994059294462204,0.9892171621322632,2.1382532119750977,-0.272468239068985,0.9006382822990417,0.3138391971588135,0.07660102099180222,0.04840087890625,0.9868978261947632,2.206172227859497,-0.3093479871749878,0.8841405510902405,0.4029683470726013,0.12823525071144104,0.013605753891170025,0.870635986328125,2.2724969387054443,-0.3870139718055725,0.6359350681304932,,,,,,,,,,,,,,,,,,,,,,,,,,,,,,,,,,,,,,,,
ai_043_002_cam_00_frame.0085,val,ai_043_002,85,0.025522513315081596,0.02180137112736702,0.3187713623046875,0.9949798583984375,2.640787363052368,-0.09309554100036621,0.8453284502029419,0.024803217500448227,0.020976489409804344,0.370819091796875,0.9945577383041382,2.691330909729004,-0.09294319152832031,0.8349140882492065,0.025977332144975662,0.021629855036735535,0.403839111328125,0.9922129511833191,2.803632974624634,-0.1020956039428711,0.8165683150291443,0.030079444870352745,0.025098010897636414,0.329864501953125,0.9922994375228882,2.9274251461029053,-0.11407279968261719,0.7849031686782837,,,,,,,,,,,,,,,,,,,,,,,,,,,,,,,,,,,,,,,,
ai_043_002_cam_00_frame.0099,val,ai_043_002,99,0.02106964774429798,0.019194714725017548,0.6173635721206665,0.9911346435546875,2.9972383975982666,0.06413507461547852,0.8545883893966675,0.02305641956627369,0.020252959802746773,0.5010096430778503,0.9915415644645691,3.067554235458374,0.03672432899475098,0.8584614396095276,0.03023032285273075,0.02560795471072197,0.31092992424964905,0.9899342656135559,3.2135064601898193,-0.0006587505340576172,0.8475949764251709,0.03710286319255829,0.03165331482887268,0.24428428709506989,0.9884592294692993,3.3579533100128174,-0.008325338363647461,0.829292893409729,,,,,,,,,,,,,,,,,,,,,,,,,,,,,,,,,,,,,,,,
ai_047_001_cam_00_frame.0000,val,ai_047_001,0,0.11249297112226486,0.10302947461605072,0.068511962890625,0.9186553955078125,3.2132070064544678,-0.08475780487060547,0.8731920719146729,0.10897078365087509,0.099204882979393,0.07159423828125,0.9323679804801941,3.271123170852661,-0.08765125274658203,0.8638683557510376,0.10370555520057678,0.09301796555519104,0.0853271484375,0.944061279296875,3.395014762878418,-0.10073769092559814,0.8497388362884521,0.10066577047109604,0.08890687674283981,0.110504150390625,0.9470977783203125,3.5304505825042725,-0.1289200782775879,0.8300558924674988,,,,,,,,,,,,,,,,,,,,,,,,,,,,,,,,,,,,,,,,
ai_047_001_cam_00_frame.0014,val,ai_047_001,14,0.10294345021247864,0.09076911211013794,0.0620676688849926,0.9376068115234375,2.696462631225586,0.15525901317596436,0.8379204869270325,0.1017579659819603,0.08738797158002853,0.064208984375,0.9367421865463257,2.7596170902252197,0.13942694664001465,0.8215916156768799,0.10748983919620514,0.08855994790792465,0.07635498046875,0.9266561269760132,2.8739442825317383,0.10982918739318848,0.7766208052635193,0.11699666827917099,0.09718985855579376,0.0675048828125,0.9122213125228882,2.9614181518554688,0.1123356819152832,0.7453830242156982,,,,,,,,,,,,,,,,,,,,,,,,,,,,,,,,,,,,,,,,
ai_047_001_cam_00_frame.0028,val,ai_047_001,28,0.11820151656866074,0.11454816907644272,0.0431772880256176,0.9301249384880066,3.2289445400238037,0.517845869064331,0.8671905994415283,0.11567030847072601,0.11183878779411316,0.0389150008559227,0.9302877187728882,3.279578447341919,0.49064064025878906,0.851376473903656,0.11164727061986923,0.10640166699886322,0.0437825545668602,0.9266103506088257,3.380934476852417,0.4455220699310303,0.8098739385604858,0.11132842302322388,0.10441288352012634,0.0623016357421875,0.9181976318359375,3.482673168182373,0.401644229888916,0.7782804369926453,,,,,,,,,,,,,,,,,,,,,,,,,,,,,,,,,,,,,,,,
ai_047_001_cam_00_frame.0042,val,ai_047_001,42,0.14499634504318237,0.13330447673797607,0.0379079207777977,0.92236328125,3.0688023567199707,0.49240541458129883,0.8806148171424866,0.1422102153301239,0.13163873553276062,0.0376485213637352,0.9316304922103882,3.147181987762451,0.4551539421081543,0.873761773109436,0.13691839575767517,0.12811361253261566,0.0487721785902977,0.9537913203239441,3.2856523990631104,0.36595940589904785,0.8645337224006653,0.13232026994228363,0.12427600473165512,0.0408376082777977,0.9517059326171875,3.4121618270874023,0.3145253658294678,0.8524476289749146,0.07674074918031693,0.07548853754997253,0.08447265625,0.9775661826133728,0.8538501858711243,0.09502572566270828,0.09340620785951614,0.0367838554084301,0.978515625,0.7524452805519104,0.0734681487083435,0.0721801295876503,0.063232421875,0.9801432490348816,0.8493009805679321,0.09164000302553177,0.09001346677541733,0.0440538190305233,0.9794379472732544,0.748092532157898,0.06749018281698227,0.06598959863185883,0.0770128071308136,0.9810112714767456,0.847133457660675,0.08347725868225098,0.08186415582895279,0.0671115443110466,0.9809027910232544,0.7627243995666504,0.06350549310445786,0.06184517592191696,0.0709092915058136,0.9804145097732544,0.8270434737205505,0.0758177861571312,0.07416543364524841,0.0536566860973835,0.9806315302848816,0.7509344816207886
ai_047_001_cam_00_frame.0057,val,ai_047_001,57,0.0990319773554802,0.09135948121547699,0.0714467391371727,0.9429118037223816,2.7634291648864746,0.14402031898498535,0.854464590549469,0.09746380150318146,0.08919747918844223,0.0862833708524704,0.938995361328125,2.8159971237182617,0.12170004844665527,0.8546484708786011,0.09728080034255981,0.08586158603429794,0.0961202010512352,0.9379984736442566,2.9444267749786377,0.0559694766998291,0.8451128602027893,0.10154219716787338,0.08625631034374237,0.0785013884305954,0.9291585683822632,3.079954147338867,-0.015595436096191406,0.8328965902328491,,,,,,,,,,,,,,,,,,,,,,,,,,,,,,,,,,,,,,,,
ai_047_001_cam_00_frame.0071,val,ai_047_001,71,0.13915686309337616,0.1341419219970703,0.043212890625,0.8739420771598816,2.971454381942749,0.05306673049926758,0.8828245401382446,0.13517040014266968,0.1301015317440033,0.0453287772834301,0.892059326171875,3.023832321166992,0.037406206130981445,0.8770737648010254,0.12585768103599548,0.11953692883253098,0.0536855086684227,0.9042257070541382,3.1061911582946777,0.04335737228393555,0.86037278175354,0.1185411661863327,0.10996606200933456,0.0694427490234375,0.9077402949333191,3.1757924556732178,0.056581735610961914,0.8363600373268127,,,,,,,,,,,,,,,,,,,,,,,,,,,,,,,,,,,,,,,,
ai_047_001_cam_00_frame.0085,val,ai_047_001,85,0.11031411588191986,0.10563137382268906,0.0665435791015625,0.9310760498046875,3.29422664642334,0.06432342529296875,0.8201706409454346,0.10739688575267792,0.10256479680538177,0.0649464949965477,0.9319305419921875,3.336280345916748,0.08365154266357422,0.805931031703949,0.10189773887395859,0.09635913372039795,0.0713144987821579,0.9323527216911316,3.4366395473480225,0.10025787353515625,0.7785953283309937,0.09885582327842712,0.09198455512523651,0.07794189453125,0.931640625,3.542177438735962,0.08391714096069336,0.7546401619911194,,,,,,,,,,,,,,,,,,,,,,,,,,,,,,,,,,,,,,,,
ai_047_001_cam_00_frame.0099,val,ai_047_001,99,0.14144974946975708,0.13520574569702148,0.0601247176527977,0.7491506338119507,2.5328166484832764,0.41930627822875977,0.91544508934021,0.1412685513496399,0.13488340377807617,0.0557963065803051,0.7643076777458191,2.5747318267822266,0.42896008491516113,0.9100344181060791,0.14112505316734314,0.13373778760433197,0.0593007430434227,0.7811788320541382,2.664743185043335,0.42594337463378906,0.8966262340545654,0.1419508457183838,0.13343307375907898,0.0623575858771801,0.7810618281364441,2.758209705352783,0.4191858768463135,0.8720569610595703,,,,,,,,,,,,,,,,,,,,,,,,,,,,,,,,,,,,,,,,
ai_046_001_cam_00_frame.0000,test,ai_046_001,0,0.06108327955007553,0.05666927993297577,0.22979736328125,0.9598592519760132,4.07160758972168,0.15650320053100586,0.8157681226730347,0.05975043401122093,0.055403344333171844,0.2583363950252533,0.9587554931640625,4.178047180175781,0.16095352172851562,0.8106383681297302,0.05941535159945488,0.05520147085189819,0.2543385922908783,0.9591420888900757,4.367610931396484,0.1474466323852539,0.8016126751899719,0.06082472950220108,0.056495942175388336,0.2144927978515625,0.9592489004135132,4.551547527313232,0.1514596939086914,0.790633499622345,0.08620058000087738,0.08351409435272217,0.070068359375,0.9149848222732544,0.9143094420433044,0.09325913339853287,0.09003586322069168,0.1139865443110466,0.8893229365348816,0.8501006960868835,0.088407002389431,0.08566291630268097,0.0801595076918602,0.9065212607383728,0.9044252634048462,0.09476562589406967,0.0914633646607399,0.1490342915058136,0.873155415058136,0.8453331589698792,0.08885619789361954,0.08601701259613037,0.0884331613779068,0.9043239951133728,0.8876439332962036,0.09782864153385162,0.09435685724020004,0.1507161408662796,0.8694661259651184,0.8280792832374573,0.09183380007743835,0.08887752890586853,0.0752224400639534,0.9023166298866272,0.8680592179298401,0.10489004105329514,0.10118120163679123,0.1185980886220932,0.8658854365348816,0.7963861227035522
ai_046_001_cam_00_frame.0014,test,ai_046_001,14,0.059051498770713806,0.05254555866122246,0.2586822509765625,0.9585164785385132,3.703291654586792,0.1746501922607422,0.8093752264976501,0.05976518988609314,0.05373784154653549,0.212005615234375,0.9578857421875,3.7926602363586426,0.15679025650024414,0.8021721243858337,0.06392005831003189,0.05839688703417778,0.19317626953125,0.9534403681755066,3.972646474838257,0.1176614761352539,0.7902134656906128,0.06886406242847443,0.06329207867383957,0.1755879819393158,0.9498189687728882,4.163317680358887,0.09747505187988281,0.780408501625061,,,,,,,,,,,,,,,,,,,,,,,,,,,,,,,,,,,,,,,,
ai_046_001_cam_00_frame.0028,test,ai_046_001,28,0.02889147400856018,0.023739244788885117,0.4962107539176941,0.9978587031364441,2.960631847381592,0.1865091323852539,0.8351756930351257,0.029413839802145958,0.02448335289955139,0.365692138671875,0.9978536367416382,3.016125440597534,0.1819443702697754,0.8221255540847778,0.03144579753279686,0.026550278067588806,0.29718017578125,0.9978841543197632,3.1295483112335205,0.18413400650024414,0.7974190711975098,0.034905657172203064,0.0302148275077343,0.232025146484375,0.9979095458984375,3.243553400039673,0.1808023452758789,0.7883511781692505,,,,,,,,,,,,,,,,,,,,,,,,,,,,,,,,,,,,,,,,
ai_046_001_cam_00_frame.0042,test,ai_046_001,42,0.019427090883255005,0.01738053187727928,0.5501251220703125,0.9923858642578125,3.2969563007354736,0.04741406440734863,0.8573276996612549,0.01984068751335144,0.017691481858491898,0.5022634267807007,0.99224853515625,3.3608193397521973,0.04480242729187012,0.8551239967346191,0.0262776967138052,0.023282906040549278,0.3396047055721283,0.9911956787109375,3.5138111114501953,0.01852893829345703,0.8337995409965515,0.03491433709859848,0.030744418501853943,0.2537943720817566,0.9894816279411316,3.675832509994507,-0.008586883544921875,0.8203492164611816,,,,,,,,,,,,,,,,,,,,,,,,,,,,,,,,,,,,,,,,
ai_046_001_cam_00_frame.0057,test,ai_046_001,57,0.13195398449897766,0.11814712733030319,0.1930135190486908,0.8543905019760132,2.1856486797332764,-0.23189997673034668,0.7997670769691467,0.12978096306324005,0.11624559015035629,0.2302195280790329,0.878021240234375,2.219571113586426,-0.2112255096435547,0.7876695394515991,0.1302909255027771,0.11753672361373901,0.1337076872587204,0.8771311640739441,2.2799313068389893,-0.17194652557373047,0.7709769606590271,0.13451077044010162,0.12167215347290039,0.0998026579618454,0.8650106191635132,2.3556177616119385,-0.1597299575805664,0.7578496336936951,,,,,,,,,,,,,,,,,,,,,,,,,,,,,,,,,,,,,,,,
ai_046_001_cam_00_frame.0071,test,ai_046_001,71,0.04031100869178772,0.03558051586151123,0.2408905029296875,0.9734243154525757,3.462325096130371,-0.015980243682861328,0.752930760383606,0.040167003870010376,0.03546770662069321,0.2255910336971283,0.9733988642692566,3.53617525100708,-0.0126800537109375,0.7492353320121765,0.04220002889633179,0.0378449447453022,0.2562306821346283,0.9722747802734375,3.6602580547332764,0.008410453796386719,0.7377330660820007,0.04586499184370041,0.04138176888227463,0.2668507993221283,0.971405029296875,3.793705463409424,0.017238855361938477,0.7254868745803833,,,,,,,,,,,,,,,,,,,,,,,,,,,,,,,,,,,,,,,,
ai_046_001_cam_00_frame.0085,test,ai_046_001,85,0.10866177082061768,0.0977657288312912,0.1603495329618454,0.8935038447380066,2.4072885513305664,-0.15483379364013672,0.760845959186554,0.11153610050678253,0.10104213654994965,0.1279856413602829,0.8909708857536316,2.4527907371520996,-0.1535625457763672,0.7444388270378113,0.11723780632019043,0.10678254067897797,0.1112162321805954,0.8850199580192566,2.527296781539917,-0.13527297973632812,0.7148825526237488,0.12282349914312363,0.11221637576818466,0.1020609587430954,0.8812154531478882,2.6092092990875244,-0.12607765197753906,0.6998465657234192,,,,,,,,,,,,,,,,,,,,,,,,,,,,,,,,,,,,,,,,
ai_046_001_cam_00_frame.0099,test,ai_046_001,99,0.032830096781253815,0.028337404131889343,0.6522420644760132,0.9768575429916382,3.2329256534576416,-0.016599655151367188,0.8791702389717102,0.03328709304332733,0.027820533141493797,0.6302846670150757,0.9742228388786316,3.2992146015167236,-0.04009556770324707,0.8784053325653076,0.03862753510475159,0.03009648621082306,0.5288645625114441,0.9739024043083191,3.4474222660064697,-0.11184120178222656,0.8717293739318848,0.04644490033388138,0.034895285964012146,0.3527781367301941,0.9740092158317566,3.5903775691986084,-0.1702566146850586,0.8618119955062866,,,,,,,,,,,,,,,,,,,,,,,,,,,,,,,,,,,,,,,,
ai_050_001_cam_00_frame.0000,test,ai_050_001,0,0.10466863960027695,0.10297815501689911,0.0225067138671875,0.99114990234375,2.566100835800171,0.3977322578430176,0.8645806908607483,0.10570677369832993,0.10394346714019775,0.0205637626349926,0.9909871816635132,2.6027183532714844,0.4055802822113037,0.8613272309303284,0.10796934366226196,0.10583152621984482,0.01646932028234005,0.9878133535385132,2.684767484664917,0.39908576011657715,0.8575727343559265,0.11033883690834045,0.10749366134405136,0.0186564140021801,0.9841512441635132,2.778252601623535,0.3830833435058594,0.8430424928665161,,,,,,,,,,,,,,,,,,,,,,,,,,,,,,,,,,,,,,,,
ai_050_001_cam_00_frame.0014,test,ai_050_001,14,0.09545458853244781,0.09404204785823822,0.0700581893324852,0.9537811279296875,2.7100210189819336,0.6588406562805176,0.8631882667541504,0.09728165715932846,0.09546796977519989,0.0963796004652977,0.9576568603515625,2.7518649101257324,0.6368412971496582,0.8395261168479919,0.10216644406318665,0.09906415641307831,0.0783030241727829,0.9672953486442566,2.843045711517334,0.5805037021636963,0.8155835270881653,0.10728351771831512,0.1023460254073143,0.0545756034553051,0.9715932607650757,2.9487197399139404,0.5040593147277832,0.7884278893470764,,,,,,,,,,,,,,,,,,,,,,,,,,,,,,,,,,,,,,,,
ai_050_001_cam_00_frame.0028,test,ai_050_001,28,0.1626378297805786,0.14472843706607819,0.023101806640625,0.74810791015625,2.13984751701355,0.07339751720428467,0.8722930550575256,0.1609278917312622,0.14265133440494537,0.0442962646484375,0.7592061758041382,2.178607702255249,0.060599565505981445,0.8362706899642944,0.15783365070819855,0.1395949125289917,0.0656534880399704,0.7788238525390625,2.270641565322876,0.03723430633544922,0.8391696214675903,0.15365056693553925,0.13511410355567932,0.0458882674574852,0.8322805166244507,2.385432481765747,0.009063005447387695,0.82997727394104,,,,,,,,,,,,,,,,,,,,,,,,,,,,,,,,,,,,,,,,
ai_050_001_cam_00_frame.0042,test,ai_050_001,42,0.04720740765333176,0.04276130720973015,0.3140716552734375,0.9863688349723816,2.4054017066955566,0.6282892227172852,0.7727348208427429,0.04654773324728012,0.04069384187459946,0.3608296811580658,0.9869639277458191,2.436713218688965,0.624143123626709,0.7715319991111755,0.046880751848220825,0.03916798159480095,0.3698476254940033,0.9853668212890625,2.498920440673828,0.6249897480010986,0.7625663876533508,0.047708660364151,0.03921595215797424,0.3219553828239441,0.9866587519645691,2.5627658367156982,0.6234145164489746,0.7712271809577942,,,,,,,,,,,,,,,,,,,,,,,,,,,,,,,,,,,,,,,,
ai_050_001_cam_00_frame.0057,test,ai_050_001,57,0.06348615139722824,0.06086324155330658,0.1273905485868454,0.993804931640625,2.3427493572235107,0.5946371555328369,0.875205934047699,0.0658433809876442,0.06346137821674347,0.1136220321059227,0.9936370849609375,2.3704721927642822,0.6097116470336914,0.8745651245117188,0.069436214864254,0.06711213290691376,0.0973154753446579,0.9936472773551941,2.439195156097412,0.6208927631378174,0.8582621812820435,0.07281166315078735,0.07044780254364014,0.0888163298368454,0.99365234375,2.512310743331909,0.617466926574707,0.8315542936325073,,,,,,,,,,,,,,,,,,,,,,,,,,,,,,,,,,,,,,,,
ai_050_001_cam_00_frame.0071,test,ai_050_001,71,0.09500261396169662,0.09121151268482208,0.002227783203125,0.9703115224838257,2.4483487606048584,0.19600367546081543,0.8206188678741455,0.09657138586044312,0.09271679818630219,0.0022430419921875,0.9821370840072632,2.4810879230499268,0.15944290161132812,0.8180497884750366,0.100226990878582,0.09573241323232651,0.0037129721604287624,0.9836171865463257,2.5596225261688232,0.11839115619659424,0.8110571503639221,0.1054660826921463,0.10038788616657257,0.002716064453125,0.9747467041015625,2.644742965698242,0.12192606925964355,0.7993783950805664,,,,,,,,,,,,,,,,,,,,,,,,,,,,,,,,,,,,,,,,
ai_050_001_cam_00_frame.0085,test,ai_050_001,85,0.05657309293746948,0.0507979616522789,0.1895345151424408,0.9778544306755066,3.0776777267456055,-0.0452423095703125,0.8363138437271118,0.05379895493388176,0.04813757538795471,0.2115987241268158,0.979095458984375,3.1328208446502686,-0.0543670654296875,0.8273057341575623,0.053991541266441345,0.04776308685541153,0.2362772673368454,0.9777578115463257,3.2460179328918457,-0.05086016654968262,0.8017975091934204,0.06000622361898422,0.05319936200976372,0.2167460173368454,0.9750518798828125,3.3410935401916504,-0.03552103042602539,0.7603262066841125,,,,,,,,,,,,,,,,,,,,,,,,,,,,,,,,,,,,,,,,
ai_050_001_cam_00_frame.0099,test,ai_050_001,99,0.06381140649318695,0.055759839713573456,0.1024627685546875,0.9817861318588257,2.9519894123077393,0.13468265533447266,0.806128978729248,0.0646883100271225,0.057791583240032196,0.1089579313993454,0.9794464111328125,2.9810454845428467,0.148512601852417,0.7998411059379578,0.06779846549034119,0.06181599944829941,0.1251017302274704,0.9758148193359375,3.0564792156219482,0.19664430618286133,0.7942072749137878,0.07069903612136841,0.06492321193218231,0.13958740234375,0.972808837890625,3.138998508453369,0.2189006805419922,0.7833908200263977,,,,,,,,,,,,,,,,,,,,,,,,,,,,,,,,,,,,,,,,
ai_052_005_cam_01_frame.0099,train,ai_052_005,99,0.21226155757904053,0.19298407435417175,0.0534718856215477,0.7904510498046875,6.303115367889404,0.4736618995666504,0.6428053975105286,0.19546052813529968,0.18048273026943207,0.07659912109375,0.7966868281364441,6.538810729980469,0.25357961654663086,0.655356764793396,0.1842384785413742,0.1714918613433838,0.0978444442152977,0.798492431640625,6.83750581741333,0.1307387351989746,0.6496754288673401,0.18205992877483368,0.16987967491149902,0.1055704802274704,0.793701171875,7.08773136138916,0.05556440353393555,0.6507739424705505,0.24136018753051758,0.22906139492988586,0.0539008267223835,0.7239583134651184,0.5657577514648438,0.15275807678699493,0.1441112905740738,0.0908745676279068,0.8704969882965088,0.3440103530883789,0.22234204411506653,0.21110084652900696,0.0561794713139534,0.7387966513633728,0.5951162576675415,0.13007156550884247,0.12305956333875656,0.0746527761220932,0.8926323652267456,0.34690994024276733,0.21093842387199402,0.19954900443553925,0.092176653444767,0.7492946982383728,0.6038417816162109,0.10777635872364044,0.10082093626260757,0.1268988698720932,0.9197590947151184,0.35563012957572937,0.20877692103385925,0.19678835570812225,0.0908474400639534,0.7466633915901184,0.6225262880325317,0.0976521372795105,0.08996367454528809,0.1322157084941864,0.9305555820465088,0.3818751573562622
ai_028_001_cam_00_frame.0099,train,ai_028_001,99,0.04250172898173332,0.03962895646691322,0.0886586531996727,0.9974924921989441,1.8786720037460327,0.14514636993408203,0.881406843662262,0.02740933746099472,0.026280542835593224,0.2253774106502533,0.9974416494369507,1.9351423978805542,0.11140084266662598,0.8811188340187073,0.020369525998830795,0.017218783497810364,0.4629872739315033,0.9969838857650757,2.0156466960906982,0.09369254112243652,0.8772119879722595,0.022817058488726616,0.017869263887405396,0.4561665952205658,0.9968160390853882,2.1236701011657715,0.064780592918396,0.8728276491165161,0.0583031103014946,0.056290097534656525,0.01993815042078495,0.998887836933136,0.9101424217224121,0.06313550472259521,0.062169644981622696,0.0024956597480922937,0.9978840947151184,0.06852051615715027,0.041307322680950165,0.039152298122644424,0.058837890625,0.9990505576133728,0.9038015007972717,0.04355787858366966,0.0423385314643383,0.012369791977107525,0.9990234375,0.056301794946193695,0.03011370450258255,0.024607021361589432,0.4160427451133728,0.99755859375,0.897639811038971,0.027060305699706078,0.022322658449411392,0.3165147602558136,0.999131977558136,0.054873988032341,0.031079385429620743,0.025681743398308754,0.4285481870174408,0.9974501132965088,0.8945563435554504,0.023920347914099693,0.018698308616876602,0.4919162392616272,0.9990776777267456,0.057488907128572464
ai_036_006_cam_00_frame.0000,train,ai_036_006,0,0.04839175194501877,0.044152941554784775,0.2038625180721283,0.9694570302963257,4.723973751068115,-0.10900211334228516,0.8245095610618591,0.0354917012155056,0.032315537333488464,0.5043131709098816,0.9705607295036316,4.811293125152588,-0.07721138000488281,0.816907525062561,0.03598405420780182,0.032323166728019714,0.4475504755973816,0.9697164297103882,4.977680683135986,-0.04948139190673828,0.7984337210655212,0.04424748942255974,0.039978932589292526,0.3176116943359375,0.9683787226676941,5.163115501403809,-0.02926492691040039,0.7878930568695068,0.056829579174518585,0.053956106305122375,0.2833387553691864,0.9614529013633728,0.7876781821250916,0.07825035601854324,0.07353173196315765,0.2503797709941864,0.9475911259651184,0.6301065683364868,0.04296139255166054,0.041014015674591064,0.4361707866191864,0.9615614414215088,0.7768852114677429,0.05475720018148422,0.05178327485918999,0.3337673544883728,0.9481879472732544,0.6051748991012573,0.04426326975226402,0.041321735829114914,0.3180881142616272,0.9635959267616272,0.7561640739440918,0.052401404827833176,0.04741010442376137,0.3436957597732544,0.95166015625,0.5701627731323242,0.058101970702409744,0.05494469776749611,0.16357421875,0.9622938632965088,0.7486580014228821,0.07206229120492935,0.06673146039247513,0.1877170205116272,0.9505751132965088,0.5468107461929321
ai_011_009_cam_01_frame.0099,train,ai_011_009,99,0.09235920757055283,0.08292954415082932,0.09507658332586288,0.9205981492996216,1.1752034425735474,-0.06479382514953613,0.8594894409179688,0.0770360454916954,0.06880088895559311,0.15257783234119415,0.9232327342033386,1.1939773559570312,-0.05480337142944336,0.8486348986625671,0.07288918644189835,0.065335214138031,0.21020187437534332,0.9236062169075012,1.2344508171081543,-0.050089120864868164,0.8208106756210327,0.0741790309548378,0.06685593724250793,0.20808394253253937,0.9220049977302551,1.275376558303833,-0.04782003164291382,0.800417423248291,0.10471254587173462,0.09439611434936523,0.09916342049837112,0.9034253358840942,0.8194177150726318,0.10222060233354568,0.08738470077514648,0.06948607414960861,0.9501880407333374,0.7108681797981262,0.09359441697597504,0.08420940488576889,0.14289996027946472,0.9035071134567261,0.8124570846557617,0.08031394332647324,0.06686980277299881,0.1112322211265564,0.9608153104782104,0.7131941914558411,0.0948910042643547,0.08635930716991425,0.11450527608394623,0.8965582847595215,0.7843300700187683,0.07319096475839615,0.06116855517029762,0.11270368844270706,0.965175211429596,0.6822183728218079,0.09866450726985931,0.09037352353334427,0.11883804947137833,0.8889827728271484,0.7535753846168518,0.07408065348863602,0.06278189271688461,0.1276908814907074,0.9663196802139282,0.6593178510665894
ai_024_018_cam_00_frame.0099,train,ai_024_018,99,0.0616224966943264,0.056807152926921844,0.1453145444393158,0.9656931757926941,6.831992149353027,0.33155250549316406,0.5063695907592773,0.04771106690168381,0.043931424617767334,0.2855326533317566,0.965728759765625,6.968393325805664,0.2959427833557129,0.5111112594604492,0.04656423628330231,0.04323559254407883,0.2534281611442566,0.9637247920036316,7.161355495452881,0.26261377334594727,0.49210938811302185,0.0540594682097435,0.049544692039489746,0.192596435546875,0.9622141718864441,7.371411323547363,0.25274038314819336,0.471228688955307,0.10073766857385635,0.0945032387971878,0.0510796457529068,0.9367404580116272,0.45356976985931396,0.09090021997690201,0.0840393602848053,0.0294053815305233,0.9929470419883728,0.31541427969932556,0.07852184772491455,0.07357139140367508,0.0719401016831398,0.9423828125,0.4488714933395386,0.06192437931895256,0.057136502116918564,0.0495334193110466,0.9938151240348816,0.2948203980922699,0.07333694398403168,0.06857893615961075,0.0830078125,0.9375271201133728,0.41147077083587646,0.04911712929606438,0.04492037743330002,0.0888671875,0.9943034052848816,0.23411081731319427,0.07313523441553116,0.06820902973413467,0.1022135391831398,0.9347059726715088,0.38347408175468445,0.050252556800842285,0.045881979167461395,0.1016167551279068,0.9945746660232544,0.21088643372058868
ai_017_009_cam_03_frame.0099,train,ai_017_009,99,0.09327153861522675,0.08510167896747589,0.0637613981962204,0.9622650146484375,0.6610235571861267,-0.040001630783081055,0.8298841714859009,0.0786522775888443,0.06845133006572723,0.1068979948759079,0.9633890986442566,0.6750319600105286,-0.042046308517456055,0.8458938598632812,0.06813497096300125,0.05358691141009331,0.1790262907743454,0.9634450674057007,0.6960524916648865,-0.04113823175430298,0.8356305956840515,0.06621003150939941,0.04635985940694809,0.23492431640625,0.963043212890625,0.7153013348579407,-0.04151874780654907,0.8133159279823303,0.09922675788402557,0.09427980333566666,0.0862901508808136,0.943712055683136,0.9434284567832947,0.08214747905731201,0.08111508190631866,0.0918511301279068,0.9975043535232544,0.3064854145050049,0.08311927318572998,0.0775049701333046,0.158230260014534,0.9444715976715088,0.9489789009094238,0.06620567291975021,0.06509055942296982,0.1297743022441864,0.997667133808136,0.3139653503894806,0.06976130604743958,0.06251152604818344,0.2495930939912796,0.9446071982383728,0.9299113750457764,0.05080776289105415,0.04921023175120354,0.130154088139534,0.9979926347732544,0.2548515498638153,0.06372836232185364,0.05554613843560219,0.2001953125,0.944444477558136,0.9108292460441589,0.03769650310277939,0.03456968814134598,0.1314019113779068,0.998155415058136,0.17756731808185577
ai_031_009_cam_00_frame.0000,train,ai_031_009,0,0.07048682868480682,0.06520255655050278,0.3700358271598816,0.9384765625,5.8524370193481445,0.13147926330566406,0.8958069682121277,0.06070803105831146,0.05645766109228134,0.5960337519645691,0.9398295283317566,6.002533912658691,0.0984954833984375,0.90179443359375,0.0636741891503334,0.0588223934173584,0.4653167724609375,0.9387105703353882,6.210698127746582,0.08127307891845703,0.899024486541748,0.06896474957466125,0.06292387843132019,0.358917236328125,0.937347412109375,6.460411071777344,0.046605587005615234,0.8845894932746887,0.05948713794350624,0.05484141781926155,0.2808702290058136,0.9513075351715088,0.9204114675521851,0.034403882920742035,0.031711678951978683,0.4545356035232544,0.97216796875,0.15471647679805756,0.04764757305383682,0.043730784207582474,0.5090603232383728,0.9506293535232544,0.9429202675819397,0.029533008113503456,0.02687852270901203,0.7792426347732544,0.9715712070465088,0.17680490016937256,0.048096854239702225,0.044219497591257095,0.4939236044883728,0.9485405683517456,0.9439281225204468,0.030759895220398903,0.027725346386432648,0.7157660722732544,0.9721137285232544,0.17114603519439697,0.05171411111950874,0.04782118275761604,0.366753488779068,0.947374165058136,0.9376282095909119,0.03502928838133812,0.03184378147125244,0.479058176279068,0.9733073115348816,0.17031744122505188
ai_002_002_cam_00_frame.0099,train,ai_002_002,99,0.07674826681613922,0.07101049274206161,0.2635142207145691,0.9019063711166382,2.9027323722839355,-0.015655517578125,0.8718221783638,0.06554844975471497,0.06077262759208679,0.3628641963005066,0.9044393301010132,2.9562880992889404,-0.007523059844970703,0.8674420118331909,0.06023181229829788,0.05580056831240654,0.4056650996208191,0.9123281240463257,3.068683385848999,-0.007415294647216797,0.8617870211601257,0.06021788716316223,0.05580180138349533,0.3823699951171875,0.9267680048942566,3.1816422939300537,-0.007462024688720703,0.8550747632980347,0.12052513659000397,0.11568847298622131,0.2435167133808136,0.830322265625,0.9196649193763733,0.13697510957717896,0.13183005154132843,0.3099500834941864,0.8478190302848816,0.7311424612998962,0.11403339356184006,0.10949905961751938,0.3481716513633728,0.8303765058517456,0.9115733504295349,0.1278175711631775,0.12303069233894348,0.3723958432674408,0.8518337607383728,0.7250024080276489,0.11473027616739273,0.11022012680768967,0.3145345151424408,0.827880859375,0.8985243439674377,0.12333879619836807,0.118617482483387,0.4021267294883728,0.8508571982383728,0.7003765106201172,0.11889176815748215,0.11417870968580246,0.221923828125,0.8238932490348816,0.8917121887207031,0.12552158534526825,0.1206677109003067,0.341851145029068,0.8481987714767456,0.6946035027503967
ai_027_003_cam_00_frame.0000,train,ai_027_003,0,0.048983097076416016,0.044965606182813644,0.575775146484375,0.9328359365463257,3.418170690536499,0.07291626930236816,0.9041414856910706,0.04128582403063774,0.03845973312854767,0.6409556269645691,0.9399923086166382,3.4868788719177246,0.06946802139282227,0.9040669798851013,0.04058308154344559,0.037567153573036194,0.5113322138786316,0.9512278437614441,3.633540630340576,0.058736562728881836,0.8980381488800049,0.04156912490725517,0.038207437843084335,0.4297129511833191,0.9656473994255066,3.7959673404693604,0.038655757904052734,0.8847707509994507,0.04148908331990242,0.040131304413080215,0.580430805683136,0.9529350996017456,0.9443960785865784,0.018672538921236992,0.01726461388170719,0.6302284002304077,0.9928389191627502,0.6813784241676331,0.0404716357588768,0.03925822675228119,0.5687662959098816,0.952392578125,0.9470661282539368,0.01739363931119442,0.01620737835764885,0.6130852103233337,0.9925134181976318,0.679357647895813,0.043880414217710495,0.04233414679765701,0.445855051279068,0.9512261152267456,0.9405673742294312,0.02029137685894966,0.018458973616361618,0.5085986852645874,0.991970956325531,0.6711878180503845,0.0485110767185688,0.04631435126066208,0.3698459267616272,0.9501681923866272,0.9349303245544434,0.02578807808458805,0.02281738817691803,0.42592090368270874,0.9915369153022766,0.6646831035614014
ai_055_004_cam_00_frame.0099,train,ai_055_004,99,0.1712172031402588,0.16006167232990265,0.3660903871059418,0.7908296585083008,4.196743488311768,-0.2732882499694824,0.35220760107040405,0.16332556307315826,0.15251781046390533,0.4049127995967865,0.7912962436676025,4.268001079559326,-0.22494888305664062,0.352061927318573,0.16225409507751465,0.15153393149375916,0.3694281280040741,0.7912449836730957,4.470223426818848,-0.22460603713989258,0.34889519214630127,0.1634867936372757,0.15238454937934875,0.2905732989311218,0.7912706136703491,4.667091369628906,-0.2198162078857422,0.3467819094657898,0.36365607380867004,0.3369140923023224,0.31458964943885803,0.5100141167640686,0.24024289846420288,0.02396882139146328,0.021156204864382744,0.6105080246925354,0.9905015230178833,0.7107855081558228,0.362388014793396,0.3354150950908661,0.338254451751709,0.5103669166564941,0.24120868742465973,0.02170690894126892,0.018724601715803146,0.6564806699752808,0.991152822971344,0.71506267786026,0.3639848828315735,0.3369864225387573,0.28270190954208374,0.5103397369384766,0.2411547601222992,0.02505970560014248,0.022012582048773766,0.5470581650733948,0.991044282913208,0.7295999526977539,0.36581507325172424,0.33858662843704224,0.2568117678165436,0.5103397369384766,0.23876850306987762,0.028358597308397293,0.024925410747528076,0.4927268624305725,0.9910985231399536,0.7302945256233215
ai_039_006_cam_00_frame.0000,train,ai_039_006,0,0.18008540570735931,0.16359958052635193,0.341217041015625,0.8069712519645691,2.5467441082000732,0.01865243911743164,0.541225016117096,0.16535905003547668,0.15144918859004974,0.5392405390739441,0.8072713613510132,2.576744794845581,0.04926347732543945,0.5355486273765564,0.1624377965927124,0.1490686535835266,0.50421142578125,0.807647705078125,2.66975474357605,0.052408695220947266,0.5127677917480469,0.16325069963932037,0.14960449934005737,0.3957672119140625,0.808746337890625,2.7795162200927734,0.03777813911437988,0.49031269550323486,0.40443190932273865,0.3712514340877533,0.182644322514534,0.51220703125,0.475541889667511,0.034811750054359436,0.02751428820192814,0.359375,0.9721137285232544,0.6583709120750427,0.4006895124912262,0.36814218759536743,0.2648654580116272,0.5125325322151184,0.46672144532203674,0.026284193620085716,0.020612861961126328,0.5030924677848816,0.9721137285232544,0.678827702999115,0.4001682698726654,0.36796408891677856,0.2607693076133728,0.5146755576133728,0.43522319197654724,0.024719113484025,0.019868697971105576,0.4850803017616272,0.9736870527267456,0.6948522925376892,0.4015631079673767,0.36975279450416565,0.2076551616191864,0.5202094316482544,0.39977726340293884,0.0262786615639925,0.022325286641716957,0.3832465410232544,0.9812282919883728,0.7194800972938538
ai_005_006_cam_00_frame.0099,train,ai_005_006,99,0.037441421300172806,0.0338604673743248,0.4141082763671875,0.9763590693473816,2.8612420558929443,0.03376364707946777,0.901290774345398,0.02277328446507454,0.02073700539767742,0.6539154052734375,0.9875081777572632,2.905789375305176,0.048734307289123535,0.9099485874176025,0.02203451469540596,0.019922636449337006,0.5661062002182007,0.9880523681640625,3.022230625152588,0.046011924743652344,0.9013979434967041,0.027735449373722076,0.025020968168973923,0.3748881220817566,0.9873911738395691,3.145307779312134,0.035767555236816406,0.8772416710853577,0.07664221525192261,0.0694870725274086,0.3322482705116272,0.9226345419883728,0.9125926494598389,0.09496954828500748,0.0855860486626625,0.1414930522441864,0.922960102558136,0.6593095660209656,0.048986077308654785,0.04486507177352905,0.4523111879825592,0.9612358808517456,0.9100810289382935,0.06015907600522041,0.054787106812000275,0.2726779580116272,0.9644097089767456,0.676643431186676,0.042255423963069916,0.038971737027168274,0.3679470419883728,0.962890625,0.8938708305358887,0.04259154200553894,0.039020318537950516,0.3458658754825592,0.969346821308136,0.6899682283401489,0.04989684373140335,0.04617021605372429,0.264214426279068,0.9619140625,0.8613098859786987,0.04257537052035332,0.03894124552607536,0.3570421040058136,0.9695637822151184,0.6656943559646606
ai_041_001_cam_00_frame.0000,train,ai_041_001,0,0.04967175051569939,0.047387849539518356,0.2223714292049408,0.9705302119255066,3.0862419605255127,-0.28031253814697266,0.7939906716346741,0.037256792187690735,0.034884557127952576,0.3003285825252533,0.9895172119140625,3.151998519897461,-0.254025936126709,0.7867196798324585,0.03326395899057388,0.029289595782756805,0.3704274594783783,0.9907175898551941,3.2701375484466553,-0.22664833068847656,0.7730359435081482,0.03485976159572601,0.030180390924215317,0.308837890625,0.9901377558708191,3.404360294342041,-0.22680330276489258,0.7610074877738953,0.016840653494000435,0.016298452392220497,0.3455403745174408,1.0,0.8739598989486694,0.01968885213136673,0.018945999443531036,0.2902560830116272,1.0,0.7378614544868469,0.012912346050143242,0.011197715066373348,0.5255534052848816,1.0,0.8535776138305664,0.015053866431117058,0.012724623084068298,0.4499782919883728,1.0,0.7206891179084778,0.013727778568863869,0.010403292253613472,0.577256977558136,1.0,0.8416996002197266,0.016260577365756035,0.012383910827338696,0.4599609375,1.0,0.7086945176124573,0.015052986331284046,0.011529955081641674,0.5409613847732544,1.0,0.8274348974227905,0.01782797835767269,0.013996381312608719,0.4084743857383728,1.0,0.7080304622650146
ai_015_005_cam_00_frame.0000,train,ai_015_005,0,0.04948963597416878,0.04365599527955055,0.3773147463798523,0.969055712223053,3.186849594116211,-0.011791229248046875,0.8454994559288025,0.042103033512830734,0.03523880988359451,0.6583393216133118,0.9713795185089111,3.2450571060180664,-0.01245957612991333,0.8474811911582947,0.04700597748160362,0.03686201199889183,0.4892401397228241,0.9725543260574341,3.357375144958496,-0.05202674865722656,0.8332914113998413,0.05921310558915138,0.046694085001945496,0.3050440549850464,0.9718401432037354,3.4668304920196533,-0.08587503433227539,0.8162515759468079,0.12037192285060883,0.11269410699605942,0.21875,0.908067524433136,0.9040377736091614,0.15935058891773224,0.1474331170320511,0.0563151054084301,0.901475727558136,0.8292696475982666,0.10600177943706512,0.09888309985399246,0.3437771201133728,0.9104817509651184,0.9076856374740601,0.13594789803028107,0.12513622641563416,0.0780707448720932,0.9066298007965088,0.8397302627563477,0.11041507124900818,0.09769880771636963,0.2279188334941864,0.909423828125,0.8927899599075317,0.13751590251922607,0.11510574817657471,0.1568467915058136,0.9046766757965088,0.8213754892349243,0.12991730868816376,0.11151289939880371,0.084120012819767,0.9070366621017456,0.8575456738471985,0.16051965951919556,0.12638336420059204,0.1329752653837204,0.900390625,0.7642862796783447
ai_009_003_cam_00_frame.0000,train,ai_009_003,0,0.05299299210309982,0.047047924250364304,0.308319091796875,0.9614614248275757,3.809994697570801,0.14470088481903076,0.9252601265907288,0.041462771594524384,0.03792838007211685,0.4361419677734375,0.9620158076286316,3.9235689640045166,0.09468269348144531,0.9212967157363892,0.04155934602022171,0.03847265616059303,0.3699290156364441,0.9619089961051941,4.085652828216553,0.05116558074951172,0.9055148959159851,0.04741710424423218,0.043106429278850555,0.3196513056755066,0.9613037109375,4.266844749450684,0.0205078125,0.8919093608856201,0.07717038691043854,0.06819538027048111,0.4400499165058136,0.9194064736366272,0.9470789432525635,0.04930273815989494,0.03686423599720001,0.66064453125,0.9672309160232544,0.8306419849395752,0.06683255732059479,0.06176409497857094,0.525010883808136,0.919542133808136,0.9476852416992188,0.03772856667637825,0.032369960099458694,0.7087673544883728,0.9682074785232544,0.8314102292060852,0.06885374337434769,0.06439077854156494,0.4196234941482544,0.9201388955116272,0.9388635754585266,0.03770393133163452,0.033379729837179184,0.62646484375,0.9703776240348816,0.8315232992172241,0.07747067511081696,0.07109353691339493,0.2826063334941864,0.9177517294883728,0.922862708568573,0.04756378382444382,0.039597686380147934,0.4337565004825592,0.96875,0.7914972305297852
ai_003_005_cam_00_frame.0000,train,ai_003_005,0,0.1421290934085846,0.1282709836959839,0.2641448974609375,0.8155721426010132,3.615860939025879,-0.05707597732543945,0.5700676441192627,0.13371893763542175,0.12061997503042221,0.3909251093864441,0.8168996572494507,3.714198589324951,-0.0796051025390625,0.5681307315826416,0.1296471804380417,0.11702969670295715,0.5016021728515625,0.817779541015625,3.9065043926239014,-0.0975942611694336,0.5639618039131165,0.13329723477363586,0.12042875587940216,0.3635101318359375,0.818878173828125,4.121391296386719,-0.11395072937011719,0.558905839920044,0.15385279059410095,0.1367877870798111,0.3463813066482544,0.8166232705116272,0.8967000842094421,0.20605744421482086,0.18404456973075867,0.204372838139534,0.7797309160232544,0.8213341236114502,0.14872336387634277,0.13193970918655396,0.4366590678691864,0.818712055683136,0.8949268460273743,0.2003336399793625,0.17877240478992462,0.3087565004825592,0.7825520634651184,0.8215770721435547,0.15000104904174805,0.13473248481750488,0.2875705361366272,0.8214518427848816,0.8881843090057373,0.20379415154457092,0.18289998173713684,0.2464735209941864,0.7861328125,0.8154404759407043,0.1536635309457779,0.13890404999256134,0.2213812917470932,0.8215060830116272,0.8837910890579224,0.20914460718631744,0.1882568746805191,0.2303059846162796,0.7845051884651184,0.8098811507225037
ai_044_007_cam_01_frame.0099,train,ai_044_007,99,0.07052107900381088,0.06347472965717316,0.2524276673793793,0.9262717962265015,12.475247383117676,-0.25431299209594727,0.7709835171699524,0.058049559593200684,0.051275234669446945,0.33879655599594116,0.9442332983016968,12.823506355285645,-0.30240678787231445,0.752648115158081,0.05273224785923958,0.04455127194523811,0.3267662525177002,0.9576879143714905,13.51891040802002,-0.4004364013671875,0.7231780290603638,0.06044484302401543,0.050244297832250595,0.21420539915561676,0.9633851051330566,14.16041374206543,-0.5411367416381836,0.7013617753982544,0.11854937672615051,0.1081458181142807,0.0965983048081398,0.8727213740348816,0.7170015573501587,0.17591534554958344,0.1616065949201584,0.0758463516831398,0.7951931357383728,0.6540342569351196,0.10715314000844955,0.09731034189462662,0.1000705286860466,0.9003635048866272,0.7065277695655823,0.15225188434123993,0.13936050236225128,0.0933702290058136,0.8479817509651184,0.6638067364692688,0.10077458620071411,0.09089729934930801,0.1465928852558136,0.9071452021598816,0.6915878653526306,0.14020395278930664,0.12734857201576233,0.1553276926279068,0.8594292402267456,0.655535876750946,0.10479552298784256,0.09435699880123138,0.169460728764534,0.9037272334098816,0.6775103807449341,0.14964142441749573,0.13580967485904694,0.1168619766831398,0.8519965410232544,0.6429375410079956
ai_053_020_cam_00_frame.0000,train,ai_053_020,0,0.0267442986369133,0.024689555168151855,0.4606119990348816,0.9831950068473816,4.120677471160889,0.18978643417358398,0.660940408706665,0.0212404727935791,0.01967640221118927,0.6362254023551941,0.9836578369140625,4.196653842926025,0.1942458152770996,0.6593491435050964,0.026245862245559692,0.02421068400144577,0.4603831171989441,0.983734130859375,4.328780174255371,0.1927962303161621,0.635583758354187,0.03186635673046112,0.029507096856832504,0.3698272705078125,0.9840087890625,4.468179225921631,0.19005966186523438,0.6156256198883057,0.06010277941823006,0.055890608578920364,0.18701171875,0.9377983808517456,0.4188346862792969,0.017705602571368217,0.016069184988737106,0.2668728232383728,0.9990776777267456,0.3234899342060089,0.05065623298287392,0.04698710888624191,0.6008571982383728,0.9377712607383728,0.41947072744369507,0.007475174963474274,0.006620957516133785,0.8926323652267456,0.9990776777267456,0.321277916431427,0.054375290870666504,0.05021103098988533,0.5765516757965088,0.9383952021598816,0.36366477608680725,0.009734776802361012,0.008598340675234795,0.7853732705116272,0.9988606572151184,0.3115230202674866,0.05946408957242966,0.05504639819264412,0.4701877236366272,0.9384494423866272,0.3252682089805603,0.013792791403830051,0.012396392412483692,0.6869574785232544,0.9989149570465088,0.30293431878089905
ai_033_010_cam_00_frame.0000,train,ai_033_010,0,0.07367521524429321,0.06585375964641571,0.2276153564453125,0.93133544921875,7.178822040557861,-0.6875495910644531,0.7761797904968262,0.060284268110990524,0.05279822647571564,0.3878580927848816,0.9335734248161316,7.29826545715332,-0.6287307739257812,0.7757470607757568,0.05708131939172745,0.049103301018476486,0.4405772089958191,0.9366862177848816,7.520568370819092,-0.4861888885498047,0.7676341533660889,0.061186693608760834,0.052293192595243454,0.4070892333984375,0.9364115595817566,7.800803184509277,-0.41454315185546875,0.7694153785705566,0.12343659996986389,0.1117750033736229,0.123914934694767,0.8537326455116272,0.6574913263320923,0.058307427912950516,0.050485216081142426,0.1429036408662796,0.9681532382965088,0.7797055244445801,0.10740766674280167,0.09536202996969223,0.2084147185087204,0.8537055253982544,0.6547499299049377,0.04408546909689903,0.037684712558984756,0.2164713591337204,0.96826171875,0.7813630700111389,0.10909967124462128,0.09657953679561615,0.2289225310087204,0.853759765625,0.6587917804718018,0.0445716567337513,0.036283913999795914,0.3692491352558136,0.9688042402267456,0.7858015298843384,0.1176728680729866,0.10478100925683975,0.1172688826918602,0.853135883808136,0.6745243072509766,0.05379769578576088,0.043851323425769806,0.1933051198720932,0.9685872197151184,0.7819989919662476
ai_013_004_cam_00_frame.0000,train,ai_013_004,0,0.028006818145513535,0.02561512589454651,0.4922587275505066,0.9878641963005066,2.267758369445801,0.057924747467041016,0.7265665531158447,0.019400380551815033,0.017708372324705124,0.6362457275390625,0.9883829951286316,2.29846453666687,0.06172513961791992,0.7251774668693542,0.0179379153996706,0.016327008605003357,0.6616872549057007,0.9886373281478882,2.3626914024353027,0.0607447624206543,0.653104305267334,0.019951321184635162,0.01820432022213936,0.609100341796875,0.98834228515625,2.4413645267486572,0.06318426132202148,0.5876103043556213,0.05437152832746506,0.04962324723601341,0.2068684846162796,0.9758571982383728,0.857218861579895,0.06737324595451355,0.061020612716674805,0.1039496511220932,0.9865451455116272,0.7785494327545166,0.03748456761240959,0.03396168351173401,0.3370225727558136,0.9759114384651184,0.8485795855522156,0.04254307225346565,0.03796003386378288,0.2689887285232544,0.9871419072151184,0.7431924343109131,0.0351303368806839,0.03128715232014656,0.3651258647441864,0.9752333164215088,0.8400382995605469,0.03938841447234154,0.034161586314439774,0.2796224057674408,0.9861111044883728,0.7356942892074585,0.036690011620521545,0.03283681347966194,0.359619140625,0.973388671875,0.8254749178886414,0.042801547795534134,0.03740181028842926,0.2292209267616272,0.98291015625,0.7259060144424438
ai_030_009_cam_00_frame.0000,train,ai_030_009,0,0.01748647168278694,0.015798572450876236,0.6488494873046875,0.9887847900390625,3.0935580730438232,0.08577919006347656,0.8676287531852722,0.01608428731560707,0.014700887724757195,0.7426809072494507,0.9886576533317566,3.148082971572876,0.08483505249023438,0.8648528456687927,0.02123086154460907,0.019644036889076233,0.5219930410385132,0.988311767578125,3.257676839828491,0.071136474609375,0.8625056147575378,0.028285443782806396,0.02618083916604519,0.3437703549861908,0.9882354736328125,3.379995822906494,0.0703730583190918,0.8642542362213135,0.032670531421899796,0.02934628166258335,0.5,0.9722493290901184,0.9707140922546387,0.023404505103826523,0.020461086183786392,0.5454643964767456,0.9878472089767456,0.585481584072113,0.0300370454788208,0.02681388147175312,0.564208984375,0.9718153476715088,0.9690568447113037,0.019663069397211075,0.01703069359064102,0.672960102558136,0.9876301884651184,0.5931822657585144,0.04023626074194908,0.03673573583364487,0.3372938334941864,0.9704047441482544,0.9627570509910583,0.02467666007578373,0.022116893902420998,0.5039604902267456,0.9877387285232544,0.5779237747192383,0.04701492562890053,0.0428399033844471,0.2176106721162796,0.9701606035232544,0.959048867225647,0.03050166368484497,0.027088375762104988,0.2840169370174408,0.9890950322151184,0.55987948179245
ai_036_008_cam_00_frame.0000,train,ai_036_008,0,0.21319842338562012,0.03595828264951706,0.4163360595703125,0.9472808837890625,5.081161022186279,0.10429191589355469,0.7800931334495544,0.21222081780433655,0.028337564319372177,0.5949859619140625,0.9485270380973816,5.16894006729126,0.12322807312011719,0.7856398224830627,0.2140260636806488,0.03153562173247337,0.501556396484375,0.9486135244369507,5.372325420379639,0.11461067199707031,0.7775705456733704,0.21609394252300262,0.03768814355134964,0.3223114013671875,0.9484812617301941,5.584011554718018,0.0943441390991211,0.7603461146354675,0.21664638817310333,0.05151023343205452,0.2173665314912796,0.9146321415901184,0.7552970051765442,0.20672507584095,0.03543863818049431,0.1337348073720932,0.9874674677848816,0.7052939534187317,0.21521984040737152,0.04130370169878006,0.3793131411075592,0.9158528447151184,0.7557169795036316,0.20581036806106567,0.022234026342630386,0.3231879472732544,0.9884440302848816,0.70196133852005,0.21569006145000458,0.04040617495775223,0.4797634482383728,0.9158257246017456,0.7574662566184998,0.20657368004322052,0.020877845585346222,0.4906141459941864,0.9884440302848816,0.7211122512817383,0.21726354956626892,0.045903488993644714,0.3608669638633728,0.9152560830116272,0.7420361638069153,0.20818597078323364,0.027116140350699425,0.3623046875,0.986924946308136,0.6990976333618164
ai_008_010_cam_00_frame.0000,train,ai_008_010,0,0.03378338739275932,0.030656948685646057,0.20294152200222015,0.9824379682540894,7.442812919616699,0.28153133392333984,0.8191590905189514,0.023676378652453423,0.021724238991737366,0.5366036295890808,0.9821789860725403,7.642746448516846,0.20638370513916016,0.8131576180458069,0.02609102427959442,0.02389497123658657,0.4357280433177948,0.9815177321434021,7.95646858215332,0.1996603012084961,0.7842278480529785,0.03224031254649162,0.0295123141258955,0.29271894693374634,0.9808950424194336,8.24059772491455,0.21158933639526367,0.7572552561759949,0.06161090359091759,0.05614437162876129,0.3117946982383728,0.9348958134651184,0.8443087339401245,0.08151581883430481,0.073881134390831,0.161892369389534,0.913194477558136,0.7479354739189148,0.054271042346954346,0.04970020428299904,0.5138346552848816,0.9337565302848816,0.8387818932533264,0.07042801380157471,0.06440419703722,0.3974609375,0.9130859375,0.7515605092048645,0.05550099164247513,0.05088174715638161,0.4674750566482544,0.9316677451133728,0.8280420899391174,0.06861081719398499,0.0629362240433693,0.4122721254825592,0.9148220419883728,0.7631149291992188,0.060053229331970215,0.05507996305823326,0.3595649003982544,0.9287380576133728,0.8224109411239624,0.07021546363830566,0.06455417722463608,0.3371310830116272,0.9165581464767456,0.7699657678604126
ai_026_019_cam_00_frame.0000,train,ai_026_019,0,0.03671490028500557,0.033245183527469635,0.2705366015434265,0.9800919890403748,19.417377471923828,0.5167484283447266,0.904733419418335,0.02420112118124962,0.02208489179611206,0.6339295506477356,0.9801530838012695,19.646146774291992,0.6537628173828125,0.9027531147003174,0.030145449563860893,0.02745438925921917,0.3445183038711548,0.9794760942459106,20.282773971557617,0.4974403381347656,0.8890469074249268,0.03930630907416344,0.03534393385052681,0.2171042561531067,0.9787837862968445,21.0028076171875,0.31672096252441406,0.8729099035263062,0.035481326282024384,0.03207574412226677,0.35972943902015686,0.9773980975151062,0.9243887662887573,0.03148706629872322,0.028758130967617035,0.4163859784603119,0.9803868532180786,0.8249830603599548,0.02744016982614994,0.025209765881299973,0.6510010957717896,0.9767460823059082,0.9177289009094238,0.02488907054066658,0.023051884025335312,0.608768880367279,0.9793545603752136,0.829552412033081,0.033611178398132324,0.031510572880506516,0.3157208561897278,0.9734862446784973,0.9059889912605286,0.028892232105135918,0.02683272585272789,0.3562425374984741,0.9793545603752136,0.8285878896713257,0.043017931282520294,0.04008810967206955,0.17559969425201416,0.9719920754432678,0.891436755657196,0.03501596301794052,0.031991615891456604,0.2326415330171585,0.9795718789100647,0.8146548271179199
ai_038_002_cam_00_frame.0099,train,ai_038_002,99,0.10659375786781311,0.092595674097538,0.055444441735744476,0.972178041934967,3.0398056507110596,0.0635843276977539,0.6591522693634033,0.08613640069961548,0.06742464751005173,0.10683758556842804,0.9908027648925781,3.0607118606567383,0.020607709884643555,0.6592509746551514,0.07011693716049194,0.041007887572050095,0.22873453795909882,0.994992196559906,3.1402039527893066,-0.07825827598571777,0.6255353689193726,0.07059723138809204,0.032916467636823654,0.25327762961387634,0.996143102645874,3.2585926055908203,-0.21044492721557617,0.6113997101783752,0.0866156816482544,0.07659468799829483,0.0912272110581398,0.9861382246017456,0.3697730004787445,0.09591379761695862,0.09116049855947495,0.0005425347480922937,0.999620258808136,0.26891860365867615,0.0693630799651146,0.060056421905756,0.1995985209941864,0.9903971552848816,0.3507765233516693,0.07763872295618057,0.07214037328958511,0.01166449673473835,1.0,0.2758741080760956,0.059242647141218185,0.047434002161026,0.2155219167470932,0.990587055683136,0.31053248047828674,0.07468048483133316,0.05818171054124832,0.0564778633415699,1.0,0.2723376452922821,0.06866727024316788,0.042628396302461624,0.241482213139534,0.9927029013633728,0.2892022132873535,0.09286148846149445,0.05259568616747856,0.0442708320915699,0.9998372197151184,0.23636482656002045
ai_012_010_cam_00_frame.0099,train,ai_012_010,99,0.04618135094642639,0.04137566685676575,0.21578572690486908,0.974692702293396,3.193345308303833,0.13422203063964844,0.8668444752693176,0.034921567887067795,0.03123428486287594,0.3603208661079407,0.9817360639572144,3.2641420364379883,0.11281871795654297,0.8657339215278625,0.03338389843702316,0.029098212718963623,0.36301544308662415,0.981600821018219,3.3749496936798096,0.0895533561706543,0.8569809794425964,0.036434873938560486,0.03129003942012787,0.34688952565193176,0.9813823699951172,3.514312744140625,0.058261871337890625,0.8492853045463562,0.03558739274740219,0.031773388385772705,0.34763237833976746,0.9803037047386169,0.9114986062049866,0.017968622967600822,0.014420398510992527,0.49975550174713135,0.9971746802330017,0.6477770805358887,0.02565806359052658,0.023132890462875366,0.6003151535987854,0.980874240398407,0.9119979739189148,0.011396671645343304,0.009605949744582176,0.8026079535484314,0.9972833395004272,0.6603047847747803,0.03019501268863678,0.02608819305896759,0.4332907795906067,0.9806297421455383,0.9113497138023376,0.017058389261364937,0.013335559517145157,0.5381689667701721,0.9972289800643921,0.6692918539047241,0.03901591897010803,0.03292491286993027,0.2594474256038666,0.9804667234420776,0.9069266319274902,0.027092784643173218,0.019667895510792732,0.33871230483055115,0.9973919987678528,0.6779170632362366
ai_029_005_cam_00_frame.0000,train,ai_029_005,0,0.04567207023501396,0.040415436029434204,0.2261759489774704,0.9702352285385132,4.412433624267578,0.2144031524658203,0.9048312902450562,0.03610337898135185,0.030432920902967453,0.5682525634765625,0.9702352285385132,4.530073165893555,0.20513248443603516,0.9011542797088623,0.04092969372868538,0.035874009132385254,0.4210764765739441,0.970123291015625,4.693838119506836,0.2175297737121582,0.8836483359336853,0.0473000630736351,0.041803084313869476,0.3181355893611908,0.9688771963119507,4.876572608947754,0.19992589950561523,0.86918705701828,0.08489317446947098,0.07601325958967209,0.099609375,0.925645649433136,0.9098052382469177,0.08532384783029556,0.0749836266040802,0.102918840944767,0.955078125,0.6702961325645447,0.07169941812753677,0.06357544660568237,0.3723958432674408,0.9233940839767456,0.8889092206954956,0.0696152076125145,0.06094643101096153,0.374565988779068,0.9530165195465088,0.6127486228942871,0.07970249652862549,0.07302098721265793,0.1612684428691864,0.922471821308136,0.8646174669265747,0.07161634415388107,0.06517376750707626,0.1493055522441864,0.9545356035232544,0.5693155527114868,0.0900832936167717,0.08304236829280853,0.109022356569767,0.9159071445465088,0.8491922616958618,0.07831801474094391,0.07202573865652084,0.0587565116584301,0.9549153447151184,0.5483596920967102
ai_051_002_cam_00_frame.0000,train,ai_051_002,0,0.03217701613903046,0.02846982330083847,0.3570098876953125,0.9864756464958191,2.9052772521972656,-0.046921730041503906,0.8288634419441223,0.021088732406497,0.018538426607847214,0.6352590322494507,0.9863637685775757,2.9282073974609375,-0.015354633331298828,0.8287534713745117,0.02410530298948288,0.021593725308775902,0.4078725278377533,0.9861654043197632,3.0164637565612793,0.006751894950866699,0.8252537250518799,0.033012911677360535,0.029457194730639458,0.2152659147977829,0.9859415888786316,3.142733573913574,-0.012412071228027344,0.8210173845291138,0.03401942178606987,0.02950727380812168,0.3139919638633728,0.9839680790901184,0.8616963624954224,0.031224647536873817,0.024285053834319115,0.3503146767616272,0.99365234375,0.537833571434021,0.023371411487460136,0.02020050399005413,0.6484917402267456,0.9826931357383728,0.8624007701873779,0.019278516992926598,0.014224156737327576,0.732530415058136,0.9934895634651184,0.5435733795166016,0.02400592900812626,0.022367237135767937,0.531982421875,0.9820963740348816,0.8580757975578308,0.01798245683312416,0.015842147171497345,0.629503071308136,0.9930012822151184,0.5517603754997253,0.031934645026922226,0.02985282801091671,0.2708604633808136,0.9809299111366272,0.8515808582305908,0.026164451614022255,0.02323494665324688,0.3386501669883728,0.9931640625,0.5357678532600403
ai_048_004_cam_00_frame.0000,train,ai_048_004,0,0.035535939037799835,0.02839074656367302,0.3320261836051941,0.9903717041015625,3.281236171722412,0.1359105110168457,0.8777126669883728,0.022899072617292404,0.015946824103593826,0.6971435546875,0.990692138671875,3.365694284439087,0.0915975570678711,0.8760329484939575,0.025951992720365524,0.018110917881131172,0.5259145498275757,0.9908905029296875,3.5216872692108154,0.031696319580078125,0.8568957448005676,0.0354730561375618,0.02536730468273163,0.3145090937614441,0.9908956289291382,3.690680503845215,-0.037734150886535645,0.8325353860855103,0.054116856306791306,0.04887309670448303,0.2373589426279068,0.9664984941482544,0.9116602540016174,0.05128154903650284,0.04423537105321884,0.3516710102558136,0.9720051884651184,0.8068906664848328,0.042226724326610565,0.03536059707403183,0.4847005307674408,0.96728515625,0.9074983596801758,0.04034138098359108,0.03271007537841797,0.558214008808136,0.9720594882965088,0.8089075088500977,0.042168647050857544,0.035965293645858765,0.425347238779068,0.9675021767616272,0.889061450958252,0.03900318220257759,0.03227359801530838,0.4848090410232544,0.97216796875,0.797696053981781,0.04864274710416794,0.04406910017132759,0.1893717497587204,0.9678547978401184,0.8716763257980347,0.045909732580184937,0.04118271917104721,0.2135416716337204,0.9727104902267456,0.7791717648506165
ai_013_001_cam_00_frame.0000,train,ai_013_001,0,0.07244788110256195,0.06602445244789124,0.122161865234375,0.9875132441520691,336.7911071777344,2.06219482421875,0.9250624775886536,0.06544316560029984,0.05939757823944092,0.1610921323299408,0.987396240234375,343.5577087402344,2.018035888671875,0.9193015098571777,0.06030253320932388,0.05396895110607147,0.226165771484375,0.985595703125,356.5223693847656,-0.469970703125,0.917326807975769,0.05732079595327377,0.05053754895925522,0.2097829282283783,0.9856618642807007,369.43438720703125,-0.357330322265625,0.9012129306793213,0.0405842661857605,0.037448737770318985,0.1602918803691864,0.979356586933136,0.9030672907829285,0.04380420967936516,0.04296736791729927,0.00434027798473835,0.9880642294883728,0.0,0.037393562495708466,0.034301720559597015,0.1534559428691864,0.9790852665901184,0.9038141369819641,0.039426691830158234,0.0384809747338295,0.004448784980922937,0.9881727695465088,0.0,0.03247154504060745,0.029027393087744713,0.1790093332529068,0.9784071445465088,0.9035536050796509,0.0283757783472538,0.026229090988636017,0.1018337681889534,0.9890950322151184,0.0,0.03352205827832222,0.029433514922857285,0.3027614951133728,0.9770779013633728,0.8982071876525879,0.02323031611740589,0.01855093613266945,0.4832356870174408,0.9892578125,0.0
ai_018_007_cam_00_frame.0000,train,ai_018_007,0,0.026855748146772385,0.02445897087454796,0.3062388300895691,0.9968668818473816,3.2342967987060547,0.12429976463317871,0.7813218832015991,0.015177595429122448,0.013776455074548721,0.5483500361442566,0.99676513671875,3.2984466552734375,0.1455390453338623,0.7935577630996704,0.01571362465620041,0.014202667400240898,0.497467041015625,0.9966990351676941,3.4359281063079834,0.14513731002807617,0.7918098568916321,0.01917867362499237,0.01736689731478691,0.4171040952205658,0.9966532588005066,3.587782621383667,0.14873409271240234,0.7958521246910095,0.028385557234287262,0.027746357023715973,0.2465277761220932,0.9925673007965088,0.7047508358955383,0.032845716923475266,0.03236662223935127,0.2036675363779068,0.9909939169883728,0.6942487955093384,0.018301671370863914,0.01769903488457203,0.4309353232383728,0.9925944209098816,0.7034775018692017,0.019613131880760193,0.019209647551178932,0.3822699785232544,0.9909396767616272,0.7141852378845215,0.017553437501192093,0.016941633075475693,0.505235493183136,0.9925673007965088,0.6960922479629517,0.01732289232313633,0.016779866069555283,0.5517035722732544,0.9907768964767456,0.7186132073402405,0.019650395959615707,0.018983282148838043,0.4635688066482544,0.9925673007965088,0.6908188462257385,0.019300006330013275,0.01878233440220356,0.5086262822151184,0.99072265625,0.7070738673210144
ai_016_006_cam_00_frame.0099,train,ai_016_006,99,0.06549341231584549,0.06003177911043167,0.1710902899503708,0.9495421051979065,3.3504066467285156,0.06284379959106445,0.6871985793113708,0.05591314285993576,0.05066151171922684,0.22821952402591705,0.9581620097160339,3.3923213481903076,0.05519533157348633,0.6848478317260742,0.052064552903175354,0.04638285934925079,0.2895689606666565,0.9580594301223755,3.501727819442749,0.072998046875,0.6835136413574219,0.0525653213262558,0.045771364122629166,0.3134031593799591,0.9579927921295166,3.638704538345337,0.03742027282714844,0.6776008009910583,0.05810373276472092,0.05482957512140274,0.1924641877412796,0.931016743183136,0.8167210221290588,0.04299263283610344,0.04169221594929695,0.0562608502805233,0.9852430820465088,0.7487465143203735,0.055906910449266434,0.05273401737213135,0.20166015625,0.9310438632965088,0.8129812479019165,0.03952671214938164,0.038438327610492706,0.0438910610973835,0.9853515625,0.7493840456008911,0.05478984862565994,0.05137043446302414,0.2311469167470932,0.9313151240348816,0.8054149746894836,0.03540603443980217,0.03406410664319992,0.1241319477558136,0.9850260615348816,0.7497132420539856,0.06030913069844246,0.056860871613025665,0.1946343332529068,0.930908203125,0.8028522729873657,0.04158764332532883,0.040004730224609375,0.1100260391831398,0.9844292402267456,0.746141254901886
ai_032_002_cam_00_frame.0099,train,ai_032_002,99,0.08502458035945892,0.07751107960939407,0.24176025390625,0.9237111806869507,3.5973970890045166,-0.06978201866149902,0.9137670397758484,0.06866168975830078,0.060302019119262695,0.338226318359375,0.9623972773551941,3.7260985374450684,-0.08392810821533203,0.9132596254348755,0.05921922251582146,0.04909364506602287,0.3145701289176941,0.9688720703125,3.9350666999816895,-0.12772178649902344,0.9088628888130188,0.055004753172397614,0.045046500861644745,0.2624308466911316,0.9693603515625,4.109414100646973,-0.14382290840148926,0.9013658761978149,0.07916894555091858,0.07468664646148682,0.3518880307674408,0.8398708701133728,0.9106206893920898,0.027613168582320213,0.021728869527578354,0.4791666567325592,0.9913737177848816,0.8502892851829529,0.07077895104885101,0.06565597653388977,0.4088813066482544,0.9274631142616272,0.910147488117218,0.026008853688836098,0.018686749041080475,0.5672200322151184,0.9913737177848816,0.8498681783676147,0.06832101941108704,0.06268707662820816,0.3384874165058136,0.9461805820465088,0.9119874835014343,0.03163178637623787,0.023561937734484673,0.4157443642616272,0.9909396767616272,0.8439241051673889,0.0691005289554596,0.06423726677894592,0.2176649272441864,0.9441189169883728,0.9064995646476746,0.03909419849514961,0.03221304342150688,0.2224934846162796,0.9909396767616272,0.8356538414955139
ai_042_002_cam_00_frame.0000,train,ai_042_002,0,0.030500754714012146,0.02612108550965786,0.34402135014533997,0.9891408085823059,3.237436294555664,-0.05144810676574707,0.8585159778594971,0.019825221970677376,0.01601787656545639,0.692584753036499,0.9912363886833191,3.2851853370666504,-0.02848076820373535,0.8666093349456787,0.02493150718510151,0.021706771105527878,0.4180471897125244,0.9907379150390625,3.4144299030303955,-0.0185239315032959,0.8589205741882324,0.033603485673666,0.029815303161740303,0.21713876724243164,0.9903564453125,3.529670238494873,-0.018575191497802734,0.8521271347999573,0.04938549920916557,0.04348371922969818,0.1479220986366272,0.9682888388633728,0.9249511957168579,0.060755398124456406,0.051564473658800125,0.125,0.9648979902267456,0.6696757674217224,0.034979019314050674,0.030632968991994858,0.5084635615348816,0.9789496660232544,0.9243075251579285,0.04180651158094406,0.036132682114839554,0.4181857705116272,0.9847548007965088,0.6742070317268372,0.03774748742580414,0.03353522717952728,0.3517524003982544,0.9754774570465088,0.9072593450546265,0.04243195056915283,0.03785882145166397,0.2272135466337204,0.9788411259651184,0.647851288318634,0.04579873010516167,0.04108145460486412,0.1749131977558136,0.9740668535232544,0.8985423445701599,0.04823874682188034,0.04314722865819931,0.1617838591337204,0.976671040058136,0.6415672898292542
ai_034_001_cam_00_frame.0000,train,ai_034_001,0,0.049257390201091766,0.04492508992552757,0.2401326596736908,0.9714711904525757,2.549579620361328,0.04426288604736328,0.6855878829956055,0.03419211506843567,0.03115541860461235,0.358245849609375,0.9705607295036316,2.5882906913757324,0.03758740425109863,0.7064450979232788,0.030746109783649445,0.02793308161199093,0.3221181333065033,0.9699808955192566,2.683523654937744,0.03142547607421875,0.7149590849876404,0.033378373831510544,0.02868460863828659,0.37847900390625,0.9696146845817566,2.783541202545166,0.01824510097503662,0.7033483386039734,0.04959498718380928,0.044486332684755325,0.2498372346162796,0.950792133808136,0.8357096314430237,0.02928784117102623,0.025381475687026978,0.3614908754825592,0.9954969882965088,0.5575757026672363,0.03823365643620491,0.03409607708454132,0.461724191904068,0.9504936933517456,0.8441481590270996,0.01795036345720291,0.015440975315868855,0.619140625,0.995225727558136,0.5787160992622375,0.0401587150990963,0.03545750677585602,0.3783094584941864,0.9505208134651184,0.8323206305503845,0.020665859803557396,0.01795046590268612,0.3783637285232544,0.995225727558136,0.565880298614502,0.04609645903110504,0.040806300938129425,0.2459581196308136,0.9501410722732544,0.8274035453796387,0.028127649798989296,0.02429020404815674,0.2358940988779068,0.9949001669883728,0.5405458807945251
ai_045_004_cam_01_frame.0099,train,ai_045_004,99,0.043423037976026535,0.039519596844911575,0.19852875173091888,0.9693894386291504,1.9831819534301758,-0.07044696807861328,0.7853263020515442,0.03412686660885811,0.027649715542793274,0.4932236671447754,0.9694810509681702,2.0043766498565674,-0.05803394317626953,0.7967796921730042,0.03255849331617355,0.023692598566412926,0.4916211664676666,0.985572338104248,2.092113733291626,-0.07247412204742432,0.7660601735115051,0.04023872688412666,0.02946511097252369,0.3207116425037384,0.9855214357376099,2.1960086822509766,-0.1036062240600586,0.747307538986206,0.1128740981221199,0.10373950749635696,0.16055618226528168,0.8437075614929199,0.731525719165802,0.03558338060975075,0.027662210166454315,0.23290424048900604,0.9996197819709778,0.5573074817657471,0.09587456285953522,0.08291410654783249,0.373363733291626,0.8439248204231262,0.7271081805229187,0.029076678678393364,0.016465969383716583,0.42463743686676025,0.9981532692909241,0.576957643032074,0.08293990790843964,0.06714578717947006,0.44166529178619385,0.9305306673049927,0.6742395162582397,0.0310808215290308,0.013550903648138046,0.5412524938583374,0.9980446696281433,0.5152804255485535,0.08643756806850433,0.07332167029380798,0.22163380682468414,0.9315626621246338,0.6573569774627686,0.03857163339853287,0.02361202985048294,0.2546303868293762,0.9977187514305115,0.5023155808448792
ai_035_009_cam_00_frame.0000,train,ai_035_009,0,0.045686930418014526,0.04123795032501221,0.3169505298137665,0.9515188932418823,2.2259836196899414,-0.1686415672302246,0.8586697578430176,0.03259609267115593,0.02744385600090027,0.49271610379219055,0.9880910515785217,2.261812210083008,-0.15315771102905273,0.8679264783859253,0.02677955850958824,0.016006622463464737,0.600884199142456,0.9955939650535583,2.3630213737487793,-0.14528656005859375,0.8730797171592712,0.0350964292883873,0.021201157942414284,0.39734315872192383,0.9955735802650452,2.5009377002716064,-0.20140600204467773,0.8684932589530945,0.017045671120285988,0.014999100007116795,0.4733344316482544,0.9981011152267456,0.7676708698272705,0.018855145201086998,0.016360603272914886,0.5119357705116272,0.9985893964767456,0.5978794693946838,0.013607924804091454,0.010414293967187405,0.719970703125,0.9979926347732544,0.762420117855072,0.016197046265006065,0.01235998421907425,0.6750217080116272,0.9984266757965088,0.5869581699371338,0.013577363453805447,0.009478208608925343,0.7247992753982544,0.9980739951133728,0.7836733460426331,0.016178514808416367,0.010930360294878483,0.69384765625,0.9984266757965088,0.6076367497444153,0.014443963766098022,0.011656491085886955,0.6427951455116272,0.9979926347732544,0.8012775778770447,0.01752784475684166,0.013809860683977604,0.5888129472732544,0.9982638955116272,0.6234045624732971
ai_019_001_cam_00_frame.0000,train,ai_019_001,0,0.05461229383945465,0.0516771525144577,0.1910146176815033,0.9918264150619507,4.943653583526611,0.6993207931518555,0.8804091811180115,0.0415310338139534,0.0396086759865284,0.217041015625,0.9919688105583191,5.019521236419678,0.6707606315612793,0.8879413604736328,0.0361708402633667,0.03380957245826721,0.1744842529296875,0.9912669062614441,5.232830047607422,0.5661458969116211,0.8864775896072388,0.03824974596500397,0.033779606223106384,0.1596018522977829,0.9911245107650757,5.4464850425720215,0.48536014556884766,0.8771606087684631,0.047010213136672974,0.043963074684143066,0.2034776508808136,0.969102680683136,0.9610596895217896,0.04102914780378342,0.035904474556446075,0.3943684995174408,0.9758571982383728,0.6568641662597656,0.037155766040086746,0.03445861488580704,0.2833930253982544,0.9691298007965088,0.962090790271759,0.03271406516432762,0.02873131074011326,0.5564778447151184,0.9753146767616272,0.6771330833435059,0.0377449207007885,0.034876663237810135,0.2360568642616272,0.9688856601715088,0.9544963240623474,0.03261565789580345,0.02921299822628498,0.4212782084941864,0.9755859375,0.6856192946434021,0.0455201156437397,0.04067571833729744,0.1290690153837204,0.9693196415901184,0.9434866905212402,0.04761570319533348,0.041415609419345856,0.1568467915058136,0.9739040732383728,0.668558657169342
ai_004_008_cam_00_frame.0000,train,ai_004_008,0,0.028566231951117516,0.02584521472454071,0.7068532705307007,0.9733836054801941,2.811281204223633,0.14545774459838867,0.7765498161315918,0.025539036840200424,0.023067709058523178,0.8496500849723816,0.9732717275619507,2.8525071144104004,0.14751625061035156,0.7700696587562561,0.03190481290221214,0.028926072642207146,0.582427978515625,0.972930908203125,2.951953649520874,0.14821958541870117,0.7581244111061096,0.03938037529587746,0.03599764034152031,0.3845265805721283,0.971923828125,3.0484886169433594,0.1450514793395996,0.7496108412742615,0.0198756605386734,0.019149834290146828,0.2929145097732544,0.9986979365348816,0.9788481593132019,0.025326911360025406,0.024411464110016823,0.1458875834941864,0.99853515625,0.7120740413665771,0.010267965495586395,0.009865048341453075,0.7870008945465088,0.9986165165901184,0.9794618487358093,0.012819976545870304,0.01228584535419941,0.6624348759651184,0.99853515625,0.7089641690254211,0.01737060956656933,0.016621768474578857,0.4559732973575592,0.9986165165901184,0.9663048982620239,0.018806584179401398,0.017665840685367584,0.5041775107383728,0.9984809160232544,0.6762577295303345,0.027068475261330605,0.026023121550679207,0.2425672709941864,0.9985622763633728,0.963218629360199,0.028906119987368584,0.027374649420380592,0.270073801279068,0.9984266757965088,0.6649911999702454
ai_039_007_cam_00_frame.0099,train,ai_039_007,99,0.042598824948072433,0.038233984261751175,0.4836215674877167,0.9636536240577698,2.977766990661621,0.005093097686767578,0.6668022274971008,0.03336821123957634,0.02899181842803955,0.6917710900306702,0.9643636345863342,3.026190757751465,-0.0006952285766601562,0.6434091925621033,0.037010982632637024,0.03147868439555168,0.6073853969573975,0.9632197022438049,3.1390085220336914,-0.015965938568115234,0.6014497876167297,0.04199906066060066,0.036059558391571045,0.4372108578681946,0.9627181887626648,3.2523961067199707,-0.018696308135986328,0.5828596353530884,0.126681387424469,0.11572210490703583,0.15824279189109802,0.8441190123558044,0.7065133452415466,0.11532875150442123,0.10276790708303452,0.062293339520692825,0.9417808055877686,0.3230319619178772,0.10738547146320343,0.0974721908569336,0.21188591420650482,0.8492855429649353,0.6700981259346008,0.08371112495660782,0.07286068052053452,0.17442135512828827,0.9466225504875183,0.279868483543396,0.1124100536108017,0.10089665651321411,0.17527751624584198,0.8436761498451233,0.6235565543174744,0.08735701441764832,0.07349356263875961,0.16225790977478027,0.9384742379188538,0.2079024612903595,0.11986702680587769,0.10745079070329666,0.1283360868692398,0.8412553071975708,0.6006815433502197,0.09275154024362564,0.07782930880784988,0.11856400221586227,0.9407179951667786,0.17433282732963562
ai_006_003_cam_00_frame.0000,train,ai_006_003,0,0.019045669585466385,0.01736978068947792,0.5628408193588257,0.9911753535270691,3.6188082695007324,0.13816356658935547,0.8219171166419983,0.012475701980292797,0.011311713606119156,0.8143717646598816,0.9911346435546875,3.7050085067749023,0.1289217472076416,0.8564727902412415,0.01494054775685072,0.01371692307293415,0.6641134023666382,0.9910380244255066,3.868204355239868,0.11872339248657227,0.8512535095214844,0.01981266587972641,0.018150053918361664,0.4925740659236908,0.9909159541130066,4.036613464355469,0.10890960693359375,0.8391437530517578,0.02348313480615616,0.022059284150600433,0.4148763120174408,0.9883083701133728,0.8891184329986572,0.02445536106824875,0.022176623344421387,0.2681749165058136,0.9919162392616272,0.6907461285591125,0.015423912554979324,0.014521211385726929,0.7623698115348816,0.9881727695465088,0.9140084385871887,0.014970464631915092,0.013583566062152386,0.7835829257965088,0.9919162392616272,0.7287001013755798,0.017152752727270126,0.016452010720968246,0.592637836933136,0.9879557490348816,0.9111506342887878,0.0175773948431015,0.01663176156580448,0.5439453125,0.9914821982383728,0.7299624085426331,0.021489974111318588,0.020620670169591904,0.4274088442325592,0.9878200888633728,0.9009820222854614,0.022519350051879883,0.021259615197777748,0.3952907919883728,0.9910481572151184,0.722737193107605
ai_010_009_cam_00_frame.0000,train,ai_010_009,0,0.057066306471824646,0.05327500030398369,0.1291869431734085,0.9476542472839355,3.163874626159668,0.06415081024169922,0.870414674282074,0.049406055361032486,0.045948561280965805,0.22962777316570282,0.9467583298683167,3.229639768600464,0.06994247436523438,0.848852276802063,0.046526916325092316,0.0421762689948082,0.32240739464759827,0.9454246163368225,3.359532117843628,0.043186187744140625,0.8309458494186401,0.04979073628783226,0.04451005905866623,0.30675408244132996,0.9437295198440552,3.5021424293518066,0.01520681381225586,0.8192498683929443,0.0890030637383461,0.08214231580495834,0.2707790732383728,0.871826171875,0.8595173358917236,0.08875449746847153,0.0814380943775177,0.3171115517616272,0.87353515625,0.6689262986183167,0.08653918653726578,0.07979710400104523,0.2296820729970932,0.8707411289215088,0.8342080116271973,0.08423051983118057,0.077277772128582,0.2765299379825592,0.8738064169883728,0.6222367882728577,0.08688048273324966,0.07949284464120865,0.2589789628982544,0.868408203125,0.8086718320846558,0.08459807932376862,0.07693098485469818,0.2914496660232544,0.8757053017616272,0.5754415392875671,0.08912564814090729,0.081520214676857,0.2390679270029068,0.8658040165901184,0.7912302017211914,0.08740200102329254,0.07936446368694305,0.224880650639534,0.877549946308136,0.5531384348869324
ai_001_002_cam_00_frame.0000,train,ai_001_002,0,0.05824296921491623,0.03913416713476181,0.3694051206111908,0.9680125117301941,1.490925669670105,0.24795055389404297,0.7247140407562256,0.049324970692396164,0.033542584627866745,0.4789276123046875,0.9674530029296875,1.5268430709838867,0.21131277084350586,0.7333293557167053,0.040706660598516464,0.030464893206954002,0.4954681396484375,0.9671122431755066,1.60541832447052,0.14210033416748047,0.7526716589927673,0.037704240530729294,0.031136874109506607,0.4445139765739441,0.9670054316520691,1.669690489768982,0.09553956985473633,0.7549105882644653,0.10344713181257248,0.07302526384592056,0.1579047292470932,0.928819477558136,0.7176125645637512,0.06184962019324303,0.025012683123350143,0.2145182341337204,0.9990234375,0.6275418400764465,0.0874117985367775,0.06208626553416252,0.2902018129825592,0.9287109375,0.704657793045044,0.04541177302598953,0.014777187258005142,0.4742296040058136,0.9990234375,0.6019927859306335,0.06606730073690414,0.05347566679120064,0.3759494423866272,0.9284125566482544,0.7189814448356628,0.022028867155313492,0.009324107319116592,0.6660698652267456,0.9990776777267456,0.6197323799133301,0.0596001036465168,0.05388066917657852,0.3610297441482544,0.9283854365348816,0.7177371382713318,0.021230334416031837,0.019210398197174072,0.3708224892616272,0.9992946982383728,0.6246159076690674
ai_038_006_cam_00_frame.0000,train,ai_038_006,0,0.11822257936000824,0.10668523609638214,0.1189105361700058,0.9351083636283875,7.953351974487305,-0.2867927551269531,0.770937442779541,0.09817889332771301,0.08826097100973129,0.13302263617515564,0.9388336539268494,8.070178985595703,-0.2622947692871094,0.7665733695030212,0.0843038409948349,0.07487304508686066,0.2555748224258423,0.9409235715866089,8.201032638549805,-0.2145843505859375,0.7513774037361145,0.08585883677005768,0.07499247789382935,0.19466446340084076,0.9404010772705078,8.398317337036133,-0.23761367797851562,0.7364115118980408,0.15957054495811462,0.14891274273395538,0.07476687431335449,0.8528183102607727,0.8039522171020508,0.1791185736656189,0.16880545020103455,0.02949640341103077,0.8909242153167725,0.6738739609718323,0.14132775366306305,0.13114313781261444,0.12487894296646118,0.8544232249259949,0.8047517538070679,0.15879514813423157,0.14933568239212036,0.0484781414270401,0.8939125537872314,0.6678906679153442,0.13096773624420166,0.12065544724464417,0.31353938579559326,0.8563878536224365,0.795046329498291,0.14268562197685242,0.13288822770118713,0.2600996196269989,0.8942446112632751,0.6519482731819153,0.13453032076358795,0.12450249493122101,0.18118929862976074,0.8556960821151733,0.7918626070022583,0.1456885039806366,0.1349221169948578,0.13298285007476807,0.8929718136787415,0.6468942761421204
ai_032_005_cam_00_frame.0000,train,ai_032_005,0,0.02144455909729004,0.01951611414551735,0.4705302119255066,0.9937286376953125,2.7559359073638916,0.08548641204833984,0.8794797658920288,0.014412878081202507,0.012838853523135185,0.7063802480697632,0.994110107421875,2.8159523010253906,0.09483480453491211,0.88358473777771,0.01741517335176468,0.015636157244443893,0.5781301259994507,0.994171142578125,2.9366886615753174,0.09620952606201172,0.8781928420066833,0.022827889770269394,0.02078891173005104,0.4093017578125,0.9940338134765625,3.0645389556884766,0.09292221069335938,0.8649024963378906,0.030288299545645714,0.027633292600512505,0.203640416264534,0.9978840947151184,0.926306962966919,0.03821204975247383,0.034352973103523254,0.0774739608168602,0.9990234375,0.7973963618278503,0.018039975315332413,0.016220757737755775,0.6127116084098816,0.9970431923866272,0.9289107918739319,0.021470336243510246,0.01925058849155903,0.5228407382965088,0.99755859375,0.7892259955406189,0.0196535587310791,0.017142245545983315,0.6025390625,0.9966362714767456,0.9041264653205872,0.021214047446846962,0.018107691779732704,0.6238064169883728,0.9967990517616272,0.7660093307495117,0.025183044373989105,0.022241348400712013,0.390380859375,0.99658203125,0.8859632015228271,0.02616531029343605,0.022413289174437523,0.4306640625,0.996202290058136,0.7410777807235718
ai_022_002_cam_00_frame.0000,train,ai_022_002,0,0.03066619299352169,0.027888718992471695,0.3399810791015625,0.9939931631088257,3.2477269172668457,-0.09917545318603516,0.8434491157531738,0.022846192121505737,0.019456053152680397,0.512420654296875,0.9945322871208191,3.2961370944976807,-0.08716964721679688,0.839533269405365,0.022070791572332382,0.017198843881487846,0.529449462890625,0.9946950674057007,3.40936279296875,-0.08721137046813965,0.8289194703102112,0.026399699971079826,0.02010473981499672,0.4809621274471283,0.9949239492416382,3.5363361835479736,-0.09131097793579102,0.8061904311180115,0.03773908689618111,0.035564079880714417,0.185574010014534,0.9903971552848816,0.8210437893867493,0.03285876289010048,0.030976176261901855,0.1447482705116272,0.995714008808136,0.8662046194076538,0.03111964464187622,0.028440475463867188,0.314453125,0.9931911826133728,0.809021532535553,0.02522350288927555,0.02330477349460125,0.2740885317325592,0.9952799677848816,0.8825518488883972,0.03064637817442417,0.026254547759890556,0.3980577290058136,0.9938693642616272,0.7990578413009644,0.024090806022286415,0.019276002421975136,0.4525282084941864,0.99462890625,0.87975013256073,0.03598495572805405,0.030769186094403267,0.2650010883808136,0.994005024433136,0.7886873483657837,0.030615368857979774,0.024017086252570152,0.320855051279068,0.9940321445465088,0.8457493782043457
ai_023_008_cam_00_frame.0000,train,ai_023_008,0,0.03100050613284111,0.026632139459252357,0.3209969103336334,0.9831426739692688,12.351116180419922,0.43413448333740234,0.6846224069595337,0.021349964663386345,0.018911177292466164,0.44186660647392273,0.9831426739692688,12.633606910705566,0.29726696014404297,0.7218042016029358,0.01878334954380989,0.016003558412194252,0.5205660462379456,0.9956491589546204,13.15235710144043,0.20879650115966797,0.7196050882339478,0.024835946038365364,0.021081391721963882,0.3220651149749756,0.9974914789199829,13.704286575317383,0.11094188690185547,0.6874476075172424,0.023818450048565865,0.017311962321400642,0.3763926327228546,0.9999999403953552,0.6233135461807251,0.020470524206757545,0.011001275852322578,0.4475075304508209,1.0,0.7821651101112366,0.019135553389787674,0.015296227298676968,0.5412358641624451,0.9999999403953552,0.6729460954666138,0.013199449516832829,0.007484773639589548,0.7593844532966614,1.0,0.8212909698486328,0.019391357898712158,0.01681816764175892,0.4758606553077698,0.9999999403953552,0.68062424659729,0.011308401823043823,0.007454852573573589,0.7318167090415955,1.0,0.7761576175689697,0.02243577502667904,0.0203108973801136,0.40931445360183716,0.9999999403953552,0.6445122957229614,0.013873842544853687,0.011056221090257168,0.6203412413597107,1.0,0.6733331680297852
ai_002_008_cam_00_frame.0099,train,ai_002_008,99,0.046397462487220764,0.04175460338592529,0.36013263463974,0.9574907422065735,2.415680408477783,-0.15740466117858887,0.7268602252006531,0.03565918654203415,0.03339236229658127,0.33777451515197754,0.9682865738868713,2.4642295837402344,-0.1845703125,0.7066229581832886,0.030441291630268097,0.02730567753314972,0.3052022159099579,0.9808001518249512,2.5368762016296387,-0.160780668258667,0.6600946187973022,0.0326848179101944,0.028256477788090706,0.31236138939857483,0.9881224036216736,2.611316204071045,-0.15903520584106445,0.63285893201828,0.04885214939713478,0.047163281589746475,0.0912543386220932,0.9606119990348816,0.8515910506248474,0.037281595170497894,0.03663448616862297,0.0802951380610466,0.9827473759651184,0.6214501857757568,0.038687724620103836,0.03769456595182419,0.0839301198720932,0.9814995527267456,0.8260078430175781,0.031732141971588135,0.03129972517490387,0.0823567733168602,0.9848090410232544,0.6137659549713135,0.025595111772418022,0.02443515881896019,0.4415418803691864,0.9836696982383728,0.7721558213233948,0.01847037859261036,0.01769338734447956,0.5124240517616272,0.9880642294883728,0.5657018423080444,0.02545796148478985,0.023970237001776695,0.5096842646598816,0.982774555683136,0.7330261468887329,0.017666682600975037,0.01629459299147129,0.6145290732383728,0.986436665058136,0.5538116693496704
ai_055_005_cam_01_frame.0099,train,ai_055_005,99,0.13168786466121674,0.03809584304690361,0.21048107743263245,0.9784590005874634,2.592989444732666,0.12456893920898438,0.7118101119995117,0.12921957671642303,0.030496397987008095,0.403927743434906,0.9785200357437134,2.693471670150757,0.04889535903930664,0.7019171118736267,0.12864920496940613,0.0326053686439991,0.3505457639694214,0.9666941165924072,2.8785953521728516,-0.06500053405761719,0.6957156658172607,0.12980951368808746,0.03594089671969414,0.17801447212696075,0.9660888314247131,3.0260353088378906,-0.12577199935913086,0.6881547570228577,0.13941849768161774,0.071212999522686,0.1968315988779068,0.9081760048866272,0.6453654766082764,0.12036509066820145,0.04372647777199745,0.1975911408662796,0.974229633808136,0.41613873839378357,0.13738791644573212,0.06425786018371582,0.2802191972732544,0.9089084267616272,0.6306574940681458,0.1185070127248764,0.03573276102542877,0.3130967915058136,0.9746636152267456,0.3971053659915924,0.1394413560628891,0.06680145859718323,0.268798828125,0.9052191972732544,0.6221249103546143,0.11877981573343277,0.03501686081290245,0.32666015625,0.9760199785232544,0.37846168875694275,0.141689270734787,0.0734545961022377,0.119764544069767,0.902940571308136,0.6131840944290161,0.11969579756259918,0.040395308285951614,0.1590711772441864,0.9777560830116272,0.37519243359565735
ai_028_002_cam_00_frame.0000,train,ai_028_002,0,0.05708079785108566,0.051507752388715744,0.3924517333507538,0.9136647582054138,2.7835123538970947,0.13811135292053223,0.49132460355758667,0.04833998531103134,0.04415728896856308,0.45824944972991943,0.9231001138687134,2.85422945022583,0.11779451370239258,0.510414719581604,0.04688515141606331,0.043479207903146744,0.36730605363845825,0.9265102744102478,2.981574773788452,0.10334205627441406,0.5062203407287598,0.05111151933670044,0.04748235270380974,0.2814091444015503,0.9279681444168091,3.0894384384155273,0.10605454444885254,0.5007250308990479,0.16325700283050537,0.15835794806480408,0.08811425417661667,0.6579542756080627,0.4585358202457428,0.03567688912153244,0.03357104957103729,0.16613975167274475,0.9859914779663086,0.8808801770210266,0.13933716714382172,0.1356622278690338,0.12766073644161224,0.6990270018577576,0.48972034454345703,0.02978471852838993,0.028042253106832504,0.22942329943180084,0.9861549735069275,0.8871673941612244,0.13058632612228394,0.12733487784862518,0.14690251648426056,0.7147802114486694,0.47755518555641174,0.03223266452550888,0.030519237741827965,0.2637087106704712,0.9863730072975159,0.8603642582893372,0.130843386054039,0.12736308574676514,0.16745251417160034,0.7206399440765381,0.4696907699108124,0.035192910581827164,0.033329546451568604,0.25558704137802124,0.9863185286521912,0.8478193283081055
ai_044_008_cam_01_frame.0099,train,ai_044_008,99,0.11815281212329865,0.09243792295455933,0.1192576140165329,0.8629252314567566,5.026674270629883,-0.07040596008300781,0.8183680772781372,0.09974689781665802,0.07716786861419678,0.1519826352596283,0.894805908203125,5.185178756713867,-0.20142745971679688,0.8112648129463196,0.08008098602294922,0.05749548226594925,0.1824544370174408,0.9527537226676941,5.426740646362305,-0.32628917694091797,0.7945407032966614,0.0795680582523346,0.05101938173174858,0.2573344111442566,0.9538523554801941,5.7768731117248535,-0.6002435684204102,0.7782466411590576,0.10738059133291245,0.07922182977199554,0.0994737446308136,0.948594868183136,0.7322052717208862,0.08271121233701706,0.04866834357380867,0.1788737028837204,0.9934353232383728,0.34659793972969055,0.09521009773015976,0.06928727775812149,0.088026262819767,0.9488661289215088,0.7309548258781433,0.06858483701944351,0.04200335592031479,0.1437174528837204,0.9938151240348816,0.32522329688072205,0.08701211959123611,0.05880524218082428,0.0834418386220932,0.9487847089767456,0.7328382134437561,0.05847899988293648,0.03289659693837166,0.0857204869389534,0.9933810830116272,0.3164944648742676,0.0814172774553299,0.05724801495671272,0.2164171040058136,0.9481879472732544,0.721495509147644,0.04898011311888695,0.02859959378838539,0.2869466245174408,0.992296040058136,0.2999584376811981
ai_033_008_cam_00_frame.0000,train,ai_033_008,0,0.042551517486572266,0.03753642365336418,0.2673977315425873,0.9861295819282532,3.8408987522125244,0.06088447570800781,0.8525940179824829,0.03084454871714115,0.026508629322052002,0.39478448033332825,0.9865212440490723,3.913454532623291,0.05470442771911621,0.8593935370445251,0.03173414617776871,0.027050435543060303,0.32421696186065674,0.9862719774246216,4.072121620178223,0.00516510009765625,0.852365255355835,0.03889220952987671,0.03245780989527702,0.2649257779121399,0.9855751991271973,4.243531703948975,-0.046030521392822266,0.8318452835083008,0.05482205003499985,0.051734935492277145,0.09901795536279678,0.9807661175727844,0.8324742913246155,0.05631835758686066,0.052565209567546844,0.09337528795003891,0.9781346917152405,0.7307150363922119,0.04408995062112808,0.04040434584021568,0.18089088797569275,0.9800878763198853,0.8396418690681458,0.04360119625926018,0.039136968553066254,0.18116217851638794,0.9784059524536133,0.7326161861419678,0.043498121201992035,0.039475567638874054,0.21664586663246155,0.9782974123954773,0.8236171007156372,0.04499463737010956,0.04032551869750023,0.17134176194667816,0.9763442277908325,0.7252552509307861,0.046585727483034134,0.04229685664176941,0.2539471685886383,0.9759644269943237,0.7932934165000916,0.04967067390680313,0.0450272299349308,0.18023981153964996,0.9740111827850342,0.7137571573257446
