step,stage,loss,grad_norm,lr_ssr,lr_heads,lr_backbone,base/k1/edge,base/k1/global,base/k1/local,refined/k1/edge,refined/k1/global,refined/k1/local,refined/k2/edge,refined/k2/global,refined/k2/local,refined/k3/edge,refined/k3/global,refined/k3/local,ssr_max_abs_log_depth_residual,ssr_max_depth_span
3001,joint,0.09791997785214335,3.3070552349090576,4.999997224174332e-07,1.999998889669733e-07,9.999994448348666e-09,0.0005382017225201707,0.009434176958166063,0.015589665723382495,0.0005387831242842367,0.009400412352988496,0.014497526732156985,0.0005393186693254393,0.00937799917301163,0.014162087245495059,0.0005433560072560795,0.009368271988932975,0.013930177883594297,0.008775698021054268,486.0
3002,joint,0.09396913147065789,2.421769380569458,4.999988896704181e-07,1.9999955586816723e-07,9.999977793408363e-09,0.0005650648145092418,0.009172373975161463,0.013446542594465427,0.0005668628200510284,0.009136864362517372,0.012748359018587507,0.0005680803042196203,0.009113257241551764,0.014051451347768307,0.0005727496991312364,0.009104190561629366,0.014923334558261558,0.013374139554798603,960.0
3003,joint,0.1546450707828626,1.6306012868881226,4.99997501761009e-07,1.9999900070440363e-07,9.999950035220182e-09,0.0006391080696630524,0.018553579560830258,0.018993176534422673,0.0006388241599779576,0.01853306461998727,0.01997452724026516,0.0006387150879163528,0.0185234792297706,0.01966428227024153,0.0006420410536520649,0.018524607512517832,0.01931966849952005,0.009668594226241112,595.0
3004,joint,0.15829320868942887,2.464308261871338,4.999955586926309e-07,1.9999822347705232e-07,9.999911173852617e-09,0.0006706121712340973,0.01648964121704921,0.023421204125043005,0.0006727646668878151,0.016467038920382038,0.01904722335166298,0.000674206399708055,0.016452875453978777,0.023459454139810987,0.0006786037265555933,0.016449893548269756,0.023809692880604416,0.012143543921411037,992.0
3005,joint,0.15133158955723047,2.6442322731018066,4.999930604700777e-07,1.9999722418803108e-07,9.999861209401553e-09,0.0006149548717075959,0.014371611767273862,0.02400871177087538,0.0006171206987346523,0.014344617702590767,0.023843662595027126,0.000618640271568438,0.014330912454170175,0.02054823214712087,0.0006233419462660095,0.014327713673992548,0.023082070314558223,0.01101440005004406,782.0
3006,joint,0.21623412414919585,1.866078495979309,4.999900070995137e-07,1.9999600283980547e-07,9.999800141990275e-09,0.0006175475173222367,0.018372224207269028,0.03485253815597389,0.0006182642082421808,0.018344461161177605,0.03529117806465365,0.0006191116735863034,0.018324646414839663,0.03503324548364617,0.0006230168219190091,0.01831491793564055,0.03522296815935988,0.008360099978744984,516.0
3007,joint,0.16227475029882044,2.5202105045318604,4.999863985884728e-07,1.9999455943538912e-07,9.999727971769457e-09,0.0006558068598678801,0.01624771191563923,0.017950381501577795,0.0006566520023625344,0.01621855644043535,0.02892697167408187,0.0006574633953277953,0.016200581027078442,0.02802523536956869,0.0006618296229135012,0.01619483249669429,0.019878732680808753,0.009845608845353127,594.0
3008,joint,0.13844976294785738,1.3375648260116577,4.999822349458586e-07,1.9999289397834345e-07,9.999644698917174e-09,0.0006109974383434746,0.012907718715723604,0.02353476126154419,0.0006111138845881214,0.01287945409421809,0.015989452338544652,0.0006117439152149018,0.012861084745964035,0.022466379508841783,0.0006157774296298157,0.012852041516453028,0.022509241665829904,0.011941662058234215,640.0
3009,joint,0.10912835714407265,2.1401844024658203,4.999775161819445e-07,1.999910064727778e-07,9.99955032363889e-09,0.0005581271907431073,0.012062783440342173,0.014168125489959493,0.0005580074976023752,0.012035418127197772,0.015482995571801439,0.0005586106017290149,0.012019777903333306,0.013928764732554555,0.0005625564244837733,0.012016188877169043,0.01517700363183394,0.009542563930153847,636.0
3010,joint,0.1375564788468182,1.750698447227478,4.999722423083735e-07,1.9998889692334945e-07,9.999444846167473e-09,0.0006395568871084834,0.013411664695013314,0.0232319501665188,0.0006403229926945642,0.013383288373006508,0.02358991418441292,0.0006410523728845874,0.013366554660024121,0.017171401632367633,0.0006450245091400575,0.01336492363770958,0.017470823921030387,0.010997379198670387,634.0
3011,joint,0.10039319726638496,1.65824556350708,4.999664133381586e-07,1.9998656533526346e-07,9.999328266763173e-09,0.000591170062762103,0.009984571566747036,0.014016938541317359,0.000593462824326707,0.009955744062608574,0.015301547071430832,0.0005949353835603688,0.009938932707882486,0.013926815387094393,0.0006001736292091664,0.00993405758345034,0.014954848506022245,0.010388346388936043,635.0
3012,joint,0.15456566005013883,2.4503989219665527,4.99960029285682e-07,1.999840117142728e-07,9.99920058571364e-09,0.0006278714408836095,0.01839598699734779,0.018959964465466328,0.0006275555733736837,0.01836887791432673,0.019060657810769044,0.0006272715836530551,0.018350500577071216,0.020929245962179266,0.0006302096207946306,0.018340293885557912,0.019647223030915484,0.012660100124776363,633.0
3013,joint,0.1536910911090672,1.8781975507736206,4.999530901666957e-07,1.999812360666783e-07,9.999061803333916e-09,0.0006608196654269705,0.014721121842740104,0.017115603550337255,0.0006611863609577995,0.014690367868752219,0.029270357714267448,0.0006613163022848312,0.014668750576674938,0.02864530026272405,0.0006645165121881291,0.014659325432148762,0.017272425233386457,0.00979074090719223,516.0
3014,joint,0.15381171577610075,1.5191248655319214,4.999455959983214e-07,1.9997823839932856e-07,9.998911919966428e-09,0.0007049002906569513,0.01630885456688702,0.01834667612274643,0.0007038991425361019,0.016285101359244436,0.019397325668251142,0.0007031038185232319,0.016263708792394027,0.028979803508264013,0.0007059833551465999,0.01625518803484738,0.01915717197698541,0.00938375759869814,516.0
3015,joint,0.1969940064009279,2.0906271934509277,4.999375467990501e-07,1.9997501871962003e-07,9.998750935981002e-09,0.0006433681155613158,0.01827025375678204,0.03419466297782492,0.0006431888341467129,0.018245406943606213,0.03303515681182034,0.0006430198081943672,0.018232259273645468,0.03177537355804816,0.0006460336917371023,0.018229293898912147,0.022435991078964435,0.008729111403226852,786.0
3016,joint,0.11484051309525967,1.8073766231536865,4.999289425887425e-07,1.99971577035497e-07,9.99857885177485e-09,0.0006858101151010487,0.011131379913422279,0.016546595346881077,0.0006841751055617351,0.011107804326456971,0.017328482237644494,0.0006827607285231352,0.011092061540693976,0.017077496158890426,0.0006848702669230988,0.011085199381341226,0.016733878757804632,0.008865163661539555,636.0
3017,joint,0.14998009661212564,1.4353348016738892,4.999197833886285e-07,1.999679133554514e-07,9.99839566777257e-09,0.000585713150940137,0.01642655034083873,0.022607058723224327,0.0005848394121130696,0.01639634429011494,0.023134983668569475,0.0005847091997566167,0.01637750960071571,0.022129998862510547,0.0005883774592803093,0.01637062439112924,0.014193386974511668,0.010673951357603073,636.0
3018,joint,0.12248674721922725,3.2604408264160156,4.999100692213077e-07,1.9996402768852306e-07,9.998201384426154e-09,0.0005765483983850572,0.012786620798578952,0.01719240289821755,0.0005796934092359152,0.012754347197187599,0.016334118612576276,0.0005820577425765805,0.012736618285998702,0.017466900098952465,0.000587599501159275,0.01272752191289328,0.018162316075176932,0.010103480890393257,786.0
3019,joint,0.1465247618034482,1.5236825942993164,4.998998001107487e-07,1.9995992004429948e-07,9.997996002214975e-09,0.0006689468973490875,0.01454954594373703,0.022096931788837537,0.0006676127159153111,0.014527075793012045,0.019490717735607177,0.0006671344726782991,0.014512560795992613,0.022510575232445262,0.0006697361459373496,0.014509001790429465,0.021654920012224466,0.009944470599293709,636.0
3020,joint,0.14739327097777277,1.4124433994293213,4.998889760822896e-07,1.9995559043291583e-07,9.997779521645792e-09,0.0006156332819955423,0.013949938758742064,0.023212380459881388,0.0006195730911713326,0.013918451790232211,0.01625715772388503,0.000622631712758448,0.013901920276111923,0.024372437052079476,0.0006289165212365333,0.013895201118430123,0.025399028818355873,0.00999128632247448,473.0
3021,joint,0.22970346733927727,1.7143868207931519,4.998775971626375e-07,1.99951038865055e-07,9.99755194325275e-09,0.0007367835678451229,0.02354706361074932,0.030243410961702466,0.0007347452956310008,0.02352602026076056,0.030135647510178387,0.0007334162619372364,0.02351137256482616,0.031111460993997753,0.0007352022330451291,0.023506381723564118,0.041181965032592416,0.014657996594905853,1002.0
3022,joint,0.15544834116008133,2.419069528579712,4.998656633798689e-07,1.9994626535194753e-07,9.997313267597377e-09,0.0006385357792169088,0.016365733521524817,0.01817021588794887,0.000638574936601799,0.01633575087180361,0.025520822149701416,0.0006388037363649346,0.016311254701577127,0.023902545945020393,0.0006419162436941406,0.01629994041286409,0.0199842459987849,0.017529577016830444,999.0
3023,joint,0.15609574632253498,2.62369704246521,4.99853174763429e-07,1.9994126990537163e-07,9.997063495268582e-09,0.0005321038588590454,0.015626926106051542,0.019929245128878392,0.0005359333681553835,0.015592863492202014,0.029678844832233153,0.0005389726557041286,0.015570379924611188,0.019497351633617654,0.0005449026175483596,0.015559190433123149,0.022489035050966777,0.009408930316567421,517.0
3024,joint,0.11759014392737299,2.46688175201416,4.998401313441326e-07,1.9993605253765303e-07,9.996802626882652e-09,0.0005402237347880146,0.013363046855374705,0.015476166692678817,0.0005422695030574687,0.013333156159205828,0.015257145831128582,0.0005439309497887734,0.013313261988514569,0.016146796886459924,0.0005486860372911906,0.013306806904438417,0.015218653396004811,0.01022990234196186,636.0
3025,joint,0.14056410174816847,3.281045913696289,4.998265331541627e-07,1.9993061326166507e-07,9.996530663083255e-09,0.0006698128545394866,0.016528968000784516,0.018153630546294153,0.0006666690078418469,0.01649995893239975,0.018692684883717448,0.0006647426525887568,0.016479738987982273,0.01846361521165818,0.0006666240406048018,0.016470772359753028,0.016606883495114744,0.010253362357616425,637.0
3026,joint,0.11642894509714097,2.20695424079895,4.998123802270714e-07,1.9992495209082858e-07,9.99624760454143e-09,0.0006408259760064539,0.011201446948689409,0.018213798466604203,0.0006400373222277267,0.01117005779815372,0.01770416299405042,0.0006397492252290249,0.011150673119118437,0.016656439736834727,0.0006427098323911196,0.011143201540107839,0.016625843767542392,0.01630110666155815,956.0
3027,joint,0.1277281902730465,1.3389058113098145,4.997976725977801e-07,1.9991906903911205e-07,9.995953451955602e-09,0.0005736001148761716,0.011669476094539277,0.02116556401597336,0.0005737768624385353,0.011637359537417069,0.01935657489229925,0.0005742013963754289,0.011613359180046245,0.01893050575745292,0.0005780731589766219,0.011604851548327133,0.019450849562417716,0.010679815895855427,480.0
3028,joint,0.17634192132391036,3.1373870372772217,4.997824103025781e-07,1.9991296412103121e-07,9.995648206051562e-09,0.0006629063918808242,0.019307985741761513,0.021844068352947943,0.0006629511353821727,0.019277317114756443,0.02620040555484593,0.0006633274988416815,0.01925815131107811,0.02177425831905566,0.0006673120242339792,0.019249323508120142,0.0267739199771313,0.013186723925173283,998.0
3029,joint,0.16974975308403373,1.2422398328781128,4.997665933791235e-07,1.999066373516494e-07,9.995331867582472e-09,0.000702864906998002,0.01836085505783558,0.021397827833425254,0.0007026052116998471,0.018325452954741195,0.03382615221198648,0.0007027684405329637,0.018300677358638495,0.019391527719562873,0.0007060843036015285,0.01828628170187585,0.019046657311264426,0.011503309942781925,568.0
3030,joint,0.14928825665265322,2.3265631198883057,4.997502218664433e-07,1.999000887465773e-07,9.995004437328867e-09,0.0006411972044588765,0.015449387719854712,0.01639801758574322,0.0006402789949788712,0.015420711497426964,0.026478719664737582,0.0006397514371201396,0.015403494136990048,0.02743590934551321,0.0006428443248296389,0.015396519054775126,0.014741425489773974,0.010090423747897148,514.0
3031,joint,0.16600635554641485,1.6357377767562866,4.997332958049323e-07,1.9989331832197288e-07,9.994665916098646e-09,0.0006845425632491242,0.017481907954788767,0.02044480710173957,0.0006844339750387007,0.017459961090935394,0.030835036741336808,0.0006849472702015191,0.017448961996706203,0.021559087210334837,0.000688455027557211,0.017449494218453765,0.02058472168573644,0.014901876449584961,956.0
3032,joint,0.0955781601369381,2.26786470413208,4.997158152363539e-07,1.9988632609454157e-07,9.994316304727079e-09,0.0005640481285809074,0.009213726443704218,0.01415674875897821,0.0005633488162857248,0.009173599901259877,0.014293173589976504,0.0005629470342682907,0.009146406620857306,0.013815177633659914,0.0005667023342539323,0.009129068785114214,0.014393211458809674,0.009161507710814476,594.0
3033,joint,0.11546445451676846,3.0699563026428223,4.996977802038398e-07,1.9987911208153594e-07,9.993955604076797e-09,0.0005538469831662951,0.016739480546675622,0.011639458243735135,0.0005565244719036855,0.01670646943966858,0.011765107716200873,0.0005591425488091772,0.01668603130383417,0.011285328902886249,0.0005659106227540178,0.016679770400514826,0.011727383433026262,0.010160041972994804,499.0
3034,joint,0.1377642028965056,1.5467215776443481,4.996791907518896e-07,1.9987167630075585e-07,9.993583815037794e-09,0.0006369488564814674,0.015087183972354978,0.018410376098472625,0.0006365612280205823,0.015057042852276936,0.017521351750474423,0.0006367759342538193,0.01503464784764219,0.020132225428824313,0.0006400894326361595,0.015027331712190062,0.018943669594591483,0.01631430722773075,785.0
3035,joint,0.14837333443574607,1.7733091115951538,4.99660046926371e-07,1.9986401877054842e-07,9.993200938527421e-09,0.0006483342804131098,0.016847550170496106,0.020120096945902333,0.0006477881215687376,0.016817576513858512,0.019866548071149737,0.0006473295507021248,0.016796287076431327,0.01997615091386251,0.0006502743362943875,0.016786208070698194,0.018569193402072415,0.009953690692782402,568.0
3036,joint,0.10613848106004298,3.070012331008911,4.996403487745194e-07,1.9985613950980776e-07,9.992806975490389e-09,0.0005597035815299023,0.010684348933864385,0.014465520507656038,0.0005601555112662027,0.010651531323674135,0.01755868413602002,0.0005608923638646957,0.010628786229062825,0.01449431196670048,0.0005649867125612218,0.01062015320349019,0.01478940769447945,0.009565649554133415,783.0
3037,joint,0.15693385887425393,1.903139352798462,4.996200963449379e-07,1.9984803853797517e-07,9.992401926898759e-09,0.0006337969934975263,0.02147233413415961,0.01672135257103946,0.0006330013238766696,0.021443549732794054,0.016662507521687075,0.0006327903101919219,0.021425102866487578,0.01644633134128526,0.0006360373026836896,0.02141867100726813,0.018808384993462823,0.015131067484617233,952.0
3038,joint,0.1415458128321916,1.6012258529663086,4.995992896875976e-07,1.9983971587503908e-07,9.991985793751954e-09,0.0006830052479926962,0.014070183009607717,0.01639957242878154,0.0006817293069616426,0.014044263851246797,0.025332983379485086,0.0006808423277107067,0.014028500343556516,0.02367347403196618,0.0006836489083070774,0.014024223535670899,0.017243387264898047,0.009223926812410355,472.0
3039,joint,0.10433365579228848,1.9461883306503296,4.995779288538368e-07,1.998311715415347e-07,9.991558577076735e-09,0.0005550308069359744,0.010010441590566188,0.016955073006101884,0.0005562419901252724,0.009971561681595631,0.015380585042294115,0.0005574642382271122,0.00994613095826935,0.0147967490775045,0.0005619159692287212,0.009932623856002465,0.015109837768250145,0.011219501495361328,637.0
3040,joint,0.08494611957576126,1.6483205556869507,4.995560138963611e-07,1.9982240555854445e-07,9.991120277927223e-09,0.0005138138640177203,0.008450013083347585,0.012831838976126164,0.0005163470195839182,0.008405180960835423,0.01151052486966364,0.000518447737704264,0.008371440191695001,0.012313965446082875,0.000523992635862669,0.008353594799700659,0.012636959421797656,0.010167031548917294,569.0
3041,joint,0.12368001113645732,2.7411770820617676,4.995335448692435e-07,1.998134179476974e-07,9.990670897384871e-09,0.0005985513016639743,0.012940713786520064,0.017618317244341597,0.0005988951816107146,0.012911257523228414,0.0173956813669065,0.0005989168530504685,0.012892506216303445,0.0172456606378546,0.0006024048107065028,0.012884168434538879,0.017392938781995326,0.009997726418077946,518.0
3042,joint,0.15630089456681162,1.429183840751648,4.995105218279244e-07,1.9980420873116974e-07,9.990210436558488e-09,0.0005907946688239463,0.013694140128791332,0.021334864723030478,0.0005921142055740347,0.013659055359312333,0.027684173197485507,0.0005932351323281182,0.013637388074130286,0.022161683897138573,0.0005977638320473488,0.013628432468976825,0.028127248704549856,0.012864448130130768,1000.0
3043,joint,0.14628580980934203,1.7801483869552612,4.994869448292104e-07,1.9979477793168416e-07,9.989738896584209e-09,0.000634555688520777,0.013910210582253058,0.023250665049999952,0.0006357581296470016,0.013880149454053026,0.018948116354295053,0.0006365058343362762,0.013861117055057548,0.023408096778439358,0.0006407948458218016,0.013856520905392244,0.022623318000114523,0.016014790162444115,1002.0
3044,joint,0.11792801017872989,3.3071937561035156,4.994628139312756e-07,1.9978512557251027e-07,9.989256278625514e-09,0.0005980565765639767,0.013872068651835434,0.01563177017669659,0.0005985162297292845,0.013837314356351271,0.01473889229237102,0.0005991968337184517,0.013815733953379095,0.015502549664233811,0.000602850821451284,0.013805806913296692,0.014325252966955304,0.01454467885196209,946.0
3045,joint,0.1163393184542656,1.7719700336456299,4.994381291936607e-07,1.997752516774643e-07,9.988762583873215e-09,0.0005672185125149554,0.010070737771457061,0.018999554667971097,0.0005699447283404879,0.010032747319201007,0.018127025119611062,0.0005724225520680193,0.00999813136877492,0.01851135074684862,0.0005780300925835036,0.009983881129301153,0.01832827388716396,0.013826068490743637,639.0
3046,joint,0.10018135257996619,1.4612791538238525,4.994128906772728e-07,1.9976515627090914e-07,9.988257813545457e-09,0.0006177751929499209,0.009988688136218116,0.014245720027247444,0.000619093849309138,0.00995094209065428,0.014844507706584409,0.0006201626238180324,0.009923885838361457,0.014022974894032814,0.0006249165871849982,0.009911291694152169,0.014811395958531648,0.009229347109794617,639.0
3047,joint,0.13094541057944298,1.6315152645111084,4.993870984443853e-07,1.9975483937775412e-07,9.987741968887708e-09,0.0006236934186745202,0.013796651313896291,0.025480955286184326,0.0006240988841454964,0.013763699083938263,0.017253549667657353,0.0006250813639780972,0.013741952454438433,0.01446908331126906,0.0006297010204434628,0.013732713734498248,0.01620423319400288,0.009270117618143559,513.0
3048,joint,0.09457041369751096,1.3808544874191284,4.993607525586381e-07,1.9974430102345524e-07,9.987215051172762e-09,0.0005581611731031444,0.009409845457412302,0.014322331160656177,0.0005587472187471576,0.009377169495564885,0.013851881871232763,0.0005597052731900476,0.009358585608424619,0.01352098272764124,0.0005640022591251181,0.009353073284728453,0.013135927176335827,0.009989543817937374,519.0
3049,joint,0.13205476512666792,1.6288065910339355,4.99333853085037e-07,1.997335412340148e-07,9.98667706170074e-09,0.0006399355461326195,0.014178800789522938,0.01796347674098797,0.0006403351599146845,0.014142126936349086,0.01800613982777577,0.0006410359037545277,0.014119323444901966,0.017604495427804068,0.0006450058535847347,0.014108310570009053,0.01936578300956171,0.00991777703166008,638.0
3050,joint,0.15932237124070525,1.6603007316589355,4.993064000899538e-07,1.9972256003598152e-07,9.986128001799077e-09,0.0006510107741632964,0.01589828377473168,0.02346778885112144,0.0006509333816211438,0.01587026278139092,0.02118052646983415,0.0006510861167043913,0.015851993885007687,0.026557530043646693,0.0006540690301335417,0.015845243615331128,0.02204364220960997,0.016571899875998497,1001.0
3051,joint,0.08729739324189723,1.410908579826355,4.992783936411259e-07,1.997113574564504e-07,9.98556787282252e-09,0.0005240814243734349,0.008982415674836375,0.012959010651684366,0.0005273967326502316,0.008944318666181061,0.012917901913169771,0.0005302074496285059,0.00891646870149998,0.011940519165364094,0.0005363203727029031,0.008903725793061312,0.011615027164225467,0.010334762744605541,638.0
3052,joint,0.1550862902076915,1.055063009262085,4.992498338076567e-07,1.9969993352306266e-07,9.984996676153134e-09,0.0006198117152962368,0.014057276595849544,0.027829631479107775,0.0006186735336086713,0.014022597228176892,0.026643550139851868,0.0006186565060488647,0.01400017955165822,0.026441458554472774,0.0006220781524461927,0.013989714556373656,0.015622663762769662,0.010020842775702477,515.0
3053,joint,0.20865848613902926,1.8058735132217407,4.992207206600145e-07,1.9968828826400582e-07,9.98441441320029e-09,0.0006730397253704723,0.02523348526301561,0.03127345455868635,0.0006722939033352304,0.025198745519446675,0.02760400573606603,0.000672084401230677,0.02517569239716977,0.022922933072550222,0.0006749514413968427,0.02516695355734555,0.02339084871346131,0.011087841354310513,788.0
3054,joint,0.10649593453854322,2.0635640621185303,4.991910542700332e-07,1.9967642170801328e-07,9.983821085400665e-09,0.0006235977652977454,0.011606985826801974,0.014911049554939382,0.0006233234507817542,0.011575723161513451,0.014264153680414893,0.0006238514088181546,0.011555734949070029,0.014957954015699215,0.0006276746662479127,0.011547532034455799,0.013578354963101447,0.008556099608540535,519.0
3055,joint,0.15333356638439,1.8550090789794922,4.991608347109117e-07,1.996643338843647e-07,9.983216694218236e-09,0.0006623336812481284,0.01603695885569323,0.023300311746424995,0.0006630248699366348,0.016010456340154633,0.02391031972365454,0.0006635660956817446,0.015994563829735853,0.01898414448078256,0.0006679949765384663,0.01599217594775837,0.02044772051158361,0.01272832415997982,1002.0
3056,joint,0.13968935166485608,1.0508548021316528,4.991300620572138e-07,1.9965202482288552e-07,9.982601241144277e-09,0.0005768811170128174,0.013302233346621506,0.021698199707316235,0.0005795603537990246,0.01326399871322792,0.0166987914708443,0.0005816405282530468,0.013239812338724732,0.024340656222193502,0.0005870298809895758,0.013229171046987176,0.021591376615106128,0.012958765029907227,594.0
3057,joint,0.16687730234116316,1.7127126455307007,4.990987363848677e-07,1.996394945539471e-07,9.981974727697357e-09,0.0006894193538755644,0.017249559721676633,0.025035938306245953,0.0006876771585666575,0.017218057735590264,0.024303867539856583,0.0006868330492579844,0.01719305879669264,0.020279924327041954,0.0006896754002809757,0.017188700468977913,0.025654589757323265,0.02171982452273369,1004.0
3058,joint,0.13852271693758667,2.502817392349243,4.990668577711667e-07,1.996267431084667e-07,9.981337155423336e-09,0.0006168534600874409,0.015861635649343953,0.018143737397622317,0.0006169829812279204,0.015828115458134562,0.017304222157690674,0.0006175645448820433,0.015805399205419235,0.0184099220787175,0.0006215375869942363,0.01579705806216225,0.018899690796388313,0.014768066816031933,637.0
3059,joint,0.12218716088682413,1.099710464477539,4.99034426294768e-07,1.9961377051790722e-07,9.980688525895362e-09,0.000611881634540623,0.011895173222001176,0.01596943289041519,0.0006147762705950299,0.01185862371494295,0.01995454670395702,0.0006164747574075591,0.011834638375148643,0.019985124934464693,0.0006218459529918619,0.011825277004390955,0.01639936538413167,0.012957477942109108,1008.0
3060,joint,0.10661505430471152,1.4091670513153076,4.99001442035693e-07,1.996005768142772e-07,9.980028840713861e-09,0.0005774018845841056,0.01148558346903883,0.014916823754901998,0.0005791855364805087,0.011446781558333896,0.014736816709046252,0.0005809490630781511,0.011420242881285958,0.014475031231995672,0.000585957935982151,0.011408593927626498,0.014401685039047152,0.01559214573353529,637.0
3061,joint,0.10657377587631345,2.0090699195861816,4.989679050753271e-07,1.9958716203013085e-07,9.979358101506542e-09,0.0005990515528537799,0.011156801687320694,0.01461571000982076,0.0005985147909086663,0.011124044467578642,0.014960881497245282,0.0005988166285533225,0.011103682147222571,0.015821591499843635,0.0006027891686244402,0.011096080372226425,0.014295812405180186,0.01057045441120863,515.0
3062,joint,0.08526742795947939,1.0615637302398682,4.989338154964194e-07,1.9957352619856775e-07,9.978676309928388e-09,0.0005425583294709213,0.0094061475538183,0.01236392189457547,0.000546172093891073,0.00936957338853972,0.01103450714435894,0.0005490187922987388,0.009347359227831475,0.011220585947739892,0.0005554955059778877,0.009341412711364683,0.01099067616451066,0.015071164816617966,952.0
3063,joint,0.14927748427726328,1.5261645317077637,4.988991733830826e-07,1.9955966935323303e-07,9.977983467661652e-09,0.0006884617323521525,0.014475303672952577,0.02261139446636662,0.0006868613763799658,0.01443583145737648,0.022173600795213133,0.0006862615646241466,0.014408061077119783,0.02315779111813754,0.0006891151824675035,0.014392549055628479,0.02087225334253162,0.012045620009303093,784.0
3064,joint,0.13123907858971506,1.8279837369918823,4.988639788207926e-07,1.9954559152831703e-07,9.977279576415852e-09,0.0006437570318666985,0.013880590035114437,0.017984141522902064,0.0006456396586145274,0.013855219702236354,0.01896903367014602,0.0006477822935266886,0.013842225409462117,0.017169033657410182,0.0006523169995489297,0.013840612693456933,0.019108724285615608,0.012283917516469955,568.0
3065,joint,0.14569570764433593,1.6240558624267578,4.988282318963884e-07,1.9953129275855537e-07,9.97656463792777e-09,0.0006762307766621234,0.01555531908525154,0.016407015995355323,0.0006770612581021851,0.01552204655308742,0.024719622058910318,0.0006778852748539066,0.01550057201529853,0.016186305118026212,0.0006822658579039853,0.015489103549043648,0.023602282657520846,0.010456699877977371,568.0
3066,joint,0.08342077385168523,1.5953683853149414,4.987919326980722e-07,1.995167730792289e-07,9.975838653961446e-09,0.0005222188847255893,0.007860855876060668,0.01251589813909959,0.0005259167264739517,0.007822876701538917,0.013089554413454607,0.0005289523160172394,0.007798674538207706,0.011805658316006884,0.0005354025506676408,0.007791766372974962,0.012622998081496917,0.01143211405724287,518.0
3067,joint,0.1059882789850235,3.2456471920013428,4.987550813154086e-07,1.9950203252616344e-07,9.975101626308173e-09,0.0005525171836779919,0.012210015760501847,0.013874427779228427,0.0005546143365791067,0.012166114924184512,0.013233345656772144,0.0005563452559727011,0.012136006640503183,0.01345107342058327,0.000561532626306871,0.01211814127600519,0.014574141838238575,0.009783947840332985,570.0
3068,joint,0.1229859396116808,2.1172261238098145,4.987176778393247e-07,1.994870711357299e-07,9.974353556786496e-09,0.000636706661680364,0.014555109621142037,0.015984814177500084,0.0006381553703249665,0.014522800236591138,0.015068361419253051,0.0006398413461283781,0.014504336097161286,0.0152569809142733,0.0006448355106840609,0.014498829739750363,0.016035169377573766,0.013715001754462719,636.0
3069,joint,0.175382521469146,1.7286032438278198,4.986797223621099e-07,1.9947188894484394e-07,9.973594447242197e-09,0.0007293155686056707,0.018628120858920738,0.031312861072365195,0.000728410726878792,0.018597395523102023,0.02476548140111845,0.0007282031074282713,0.01857928471872583,0.02379843930248171,0.0007314202157431282,0.018569896681583486,0.018213691175333224,0.009864731691777706,517.0
3070,joint,0.17026695213280618,1.4506348371505737,4.986412149774154e-07,1.9945648599096618e-07,9.97282429954831e-09,0.0007077819900587201,0.01713804673636332,0.01961310362094082,0.0007079157567204675,0.017100730095990002,0.03102471717284061,0.0007086262667144183,0.01707424876803998,0.019934820826165378,0.0007127152093744371,0.017062810293282382,0.028481437650043517,0.00992022268474102,790.0
3071,joint,0.16752291982993484,2.000880241394043,4.986021557802545e-07,1.994408623121018e-07,9.97204311560509e-09,0.0006427397674997337,0.019074355834163725,0.021342697393265553,0.0006437011234083911,0.019039427235838957,0.02143723268818576,0.0006444799637392862,0.01901618183183018,0.02679516044736374,0.0006485494322987506,0.019008014438441023,0.019230384088587016,0.0183322224766016,1010.0
3072,joint,0.14551018469501287,1.8104931116104126,4.985625448670019e-07,1.9942501794680076e-07,9.971250897340038e-09,0.0006179334122862201,0.01430464729492087,0.020602316348231398,0.0006184391895658337,0.014262809854699299,0.020355419896077365,0.00061924833971716,0.014231697699869983,0.0226668827526737,0.0006232469368114835,0.014214591908967122,0.022392948099877685,0.017391681671142578,957.0
3073,joint,0.20039490947965533,1.3373627662658691,4.985223823353934e-07,1.9940895293415737e-07,9.97044764670787e-09,0.0005894064433960011,0.01928686912287958,0.038535740473889746,0.0005919334489590256,0.019247069663833827,0.026951848034514114,0.000594942555835587,0.019224148520152085,0.020185797548037954,0.0006011691511957906,0.019217273060348816,0.03536870941752568,0.010598492808640003,785.0
3074,joint,0.2526018308708444,2.414759397506714,4.984816682845263e-07,1.9939266731381051e-07,9.969633365690527e-09,0.0007360430445260135,0.024233702904894017,0.037626751567586325,0.0007357694339589216,0.024201035615988076,0.03832636016886681,0.0007353296077781124,0.02418355278496165,0.03828053090546746,0.0007387186233245302,0.024176275634090416,0.038627753136097454,0.018115179613232613,1010.0
3075,joint,0.12767183512914926,1.8019490242004395,4.984404028148585e-07,1.9937616112594337e-07,9.96880805629717e-09,0.0006275939958868548,0.012361577435513027,0.01910654694074765,0.0006274992156249937,0.012326676136581227,0.019953033348429017,0.0006279769077082165,0.012306113065278623,0.018999238731339574,0.0006315833707049023,0.012297462140850257,0.01780653392779641,0.016001027077436447,955.0
3076,joint,0.1595021055545658,3.5111303329467773,4.98398586028208e-07,1.9935943441128322e-07,9.967971720564161e-09,0.0006218480339157395,0.018557314106146805,0.020360090406029485,0.0006211879208422033,0.01852339670585934,0.018592794454889372,0.000621647794105229,0.01850206656672526,0.02154606452677399,0.0006254939453356201,0.018494903604732826,0.022435298931668513,0.011976592242717743,789.0
3077,joint,0.0982130627380684,1.513118028640747,4.983562180277541e-07,1.9934248721110163e-07,9.967124360555083e-09,0.0005287396852509119,0.010523048957111314,0.013603185841930099,0.000530697741851327,0.010474297348991968,0.014805150538450107,0.0005332689452188788,0.010439259378472343,0.011798918159911409,0.0005393988558353158,0.010422234088764526,0.014014861677424051,0.012172260321676731,475.0
3078,joint,0.14873330865520984,1.598710060119629,4.983132989180354e-07,1.9932531956721414e-07,9.966265978360707e-09,0.0006094351738283876,0.017640174090047367,0.024750643089646474,0.000611787643720163,0.017596472884179093,0.016784788749646395,0.0006140961759228958,0.0175679710591794,0.017203093884745613,0.0006198445098561933,0.01755624726501992,0.017178755239001475,0.01380076538771391,1007.0
3079,joint,0.07770890381652862,1.1722309589385986,4.982698288049504e-07,1.9930793152198015e-07,9.96539657609901e-09,0.0005199397546675755,0.007697870314586908,0.010606970521621406,0.0005252720911812503,0.007658948714379221,0.011342075929860584,0.0005300600150803803,0.007635228459548671,0.012528114340966567,0.0005380333204811905,0.007628263607330155,0.010498126619495451,0.016087979078292847,638.0
3080,joint,0.1403861049329862,1.02525794506073,4.982258077957576e-07,1.9929032311830301e-07,9.964516155915151e-09,0.000559626578251482,0.014583267708076164,0.019351468043169007,0.0005626341007882729,0.014545692232786678,0.019637009361758828,0.0005655666645907331,0.014519516029395163,0.02008056390332058,0.0005719042965210974,0.014510198030620813,0.02089866079040803,0.010437095537781715,787.0
3081,joint,0.20559469610452652,1.7059742212295532,4.98181235999074e-07,1.9927249439962962e-07,9.963624719981483e-09,0.0006933912391104968,0.022405238123610616,0.036678488075267524,0.0006915016274433583,0.022367416313500144,0.019888664362952113,0.000691088904204662,0.02234647773730103,0.02887853144784458,0.000693347814376466,0.02233751252060756,0.027923038112930954,0.010342292487621307,517.0
3082,joint,0.09868948825169355,1.5982221364974976,4.981361135248766e-07,1.9925444540995068e-07,9.962722270497534e-09,0.0005901552794966847,0.010606300027575344,0.013737521308939904,0.0005921508673054632,0.01057083928026259,0.013983431956148706,0.0005942651750956429,0.010550031933235005,0.013440536873531528,0.0006002398185955826,0.010544003918766975,0.012880011388915591,0.011514432728290558,638.0
3083,joint,0.13278367347083986,1.848210096359253,4.980904404845003e-07,1.9923617619380013e-07,9.961808809690008e-09,0.0006134186369308736,0.01264444153639488,0.01971208065515384,0.000615013397691655,0.01260833302512765,0.018435669277096167,0.0006163879843370523,0.012583222516695969,0.021752912231022492,0.0006210815699887462,0.012574576263432391,0.020006538514280692,0.011430097743868828,787.0
3084,joint,0.12174933322239667,1.5117321014404297,4.980442169906389e-07,1.992176867962556e-07,9.96088433981278e-09,0.0006053595261619193,0.011619849188718945,0.018538334508775733,0.0006055270659999223,0.011580551290535368,0.018776537486701272,0.000606788231380051,0.011554853757843375,0.017813739541452378,0.0006109247169661103,0.011547651025466621,0.017889217488118447,0.015713011845946312,643.0
3085,joint,0.14845868363045156,1.2954260110855103,4.979974431573443e-07,1.9919897726293772e-07,9.959948863146887e-09,0.0006230095386854373,0.0158781034842832,0.01872654315957334,0.0006229550817806739,0.01583650334214326,0.01835016769473441,0.0006234109951037681,0.015807192175998352,0.022332988417474553,0.0006274042789300438,0.01579277681594249,0.023237629226059653,0.01677153818309307,1005.0
3086,joint,0.1369966969359666,2.196793794631958,4.979501191000262e-07,1.9918004764001047e-07,9.959002382000524e-09,0.0005615796544589102,0.015489849320147187,0.016933365375734866,0.0005646071513183415,0.01545210657059215,0.020682417307398282,0.0005673531468346482,0.015427006175741553,0.018327246216358617,0.0005733660927944584,0.015416428563185036,0.017001370099023916,0.010445939376950264,792.0
3087,joint,0.17733602388761938,2.8187763690948486,4.97902244935452e-07,1.991608979741808e-07,9.95804489870904e-09,0.0005768247319792863,0.023130445522838272,0.0203764403850073,0.0005786563015135471,0.023093804382369854,0.02868026877695229,0.0005811585542687681,0.023068568771122955,0.021188760845689103,0.000586599098824081,0.02305995013739448,0.01241454495175276,0.009204806759953499,519.0
3088,joint,0.14672679034993052,1.9325560331344604,4.978538207817465e-07,1.991415283126986e-07,9.95707641563493e-09,0.0006946878820599522,0.01599391401396133,0.0205236473120749,0.0006924350127519574,0.015951482055243105,0.020282531739212573,0.0006914390323800035,0.015921225683996454,0.02038432622794062,0.0006936827376193833,0.01590492218383588,0.01899249610141851,0.014807777479290962,640.0
3089,joint,0.12732406298164278,1.2454155683517456,4.978048467583915e-07,1.9912193870335659e-07,9.95609693516783e-09,0.0006615010206587613,0.012969859002623707,0.021213308355072513,0.0006616714963456616,0.012942040411871858,0.020398979700985365,0.0006624046654906124,0.0129242975381203,0.015959258744260296,0.0006665076598437736,0.012921171088237315,0.015343059902079403,0.017856193706393242,1005.0
3090,joint,0.1460195246618241,1.8485227823257446,4.977553229862254e-07,1.9910212919449017e-07,9.95510645972451e-09,0.0005555864590860438,0.016014857676054817,0.018324810123885982,0.0005590268428932177,0.01597315810067812,0.027848449011798948,0.0005620332940452499,0.015947807740303688,0.013174948981031775,0.0005683806393790292,0.015938596065097954,0.020551869412884116,0.013844259083271027,1006.0
3091,joint,0.12348622176796198,1.4363268613815308,4.977052495874434e-07,1.9908209983497734e-07,9.954104991748868e-09,0.0006221772491699085,0.014133542601484805,0.016094515740405768,0.0006206876787473448,0.014093969977693632,0.014993225922808051,0.0006205305035109632,0.014067650103243068,0.01702800887869671,0.0006233395215531345,0.014056612912099808,0.016531960194697604,0.014425304718315601,952.0
3092,joint,0.1580847668228671,1.30868399143219,4.976546266855965e-07,1.9906185067423857e-07,9.953092533711929e-09,0.000681039140545181,0.014439420323469676,0.025866128416964784,0.0006801976087444928,0.014404311994439922,0.02316729682206642,0.000680408800690202,0.01438175687508192,0.02473997430934105,0.0006834545802121283,0.014373226731549948,0.023987554071936756,0.017760485410690308,795.0
3093,joint,0.1313020745292306,3.856252908706665,4.976034544055916e-07,1.9904138176223663e-07,9.952069088111832e-09,0.0006221979310794268,0.01644793539890088,0.015057864555274136,0.0006234979027794907,0.016418032377259806,0.015424580225953832,0.0006249153939279495,0.01639849787170533,0.015877572586759925,0.0006293065707723144,0.01638979544804897,0.016787881118943915,0.010219467803835869,520.0
3094,joint,0.13293927314225584,1.5728771686553955,4.975517328736913e-07,1.9902069314947653e-07,9.951034657473828e-09,0.0006321733562799636,0.014896299682732206,0.01856208374374546,0.0006332368011499057,0.01485324739041971,0.018511965434299782,0.0006344551838992629,0.014820685486483853,0.01652924477821216,0.0006390353737515397,0.014801880963204894,0.017424968216801062,0.01029929518699646,570.0
3095,joint,0.21224350482225418,1.7338087558746338,4.974994622175136e-07,1.9899978488700542e-07,9.949989244350271e-09,0.0007148993136070203,0.027256127912551165,0.022909774095751345,0.0007132809078029823,0.02722836466273293,0.025120870035607368,0.0007129040277504828,0.027211930020712316,0.027892887126654387,0.0007156033134378958,0.02720608582603745,0.024560773046687245,0.017293673008680344,1008.0
3096,joint,0.12681836681440473,1.3204442262649536,4.974466425660306e-07,1.9897865702641226e-07,9.948932851320613e-09,0.0006064006902306573,0.011838706515845843,0.019955470226705074,0.0006064424142095959,0.011801435219240375,0.019084858635324053,0.0006072383894206723,0.011779269188991748,0.01947034009208437,0.0006112166938692098,0.011771776029490866,0.01868521235883236,0.009927419014275074,514.0
3097,joint,0.12182283925358206,1.761222243309021,4.9739327404957e-07,1.9895730961982801e-07,9.947865480991402e-09,0.0006082604450057261,0.012273987304070033,0.016092725840280764,0.0006085650857130531,0.012240252079209313,0.018919870897661895,0.0006094446780480212,0.012219706797623076,0.018563137506134808,0.0006133832666819217,0.012214925911393948,0.016858581569977105,0.009278791025280952,787.0
3098,joint,0.16285383980721235,1.6584935188293457,4.973393567998131e-07,1.9893574271992527e-07,9.946787135996263e-09,0.0006893930494697997,0.019210573052987456,0.02090858542942442,0.0006861048877908615,0.01917434156348463,0.02106199529953301,0.0006845155767223332,0.019151429922203533,0.021311599091859534,0.0006863965245429426,0.01913965999847278,0.020149243820924312,0.016350507736206055,950.0
3099,joint,0.17412467068061233,1.282801628112793,4.972848909497954e-07,1.9891395637991816e-07,9.94569781899591e-09,0.0007020556331553962,0.021076869452372193,0.02022031685919501,0.0006997950367804151,0.021042206411948428,0.023965934291481972,0.0006992205890128389,0.021020425367169082,0.022503707092255354,0.0007019197528279619,0.02101095934631303,0.0204812616284471,0.018011057749390602,1008.0
3100,joint,0.14517802745103836,2.782540798187256,4.972298766339059e-07,1.988919506535624e-07,9.94459753267812e-09,0.0006976189852139214,0.014329991172417067,0.024038351097260602,0.0006980687867326196,0.01429372293932829,0.018809044966474175,0.000699205633281963,0.014269506296841428,0.023394834250211716,0.0007038311541691655,0.01426107223960571,0.018982776105985977,0.014051688835024834,1009.0
3101,joint,0.13642486394383013,1.1277031898498535,4.971743139878871e-07,1.9886972559515485e-07,9.943486279757744e-09,0.0006247405981412157,0.013937083363998681,0.016199912235606462,0.0006253237716009608,0.013897011973313056,0.02405878546414897,0.0006265607917157467,0.013868730908143334,0.016740861494326964,0.0006307149269559886,0.013855233235517517,0.021359906619181857,0.009219177067279816,570.0
3102,joint,0.1834317077882588,1.9484858512878418,4.971182031488343e-07,1.9884728125953372e-07,9.942364062976687e-09,0.0006808609941799659,0.023203845295938663,0.020177078258711845,0.0006812414449086646,0.023170327069237828,0.021030219009844586,0.0006820846974733286,0.023148041145759635,0.026985265780240297,0.0006864179449621588,0.023140829827752896,0.01984549142071046,0.010856897570192814,521.0
3103,joint,0.13910770241636783,1.7516223192214966,4.970615442551953e-07,1.988246177020781e-07,9.941230885103905e-09,0.0006430368794099195,0.01663434500369476,0.023074462515069172,0.0006442442008847138,0.0165890777570894,0.01631242140138056,0.0006458524712797953,0.016556257876800373,0.015133274006075226,0.0006507305188279133,0.016538187766855117,0.015685810998547822,0.014503639191389084,636.0
3104,joint,0.11010170122608542,2.7452962398529053,4.970043374467703e-07,1.988017349787081e-07,9.940086748935406e-09,0.0005866687679372262,0.011293554940493777,0.014998534694314003,0.0005870978784514591,0.01125501372735016,0.016920841677347198,0.0005879179570911219,0.011225792142795399,0.01589339689235203,0.0005928441878495505,0.011214568454306573,0.01494547090260312,0.012836771085858345,520.0
3105,joint,0.14821246732026339,1.2983219623565674,4.969465828647114e-07,1.987786331458846e-07,9.93893165729423e-09,0.0006559914982062764,0.01832508185179904,0.0190771458146628,0.0006527422629005741,0.01828546670731157,0.018047729274258018,0.0006514018587040482,0.0182563834823668,0.018170913273934275,0.0006533547566505149,0.01824151517939754,0.017194741347339004,0.01479884423315525,636.0
3106,joint,0.13409682328347117,1.6254220008850098,4.968882806515225e-07,1.98755312260609e-07,9.937765613030451e-09,0.0006267779499466997,0.012917253377963789,0.021130164561327547,0.00062779138534097,0.012870512015069835,0.02112063426466193,0.0006292221241892548,0.012837224785471335,0.01873588348098565,0.0006336203405226115,0.012821072115912102,0.01914666561060585,0.009609111584722996,796.0
3107,joint,0.15821884025353938,1.0842539072036743,4.968294309510582e-07,1.9873177238042328e-07,9.936588619021165e-09,0.0006619570795010077,0.015768520897836424,0.016476675169542432,0.0006645874491368886,0.01573641930008307,0.028981771218241192,0.0006672396630165167,0.015719854054623283,0.017974468180909753,0.0006730784425599268,0.015716348818386905,0.029177923395764083,0.010512471199035645,514.0
3108,joint,0.1510110185481608,1.4552909135818481,4.967700339085246e-07,1.9870801356340982e-07,9.935400678170492e-09,0.0006707247030135477,0.0148098358331481,0.022732940822606906,0.0006686487868137192,0.014776581025216728,0.022643423086265102,0.0006675809490843676,0.01475557463709265,0.022693386679748073,0.000669869988996652,0.014747255117981695,0.02117519597231876,0.016244463622570038,948.0
3109,joint,0.1629258340690285,2.367577075958252,4.967100896704776e-07,1.9868403586819106e-07,9.934201793409554e-09,0.0006484552686742973,0.017797014908865094,0.01565373211633414,0.0006491505791927921,0.017764063290087506,0.02152976658544503,0.0006506989484478254,0.0177428824827075,0.030024961510207504,0.0006558965706062736,0.017736882000463083,0.022072332503739744,0.009497278369963169,520.0
3110,joint,0.16026624210644513,2.45389723777771,4.966495983848241e-07,1.9865983935392965e-07,9.932991967696482e-09,0.0006754166388418525,0.01637356713763438,0.019872880831826478,0.0006761726526747225,0.016334386644302867,0.01737792773928959,0.0006777823109587189,0.016308197897160426,0.02727083356876392,0.0006824972915637773,0.016296988091198727,0.027719589736079797,0.014526627957820892,952.0
3111,joint,0.15831387683283538,1.6281781196594238,4.9658856020082e-07,1.98635424080328e-07,9.931771204016401e-09,0.0006353037351800594,0.014722366584464908,0.02709603839321062,0.0006363202483044006,0.014673546596895903,0.02803099830634892,0.0006380554295901675,0.01463811082066968,0.01635470443579834,0.0006429644981835736,0.01462057005846873,0.025624891568440944,0.009462672285735607,519.0
3112,joint,0.13016858173068613,2.5998804569244385,4.965269752690712e-07,1.986107901076285e-07,9.930539505381425e-09,0.0006478703762695659,0.013915774186898489,0.017133954766904935,0.0006512198742711917,0.013878368452424183,0.01723733615654055,0.0006543938761751633,0.013856015291821677,0.01831377668713685,0.0006608883795706788,0.013850588497007266,0.01936839596601203,0.014289348386228085,950.0
3113,joint,0.11241895076818764,1.1845639944076538,4.964648437415322e-07,1.985859374966129e-07,9.929296874830644e-09,0.0005893937595828902,0.010941394022665918,0.01636721400427632,0.0005912645374337444,0.010901842251769267,0.016209398105274886,0.0005941138151683845,0.010874485786189325,0.016990997857647017,0.0005994813218421768,0.01086400901840534,0.016895356195163913,0.014173204079270363,635.0
3114,joint,0.16766088246367872,2.254831314086914,4.964021657715065e-07,1.9856086630860255e-07,9.928043315430128e-09,0.0006968207799218362,0.018214168681879528,0.02428027674613986,0.0006978066503506852,0.0181845634651836,0.022843080587335862,0.0006992066391831031,0.018168419061112218,0.022438173022237606,0.0007038956155156484,0.01816909648186993,0.022565371429664083,0.010703016072511673,786.0
3115,joint,0.16219195467419922,2.5756068229675293,4.963389415136456e-07,1.9853557660545822e-07,9.926778830272912e-09,0.0006916793408890953,0.01568903167208191,0.024854210118064657,0.0006900653879711172,0.015650439861929044,0.0241312510042917,0.000689842850988498,0.01562564699270297,0.022985712945228443,0.0006930607723916182,0.015616309086908586,0.024874703376553953,0.01673044078052044,791.0
3116,joint,0.1329642499331385,1.5178827047348022,4.962751711239491e-07,1.9851006844957968e-07,9.925503422478983e-09,0.0005656780631397851,0.01564941149263177,0.016301872092299163,0.0005662610328727169,0.01560534861346241,0.018201668848632835,0.0005677843837474938,0.015574996767099947,0.01543177361600101,0.000572508590266807,0.015562350352411158,0.018364598974585533,0.012417076155543327,476.0
3117,joint,0.19525256822817028,1.4520803689956665,4.962108547597643e-07,1.9848434190390572e-07,9.924217095195286e-09,0.0006774469438823871,0.01839428818493616,0.03249786564265378,0.0006788445971324109,0.018350501166423783,0.033324297750368714,0.0006808666021242971,0.018324730815947987,0.027894664701307192,0.0006862509762868285,0.018316915695322677,0.02542589452059474,0.015141227282583714,1008.0
3118,joint,0.16926708072423935,1.1023080348968506,4.961459925797852e-07,1.984583970319141e-07,9.922919851595707e-09,0.0006685120770271169,0.01801837181847077,0.021797400768264197,0.0006684555028186878,0.017980260046897456,0.021414727700175717,0.0006694999501632992,0.017955932795302942,0.030082334589678794,0.000673729418849689,0.01794661102758255,0.02139124354289379,0.017649656161665916,789.0
3119,joint,0.16394751926418394,1.211569905281067,4.960805847440531e-07,1.9843223389762123e-07,9.921611694881062e-09,0.0006549049030581955,0.017045612476067618,0.01727156445849687,0.0006558185887115542,0.01700892714143265,0.023355441328021698,0.0006577787862624973,0.016985685782856308,0.026589065135340206,0.0006631434698647354,0.01697856080136262,0.026081017742399126,0.011920290999114513,789.0
3120,joint,0.1775883543305099,1.2776979207992554,4.96014631413955e-07,1.9840585256558198e-07,9.9202926282791e-09,0.000635201304248767,0.016560255171498284,0.027902400121092796,0.0006349220311676618,0.01651145040523261,0.026622511388268322,0.0006359150884236442,0.01647917233640328,0.02741493791108951,0.0006402557119145058,0.01646188966697082,0.027089437207905576,0.009202856570482254,596.0
3121,joint,0.101229113410227,2.0970494747161865,4.959481327522242e-07,1.983792531008897e-07,9.918962655044486e-09,0.0005739689822803484,0.009794221783522516,0.014612634491641074,0.0005775964691565605,0.009749278324306943,0.015219592562061734,0.0005810095753986388,0.009721194524900056,0.015446836841874756,0.0005876393443031702,0.00971189106348902,0.014653250284027308,0.02158161625266075,951.0
3122,joint,0.13977643148973584,1.999687671661377,4.958810889229397e-07,1.983524355691759e-07,9.917621778458796e-09,0.0006634765177295776,0.014568751852493733,0.019964616338256747,0.0006624415073019918,0.014531752502080053,0.02186963550047949,0.0006628761620959267,0.0145091783197131,0.01898224142496474,0.0006667384350294014,0.014503255748422816,0.018191465584095567,0.012067781761288643,519.0
3123,joint,0.18391744187101722,1.6584094762802124,4.958135000915254e-07,1.9832540003661019e-07,9.91627000183051e-09,0.0006425488609238528,0.01842929972917773,0.02722529214224778,0.0006433814887714107,0.01838671538280323,0.026862395578064024,0.0006446369297918864,0.018362091534072533,0.027518847375176847,0.0006496016612800304,0.018354786763666198,0.026197843224508688,0.01574152708053589,947.0
3124,joint,0.12463732447940856,3.7786388397216797,4.957453664247501e-07,1.9829814656990004e-07,9.914907328495002e-09,0.0005654887227137806,0.01657075331604574,0.013820974534610286,0.0005656585126416758,0.016527217652765103,0.01389890504651703,0.0005667506593454164,0.016496644690050744,0.014606314492993988,0.0005712910751753952,0.01648406989988871,0.013963257966679521,0.027862630784511566,950.0
3125,joint,0.14623596181627363,2.135995388031006,4.956766880907269e-07,1.9827067523629072e-07,9.913533761814538e-09,0.0006268599863687996,0.015484108051168732,0.017666407584329136,0.0006280980906012701,0.015442077812622301,0.01806825475068763,0.0006299787000898505,0.01541597222967539,0.017777823144569993,0.0006353312637656927,0.015406637423438951,0.028454410392441787,0.011963536031544209,642.0
3126,joint,0.11286715231835842,1.6284517049789429,4.956074652589125e-07,1.9824298610356498e-07,9.91214930517825e-09,0.0006137842738098698,0.012323992799792904,0.014916975371306762,0.0006151163033791818,0.012277546687982976,0.016104071895824745,0.000616811770669301,0.012248642378835939,0.014290569481090643,0.0006216756937647006,0.01223516502068378,0.016002800766727887,0.01764020137488842,945.0
3127,joint,0.19006421463564038,0.8754211068153381,4.955376981001076e-07,1.9821507924004302e-07,9.910753962002151e-09,0.0006026200990163488,0.01793056188034825,0.03154443601670209,0.0006038922529114643,0.01788352862058673,0.031163943407591432,0.000606112433160888,0.017852373013738543,0.02231970393040683,0.0006116422173363389,0.017837335530202836,0.031108063223655336,0.012153060175478458,640.0
3128,joint,0.1369574967538938,1.0658178329467773,4.954673867864555e-07,1.981869547145822e-07,9.90934773572911e-09,0.0006422183814720483,0.013650485496327747,0.018916231812909245,0.0006448534350056434,0.013602279803308193,0.01967220909136813,0.0006478327031800291,0.01357089210068807,0.021165106576518156,0.0006534799413202563,0.013555871955759358,0.020236032680259086,0.012746294029057026,501.0
3129,joint,0.14818316511809826,1.2812707424163818,4.953965314914427e-07,1.9815861259657707e-07,9.907930629828854e-09,0.0006694717958453111,0.015798401494976133,0.02364130347268656,0.0006676465454802383,0.01575548673281446,0.01660290121799335,0.0006672682138741948,0.015724968980066478,0.016697433253284544,0.0006701391866954509,0.01571020219125785,0.02557794179301709,0.010324448347091675,518.0
3130,joint,0.14009212306700647,1.3974227905273438,4.953251323898973e-07,1.9813005295595891e-07,9.906502647797946e-09,0.0006166932234918931,0.017877393067465164,0.015510908648138866,0.0006177680916152894,0.01783650445577223,0.016712439246475697,0.0006203296234161826,0.017811311859986745,0.016188999041332863,0.0006259535039134789,0.0178028374502901,0.017870986674097367,0.01397268008440733,639.0
3131,joint,0.10717345052398741,1.2610316276550293,4.952531896579897e-07,1.9810127586319584e-07,9.905063793159793e-09,0.0005741934091929579,0.010160935838939622,0.016862386299180798,0.0005790154427813832,0.010110865616297815,0.0165276791958604,0.0005832330680277664,0.010078907922434155,0.01609433678095229,0.0005906967198825441,0.010068082192447037,0.014943116824724711,0.011769120581448078,465.0
3132,joint,0.17696827335748821,1.9622790813446045,4.951807034732312e-07,1.980722813892925e-07,9.903614069464624e-09,0.0006682476996502373,0.01790653343050508,0.0283767025830457,0.0006688881876470987,0.017870582749310415,0.029541303287260234,0.0006700503854517592,0.01784841961489292,0.02260116302932147,0.0006750111169822048,0.0178416450653458,0.022299727104837075,0.014032894745469093,1009.0
3133,joint,0.12202409165911376,1.3459007740020752,4.951076740144744e-07,1.980430696057898e-07,9.90215348028949e-09,0.0005241003018454649,0.01474498794414103,0.016744946799008176,0.0005266936041152803,0.014695689416839741,0.01493034306622576,0.0005298238411342027,0.014663515699794516,0.01552523419377394,0.0005356523870432284,0.01465122975059785,0.0139518768992275,0.012341855093836784,572.0
3134,joint,0.1630695058265701,1.0780972242355347,4.950341014619124e-07,1.9801364058476495e-07,9.900682029238249e-09,0.0005815135737066157,0.015675503163947724,0.02853003666677978,0.0005857434625795577,0.015631608010153286,0.01707348713534884,0.0005895236390642822,0.015602791856508702,0.030544188732164912,0.0005964992287772475,0.015595552067679819,0.02206305298022926,0.012461947277188301,518.0
3135,joint,0.11330989492125809,4.013370990753174,4.949599859970779e-07,1.9798399439883117e-07,9.899199719941558e-09,0.000610204144322779,0.011009433917934075,0.01760558079695329,0.0006108178749855142,0.0109588538762182,0.01656135788653046,0.0006125233940110775,0.010922687535639852,0.016652480728225783,0.0006176386996230576,0.010906058421824127,0.016242257319390774,0.01061280257999897,520.0
3136,joint,0.14251720043830574,2.022090196609497,4.948853278028435e-07,1.979541311211374e-07,9.897706556056871e-09,0.0005972935214231256,0.014989954564953223,0.025868199300020933,0.0005977543241897365,0.014949670934583992,0.02501220686826855,0.0005986366741126403,0.014924512943252921,0.014312059705844149,0.0006031709108356154,0.014913975130184554,0.015149766288232058,0.011455913074314594,640.0
3137,joint,0.13054140331223607,1.8997803926467896,4.94810127063421e-07,1.9792405082536837e-07,9.89620254126842e-09,0.0006894749421917368,0.015008316324383486,0.017340446036541834,0.0006889538162795361,0.0149711144331377,0.015548426526947878,0.0006888613243063446,0.014946593946660869,0.017591047202586196,0.0006923887613083934,0.014937720356101636,0.017438060749555007,0.021326636895537376,951.0
3138,joint,0.17031558707822114,1.2332462072372437,4.947343839643606e-07,1.978937535857442e-07,9.89468767928721e-09,0.000647711112833349,0.015398698182252701,0.02743627951713279,0.0006504684643005021,0.015359137039922643,0.02669517281174194,0.0006532690567837562,0.015332697759731673,0.02951812274113763,0.0006591323563043261,0.015322558778279927,0.022642343377810903,0.011038670316338539,799.0
3139,joint,0.13378807355184108,1.3742270469665527,4.946580986925508e-07,1.978632394770203e-07,9.893161973851016e-09,0.0005900291180296335,0.015332867580582388,0.0179410712007666,0.0005909001101827016,0.015290942588762846,0.016809090026072226,0.0005923585649725283,0.015264600660884753,0.017018807906424627,0.0005972658655082341,0.015255475518642925,0.01850466354517266,0.018573755398392677,952.0
3140,joint,0.13084720924962312,0.9718485474586487,4.945812714362182e-07,1.9783250857448724e-07,9.891625428724363e-09,0.0006276439016801305,0.014338813183712773,0.01587988635583315,0.000629714801107184,0.0142916538316058,0.017844082409283146,0.0006323585985228419,0.014264293509768322,0.018449716415489092,0.0006386698059941409,0.01425308984471485,0.018997288920218125,0.010576863773167133,596.0
3141,joint,0.17705045535694808,1.339424967765808,4.945039023849261e-07,1.9780156095397044e-07,9.890078047698523e-09,0.0006384899206750561,0.015678812538681086,0.03177776165830437,0.0006404830437531928,0.015634198658517562,0.03160646381729748,0.0006424909242923604,0.015604296488163527,0.021510762337129563,0.0006475492264144123,0.01559172185807256,0.027077423219452612,0.013971194624900818,1009.0
3142,joint,0.13783633871935308,2.608992338180542,4.944259917295752e-07,1.9777039669183008e-07,9.888519834591505e-09,0.0006472178210970014,0.014594528707675636,0.018362309085205197,0.0006462524142989423,0.01455622624780517,0.017455931432778016,0.000646563219561358,0.014532978282659315,0.02277848604717292,0.0006501158568426035,0.014522902652970515,0.018442827044054866,0.016078973188996315,1010.0
3143,joint,0.10800556896720082,1.3182507753372192,4.943475396624023e-07,1.977390158649609e-07,9.886950793248046e-09,0.0005789362367067952,0.010531007370445877,0.01731619206839241,0.0005816610882902751,0.010482077173946891,0.015551995660644025,0.0005846117273904383,0.010449617402628064,0.015941122503136285,0.0005909407918807119,0.010437260956678074,0.014960145621444099,0.010130880400538445,515.0
3144,joint,0.15202927391510457,1.4814414978027344,4.942685463769799e-07,1.9770741855079193e-07,9.885370927539597e-09,0.0006504103184852283,0.0173558227106696,0.015876045188633725,0.0006506093832285842,0.017321819468634203,0.023792858308297582,0.0006517002657346893,0.01730112034420017,0.024234370328485966,0.0006563790229847655,0.017298857317655347,0.016239281409070827,0.009272558614611626,596.0
3145,joint,0.10612815851345658,1.0591078996658325,4.941890120682161e-07,1.9767560482728643e-07,9.883780241364323e-09,0.0005646742811222794,0.010339370928704739,0.016869148996192962,0.0005668454759870656,0.010292869643308222,0.015684710728237405,0.0005693189868907211,0.010257991249090992,0.01581511544645764,0.0005749982683482813,0.010238989460049197,0.014354124141391367,0.019811207428574562,786.0
3146,joint,0.12488180212676525,1.6184862852096558,4.941089369323539e-07,1.9764357477294158e-07,9.88217873864708e-09,0.0006500339441117831,0.013185072195483372,0.022376009583240375,0.0006496267815236934,0.0131379470549291,0.015736848581582308,0.0006509374488814501,0.013107785533065908,0.016058335022535175,0.0006553874354722211,0.01309476321330294,0.015579057537252083,0.010117844678461552,794.0
3147,joint,0.15668360772542655,1.5442734956741333,4.940283211669709e-07,1.9761132846678838e-07,9.88056642333942e-09,0.0007329829095397145,0.014917294378392398,0.022890606778673828,0.0007314831091207452,0.014878412446705624,0.022324040823150426,0.0007309682077902835,0.014855644869385287,0.025222251017112285,0.0007336532944464125,0.014844491553958505,0.023821775510441512,0.011202002875506878,501.0
3148,joint,0.1623752221930772,1.351733922958374,4.939471649709785e-07,1.975788659883914e-07,9.878943299419571e-09,0.0006750812699465314,0.014429529634071514,0.026343408157117665,0.0006740611097484361,0.014388740004505962,0.02786270168144256,0.0006739944201399339,0.014362813148181885,0.020918301510391757,0.0006771029875380918,0.014351346879266202,0.027018140914151445,0.011089262552559376,786.0
3149,joint,0.10833413642831147,1.78395676612854,4.938654685446213e-07,1.975461874178485e-07,9.877309370892425e-09,0.0006281671194301452,0.011659747338853776,0.01420354109723121,0.0006286314364842838,0.011619605342275463,0.01598796877078712,0.000629482925432967,0.01159156566427555,0.01530920309596695,0.0006345386700559175,0.011579765297938138,0.013861918676411733,0.011863517574965954,641.0
3150,joint,0.11392709461506456,1.040032148361206,4.937832320894772e-07,1.975132928357909e-07,9.875664641789544e-09,0.0006007528754707891,0.01156621910922695,0.015196038963040337,0.0006045012269169092,0.011517384002218023,0.015250941825797781,0.0006081256578909233,0.011482874673674814,0.01837534636433702,0.0006151643992780009,0.011469772885902785,0.01663997101422865,0.010433721356093884,799.0
3151,joint,0.1832750686444342,1.4099712371826172,4.937004558084565e-07,1.974801823233826e-07,9.874009116169132e-09,0.0006883815076434985,0.019767479185247794,0.03777185856597498,0.0006882850284455344,0.019730586151126772,0.020543895079754293,0.0006888284315209603,0.01970815271488391,0.021452968940138817,0.0006927196263859514,0.019700712175108492,0.021841203910298645,0.015375065617263317,948.0
3152,joint,0.13979889987967908,1.27601158618927,4.936171399058016e-07,1.9744685596232065e-07,9.872342798116032e-09,0.0005990901663608383,0.01453530541039072,0.014795328548643738,0.0006002540285408031,0.014493430324364454,0.023468777391826734,0.0006026818336977158,0.014465116459177807,0.02489311626413837,0.0006081010087655159,0.014453089534072205,0.016284613899188116,0.013102485798299313,788.0
3153,joint,0.1455514512490481,1.4388797283172607,4.93533284587086e-07,1.9741331383483442e-07,9.870665691741722e-09,0.0006495497364085168,0.013556664460338652,0.022395785490516573,0.0006498709080915432,0.013515400874894112,0.022069761849706993,0.0006510837811219972,0.01349131902679801,0.021388038381701335,0.0006550628968398087,0.013480437104590237,0.023048475006362423,0.011438670568168163,642.0
3154,joint,0.12853907770477235,1.6723970174789429,4.934488900592145e-07,1.9737955602368578e-07,9.86897780118429e-09,0.0005523014369828161,0.01253531278052833,0.023217202338855714,0.0005547994842345361,0.01248942747770343,0.01466825265379157,0.0005578306318057002,0.012460624042432755,0.02467355407134164,0.0005638765069306828,0.012447098342818208,0.013818800711305812,0.014399060048162937,785.0
3155,joint,0.13745633489452302,1.1984894275665283,4.93363956530422e-07,1.973455826121688e-07,9.86727913060844e-09,0.0006293137303146068,0.01576660163118504,0.01865308335982263,0.0006294577724474948,0.015727974037872627,0.01774568024848122,0.0006310432963800849,0.015706836944445968,0.018595497182104737,0.00063549875994795,0.015700703210313804,0.017034643402439542,0.011463246308267117,518.0
3156,joint,0.1085752408253029,1.436886191368103,4.932784842102738e-07,1.9731139368410953e-07,9.865569684205477e-09,0.0005361921612347942,0.013018608980928548,0.013473104103468359,0.0005393443661887432,0.012975506237125956,0.012686523186857812,0.0005429333796200808,0.012947667870321311,0.01412201946368441,0.0005495012337632943,0.01293863270257134,0.014245206650230102,0.010514744557440281,641.0
3157,joint,0.13965874107088894,1.1666995286941528,4.931924733096641e-07,1.9727698932386568e-07,9.863849466193284e-09,0.0005829505607835017,0.014551634820236359,0.017674139875452965,0.0005847215488756774,0.014505734819977079,0.01632264173531439,0.0005870165059604915,0.014476331925834529,0.023352279749815352,0.0005926953799644252,0.014463545354374219,0.021965046631521545,0.011981259100139141,641.0
3158,joint,0.10293834819458425,0.9676974415779114,4.931059240408165e-07,1.972423696163266e-07,9.86211848081633e-09,0.0005486796871991828,0.010305655814590864,0.014343590650241822,0.0005509025377250509,0.010252387110085692,0.0152007871074602,0.0005537407323572552,0.010217734328762162,0.015712764987256378,0.0005601078482868616,0.01019966557942098,0.014492332586087286,0.0108212074264884,641.0
3159,joint,0.15758144087158144,1.4901130199432373,4.930188366172827e-07,1.9720753464691305e-07,9.860376732345653e-09,0.0007277778458956163,0.017168616817798465,0.020581394637702033,0.0007265783151524374,0.017127523096860386,0.0226265438250266,0.0007269361758517334,0.017104787242715247,0.02066805717186071,0.0007304339924303349,0.017096908544772305,0.02229588395857718,0.01628294587135315,949.0
3160,joint,0.12982600007671863,1.9613630771636963,4.92931211253942e-07,1.971724845015768e-07,9.85862422507884e-09,0.0005588299900409766,0.015697579190600663,0.014875079679768533,0.0005612867662421195,0.01564994070213288,0.016673380028805695,0.0005639501996483887,0.015618508841725998,0.017593198484973982,0.000570079895624076,0.015605158027028665,0.015859006220125593,0.00992562435567379,789.0
3161,joint,0.13461244711652398,1.56414794921875,4.928430481670015e-07,1.9713721926680058e-07,9.856860963340029e-09,0.0006110880494816229,0.013267056448967196,0.019565456212149,0.0006130594520072918,0.01322562136920169,0.017905933011206798,0.0006156834188004723,0.01320233657315839,0.0216342031781096,0.0006216568654053845,0.013196311410865746,0.020154040830675513,0.011630227789282799,795.0
3162,joint,0.11102540546562523,1.9507330656051636,4.927543475739947e-07,1.971017390295979e-07,9.855086951479894e-09,0.000580762676690938,0.012406382724293508,0.014955086095142178,0.0005830700738442829,0.012367621122393757,0.014778095239307731,0.0005859328939550323,0.012341033943812363,0.01514234213391319,0.0005919367213209625,0.012330559009569697,0.01436258279136382,0.011393914930522442,498.0
3163,joint,0.10404333274345845,2.1465306282043457,4.926651096937816e-07,1.9706604387751266e-07,9.853302193875633e-09,0.0005724776583519997,0.01084095618716674,0.016020221417420544,0.0005753537679993315,0.010790432563226204,0.01275457168230787,0.0005784846252936404,0.010759750555735081,0.014479295001365244,0.0005852385493199108,0.010751831592642702,0.015334720170358196,0.009756354615092278,641.0
3164,joint,0.15959485119674355,2.5464565753936768,4.925753347465479e-07,1.9703013389861915e-07,9.851506694930959e-09,0.0006796988600399345,0.01562015523086302,0.027146141714183614,0.0006795914541726233,0.015583763874019496,0.020318504859460518,0.0006801393028581515,0.015565901892841794,0.02105622651288286,0.0006838691442681011,0.015560554544208571,0.02602030233538244,0.016015758737921715,947.0
3165,joint,0.14125502458773553,1.0616620779037476,4.924850229538041e-07,1.9699400918152165e-07,9.849700459076082e-09,0.0006768853236280847,0.013947766725323163,0.01994748876313679,0.000675295104883844,0.013909996239817701,0.021526151074795052,0.0006755526155757252,0.013887958513805643,0.020949971716618165,0.000678930109643261,0.01388209336437285,0.020496932818787172,0.012471368536353111,498.0
3166,joint,0.1744273817166686,1.3376429080963135,4.923941745383858e-07,1.969576698153543e-07,9.847883490767716e-09,0.0006672872805211227,0.02062140686030034,0.02223979884001892,0.0006670154543826357,0.020585623482475057,0.022680351525195874,0.0006681262202619109,0.020565819868352264,0.022984664727118798,0.0006728333792125341,0.020557311640004627,0.021517145083635114,0.010877157561480999,519.0
3167,joint,0.1640257895924151,1.4852608442306519,4.923027897244523e-07,1.9692111588978094e-07,9.846055794489047e-09,0.000583974917390151,0.023205339806736447,0.017581242078449577,0.0005849079843756044,0.02316971060645301,0.015961997327394783,0.0005870492514077341,0.023148076827055775,0.016115347811137326,0.0005922910331719322,0.023143254540627822,0.019352594812517054,0.011964256875216961,516.0
3168,joint,0.1638094454538077,1.5540530681610107,4.922108687374866e-07,1.9688434749499464e-07,9.844217374749733e-09,0.0006403786046575988,0.016336807413608767,0.02564617808093317,0.0006402906183211599,0.016295811205054633,0.019685797189595178,0.0006408442313841078,0.01626863848650828,0.02492896292824298,0.000644696548988577,0.016255801514489576,0.025825236458331347,0.011027788743376732,641.0
3169,joint,0.10694433888420463,2.5531108379364014,4.921184118042946e-07,1.9684736472171782e-07,9.842368236085893e-09,0.0006324882288026856,0.010764643200673163,0.01569391621160321,0.0006315744958556024,0.01072076876880601,0.015373726142570376,0.0006321221680991584,0.010692649884731509,0.01520826993510127,0.0006360059578582877,0.010681202154955827,0.015276972466381267,0.009715057909488678,596.0
3170,joint,0.13576603680849075,1.7541673183441162,4.920254191530045e-07,1.9681016766120183e-07,9.840508383060091e-09,0.0006766880469513126,0.01323324091208633,0.020047914193128236,0.000675649440381676,0.013195826875744388,0.020101124449865893,0.0006757635383110028,0.013171853788662702,0.019647985667688772,0.0006791833075112663,0.013161070019123144,0.02049973736575339,0.010763383470475674,786.0
3171,joint,0.12661497574299574,1.5228257179260254,4.919318910130666e-07,1.9677275640522665e-07,9.838637820261332e-09,0.0006403502538887551,0.014317334513179958,0.01681365945842117,0.0006394634692696854,0.014279783878009766,0.018734091892838478,0.000639807345578447,0.014253575704060495,0.016460842569358647,0.0006433484886656515,0.01424134656554088,0.014951372460927814,0.010057510808110237,502.0
3172,joint,0.15170131216291338,2.135165214538574,4.918378276152521e-07,1.9673513104610087e-07,9.836756552305045e-09,0.0006195500500325579,0.014788183514610864,0.024755402191658504,0.0006208210324984975,0.014749189853318967,0.019620078790467232,0.0006227723388292361,0.01472565192671027,0.025524332668283023,0.0006276188814808847,0.014715070457896218,0.020332639251137152,0.015215420164167881,1015.0
3173,joint,0.10347055224701762,1.7951860427856445,4.917432291916533e-07,1.9669729167666132e-07,9.834864583833066e-09,0.0006086005960241891,0.010330319099011831,0.013976012720377184,0.0006075737946957815,0.010276697255903855,0.015572060598060489,0.0006079974045860581,0.010237853348371573,0.014736873141373508,0.0006115164269431261,0.0102166020515142,0.01568844540452119,0.014559829607605934,947.0
3174,joint,0.15069682779721916,2.0154261589050293,4.916480959756823e-07,1.966592383902729e-07,9.832961919513646e-09,0.0007015949086053297,0.01429851315333508,0.02257658190501388,0.000700045726262033,0.01425118010956794,0.023526909106294625,0.000699529990015435,0.014216723138815723,0.022243051353143528,0.0007022540939942701,0.01419707213062793,0.02258337161038071,0.010735256597399712,791.0
3175,joint,0.1700347934383899,2.1821606159210205,4.915524282020706e-07,1.9662097128082824e-07,9.831048564041413e-09,0.0006899518884893041,0.017198158748215064,0.022481850115582347,0.0006891667289892212,0.01714781328337267,0.024064358934992924,0.0006897577877680305,0.01711369599797763,0.025815324945142493,0.00069364947557915,0.017098576790886,0.026352490589488298,0.012552323751151562,792.0
3176,joint,0.10632939892821014,1.4386732578277588,4.914562261068693e-07,1.965824904427477e-07,9.829124522137386e-09,0.0005799724622193025,0.010880312867811881,0.014848627426545136,0.0005810634538647719,0.010837288427865133,0.014349580262205563,0.0005837833596160635,0.010810950203449465,0.01710550692223478,0.0005891515011171577,0.01080385896784719,0.014359302804223262,0.010823892429471016,475.0
3177,joint,0.1303342457395047,2.6423215866088867,4.913594899274474e-07,1.9654379597097895e-07,9.827189798548948e-09,0.0006642279186053202,0.013234255646239035,0.017879837629152462,0.000663034927129047,0.013190549550927244,0.01995967485709116,0.0006629907857131911,0.013163865412934683,0.019575692393118516,0.0006670822222076822,0.013154341184417717,0.017518691456643865,0.020105697214603424,948.0
3178,joint,0.13315128453541547,1.3614108562469482,4.912622199024917e-07,1.9650488796099666e-07,9.825244398049834e-09,0.0006288752883847337,0.013161589246010408,0.018597970629343763,0.0006285819799813908,0.013113928202074021,0.018861907636164688,0.0006301273133431096,0.013081251818221062,0.020603948534699157,0.0006348081114992965,0.0130693465762306,0.020138948355452158,0.010523298755288124,795.0
3179,joint,0.18116209656000137,1.1464751958847046,4.911644162720064e-07,1.9646576650880253e-07,9.823288325440127e-09,0.0006480671727331355,0.019473843727610074,0.02234813483664766,0.0006494103836303111,0.01942256985057611,0.03133518621325493,0.0006516562589240493,0.019390626606764272,0.016142904496518895,0.0006566859119629953,0.01936746535648126,0.03107554602320306,0.011051029898226261,574.0
3180,joint,0.1296216130722314,1.3797593116760254,4.910660792773122e-07,1.9642643171092485e-07,9.821321585546244e-09,0.0006595025679416722,0.012532761349575594,0.01889618329005316,0.0006579872861038893,0.01248008938273415,0.01917466132726986,0.0006573087302967906,0.012442495208233595,0.01982429638155736,0.0006601407076232135,0.012418306941981427,0.01921788099571131,0.015319645404815674,949.0
3181,joint,0.12150529527571052,1.1066035032272339,4.909672091610458e-07,1.9638688366441833e-07,9.819344183220918e-09,0.0005971739628876094,0.012538896618934814,0.022470304742455482,0.0005999584755045362,0.012484451399359386,0.015192785111139528,0.0006035585938661825,0.012450443282432389,0.015413141605677083,0.000609971430094447,0.012436695251381025,0.016107915274915285,0.012771680019795895,595.0
3182,joint,0.12308831070549786,1.9971169233322144,4.908678061671597e-07,1.9634712246686386e-07,9.817356123343193e-09,0.0006520694823848316,0.012496048322645947,0.01745663830661215,0.0006509746945084771,0.012453877949155867,0.016800134646473452,0.0006514759697893169,0.012427993817254901,0.01883463203557767,0.0006552061677211896,0.012418832338880748,0.01759043036145158,0.011918717995285988,594.0
3183,joint,0.10115621169097722,1.2316020727157593,4.907678705409205e-07,1.9630714821636818e-07,9.81535741081841e-09,0.0006002221980452305,0.011330107219691854,0.014446940025663935,0.0006056112251826562,0.01127769910817733,0.013045854386291467,0.0006106086766521912,0.011248413728026208,0.013719265261897817,0.0006187830313137965,0.011235166144615505,0.012417541423928924,0.012836218811571598,441.0
3184,joint,0.09187605779152364,1.1357940435409546,4.906674025289095e-07,1.962669610115638e-07,9.813348050578192e-09,0.0005057121452409774,0.009553776733810082,0.012808686602511443,0.0005096558943478158,0.0095004419417819,0.013308796522323973,0.0005137906118761748,0.009467025112826377,0.01375240737979766,0.0005209304435993545,0.009455161081859842,0.011979672868619673,0.016307007521390915,640.0
3185,joint,0.1299797568935901,1.3409758806228638,4.905664023790218e-07,1.962265609516087e-07,9.811328047580436e-09,0.0005921915235376218,0.01422416465356946,0.018527606298448518,0.0005947125628154026,0.014171374365105294,0.01781738745921757,0.0005973927181912586,0.014134091783489566,0.017526527954032645,0.0006024637586961035,0.014115056044829544,0.017076788921258412,0.011955030262470245,519.0
3186,joint,0.17518005950842053,2.1093084812164307,4.904648703404649e-07,1.96185948136186e-07,9.8092974068093e-09,0.0007226126235764241,0.016863012351677753,0.022815630945842713,0.0007226266588986618,0.016818697295093443,0.026930077670840546,0.0007238183789013419,0.01679260958917439,0.025066596950637177,0.0007284488710865844,0.016782137863629032,0.03021378854464274,0.013907277956604958,1010.0
3187,joint,0.14521659794263542,1.9337234497070312,4.903628066637594e-07,1.9614512266550376e-07,9.807256133275188e-09,0.00060252765979385,0.01650745136430487,0.021039080515038222,0.0006020515556883765,0.016470978895085864,0.015723176300525665,0.0006023968999215867,0.016449582079076208,0.020515031676040962,0.0006065580964786932,0.01644428531290032,0.019653476134408265,0.016959525644779205,1005.0
3188,joint,0.24225276231300086,1.8943535089492798,4.902602116007368e-07,1.9610408464029474e-07,9.805204232014737e-09,0.0006560427755175624,0.025468701307545416,0.03892435257148463,0.0006582339701708406,0.025426656880881637,0.02451981087506283,0.0006608418570976937,0.025402868166565895,0.03762940778688062,0.0006666456192760961,0.025401070175576024,0.036838130006799474,0.015024042688310146,1010.0
3189,joint,0.17974903085269034,1.749189019203186,4.901570854045406e-07,1.9606283416181623e-07,9.803141708090813e-09,0.0007252990071719978,0.017423032797523774,0.027680310944560915,0.0007237379977595992,0.01738785600900883,0.02096072015410755,0.00072325690962316,0.017367234991979785,0.026872582922806032,0.0007265988606377505,0.017366554791806266,0.031791849483852275,0.01587747596204281,1008.0
3190,joint,0.09707805386278778,1.6555664539337158,4.900534283296242e-07,1.960213713318497e-07,9.801068566592484e-09,0.0005247837088973029,0.009169329568976536,0.014616336280596443,0.0005258077289909124,0.00910799644771032,0.014766169799258932,0.0005280390505504329,0.009066879298188724,0.014542069679009728,0.0005335924943210557,0.00904511401313357,0.014651936828158796,0.010758709162473679,595.0
3191,joint,0.19830054428894073,1.6911067962646484,4.899492406317513e-07,1.9597969625270055e-07,9.798984812635027e-09,0.0006639331768383272,0.020428644376806915,0.025070344665437005,0.000666998201268143,0.02038409875240177,0.03193604746775236,0.000670196382998256,0.020356806460767984,0.04005054348090198,0.0006768170260329498,0.020343145144579466,0.017052971059456468,0.013974346220493317,519.0
3192,joint,0.10793018247932196,1.8306156396865845,4.898445225679947e-07,1.9593780902719787e-07,9.796890451359894e-09,0.0006158476608106866,0.011861893326567952,0.014537679788190871,0.0006185057500260882,0.011824831024568994,0.014525282735121436,0.0006212818916537799,0.011807329618022777,0.014803275465965271,0.000627324870947632,0.011807484203018248,0.014279448834713548,0.012276899069547653,515.0
3193,joint,0.1584031425882131,1.3651936054229736,4.897392743967355e-07,1.958957097586942e-07,9.794785487934711e-09,0.000646724818579969,0.014840794741758145,0.024502401778590865,0.0006490057730843546,0.01480154883756768,0.023387373774312437,0.0006514157466881443,0.014778415301407222,0.024770841453573667,0.0006571942976734135,0.014771567628486082,0.023945858149090782,0.01624540612101555,1012.0
3194,joint,0.17594016960356385,1.6381901502609253,4.896334963776635e-07,1.958533985510654e-07,9.792669927553271e-09,0.0005740144788433099,0.01739996481774142,0.027691309616784565,0.0005775293084298028,0.017351146561850328,0.026094353321241215,0.0005812521849293262,0.01732031775463838,0.024929287654231302,0.0005874803191545652,0.017310256109340116,0.025523258926114067,0.011960339732468128,785.0
3195,joint,0.1405866655986756,1.516852855682373,4.895271887717752e-07,1.958108755087101e-07,9.790543775435505e-09,0.0006050509564374806,0.013481180998496711,0.023158982818131335,0.0006078227670514025,0.013434223714284599,0.022361719107721,0.0006113049767009215,0.01340468206035439,0.02235291041142773,0.0006176005208544666,0.013394409805187024,0.0165567761141574,0.011273324489593506,572.0
3196,joint,0.14338199677877128,1.183011770248413,4.894203518413743e-07,1.957681407365497e-07,9.788407036827486e-09,0.0006138931858004071,0.0157705957244616,0.02035559923388064,0.0006133902516012313,0.015713497443357483,0.02017920106300153,0.0006142396741779521,0.015672604698920622,0.018754361517494544,0.0006186368264025077,0.015650458226446062,0.018825518694939092,0.014962614513933659,786.0
3197,joint,0.112355170189403,1.1747084856033325,4.893129858500699e-07,1.9572519434002793e-07,9.786259717001398e-09,0.0005976150496280752,0.010888034164963756,0.016651666359393857,0.0005993748109176522,0.01083612391812494,0.017403097066562623,0.0006017764153511962,0.010802505756146275,0.016425372610683553,0.0006075027340557426,0.01078919651627075,0.01615290713380091,0.011542368680238724,786.0
3198,joint,0.17116693314164877,2.0837621688842773,4.892050910627773e-07,1.956820364251109e-07,9.784101821255545e-09,0.0006851574726169929,0.01698944016243331,0.029197908923379146,0.0006874438222439494,0.016935264262428973,0.022449197829701006,0.0006899173749843612,0.01689764449110953,0.02072796772699803,0.0006955158478376688,0.016873441883944906,0.02833803063549567,0.010993854142725468,795.0
3199,joint,0.12873927352484316,1.7707111835479736,4.890966677457158e-07,1.9563866709828632e-07,9.781933354914317e-09,0.0006128478325990727,0.01577088916383218,0.016312183914124034,0.0006137339532870101,0.015724287106422707,0.016490452660946175,0.0006163913512864383,0.015694730333052576,0.014659717286122032,0.0006224010285222903,0.01568226987728849,0.01593936856079381,0.011044065468013287,573.0
3200,joint,0.12057613488286734,1.2369611263275146,4.889877161664096e-07,1.9559508646656382e-07,9.779754323328192e-09,0.0006478949399024714,0.011700386196025647,0.01712638881872408,0.0006482497083197813,0.01165210951876361,0.01862453129433561,0.0006502087562694214,0.011619497367064469,0.017403788297087885,0.0006549148529302329,0.01160553321824409,0.018242631573230028,0.010930001735687256,638.0
3201,joint,0.11849159875418991,2.1514532566070557,4.888782365936855e-07,1.955512946374742e-07,9.777564731873711e-09,0.0005546790598600637,0.012147842957347166,0.011724219177267514,0.0005597933177341474,0.012100192390789744,0.01871253430726938,0.0005641367279167753,0.012070312288415153,0.018393696926068515,0.0005716345840482973,0.012059918874001596,0.01903263307758607,0.011251615360379219,638.0
3202,joint,0.10298113734461367,1.1395165920257568,4.887682292976736e-07,1.9550729171906943e-07,9.775364585953473e-09,0.0005679246150975814,0.011669148647342809,0.011309664812870324,0.0005705908588424791,0.011623394791968167,0.01061694635427557,0.0005740508750022855,0.011595690608373843,0.010982829087879509,0.0005805782166135032,0.011585142390686087,0.02130517725890968,0.009368155151605606,492.0
3203,joint,0.1125678647076711,1.5113394260406494,4.88657694549806e-07,1.9546307781992244e-07,9.773153890996123e-09,0.000550197508346173,0.01073945609095972,0.01865912244829815,0.0005540993861359311,0.010688937749364413,0.01671814922883641,0.0005583443453360815,0.010655405174475163,0.016800912664621137,0.0005651920655509457,0.010640968277584761,0.015437078807735816,0.011647917330265045,790.0
3204,joint,0.1255149127682671,2.0253024101257324,4.885466326228163e-07,1.954186530491265e-07,9.770932652456326e-09,0.0006005194063618546,0.014979908097302541,0.0174778800283093,0.0006024031554261455,0.01494813195313327,0.01712051560753025,0.0006050067895557731,0.014933993894373998,0.014325422758702189,0.0006104982421675231,0.014935776285710745,0.014374860198586248,0.014822117984294891,785.0
3205,joint,0.15607627178542316,1.7717666625976562,4.884350437907385e-07,1.9537401751629538e-07,9.76870087581477e-09,0.0006440995457523968,0.01525591230893042,0.02765288666705601,0.0006434299793909304,0.01520406587223988,0.02303590055089444,0.0006443029669753741,0.015167919933446683,0.021233013045275584,0.000648283792543225,0.015153653585002758,0.02079280372709036,0.01710795983672142,1008.0
3206,joint,0.19063631864264607,1.6782047748565674,4.883229283289071e-07,1.9532917133156287e-07,9.766458566578143e-09,0.0006185108250065241,0.01883194145921152,0.01633642875822261,0.0006201740179676563,0.018775441247271374,0.03362997963267844,0.0006224315857252805,0.01873709225037601,0.03567192453192547,0.0006277678203332471,0.01871811965247616,0.027446509018773213,0.012312253937125206,519.0
3207,joint,0.15226856479421258,10.097790718078613,4.88210286513956e-07,1.9528411460558237e-07,9.76420573027912e-09,0.0006809061196690891,0.01483329622715246,0.022075159155065194,0.0006806445871916367,0.014791389185120352,0.024528496724087745,0.0006818531874159817,0.014764966355869547,0.022192418851773255,0.0006859011809865478,0.014754593532416038,0.021598939478280954,0.012177126482129097,794.0
3208,joint,0.12673755548894405,2.0369529724121094,4.880971186238175e-07,1.95238847449527e-07,9.76194237247635e-09,0.0005752473316533724,0.012666086651734076,0.02180124062579125,0.0005769266535935458,0.0126244811253855,0.014876733868732117,0.0005792251322418451,0.012603146533365361,0.014826627608272247,0.0005847495831403648,0.012597776862094179,0.02242531477531884,0.015614998526871204,638.0
3209,joint,0.15453875926323235,3.3826804161071777,4.87983424937722e-07,1.9519336997508883e-07,9.759668498754441e-09,0.0006653783202636987,0.01756079081678763,0.018806603184202686,0.0006633832981606247,0.01752452179789543,0.01910720026353374,0.000663690743749612,0.01749658427434042,0.018594099063193426,0.0006670927414234029,0.01748657930875197,0.02530283492524177,0.01229642890393734,785.0
3210,joint,0.11526683066040277,1.769921898841858,4.878692057361976e-07,1.9514768229447906e-07,9.757384114723953e-09,0.0006481575583165977,0.011672733322484419,0.01724816017667763,0.000647612983811996,0.011627848638454452,0.017060492071323097,0.0006488695507869124,0.011600162630202249,0.01615307229803875,0.0006532004881592002,0.011589927569730207,0.015716591238742694,0.01878117024898529,637.0
3211,joint,0.12890820764005184,2.1740469932556152,4.877544613010689e-07,1.9510178452042753e-07,9.755089226021377e-09,0.0006149919154267991,0.015254568919772282,0.01717213331721723,0.0006162129975564312,0.015212306578177959,0.016106631461298093,0.0006185442689456977,0.015185900236247107,0.016085204435512424,0.0006239966496650595,0.015177109075011685,0.01624060919857584,0.01212629396468401,574.0
3212,joint,0.2044348707422614,1.8149526119232178,4.87639191915456e-07,1.9505567676618242e-07,9.752783838309122e-09,0.0007426759875670541,0.020518074627034366,0.01844348429585807,0.000742123149393592,0.020476283505558968,0.033516705298097804,0.0007432268648699392,0.020450017182156444,0.0339543434092775,0.0007473159821529407,0.020437942817807198,0.033662680274574086,0.01107740681618452,521.0
3213,joint,0.10691291466355324,1.9707505702972412,4.875233978637751e-07,1.9500935914551004e-07,9.750467957275503e-09,0.0004992969861632446,0.010568488418357447,0.011643648991594091,0.0005048311595601263,0.010511638480238616,0.013283242340548895,0.0005106449461891316,0.010478895565029234,0.018310480474610813,0.0005192021726543317,0.010470104127307422,0.019612440388300456,0.01181817427277565,427.0
3214,joint,0.2331605675863102,1.493468999862671,4.874070794317362e-07,1.9496283177269447e-07,9.748141588634725e-09,0.0007223357279144693,0.020841667035710998,0.042195673362584785,0.0007226284269563621,0.020803458377486095,0.037385025425464846,0.0007236126712086843,0.020782277031685226,0.04219670451129787,0.000728020637325244,0.02078066926333122,0.02527850259502884,0.02003750018775463,1009.0
3215,joint,0.126236607786268,1.2302907705307007,4.872902369063435e-07,1.949160947625374e-07,9.745804738126871e-09,0.0005872554775123717,0.01668170241464395,0.01369607835658826,0.0005889262647542637,0.0166348854691023,0.015747222409117967,0.0005913273398618912,0.016607257348368876,0.015044611602206714,0.0005968201094219694,0.016596168861724436,0.012864351621828973,0.01468817051500082,948.0
3216,joint,0.12236531509552151,1.5087157487869263,4.871728705758945e-07,1.9486914823035781e-07,9.743457411517891e-09,0.0006105035026848782,0.013979919865960255,0.016500218422152102,0.000610764527664287,0.013928828499047086,0.015366962106782012,0.0006121073784015607,0.013893207054934464,0.016370817640563473,0.0006170867945911596,0.013879666323191486,0.015995234905858524,0.01113923266530037,784.0
3217,joint,0.15017421694938093,1.59917414188385,4.870549807299787e-07,1.948219922919915e-07,9.741099614599575e-09,0.0006614310968870996,0.015315879543777555,0.024619590636575595,0.0006635193549300311,0.015271312768163625,0.019419055068283342,0.0006662468440481462,0.01524822103237966,0.019236220396123827,0.0006720473902532831,0.015244258560414892,0.02315643495239783,0.01489480771124363,1011.0
3218,joint,0.1086854177992791,2.3363306522369385,4.869365676594779e-07,1.9477462706379113e-07,9.738731353189557e-09,0.0006016684983478626,0.010947271272016224,0.0171746801934205,0.0006060537980374647,0.010898500520852394,0.014793812777497806,0.0006106561504566344,0.01086930956080323,0.014980295221903361,0.0006177542072691722,0.010857880894036498,0.01572753131040372,0.013443371281027794,573.0
3219,joint,0.18053963431157172,2.069833517074585,4.868176316565643e-07,1.9472705266262572e-07,9.736352633131287e-09,0.000718210019840626,0.017447693477151915,0.028518491715658456,0.0007159353663155343,0.01740071787207853,0.02875682173180394,0.0007155153289204463,0.017368735614581965,0.02939909895940218,0.0007182814370025881,0.017353801580611616,0.0214263335801661,0.016034238040447235,520.0
3220,joint,0.12013750500045717,2.5075087547302246,4.866981730147008e-07,1.946792692058803e-07,9.733963460294015e-09,0.0006489768820756581,0.012015604428597726,0.017593434604350477,0.0006474049332609866,0.011964575911406428,0.01741199698881246,0.0006476692124124384,0.011930201639188454,0.017142722121207044,0.0006508933947770856,0.011912920395843685,0.017571104370290413,0.01127053052186966,521.0
3221,joint,0.13051396165974438,1.8485465049743652,4.865781920286396e-07,1.9463127681145583e-07,9.731563840572793e-09,0.0005954890475550201,0.013773017984931357,0.017224186172825284,0.0005951350831310265,0.013724438191275112,0.017746022160281427,0.0005964516749372706,0.013695641348022036,0.018560706404969096,0.0006009471289871726,0.01368649656069465,0.019715430302312598,0.015187425538897514,640.0
3222,joint,0.13059808523394167,1.7905040979385376,4.864576889944219e-07,1.9458307559776878e-07,9.729153779888438e-09,0.0006595115792151773,0.01575301412231056,0.016662254303810187,0.0006605381713598035,0.01570342938794056,0.01595296783489175,0.0006624218567594653,0.015669910397264175,0.016915488144150004,0.0006668205787718762,0.01565455461241072,0.015637178090400994,0.017273802310228348,950.0
3223,joint,0.11736774409655482,1.6643978357315063,4.86336664209377e-07,1.9453466568375082e-07,9.726733284187542e-09,0.0006150317913125036,0.010746255400590599,0.01756122405640781,0.0006154357761261053,0.010701162726036273,0.01847846068267245,0.0006171930053824326,0.010673539101844653,0.017540461485623382,0.0006221836119948421,0.010665662091923878,0.018531136418459937,0.012549304403364658,595.0
3224,joint,0.1361466522794217,1.3219209909439087,4.862151179721217e-07,1.9448604718884867e-07,9.724302359442433e-09,0.000612584401096683,0.015600645434460603,0.01842348750506062,0.0006123869752627797,0.015558694329229183,0.017328576534055173,0.0006139955312391976,0.015531198179814965,0.018097976862918586,0.0006183790355862584,0.015521970926783979,0.017626754561206326,0.011798741295933723,573.0
3225,joint,0.15558162820525467,3.0708730220794678,4.86093050582559e-07,1.9443722023302357e-07,9.72186101165118e-09,0.0006161085875646677,0.013839664490660653,0.024848815795849077,0.0006177505219966406,0.013798338477499783,0.024751546341576613,0.0006204254805197706,0.01377543194394093,0.024205616282415576,0.0006264039275265532,0.01377403766673524,0.02410748804686591,0.013192448765039444,518.0
3226,joint,0.18731196061708033,3.4556233882904053,4.85970462341878e-07,1.943881849367512e-07,9.719409246837561e-09,0.0007256086882989621,0.018326056699152105,0.030885700063663535,0.0007229911007016199,0.01828629597730469,0.022642656724201515,0.0007223050633911043,0.018261681383592077,0.032889276670175605,0.0007249919217429124,0.0182531476020813,0.024871248053386807,0.02026950567960739,949.0
3227,joint,0.0905070643639192,1.3947196006774902,4.858473535525533e-07,1.943389414210213e-07,9.716947071051066e-09,0.0005471079566632397,0.009179859203868546,0.012806311366148293,0.0005521211187442532,0.009121998045884538,0.012467173786717467,0.0005569818531512283,0.009082665877940599,0.014472337323240936,0.0005649490431096638,0.009066581922525074,0.012088976975064725,0.01041096169501543,595.0
3228,joint,0.13971698679961264,1.4462579488754272,4.857237245183432e-07,1.942894898073373e-07,9.714474490366866e-09,0.0006395041164068971,0.014868936195853166,0.020031140535138547,0.0006392341692844639,0.01482936809770763,0.020629158898373134,0.0006406501015590038,0.01480395560793113,0.017442779368138872,0.0006449781030823942,0.014798935313592665,0.019748344726394862,0.01464041881263256,948.0
3229,joint,0.14963006821926683,1.8969733715057373,4.855995755442905e-07,1.942398302177162e-07,9.711991510885811e-09,0.0007122291353880428,0.014845817000605166,0.01873579985112883,0.000712505956471432,0.014801747442106716,0.017763551732059568,0.0007138059991120826,0.014771818445296958,0.02671543721226044,0.0007182061872299528,0.014761107668164186,0.024378044952754863,0.009581116028130054,784.0
3230,joint,0.1516688975971192,2.2853293418884277,4.854749069367202e-07,1.9418996277468806e-07,9.709498138734404e-09,0.000601678628299851,0.01358647458255291,0.0228184219886316,0.0006064251629140927,0.013528766867239028,0.023751343731419183,0.0006101874332671287,0.013489628698152956,0.024415907406364568,0.0006171592522150604,0.013471887752530165,0.02417101575701963,0.01929546147584915,1009.0
3231,joint,0.12615492148324847,2.23419189453125,4.853497190032396e-07,1.9413988760129583e-07,9.706994380064792e-09,0.0006483839424618054,0.01334025411051698,0.0173122995038284,0.0006488191102107521,0.013300172533490695,0.01860155317990575,0.0006506165209430037,0.013277516860398464,0.017326199667877518,0.0006560034835274564,0.013274565470055677,0.017118536794441752,0.010988586582243443,794.0
3232,joint,0.16042425972409546,3.626852035522461,4.852240120527377e-07,1.9408960482109508e-07,9.704480241054755e-09,0.0006604969676118344,0.01861189946066588,0.023834234991227277,0.0006630314528592862,0.01857019453018438,0.01762714408687316,0.0006661697716481285,0.018546843944932334,0.01786025690671522,0.0006721910467604175,0.018537381823989563,0.024174414691515267,0.015396127477288246,784.0
3233,joint,0.12578981299884617,1.049597144126892,4.850977863953838e-07,1.9403911455815352e-07,9.701955727907676e-09,0.0006085915520088747,0.012085598064004444,0.01983753092645202,0.0006099337078921963,0.012036138432449661,0.019168123355484568,0.0006122613667685073,0.012002709358057473,0.018878044589655474,0.0006173884976305999,0.011985644254309591,0.01734784788277466,0.012045777402818203,792.0
3234,joint,0.09874747064895928,1.036562442779541,4.849710423426272e-07,1.9398841693705085e-07,9.699420846852544e-09,0.0005340327334124595,0.010733204107964411,0.01366131255053915,0.0005385854165069759,0.01068060086981859,0.0135534891160205,0.0005433717451523989,0.010648438314092346,0.013052843438345008,0.0005510610517376335,0.010637348939781077,0.013613182105473243,0.01267942227423191,476.0
3235,joint,0.13787817861884832,1.9779891967773438,4.848437802071961e-07,1.9393751208287844e-07,9.696875604143923e-09,0.0005530418202397414,0.0139387394010555,0.022216103752725758,0.000559675498152501,0.013873451382096391,0.01871397817740217,0.0005652370800817152,0.013829380419338122,0.02048892127641011,0.0005733273483201629,0.01381140669400338,0.01875491699320264,0.023591259494423866,1011.0
3236,joint,0.12954344612080604,1.4861111640930176,4.847160003030974e-07,1.9388640012123896e-07,9.694320006061949e-09,0.0005710886107408442,0.014498436998110265,0.017850330710643902,0.0005722212736145593,0.01445344541571103,0.017925132997334003,0.0005748602652602131,0.014426047302549705,0.01691332447808236,0.0005801679544674698,0.014414908859180287,0.016763481267844327,0.012920096516609192,786.0
3237,joint,0.1837551878998056,3.4382588863372803,4.845877029456152e-07,1.9383508117824608e-07,9.691754058912306e-09,0.0006612960278289393,0.021113937749760225,0.02241249279177282,0.0006602764879062306,0.021075691271107644,0.02416515453660395,0.0006611607641389128,0.021052592142950743,0.0266133640834596,0.0006652293523075059,0.02104499188135378,0.023628998882486485,0.020536882802844048,948.0
3238,joint,0.15984788036439568,1.272149920463562,4.844588884513105e-07,1.937835553805242e-07,9.68917776902621e-09,0.0006401798564183991,0.01536370905523654,0.029426259803585708,0.0006398054320015945,0.015307884314097464,0.019095340801868588,0.0006405318690667627,0.015272693839506246,0.02884486533002928,0.0006440923134505283,0.01525697170291096,0.018715545171289705,0.010342209599912167,786.0
3239,joint,0.14572327584028244,1.8158515691757202,4.843295571380202e-07,1.937318228552081e-07,9.686591142760407e-09,0.0006310973294603173,0.018156943464418873,0.01755319576477632,0.0006296747105807299,0.01812074685585685,0.018947853066492826,0.000629994672635803,0.01809689708170481,0.017642427992541343,0.0006338378298096359,0.01808886503567919,0.01659174167434685,0.01379297487437725,485.0
3240,joint,0.21788169350475073,1.8840886354446411,4.841997093248566e-07,1.9367988372994263e-07,9.683994186497131e-09,0.0007044871781545226,0.021311533331754617,0.043945442856056616,0.000704404314092244,0.021259385648590978,0.03247584083874244,0.0007054418110783445,0.021228029821941163,0.03278064633195754,0.0007100667990016518,0.021215617314737756,0.020840791752561927,0.01712178811430931,1012.0
3241,joint,0.1318040081532672,2.34626841545105,4.84069345332206e-07,1.9362773813288242e-07,9.681386906644122e-09,0.0006297455238382099,0.014890737729729153,0.01824247713375371,0.0006303223854047246,0.014832631859462708,0.017429061103030108,0.0006325296380964573,0.014793846057727933,0.017529438002384268,0.0006378991492965724,0.014778511744225398,0.016776809221482836,0.010604223236441612,501.0
3242,joint,0.14052878448273987,1.6406948566436768,4.839384654817289e-07,1.9357538619269156e-07,9.678769309634579e-09,0.0006153767535579391,0.01418355296482332,0.015446545759914443,0.000615724404269713,0.014137695834506303,0.02505636736168526,0.0006172646335471654,0.01411102680140175,0.015046964719658718,0.0006215950270416215,0.014099826250458136,0.02597684893407859,0.015142195858061314,521.0
3243,joint,0.1267347759567201,1.3781611919403076,4.838070700963581e-07,1.9352282803854324e-07,9.676141401927163e-09,0.0005863952683284879,0.014306991593912244,0.016636473024846055,0.0005889511103305267,0.014246536295104306,0.017195309046655893,0.0005921041520196013,0.014205806277459487,0.01628031574364286,0.0005979788675176678,0.014184545594616793,0.017313368036411703,0.012614059261977673,513.0
3244,joint,0.12486226740293205,2.2036900520324707,4.836751595002988e-07,1.934700638001195e-07,9.673503190005977e-09,0.0006267391345318174,0.012263909869943745,0.01838916690030601,0.0006291206136666005,0.012213320500450209,0.018224203580757603,0.0006325213907985017,0.012180721401819028,0.0194846883387072,0.0006385794422385516,0.012166951535618864,0.017412342203897424,0.010252270847558975,520.0
3245,joint,0.11116779455915093,1.680420994758606,4.835427340190271e-07,1.9341709360761084e-07,9.670854680380542e-09,0.0005557649074034998,0.010589818557491526,0.01699766881938558,0.0005583402034972096,0.010525952398893423,0.01664105465169996,0.0005618459836114198,0.010482524019607808,0.015611571492627263,0.0005688885103154462,0.010459613971761428,0.017614750497159548,0.016863033175468445,791.0
3246,joint,0.10756615619175136,1.2115980386734009,4.834097939792899e-07,1.9336391759171596e-07,9.6681958795858e-09,0.0005991891939629568,0.010138739002286457,0.01624111541605089,0.0006000833545840578,0.010082376626087353,0.0163467867532745,0.0006022785801178543,0.010044579888926819,0.016091934783617035,0.0006079400573071325,0.01002746143785771,0.016183671497856267,0.014948726631700993,787.0
3247,joint,0.12383358622901142,1.2995699644088745,4.832763397091036e-07,1.9331053588364143e-07,9.665526794182073e-09,0.0006797329133405583,0.011775426915846765,0.017904086867929436,0.0006797576315875631,0.011724411975592375,0.01826047562644817,0.0006812426017859252,0.011692948304698803,0.01890376333903987,0.000685802764564869,0.011677306581987068,0.019168631406500936,0.011952605098485947,486.0
3248,joint,0.12768293102271855,1.464296579360962,4.83142371537753e-07,1.932569486151012e-07,9.662847430755061e-09,0.000610538620094303,0.013656984541739803,0.01814306149026379,0.0006102658844611142,0.013602704486402217,0.01747755084943492,0.0006118224064266542,0.013569233975431416,0.017559116386109963,0.0006164149635878857,0.013554321783885825,0.017670916975475848,0.011126002296805382,596.0
3249,joint,0.11608810548204929,1.4540129899978638,4.830078897957916e-07,1.9320315591831664e-07,9.660157795915833e-09,0.0005759441683039768,0.011391422478482127,0.014446874440182,0.0005765230962424539,0.011328527791192755,0.020528742839815095,0.0005794756925752154,0.011286165507044643,0.020372349375975318,0.0005856739571754588,0.011271476760157384,0.013144931464921683,0.012095512822270393,517.0
3250,joint,0.08364836254622787,0.9584787487983704,4.828728948150396e-07,1.931491579260158e-07,9.657457896300791e-09,0.0005898993222217541,0.008060387946898118,0.011990093829808757,0.0005922130585531704,0.00800695463840384,0.012543643344542943,0.0005952348019491183,0.007973131330800243,0.011839306040201336,0.0006019724405632587,0.007960569942952134,0.012894953164504841,0.010311070829629898,596.0
3251,joint,0.07910653809085488,1.2042748928070068,4.827373869285834e-07,1.930949547714334e-07,9.65474773857167e-09,0.0005481658026837977,0.007473712117644027,0.01238851343805436,0.0005515518150787102,0.007421253816573881,0.011949388441280462,0.0005561602156376466,0.0073889488412532955,0.011554785494809039,0.000563848620004137,0.007379405840765685,0.01133080356521532,0.011971788480877876,595.0
3252,joint,0.12788326770532876,1.2219666242599487,4.826013664707759e-07,1.9304054658831032e-07,9.652027329415517e-09,0.000642205461190315,0.013661554752616212,0.01578788598999381,0.0006424848070309963,0.013610526191769168,0.023085932407411747,0.0006439613935071975,0.01357650694262702,0.01566701353294775,0.0006488573799288133,0.013557407160988078,0.01635893109778408,0.010670004412531853,514.0
3253,joint,0.11417983786668628,2.2825160026550293,4.824648337772334e-07,1.9298593351089335e-07,9.64929667554467e-09,0.0005876871837244835,0.01102097258262802,0.0182686778716743,0.0005892404296901077,0.010968895207042806,0.016968545285635628,0.0005915135916438885,0.010934851001366042,0.016805870749522,0.0005964322026557056,0.010923880166956224,0.015923271334031597,0.016395099461078644,784.0
3254,joint,0.15779835428111255,2.0190627574920654,4.823277891848371e-07,1.9293111567393485e-07,9.646555783696743e-09,0.0006332306547847111,0.014915689738700166,0.021477072543348186,0.0006330845735647017,0.014869942737277597,0.02377993121626787,0.000634266625638702,0.014837865368463099,0.02633387249079533,0.0006384225616784533,0.014826862854533829,0.024218111531808972,0.020330291241407394,949.0
3255,joint,0.1089695820119232,1.4069257974624634,4.821902330317309e-07,1.9287609321269236e-07,9.64380466063462e-09,0.0006103405030444264,0.011023784820281435,0.0163032686104998,0.0006112426781328395,0.010978718149999622,0.015916842909064144,0.00061331593497016,0.010950076939479914,0.015362463804194704,0.0006186047448863974,0.010941554115561303,0.015039368794532493,0.011668571271002293,595.0
3256,joint,0.1206560229184106,1.3513298034667969,4.820521656573208e-07,1.9282086626292834e-07,9.641043313146417e-09,0.0005966675525996834,0.01322004223766271,0.017182885349029675,0.0005980753048788756,0.013164576317649335,0.01589890987088438,0.0006006109069858212,0.013126018209732138,0.016442554755485617,0.0006056163001630921,0.013110797299304977,0.016109267948195338,0.013413570821285248,436.0
3257,joint,0.10947695886716247,2.348585367202759,4.819135874022744e-07,1.9276543496090976e-07,9.638271748045488e-09,0.0006084365559217986,0.010716826160205528,0.016577509304624982,0.0006091660816309741,0.01066233409801498,0.015670122564188205,0.0006116320637374884,0.010625274400808848,0.016344595846021548,0.0006168918080220465,0.010611683581373654,0.01582248753402382,0.020555740222334862,946.0
3258,joint,0.19870191463269293,2.548222541809082,4.817744986085198e-07,1.927097994434079e-07,9.635489972170396e-09,0.0007184693895396776,0.01959301542956382,0.03463118622312322,0.0007161669491324574,0.01955481671029702,0.029752312402706593,0.000715905520337401,0.019527506228769198,0.023810654471162707,0.0007187407936726231,0.019518405286362395,0.029444742744090036,0.015498409047722816,1009.0
3259,joint,0.19923757622018456,3.189542770385742,4.816348996192447e-07,1.9265395984769785e-07,9.632697992384893e-09,0.0006655029974353965,0.020752030781295616,0.021123539758264087,0.0006689378860755824,0.020703579160908703,0.03441984817618504,0.000672286698318203,0.020674309402238578,0.034709718558588065,0.0006788363116356777,0.02066179012763314,0.02350719741662033,0.023258928209543228,1014.0
3260,joint,0.13767393515445292,1.4069327116012573,4.814947907788957e-07,1.9259791631155828e-07,9.629895815577914e-09,0.0006461219163611531,0.015436559289810248,0.018254293623613194,0.0006466480044764467,0.015395369337056763,0.02105330492486246,0.0006488809522124939,0.015366920386441052,0.018271157998242415,0.0006541901457239874,0.015357845346443355,0.015942645361064933,0.013906820677220821,521.0
3261,joint,0.15087103727273643,1.155492901802063,4.813541724331776e-07,1.9254166897327102e-07,9.627083448663552e-09,0.0006234365228010574,0.015404261357616633,0.022725575981894508,0.0006231976440176368,0.015352234535384923,0.021979706594720483,0.0006249042071431177,0.015318289413698949,0.02042896115744952,0.0006295602761383634,0.015301074934541248,0.021859831744222902,0.011996375396847725,788.0
3262,joint,0.14942858275026083,2.28108811378479,4.81213044929052e-07,1.924852179716208e-07,9.62426089858104e-09,0.0006177423401823035,0.01726622316346038,0.01885065803071484,0.0006189954820001731,0.017224978422746062,0.02239760381053202,0.0006207578517205548,0.01719999566557817,0.018135142905521207,0.0006260339505388401,0.01719218702055514,0.018678261840250343,0.015739543363451958,1009.0
3263,joint,0.1507815441582352,1.6100306510925293,4.810714086147371e-07,1.9242856344589483e-07,9.621428172294743e-09,0.0006392957184289116,0.015061655183671974,0.02190845193399582,0.0006423285667551681,0.01500306102389004,0.021166141174035147,0.0006459431606344879,0.014962915345677175,0.02279485324106645,0.0006524282907776069,0.014944197566364892,0.02236027615435887,0.011832823976874352,790.0
3264,joint,0.10374548798426986,1.1840261220932007,4.809292638397064e-07,1.9237170553588258e-07,9.61858527679413e-09,0.0006030585936969146,0.010428941750433296,0.01485431895707734,0.0006034771213307977,0.010372068267315626,0.016754935029894114,0.0006056523070583353,0.010333093436202034,0.01448478183010593,0.0006110403974162182,0.010315702442312613,0.01377841757494025,0.016135243698954582,636.0
3265,joint,0.1417825841344893,2.0446579456329346,4.80786610954688e-07,1.923146443818752e-07,9.615732219093761e-09,0.0006701564816466998,0.014651710385805927,0.01600331676308997,0.0006706482545268955,0.014605217409553006,0.01829003603779711,0.0006722874768456677,0.014573544161976315,0.02378025811049156,0.0006765066464140546,0.014557352114934474,0.02263155102264136,0.012541872449219227,519.0
3266,joint,0.14826894341968,2.4506657123565674,4.806434503116637e-07,1.922573801246655e-07,9.612869006233275e-09,0.0006611462995351758,0.01694344416318927,0.01888789677468594,0.0006607594423257979,0.01690472205518745,0.018199256519437768,0.0006615872443944681,0.016880300725460984,0.019972987211076543,0.0006655172728642356,0.016872579042683356,0.020958746259566396,0.018352167680859566,785.0
3267,joint,0.19595749420113862,1.2215229272842407,4.804997822638682e-07,1.921999129055473e-07,9.609995645277365e-09,0.0006325860322249355,0.021058658821857534,0.03412032636697404,0.0006347323796944693,0.021009705029428005,0.03279971273150295,0.0006376454712153645,0.020981841036700644,0.023871725614299066,0.0006436749099520966,0.02097210573265329,0.018594778681290336,0.015947017818689346,1011.0
3268,joint,0.17496000556275249,1.6110522747039795,4.803556071657881e-07,1.9214224286631523e-07,9.607112143315763e-09,0.000681046862155199,0.020078823901712894,0.016683932481100783,0.0006815083252149634,0.02002556243678555,0.03108038450591266,0.0006832914532424184,0.019990047396277077,0.02792364844935946,0.0006882154339109547,0.019976553056039847,0.01646699506090954,0.024356815963983536,1011.0
3269,joint,0.0997370588593185,1.32296621799469,4.802109253731611e-07,1.9208437014926444e-07,9.604218507463222e-09,0.0005342482927517267,0.01222749177395599,0.013147745150490664,0.0005367936155380448,0.012165879692474846,0.011019248922821134,0.0005404849416663637,0.012124630666221492,0.01214397611329332,0.0005474702047649771,0.012107417700462975,0.01264167478075251,0.011046341620385647,501.0
3270,joint,0.1506241038441658,2.4866628646850586,4.800657372429752e-07,1.9202629489719007e-07,9.601314744859504e-09,0.0006391667720890837,0.016693380013748538,0.025130527632427402,0.0006395333475666121,0.016647155483951792,0.014413702767342329,0.0006412807124434039,0.016617160057649016,0.02606979884149041,0.0006464322796091437,0.01660649909172207,0.015879467813647352,0.012719471007585526,786.0
3271,joint,0.09719697618857026,1.4888783693313599,4.799200431334675e-07,1.91968017253387e-07,9.59840086266935e-09,0.0005487495836860035,0.009964810786186717,0.01374981769185979,0.0005514618806046201,0.009915054361044895,0.013822115448419936,0.000554818834643811,0.00988086084544193,0.014247118248022161,0.0005612640215986175,0.00986591617402155,0.013534988829633221,0.015631703659892082,648.0
3272,joint,0.13573934976011515,1.9336748123168945,4.79773843404124e-07,1.919095373616496e-07,9.59547686808248e-09,0.0006342666893033311,0.013354729511775076,0.021011967022786848,0.0006357222810038365,0.013307544875715394,0.021298984676832333,0.000638258716207929,0.013279243030410726,0.01798575566499494,0.0006437773590732832,0.01326815794891445,0.01968094418407418,0.01626155897974968,949.0
3273,joint,0.12968618830200285,2.1743075847625732,4.796271384156778e-07,1.9185085536627112e-07,9.592542768313556e-09,0.0006308107713266509,0.014061183508601971,0.018430209325742908,0.0006302192014118191,0.014016968038049527,0.01909005052584689,0.0006318246996670496,0.013989189013955183,0.01632322574732825,0.0006365970439219382,0.013982876713271253,0.01726303262694273,0.0126748476177454,575.0
3274,joint,0.15629845997318625,3.2476937770843506,4.794799285301091e-07,1.9179197141204363e-07,9.589598570602181e-09,0.000613676229477278,0.014001949937664904,0.023657639700104482,0.0006159298900456633,0.013943725876742974,0.02409648236061912,0.0006193641111167381,0.013908639157307334,0.02648662426508963,0.000625807348114904,0.01389531024324242,0.023833307932363823,0.01271092239767313,786.0
3275,joint,0.15688598877750337,2.3084490299224854,4.793322141106433e-07,1.917328856442573e-07,9.586644282212866e-09,0.000671028150463826,0.01669579559529666,0.020569262982462533,0.0006705697742290795,0.016646813310217112,0.0200979916844517,0.0006716645239066565,0.016617754081380554,0.020769342765561305,0.0006761975619156146,0.016608741803793237,0.026190825607045554,0.015457816421985626,1007.0
3276,joint,0.17203292367048562,1.2916051149368286,4.791839955217513e-07,1.916735982087005e-07,9.583679910435026e-09,0.0006206871039466932,0.023388967572827823,0.01590877544367686,0.0006219029528438114,0.02334193405113183,0.02590510946174618,0.0006248301360756159,0.023310591102926992,0.01649521675426513,0.0006303593363554683,0.023296235551242717,0.01788831462909002,0.011891216039657593,518.0
3277,joint,0.17701548943296075,2.562168598175049,4.790352731291477e-07,1.9161410925165908e-07,9.580705462582955e-09,0.0006715967847412685,0.018657523731235415,0.03310350194806233,0.0006724508730258094,0.01860742269491311,0.025793017222895287,0.0006740552780684084,0.018575416106614284,0.016566548845730722,0.0006792966232751496,0.0185620565462159,0.024452605619444512,0.014713994227349758,518.0
3278,joint,0.1257874728180468,1.1653547286987305,4.788860472997901e-07,1.9155441891991606e-07,9.577720945995803e-09,0.0005699855428247247,0.012151683600677643,0.01957943121669814,0.0005730609063903103,0.012092239208868705,0.0201615318947006,0.000577089880607673,0.01205384531931486,0.018185537584940903,0.00058379404435982,0.012036316227749921,0.017222958005731925,0.01152948196977377,789.0
3279,joint,0.16695527732372284,1.314275860786438,4.787363184018787e-07,1.9149452736075148e-07,9.574726368037576e-09,0.0006876247171021532,0.016536306182388216,0.019099359400570393,0.0006876250936329598,0.016492022259626538,0.03124267829116434,0.0006898602350702276,0.01646548171993345,0.024030232336372137,0.0006953054326004349,0.016459982725791633,0.02386879871482961,0.021280275657773018,1012.0
3280,joint,0.12573982018511742,2.4426820278167725,4.785860868048544e-07,1.9143443472194175e-07,9.571721736097088e-09,0.0005921362972003408,0.014845138837699778,0.015840425447095186,0.0005923155240452616,0.014792526577366516,0.015638977158232592,0.0005938461054029176,0.014761559912585653,0.015884449749137275,0.0005987154399917927,0.014755127878743224,0.016844601443153806,0.017788751050829887,948.0
3281,joint,0.18971410114318132,3.1474194526672363,4.784353528793988e-07,1.9137414115175952e-07,9.568707057587977e-09,0.0006715329946018755,0.024279968114569783,0.025313469697721303,0.0006699785117234569,0.024247106281109154,0.0225591465132311,0.000670681576593779,0.02422893315088004,0.020511712587904185,0.0006746296203345992,0.024225734785431996,0.021661203703843057,0.01266920194029808,786.0
3282,joint,0.14423205005005002,1.517266035079956,4.782841169974328e-07,1.9131364679897312e-07,9.565682339948657e-09,0.0006397481374733616,0.016161806575837545,0.02343854734499473,0.0006392521372617921,0.016111766250105575,0.015883495230809785,0.0006407368655345635,0.01608242817746941,0.023049683979479596,0.0006453330133808777,0.01607207744382322,0.014867173813399859,0.011707914061844349,517.0
3283,joint,0.18232912360690534,2.8472063541412354,4.781323795321161e-07,1.9125295181284644e-07,9.562647590642322e-09,0.0006678161462332355,0.0172159259673208,0.030093080858932808,0.0006690666141366819,0.017165573008242063,0.031472498434595764,0.0006715812396578258,0.01713162257510703,0.03010664982139133,0.0006772818996978458,0.01711603027069941,0.019341995270224288,0.01510656625032425,1011.0
3284,joint,0.1320306194247678,1.9381334781646729,4.779801408578456e-07,1.9119205634313824e-07,9.559602817156912e-09,0.0006242598246899433,0.013018657773500308,0.020206621440593153,0.0006250316691875923,0.012967116112122312,0.021024081943323836,0.0006273591061471961,0.01293536412413232,0.016995841680909507,0.0006326971561065875,0.012925626971991733,0.019447959304670803,0.011156835593283176,791.0
3285,joint,0.18886197987012565,1.2489534616470337,4.778274013502552e-07,1.911309605401021e-07,9.556548027005105e-09,0.0006923928158357739,0.0173323601775337,0.03223466401686892,0.0006914364530530293,0.01728578979964368,0.027063689049100503,0.000692619079927681,0.017254206351935863,0.032917558681219816,0.0006965886423131451,0.01724504676531069,0.02475562467589043,0.0163087397813797,784.0
3286,joint,0.14619629574008286,2.0377962589263916,4.776741613862145e-07,1.9106966455448582e-07,9.553483227724291e-09,0.0006723347505612765,0.014437586396525148,0.02068365117884241,0.0006704631014144979,0.014390941549208947,0.021439539385028183,0.0006705409723508637,0.01436110373470001,0.022095244741649367,0.0006742612094967626,0.014347581527545117,0.021753047301899642,0.012325331568717957,498.0
3287,joint,0.14519480289891362,2.232269048690796,4.775204213438279e-07,1.9100816853753114e-07,9.550408426876558e-09,0.0006542934843309922,0.014633083483204246,0.021169674830161966,0.0006538672132592183,0.01458590486436151,0.021064460248453543,0.000654625408060383,0.014558618422597647,0.02099757060932461,0.0006584976454178104,0.014551039537764154,0.0210131648927927,0.018057111650705338,948.0
3288,joint,0.11175646388437599,1.5926142930984497,4.773661816024335e-07,1.9094647264097338e-07,9.54732363204867e-09,0.000601527288381476,0.013110088519169949,0.013421204552287236,0.0006023419191478752,0.013070284519926645,0.013550992895034142,0.000603954991674982,0.013045110463281162,0.01475483161630109,0.0006090077386033954,0.013046472842688672,0.01534064688894432,0.01197844184935093,640.0
3289,joint,0.10450711008161306,1.0536714792251587,4.772114425426027e-07,1.9088457701704106e-07,9.544228850852054e-09,0.0006295439670793712,0.010548961057793349,0.01472030536388047,0.0006297110248851823,0.010493743015103973,0.014988600567448884,0.0006313630492513767,0.010456116462592036,0.015119364368729293,0.0006365595818351721,0.01043915210175328,0.015213690581731498,0.01725076138973236,947.0
3290,joint,0.1732303558383137,1.2673677206039429,4.770562045461385e-07,1.908224818184554e-07,9.54112409092277e-09,0.0006851405032648472,0.016964875372650567,0.022734897531336173,0.0006854971343273064,0.016922910472203512,0.023995904659386724,0.0006868146629130933,0.01689919098862447,0.027591675010626204,0.0006913809647812741,0.016895772780117113,0.028476297462475486,0.019231244921684265,1010.0
3291,joint,0.1454476264771074,1.132338285446167,4.769004679960755e-07,1.907601871984302e-07,9.538009359921512e-09,0.000635369078736403,0.018273550464073196,0.018170405965065584,0.0006348140668706037,0.01823416216939222,0.016449904564069584,0.0006358988284773659,0.018209514862974174,0.017323184860288166,0.0006402807266567834,0.018201572020188905,0.018038969617919065,0.011382456868886948,519.0
3292,joint,0.14818817761261016,2.0656259059906006,4.7674423327667804e-07,1.9069769331067123e-07,9.534884665533561e-09,0.0005693613547919085,0.017377824799041264,0.01323025296733249,0.0005735551312682219,0.01732220053963829,0.02440386457601562,0.0005780717892776011,0.017286522692302242,0.01382497389568016,0.0005857947162439814,0.01727287526591681,0.025162882651784457,0.013677268289029598,501.0
3293,joint,0.1277713425224647,1.256832480430603,4.765875007734398e-07,1.906350003093759e-07,9.531750015468796e-09,0.0005933345637458842,0.012735640062601306,0.014772760681807995,0.0005944552649452817,0.012689944851445034,0.023621718166396022,0.0005968583282083273,0.012663247383898124,0.021766099060187116,0.0006023740770615404,0.012653791898628697,0.014481115620583296,0.016981154680252075,785.0
3294,joint,0.16153450054116547,2.512720823287964,4.764302708730826e-07,1.9057210834923305e-07,9.528605417461652e-09,0.0005988159336993704,0.017749643651768565,0.02387043385533616,0.0005985069601592841,0.01770377589855343,0.02303408633451909,0.0005998016349622048,0.0176727539364947,0.017363688893965445,0.0006042026598152006,0.01766041728842538,0.024078377638943493,0.013636862859129906,638.0
3295,joint,0.139078187989071,1.1276862621307373,4.762725439635556e-07,1.9050901758542223e-07,9.525450879271113e-09,0.0006665833225270035,0.013944929640274495,0.017067534470697865,0.0006675944277958479,0.013902795486501418,0.016804833052447066,0.000669664532324532,0.013875878416001797,0.023618217674084008,0.0006746564704371849,0.0138678780203918,0.023317620099987835,0.013561064377427101,596.0
3296,joint,0.12280497804749757,1.625269889831543,4.7611432043403434e-07,1.9044572817361373e-07,9.522286408680688e-09,0.0006184382909850683,0.01209789383574389,0.0170072511973558,0.0006179241645440925,0.012042405855027027,0.017048421781510115,0.0006190552667248994,0.012004639633232728,0.018983433474204503,0.0006234617521840846,0.011993533611530438,0.019148520776070654,0.01623844914138317,946.0
3297,joint,0.1347247912781313,1.3009194135665894,4.759556006749195e-07,1.903822402699678e-07,9.519112013498392e-09,0.0006545282885781489,0.014134548197034746,0.015477614375413395,0.0006574527033080813,0.014087138559261803,0.016151170653756708,0.0006611140815948602,0.014060151428566314,0.027481964498292655,0.000667585250994307,0.014053880935534835,0.016637640161206946,0.012143855914473534,784.0
3298,joint,0.141103376285173,1.7679864168167114,4.757963850778365e-07,1.903185540311346e-07,9.51592770155673e-09,0.0006889489413879346,0.016635711363051087,0.018562326236860827,0.0006900325806782348,0.016592675914580468,0.017964332946576178,0.0006919853603903903,0.016563809498620685,0.017483749776147306,0.000697341856721323,0.016551307482586708,0.01798115429119207,0.012725882232189178,486.0
3299,joint,0.12510048120748252,1.400728702545166,4.756366740356338e-07,1.9025466961425355e-07,9.512733480712678e-09,0.0006505364308395656,0.012896519459900446,0.018023015101789497,0.0006522552939713933,0.01284481756738387,0.015296984638553113,0.0006551089645654429,0.012814266592613421,0.019365807791473344,0.0006609478477912489,0.012807312567019835,0.01843291029217653,0.013658794574439526,520.0
3300,joint,0.133604287635535,1.4944827556610107,4.754764679423827e-07,1.901905871769531e-07,9.509529358847655e-09,0.0005827374479849823,0.012845290562836453,0.021862239576876163,0.0005859878565388499,0.012790978551493026,0.022385064396075904,0.0005894049663766054,0.012756446012645029,0.01410655357176438,0.0005957048269920051,0.012745011335937306,0.021758866554591805,0.017539918422698975,948.0
3301,joint,0.12062534189317375,1.7918477058410645,4.7531576719337576e-07,1.9012630687735028e-07,9.506315343867516e-09,0.0006279269728111103,0.012101810512831435,0.015131996275158599,0.0006313421054073842,0.012043945127516054,0.01602060605364386,0.0006354775759973563,0.012006266581011005,0.01599106809590012,0.0006422451733669732,0.011990439321380109,0.022802218270953745,0.011450337246060371,476.0
3302,joint,0.13144716899842024,1.1968481540679932,4.7515457218512607e-07,1.9006182887405042e-07,9.503091443702521e-09,0.000605245448241476,0.014907683049386833,0.01769204680749681,0.0006062927259335993,0.014856815338134766,0.017787766904802993,0.0006088979134801775,0.014822484139585868,0.016793863629573025,0.000614690830843756,0.014812041634286288,0.017339336292934604,0.018466046079993248,950.0
3303,joint,0.19379378808662295,2.0571093559265137,4.7499288331536616e-07,1.8999715332614647e-07,9.499857666307324e-09,0.0006369956154230749,0.019906961410015356,0.03089621794060804,0.0006374906370183453,0.019849931784847286,0.030191100799129345,0.0006392829418473411,0.01981340325437486,0.031090607153601013,0.000644486444798531,0.01979729834420141,0.019690014101797715,0.01167023554444313,498.0
3304,joint,0.08414818614255637,1.742710828781128,4.748307009830475e-07,1.89932280393219e-07,9.496614019660952e-09,0.0005179371200938476,0.009065802019904368,0.012162115759565495,0.0005214393913774984,0.00899822601058986,0.011314603514620103,0.0005254356383375125,0.008952236050390638,0.011694926681229845,0.0005329985724529251,0.008930686140956823,0.010931779150268994,0.010286817327141762,493.0
3305,joint,0.15395024744793773,1.6150885820388794,4.7466802558833875e-07,1.898672102353355e-07,9.493360511766775e-09,0.000679811360896565,0.014175010976032354,0.023431718625943176,0.0006784372380934656,0.014116473321337253,0.021862388734007254,0.0006793762713641627,0.014076986597501673,0.025049647345440462,0.0006836629036115482,0.014059584063943475,0.024457145103951916,0.017923634499311447,1009.0
3306,joint,0.17626449116505682,1.847955584526062,4.745048575326252e-07,1.8980194301305008e-07,9.490097150652505e-09,0.0007344071054831147,0.017888814487378113,0.024654373904922977,0.0007343400538957212,0.017848580871941522,0.027583923685597256,0.0007355352172453422,0.017822580484789796,0.024651055777212605,0.0007396143882942852,0.017812821388361044,0.02505844706320204,0.013084313832223415,793.0
3307,joint,0.20968042756430805,1.9834346771240234,4.7434119721850787e-07,1.8973647888740313e-07,9.486823944370158e-09,0.0007120058253349271,0.020856940653175116,0.026772114244522527,0.0007106535304046702,0.02081468381220475,0.03362247932818718,0.0007109678626875393,0.020789157002582215,0.0350148783181794,0.0007142815447878093,0.02078044749214314,0.028181816858705133,0.0195790845900774,1011.0
3308,joint,0.0882188759278506,3.2626547813415527,4.7417704504980236e-07,1.8967081801992095e-07,9.483540900996048e-09,0.0005239011043158825,0.00959970497933682,0.012281587289180607,0.0005279434553813189,0.009525642613880336,0.012286570781725459,0.0005319564552337397,0.0094784209941281,0.011916057235794142,0.0005394499603426084,0.00945549719472183,0.011552143754670396,0.015556151047348976,947.0
3309,joint,0.10627479152753949,1.6438138484954834,4.7401240143153784e-07,1.8960496057261515e-07,9.480248028630758e-09,0.0005925626537646167,0.010890390432905406,0.015268296585418284,0.0005919291434111074,0.010837453766725957,0.017145541904028505,0.0005938671820331365,0.010804582678247243,0.015141572279389948,0.0005986534724797821,0.01079061656491831,0.013019325793720782,0.012871351093053818,518.0
3310,joint,0.14838298503309488,1.9397999048233032,4.73847266769956e-07,1.895389067079824e-07,9.47694533539912e-09,0.0006833874867879786,0.01745705796929542,0.019026370107894763,0.0006807428653701209,0.017413183828466572,0.018979225613293238,0.0006809705937484978,0.017385681901942007,0.019487276062136516,0.0006839301950094523,0.017378194082994014,0.01852696211426519,0.011111566796898842,638.0
3311,joint,0.14881287165917456,1.8386389017105103,4.736816414725102e-07,1.894726565890041e-07,9.473632829450205e-09,0.0006445676626753993,0.016646033094730228,0.015427072503371164,0.0006453625574067701,0.016601401337538846,0.0241694964497583,0.0006474494020949351,0.01657389401225373,0.023396471107844263,0.0006526953620777931,0.016564090678002685,0.01684433632181026,0.010357003659009933,520.0
3312,joint,0.1159186065196991,1.5689514875411987,4.735155259478645e-07,1.8940621037914578e-07,9.47031051895729e-09,0.000596340751144453,0.011743284354452044,0.01567921056994237,0.0005989424116705777,0.011697736714268103,0.0174711758736521,0.0006025652055541286,0.011670369261992164,0.01690441629034467,0.0006093892807257362,0.01166495677898638,0.016680220200214535,0.013271006755530834,790.0
3313,joint,0.18457675515674055,2.010760545730591,4.733489206058923e-07,1.893395682423569e-07,9.466978412117846e-09,0.0007087084704835434,0.018648231591214426,0.03093198436545208,0.0007108766076271422,0.018597434187540784,0.02213453856529668,0.0007135381438274635,0.018565865568234585,0.029889313867897727,0.0007195980924734613,0.018552195106167346,0.024404468451393768,0.016749389469623566,1015.0
3314,joint,0.1202789917588234,1.514406442642212,4.731818258576758e-07,1.8927273034307032e-07,9.463636517153517e-09,0.0006104350741225062,0.011769012824515812,0.017244680115254596,0.0006110270605859114,0.011717938396031968,0.017913014395162463,0.0006135386374808149,0.011689847422530875,0.019655862808576785,0.0006188804745761445,0.011681774616590701,0.01615298133401666,0.013621059246361256,783.0
3315,joint,0.1747569057624787,2.1846601963043213,4.7301424211550465e-07,1.8920569684620187e-07,9.460284842310095e-09,0.0006761282074876362,0.02026896321331151,0.022822865576017648,0.0006751117580279242,0.020222839346388355,0.020374289044411853,0.000676393316098256,0.02019612758886069,0.024073040374787524,0.0006804557269788347,0.020184799999697134,0.023905893292976543,0.01272786594927311,791.0
3316,joint,0.1251188893802464,1.3866344690322876,4.728461697928751e-07,1.8913846791715005e-07,9.456923395857503e-09,0.0006462664096034132,0.012198482581879944,0.015457863395567983,0.0006458352345362073,0.012144626583904028,0.02260856027714908,0.0006472395798482466,0.012110655530705117,0.01533049892168492,0.0006516684734378941,0.012096097838366404,0.020581096439855173,0.011731326580047607,501.0
3317,joint,0.11804389557801187,1.4414385557174683,4.7267760930448895e-07,1.890710437217956e-07,9.45355218608978e-09,0.0006139392098702956,0.011561336024897173,0.01741374854464084,0.0006135488984000403,0.011512708166264929,0.018132607656298205,0.0006152959103928879,0.011482774847536348,0.017595907615032047,0.0006202419863257091,0.011471161895315163,0.01641062367707491,0.01795336790382862,638.0
3318,joint,0.180329232593067,1.6109730005264282,4.725085610662524e-07,1.8900342442650096e-07,9.450171221325047e-09,0.0006757863047823776,0.019254607977927662,0.017999226256506518,0.0006765359776181867,0.019214688945794478,0.027543354488443583,0.0006788611317460891,0.019188463615137152,0.033408352494006976,0.000683928417856805,0.019176271729520522,0.02182916135643609,0.017176400870084763,1009.0
3319,joint,0.13182613044045866,1.7311038970947266,4.723390254952751e-07,1.8893561019811003e-07,9.446780509905502e-09,0.0006162223980936687,0.012637600331800058,0.020000330783659592,0.0006164756196085364,0.012587673001689836,0.019882965105352923,0.0006183984369272366,0.012556613946799189,0.019254034210462123,0.0006233325148059521,0.012543505756184459,0.019888977069058456,0.012482737191021442,789.0
3320,joint,0.1370480335317552,7.898125648498535,4.7216900300986927e-07,1.8886760120394772e-07,9.443380060197387e-09,0.0006504891716758721,0.014275380468461663,0.017832938814535737,0.0006494853187177796,0.014233449546736665,0.02104784845141694,0.000650704716463224,0.014208491906174459,0.018562764598755166,0.0006544622865476413,0.014196421092492528,0.020085600088350475,0.013996144756674767,574.0
3321,joint,0.11590732785407454,3.103841543197632,4.7199849402954857e-07,1.8879939761181942e-07,9.439969880590972e-09,0.000519960649398854,0.012374780264508445,0.015595354983815923,0.0005254758270893944,0.01231008990725968,0.018109406737494282,0.0005307858737069182,0.012266061443369836,0.01586466553271748,0.0005384339692682261,0.012244515964994207,0.015027799439849332,0.010925255715847015,783.0
3322,joint,0.13018760341219604,2.0515968799591064,4.7182749897502687e-07,1.8873099959001075e-07,9.436549979500538e-09,0.0006083889566070866,0.01523263678245712,0.017271258227992803,0.0006079663999116747,0.015174437896348536,0.016140432737302035,0.0006100962018535938,0.015134908346226439,0.016855726426001638,0.0006155776773084654,0.015120360927539878,0.01681581075536087,0.010458206757903099,518.0
3323,joint,0.1923093389486894,1.928371548652649,4.7165601826821747e-07,1.88662407307287e-07,9.43312036536435e-09,0.000663397520838771,0.01919727107451763,0.02143167234316934,0.0006649935930909123,0.019146218124660663,0.030539096987922676,0.0006673692369076889,0.019112609646981582,0.029390310912276618,0.000672666406899225,0.019101315789157525,0.03172241982247215,0.023408319801092148,1009.0
3324,joint,0.16636880696751177,2.361344575881958,4.7148405233223196e-07,1.8859362093289279e-07,9.42968104664464e-09,0.0006408684839698253,0.018526094310800545,0.023893481949926354,0.0006430760167859262,0.018478288504411466,0.02039732334378641,0.0006463587669713888,0.018447354523232207,0.02554477599915117,0.0006516881130664842,0.018435117715853266,0.020064375232323073,0.019660847261548042,1012.0
3325,joint,0.13653742789756507,1.7600959539413452,4.7131160159137933e-07,1.8852464063655174e-07,9.426232031827588e-09,0.0006313330177363241,0.013531059244996868,0.020196299796225503,0.0006303593600023305,0.013481064146617427,0.020446916416403838,0.0006310538283287315,0.013448777521261945,0.01985879518906586,0.0006346873851725832,0.01343711513618473,0.019609967232099734,0.01804480142891407,945.0
3326,joint,0.14029108616523445,1.516045093536377,4.711386664711645e-07,1.8845546658846582e-07,9.42277332942329e-09,0.0006364877099258592,0.013679218041943386,0.019650865258881822,0.0006353949884214671,0.013632514965138398,0.02043428539764136,0.000636603213933995,0.013604019230115227,0.02063279421417974,0.0006406484553735936,0.013591626091510989,0.022516629076562822,0.00970397423952818,784.0
3327,joint,0.17742863832972944,1.3970742225646973,4.709652473982877e-07,1.8838609895931507e-07,9.419304947965755e-09,0.000674832966979011,0.01743194724258501,0.028668013401329517,0.0006765043926861836,0.017378364034811966,0.01821004060911946,0.0006797522873966955,0.017338973164441995,0.029378626844845712,0.0006851578600617358,0.01731940840545576,0.02898702406673692,0.011947933584451675,575.0
3328,joint,0.18571908050216734,1.8256360292434692,4.7079134480064323e-07,1.883165379202573e-07,9.415826896012866e-09,0.0006456600222009001,0.021876832164707594,0.026537933459621854,0.0006481337168224854,0.02182303596055135,0.019491421582642943,0.0006513325315609109,0.02178765059215948,0.021759341354481876,0.000657094629787025,0.02177618558926042,0.028064462618203834,0.012440228834748268,574.0
3329,joint,0.11274630844127387,1.135240912437439,4.706169591073186e-07,1.8824678364292743e-07,9.412339182146373e-09,0.0005757802118750988,0.011846038236399181,0.014851943255052902,0.0005793845612060977,0.011790112308517564,0.01917918435356114,0.000583587938308483,0.011756471867556684,0.015141020077862777,0.0005910488034714945,0.011744094277673867,0.01410764102183748,0.017370037734508514,1010.0
3330,joint,0.10213461797684431,1.051417350769043,4.7044209074859304e-07,1.881768362994372e-07,9.408841814971861e-09,0.0005813937459606677,0.010232283020741306,0.014473407820332795,0.0005823690735269338,0.01017601354396902,0.01469758826715406,0.0005847886750416365,0.0101400022249436,0.014710619347169995,0.0005904880872549256,0.010126268418389373,0.015239395113894716,0.011714601889252663,575.0
3331,joint,0.14889479335397482,1.5565087795257568,4.702667401559369e-07,1.8810669606237475e-07,9.405334803118739e-09,0.0007193851160991471,0.015211685153190047,0.021163957921089604,0.0007181865166785428,0.01516164155327715,0.021346607827581465,0.0007190917513071327,0.01512771172565408,0.02223112591309473,0.0007232591015053913,0.015113756438950077,0.020658382447436452,0.012173139490187168,520.0
3332,joint,0.11625654576346278,1.3245348930358887,4.700909077620102e-07,1.880363631048041e-07,9.401818155240205e-09,0.000665193405438913,0.011259878025157377,0.01630479921004735,0.0006658774782408727,0.011208633426576853,0.01786348776658997,0.0006685769367322791,0.011176558560691774,0.018240189441712573,0.0006743505764461588,0.011161707632709295,0.016367292613722384,0.013155611231923103,501.0
3333,joint,0.17458079778589308,1.2673619985580444,4.699145940006622e-07,1.8796583760026487e-07,9.398291880013245e-09,0.0006630397147091571,0.01706751737947343,0.028709855614579283,0.0006634347973886179,0.017021333260345273,0.028055410599336028,0.0006649826973443851,0.016994185265502892,0.029335459432331845,0.0006699293026031228,0.016985606438538525,0.017750045546563342,0.017861291766166687,943.0
3334,joint,0.12573239230550826,1.9560134410858154,4.6973779930692925e-07,1.878951197227717e-07,9.394755986138586e-09,0.0005775849713245407,0.013113336521200836,0.023343797132838517,0.0005806465833302354,0.013061460427707061,0.022395058680558577,0.0005841980564582627,0.013027878041611984,0.012860618240665644,0.0005905938414798584,0.01301409097504802,0.012583125790115446,0.01059834472835064,639.0
3335,joint,0.11943996883928776,1.5141690969467163,4.695605241170349e-07,1.8782420964681396e-07,9.391210482340699e-09,0.0006154516013339162,0.012913715690956451,0.024504098226316273,0.0006164571896078996,0.01285665798059199,0.013946143866633065,0.0006193207191245165,0.012817075810744427,0.013341727812075987,0.0006245693057280732,0.012799871925381012,0.013784875947749242,0.016061685979366302,636.0
3336,joint,0.11614966113120317,2.101210117340088,4.693827688683879e-07,1.8775310754735517e-07,9.387655377367758e-09,0.0006223077962204115,0.013016867815167643,0.015119552073883824,0.0006232436244317796,0.01296661954256706,0.01470884527952876,0.0006254964864638168,0.012936566083226353,0.015387425170047209,0.0006309597920335364,0.012928035008371808,0.01658374277758412,0.011735241860151291,596.0
3337,joint,0.16079207975417376,1.328040361404419,4.692045339995818e-07,1.8768181359983272e-07,9.384090679991637e-09,0.0006498951061075786,0.016097232524771243,0.01741980125370901,0.0006503945824078983,0.01604883403342683,0.029410610455670394,0.0006523382362502161,0.01601803000085056,0.01802496322488878,0.0006572182355739642,0.016008236663765274,0.02915452912566252,0.01185073982924223,596.0
3338,joint,0.1108785760588944,1.453318476676941,4.6902581995039335e-07,1.8761032798015735e-07,9.380516399007867e-09,0.0005623646684398409,0.010666314250556752,0.01675973171950318,0.0005635818743030541,0.010614295199047774,0.016850228450493887,0.0005663803167408332,0.01058081176597625,0.016883948061149567,0.0005722389523725724,0.010570595957688056,0.015688081533880904,0.014342380687594414,638.0
3339,joint,0.08512233104556799,1.0813161134719849,4.6884662716178177e-07,1.875386508647127e-07,9.376932543235636e-09,0.0005116610118420795,0.008313261518196668,0.013001653671381064,0.000514927894982975,0.00825459900079295,0.012158973127952777,0.0005184093315619975,0.008215041358198505,0.011979301940300502,0.0005250460144452518,0.008200847922125831,0.012928610070957802,0.01555764302611351,782.0
3340,joint,0.1236324702622369,1.4971201419830322,4.686669560758873e-07,1.874667824303549e-07,9.373339121517747e-09,0.0005598091411229689,0.014773937240533996,0.016028384357923642,0.0005601752945949556,0.014722062558575999,0.015427174264914356,0.0005626497859338997,0.014693651624838822,0.015296573357773013,0.0005683288327418268,0.014686116250231862,0.015753607454826124,0.012916730716824532,783.0
3341,joint,0.14162744139321148,1.2962373495101929,4.684868071360306e-07,1.8739472285441223e-07,9.369736142720614e-09,0.0006411351914721308,0.013751425023656338,0.02172074085683562,0.0006406542597687803,0.013709350518183783,0.021870099910302088,0.0006415379484678851,0.013682645163498819,0.020052656705956906,0.0006459401884058025,0.013674571717274375,0.020596683636540547,0.012848099693655968,639.0
3342,joint,0.24684103683102876,2.722517967224121,4.683061807867113e-07,1.8732247231468453e-07,9.366123615734227e-09,0.0007388442609226331,0.025641308748163283,0.037156668258830905,0.0007393626910925377,0.02560105116572231,0.036885580673697405,0.0007417333563353168,0.02557940338010667,0.034879607512266375,0.0007463289693987463,0.02557328960392624,0.032557861530222,0.0170680470764637,1007.0
3343,joint,0.17970178474206477,1.6353588104248047,4.681250774736068e-07,1.8725003098944273e-07,9.362501549472136e-09,0.000650041931294254,0.02138316036143806,0.020545587176457047,0.0006502534142782679,0.021330461400793865,0.018376634092419408,0.000651971296974807,0.021296838771377224,0.022628006641753018,0.0006563684655702673,0.021283319700160064,0.030249143441324122,0.016762323677539825,944.0
3344,joint,0.13281001523137093,1.9239110946655273,4.679434976435718e-07,1.871773990574287e-07,9.358869952871435e-09,0.0006352402979246108,0.014407756505534053,0.018171541101764888,0.0006336852402455406,0.014357287582242861,0.018294314941158518,0.0006344788616843289,0.014320891292300075,0.01866403763415292,0.000638745748801739,0.014304871845524758,0.017747163452440873,0.014925491064786911,783.0
3345,joint,0.12416725989896804,2.0711450576782227,4.677614417446362e-07,1.8710457669785446e-07,9.355228834892723e-09,0.0006362589920172468,0.012803935642295983,0.018481455656001344,0.0006358659775287379,0.01275675942451926,0.017724522855132818,0.0006373093456204515,0.012728049194265623,0.016928303812164813,0.0006418659068003763,0.012720580300083384,0.017472354535129853,0.011885927990078926,640.0
3346,joint,0.12991260387934744,1.2786085605621338,4.6757891022600493e-07,1.8703156409040198e-07,9.3515782045201e-09,0.0005534287192858756,0.016236853683949448,0.016508420900208876,0.0005553993632929632,0.016175513534108177,0.01562925541657023,0.0005590901455434505,0.016134875753778033,0.016130192554555833,0.0005656649191223551,0.01612174573529046,0.014742164217750542,0.017423437908291817,946.0
3347,joint,0.12927474337629974,1.8515043258666992,4.673959035380564e-07,1.8695836141522255e-07,9.347918070761128e-09,0.000616605722825625,0.012346934716333635,0.01826030691154301,0.0006166727489471668,0.012290769052924588,0.019640508311567828,0.0006183839668665314,0.012253043954842724,0.020138294057687744,0.0006227126705198316,0.012238148861797526,0.019632360810646787,0.012362207286059856,784.0
3348,joint,0.1091263722628355,1.664243459701538,4.672124221323414e-07,1.8688496885293657e-07,9.344248442646829e-09,0.0005720214285247494,0.010580027752439491,0.01596492544922512,0.0005728502474084962,0.010515803231101017,0.016376164901885204,0.000575842808757443,0.010477187533979304,0.016510955538251437,0.0005822048151458148,0.010465688072144985,0.015932699767290615,0.01206890493631363,519.0
3349,joint,0.16111928957980126,3.5693483352661133,4.6702846646158204e-07,1.8681138658463282e-07,9.340569329231642e-09,0.0006661417755822185,0.017346208886010572,0.019548952695913613,0.0006673716525256168,0.017305187342572026,0.022840335790533572,0.0006699796158500249,0.017283144319662824,0.018794807547237724,0.0006759070274711121,0.01728115530568175,0.028040098302881233,0.0166664756834507,1009.0
3350,joint,0.15456679475028068,1.5727057456970215,4.6684403697967073e-07,1.867376147918683e-07,9.336880739593415e-09,0.0006300837958406191,0.013927696243626997,0.02360891293210443,0.0006331500389933353,0.01387390487070661,0.02329275105148554,0.0006372153056872776,0.013843228378391359,0.024934873057645746,0.0006438988475565566,0.013834250887157395,0.024706827374757268,0.02066846750676632,1006.0
3351,joint,0.12592843314632773,1.432205080986023,4.666591341416688e-07,1.8666365365666753e-07,9.333182682833377e-09,0.0006189942159835482,0.012740601581754163,0.021627491485560313,0.0006206097605172545,0.012684813620580826,0.017959580654860474,0.0006238453788682818,0.012647873336391058,0.01646296809485648,0.0006303387490333989,0.012630457909835968,0.016680857544997707,0.017872538417577744,1008.0
3352,joint,0.08750278770457953,1.6966179609298706,4.6647375840380564e-07,1.8658950336152227e-07,9.329475168076114e-09,0.0005222983982093865,0.008507492842909414,0.013314491414348595,0.0005245765423751436,0.00843783426535083,0.013231180535512976,0.0005283450263959821,0.008391824972932227,0.013181233749492094,0.0005353834058041684,0.008370964365894906,0.011957162831095047,0.013737695291638374,485.0
3353,joint,0.13478472374845296,1.3424352407455444,4.662879102234775e-07,1.86515164089391e-07,9.32575820446955e-09,0.0006398463247023756,0.014296425055363216,0.018651765742106363,0.0006399914618668845,0.014242491859477013,0.01898831911967136,0.0006417398544726893,0.014208733889972791,0.0188384046923602,0.0006468355641118251,0.014194132556440309,0.01879603764973581,0.021116191521286964,949.0
3354,joint,0.18623949866741896,1.4534542560577393,4.661015900592462e-07,1.8644063602369847e-07,9.322031801184926e-09,0.0006743490812368691,0.021494042681297287,0.018148626433685422,0.0006736796822224278,0.021445279329782352,0.030164698546286672,0.0006751862492819782,0.021410725312307477,0.024748277093749493,0.0006798059403081425,0.021398658078396693,0.024726170173380524,0.017842678353190422,1009.0
3355,joint,0.16836359142325819,4.442707061767578,4.6591479837083834e-07,1.8636591934833535e-07,9.318295967416768e-09,0.000650147821943392,0.020254657691111788,0.02578996485681273,0.0006493353903351817,0.0202055265835952,0.018834600574336946,0.0006509679533337476,0.020175576966721565,0.02397502976236865,0.0006557963752129581,0.020165602210909128,0.01635638266452588,0.011113096959888935,791.0
3356,joint,0.13114984484855086,2.1522064208984375,4.657275356191437e-07,1.8629101424765749e-07,9.314550712382874e-09,0.00060644423138001,0.015150189617997967,0.017265337737626396,0.0006071801108191721,0.015097513707587495,0.016552562592551112,0.0006099463425925933,0.015065022700582631,0.01693580608116463,0.0006157684365462046,0.015051690919790417,0.017592383795999922,0.011141711845993996,574.0
3357,joint,0.16482299810741097,3.1380066871643066,4.6553980226621467e-07,1.8621592090648585e-07,9.310796045324294e-09,0.0006421710622817045,0.01978729199618101,0.022817132208729163,0.000640754622509121,0.01973778460524045,0.019416158422245644,0.000641341586742783,0.01970474333211314,0.019212888437323272,0.0006447811356338207,0.01969134596583899,0.02188660457613878,0.015863962471485138,946.0
3358,joint,0.1318662491394207,1.0971466302871704,4.653515987752645e-07,1.8614063951010578e-07,9.30703197550529e-09,0.0005557291406148579,0.013086276630929206,0.020591165986843407,0.0005607102666544961,0.013025359956372995,0.028331669032922946,0.0005657010406139307,0.012985880268388428,0.010005223026382737,0.000573939532841905,0.012977860147657339,0.018606736412039027,0.012587868608534336,501.0
3359,joint,0.17037725751288235,1.9707120656967163,4.651629256106666e-07,1.8606517024426665e-07,9.303258512213334e-09,0.0006587123243662063,0.016553441644646227,0.028829190792748705,0.0006598350501008099,0.016491460730321705,0.027222387958317995,0.0006622172822972061,0.016447462039650418,0.022902065218659118,0.0006670424445474055,0.016424497080151923,0.022858942567836493,0.0179067924618721,1016.0
3360,joint,0.16669861262198538,1.540987491607666,4.649737832379534e-07,1.8598951329518137e-07,9.299475664759069e-09,0.0006541769089380978,0.01925764155748766,0.017987987739616074,0.000651814800221473,0.01920980443537701,0.026741195033537224,0.0006516289504361339,0.019181331706931815,0.02491248033766169,0.000654766885418212,0.019168707309290767,0.017627078341320157,0.014119492843747139,639.0
3361,joint,0.11926773190498352,3.154280662536621,4.6478417212381473e-07,1.859136688495259e-07,9.295683442476295e-09,0.0006443984930228908,0.01186323311412707,0.017183102463604882,0.0006437855536205461,0.011801409535109997,0.017503346389275976,0.0006452518464357127,0.011755837098462507,0.0179797786695417,0.0006501810839836253,0.011733305058442056,0.01686410380352754,0.009431923739612103,499.0
3362,joint,0.15622375288512558,2.4999442100524902,4.6459409273609723e-07,1.8583763709443889e-07,9.291881854721945e-09,0.0007257735433086054,0.014728843292687088,0.026994043902959675,0.0007279565215867478,0.01467472015065141,0.016733854077756405,0.0007314016111195087,0.014640524663263932,0.02574652587645687,0.0007375321984000038,0.014622923161368817,0.02515965557540767,0.012705737724900246,520.0
3363,joint,0.1306687204632908,1.5200480222702026,4.644035455438029e-07,1.8576141821752116e-07,9.288070910876058e-09,0.000610818766290322,0.013723005293286406,0.018460040271747857,0.0006131761147116777,0.013663603604072705,0.01873722097661812,0.0006167491810629144,0.013627524967887439,0.018602095733513124,0.0006236216686374974,0.013613812407129444,0.017777051994926296,0.0166209414601326,1007.0
3364,joint,0.13772744638845325,1.4287176132202148,4.64212531017088e-07,1.856850124068352e-07,9.28425062034176e-09,0.0006348599599732552,0.014616201136959717,0.01831226743524894,0.0006352972977765603,0.014560691226506606,0.02020524967520032,0.0006378377838700544,0.014521618155413307,0.018610104772960767,0.0006432127811422106,0.01450443419162184,0.019845669783535413,0.01210928987711668,501.0
3365,joint,0.1102424943819642,1.874688982963562,4.6402104962726193e-07,1.8560841985090478e-07,9.28042099254524e-09,0.0005919840696151368,0.010686495210393332,0.015671139597543515,0.0005934017153776949,0.010631384895532392,0.01779109959898051,0.0005964678603049833,0.010600969588267617,0.016920280599151738,0.0006022458255756646,0.010593757455353625,0.014963267836719751,0.017092671245336533,633.0
3366,joint,0.13583509833551943,2.0524468421936035,4.638291018467858e-07,1.8553164073871434e-07,9.276582036935717e-09,0.0006180082673381548,0.013301066777785309,0.019597544567659497,0.000618383626715513,0.013244414323708043,0.018710735545028,0.0006202222321007866,0.013204293296439573,0.020818148579564877,0.0006248047066037543,0.013183102128095925,0.02129437302937731,0.012450208887457848,793.0
3367,joint,0.14095999719575047,1.6360918283462524,4.636366881492719e-07,1.8545467525970877e-07,9.272733762985439e-09,0.0006674855194432894,0.014376915700268,0.01958519039908424,0.0006661362476734212,0.014317740628030151,0.02557415486080572,0.0006668404457741417,0.014277902228059247,0.018328133737668395,0.0006713120546919527,0.014258327224524692,0.017569859162904322,0.018124990165233612,951.0
3368,joint,0.14310364378616214,1.9690533876419067,4.6344380900948187e-07,1.8537752360379274e-07,9.268876180189638e-09,0.0006473924986494239,0.016111009754240513,0.019968031730968505,0.0006458743191615213,0.01605796377407387,0.019091037043835968,0.000646879732812522,0.016025452554458752,0.017921666090842336,0.0006509880076919217,0.016010896652005613,0.019326452049426734,0.0230901837348938,952.0
3369,joint,0.1423388160765171,1.7760916948318481,4.6325046490332566e-07,1.8530018596133026e-07,9.265009298066514e-09,0.0006598559466510778,0.01566784776514396,0.020614573411876336,0.0006598619002033956,0.01561610926000867,0.019359295372851193,0.000661559148284141,0.015578993654344231,0.018231845504487865,0.000666472349621472,0.01556415956292767,0.019058243982726708,0.01467569638043642,640.0
3370,joint,0.2058315803296864,2.084721088409424,4.6305665630786086e-07,1.8522266252314434e-07,9.261133126157217e-09,0.0006933507720532361,0.024118746834574267,0.027978439262369648,0.0006919416518940125,0.024083109237835743,0.030310353758977726,0.0006924953158886638,0.02406224019068759,0.023804796510376036,0.0006964585518289823,0.02406170009635389,0.024637951457407326,0.022518038749694824,1006.0
3371,joint,0.1675222049234435,1.2053134441375732,4.628623837012906e-07,1.8514495348051623e-07,9.257247674025813e-09,0.0006318613832263509,0.01878113295242656,0.01827316101116594,0.000631786135272705,0.0187320710538188,0.026728805503807962,0.0006338160746963695,0.018702743313042447,0.027614509919658303,0.0006385708784364397,0.018693839621846564,0.017459902999689803,0.010104632936418056,596.0
3372,joint,0.19948936440050602,1.7188981771469116,4.626676475629635e-07,1.8506705902518541e-07,9.253352951259271e-09,0.0006190971798787359,0.027659428160404786,0.023546320473542437,0.0006199408217071323,0.027609606069745496,0.02049149996310007,0.0006230409962881822,0.027580396010307595,0.018499804791645147,0.0006296298997767735,0.02757473818201106,0.024035867929342203,0.022595949470996857,1012.0
3373,joint,0.21581140393391252,2.7123377323150635,4.624724483733715e-07,1.849889793493486e-07,9.249448967467431e-09,0.0006411846061382676,0.018962136819027364,0.03142986888997257,0.0006417642216547392,0.018894610955612734,0.032780126843135804,0.0006443500369641697,0.018849945336114615,0.037236535630654544,0.0006497451358882245,0.018828229454811662,0.03625290829222649,0.01742594689130783,1004.0
3374,joint,0.14333080989308655,2.545971155166626,4.6227678661414925e-07,1.849107146456597e-07,9.245535732282986e-09,0.0006379984879458789,0.0191198177926708,0.01517073975992389,0.0006385484739439562,0.019070897164056078,0.01730009105813224,0.0006412780057871714,0.019041810563066974,0.015303539345040917,0.000647182074317243,0.01903366886836011,0.016725237292121165,0.016108209267258644,631.0
3375,joint,0.12619029229972512,1.137862205505371,4.620806627680727e-07,1.8483226510722906e-07,9.241613255361455e-09,0.0005701660575141432,0.01458767159783747,0.01543315286107827,0.0005739181342505617,0.014531534390698653,0.01799615053460002,0.0005790726572740823,0.014498722586722579,0.017414940695744008,0.0005871398152521579,0.014490345762169454,0.014927475902368315,0.014532303437590599,597.0
3376,joint,0.15702826087363064,2.3795623779296875,4.618840773190578e-07,1.8475363092762313e-07,9.237681546381158e-09,0.0006808360376453493,0.016963096539257094,0.02576215263979975,0.0006795678582420805,0.016914806561544538,0.02022125587973278,0.000680766417644918,0.016886147714103572,0.02049039823759813,0.0006847266122349538,0.01687792589655146,0.020186583293252625,0.017418473958969116,1010.0
3377,joint,0.12571367737837136,1.5030937194824219,4.6168703075215983e-07,1.8467481230086392e-07,9.233740615043196e-09,0.000638380523014348,0.012549481252790429,0.017961961508262902,0.0006400663150998298,0.012484601269534323,0.01941772313148249,0.0006429827408283018,0.012442097257007845,0.0180146792990854,0.0006488448962045368,0.012423060921719298,0.017849795782240108,0.013110186904668808,783.0
3378,joint,0.1558978722896427,2.1759555339813232,4.614895235535714e-07,1.8459580942142855e-07,9.22979047107143e-09,0.0007012837086222135,0.016782451566541567,0.02112655929522589,0.0006994332670728909,0.01673258258961141,0.021937923738732934,0.0006999396064202301,0.016695750266080722,0.021679588448023424,0.0007033367983240169,0.016679391352226958,0.021459631738252938,0.01114298589527607,783.0
3379,joint,0.14831167040392756,1.7045347690582275,4.6129155621062205e-07,1.8451662248424883e-07,9.225831124212442e-09,0.0007016028666839702,0.014689795032609254,0.02224355668295175,0.0007003133741818601,0.014638141859904863,0.020911072788294405,0.0007008715801930521,0.014604610711103305,0.021173091168748215,0.0007048087063594721,0.014594669890357181,0.022649135265965015,0.014437589794397354,641.0
3380,joint,0.15974780509714037,1.9338171482086182,4.610931292117763e-07,1.8443725168471053e-07,9.221862584235528e-09,0.0006488934868684737,0.01681437747902237,0.023323448913288303,0.0006500768413388869,0.016757466597482562,0.02369098005874548,0.0006532294173666742,0.016724180051824078,0.02185855976131279,0.0006591400106117362,0.016713246528524905,0.021254207065794617,0.014814079739153385,791.0
3381,joint,0.13396480958908796,2.876842498779297,4.608942430466334e-07,1.8435769721865335e-07,9.217884860932668e-09,0.0006274306761042681,0.016207762440899387,0.015375171875348315,0.0006283698749030009,0.016159591119503602,0.021921866573393345,0.0006310423523245845,0.01612741846474819,0.015606310596922413,0.0006373352280206745,0.016115919803269207,0.013926588406320661,0.014162644743919373,640.0
3382,joint,0.13164353067986667,1.3020272254943848,4.606948982059249e-07,1.8427795928236996e-07,9.213897964118498e-09,0.00064282535277016,0.01270823807863053,0.02094358047179412,0.0006460914592025802,0.012648575386265293,0.017614858064916916,0.0006507572252303362,0.01260725362226367,0.02010990070994012,0.0006583476988453185,0.012591817074280698,0.019821283145574853,0.012685984373092651,794.0
3383,joint,0.11052377428859472,2.012866497039795,4.604950951815144e-07,1.8419803807260576e-07,9.209901903630288e-09,0.0006050578122085426,0.010738953918917105,0.01777870359364897,0.0006052258158888435,0.01067139784572646,0.015803402347955853,0.0006072483338357415,0.010624534043017775,0.016364148614229634,0.000612540101428749,0.010599244356853887,0.015513314923737198,0.010738903656601906,792.0
3384,joint,0.20091431471519172,2.3067119121551514,4.602948344663961e-07,1.8411793378655845e-07,9.205896689327923e-09,0.0006993256702116923,0.019664372695842758,0.03018884643097408,0.0007004968374531018,0.01962361800542567,0.03051282252999954,0.0007026568746368866,0.01960048923501745,0.02648669865448028,0.0007079746501403861,0.01959723608160857,0.032429774961201474,0.02008199691772461,1005.0
3385,joint,0.11533818044699728,1.6449151039123535,4.6009411655469344e-07,1.8403764662187739e-07,9.201882331093869e-09,0.0005634969420498237,0.01256864913739264,0.0161840246146312,0.0005639436076307902,0.012507724299211986,0.015345161853474565,0.0005664236941811396,0.012467553213355131,0.015719117393018678,0.0005721863271901384,0.01245302009920124,0.01582687812333461,0.016407538205385208,640.0
3386,joint,0.15827442053705454,2.5900135040283203,4.598929419416578e-07,1.839571767766631e-07,9.197858838833156e-09,0.0006404264713637531,0.018041182280285284,0.020617541653336957,0.0006382444989867508,0.017992131208302453,0.024130441073793918,0.0006388140172930434,0.017962543875910342,0.019597565406002104,0.0006429898930946365,0.01795581486658193,0.019416725233895704,0.016790466383099556,1004.0
3387,joint,0.1433250072877854,1.8762379884719849,4.5969131112366755e-07,1.8387652444946702e-07,9.193826222473351e-09,0.0006231214283616282,0.01648051821393892,0.01660986349452287,0.00062395306849794,0.016431983705842867,0.016534383816178888,0.0006263419327297015,0.016408526280429214,0.021593981378828175,0.0006320598240563413,0.01640821980254259,0.020352053237729706,0.016224326565861702,1003.0
3388,joint,0.11739760800264776,1.6798601150512695,4.5948922459822674e-07,1.837956898392907e-07,9.189784491964535e-09,0.000601295872911578,0.011469647753983736,0.01806403580121696,0.0006016413499310147,0.011407271595089696,0.017878942395327613,0.0006039609925210243,0.011366095568519086,0.0165629030962009,0.0006091684008424636,0.011349167107255198,0.016883478296222165,0.018897760659456253,943.0
3389,joint,0.11368022300302982,3.1405553817749023,4.592866828639638e-07,1.8371467314558554e-07,9.185733657279278e-09,0.0006358548253047047,0.0118109918985283,0.016098255655379035,0.0006372195966832805,0.01175073505146429,0.01654223262448795,0.0006401727005140856,0.01171286089811474,0.015366063584224321,0.0006465853475674521,0.011697523805196397,0.01614172663539648,0.011753998696804047,517.0
3390,joint,0.16779782646335661,1.6395014524459839,4.5908368642063024e-07,1.8363347456825208e-07,9.181673728412604e-09,0.0006898904539411888,0.01582856946333777,0.027921345332288183,0.0006906576782057527,0.015775196850881912,0.021036899357568473,0.0006931109746801667,0.015742176052299328,0.02575580273696687,0.0006986037878959905,0.015733095380710438,0.027232480264501646,0.021179761737585068,1005.0
3391,joint,0.08263774239458144,2.3318374156951904,4.588802357690997e-07,1.835520943076399e-07,9.177604715381995e-09,0.0005300619031913811,0.007910521249868907,0.01242942274257075,0.0005346688340068795,0.007851321759517305,0.010792642686283216,0.000539683353053988,0.007815645236405544,0.013025093721807934,0.0005468568106152816,0.0078051035379758105,0.012856719942647032,0.010680533945560455,499.0
3392,joint,0.12477010756265372,1.935336947441101,4.5867633141136643e-07,1.8347053256454657e-07,9.17352662822733e-09,0.0005901150361751206,0.01514622406102717,0.015431070263730362,0.0005913862478337251,0.015092846952029504,0.015997656926629134,0.0005946415549260564,0.015061125799547881,0.015570082701742649,0.0006008969503454864,0.015059255252708681,0.015034804790047929,0.012314253486692905,518.0
3393,joint,0.17503152368590236,2.8294894695281982,4.5847197385054396e-07,1.8338878954021758e-07,9.169439477010881e-09,0.0007003074679232668,0.021602959255687892,0.02803702568053268,0.0007006096129771322,0.021551272948272526,0.02032163077092264,0.0007028563686617417,0.021523614035686478,0.018636700304341502,0.0007077015598042635,0.021516277134651318,0.019030568000744097,0.011813300661742687,522.0
3394,joint,0.13711992104072124,1.2641103267669678,4.582671635908646e-07,1.8330686543634585e-07,9.165343271817293e-09,0.0005219480590312742,0.012790260807378218,0.02381560239882674,0.0005292408859531861,0.012718773024971597,0.024229364120401442,0.0005360759787436109,0.012671917233092245,0.012301268056035042,0.0005458467403514078,0.012652325036469847,0.02380729586002417,0.009928861632943153,786.0
3395,joint,0.18897289549931884,2.113107681274414,4.580619011376771e-07,1.8322476045507084e-07,9.161238022753542e-09,0.0006782730106351664,0.018803230836056173,0.032906906970310956,0.0006778752886020811,0.018750265677226707,0.030665030906675383,0.0006795032968511805,0.01871547126211226,0.023950400296598673,0.0006840720398031408,0.018700477565289475,0.023761384800309315,0.014382857829332352,1013.0
3396,joint,0.1726662035798654,1.3628253936767578,4.5785618699744613e-07,1.8314247479897845e-07,9.157123739948923e-09,0.0006466133763751714,0.017952255337149836,0.02054196601966396,0.0006488593207905069,0.01788470106839668,0.020501733699347824,0.0006521777631860459,0.017840119311586022,0.02694862378120888,0.0006578255815838929,0.017813471975387074,0.030577857047319412,0.01371084526181221,518.0
3397,joint,0.13413876993581653,2.024333953857422,4.5765002167775097e-07,1.830600086711004e-07,9.15300043355502e-09,0.0006024170525051886,0.01722350903582992,0.01537507820466999,0.0006036005670466693,0.01715796497592237,0.016106825016322546,0.000606772964601987,0.01711384844384156,0.016016962967114523,0.0006123931107140379,0.017092148707888555,0.015627249536919408,0.017643917351961136,635.0
3398,joint,0.198686066782102,2.3105552196502686,4.5744340568728403e-07,1.829773622749136e-07,9.148868113745681e-09,0.0007149544762796722,0.021868203504709527,0.031334005849203095,0.0007139269564504502,0.021814486186485738,0.024370010243728757,0.0007151976478780853,0.021781841845950112,0.023741269222227857,0.0007193692435976118,0.021768916107248515,0.02914388311910443,0.017718927934765816,1011.0
3399,joint,0.13741535390727222,2.796520471572876,4.5723633953584966e-07,1.8289453581433986e-07,9.144726790716994e-09,0.0006955117860343307,0.013454710366204381,0.019888338923919946,0.0006930973377166083,0.013400912779616192,0.02046461493591778,0.000692550245730672,0.013366048588068224,0.020361996081192046,0.0006955472599656787,0.013350446912227198,0.020351581770228222,0.0134193766862154,521.0
3400,joint,0.15618391253519803,1.2014285326004028,4.5702882373436314e-07,1.8281152949374524e-07,9.140576474687264e-09,0.0006333895235002274,0.0159839642510633,0.021073008800158277,0.0006354220531648025,0.015918817101919558,0.031086869770660996,0.0006386961958924076,0.015876519755693153,0.020380248301080428,0.0006448151125368895,0.01585634020739235,0.017455818742746487,0.011372525244951248,784.0
3401,joint,0.14295383892022073,2.7308528423309326,4.56820858794849e-07,1.827283435179396e-07,9.13641717589698e-09,0.0006012382546032313,0.014015387743711472,0.021104510145960376,0.0006033364952600095,0.013963426143163815,0.021433737187180668,0.0006064857516321354,0.013932367961388081,0.02124496374744922,0.0006125938853074331,0.013922351732617244,0.02091343901702203,0.019706491380929947,1007.0
3402,joint,0.11291339294984937,1.4602712392807007,4.5661244523044e-07,1.82644978092176e-07,9.1322489046088e-09,0.0006111915663495893,0.010646450333297253,0.017867724149255082,0.0006118803048593691,0.010574027503025718,0.01684438057418447,0.0006148111406218959,0.010525238089030609,0.017375992116285488,0.0006206871639733436,0.010503153956960887,0.0161178546550218,0.016595209017395973,639.0
3403,joint,0.11392702581360936,2.4928197860717773,4.5640358355537606e-07,1.8256143342215042e-07,9.128071671107521e-09,0.0006021823446644703,0.010621917870594189,0.017284120054682717,0.0006018980329827173,0.01056125943432562,0.01799977113842033,0.0006040862499503419,0.010522722091991454,0.016980207758024335,0.000609501747021568,0.010510914056794718,0.017028449423378333,0.011163685470819473,596.0
3404,joint,0.23710284987464547,2.9813826084136963,4.561942742850024e-07,1.8247770971400095e-07,9.123885485700048e-09,0.000739873952625203,0.02487780798401218,0.040034221252426505,0.000740492721888586,0.024829945934470743,0.032275814315653406,0.0007433326500176918,0.024800909275654703,0.03123593125201296,0.0007489037270715926,0.02479415529523976,0.03128146636299789,0.018063994124531746,1010.0
3405,joint,0.10116626997478306,2.344978094100952,4.55984517935769e-07,1.823938071743076e-07,9.11969035871538e-09,0.0005672401748597622,0.009945781392161734,0.01447199129324872,0.0005689188201358775,0.00988407434488181,0.0145613551576389,0.0005717802141589345,0.009844895917922258,0.014707802911289036,0.0005771175292466069,0.009827898771618493,0.01563741231802851,0.010910853743553162,782.0
3406,joint,0.14985740208067,2.5884408950805664,4.557743150252287e-07,1.8230972601009148e-07,9.115486300504576e-09,0.000654668350762222,0.015989220148185268,0.020939312264090404,0.0006551403203047812,0.015931075235130265,0.022397077293135226,0.0006581104553333716,0.015892731462372467,0.0193505143688526,0.0006639471484959358,0.01587519107852131,0.020850414963206276,0.011837981641292572,793.0
3407,joint,0.11384241422638297,1.5743120908737183,4.555636660720363e-07,1.822254664288145e-07,9.111273321440726e-09,0.0006098435005696956,0.012086133705452085,0.021795045046019368,0.0006137066684459569,0.012024956333334558,0.014734507087268867,0.0006182046981848544,0.011984654054685961,0.014636221909313463,0.0006259047386265593,0.01197288028197363,0.012140355494921096,0.01172048319131136,597.0
3408,joint,0.18916940968483686,1.6980394124984741,4.553525715959472e-07,1.8214102863837889e-07,9.107051431918944e-09,0.0006389863065123791,0.01761718132183887,0.02032555203186348,0.0006394275860657217,0.01756553864106536,0.03438298872788437,0.000641956574327196,0.01752928871428594,0.026169020391535014,0.0006470300759247039,0.017515705272671767,0.03549674058740493,0.013096324168145657,521.0
3409,joint,0.14629718044307083,1.2913212776184082,4.55141032117816e-07,1.820564128471264e-07,9.10282064235632e-09,0.0006241837145353202,0.015676954099035356,0.019868614777806215,0.000625317516096402,0.015616639677318744,0.021253507380606607,0.0006280085581238382,0.015577245780150406,0.019659785728435963,0.0006338350922305835,0.01556115889979992,0.020571930959704332,0.014388779178261757,640.0
3410,joint,0.19958875887095928,1.70747971534729,4.5492904815959535e-07,1.8197161926383814e-07,9.098580963191908e-09,0.0006635053960053483,0.019506880700646434,0.030624219056335278,0.0006654488570347894,0.019443466087977868,0.0388970734202303,0.000668348080580472,0.019401572164497338,0.020176368168904446,0.000674273413096671,0.01938426347624045,0.02948333566018846,0.019169962033629417,1014.0
3411,joint,0.10634419787675142,1.4057466983795166,4.5471662024433455e-07,1.8188664809773382e-07,9.094332404886692e-09,0.0005879975233256118,0.011252426105784252,0.015314446471165866,0.0005873759073438123,0.011181766734807752,0.01491090665513184,0.0005892394474358298,0.011134825967019424,0.015525767172221094,0.0005946973305981373,0.0111130293662427,0.013551718366215937,0.013207054696977139,576.0
3412,joint,0.15997930755838752,2.560572385787964,4.545037488961784e-07,1.8180149955847136e-07,9.09007497792357e-09,0.0006641347208642401,0.016392049306887202,0.0268865694233682,0.0006662559462711215,0.016337217515683733,0.021552701815380715,0.0006694063285976881,0.016303181197145022,0.02184115836280398,0.0006751842374796979,0.016289519451675005,0.021701930731069297,0.01862129382789135,1004.0
3413,joint,0.1541933692060411,1.959700345993042,4.5429043464036587e-07,1.8171617385614634e-07,9.085808692807318e-09,0.0006718053973600036,0.016115646925754845,0.025966246641473845,0.0006688344947178848,0.01605617770110257,0.01920095254899934,0.0006692292572552105,0.016015812085242942,0.024363378150155768,0.000672485570248682,0.015999430703232065,0.01779337093466893,0.016847485676407814,951.0
3414,joint,0.15032990800682455,1.4380548000335693,4.5407667800322854e-07,1.8163067120129142e-07,9.08153356006457e-09,0.0006927189515408827,0.014970310978242196,0.020441472966922447,0.0006928291732037906,0.01491601842280943,0.024047783837886527,0.0006950543520360952,0.014878662375849672,0.01922078529605642,0.0007000547484494746,0.014866014535073191,0.024208202899899334,0.014501471072435379,521.0
3415,joint,0.13386757764965296,2.51320481300354,4.5386247951218977e-07,1.815449918048759e-07,9.077249590243796e-09,0.0006590245793631766,0.015035375108709559,0.018618252885062248,0.0006583743197552394,0.014981670727138408,0.017740949318977073,0.0006594066871912219,0.014948075739084743,0.01815110450843349,0.0006638774048042251,0.014930306599126197,0.016821162222186103,0.012265240773558617,522.0
3416,joint,0.10222454532049596,1.259488582611084,4.536478396957629e-07,1.8145913587830516e-07,9.072956793915258e-09,0.0006008833843225148,0.01021172858600039,0.015013534895842895,0.0006002783375151921,0.010152747374377213,0.016036670334869996,0.0006023587411618792,0.010115157085238025,0.01403296587523073,0.0006077876550989458,0.010100680112373084,0.014149754861136898,0.011231506243348122,493.0
3417,joint,0.21604175749234855,2.3541908264160156,4.534327590835505e-07,1.813731036334202e-07,9.06865518167101e-09,0.0007538078352808952,0.021845848386874422,0.029272947635035962,0.0007507207483286038,0.021799399342853576,0.0342169972427655,0.0007500149877159856,0.02177344555093441,0.02936144100385718,0.0007526686149503803,0.021767421989352442,0.03299704656819813,0.019252214580774307,1009.0
3418,joint,0.17762531130574644,2.7473742961883545,4.532172382062426e-07,1.8128689528249702e-07,9.064344764124853e-09,0.0006833234438090585,0.020897091162623838,0.02291241439525038,0.000680464378092438,0.02084169996669516,0.020024521654704586,0.0006808310099586379,0.020805055275559425,0.02542675193399191,0.0006844448107585777,0.020787442656001076,0.02320127238635905,0.017220135778188705,1009.0
3419,joint,0.13223099615424871,1.5830671787261963,4.5300127759561543e-07,1.8120051103824617e-07,9.060025551912308e-09,0.0005944984550296795,0.012266441335668787,0.016019691218389198,0.0005955087981419638,0.01219154818682,0.02197379499557428,0.0005988985940348357,0.012142482184572145,0.021329163893824443,0.0006046752623660723,0.012116889643948525,0.02179740447900258,0.013881171122193336,517.0
3420,joint,0.1254862870555371,1.063317060470581,4.5278487778453035e-07,1.8111395111381214e-07,9.055697555690608e-09,0.0005600133372354321,0.01175014216278214,0.021193624270381406,0.0005604444213531679,0.011679283721605316,0.020781688959687017,0.0005632515258184867,0.011627690939349122,0.020313547225669026,0.0005687553948519053,0.011601861828239635,0.014285982615547255,0.017785053700208664,640.0
3421,joint,0.12241967499721795,2.474189519882202,4.5256803930693236e-07,1.8102721572277296e-07,9.051360786138649e-09,0.0005866115188837284,0.014721779967658222,0.014915746927727014,0.0005893562974961242,0.014662640882306732,0.015027328874566592,0.0005935876233706949,0.014623403694713488,0.015260738204233348,0.0006009168137097731,0.014606604047003202,0.016230960987741128,0.010812049731612206,502.0
3422,joint,0.10208145971409976,1.8964518308639526,4.52350762697849e-07,1.809403050791396e-07,9.047015253956981e-09,0.0006181137468956877,0.009768909949343652,0.01614971866365522,0.0006173033125378424,0.009706431505037472,0.014910497557139024,0.0006184393932926469,0.009661020230851136,0.015157812391407788,0.0006232325486053014,0.009638613613788038,0.014611367223551497,0.031069697812199593,952.0
3423,joint,0.1890436972025782,1.9885807037353516,4.5213304849338854e-07,1.8085321939735542e-07,9.042660969867772e-09,0.0007233089381770696,0.02141512357047759,0.027791678614448756,0.0007215815330710029,0.021361897728638723,0.024267103290185332,0.0007223248430818785,0.02132887183688581,0.024067484977422282,0.0007262303843162954,0.02131284208735451,0.024605255224741995,0.01301539596170187,792.0
3424,joint,0.14646337693557143,2.4260330200195312,4.5191489723073924e-07,1.8076595889229569e-07,9.038297944614786e-09,0.0006031827651895583,0.015943369900924154,0.014840935371466912,0.0006064256449462846,0.015873137745074928,0.022564218801562674,0.0006113949548307573,0.015826870294404216,0.02105223244871013,0.0006191579523147084,0.015808292155270465,0.022114158651675098,0.02519727125763893,949.0
3425,joint,0.18299086671322584,1.6716666221618652,4.516963094481676e-07,1.8067852377926702e-07,9.033926188963352e-09,0.0007688788828090765,0.020583862758940086,0.027203832403756678,0.0007680646776861977,0.02053626731503755,0.02203127887332812,0.0007688525947742164,0.020506179746007547,0.024589598586317152,0.0007731628647889011,0.020494758675340563,0.023966133856447414,0.02066667005419731,1009.0
3426,joint,0.17166672623716295,1.9788252115249634,4.5147728568501726e-07,1.805909142740069e-07,9.029545713700346e-09,0.0006818274705437943,0.01696307261590846,0.0307199198869057,0.0006814365224272478,0.016908084275200963,0.027909035474294797,0.0006838515710114734,0.01687578542623669,0.021374501491663978,0.0006892448418511776,0.016865266108652577,0.021314701676601544,0.01318720355629921,790.0
3427,joint,0.14491658518090844,1.5221894979476929,4.5125782648170756e-07,1.8050313059268302e-07,9.025156529634152e-09,0.0006099551574152429,0.016667687857989222,0.018929366910015233,0.0006114766401879024,0.016613664367469028,0.017500000467407517,0.0006152674850454787,0.01658758411940653,0.019952319911681116,0.0006219760998646962,0.016584682918619365,0.0196226057887543,0.013793721795082092,789.0
3428,joint,0.11657372757326812,1.0509637594223022,4.5103793237973224e-07,1.804151729518929e-07,9.020758647594645e-09,0.0005614809269900434,0.011438782814366277,0.01597279022098519,0.000564880092497333,0.011365605452738237,0.01701963198138401,0.0005696853349945741,0.011319849138089921,0.017934154559043236,0.000577488475755672,0.011303971565212123,0.01794540927221533,0.011962836608290672,787.0
3429,joint,0.10647896479349583,1.6889029741287231,4.508176039216583e-07,1.803270415686633e-07,9.016352078433167e-09,0.0005455940990941599,0.013171496582799591,0.01331126737932209,0.0005489086797751952,0.013106150014209561,0.012271025727386586,0.0005542344497371232,0.013070844128378667,0.012725309017696418,0.0005625774065265432,0.013063526726909913,0.013548032467951998,0.013322805985808372,519.0
3430,joint,0.15015100978780538,1.5778943300247192,4.505968416511242e-07,1.8023873666044967e-07,9.011936833022484e-09,0.0006608153289562324,0.014559925970388576,0.024951899133156985,0.000662077589367982,0.014497346041025594,0.01946558360941708,0.0006650233081018087,0.014461393642704934,0.026684706012019888,0.000670768251438858,0.01444912412262056,0.018422347304294817,0.012806722894310951,784.0
3431,joint,0.16147551278118044,1.8474663496017456,4.5037564611283884e-07,1.8015025844513555e-07,9.007512922256777e-09,0.0007128726447263034,0.017925380649103317,0.020904956181766465,0.0007148622753447853,0.017873715594760142,0.022613619803451,0.0007184543428593315,0.017841849141404964,0.02232217298296746,0.0007242734991450561,0.017833069068728946,0.021290288132149726,0.011690834537148476,784.0
3432,joint,0.12138548691291362,1.5710382461547852,4.501540178525803e-07,1.8006160714103212e-07,9.003080357051607e-09,0.0006236266726773465,0.01244673554901965,0.01815953203185927,0.0006236983426788356,0.012391147087328136,0.01804509328212589,0.0006263152354222257,0.012353151745628566,0.017173693311633542,0.0006315884384093806,0.012338210333837196,0.01597269570629578,0.01776413805782795,791.0
3433,joint,0.1578016218263656,1.9970773458480835,4.499319574171942e-07,1.7997278296687768e-07,8.998639148343885e-09,0.00062026613704802,0.017777555491193198,0.022371795232174918,0.0006201742216944695,0.017723363751429133,0.022914982080692425,0.0006221198054845445,0.017686041013803333,0.021378801451646723,0.0006271726397244493,0.01767510882928036,0.017784242067136802,0.02391069382429123,1002.0
3434,joint,0.14154125773347914,1.3201299905776978,4.4970946535459265e-07,1.7988378614183706e-07,8.994189307091853e-09,0.0006512853033200372,0.015378790063550696,0.027864711300935596,0.0006528613648697501,0.015317572120693512,0.018549149797763675,0.0006562464077433106,0.015278740378562361,0.01625586475711316,0.0006621861411986174,0.015262634566170163,0.015011215262347832,0.02050824835896492,944.0
3435,joint,0.19539658026769757,2.038691759109497,4.494865422137527e-07,1.797946168855011e-07,8.989730844275054e-09,0.0006525421122205444,0.02077982362243347,0.018928285222500563,0.0006523196607304271,0.020724543908727355,0.03390562711865641,0.0006543677100125933,0.020688262477051467,0.025075380137423053,0.0006599427761102561,0.02067826890561264,0.03199721348937601,0.010714931413531303,791.0
3436,joint,0.15705525665543973,2.1475260257720947,4.4926318854471504e-07,1.7970527541788603e-07,8.985263770894302e-09,0.0006618091701966478,0.015247120783897117,0.025160124350804836,0.0006645014527748572,0.015185240175924264,0.02247598022222519,0.000668205133479205,0.015144630211580079,0.024623898323625326,0.0006741822653566487,0.015127575978112873,0.021421988174552098,0.01955263689160347,943.0
3437,joint,0.18578194547444582,1.920186161994934,4.490394048985827e-07,1.796157619594331e-07,8.980788097971655e-09,0.0006824325992056401,0.01744664965372067,0.027681678606313653,0.0006830365091445856,0.017399297983502038,0.0327871403133031,0.0006859057939436752,0.01737085478089284,0.0250561959692277,0.0006916538532095728,0.017362785059958696,0.0279343130387133,0.011211201548576355,793.0
3438,joint,0.11504037911072373,3.00862979888916,4.4881519182751947e-07,1.795260767310078e-07,8.97630383655039e-09,0.0006615880720346468,0.011625201397691853,0.01698065699019935,0.0006592598547285888,0.01155788844334893,0.01704706270538736,0.0006598586769541726,0.011511806107591838,0.016554197994992137,0.0006637103688262869,0.011486141229397617,0.01563300627458375,0.012886532582342625,596.0
3439,joint,0.14756510290317237,1.8512176275253296,4.485905498847489e-07,1.7943621995389954e-07,8.971810997694979e-09,0.0006692105780530255,0.01739439510856755,0.024965128366602585,0.0006716730658808956,0.017335381380689796,0.013417335576377809,0.0006758189210813725,0.0172958551775082,0.01419691342744045,0.000683268075590604,0.017283743000007235,0.022976380918407813,0.0127701535820961,579.0
3440,joint,0.10150215239264071,1.2222474813461304,4.483654796245526e-07,1.7934619184982104e-07,8.967309592491053e-09,0.0006452633442677325,0.010038111358880997,0.01506652170792222,0.0006447922496590763,0.009971868581487797,0.01433457451639697,0.0006466825052484637,0.009926663828082383,0.015487703727558255,0.0006516166395158507,0.00990452071710024,0.014183833176502958,0.023654885590076447,946.0
3441,joint,0.13559342396911234,1.8099050521850586,4.4813998160226904e-07,1.792559926409076e-07,8.96279963204538e-09,0.0006226570094440831,0.015529769487329759,0.01718457911920268,0.000624120531938388,0.015460689013707452,0.018023169672233053,0.0006274028164625634,0.015412198408739641,0.017222515612957068,0.0006332455886877142,0.015388543120934628,0.018864534533349797,0.01382651086896658,580.0
3442,joint,0.16081298049539328,1.4485628604888916,4.479140563742922e-07,1.7916562254971687e-07,8.958281127485844e-09,0.0006296970350376796,0.01472866024414543,0.02537746161397081,0.0006315219688985962,0.014658167157904245,0.02006146145868115,0.0006346005611703731,0.01461116047721589,0.026355958587373607,0.0006409062971215462,0.014592311679734848,0.027891067729797214,0.013941653072834015,798.0
3443,joint,0.10267766879405826,1.360718011856079,4.476877044980702e-07,1.7907508179922809e-07,8.953754089961405e-09,0.0005507292498805327,0.012131471070460975,0.013762781702098437,0.0005551820195250912,0.012062129535479471,0.01253032022214029,0.0005611672531813383,0.012016929380479269,0.012798152602044865,0.0005699002358596772,0.011999363370705396,0.013139542526914738,0.01377873308956623,501.0
3444,joint,0.1202453647274524,2.4689016342163086,4.474609265321037e-07,1.789843706128415e-07,8.949218530642075e-09,0.0006208740469446639,0.011435798907768913,0.018007953898631968,0.0006232394498510985,0.011369407584425062,0.017861436601378955,0.0006272614118643105,0.01132917460927274,0.018561087243142538,0.0006346486734400969,0.01131783465098124,0.017856644306448288,0.012277898378670216,798.0
3445,joint,0.14229216577950865,1.418648600578308,4.472337230359448e-07,1.788934892143779e-07,8.944674460718897e-09,0.000638293406154844,0.014031170881935395,0.019102674181340262,0.0006383237196132541,0.013964704296085984,0.022606565937167034,0.0006407523524103453,0.01391909783706069,0.022504989145090804,0.0006462213768827496,0.013900180900236592,0.01969919100520201,0.014931702986359596,791.0
3446,joint,0.11632892128545791,1.6370631456375122,4.4700609457019563e-07,1.7880243782807824e-07,8.940121891403913e-09,0.0006334919671644457,0.01142883206193801,0.017400846001692116,0.0006343455024762079,0.011356354880263098,0.016384175964049064,0.0006373434061970329,0.01130719562934246,0.01725068395899143,0.0006425380142900394,0.011279149053734727,0.017373964976286516,0.02300742268562317,947.0
3447,joint,0.16886667301878333,2.030702829360962,4.467780416965067e-07,1.7871121667860268e-07,8.935560833930133e-09,0.0006864420574856922,0.01883108691254165,0.022931925850571133,0.0006876987081341213,0.018772676005028188,0.022965430645854212,0.000690759688950493,0.018736009922577068,0.022771412506699562,0.0006971712173253763,0.018722062042797916,0.022374002073775046,0.012036515399813652,525.0
3448,joint,0.12659319315571338,1.423577070236206,4.4654956497757575e-07,1.786198259910303e-07,8.930991299551515e-09,0.000574419664189918,0.015581809042487293,0.013964932732051238,0.0005768964801973198,0.015520246612140909,0.014103224675636739,0.0005810560815007193,0.015481920214369893,0.020717424733447842,0.0005877548319404013,0.015466317039681599,0.013437188245006837,0.01636650785803795,643.0
3449,joint,0.12267640302889049,1.73617684841156,4.4632066497714654e-07,1.7852826599085862e-07,8.92641329954293e-09,0.0006166153252706863,0.012999827958992682,0.017208811332238838,0.0006140245368442265,0.01293429228826426,0.01729024140513502,0.0006143783793959301,0.01288876699982211,0.017848556075477973,0.0006180331292853225,0.012863210344221443,0.016179645608644933,0.013191809877753258,783.0
3450,joint,0.1593643765663728,1.6554536819458008,4.460913422600069e-07,1.7843653690400278e-07,8.92182684520014e-09,0.0006991255650063977,0.017645546497078612,0.021670855290722102,0.0006972665578359738,0.01759196343482472,0.020851394976489246,0.000698073305102298,0.017558718463988043,0.021407041873317212,0.000702016326613375,0.017548270101542585,0.022294102163868956,0.011961519718170166,596.0
3451,joint,0.13024766137823462,3.7206099033355713,4.4586159739198797e-07,1.783446389567952e-07,8.91723194783976e-09,0.0006607373616134282,0.013773927523288876,0.018375553365331143,0.0006592421123059466,0.013715417211642489,0.018207742949016392,0.0006609874835703522,0.013677175185875967,0.017951783316675574,0.0006655529214185663,0.013662019395269454,0.018237520853290334,0.012260641902685165,597.0
3452,joint,0.12570323946420103,1.6540863513946533,4.456314309399624e-07,1.7825257237598497e-07,8.912628618799249e-09,0.0006268439829000272,0.014830472762696445,0.016945803014095873,0.0006256905126065249,0.014770512425457127,0.015106905470020138,0.000627248815362691,0.01473052725486923,0.015754799547721632,0.0006324128808046225,0.014715001714648679,0.016337020628270693,0.018948430195450783,946.0
3453,joint,0.18343836232088506,1.748990535736084,4.4540084347184287e-07,1.7816033738873715e-07,8.908016869436857e-09,0.0006808169673604425,0.020723849447676912,0.0287423322442919,0.0006810294617025647,0.020669055549660698,0.019549655204173177,0.0006831189057265874,0.020638595466152765,0.02746789692901075,0.000688564708980266,0.020630287879612297,0.02228316041873768,0.016304507851600647,1011.0
3454,joint,0.21837209351360798,1.1875693798065186,4.4516983555658116e-07,1.7806793422263247e-07,8.903396711131624e-09,0.0006572233614861034,0.02436553919687867,0.035517177515430376,0.000658014289001585,0.024308732739882544,0.013305011365446262,0.0006614591839024797,0.024273521194118075,0.045227947673993185,0.0006678843838017201,0.024269563975394703,0.02446001922362484,0.011091543361544609,520.0
3455,joint,0.137293302686885,1.3105429410934448,4.449384077641663e-07,1.779753631056665e-07,8.898768155283327e-09,0.0006140946425148286,0.014429923059651628,0.015066503401612863,0.0006156049257697305,0.014371368277352303,0.028363618563162163,0.0006191352531459415,0.014337022672407329,0.016429913259344175,0.0006262391761993058,0.014328770485008135,0.017491108970716596,0.011774571612477303,784.0
3456,joint,0.1253729434683919,1.248083472251892,4.4470656066562335e-07,1.7788262426624934e-07,8.894131213312467e-09,0.000591981906836736,0.013222300316556357,0.01932640833547339,0.0005951423681835877,0.013159424721379764,0.017179152971948497,0.0006000333742122166,0.01312440748733934,0.016662420879583806,0.0006078052301745629,0.013116902962792665,0.01718696152966004,0.014556610956788063,579.0
3457,joint,0.13451837585307658,2.3802077770233154,4.44474294833012e-07,1.777897179332048e-07,8.88948589666024e-09,0.0006710666493745521,0.01399546826723963,0.02419029749580659,0.0006685459320578957,0.013932426809333265,0.017073812894523144,0.0006689337587886257,0.013890135160181671,0.017740718350978568,0.0006725883340550354,0.013865460205124691,0.01714892653399147,0.022656330838799477,945.0
3458,joint,0.1504239470232278,1.8519320487976074,4.4424161083942503e-07,1.7769664433577e-07,8.884832216788502e-09,0.0006561060963576892,0.015158278023591265,0.028499446430942044,0.0006567311047547264,0.015096540621016175,0.022583017882425338,0.0006598173531529028,0.015056653443025425,0.02164575329516083,0.0006659090213361196,0.015041286358609796,0.014704406552482396,0.03382854536175728,947.0
3459,joint,0.20354387816041708,1.682377576828003,4.440085092589872e-07,1.776034037035949e-07,8.880170185179745e-09,0.0006964192161831306,0.018385267539997585,0.034772294195136055,0.0006964848580537364,0.018329566592001356,0.03419688675785437,0.0006991442787693813,0.018295561414561234,0.03504024067660794,0.0007041433436825173,0.01828470011241734,0.023443167257937603,0.015280606225132942,793.0
3460,joint,0.14358502998948097,1.6084508895874023,4.437749906668534e-07,1.7750999626674133e-07,8.875499813337069e-09,0.0006706521744490601,0.01565941530134296,0.020712576908408664,0.0006728174939780729,0.015595964126987383,0.02083238129853271,0.0006766662791051203,0.015556964761344716,0.019076145952567458,0.0006838709614385152,0.015544933725323062,0.01790264280862175,0.011625130660831928,784.0
3461,joint,0.10145835182629526,0.973097026348114,4.4354105563920757e-07,1.7741642225568304e-07,8.870821112784152e-09,0.0005272578637232073,0.01008873172395397,0.01437403894669842,0.0005315671096468577,0.010010229627368972,0.015587493049679324,0.0005374223983380944,0.009960511109966319,0.015357044248958118,0.000545706088814768,0.009940215706592426,0.01399813371244818,0.012660212814807892,500.0
3462,joint,0.13558406697120517,1.6496986150741577,4.43306704753261e-07,1.7732268190130443e-07,8.866134095065222e-09,0.0006693673567497171,0.013962633907794952,0.016860486823134124,0.0006724620743625565,0.013897717821237165,0.017097967182053253,0.0006770013878849568,0.013858985890692566,0.01767909448244609,0.0006844085546617862,0.013845455709088128,0.025678486708784476,0.01221411395817995,524.0
3463,joint,0.12340530892834067,1.4902361631393433,4.4307193858725144e-07,1.7722877543490058e-07,8.861438771745029e-09,0.0005729350559704471,0.014672336968942545,0.02352339160279371,0.0005779884122603107,0.014592788436857518,0.013008800713578239,0.0005844297465955606,0.014543069366482086,0.012953938465216197,0.0005935812969255494,0.014524051366606727,0.013257999598863535,0.011162599548697472,597.0
3464,joint,0.14177725976333022,1.608379602432251,4.4283675772044096e-07,1.771347030881764e-07,8.85673515440882e-09,0.0006195964015205391,0.013586844419478439,0.019231510726967826,0.0006198651517479448,0.013521666201995686,0.024015313596464694,0.0006222635875019478,0.013477419153787196,0.023979781108209863,0.0006279896224441472,0.01345874673279468,0.018016263289609924,0.019409168511629105,1000.0
3465,joint,0.13481928582768887,1.7010829448699951,4.4260116273311494e-07,1.7704046509324596e-07,8.8520232546623e-09,0.0006494856243079994,0.013058236632787157,0.021395136674982496,0.0006503771037387196,0.01298390008014394,0.020673315244494006,0.0006538228753925068,0.01293430851364974,0.019865318274241872,0.0006603380879823817,0.012911695514048915,0.0183833519986365,0.013111364096403122,784.0
3466,joint,0.12786066788248718,1.4035863876342773,4.423651542065806e-07,1.7694606168263225e-07,8.847303084131612e-09,0.0005672991337632993,0.01201340212719515,0.014272203596192412,0.0005713811278837966,0.01193654938833788,0.02118810298270546,0.000576555568841286,0.01188743780949153,0.02122905573924072,0.0005840514259034535,0.011868280067574233,0.02116634915000759,0.017089718952775,784.0
3467,joint,0.18344749603420496,1.5322884321212769,4.421287327231656e-07,1.7685149308926622e-07,8.842574654463312e-09,0.0006829957274021581,0.01959013647865504,0.028999708010815084,0.0006822448540333426,0.019524168747011572,0.03167839735397138,0.0006846635205874918,0.01948011014610529,0.021297325321938843,0.0006896461709402502,0.019459715083939955,0.02067838513175957,0.018493354320526123,945.0
3468,joint,0.14972985140047967,1.0656132698059082,4.418918988662163e-07,1.7675675954648652e-07,8.837837977324327e-09,0.0006263300656428328,0.014330669611808844,0.02436059528554324,0.0006280378147494048,0.014266615151427686,0.016272064720396884,0.0006316357430478092,0.014225333849026356,0.025702259808895178,0.0006381311959557934,0.014211222536687274,0.023836956635932438,0.01315206941217184,523.0
3469,joint,0.1697938481811434,1.7317743301391602,4.416546532200969e-07,1.7666186128803874e-07,8.833093064401939e-09,0.0007419107932946645,0.01796421830658801,0.031894070853013545,0.0007370874554908369,0.017914413998369128,0.02016847682534717,0.0007356131700362312,0.017882973072119057,0.021183005505008623,0.0007380358638329199,0.01787472012802027,0.021959323377814144,0.017268307507038116,946.0
3470,joint,0.15908308466896415,1.4597951173782349,4.414169963701872e-07,1.7656679854807487e-07,8.828339927403745e-09,0.0006659544287686003,0.015101995901204646,0.021552251011598855,0.0006654789413005346,0.015035924239782616,0.027075301099102944,0.0006673214284091955,0.014993184930062853,0.020789286165381782,0.0006721171921526548,0.014975009995396249,0.02688925777329132,0.022699424996972084,1000.0
3471,joint,0.09515398077201098,1.042943000793457,4.411789289028821e-07,1.7647157156115282e-07,8.823578578057641e-09,0.0006129593966761604,0.009392745050718077,0.014126907350146212,0.0006138285752967931,0.00932661110709887,0.013528636787668802,0.0006169735515868524,0.009284472849685699,0.01435717282583937,0.0006234425418369938,0.009266882494557649,0.01340335029817652,0.01757211983203888,948.0
3472,joint,0.20135631109587848,2.4499881267547607,4.409404514055891e-07,1.7637618056223565e-07,8.818809028111783e-09,0.0006436948951886734,0.02052361729874974,0.031145547414780594,0.0006463586014433531,0.020461194319068454,0.02233897292171605,0.0006507666275865631,0.02042430183792021,0.031489874483668245,0.0006576536325155757,0.020413207304954994,0.03196111859870143,0.01607568748295307,998.0
3473,joint,0.1407393601257354,1.9689862728118896,4.4070156446672805e-07,1.7628062578669122e-07,8.814031289334562e-09,0.0006527637287945254,0.015082330646691844,0.019692447560373694,0.000654251432933961,0.015011980540293735,0.01825884664140176,0.0006577372332685627,0.014964224057621323,0.02084948349511251,0.0006644817058258923,0.014943861118808854,0.019306951624457724,0.010553762316703796,794.0
3474,joint,0.12960911844857037,1.1284377574920654,4.404622686757286e-07,1.7618490747029145e-07,8.809245373514574e-09,0.000623454758169828,0.012610948644578457,0.0186370559677016,0.000622718649538001,0.012542069787741639,0.02025893473182805,0.0006249331945582526,0.012499614036642015,0.018851393557270057,0.0006306111336016329,0.012477545969886705,0.01922983693657443,0.012242051772773266,524.0
3475,joint,0.12262411578558385,4.209320545196533,4.402225646230292e-07,1.7608902584921167e-07,8.804451292460585e-09,0.0006243628595257178,0.014296560839284211,0.016185908258194104,0.0006237605703063309,0.014227827748982236,0.0159978125593625,0.0006259253732423531,0.014179323508869857,0.01571110909571871,0.0006316775143204723,0.014155236742226407,0.015364611346740276,0.015231769531965256,524.0
3476,joint,0.1454109821934253,4.603952884674072,4.39982452900076e-07,1.759929811600304e-07,8.79964905800152e-09,0.0006644116820098134,0.015521301073022187,0.02002972981426865,0.0006632147924392484,0.015458314170246013,0.020504637199337594,0.0006643106426054146,0.015415643676533364,0.01948472457297612,0.000669035296596121,0.015398708681459539,0.020936953558702953,0.011030370369553566,784.0
3477,joint,0.1416821510065347,2.656865358352661,4.3974193409932067e-07,1.7589677363972825e-07,8.794838681986414e-09,0.0006103415562392911,0.01685519328020746,0.01770246951491572,0.0006092323728807969,0.016790992573078256,0.018964324903208762,0.0006113601921242662,0.01674623097642325,0.016332422732375562,0.0006164394326333422,0.016728202186641283,0.019114943221211433,0.012052495032548904,500.0
3478,joint,0.12861194496508688,1.7084872722625732,4.395010088142194e-07,1.7580040352568776e-07,8.790020176284389e-09,0.0006187286235217471,0.013052803740720265,0.018026694990112446,0.0006182303932291688,0.012986793139134534,0.01870218856493011,0.0006198774644872174,0.012942178378580138,0.018797719836584292,0.0006247199544304749,0.01292292024299968,0.018699091335292906,0.018144888803362846,950.0
3479,joint,0.14877576800063252,4.725619792938232,4.392596776392315e-07,1.757038710556926e-07,8.785193552784631e-09,0.0006067930007702671,0.018478610014426522,0.018552835725131445,0.0006077285906940233,0.018414633494103327,0.01699579598789569,0.0006107392910053022,0.018366759511991404,0.01874067119206302,0.0006169116768433014,0.018346127922995947,0.01843816252949182,0.015560589730739594,579.0
3480,joint,0.08350941422395408,1.3437929153442383,4.390179411698176e-07,1.7560717646792702e-07,8.780358823396352e-09,0.000523356648045592,0.00830124278581934,0.011954997331486084,0.0005266342323011486,0.00822457733011106,0.012248277504113503,0.0005319470237736823,0.00817851670581149,0.011339837074046955,0.0005401776434155181,0.00815883119503269,0.01298101877910085,0.01086806133389473,786.0
3481,joint,0.13317544176243246,1.99013352394104,4.3877580000243837e-07,1.7551032000097534e-07,8.775516000048767e-09,0.0005887984971195692,0.015919792553177103,0.017710351836285554,0.0005911185908189509,0.015866643669141922,0.018067829281790182,0.0005952120754955104,0.01583961220603669,0.016906595323234797,0.0006019982283760328,0.015836930651857983,0.014650561497546732,0.011049052700400352,783.0
3482,joint,0.13959763827733696,1.9337705373764038,4.385332547345531e-07,1.7541330189382124e-07,8.770665094691063e-09,0.000654825762467226,0.014099590276600793,0.019069965579546988,0.0006563437455042731,0.014033832951099612,0.018695865699555725,0.0006600336673727725,0.013991851810715161,0.01945976191200316,0.0006667192046734272,0.013974458517623134,0.02363438904285431,0.02174883708357811,1008.0
3483,joint,0.14620810886844993,1.1561882495880127,4.382903059646182e-07,1.7531612238584728e-07,8.765806119292365e-09,0.0005969931535219075,0.018496005111956038,0.016968281008303165,0.00059874856742681,0.018417691739159636,0.017252465055207722,0.0006032046385371359,0.018369063895079307,0.018276248418260366,0.0006103174782765564,0.018347311328398064,0.017671780049568042,0.011099857278168201,596.0
3484,joint,0.12105524342041463,2.587324857711792,4.380469542920855e-07,1.752187817168342e-07,8.76093908584171e-09,0.0005688085930160014,0.013098025956423953,0.0170664837496588,0.0005724386392103042,0.01301679740572581,0.016051660975790583,0.000577667329707765,0.012965090776560828,0.01681808764988091,0.000585371206398122,0.012941359011165332,0.01679345230513718,0.01883305422961712,948.0
3485,joint,0.15202138188760728,2.2740888595581055,4.37803200317401e-07,1.7512128012696043e-07,8.756064006348022e-09,0.0006311076467682142,0.014758555000298657,0.02438630416872911,0.0006306173672783189,0.014681591594126076,0.02586565472302027,0.0006335275211313274,0.014627909200498834,0.017659521967289038,0.0006397443539754022,0.014599874470150098,0.022906974496436305,0.012036433443427086,517.0
3486,joint,0.1411151357460767,1.3899199962615967,4.375590446420037e-07,1.7502361785680147e-07,8.751180892840073e-09,0.0006304795824689791,0.016306049583363347,0.018187548921559937,0.0006292180169111816,0.016245169143076055,0.017741737494361587,0.0006307288258540211,0.016203704682993703,0.019368697045138106,0.0006349973173200851,0.016186011969693936,0.01835079440206755,0.022094272077083588,947.0
3487,joint,0.09659639419987798,1.7774007320404053,4.3731448786832313e-07,1.7492579514732927e-07,8.746289757366463e-09,0.0005810530274175107,0.009700271271867678,0.012834908222430386,0.0005853987586306175,0.00963335094274953,0.014467263987171464,0.0005913542918278836,0.009592334041371942,0.014410651638172567,0.0006003235612297431,0.00958243252534885,0.014017053224961273,0.011105875484645367,641.0
3488,joint,0.14435768453404307,1.7691859006881714,4.37069530599779e-07,1.7482781223991162e-07,8.74139061199558e-09,0.0006442536850954639,0.01337198966939468,0.02379682697937824,0.0006458671068685362,0.013295044729602523,0.02413837231870275,0.0006497217691503465,0.013243839115602896,0.0251877574773971,0.0006562730759469559,0.013221040004282258,0.015506700001424178,0.012271792627871037,597.0
3489,joint,0.16417662950698286,2.291135787963867,4.3682417344077897e-07,1.7472966937631159e-07,8.73648346881558e-09,0.0006933027289051097,0.016249027641606517,0.02536562565364875,0.0006926650876266649,0.01618625492847059,0.025471157423453405,0.0006946410321688745,0.016145941655850038,0.024498324608430266,0.000699719679687405,0.016129401163198054,0.021350564464228228,0.02314997836947441,1004.0
3490,joint,0.15680707967840135,1.5824676752090454,4.365784169967174e-07,1.7463136679868698e-07,8.731568339934349e-09,0.0006973969721002504,0.01944065690622665,0.018881879339460284,0.0006967159242776688,0.019386555184610188,0.018604469223646447,0.0006991648515395354,0.019352904171682894,0.020378452929435298,0.0007042080906103365,0.019340865459525958,0.018623810668941587,0.010846074670553207,794.0
3491,joint,0.12239278841298074,1.6597188711166382,4.3633226187397403e-07,1.745329047495896e-07,8.726645237479481e-09,0.0006062280444893986,0.012442794715752825,0.018748332993709482,0.0006085209861339536,0.012376201033475809,0.01850695861503482,0.0006131756144895917,0.012332408805377781,0.016808958374895155,0.0006201944997883402,0.012313916740822606,0.016415100239100866,0.019205328077077866,784.0
3492,joint,0.12133189686574042,1.6411190032958984,4.3608570867991195e-07,1.7443428347196478e-07,8.72171417359824e-09,0.0005769760828115977,0.01233334490825655,0.01810857122472953,0.0005809280683024554,0.012261270429007709,0.016094721882836893,0.000586550453590462,0.012213701891596429,0.018764316919259727,0.0005937894202361349,0.012192799396871123,0.017024924251018092,0.026373570784926414,947.0
3493,joint,0.15458877151831985,1.4349466562271118,4.358387580228769e-07,1.7433550320915076e-07,8.716775160457538e-09,0.0006900612934259698,0.015468662400962785,0.018600581912323833,0.0006871502409921959,0.015407472936203703,0.026884921360760927,0.0006875418621348217,0.015367170301033184,0.017148169805295765,0.0006916087841091212,0.015348199871368706,0.027607229276327416,0.016654683277010918,518.0
3494,joint,0.11966338031925261,1.751462697982788,4.3559141051219477e-07,1.742365642048779e-07,8.711828210243896e-09,0.0006346890695567708,0.0119646594976075,0.0165888740302762,0.0006349788527586497,0.011908774453331716,0.017088475127820857,0.0006383298732544063,0.011876837292220443,0.018600820214487612,0.000645053823973285,0.011868671397678554,0.017213214334333315,0.013513793237507343,785.0
3495,joint,0.1707746327156201,2.0502960681915283,4.353436667581712e-07,1.7413746670326847e-07,8.706873335163424e-09,0.0006121488495409722,0.0230411475058645,0.027529724306077696,0.0006134636969363783,0.022977606786298566,0.017666385145275854,0.0006173603997012833,0.022932569670956582,0.016019813148886897,0.0006238444912014529,0.022917177630006336,0.015223390277242288,0.015066097490489483,472.0
3496,joint,0.18425018736161292,2.3716959953308105,4.350955273720892e-07,1.7403821094883567e-07,8.701910547441785e-09,0.0006415857824322302,0.017465926939621568,0.029671815311303362,0.0006422544065571856,0.0174105921323644,0.03079686564160511,0.0006455916372942738,0.01737917633727193,0.021586851391475648,0.0006516286048281472,0.017371910900692455,0.029985986882820725,0.0130145363509655,793.0
3497,joint,0.13724476052448153,1.8150432109832764,4.3484699296620805e-07,1.739387971864832e-07,8.696939859324162e-09,0.0006137548243714264,0.013965464910143055,0.018263144738739356,0.0006160284119687276,0.013902450751629658,0.018642544862814248,0.0006202235217642738,0.013863058280549012,0.024249888301710598,0.000627475597866578,0.013850058094249107,0.018030667255516164,0.01790129765868187,1010.0
3498,joint,0.15896031574811786,2.618661880493164,4.345980641537616e-07,1.7383922566150464e-07,8.691961283075233e-09,0.000643455558019923,0.016838399300468154,0.021713220383389853,0.0006472317327279598,0.016771693786722608,0.022686554439133033,0.0006529804195452016,0.016730420567910187,0.023402629434713162,0.0006613694386032876,0.01671828140388243,0.021494079803233035,0.014844594523310661,800.0
3499,joint,0.11801245994865894,1.344244122505188,4.343487415489571e-07,1.7373949661958283e-07,8.686974830979142e-09,0.0005678908455593046,0.012088790797861293,0.022545185376657173,0.0005698100139852613,0.01202099489455577,0.014984313282184303,0.0005740257784054847,0.011975438159424812,0.015191810176474974,0.0005808361129311379,0.011958559436607175,0.014954806014429778,0.011733601801097393,783.0
3500,joint,0.13552469667047262,1.9505399465560913,4.3409902576697315e-07,1.7363961030678927e-07,8.681980515339464e-09,0.0006319800959317945,0.014532951317960396,0.016706472932128236,0.0006317715615296038,0.01446956662402954,0.024305233411723748,0.0006342177039186936,0.014428712689550593,0.016499131044838578,0.0006394298125087516,0.014411722324439324,0.017633505136473104,0.017993755638599396,629.0
3501,joint,0.13745897717308253,1.3969069719314575,4.3384891742395876e-07,1.735395669695835e-07,8.676978348479175e-09,0.0006653091804764699,0.0132242652689456,0.0204199161962606,0.0006650773120782105,0.013155072818335611,0.020505010237684473,0.0006670719230896793,0.013105863392411266,0.02058639092138037,0.000671571702696383,0.013082995588774793,0.020710431592306122,0.018357113003730774,948.0
3502,joint,0.15767128067091107,2.449899673461914,4.335984171370313e-07,1.734393668548125e-07,8.671968342740625e-09,0.0006426816289604176,0.020753496093675494,0.01783434924436733,0.0006425136307370849,0.020690980891231447,0.01815482645179145,0.0006453428686654661,0.02064937018440105,0.017616353026824072,0.0006510791045002406,0.020634643326047808,0.018755645724013448,0.014722270891070366,597.0
3503,joint,0.1807994246482849,1.7940495014190674,4.333475255242754e-07,1.7333901020971016e-07,8.666950510485508e-09,0.0006492286520369817,0.019122135752695613,0.028279455538722686,0.0006488345879915869,0.019064451422309503,0.027935565856751055,0.000651039872536785,0.01902942601009272,0.019801556976744905,0.0006569474462594371,0.019022601583856158,0.025938182501704432,0.016728857532143593,784.0
3504,joint,0.10255752701777965,0.9626602530479431,4.330962432047411e-07,1.7323849728189644e-07,8.661924864094822e-09,0.0005274196391837904,0.010740004036051687,0.014345057832542807,0.0005331133397703525,0.010664745372196194,0.014021050039445981,0.000539851334906416,0.01062172628735425,0.015098371542990208,0.0005488134120241739,0.010607673561025877,0.014309701291495003,0.014750120230019093,578.0
3505,joint,0.189020823687315,1.2733391523361206,4.3284457079844254e-07,1.73137828319377e-07,8.656891415968852e-09,0.0006695939391647698,0.01716401740850415,0.03217468157527037,0.0006700042758893687,0.017105372084188275,0.03182730486150831,0.0006725473758706357,0.01706708582059946,0.03287913207896054,0.000677506077408907,0.017054834854207,0.021058747952338308,0.015749435871839523,579.0
3506,joint,0.1592067510355264,2.242150068283081,4.325925089263564e-07,1.7303700357054257e-07,8.651850178527128e-09,0.0006300549030129332,0.016432304255431518,0.030912748887203634,0.000630136546533322,0.016364269249606878,0.01465640656533651,0.0006326889524643775,0.016320268958224915,0.023506792582338676,0.00063843672251096,0.01630003866739571,0.02218260639347136,0.0128528643399477,579.0
3507,joint,0.11700988654047251,1.5305160284042358,4.3234005821042037e-07,1.7293602328416813e-07,8.646801164208409e-09,0.0006117813682067208,0.012588862358825281,0.015583930362481624,0.0006141619051049929,0.012518996692961082,0.01627897830621805,0.0006187320905155502,0.012476278090616688,0.016622887866105884,0.0006261351081775501,0.012462802980735432,0.016006340243620798,0.01869381032884121,636.0
3508,joint,0.19827713922131807,1.2897695302963257,4.3208721927353137e-07,1.7283488770941255e-07,8.641744385470627e-09,0.000727487136828131,0.019941928214393556,0.02464477453031577,0.0007265974454639945,0.019877757600625046,0.03381751217239071,0.0007285165756911738,0.019838845430058427,0.040652695795870386,0.0007331574597628787,0.01982222126389388,0.016765643056714907,0.019925221800804138,945.0
3509,joint,0.17273388477042317,2.9113831520080566,4.3183399273954436e-07,1.7273359709581773e-07,8.636679854790887e-09,0.0006775089823349845,0.020160917003522627,0.023783276497852057,0.0006757736446161289,0.02010370377684012,0.02251224947394803,0.0006773767090635374,0.020067106699571013,0.020819119454245083,0.0006818948277214076,0.020056710432982072,0.022518246973049827,0.012386533431708813,500.0
3510,joint,0.15140027622692287,1.3777143955230713,4.3158037923327065e-07,1.7263215169330827e-07,8.631607584665415e-09,0.0006856189811514923,0.014151602852507494,0.024923885051975958,0.0006835273925389629,0.01408708535018377,0.024001513971597888,0.0006843450973974541,0.014042495342437178,0.019458083537756465,0.0006891637240187265,0.014024093092302792,0.023968860681634396,0.018702326342463493,1004.0
3511,joint,0.10791313042864203,1.496376633644104,4.3132637938047643e-07,1.7253055175219057e-07,8.62652758760953e-09,0.0005797394369437825,0.012099228988518007,0.01477309680194594,0.0005823213559779106,0.01202626115991734,0.01418451928475406,0.0005868655443919124,0.01198100515466649,0.014722788080689497,0.0005940698792983312,0.01196184754371643,0.01382138897315599,0.013341469690203667,514.0
3512,joint,0.112364157801494,1.3528674840927124,4.3107199380788106e-07,1.7242879752315242e-07,8.621439876157622e-09,0.00057947479399445,0.012654004502110183,0.015286767040379345,0.0005811307310068514,0.012588441211846657,0.015119283314561471,0.0005851385303685674,0.012546224461402744,0.014783379359869286,0.0005917338330618804,0.012529222396551631,0.01451936035300605,0.016659926623106003,521.0
3513,joint,0.10219116904772818,2.2048072814941406,4.3081722314315564e-07,1.7232688925726228e-07,8.616344462863114e-09,0.0005586132647295017,0.009968871847377159,0.014555889691109769,0.0005629287788906367,0.009898672447889112,0.015211346602882259,0.0005688888286385918,0.00985370141279418,0.014334913736092858,0.0005766956946899882,0.009831766845309176,0.01626888038299512,0.01431844849139452,793.0
3514,joint,0.13100172206759453,1.2836158275604248,4.305620680149214e-07,1.7222482720596856e-07,8.611241360298429e-09,0.0006266761101869633,0.012840177179896273,0.01585092740424443,0.000628757548838621,0.012773678536177613,0.022768199371057563,0.0006332320408546366,0.012734770542010665,0.022905652731424198,0.0006406476732081501,0.012721649560262449,0.015877355661359616,0.015472040511667728,517.0
3515,joint,0.15716766216792166,1.3181912899017334,4.3030652905274834e-07,1.7212261162109933e-07,8.606130581054968e-09,0.0006147724106995156,0.015421971656905953,0.024216827310738154,0.000617587067608838,0.015354257957369555,0.022777719001169316,0.0006225992146937642,0.015308810950955376,0.02385460202640388,0.0006297957006609067,0.015290059462131467,0.022458657913375646,0.011911289766430855,519.0
3516,joint,0.10453271167352796,1.3835291862487793,4.300506068871534e-07,1.7202024275486137e-07,8.601012137743068e-09,0.0005571175879595103,0.011073808840592392,0.014591165643651038,0.0005594194062723545,0.011008849236532114,0.014797277399338782,0.0005639029204758117,0.010968754460918717,0.014886991528328508,0.0005713352984457742,0.010951018310151994,0.014003072632476687,0.013023797422647476,523.0
3517,joint,0.11095054680481553,2.845763683319092,4.2979430214959907e-07,1.7191772085983962e-07,8.595886042991981e-09,0.0005847660031577107,0.011129857855848968,0.01659484812989831,0.000586174743148149,0.01107187663728837,0.017035217795637436,0.0005902563552808715,0.011038013952202164,0.015384765720227733,0.000597015436142101,0.011033764472813345,0.015303992899134755,0.016380518674850464,524.0
3518,joint,0.1716208477737382,1.7796107530593872,4.2953761547249186e-07,1.7181504618899673e-07,8.590752309449838e-09,0.0006941342144273221,0.018555673959781416,0.020492501265835017,0.0006945375080249505,0.01848778648127336,0.02615104932920076,0.0006975823016546201,0.018444234112394042,0.019383161983569153,0.0007031193199509289,0.018422454784740694,0.02889461886661593,0.020959241315722466,783.0
3519,joint,0.1450064422097057,1.0260051488876343,4.2928054748918055e-07,1.7171221899567221e-07,8.58561094978361e-09,0.000616623054156662,0.015011821102234535,0.015408580627990887,0.0006188935003592633,0.014947261443012394,0.025022912654094398,0.0006226408149814233,0.014909594901837409,0.02523304864007514,0.0006291018544288818,0.01490156068757642,0.017084403967601247,0.011658741161227226,580.0
3520,joint,0.1535048788646236,1.8049482107162476,4.2902309883395494e-07,1.7160923953358198e-07,8.5804619766791e-09,0.0006763409892300842,0.016926126365433447,0.02283578239439521,0.0006752096269337926,0.016864370911207516,0.02072285498434212,0.0006768340081180213,0.016823957994347438,0.01931743958266452,0.0006818173424107954,0.016807005253212992,0.020497139397775754,0.015487155877053738,796.0
3521,joint,0.18402525770943612,1.979650855064392,4.2876527014204387e-07,1.7150610805681756e-07,8.575305402840878e-09,0.0007174628735810984,0.019885961621184833,0.026362154516391456,0.0007167082258092705,0.01982754717755597,0.03169029322452843,0.0007185966042015934,0.01979152372223325,0.02103278861613944,0.000723169887351105,0.019777707449975424,0.022781350911827758,0.020583422854542732,1006.0
3522,joint,0.14485466806218028,1.9678821563720703,4.2850706204961416e-07,1.7140282481984566e-07,8.570141240992284e-09,0.0006275414125411771,0.014502822115900926,0.02287028427235782,0.0006275304731389042,0.014435303790378384,0.01966366007400211,0.0006303780646703672,0.014388145646080375,0.020397678352310322,0.0006356726862577489,0.01436844645650126,0.02170720421418082,0.011105191893875599,782.0
3523,joint,0.11601736769080162,1.36331307888031,4.282484751937685e-07,1.712993900775074e-07,8.56496950387537e-09,0.0006216130677785259,0.012787466868758202,0.01646129385335371,0.0006214346376509639,0.012727234949124977,0.01602373132482171,0.0006236273129616166,0.012690395335084759,0.014689460775116459,0.0006289798493526177,0.0126760969433235,0.015466034092241898,0.014805417507886887,522.0
3524,joint,0.12887569167651236,2.806638717651367,4.279895102125443e-07,1.7119580408501773e-07,8.559790204250887e-09,0.0005958532219665358,0.013556509948102757,0.015771835227496922,0.000595275711020804,0.01349109027069062,0.019824836927000433,0.0005973534643999301,0.013446070995996706,0.019860690517816693,0.0006026392020430649,0.013425677883788012,0.01710785605246201,0.014217385090887547,640.0
3525,joint,0.1465376844862476,1.702470302581787,4.277301677449119e-07,1.7109206709796475e-07,8.554603354898239e-09,0.0006590731281903572,0.01569926508818753,0.01705957062949892,0.0006609322335862089,0.01563660970714409,0.029745658932370134,0.0006648943890468217,0.01559698321216274,0.01619788762764074,0.0006721983972965972,0.015586710112984292,0.018357903783908114,0.011206187307834625,469.0
3526,joint,0.0899313377449289,1.4108787775039673,4.27470448430773e-07,1.709881793723092e-07,8.549408968615461e-09,0.0005411334095697384,0.008918605206417851,0.013431163810309954,0.0005467682149173925,0.008836792076181155,0.012421381106832996,0.0005541006739804288,0.00878410904260818,0.013524412148399279,0.0005644323246087879,0.008763256337260827,0.013045185114606284,0.0110574746504426,469.0
3527,joint,0.13672688731458038,1.593971848487854,4.2721035291095924e-07,1.708841411643837e-07,8.544207058219185e-09,0.0006323470952338539,0.014352369602420367,0.01870942351524718,0.000632122148090275,0.01429312834807206,0.02046756466734223,0.0006344384346448351,0.014252952736569569,0.019207000877941027,0.0006393548883352196,0.014239140131394379,0.018667047668714076,0.017210636287927628,782.0
3528,joint,0.10964218550361693,1.6464958190917969,4.2694988182723047e-07,1.707799527308922e-07,8.53899763654461e-09,0.0006134210379968863,0.010413516720291227,0.016303057374898344,0.0006126582356955623,0.010347977076889947,0.01741576357744634,0.0006144931812741561,0.010304633964551613,0.016441112267784774,0.0006196011399879353,0.010289805824868381,0.01566614443436265,0.019951019436120987,641.0
3529,joint,0.20362841431051493,1.9383306503295898,4.266890358222732e-07,1.7067561432890926e-07,8.533780716445464e-09,0.0006486414476967184,0.019364512692845892,0.021348612281144597,0.0006499286173493601,0.019286490976810455,0.0329708416829817,0.000653447368677007,0.01923835610068636,0.03601853574218694,0.0006601869990845444,0.01921244825643953,0.03357641260663513,0.015283719636499882,517.0
3530,joint,0.18245082651264966,1.1964173316955566,4.2642781553969896e-07,1.705711262158796e-07,8.52855631079398e-09,0.0006567080654349411,0.018331986240809783,0.03209647873882204,0.0006574980816367315,0.018267266306793317,0.03133175615221262,0.0006604054433410056,0.018225416832137853,0.02178032576921396,0.0006655106626567431,0.018205740168923512,0.021571731951553375,0.01726367510855198,947.0
3531,joint,0.12926054338458925,2.2391183376312256,4.261662216240429e-07,1.7046648864961716e-07,8.523324432480859e-09,0.0005776623638666933,0.015378796015284024,0.017823553396738134,0.0005783115466329036,0.015313692740164697,0.015994993736967444,0.0005808353253087262,0.01527054701000452,0.01677284987817984,0.0005859983975824434,0.015252475655870512,0.015130827232496813,0.011232344433665276,470.0
3532,joint,0.21523856138810515,2.0662195682525635,4.25904254720762e-07,1.703617018883048e-07,8.51808509441524e-09,0.0007559104669780936,0.021135752933332697,0.03674832475371659,0.0007555604461231269,0.02107946851174347,0.0367470299534034,0.0007584525628772099,0.021040163468569517,0.02598963910713792,0.0007636640984856058,0.02101825928548351,0.028446337208151817,0.015572216361761093,787.0
3533,joint,0.11651603924110532,3.1693778038024902,4.256419154762335e-07,1.7025676619049338e-07,8.51283830952467e-09,0.0005775711651949678,0.012605755968252197,0.015209311575745232,0.0005789193619420985,0.012532751934486441,0.0176304544438608,0.0005825997541251127,0.012483217353292275,0.01667750850901939,0.0005891443597647594,0.012462091661291197,0.01458671192813199,0.012035803869366646,486.0
3534,joint,0.14787197252735496,1.33034348487854,4.253792045377534e-07,1.7015168181510135e-07,8.507584090755068e-09,0.0006553256171173416,0.013901979284128174,0.02126711147138849,0.000654637979096151,0.013827760558342561,0.023181668628240004,0.0006567921736859716,0.01377879070059862,0.022621263953624293,0.0006613720288441982,0.013757750333752483,0.022907520295120776,0.016646742820739746,948.0
3535,joint,0.19180751161184162,1.4493048191070557,4.251161225535349e-07,1.7004644902141397e-07,8.5023224510707e-09,0.0006627171842410462,0.017840504806372337,0.026375009343610145,0.0006644206769124139,0.0177777158387471,0.02909892611205578,0.0006680460883217165,0.01773456111550331,0.03481146339618135,0.0006741168199368985,0.017720010408083908,0.027780022370279767,0.019898373633623123,1007.0
3536,joint,0.1792025815229863,2.082096576690674,4.2485267017270657e-07,1.6994106806908264e-07,8.497053403454133e-09,0.0006587702082470059,0.018750224626273848,0.029245887068100274,0.000659680190437939,0.018688690528506413,0.027668548849760555,0.0006629275158047676,0.01865052005450707,0.025743281890754588,0.0006690111804346088,0.01863464919733815,0.019170393352396786,0.013442903757095337,789.0
3537,joint,0.12377146049402654,2.0701465606689453,4.2458884804531104e-07,1.698355392181244e-07,8.491776960906221e-09,0.0006696640448353719,0.012456400669179857,0.017893727374030277,0.0006710763591399882,0.01239842017821502,0.018625881988555193,0.0006748828800482443,0.012359659041976556,0.017003020082484,0.0006816663735662587,0.01234532926173415,0.01799173219478689,0.013015241362154484,782.0
3538,joint,0.20205590105615556,2.3961920738220215,4.2432465682230316e-07,1.6972986272892127e-07,8.486493136446063e-09,0.0007061246069497429,0.01860735207446851,0.03664681639929768,0.0007074045970512088,0.01853598208981566,0.030034639727091417,0.0007106545490387361,0.01848371620872058,0.03706336734467186,0.0007169623859226704,0.01846596058749128,0.021376924560172483,0.011599987745285034,792.0
3539,joint,0.1158904618350789,1.728827714920044,4.240600971555484e-07,1.6962403886221936e-07,8.48120194311097e-09,0.0005924623037572019,0.013133371117874049,0.014818458424997516,0.0005941661565884715,0.013069788910797797,0.015077054558787495,0.00059822704315593,0.013026017899392173,0.014833455163170584,0.000604998711423832,0.013005437635001726,0.016537023708224297,0.01659800484776497,635.0
3540,joint,0.14818151574581861,1.5296458005905151,4.2379516969782166e-07,1.6951806787912867e-07,8.475903393956433e-09,0.000694394730089698,0.016289042978314683,0.016396403370890766,0.0006925423767825123,0.016235955146839842,0.02431057911599055,0.0006939569757378194,0.016200478770770133,0.01598578959237784,0.000698692583682714,0.016191724978853017,0.023791954619809985,0.011989911086857319,519.0
3541,joint,0.12007753876969218,2.673769474029541,4.235298751028049e-07,1.6941195004112195e-07,8.470597502056099e-09,0.0006254227118915878,0.011804686684627086,0.017862604785477743,0.0006243369498406537,0.011736571410438046,0.018317183974431828,0.0006265730571612949,0.011689572769682854,0.0171276765759103,0.0006322112130874302,0.01167044127942063,0.01736025672289543,0.017905764281749725,641.0
3542,joint,0.09973712521605194,2.1218724250793457,4.2326421402508634e-07,1.6930568561003452e-07,8.465284280501726e-09,0.0005657327783410437,0.00983820386318257,0.014936134932213463,0.0005677891858795192,0.0097721904530772,0.013944580990937538,0.0005715113438782282,0.009738808599649929,0.014939968794351444,0.0005775494682893623,0.009732930971949827,0.014551724147167988,0.01764979399740696,637.0
3543,joint,0.11031120852567255,2.8773012161254883,4.229981871201581e-07,1.6919927484806325e-07,8.459963742403164e-09,0.000611602114076959,0.012365246599074453,0.015717512025730684,0.0006101519811636535,0.01229046237131115,0.014360242756083608,0.0006115277119533857,0.012241385629749857,0.015236314182402566,0.0006162179870443651,0.012219957352499478,0.013430589227937162,0.016954688355326653,640.0
3544,joint,0.10903390974272043,1.7488535642623901,4.227317950444152e-07,1.6909271801776607e-07,8.454635900888304e-09,0.0006278084892983316,0.011060692180762999,0.015433771855896339,0.0006272660211834591,0.01098447956610471,0.017286144007812254,0.0006296509509411408,0.010933342920907307,0.015122665616218,0.0006353545031743124,0.010909662225458305,0.014783071092097089,0.016965176910161972,946.0
3545,joint,0.12119276099838316,0.9413830637931824,4.224650384551536e-07,1.6898601538206144e-07,8.449300769103072e-09,0.0006014420905557927,0.011289920672425069,0.02132751677709166,0.0006036914073774824,0.011207146337255836,0.02012141548038926,0.0006089291819080245,0.011155458414577879,0.012712159470538609,0.0006179861702548806,0.011134987347759306,0.01981210956000723,0.010573050007224083,519.0
3546,joint,0.11459902964998037,2.636270523071289,4.221979180105688e-07,1.688791672042275e-07,8.443958360211376e-09,0.0006280269826675067,0.011457633372629061,0.01664300936681684,0.0006268919532885775,0.011389333551051095,0.01814862189348787,0.0006285063846007688,0.011349233143846504,0.016120063068228774,0.0006330244286800735,0.01133290896541439,0.015641778751160018,0.02456909418106079,949.0
3547,joint,0.10904554999433458,2.9350807666778564,4.219304343697536e-07,1.6877217374790144e-07,8.438608687395072e-09,0.0006323540510493331,0.011267377703916281,0.01567705412162468,0.0006313978919934016,0.011205783375771716,0.015599969716276973,0.0006336073329293868,0.011162899667397141,0.015736734319943935,0.0006392661489371676,0.011149506317451596,0.014709598326589912,0.011749242432415485,641.0
3548,joint,0.12849117093719542,1.3355807065963745,4.216625881926977e-07,1.686650352770791e-07,8.433251763853955e-09,0.0006176408096507657,0.012072342360625044,0.019187396857887506,0.0006181545613799244,0.01199710388755193,0.020034021377796307,0.0006212645657797111,0.011949793428357225,0.01889527778257616,0.000627961904683616,0.011935757931496482,0.019934453768655658,0.0164632648229599,781.0
3549,joint,0.15985557751264423,1.6322747468948364,4.2139438014028464e-07,1.6855775205611386e-07,8.427887602805694e-09,0.0006639415569225093,0.017537255116621964,0.01958139822818339,0.0006644522836722899,0.017476017732406035,0.01923841044481378,0.0006673411480733193,0.0174363541736966,0.024286912099341862,0.0006732643250870751,0.01742067032319028,0.02420956001151353,0.0170961394906044,1007.0
3550,joint,0.12216903013177216,1.257851243019104,4.2112581087429127e-07,1.6845032434971652e-07,8.422516217485826e-09,0.00063802205841057,0.011418450128985569,0.01903262414271012,0.0006360344741551671,0.011345977152814157,0.019566401722840965,0.0006376616438501514,0.011299648744170554,0.01796895603183657,0.0006421894031518605,0.01127669311244972,0.01770637175650336,0.012140318751335144,596.0
3551,joint,0.10918069072067738,1.4506722688674927,4.208568810573855e-07,1.6834275242295422e-07,8.41713762114771e-09,0.0005803378589916974,0.010664945788448676,0.015970280845067464,0.0005819229900225764,0.010585347990854643,0.015965776081429794,0.0005860649107489735,0.010536525005591102,0.015968673629686236,0.0005928650116402423,0.010515573841985315,0.016632376587949693,0.013974709436297417,493.0
3552,joint,0.1643848547246307,2.6901373863220215,4.20587591353125e-07,1.6823503654125e-07,8.4117518270625e-09,0.0007106846678652801,0.01701445275102742,0.018821306934114546,0.0007085020170052303,0.01695699291303754,0.025284003611886874,0.0007092184623616049,0.01691705797566101,0.03115502998116426,0.0007135632695280947,0.016900311136851087,0.018493733659852296,0.022527188062667847,1005.0
3553,joint,0.17394295299891382,2.3705289363861084,4.2031794242595513e-07,1.6812717697038205e-07,8.406358848519104e-09,0.0006264968269533711,0.01699044789711479,0.03265952791844029,0.0006291741774475668,0.01691565429791808,0.027351067459676415,0.0006341162588796578,0.016868176331627183,0.02776949141116347,0.0006417869353754213,0.016852990243933164,0.016004023316781968,0.014208043925464153,522.0
3554,joint,0.22324703726917505,3.0065712928771973,4.2004793494120806e-07,1.6801917397648323e-07,8.400958698824161e-09,0.0007095164783095242,0.023965554224560037,0.028667927748756483,0.0007093112490110798,0.023912143857160117,0.01938060377142392,0.0007109544894774444,0.023879754815425258,0.037870712418225594,0.0007158986518334132,0.02387030881800456,0.038854356040246785,0.014054423198103905,493.0
3555,joint,0.16562546603381634,33.95803451538086,4.1977756956510024e-07,1.679110278260401e-07,8.395551391302006e-09,0.0007084231037879363,0.017859082465292886,0.024410965794231743,0.0007061078467813786,0.017803084425395355,0.022067432873882353,0.000707477709511295,0.017768160527339205,0.023252325772773474,0.0007124162984837312,0.017757096968125552,0.021872890851227567,0.016473595052957535,523.0
3556,joint,0.08787538530305028,2.0823538303375244,4.195068469647315e-07,1.678027387858926e-07,8.390136939294631e-09,0.0005459151798277162,0.009611740126274526,0.012651932644075714,0.0005501708947122097,0.009533104486763477,0.011907067557331175,0.0005557471158681437,0.009478262451011688,0.011956235684920102,0.0005647656234941678,0.009451810765312985,0.011068632316892035,0.011721000075340271,577.0
3557,joint,0.14781963848508894,1.21394944190979,4.192357678080828e-07,1.6769430712323312e-07,8.384715356161657e-09,0.0006302447509369813,0.016313442625687458,0.01811826232005842,0.0006315583232208155,0.016238231692113914,0.02135510341031477,0.000635905473245657,0.016192851951927878,0.021985452563967556,0.000642635181065998,0.016172733943676576,0.018903217802289873,0.018725639209151268,1007.0
3558,joint,0.16922549903392792,1.980644941329956,4.189643327640151e-07,1.6758573310560604e-07,8.379286655280302e-09,0.0007344555160671007,0.019236645428463817,0.01914544776082039,0.000732198703190079,0.01917772884189617,0.020267921732738614,0.0007333462635870092,0.01913443011289928,0.029208552499767393,0.0007374892320513027,0.01911655168805737,0.02100072879693471,0.011283598840236664,578.0
3559,joint,0.12800312007311732,2.6474215984344482,4.1869254250226736e-07,1.6747701700090695e-07,8.373850850045348e-09,0.0006408586359611945,0.013141713076038286,0.022738294544979,0.0006432562004192732,0.013072143803583458,0.013848168309777975,0.0006475678837887244,0.013030502152105328,0.021973424300085753,0.0006548603723786073,0.013014185926294886,0.014598144829506055,0.01712438091635704,640.0
3560,joint,0.11989015340805054,1.3294271230697632,4.1842039769345515e-07,1.6736815907738206e-07,8.368407953869104e-09,0.0005913049826631323,0.01151695690350607,0.017963409336516634,0.0005911917724006344,0.011447953736933414,0.01821937452768907,0.0005936988345638383,0.011405486533476505,0.017882046435261145,0.0005991644957248354,0.011389037586923223,0.01769052803865634,0.012142441235482693,522.0
3561,joint,0.15007303596939892,1.3638148307800293,4.181478990090686e-07,1.6725915960362744e-07,8.362957980181373e-09,0.0006322751523839543,0.014475333780865185,0.01744262658758089,0.0006325352806015871,0.014401676919078454,0.027343617301085033,0.0006352711552608525,0.014356116167618893,0.028190453624119982,0.0006412678267224692,0.01434113118739333,0.016980734377284534,0.016162283718585968,947.0
3562,joint,0.2008250835351646,1.4551875591278076,4.1787504712147116e-07,1.6715001884858847e-07,8.357500942429423e-09,0.0006660361468675546,0.021592163437162526,0.018872785891289823,0.0006681130726065021,0.021528189288801514,0.02643901617557276,0.0006728275693603791,0.02148924373614136,0.0371681138058193,0.0006798098693252541,0.021480292547494173,0.029568492245743982,0.013999253511428833,792.0
3563,joint,0.1734187804395333,1.3502411842346191,4.176018427038977e-07,1.6704073708155907e-07,8.352036854077954e-09,0.000681870993503253,0.017131037966464646,0.017490671743871644,0.0006824397987656994,0.017069172929041088,0.018582801669253968,0.0006855051360616926,0.01702957034285646,0.0336836239148397,0.0006910207230248488,0.01701745060563553,0.03267361600592267,0.014023372903466225,523.0
3564,joint,0.1472110147587955,2.2554006576538086,4.17328286430453e-07,1.669313145721812e-07,8.34656572860906e-09,0.000676331657814444,0.013936246250523254,0.023764825018588454,0.000675584735290613,0.013866155699361116,0.020094908366445452,0.0006779751820431557,0.013820511783706024,0.02449631888885051,0.0006835854219389148,0.013803210720652714,0.020715361752081662,0.017368806526064873,1010.0
3565,joint,0.12035904731601477,1.5526572465896606,4.1705437897611e-07,1.6682175159044402e-07,8.3410875795222e-09,0.000601951125645428,0.012277370304218493,0.015901576727628708,0.0006030909698893083,0.012200982571812347,0.015297608464607038,0.0006067776866984786,0.01215043111005798,0.015944542581564747,0.0006130328456492862,0.012128916321671568,0.022032765598851256,0.010809319093823433,783.0
3566,joint,0.11094425979536027,1.5187031030654907,4.1678012101670806e-07,1.6671204840668324e-07,8.335602420334162e-09,0.0006064898152544629,0.010387353031546809,0.016433104246971197,0.0006083206026232801,0.010313646227587014,0.017288624541833997,0.0006125227700977121,0.010264855751302093,0.01703699617064558,0.0006192295804794412,0.010244194651022553,0.016528921594726853,0.01157816406339407,514.0
3567,joint,0.15212164958938956,1.9737534523010254,4.165055132289515e-07,1.666022052915806e-07,8.33011026457903e-09,0.0007324551879719365,0.01528695720480755,0.022561906516784802,0.0007310614746529609,0.015235526952892542,0.021957637538434938,0.0007324742691707797,0.015205846255412325,0.02222318487474695,0.0007374811084446264,0.01520105783129111,0.021516060980502516,0.015833694487810135,514.0
3568,joint,0.17421451036352664,1.9841768741607666,4.162305562904076e-07,1.6649222251616305e-07,8.324611125808153e-09,0.0006917447917658137,0.01727460366964806,0.03161146675120108,0.0006903998910274822,0.01721271088172216,0.021252044069115072,0.000692223171427031,0.01717891356383916,0.02099456464929972,0.0006978498004173161,0.0171691258874489,0.028748866796377115,0.016798406839370728,794.0
3569,joint,0.12478495645336807,2.4938409328460693,4.159552508795054e-07,1.6638210035180214e-07,8.319105017590109e-09,0.0005906497135583777,0.014156261066091247,0.017101345933042467,0.0005942308089288417,0.014082875633903313,0.016051081256591715,0.0005997499465593137,0.014034887833986431,0.014369346463354304,0.000608075037234812,0.01401838737365324,0.018578068382339552,0.018454136326909065,1006.0
3570,joint,0.12011829135008156,4.552812576293945,4.1567959767553365e-07,1.6627183907021347e-07,8.313591953510674e-09,0.0005951614493824309,0.014177077755448408,0.015702011485700496,0.0005953065028734272,0.014112935561570339,0.01491890118632,0.0005985615607642103,0.014071116442210041,0.015393512527225539,0.0006045449408702552,0.014057856329600327,0.015291303920093924,0.013462932780385017,640.0
3571,joint,0.17413672851398587,1.9300413131713867,4.1540359735863915e-07,1.6616143894345566e-07,8.308071947172784e-09,0.0006826156131864991,0.021846192074008286,0.022841115191113204,0.0006799915972806048,0.021791475301142782,0.017489162361016497,0.0006811072598793544,0.021757991577032954,0.021387186279753223,0.0006854474650026532,0.02174577905680053,0.02254866494331509,0.015877073630690575,639.0
3572,joint,0.12801780342124403,1.5387792587280273,4.151272506098253e-07,1.6605090024393013e-07,8.302545012196506e-09,0.000587166252444149,0.015006710789748468,0.02429170323011931,0.0005908370239922078,0.014931645695469342,0.01376621684175916,0.0005962383875157684,0.014889474623487331,0.013822903521941043,0.0006042581080691889,0.014870512051857077,0.014060137997148558,0.013590428046882153,515.0
3573,joint,0.21355172980111092,1.751954197883606,4.148505581109502e-07,1.6594022324438007e-07,8.297011162219005e-09,0.0007149056327762082,0.02050204129773192,0.03300575457978994,0.0007113271531125065,0.020435207945411094,0.033281181793427095,0.0007113499741535634,0.02039553367649205,0.03360235129366629,0.0007146687839849619,0.02038050934788771,0.029096894373651594,0.020156236365437508,1007.0
3574,joint,0.11335223889909685,1.4226703643798828,4.145735205447251e-07,1.6582940821789003e-07,8.291470410894502e-09,0.0005826922624692088,0.010857406872673891,0.01769542858528439,0.0005871724551980151,0.010766797451651655,0.017725382873322815,0.0005932196545472834,0.010707162764447276,0.016335246240487322,0.0006025199254509062,0.010679610211809631,0.01621959696058184,0.012438884936273098,522.0
3575,joint,0.15084508527070284,1.5015588998794556,4.142961385947127e-07,1.6571845543788508e-07,8.285922771894255e-09,0.0006147025997051969,0.01648902613669634,0.02294521828298457,0.0006181987864692928,0.016413519435445778,0.022387203527614474,0.0006239331742108334,0.016366569616366178,0.01579754179692827,0.0006319562016869895,0.016348125209333375,0.021609092436847277,0.014632451348006725,780.0
3576,joint,0.13774970872327685,2.1651930809020996,4.1401841294532525e-07,1.656073651781301e-07,8.280368258906506e-09,0.000656586975310347,0.01420830492861569,0.021439461066620424,0.0006542327009810833,0.014139517021249048,0.01989947582478635,0.0006551200058311224,0.014093439996941015,0.019967903062934056,0.0006594107653654646,0.014073012207518332,0.01730324566597119,0.017790328711271286,946.0
3577,joint,0.14013290777802467,2.1154263019561768,4.1374034428182324e-07,1.654961377127293e-07,8.274806885636466e-09,0.0006312110490398481,0.012854684391641058,0.023122026774217375,0.000631907121714903,0.012786137624061666,0.022929582206415944,0.0006350904750433983,0.012741798651404679,0.022582812322070822,0.0006409907200577436,0.012727963563520461,0.017848704956122674,0.01823483034968376,1005.0
3578,joint,0.11797792557626963,1.1948477029800415,4.134619332903136e-07,1.6538477331612545e-07,8.269238665806272e-09,0.0005845786236022832,0.012122309271944687,0.017954674825887196,0.0005851672904100269,0.01204162162321154,0.015858258338994347,0.0005888244832021883,0.01198595690948423,0.01774113239662256,0.0005950301165285055,0.011962816046434455,0.01595755451126024,0.0161504615098238,524.0
3579,joint,0.1444041064241901,1.5400902032852173,4.131831806577476e-07,1.6527327226309903e-07,8.263663613154952e-09,0.0006515363784274086,0.015367378873634152,0.01783895425614901,0.0006509946906589903,0.015295909703127109,0.017916522338055074,0.0006536443779623369,0.015245958740706556,0.027488426392665133,0.0006592937443201663,0.015221706024021842,0.01741377788130194,0.013510153628885746,501.0
3580,joint,0.13635748787783086,2.8420848846435547,4.129040870719197e-07,1.6516163482876788e-07,8.258081741438395e-09,0.0006156492709123995,0.016073497565230355,0.017244756018044427,0.0006150614772195695,0.015999017035937868,0.018879838986322284,0.0006177780433063162,0.015952477493556216,0.016133057069964707,0.0006231086117622908,0.015932791313389316,0.0176704535697354,0.01762303151190281,636.0
3581,joint,0.1419564732350409,1.211042881011963,4.126246532214656e-07,1.6504986128858625e-07,8.252493064429313e-09,0.0006312526365945814,0.01362602635344956,0.022115672050858848,0.000631630089628743,0.013548709925089497,0.0198492472700309,0.0006343908808048582,0.013498060892743524,0.023280787834664807,0.0006400154179573292,0.01347995009564329,0.02002072974573821,0.01563604176044464,515.0
3582,joint,0.16730196541175246,2.297483205795288,4.123448797958605e-07,1.649379519183442e-07,8.246897595917212e-09,0.0007241046751005342,0.016382251167669892,0.020462490181671456,0.0007214544275484513,0.016316539666149765,0.02915241353912279,0.0007218115533760283,0.016271955711999908,0.020551752852043137,0.0007255073614942376,0.016250722284894437,0.02902096151956357,0.014061453752219677,794.0
3583,joint,0.16925655584782362,8.032997131347656,4.120647674854176e-07,1.6482590699416704e-07,8.241295349708352e-09,0.000703101817634888,0.017235304898349568,0.03133406076813117,0.0007005384268268244,0.017159949231427163,0.01878185837995261,0.0007017418429313693,0.017107776540797204,0.024752967117819935,0.0007060473471938167,0.017084599850932136,0.02298860694281757,0.01816532015800476,1006.0
3584,joint,0.15420022211037576,1.963158369064331,4.117843169812862e-07,1.647137267925145e-07,8.235686339625726e-09,0.0006622150849580066,0.016343649898772128,0.02254020542022772,0.0006615716356463963,0.01628036846523173,0.020768472517374903,0.0006642929783993168,0.016238618438364938,0.020675896914326586,0.0006698840807075612,0.01622246093756985,0.022472588534583338,0.011585150845348835,790.0
3585,joint,0.11462155519984663,1.1991233825683594,4.1150352897544985e-07,1.6460141159017996e-07,8.230070579508998e-09,0.0005970395613985602,0.012209933338453993,0.01598575632669963,0.0005974046998744598,0.012136122400988825,0.01565350897726603,0.0006004754741297802,0.012092507298802957,0.01478172950737644,0.0006062071424821625,0.012075320279109292,0.01728554985311348,0.012004532851278782,596.0
3586,joint,0.1624014254193753,2.9364583492279053,4.112224041607253e-07,1.6448896166429012e-07,8.224448083214506e-09,0.000681148181683966,0.015967988729244098,0.029605617019115016,0.0006774189096176997,0.01588746673951391,0.02831734946812503,0.0006773374352633255,0.015832112621865235,0.01931949268328026,0.0006807118897995679,0.01580252591520548,0.01895225839689374,0.01977679878473282,940.0
3587,joint,0.18150140740908682,1.6940066814422607,4.109409432307599e-07,1.6437637729230396e-07,8.218818864615198e-09,0.0006659229438810144,0.018100601693731733,0.029776657102047466,0.000666866568280966,0.018030530845862813,0.028976161251193844,0.0006707188149448484,0.01798779162345454,0.01989999579382129,0.0006769530446035787,0.01797616871772334,0.02807303989538923,0.015402973629534245,792.0
3588,joint,0.11257418233435601,1.5764223337173462,4.1065914688003057e-07,1.6426365875201223e-07,8.213182937600612e-09,0.0005918023416597862,0.011863287174492143,0.017139792209491134,0.000592710866840207,0.011797765400842763,0.015611001290380955,0.0005963500116195064,0.011759609493310563,0.015400483360281214,0.0006026793416822329,0.011750687684980221,0.014868011930957437,0.012553630396723747,514.0
3589,joint,0.10873124073259532,2.3809404373168945,4.1037701580384176e-07,1.641508063215367e-07,8.207540316076836e-09,0.0005862304660695372,0.012541149801108986,0.013547500071581453,0.000587847000133479,0.012466089050576556,0.014676418111776002,0.000591760384850204,0.012409881172061432,0.014532564207911491,0.0005986478190607158,0.012384691057377495,0.01380846177926287,0.012273889034986496,579.0
3590,joint,0.16593054065015167,1.6606097221374512,4.100945506983239e-07,1.6403782027932956e-07,8.201891013966478e-09,0.0006640330029767938,0.016888848258531652,0.02664887385617476,0.0006646547444688622,0.016821642901049927,0.020874460868071765,0.0006681487320747692,0.016778312550741248,0.020623841061023995,0.000673723374347901,0.01676307912566699,0.02786091939196922,0.019788935780525208,1006.0
3591,joint,0.13226560433395207,1.1027169227600098,4.098117522604316e-07,1.6392470090417263e-07,8.196235045208631e-09,0.0006262357746891212,0.014753540453966707,0.018449283845257014,0.0006256438482523663,0.014680748747196048,0.01742721814662218,0.0006281351725192508,0.014627374737756327,0.018953157064970583,0.0006339234496408608,0.014602783601731062,0.01625756049179472,0.01870017684996128,638.0
3592,joint,0.1492901488672942,1.2121872901916504,4.0952862118794175e-07,1.638114484751767e-07,8.190572423758835e-09,0.0006375602388288826,0.016122547880513594,0.016091493831481785,0.0006371709951054072,0.016053830986493267,0.021843416732735932,0.0006398112800525269,0.01600635683280416,0.02233753481414169,0.0006455692291638115,0.015987635459168814,0.022287222906015813,0.015332739800214767,517.0
3593,joint,0.13474752032198012,2.5763068199157715,4.0924515817945224e-07,1.636980632717809e-07,8.184903163589045e-09,0.0006883691057737451,0.013044125284068286,0.02009917382383719,0.0006861249203211628,0.01297561448882334,0.02042190363863483,0.0006879890897835139,0.01293324280413799,0.020187229936709628,0.0006929074388608569,0.012919939472340047,0.019410901732044294,0.013972185552120209,517.0
3594,joint,0.19122413487639278,2.042022466659546,4.0896136393437983e-07,1.6358454557375194e-07,8.179227278687597e-09,0.0006924354474904248,0.02038768498459831,0.023217457230202854,0.0006936161516932771,0.02032887961831875,0.027003588489606045,0.0006970725735300221,0.020298227114835754,0.023191899541416205,0.0007026211151242023,0.020291523207561113,0.03371912783768494,0.01697978377342224,790.0
3595,joint,0.08708817162550986,1.2811944484710693,4.0867723915295866e-07,1.6347089566118345e-07,8.173544783059174e-09,0.0005434039758256404,0.00883965274260845,0.012215619892231189,0.0005478803068399429,0.00875063608691562,0.012318280816543847,0.0005540903039218392,0.008694534175447188,0.01283380258246325,0.0005623304823529907,0.008675014280015603,0.012552927088108845,0.02066713757812977,942.0
3596,joint,0.11875623604282737,1.372544288635254,4.083927845362383e-07,1.6335711381449533e-07,8.167855690724767e-09,0.0006133336046332261,0.012655035294301342,0.015097357711056247,0.0006154694565339014,0.012569274404086173,0.014139943537884392,0.0006203098746482283,0.012516608039732091,0.015179723472101614,0.0006279310291574802,0.012492117173678707,0.021629131530062295,0.018596353009343147,638.0
3597,joint,0.10399346030317247,2.060487985610962,4.081080007860823e-07,1.6324320031443294e-07,8.162160015721646e-09,0.0006146461601019837,0.011016196411219425,0.013909656263422221,0.0006135060193628306,0.010944834328256547,0.01424295709875878,0.00061520743292931,0.01089737328584306,0.014160428385366686,0.0006199910458235536,0.01087344174447935,0.015485221636481583,0.02264774776995182,948.0
3598,joint,0.1441664861049503,2.138638973236084,4.078228886051663e-07,1.631291554420665e-07,8.156457772103326e-09,0.0006653576056123711,0.014486208005109802,0.021365427819546312,0.0006648062153544743,0.014427673959289677,0.020747021277202293,0.0006673599818896037,0.014390018055564724,0.020202528714435175,0.0006728563384967856,0.014377574872924015,0.021499653317732736,0.01760987564921379,781.0
3599,joint,0.1356181923765689,2.715592861175537,4.0753744869697615e-07,1.6301497947879047e-07,8.150748973939523e-09,0.0006759407860954525,0.016252343899395783,0.0181985985400388,0.00067505632796383,0.01618207077990519,0.017718061644700356,0.0006773442000849172,0.016132465221744496,0.016739558312110603,0.000683048807331943,0.01610991447523702,0.015573790631606244,0.020316369831562042,944.0
3600,joint,0.10700030939187855,1.382448434829712,4.072516817658064e-07,1.6290067270632258e-07,8.145033635316129e-09,0.0005453076755657094,0.01128855722345179,0.014699816703796387,0.0005477542508742772,0.011193575264769606,0.014574824715964496,0.0005527127450477565,0.011129433056339622,0.014943159447284415,0.0005605980240943609,0.011099572417151649,0.01586499670520425,0.016721105203032494,435.0
