id,split,scene,frame,k0_point_rel,k0_depth_rel,k0_depth_delta_1.01,k0_depth_delta_1.25,k0_boundary_f1,k1_point_rel,k1_depth_rel,k1_depth_delta_1.01,k1_depth_delta_1.25,k1_boundary_f1,k3_point_rel,k3_depth_rel,k3_depth_delta_1.01,k3_depth_delta_1.25,k3_boundary_f1,k5_point_rel,k5_depth_rel,k5_depth_delta_1.01,k5_depth_delta_1.25,k5_boundary_f1
ai_001_001_cam_00_frame.0000,train,ai_001_001,0,0.019033344462513924,0.01733360067009926,0.5545603632926941,0.9998931884765625,0.8451493382453918,0.01463136076927185,0.013327723369002342,0.5339711904525757,0.9999186396598816,0.8338422179222107,0.02050158381462097,0.01818731427192688,0.4182027280330658,0.9995371699333191,0.792103111743927,0.032166674733161926,0.028574787080287933,0.3067067563533783,0.9960836172103882,0.7600541710853577
ai_001_001_cam_00_frame.0006,train,ai_001_001,6,0.022681696340441704,0.018773343414068222,0.4241587519645691,0.9996083974838257,0.8874740600585938,0.024697070941329002,0.020613551139831543,0.3719533383846283,0.9995931386947632,0.884394645690918,0.035928599536418915,0.031156107783317566,0.2114054411649704,0.9995168447494507,0.8657770156860352,0.04929962754249573,0.04353926703333855,0.1395924985408783,0.9994456171989441,0.8326945900917053
ai_001_001_cam_00_frame.0013,train,ai_001_001,13,0.010531919077038765,0.009407821111381054,0.69219970703125,0.9989980459213257,0.856866180896759,0.011880988255143166,0.010290702804923058,0.6228536367416382,0.9989878535270691,0.8293375968933105,0.024329176172614098,0.020851146429777145,0.2726237177848816,0.9989522695541382,0.6729528307914734,0.03869365155696869,0.0319901779294014,0.1053619384765625,0.998931884765625,0.6038384437561035
ai_001_001_cam_00_frame.0019,train,ai_001_001,19,0.01250222697854042,0.011619525030255318,0.6942495107650757,0.9992574453353882,0.8980407118797302,0.01423984207212925,0.01314504723995924,0.6008046865463257,0.9993896484375,0.8984313607215881,0.021438157185912132,0.019372057169675827,0.321868896484375,0.9994863271713257,0.8998280167579651,0.031044933944940567,0.02789153717458248,0.1985931396484375,0.999542236328125,0.8908348083496094
ai_001_001_cam_00_frame.0026,train,ai_001_001,26,0.013128489255905151,0.011580700986087322,0.6790924072265625,0.9925944209098816,0.899315595626831,0.010730618610978127,0.009604934602975845,0.8032023310661316,0.9993489980697632,0.8927072286605835,0.015565323643386364,0.014053044840693474,0.5266774892807007,0.9996694326400757,0.873147189617157,0.02303817681968212,0.020850710570812225,0.3322245478630066,0.9997965693473816,0.8600135445594788
ai_001_001_cam_00_frame.0032,train,ai_001_001,32,0.043592147529125214,0.03140924498438835,0.2020518034696579,0.9853414297103882,0.9159255623817444,0.049554284662008286,0.03355133533477783,0.125396728515625,0.9852956533432007,0.9164355397224426,0.0648217648267746,0.04304911941289902,0.1225026473402977,0.9882761836051941,0.9055237770080566,0.08282478153705597,0.056388985365629196,0.1044057235121727,0.9812469482421875,0.8839744329452515
ai_001_001_cam_00_frame.0040,train,ai_001_001,40,0.024814099073410034,0.020638488233089447,0.4336954951286316,0.9977671504020691,0.7952151298522949,0.021738823503255844,0.012232407927513123,0.5481211543083191,0.9977061152458191,0.814488410949707,0.04155609756708145,0.02683553658425808,0.3737386167049408,0.9976400136947632,0.8193442821502686,0.06675238907337189,0.05012021213769913,0.2931925654411316,0.9898630976676941,0.669596254825592
ai_001_001_cam_00_frame.0046,train,ai_001_001,46,0.01680442877113819,0.013806235045194626,0.6461029052734375,0.9971262812614441,0.8222308158874512,0.022259067744016647,0.017278781160712242,0.5563405752182007,0.9962717890739441,0.8451886773109436,0.042125117033720016,0.032160837203264236,0.1837209165096283,0.9935709834098816,0.8538409471511841,0.0636311024427414,0.04790176451206207,0.1194864958524704,0.9879710078239441,0.8481582403182983
ai_001_001_cam_00_frame.0053,train,ai_001_001,53,0.00888412818312645,0.007884174585342407,0.7574310302734375,0.9993947744369507,0.9059992432594299,0.00767273036763072,0.006668626796454191,0.815826416015625,0.999359130859375,0.906389057636261,0.013433724641799927,0.01198873296380043,0.5074412226676941,0.99932861328125,0.8864772319793701,0.02150067314505577,0.019533192738890648,0.29278564453125,0.9993184804916382,0.8529015779495239
ai_001_001_cam_00_frame.0059,train,ai_001_001,59,0.015483522787690163,0.01252042781561613,0.583709716796875,0.9997609853744507,0.7671406269073486,0.01548505388200283,0.012453499250113964,0.5465494990348816,0.999755859375,0.7776459455490112,0.020409969612956047,0.016392212361097336,0.434356689453125,0.9997762441635132,0.7816596627235413,0.028317809104919434,0.023167148232460022,0.245025634765625,0.9997813105583191,0.7783007025718689
ai_001_001_cam_00_frame.0067,train,ai_001_001,67,0.010961605235934258,0.009847636334598064,0.6380056142807007,1.0,0.8628117442131042,0.007503691129386425,0.006535527762025595,0.7987009882926941,1.0,0.8226271867752075,0.010751685127615929,0.009759573265910149,0.6653391718864441,1.0,0.7810074687004089,0.018330201506614685,0.01679043471813202,0.4294230341911316,1.0,0.7644691467285156
ai_001_001_cam_00_frame.0073,train,ai_001_001,73,0.020545732229948044,0.019696304574608803,0.3399607539176941,0.9995473623275757,0.843585193157196,0.00990165863186121,0.008763781748712063,0.7085622549057007,0.9995066523551941,0.8000185489654541,0.02741134911775589,0.02320457249879837,0.2486165463924408,0.9995015859603882,0.7289918065071106,0.05177506059408188,0.04514720290899277,0.1152445524930954,0.9995015859603882,0.684195876121521
ai_001_001_cam_00_frame.0080,train,ai_001_001,80,0.006878545042127371,0.005801163613796234,0.8506927490234375,0.9992879629135132,0.9047551155090332,0.0044042738154530525,0.003478164551779628,0.9483083486557007,0.9993235468864441,0.9001814126968384,0.012954729609191418,0.011674279347062111,0.5701751708984375,0.9993795156478882,0.8931082487106323,0.022325526922941208,0.020274493843317032,0.2628224790096283,0.9993743896484375,0.8748295903205872
ai_001_001_cam_00_frame.0086,train,ai_001_001,86,0.009127134457230568,0.008047282695770264,0.88525390625,0.9989420771598816,0.8047142028808594,0.010627083480358124,0.009447354823350906,0.7960103750228882,0.9958750605583191,0.82647305727005,0.018178246915340424,0.016297578811645508,0.444122314453125,0.98974609375,0.8477727174758911,0.024626243859529495,0.022124549373984337,0.3530527949333191,0.98779296875,0.8341505527496338
ai_001_001_cam_00_frame.0093,train,ai_001_001,93,0.012035000137984753,0.010780148208141327,0.5559896230697632,0.9997915029525757,0.8334853649139404,0.015524281188845634,0.014229154214262962,0.3346812129020691,0.999786376953125,0.8223211765289307,0.02473531663417816,0.022763367742300034,0.2874806821346283,0.9997609853744507,0.8039221167564392,0.03413083776831627,0.031436987221241,0.2556966245174408,0.9980875849723816,0.7789151072502136
ai_001_001_cam_00_frame.0099,train,ai_001_001,99,0.02054808847606182,0.013925053179264069,0.7536367177963257,0.9960429072380066,0.9147796630859375,0.02189040742814541,0.014021388255059719,0.6932169795036316,0.9959971308708191,0.9216281175613403,0.03436234965920448,0.023162841796875,0.3823344111442566,0.99212646484375,0.9198574423789978,0.048539020121097565,0.034347668290138245,0.26953125,0.9915313720703125,0.900364875793457
ai_003_001_cam_00_frame.0000,train,ai_003_001,0,0.18639355897903442,0.16978880763053894,0.0357666015625,0.67822265625,1.0,0.19035208225250244,0.17330101132392883,0.0340321883559227,0.6682586669921875,1.0,0.20437657833099365,0.18567276000976562,0.02980550192296505,0.626617431640625,1.0,0.21524976193904877,0.19505302608013153,0.02817281149327755,0.5943349599838257,1.0
ai_003_001_cam_00_frame.0007,train,ai_003_001,7,0.689443051815033,0.6247484683990479,0.012552897445857525,0.2216644287109375,0.0,0.7052793502807617,0.6387532949447632,0.01233418844640255,0.2280222624540329,0.0,0.7165836095809937,0.6477136611938477,0.01209004782140255,0.2269338071346283,0.0,0.7358195185661316,0.6643850207328796,0.011881510727107525,0.2295583188533783,0.0
ai_003_001_cam_00_frame.0013,train,ai_003_001,13,0.45032331347465515,0.42331790924072266,0.014826457016170025,0.3052317500114441,0.0,0.4509504437446594,0.42378562688827515,0.014765421859920025,0.302215576171875,0.0,0.4544365406036377,0.4267664849758148,0.015009562484920025,0.29547119140625,0.0,0.46016526222229004,0.43166273832321167,0.014801025390625,0.2881520688533783,0.0
ai_003_001_cam_00_frame.0020,train,ai_003_001,20,0.12611860036849976,0.1128983348608017,0.0539093017578125,0.862335205078125,1.0,0.12376310676336288,0.11052313446998596,0.0521596297621727,0.8682607412338257,1.0,0.11512693762779236,0.1020197719335556,0.0510152205824852,0.890594482421875,1.0,0.10855495184659958,0.09561379998922348,0.0613505057990551,0.8876800537109375,1.0
ai_003_001_cam_00_frame.0026,train,ai_003_001,26,0.3901267647743225,0.35621342062950134,0.015619914047420025,0.3463033139705658,0.0,0.38668298721313477,0.3528282046318054,0.0156707763671875,0.3511098325252533,0.0,0.37943777441978455,0.34545886516571045,0.016326904296875,0.3623860776424408,0.0,0.3710148334503174,0.33702799677848816,0.0165049247443676,0.3735453486442566,0.0
ai_003_001_cam_00_frame.0033,train,ai_003_001,33,0.44542521238327026,0.41838788986206055,0.014689127914607525,0.3099009394645691,0.0,0.4447430968284607,0.41767656803131104,0.014811198227107525,0.3116811215877533,0.0,0.44505810737609863,0.41779598593711853,0.015055338852107525,0.3123321533203125,0.0,0.4488791823387146,0.4209027886390686,0.015299479477107525,0.3085479736328125,0.0
ai_003_001_cam_00_frame.0040,train,ai_003_001,40,0.5100911259651184,0.4723002314567566,0.00955708883702755,0.2183888852596283,0.0,0.5056895017623901,0.4684325158596039,0.009867350570857525,0.2244517058134079,0.0,0.4972354769706726,0.46079951524734497,0.01051839254796505,0.2311604917049408,0.0,0.49007147550582886,0.454218327999115,0.0107421875,0.2360127866268158,0.0
ai_003_001_cam_00_frame.0046,train,ai_003_001,46,0.5501477122306824,0.5017615556716919,0.01283772848546505,0.246551513671875,0.0,0.5414847731590271,0.49559280276298523,0.0130462646484375,0.2474365234375,0.0,0.5169122219085693,0.4761003851890564,0.01250203512609005,0.2410532683134079,0.0,0.48865342140197754,0.4543181359767914,0.0098419189453125,0.2092030942440033,0.0
ai_003_001_cam_00_frame.0053,train,ai_003_001,53,0.42853987216949463,0.40401625633239746,0.01453145407140255,0.3273366391658783,0.0,0.42627987265586853,0.4020242691040039,0.014923095703125,0.3297576904296875,0.0,0.4235517978668213,0.39961737394332886,0.01458740234375,0.33050537109375,0.0,0.42291343212127686,0.39910638332366943,0.01448567770421505,0.3310394287109375,0.0
ai_003_001_cam_00_frame.0059,train,ai_003_001,59,0.4514123797416687,0.42412060499191284,0.014582316391170025,0.3001302182674408,0.0,0.4523496627807617,0.42488235235214233,0.0146331787109375,0.2966257929801941,0.0,0.4562574326992035,0.42842671275138855,0.015380859375,0.2868449091911316,0.0,0.46273431181907654,0.4337659776210785,0.01505025289952755,0.28106689453125,0.0
ai_003_001_cam_00_frame.0066,train,ai_003_001,66,0.5681824088096619,0.5274473428726196,0.00830078125,0.1858367919921875,0.0,0.5638947486877441,0.5237478017807007,0.00876363180577755,0.1915486752986908,0.0,0.5569853782653809,0.5174235105514526,0.0089263916015625,0.1950531005859375,0.0,0.5505578517913818,0.5114917159080505,0.00890096090734005,0.1975148618221283,0.0
ai_003_001_cam_00_frame.0073,train,ai_003_001,73,0.41571831703186035,0.3889385163784027,0.01425679586827755,0.3193410336971283,0.0,0.41667068004608154,0.3896372318267822,0.013926188461482525,0.3182830810546875,0.0,0.41981539130210876,0.39251765608787537,0.014124552719295025,0.3147125244140625,0.0,0.4258788526058197,0.3974767327308655,0.014170329086482525,0.3059743344783783,0.0
ai_003_001_cam_00_frame.0079,train,ai_003_001,79,0.42702600359916687,0.39870867133140564,0.0135345458984375,0.2999471127986908,0.0,0.42827296257019043,0.39972734451293945,0.01363118551671505,0.2980601191520691,0.0,0.4315415620803833,0.40249308943748474,0.013178507797420025,0.2937164306640625,0.0,0.4377479553222656,0.40762990713119507,0.0129241943359375,0.2860361933708191,0.0
ai_003_001_cam_00_frame.0086,train,ai_003_001,86,0.6520627737045288,0.6070306897163391,0.00653076171875,0.1491343230009079,0.0,0.6487846374511719,0.6041494607925415,0.006693522445857525,0.151763916015625,0.0,0.6433809995651245,0.5992980003356934,0.006693522445857525,0.153289794921875,0.0,0.6389104723930359,0.5951635241508484,0.0069325766526162624,0.1534525603055954,0.0
ai_003_001_cam_00_frame.0092,train,ai_003_001,92,0.4396686255931854,0.41375571489334106,0.0145416259765625,0.307647705078125,0.0,0.4398864209651947,0.41401320695877075,0.01454671286046505,0.3072001338005066,0.0,0.4419149160385132,0.415525883436203,0.01457723043859005,0.3032582700252533,0.0,0.4468424916267395,0.4196053147315979,0.01442464254796505,0.297210693359375,0.0
ai_003_001_cam_00_frame.0099,train,ai_003_001,99,0.4260460138320923,0.3896028995513916,0.013727824203670025,0.3030242919921875,1.0,0.42811962962150574,0.3913087844848633,0.013519287109375,0.2993927001953125,1.0,0.4378066062927246,0.3993636965751648,0.012725830078125,0.2873128354549408,1.0,0.4442378878593445,0.40445786714553833,0.012690226547420025,0.2824300229549408,1.0
ai_005_001_cam_00_frame.0000,train,ai_005_001,0,0.03677964210510254,0.032300807535648346,0.3370697498321533,0.982038676738739,0.8838261365890503,0.03841312229633331,0.03192531317472458,0.3465462625026703,0.9818597435951233,0.8873637914657593,0.046445757150650024,0.0354960560798645,0.2791016399860382,0.981670618057251,0.8837859034538269,0.05737675353884697,0.04253203421831131,0.16763783991336823,0.981317937374115,0.8784415125846863
ai_005_001_cam_00_frame.0007,train,ai_005_001,7,0.044277776032686234,0.038808222860097885,0.24020496010780334,0.984637439250946,0.8711099028587341,0.040727388113737106,0.034632109105587006,0.2505815923213959,0.9844324588775635,0.8771951198577881,0.04387426748871803,0.03591407835483551,0.22789648175239563,0.9839712977409363,0.8798624873161316,0.04956666752696037,0.03858625143766403,0.21136048436164856,0.9840378761291504,0.8815514445304871
ai_005_001_cam_00_frame.0013,train,ai_005_001,13,0.05407322198152542,0.049725525081157684,0.16550667583942413,0.9846644401550293,0.8205577731132507,0.05051560699939728,0.045990779995918274,0.23560941219329834,0.9841925501823425,0.8269922137260437,0.052807893604040146,0.046296264976263046,0.21170328557491302,0.9838438034057617,0.8290683627128601,0.05922557786107063,0.049004919826984406,0.1782880574464798,0.983151376247406,0.8276445865631104
ai_005_001_cam_00_frame.0020,train,ai_005_001,20,0.03835096210241318,0.029332950711250305,0.39385437965393066,0.9893631339073181,0.8495364189147949,0.0322587825357914,0.026689782738685608,0.3773258328437805,0.9895423054695129,0.8504067063331604,0.025655891746282578,0.023530611768364906,0.3774077296257019,0.989629328250885,0.8438531756401062,0.028269443660974503,0.02545766532421112,0.3378293216228485,0.9894655346870422,0.8395622968673706
ai_005_001_cam_00_frame.0026,train,ai_005_001,26,0.03680671378970146,0.034022293984889984,0.333963543176651,0.9749907851219177,0.8401290774345398,0.03708150237798691,0.0336933508515358,0.39036625623703003,0.9751649498939514,0.8398841023445129,0.04389593377709389,0.03711318597197533,0.304035484790802,0.9758669137954712,0.8351859450340271,0.05285235866904259,0.04111630842089653,0.2718632221221924,0.9784902930259705,0.8303541541099548
ai_005_001_cam_00_frame.0033,train,ai_005_001,33,0.03591657057404518,0.030719490721821785,0.31891587376594543,0.9872085452079773,0.828659176826477,0.029227327555418015,0.02636907622218132,0.402288019657135,0.9872596859931946,0.8277524709701538,0.027193143963813782,0.024755077436566353,0.36975404620170593,0.986845076084137,0.8217141032218933,0.03437484800815582,0.030377045273780823,0.2518567740917206,0.9869065284729004,0.8165101408958435
ai_005_001_cam_00_frame.0040,train,ai_005_001,40,0.033908117562532425,0.03040386736392975,0.26189282536506653,0.9853087067604065,0.8452280759811401,0.03194362670183182,0.026566049084067345,0.458763062953949,0.9852473139762878,0.8404256105422974,0.04046860337257385,0.03133021295070648,0.27027538418769836,0.9856313467025757,0.8346518278121948,0.05263284221291542,0.0410463884472847,0.16161425411701202,0.9856159687042236,0.816325306892395
ai_005_001_cam_00_frame.0046,train,ai_005_001,46,0.043432243168354034,0.03689465671777725,0.270367294549942,0.9837746024131775,0.7986451983451843,0.03616021201014519,0.02941279113292694,0.42517006397247314,0.9838205575942993,0.7946298718452454,0.036413390189409256,0.028408149257302284,0.3966619670391083,0.9837746024131775,0.7820281982421875,0.04560361057519913,0.035611990839242935,0.26898327469825745,0.9841065406799316,0.771224319934845
ai_005_001_cam_00_frame.0053,train,ai_005_001,53,0.039096757769584656,0.036134157329797745,0.25181281566619873,0.9819025993347168,0.8248224258422852,0.04090819135308266,0.03592456504702568,0.30734962224960327,0.982107400894165,0.8237839937210083,0.05031517148017883,0.04096129909157753,0.2326194792985916,0.9828448295593262,0.8256622552871704,0.063639797270298,0.05028596520423889,0.16204756498336792,0.983157217502594,0.8175291419029236
ai_005_001_cam_00_frame.0059,train,ai_005_001,59,0.04013471677899361,0.0360647514462471,0.28825461864471436,0.9759382009506226,0.84208744764328,0.04260678216814995,0.03640060871839523,0.24900425970554352,0.9770556688308716,0.845689594745636,0.05109987407922745,0.040362413972616196,0.21220415830612183,0.978162944316864,0.8471218347549438,0.06252047419548035,0.04762124642729759,0.16061021387577057,0.9800134301185608,0.8476056456565857
ai_005_001_cam_00_frame.0066,train,ai_005_001,66,0.050238706171512604,0.028932372108101845,0.37594619393348694,0.9893913269042969,0.8514801263809204,0.05021319538354874,0.027771269902586937,0.41195663809776306,0.989304780960083,0.8449423313140869,0.052696533501148224,0.02994736097753048,0.35019826889038086,0.9886429905891418,0.8377569317817688,0.06061022728681564,0.03592899814248085,0.2464277148246765,0.9869529604911804,0.8314931988716125
ai_005_001_cam_00_frame.0073,train,ai_005_001,73,0.026293259114027023,0.02329995110630989,0.3981051445007324,0.987611711025238,0.7827425003051758,0.025163184851408005,0.020227668806910515,0.5793101787567139,0.987801194190979,0.778956949710846,0.03376884385943413,0.025934157893061638,0.3687501549720764,0.9880982041358948,0.7672208547592163,0.0455692782998085,0.034756481647491455,0.24442680180072784,0.988436222076416,0.7640915513038635
ai_005_001_cam_00_frame.0079,train,ai_005_001,79,0.04333189129829407,0.03229226544499397,0.3046681582927704,0.9897776246070862,0.8238998055458069,0.03799242526292801,0.026620788499712944,0.3599455654621124,0.9897164702415466,0.8178128004074097,0.038071196526288986,0.023317139595746994,0.46385711431503296,0.9895685911178589,0.8007100224494934,0.04757943004369736,0.028146842494606972,0.28239813446998596,0.9895685911178589,0.7769938111305237
ai_005_001_cam_00_frame.0086,train,ai_005_001,86,0.03824911266565323,0.0348493754863739,0.26883208751678467,0.9877805709838867,0.8422671556472778,0.03179214149713516,0.028838997706770897,0.32203415036201477,0.9877652525901794,0.8542492985725403,0.03729924187064171,0.03164823725819588,0.2599693238735199,0.9878416657447815,0.8429821729660034,0.05518121272325516,0.04665306955575943,0.16214275360107422,0.9880709052085876,0.8314132690429688
ai_005_001_cam_00_frame.0092,train,ai_005_001,92,0.02964877150952816,0.02693074196577072,0.4142201840877533,0.9865926504135132,0.8377345204353333,0.026327630504965782,0.02413935214281082,0.4592692255973816,0.9867604970932007,0.8322134613990784,0.033473722636699677,0.029550090432167053,0.3001251220703125,0.9874166250228882,0.8088940382003784,0.0466773621737957,0.04101676121354103,0.1666615903377533,0.9878184199333191,0.7858214974403381
ai_005_001_cam_00_frame.0099,train,ai_005_001,99,0.030177561566233635,0.027134757488965988,0.4485117793083191,0.9919891357421875,0.8895816206932068,0.02619001641869545,0.022914333269000053,0.4380035400390625,0.9920095205307007,0.8774634599685669,0.02886875718832016,0.025623401626944542,0.2360026091337204,0.9881032705307007,0.8226314187049866,0.03829915449023247,0.0338212251663208,0.1570943295955658,0.9870961904525757,0.7804075479507446
ai_007_001_cam_00_frame.0000,train,ai_007_001,0,0.018405599519610405,0.016870327293872833,0.4466145932674408,0.9948984980583191,0.9249202013015747,0.022939762100577354,0.02058843895792961,0.4009196162223816,0.9948476552963257,0.9290229678153992,0.035132527351379395,0.030522575601935387,0.2773183286190033,0.9946390986442566,0.9185216426849365,0.047001272439956665,0.040958818048238754,0.2324778288602829,0.9929911494255066,0.9032989144325256
ai_007_001_cam_00_frame.0007,train,ai_007_001,7,0.024130044505000114,0.02126811258494854,0.4840850830078125,0.9921773672103882,0.8543765544891357,0.023053152486681938,0.019946709275245667,0.5846049189567566,0.9922892451286316,0.8572245836257935,0.029288088902831078,0.024617087095975876,0.453094482421875,0.9920603632926941,0.8618288636207581,0.039887841790914536,0.033490777015686035,0.2057952880859375,0.9878692626953125,0.8360363841056824
ai_007_001_cam_00_frame.0013,train,ai_007_001,13,0.028278764337301254,0.02299210987985134,0.3162740170955658,0.9960988759994507,0.8854076862335205,0.02980644628405571,0.024290157482028008,0.3740336298942566,0.9961141347885132,0.8759536743164062,0.040448326617479324,0.034929901361465454,0.2958730161190033,0.9961395263671875,0.8499312996864319,0.05217970535159111,0.0464407280087471,0.219329833984375,0.9891815185546875,0.8306384086608887
ai_007_001_cam_00_frame.0020,train,ai_007_001,20,0.011823523789644241,0.010244548320770264,0.707977294921875,0.9958140254020691,0.9049619436264038,0.015385303646326065,0.01291964203119278,0.661102294921875,0.9956817626953125,0.9027298092842102,0.028705306351184845,0.02329479716718197,0.337890625,0.9954986572265625,0.881657600402832,0.041157934814691544,0.0341852605342865,0.2340800017118454,0.9952749013900757,0.8446234464645386
ai_007_001_cam_00_frame.0026,train,ai_007_001,26,0.015529698692262173,0.012332409620285034,0.6160125732421875,0.994293212890625,0.8799653053283691,0.013301576487720013,0.011701302602887154,0.6517283320426941,0.9946798086166382,0.8629035353660583,0.018467240035533905,0.016836265102028847,0.3991139829158783,0.9949442744255066,0.8499774932861328,0.02668491005897522,0.024544067680835724,0.2887929379940033,0.9949747920036316,0.8261005878448486
ai_007_001_cam_00_frame.0033,train,ai_007_001,33,0.014823295176029205,0.011782009154558182,0.7365519404411316,0.9955088496208191,0.8673743605613708,0.016576196998357773,0.014269827865064144,0.5481364130973816,0.9955088496208191,0.8690816760063171,0.023810772225260735,0.021327275782823563,0.3145396113395691,0.9955343008041382,0.8670193552970886,0.03162378817796707,0.02848414145410061,0.2384745329618454,0.995574951171875,0.8466858863830566
ai_007_001_cam_00_frame.0040,train,ai_007_001,40,0.030307158827781677,0.02458404377102852,0.3213755488395691,0.9985097646713257,0.7996554970741272,0.03219158202409744,0.026236101984977722,0.33544921875,0.9985606074333191,0.8098857402801514,0.03861124441027641,0.03335104137659073,0.2974599301815033,0.9986369013786316,0.8137242197990417,0.047494545578956604,0.041853081434965134,0.226226806640625,0.9985809326171875,0.8001624941825867
ai_007_001_cam_00_frame.0046,train,ai_007_001,46,0.016578707844018936,0.012690926901996136,0.5333048701286316,0.9984283447265625,0.8649441003799438,0.019255902618169785,0.015694506466388702,0.3692474365234375,0.9984588623046875,0.8665904402732849,0.02895105443894863,0.02583206258714199,0.2598724365234375,0.9986419677734375,0.8276312351226807,0.03963024169206619,0.036218710243701935,0.2224375456571579,0.9986928701400757,0.7844396829605103
ai_007_001_cam_00_frame.0053,train,ai_007_001,53,0.024759968742728233,0.021078355610370636,0.3428802490234375,0.9966888427734375,0.8767997622489929,0.02693808823823929,0.02375982701778412,0.3144073486328125,0.9966380000114441,0.8626038432121277,0.038739994168281555,0.03369886428117752,0.2156982421875,0.9966024160385132,0.7885023355484009,0.05331895872950554,0.0472337082028389,0.1710408627986908,0.9966990351676941,0.7062962651252747
ai_007_001_cam_00_frame.0059,train,ai_007_001,59,0.030035432428121567,0.024497967213392258,0.5174204707145691,0.9966176748275757,0.9349787831306458,0.02860305830836296,0.02415258251130581,0.3953399658203125,0.9966024160385132,0.9157633185386658,0.03526867926120758,0.03193121775984764,0.1565958708524704,0.9966634511947632,0.794938862323761,0.04944980889558792,0.04512622207403183,0.0979359969496727,0.9966583251953125,0.7364919185638428
ai_007_001_cam_00_frame.0066,train,ai_007_001,66,0.02739810012280941,0.020919382572174072,0.359527587890625,0.9905650019645691,0.8897224068641663,0.027114262804389,0.021076586097478867,0.3786265254020691,0.9905650019645691,0.8767778873443604,0.03118322789669037,0.02573191002011299,0.3969065546989441,0.99066162109375,0.8644322752952576,0.037870854139328,0.033200524747371674,0.2732442319393158,0.9906718134880066,0.8462948799133301
ai_007_001_cam_00_frame.0073,train,ai_007_001,73,0.011570315808057785,0.01050560362637043,0.6725870966911316,0.9979909658432007,0.8428311347961426,0.01354367658495903,0.012218411080539227,0.5340017080307007,0.9980062246322632,0.8417786359786987,0.025345679372549057,0.022430969402194023,0.3095703125,0.9981181025505066,0.8245294690132141,0.039813753217458725,0.035670455545186996,0.2265777587890625,0.9982351064682007,0.793042778968811
ai_007_001_cam_00_frame.0079,train,ai_007_001,79,0.04220116138458252,0.031158266589045525,0.2591451108455658,0.9957784414291382,0.8648223876953125,0.03560449555516243,0.029683060944080353,0.4197845458984375,0.9957987666130066,0.7635924816131592,0.051673173904418945,0.04470690339803696,0.2090098112821579,0.9951070547103882,0.7226805090904236,0.07979688793420792,0.06656910479068756,0.0531717948615551,0.97869873046875,0.6353281140327454
ai_007_001_cam_00_frame.0086,train,ai_007_001,86,0.08385078608989716,0.05429396033287048,0.1915639340877533,0.9542388916015625,0.8156050443649292,0.07529398053884506,0.04850184544920921,0.145355224609375,0.9604848623275757,0.7820481061935425,0.06336234509944916,0.04175523668527603,0.18255615234375,0.985504150390625,0.7428520917892456,0.05571766942739487,0.04167374595999718,0.1818033903837204,0.9872283935546875,0.6886316537857056
ai_007_001_cam_00_frame.0092,train,ai_007_001,92,0.012989923357963562,0.010830093175172806,0.5194498896598816,0.9999186396598816,0.9592223763465881,0.011299251578748226,0.007055704947561026,0.7463531494140625,0.9999237060546875,0.9611926078796387,0.015277208760380745,0.009147197008132935,0.5774892568588257,0.9999237060546875,0.9442148208618164,0.023623570799827576,0.014916818588972092,0.3716634213924408,0.99993896484375,0.9307440519332886
ai_007_001_cam_00_frame.0099,train,ai_007_001,99,0.05557049438357353,0.03777535259723663,0.1413116455078125,0.9973043203353882,0.8749374151229858,0.05043862387537956,0.035366352647542953,0.1865285336971283,0.9973500967025757,0.8447079658508301,0.046505510807037354,0.03446204960346222,0.2383778989315033,0.9974263906478882,0.824898362159729,0.04568411037325859,0.0354546383023262,0.185943603515625,0.9974619746208191,0.8014240264892578
ai_009_001_cam_00_frame.0000,train,ai_009_001,0,0.04740607365965843,0.04402155429124832,0.24843516945838928,0.9704918265342712,0.8244531750679016,0.04344024881720543,0.039843641221523285,0.31826403737068176,0.9720438122749329,0.8226193189620972,0.04280063137412071,0.03675364330410957,0.424328088760376,0.9714013934135437,0.818739116191864,0.04779856652021408,0.0408162958920002,0.3599054515361786,0.9695616364479065,0.8186141848564148
ai_009_001_cam_00_frame.0007,train,ai_009_001,7,0.054794397205114365,0.04511954262852669,0.2975945770740509,0.9643503427505493,0.7874323129653931,0.05494406074285507,0.0433027520775795,0.36711639165878296,0.9648846387863159,0.7889694571495056,0.06312771886587143,0.047412220388650894,0.24431782960891724,0.9654805660247803,0.79320228099823,0.07564505189657211,0.05532378330826759,0.1557304710149765,0.9653161764144897,0.7960875034332275
ai_009_001_cam_00_frame.0013,train,ai_009_001,13,0.05887696146965027,0.05298718437552452,0.17827455699443817,0.9626984596252441,0.7604241371154785,0.05383729189634323,0.04797585681080818,0.23519787192344666,0.9631470441818237,0.7633416652679443,0.057220812886953354,0.05044611915946007,0.2157924324274063,0.961801290512085,0.7615467309951782,0.06500156223773956,0.0574287474155426,0.16694900393486023,0.9592786431312561,0.7627410888671875
ai_009_001_cam_00_frame.0020,train,ai_009_001,20,0.051440149545669556,0.046851422637701035,0.2750609517097473,0.9591755270957947,0.7490312457084656,0.04886370152235031,0.04424358904361725,0.3017968237400055,0.9595776200294495,0.7449721097946167,0.05207957327365875,0.04663034528493881,0.2806326746940613,0.9598752856254578,0.7401619553565979,0.06065856292843819,0.05459227040410042,0.20475919544696808,0.9586167931556702,0.7408096194267273
ai_009_001_cam_00_frame.0026,train,ai_009_001,26,0.04533043131232262,0.041154466569423676,0.38282522559165955,0.9685801863670349,0.8605819940567017,0.04411664232611656,0.03964059427380562,0.36627042293548584,0.9692877531051636,0.8588269352912903,0.0476057268679142,0.0431528203189373,0.29091569781303406,0.9694461822509766,0.8507270216941833,0.05452577769756317,0.0495121069252491,0.2305210381746292,0.9690976738929749,0.8491242527961731
ai_009_001_cam_00_frame.0033,train,ai_009_001,33,0.04270678758621216,0.03847556561231613,0.37920352816581726,0.9771220088005066,0.7722719311714172,0.04302345961332321,0.03836342319846153,0.39582061767578125,0.9769121408462524,0.7738739252090454,0.05161456763744354,0.04656786844134331,0.28118008375167847,0.9737177491188049,0.7690954804420471,0.06148029491305351,0.05587625503540039,0.19651275873184204,0.9678612947463989,0.7729461193084717
ai_009_001_cam_00_frame.0040,train,ai_009_001,40,0.06146739795804024,0.04479677602648735,0.1926083117723465,0.9764010906219482,0.8692638278007507,0.058698806911706924,0.04239742085337639,0.24200065433979034,0.9759174585342407,0.8689015507698059,0.06008695438504219,0.04394678771495819,0.18003401160240173,0.975277841091156,0.8538966774940491,0.06437423080205917,0.04880108684301376,0.17350764572620392,0.9748098254203796,0.8354413509368896
ai_009_001_cam_00_frame.0046,train,ai_009_001,46,0.07312615215778351,0.06773246079683304,0.18838314712047577,0.9662564396858215,0.7705262899398804,0.06741394102573395,0.06248609721660614,0.25193002820014954,0.9684880971908569,0.7658343315124512,0.065344899892807,0.06054595857858658,0.29610684514045715,0.968772828578949,0.7625322341918945,0.06647051125764847,0.06147640943527222,0.22724755108356476,0.9655574560165405,0.7669441103935242
ai_009_001_cam_00_frame.0053,train,ai_009_001,53,0.058793824166059494,0.04916233941912651,0.2751063406467438,0.9735825657844543,0.8007035851478577,0.0586969368159771,0.04869455099105835,0.27117183804512024,0.9737527370452881,0.7989996075630188,0.06183300539851189,0.05164126679301262,0.21109706163406372,0.973778486251831,0.7895980477333069,0.06708801537752151,0.05656693875789642,0.14277684688568115,0.9733659625053406,0.7889020442962646
ai_009_001_cam_00_frame.0059,train,ai_009_001,59,0.05016414821147919,0.04356994852423668,0.2116812765598297,0.9786686301231384,0.821078360080719,0.04940328374505043,0.042782727628946304,0.2304839938879013,0.9787458777427673,0.818303108215332,0.05149831995368004,0.044563546776771545,0.2569963037967682,0.9785244464874268,0.8097408413887024,0.05750047788023949,0.05049245059490204,0.2155952900648117,0.9784059524536133,0.7993358373641968
ai_009_001_cam_00_frame.0066,train,ai_009_001,66,0.04297690838575363,0.040185052901506424,0.2819864749908447,0.9703223705291748,0.8464521169662476,0.042393650859594345,0.0389365516602993,0.35598284006118774,0.9709185361862183,0.8453989028930664,0.05805303901433945,0.053232647478580475,0.16918040812015533,0.9683102369308472,0.8474323153495789,0.07532090693712234,0.06922654062509537,0.10541673004627228,0.9651114344596863,0.8528741598129272
ai_009_001_cam_00_frame.0073,train,ai_009_001,73,0.03760811686515808,0.03466267138719559,0.3328951299190521,0.9738397598266602,0.8250072598457336,0.03616693243384361,0.03345702216029167,0.3556044399738312,0.9733467698097229,0.8246610164642334,0.042671628296375275,0.03984980657696724,0.2544991970062256,0.9726046323776245,0.8270676732063293,0.0529022254049778,0.049120061099529266,0.1680511087179184,0.9726258516311646,0.8224031329154968
ai_009_001_cam_00_frame.0079,train,ai_009_001,79,0.05024202913045883,0.04399699717760086,0.2501095235347748,0.9719506502151489,0.7195454835891724,0.04581098258495331,0.039624981582164764,0.2776780426502228,0.9739381670951843,0.719575047492981,0.044425155967473984,0.03802775219082832,0.24789763987064362,0.9762622117996216,0.7330579161643982,0.0468999408185482,0.04053138196468353,0.19792167842388153,0.9780306816101074,0.7354195713996887
ai_009_001_cam_00_frame.0086,train,ai_009_001,86,0.037356339395046234,0.034333422780036926,0.3761190176010132,0.9715893864631653,0.7590143084526062,0.03457905352115631,0.03172392398118973,0.5068376660346985,0.9716099500656128,0.762278139591217,0.0469549186527729,0.04254506155848503,0.2648278474807739,0.9714401960372925,0.7651692032814026,0.06039033830165863,0.05446047708392143,0.16589491069316864,0.9635528922080994,0.7693634629249573
ai_009_001_cam_00_frame.0092,train,ai_009_001,92,0.043289173394441605,0.04057764634490013,0.318786084651947,0.9716455340385437,0.8139596581459045,0.04301257058978081,0.04027976840734482,0.2647823393344879,0.9725683331489563,0.812947690486908,0.04754994809627533,0.04438867047429085,0.23118095099925995,0.9727476239204407,0.8134458661079407,0.05523328483104706,0.0514894463121891,0.191610187292099,0.9731273055076599,0.8133932948112488
ai_009_001_cam_00_frame.0099,train,ai_009_001,99,0.04249778762459755,0.039115313440561295,0.33676937222480774,0.9716063141822815,0.7747114300727844,0.04141261801123619,0.03812330961227417,0.3189159035682678,0.9716906547546387,0.780742883682251,0.04704783484339714,0.043165918439626694,0.3384830355644226,0.9719173908233643,0.7861656546592712,0.05744534730911255,0.052574049681425095,0.24696949124336243,0.97093665599823,0.7963420748710632
ai_011_001_cam_00_frame.0000,train,ai_011_001,0,0.04836469516158104,0.04340239614248276,0.2588399350643158,0.9670308828353882,0.8885369300842285,0.049940235912799835,0.0432814359664917,0.304290771484375,0.9674072265625,0.8941771984100342,0.06317310035228729,0.05323543772101402,0.1990305632352829,0.9669189453125,0.8914741277694702,0.08131730556488037,0.06751667708158493,0.116058349609375,0.9655812978744507,0.8824922442436218
ai_011_001_cam_00_frame.0007,train,ai_011_001,7,0.05749138444662094,0.04439684376120567,0.23570342361927032,0.9754988551139832,0.839658796787262,0.05894023925065994,0.04354444518685341,0.29886624217033386,0.9755802154541016,0.8484155535697937,0.06778322905302048,0.05112793296575546,0.20659908652305603,0.9753818511962891,0.8508537411689758,0.08246605098247528,0.06384448707103729,0.1337110847234726,0.97468501329422,0.8469246029853821
ai_011_001_cam_00_frame.0013,train,ai_011_001,13,0.03115537203848362,0.026218507438898087,0.4854080379009247,0.9841018915176392,0.9227966666221619,0.030903257429599762,0.0257390309125185,0.5082215666770935,0.9841069579124451,0.9203929901123047,0.03495844826102257,0.029355628415942192,0.39413878321647644,0.982441782951355,0.9126952290534973,0.041040245443582535,0.035210609436035156,0.29171738028526306,0.9820853471755981,0.9000514149665833
ai_011_001_cam_00_frame.0020,train,ai_011_001,20,0.026056556031107903,0.02341058850288391,0.49645042419433594,0.9842885732650757,0.8336993455886841,0.026413392275571823,0.0238985363394022,0.44861865043640137,0.9841808676719666,0.8328390717506409,0.031459610909223557,0.028709400445222855,0.3436605632305145,0.9841295480728149,0.8304510116577148,0.038055840879678726,0.034834377467632294,0.2906942069530487,0.9836166501045227,0.824609637260437
ai_011_001_cam_00_frame.0026,train,ai_011_001,26,0.025498270988464355,0.023666495457291603,0.424854576587677,0.9916744828224182,0.7633501291275024,0.02241482399404049,0.02041490562260151,0.48940178751945496,0.9919973015785217,0.7486703395843506,0.023742903023958206,0.021322129294276237,0.3766147196292877,0.991986870765686,0.7338403463363647,0.03023742139339447,0.027472641319036484,0.29647350311279297,0.9918046593666077,0.7247210741043091
ai_011_001_cam_00_frame.0033,train,ai_011_001,33,0.019063886255025864,0.017428360879421234,0.6105761528015137,0.9922313094139099,0.672832727432251,0.015705261379480362,0.014514409005641937,0.6569464206695557,0.9921882748603821,0.6621663570404053,0.021222339943051338,0.01959564909338951,0.5469051599502563,0.9920753836631775,0.651301383972168,0.029489900916814804,0.027178991585969925,0.3999021649360657,0.9920915365219116,0.6338794231414795
ai_011_001_cam_00_frame.0040,train,ai_011_001,40,0.018881557509303093,0.017109276726841927,0.5907742381095886,0.9925493001937866,0.6969403624534607,0.018754350021481514,0.017141904681921005,0.5640674233436584,0.9924689531326294,0.6900777816772461,0.026610899716615677,0.024375030770897865,0.4366075098514557,0.9922922253608704,0.6856657862663269,0.03458721935749054,0.03171054273843765,0.3550194501876831,0.9921154379844666,0.6734068989753723
ai_011_001_cam_00_frame.0046,train,ai_011_001,46,0.022729314863681793,0.02120920829474926,0.41863518953323364,0.9883317947387695,0.7371997237205505,0.017256487160921097,0.016223261132836342,0.5826200842857361,0.9883530139923096,0.7284048199653625,0.026196110993623734,0.024121129885315895,0.441823273897171,0.9884112477302551,0.7241688966751099,0.03903115913271904,0.035809002816677094,0.26855891942977905,0.988517165184021,0.6998253464698792
ai_011_001_cam_00_frame.0053,train,ai_011_001,53,0.02755030244588852,0.025335822254419327,0.42487964034080505,0.9851926565170288,0.6706304550170898,0.023858902975916862,0.0220596045255661,0.524407148361206,0.9856018424034119,0.6593436598777771,0.03455297648906708,0.031870126724243164,0.3308377265930176,0.9858255982398987,0.6409534811973572,0.04598713293671608,0.042400624603033066,0.21496205031871796,0.985863983631134,0.625288188457489
ai_011_001_cam_00_frame.0059,train,ai_011_001,59,0.019243165850639343,0.017848936840891838,0.523518979549408,0.9909047484397888,0.6598672866821289,0.01792452484369278,0.01653841696679592,0.5485547780990601,0.9908765554428101,0.6635724902153015,0.025768326595425606,0.023588530719280243,0.4711693525314331,0.9907807111740112,0.6672447919845581,0.036151692271232605,0.03311445936560631,0.3302019536495209,0.9908483624458313,0.6596190333366394
ai_011_001_cam_00_frame.0066,train,ai_011_001,66,0.024291623383760452,0.02242235280573368,0.5097214579582214,0.9901909232139587,0.7887573838233948,0.020442534238100052,0.018875280395150185,0.5654745101928711,0.9900672435760498,0.7753921151161194,0.02114308625459671,0.019581414759159088,0.5353466272354126,0.9899951219558716,0.7556838393211365,0.030386947095394135,0.02815021015703678,0.38351723551750183,0.989928126335144,0.7278539538383484
ai_011_001_cam_00_frame.0073,train,ai_011_001,73,0.023403475061058998,0.02176373451948166,0.46073079109191895,0.9920405149459839,0.7591376304626465,0.01927463337779045,0.01799403503537178,0.5398575067520142,0.9919207692146301,0.7480916976928711,0.02143731340765953,0.019903404638171196,0.4539685845375061,0.9916136264801025,0.7345982789993286,0.030177192762494087,0.027845803648233414,0.2910664975643158,0.9915667772293091,0.722405731678009
ai_011_001_cam_00_frame.0079,train,ai_011_001,79,0.021824773401021957,0.019814589992165565,0.5376830101013184,0.9897552728652954,0.6285842061042786,0.019247254356741905,0.017569074407219887,0.5626220703125,0.989790678024292,0.6237418055534363,0.029395336285233498,0.026898227632045746,0.40320324897766113,0.9896962642669678,0.6172094345092773,0.04090719297528267,0.037535566836595535,0.26908937096595764,0.9897670745849609,0.6066305041313171
ai_011_001_cam_00_frame.0086,train,ai_011_001,86,0.020092148333787918,0.018096964806318283,0.5444259643554688,0.9906549453735352,0.6523656249046326,0.017443567514419556,0.015814801678061485,0.602036714553833,0.9906906485557556,0.6470112800598145,0.029891103506088257,0.027331916615366936,0.4790465533733368,0.9909404516220093,0.6373691558837891,0.04398702085018158,0.04043474420905113,0.32425597310066223,0.9911189079284668,0.6170337200164795
ai_011_001_cam_00_frame.0092,train,ai_011_001,92,0.02195160835981369,0.020372850820422173,0.42793065309524536,0.9908297061920166,0.6370846629142761,0.024384697899222374,0.022565152496099472,0.4222186207771301,0.9909405708312988,0.6302273869514465,0.03387511521577835,0.03132200986146927,0.36038365960121155,0.9907779693603516,0.6164728403091431,0.04584827274084091,0.04244067519903183,0.25457409024238586,0.9907410144805908,0.6046397089958191
ai_011_001_cam_00_frame.0099,train,ai_011_001,99,0.022301888093352318,0.020683106034994125,0.5229473114013672,0.9869944453239441,0.6284907460212708,0.026117442175745964,0.023964889347553253,0.41498297452926636,0.9871328473091125,0.624437689781189,0.038659173995256424,0.03531738370656967,0.3093428611755371,0.9871547222137451,0.6116786599159241,0.05163954943418503,0.04720604047179222,0.23670846223831177,0.9870818853378296,0.5975245237350464
ai_013_001_cam_00_frame.0000,train,ai_013_001,0,0.07225677371025085,0.06584560126066208,0.12237548828125,0.9874624013900757,0.9249786734580994,0.06219036504626274,0.056621573865413666,0.1777191162109375,0.9886474609375,0.9175359010696411,0.05675272271037102,0.051356241106987,0.219451904296875,0.9889780879020691,0.9080381393432617,0.060314834117889404,0.054725006222724915,0.1894887387752533,0.9888255000114441,0.9028117060661316
ai_013_001_cam_00_frame.0007,train,ai_013_001,7,0.07155142724514008,0.06572864204645157,0.1121063232421875,0.9898630976676941,0.9365078806877136,0.06080290302634239,0.056845180690288544,0.1009775847196579,0.9900411367416382,0.9341913461685181,0.044890161603689194,0.040312446653842926,0.1744486540555954,0.99029541015625,0.9305955767631531,0.04247618466615677,0.03689415007829666,0.2935587763786316,0.9901682734489441,0.9181972742080688
ai_013_001_cam_00_frame.0013,train,ai_013_001,13,0.06766319274902344,0.06253444403409958,0.1021270751953125,0.9897054433822632,0.9284613728523254,0.054930463433265686,0.05106502026319504,0.1412455290555954,0.990142822265625,0.9188138246536255,0.04219226539134979,0.03795049339532852,0.2702535092830658,0.9902140498161316,0.910944938659668,0.042049091309309006,0.037405699491500854,0.2343953549861908,0.9901479482650757,0.9026584029197693
ai_013_001_cam_00_frame.0020,train,ai_013_001,20,0.07316400110721588,0.06629666686058044,0.1039530485868454,0.9888051748275757,0.931904673576355,0.06249178573489189,0.05608593672513962,0.1559092253446579,0.989471435546875,0.9314303398132324,0.05288615822792053,0.046628691256046295,0.2770284116268158,0.989898681640625,0.9261142015457153,0.05242948979139328,0.04684260115027428,0.1743977963924408,0.9898885488510132,0.9187601804733276
ai_013_001_cam_00_frame.0026,train,ai_013_001,26,0.06716328114271164,0.06212412565946579,0.1450246274471283,0.9899546504020691,0.9301862716674805,0.05459996685385704,0.05075020715594292,0.1646372526884079,0.990264892578125,0.9225382804870605,0.04207206889986992,0.037980787456035614,0.2387593686580658,0.990325927734375,0.9116322994232178,0.03936033695936203,0.034332673996686935,0.3123982846736908,0.9901530146598816,0.9008786678314209
ai_013_001_cam_00_frame.0033,train,ai_013_001,33,0.06399469077587128,0.05929341912269592,0.1256612241268158,0.9890645742416382,0.9346967935562134,0.05191291496157646,0.04800659418106079,0.1470184326171875,0.9894205927848816,0.9315379858016968,0.040698517113924026,0.036226920783519745,0.2819620966911316,0.989593505859375,0.9196678996086121,0.03841459006071091,0.0340290330350399,0.2252553403377533,0.9895579218864441,0.9047330617904663
ai_013_001_cam_00_frame.0040,train,ai_013_001,40,0.060066841542720795,0.05508577823638916,0.1252797544002533,0.9904429316520691,0.9360485672950745,0.04935663193464279,0.04484127089381218,0.1790517270565033,0.9907073974609375,0.9336450099945068,0.04086119309067726,0.035702403634786606,0.3186442255973816,0.9907277822494507,0.9285777807235718,0.042489878833293915,0.03717401623725891,0.2079976499080658,0.9906005859375,0.90999835729599
ai_013_001_cam_00_frame.0046,train,ai_013_001,46,0.05909128487110138,0.05341342091560364,0.13104248046875,0.9912261962890625,0.9344729781150818,0.046379685401916504,0.04241647571325302,0.1529795378446579,0.9912770986557007,0.9352441430091858,0.03537536785006523,0.030072633177042007,0.3732706904411316,0.9911702871322632,0.9287228584289551,0.04003587365150452,0.034566208720207214,0.17529296875,0.9911092519760132,0.9148116111755371
ai_013_001_cam_00_frame.0053,train,ai_013_001,53,0.05803418904542923,0.0532398596405983,0.1093495711684227,0.9922943115234375,0.9391586780548096,0.045904260128736496,0.042381368577480316,0.1386006772518158,0.9923553466796875,0.9370387196540833,0.034832097589969635,0.03188754618167877,0.2448628842830658,0.9922231435775757,0.9290212988853455,0.03467310592532158,0.030714191496372223,0.2516021728515625,0.9919942617416382,0.9168549180030823
ai_013_001_cam_00_frame.0059,train,ai_013_001,59,0.07425208389759064,0.06807684898376465,0.1003926619887352,0.9914093017578125,0.9440117478370667,0.06292597949504852,0.0576055645942688,0.1494293212890625,0.9917144775390625,0.9438026547431946,0.05032031983137131,0.044463008642196655,0.2754262387752533,0.9918925166130066,0.9367290735244751,0.04858319088816643,0.043602775782346725,0.1686503142118454,0.9918314814567566,0.9231095314025879
ai_013_001_cam_00_frame.0066,train,ai_013_001,66,0.07539443671703339,0.06876279413700104,0.0774688720703125,0.9918569326400757,0.9427606463432312,0.0630360096693039,0.057557374238967896,0.1208038330078125,0.9922739863395691,0.9432803988456726,0.04841813072562218,0.04340047761797905,0.2223765105009079,0.9922536611557007,0.9360203146934509,0.04475560411810875,0.0401729941368103,0.2074381560087204,0.9922129511833191,0.9232134222984314
ai_013_001_cam_00_frame.0073,train,ai_013_001,73,0.06179337948560715,0.05643492192029953,0.1656595915555954,0.9910329580307007,0.9346020817756653,0.04955101013183594,0.04530615359544754,0.2249043881893158,0.9912567138671875,0.9328542947769165,0.041253723204135895,0.03734837844967842,0.2661539912223816,0.9912109375,0.92657071352005,0.039875078946352005,0.0356295071542263,0.1791229248046875,0.9911346435546875,0.9147453308105469
ai_013_001_cam_00_frame.0079,train,ai_013_001,79,0.07336607575416565,0.06769893318414688,0.0865071639418602,0.9907023310661316,0.9440855979919434,0.0625675842165947,0.05683504790067673,0.1419118344783783,0.9909414052963257,0.9441947937011719,0.05383555591106415,0.04815955087542534,0.255767822265625,0.9913228750228882,0.9319449067115784,0.05364712327718735,0.04805131256580353,0.1394602507352829,0.9912211298942566,0.9131549000740051
ai_013_001_cam_00_frame.0086,train,ai_013_001,86,0.0792461410164833,0.07202710211277008,0.0948384627699852,0.9898122549057007,0.938381016254425,0.06854808330535889,0.06187932938337326,0.1602122038602829,0.9903513789176941,0.9373971819877625,0.058364611119031906,0.0519237145781517,0.255767822265625,0.9911550283432007,0.9272834658622742,0.05813060328364372,0.05184474587440491,0.1428782194852829,0.9909922480583191,0.9160658121109009
ai_013_001_cam_00_frame.0092,train,ai_013_001,92,0.06423678249120712,0.05946587771177292,0.1375376433134079,0.9897613525390625,0.9248434901237488,0.05205349251627922,0.04880215972661972,0.15850830078125,0.9901479482650757,0.919461190700531,0.03439585864543915,0.03031909465789795,0.2619781494140625,0.9900919795036316,0.91237872838974,0.03390116989612579,0.028589045628905296,0.3218180537223816,0.990020751953125,0.9020646810531616
ai_013_001_cam_00_frame.0099,train,ai_013_001,99,0.06515860557556152,0.06024318188428879,0.1659495085477829,0.9897410273551941,0.9205843210220337,0.052888792008161545,0.048738352954387665,0.188720703125,0.9903564453125,0.9128941893577576,0.04315170645713806,0.03918220102787018,0.2602030634880066,0.9906362295150757,0.9054567813873291,0.04158174991607666,0.03742113709449768,0.2266337126493454,0.9905344843864441,0.8961073160171509
ai_015_001_cam_00_frame.0000,train,ai_015_001,0,0.023394113406538963,0.022053604945540428,0.3433888852596283,0.9973093867301941,0.7921303510665894,0.02594628743827343,0.02462748810648918,0.3296254575252533,0.9972788691520691,0.7874447107315063,0.031957123428583145,0.029938731342554092,0.2746836543083191,0.9971873164176941,0.7746173143386841,0.040418870747089386,0.03747573494911194,0.2609914243221283,0.9971364736557007,0.7485668063163757
ai_015_001_cam_00_frame.0007,train,ai_015_001,7,0.02094610594213009,0.019220100715756416,0.3516082763671875,0.9949493408203125,0.7983237504959106,0.01781979575753212,0.016494637355208397,0.4298146665096283,0.9949747920036316,0.8015793561935425,0.019605783745646477,0.017978062853217125,0.4332987666130066,0.9950155019760132,0.7952755093574524,0.02667633257806301,0.02457404136657715,0.27423095703125,0.9950053095817566,0.7820029854774475
ai_015_001_cam_00_frame.0013,train,ai_015_001,13,0.02740633115172386,0.02180153876543045,0.3999532163143158,0.9962412714958191,0.8580650091171265,0.025284476578235626,0.020076461136341095,0.2751210629940033,0.9962921142578125,0.8462437391281128,0.03445517271757126,0.026777809485793114,0.233001708984375,0.9962819814682007,0.8200619220733643,0.05304224044084549,0.04275302216410637,0.1283976286649704,0.995513916015625,0.7833829522132874
ai_015_001_cam_00_frame.0020,train,ai_015_001,20,0.016803033649921417,0.01512247882783413,0.5761515498161316,0.9963938593864441,0.8660479187965393,0.016497207805514336,0.015023911371827126,0.5494893789291382,0.9963582754135132,0.8610918521881104,0.024639561772346497,0.022298473864793777,0.4596049189567566,0.9962056875228882,0.837732195854187,0.034163713455200195,0.03084896132349968,0.4109751582145691,0.9947611689567566,0.818707287311554
ai_015_001_cam_00_frame.0026,train,ai_015_001,26,0.025505218654870987,0.02013685368001461,0.3928375244140625,0.9945424795150757,0.90790194272995,0.026688210666179657,0.017993077635765076,0.4790446162223816,0.9945526123046875,0.9069566130638123,0.0397234782576561,0.026894059032201767,0.2802886962890625,0.994537353515625,0.8405646085739136,0.05806439742445946,0.041797176003456116,0.1875864714384079,0.9945831298828125,0.7681289911270142
ai_015_001_cam_00_frame.0033,train,ai_015_001,33,0.04359840601682663,0.03081221878528595,0.2364501953125,0.9923197627067566,0.8248178362846375,0.0405300036072731,0.02575179561972618,0.2417195737361908,0.9923095703125,0.8231538534164429,0.04275737330317497,0.027427297085523605,0.2917989194393158,0.9921468496322632,0.8153995275497437,0.04929053410887718,0.03530221804976463,0.2322133481502533,0.9888814687728882,0.8083770871162415
ai_015_001_cam_00_frame.0040,train,ai_015_001,40,0.03149619698524475,0.027846749871969223,0.3354288935661316,0.9889068603515625,0.824781596660614,0.029519420117139816,0.025877056643366814,0.3858489990234375,0.9888051748275757,0.826858401298523,0.03534632548689842,0.030948009341955185,0.3812154233455658,0.9871368408203125,0.82704097032547,0.04722201079130173,0.04196768254041672,0.2484080046415329,0.9826151728630066,0.8201041221618652
ai_015_001_cam_00_frame.0046,train,ai_015_001,46,0.02758646570146084,0.02592846378684044,0.2916463315486908,0.9976959228515625,0.7902210354804993,0.022774722427129745,0.020475760102272034,0.3379414975643158,0.9977010488510132,0.7899473309516907,0.022532936185598373,0.018002457916736603,0.4003550410270691,0.9976755976676941,0.7922646403312683,0.030091609805822372,0.02507956139743328,0.2617238461971283,0.9976298213005066,0.7738811373710632
ai_015_001_cam_00_frame.0053,train,ai_015_001,53,0.021605316549539566,0.01866277866065502,0.3703359067440033,0.9973602294921875,0.8633720874786377,0.023467283695936203,0.0206059068441391,0.2468109130859375,0.9973297119140625,0.8399298787117004,0.03122294507920742,0.02771647833287716,0.2470601499080658,0.9963582754135132,0.8269773125648499,0.04326324909925461,0.038043394684791565,0.1943918913602829,0.9961751699447632,0.7741113305091858
ai_015_001_cam_00_frame.0059,train,ai_015_001,59,0.032810527831315994,0.029661646112799644,0.2033589780330658,0.9927266836166382,0.8175663948059082,0.027217429131269455,0.024222200736403465,0.3629913330078125,0.99273681640625,0.820746898651123,0.030124571174383163,0.026219194754958153,0.4318695068359375,0.99090576171875,0.8216572403907776,0.04326970875263214,0.037295207381248474,0.2499237060546875,0.982208251953125,0.8200796246528625
ai_015_001_cam_00_frame.0066,train,ai_015_001,66,0.01797703094780445,0.012419939041137695,0.7347005605697632,0.9987691640853882,0.9822072982788086,0.021656733006238937,0.01514347456395626,0.660675048828125,0.9987844228744507,0.9769385457038879,0.03271769732236862,0.024719849228858948,0.5567728877067566,0.998687744140625,0.8622814416885376,0.044605668634176254,0.034248918294906616,0.4410349726676941,0.9548289179801941,0.7447071671485901
ai_015_001_cam_00_frame.0073,train,ai_015_001,73,0.057203635573387146,0.048368148505687714,0.160552978515625,0.995269775390625,0.9539217352867126,0.047720544040203094,0.04078351706266403,0.2178904265165329,0.9954681396484375,0.941435694694519,0.035564545542001724,0.0311964713037014,0.3491160273551941,0.9957835078239441,0.9219763875007629,0.041341036558151245,0.03546089679002762,0.1898193359375,0.9957835078239441,0.8169337511062622
ai_015_001_cam_00_frame.0079,train,ai_015_001,79,0.026970908045768738,0.021219942718744278,0.3661906123161316,0.9960276484489441,0.8016887903213501,0.021265355870127678,0.018590480089187622,0.3971405029296875,0.9961344599723816,0.8023827075958252,0.0241694413125515,0.019879061728715897,0.4294993281364441,0.9961954951286316,0.8014441728591919,0.03516611084342003,0.028256189078092575,0.3468882441520691,0.995330810546875,0.8035191297531128
ai_015_001_cam_00_frame.0086,train,ai_015_001,86,0.04500819370150566,0.04104151949286461,0.2457377165555954,0.9994100332260132,0.8261809349060059,0.04122619703412056,0.03648848086595535,0.3325093686580658,0.9995626211166382,0.8765929937362671,0.04223049804568291,0.037232764065265656,0.2391154021024704,0.9997457265853882,0.902240514755249,0.047553371638059616,0.04172945022583008,0.1299896240234375,0.9997711181640625,0.8891189098358154
ai_015_001_cam_00_frame.0092,train,ai_015_001,92,0.02255033515393734,0.017910178750753403,0.4003957211971283,0.9971923828125,0.7948334217071533,0.018308673053979874,0.015611765906214714,0.5509287714958191,0.9972178339958191,0.7961373329162598,0.024409543722867966,0.021977415308356285,0.3370310664176941,0.9972991943359375,0.7768642902374268,0.03784864768385887,0.033393435180187225,0.133697509765625,0.997344970703125,0.7418748736381531
ai_015_001_cam_00_frame.0099,train,ai_015_001,99,0.04145292937755585,0.021724440157413483,0.5433909296989441,0.9922129511833191,0.8532586097717285,0.04329584538936615,0.02667674794793129,0.4062449336051941,0.9937795400619507,0.8206838369369507,0.04910264164209366,0.03501813858747482,0.1681620329618454,0.994537353515625,0.8238884806632996,0.05642246454954147,0.0448281392455101,0.1254323422908783,0.9940032958984375,0.8031207919120789
ai_017_001_cam_00_frame.0000,train,ai_017_001,0,0.02727453224360943,0.02505108341574669,0.1879323422908783,0.9926300048828125,0.8174049854278564,0.024749629199504852,0.02211621403694153,0.2321929931640625,0.9926351308822632,0.8227849006652832,0.02710527554154396,0.023280126973986626,0.2835032343864441,0.9925130605697632,0.8201518058776855,0.03373922407627106,0.02875598520040512,0.2017924040555954,0.9924978017807007,0.8144941926002502
ai_017_001_cam_00_frame.0007,train,ai_017_001,7,0.02819121442735195,0.026703238487243652,0.2900645136833191,0.9925944209098816,0.7894031405448914,0.02468559890985489,0.022578319534659386,0.3236592710018158,0.992767333984375,0.7891402840614319,0.026361456140875816,0.022776296362280846,0.3390045166015625,0.9927572011947632,0.7717671990394592,0.034554414451122284,0.029758205637335777,0.2247111052274704,0.9925689697265625,0.7743918299674988
ai_017_001_cam_00_frame.0013,train,ai_017_001,13,0.01948823779821396,0.016596496105194092,0.4635264277458191,0.9944254755973816,0.780455470085144,0.019937634468078613,0.01678207889199257,0.4413401484489441,0.9943695068359375,0.7757211327552795,0.027818014845252037,0.02297055535018444,0.2736104428768158,0.994354248046875,0.7761194109916687,0.039849720895290375,0.03341980278491974,0.1726531982421875,0.9939422607421875,0.7763210535049438
ai_017_001_cam_00_frame.0020,train,ai_017_001,20,0.025703076273202896,0.023475006222724915,0.2987620234489441,0.9945068359375,0.755416989326477,0.022290751338005066,0.02054857462644577,0.4531300961971283,0.9944559931755066,0.7499931454658508,0.03561736270785332,0.031816769391298294,0.3020375669002533,0.9943441152572632,0.7394671440124512,0.05591581016778946,0.050291966646909714,0.15325927734375,0.9942423701286316,0.7226109504699707
ai_017_001_cam_00_frame.0026,train,ai_017_001,26,0.023823734372854233,0.019519757479429245,0.2842254638671875,0.9939473867416382,0.876092791557312,0.02261538803577423,0.01790904626250267,0.4281514585018158,0.9950460195541382,0.8780426979064941,0.02590804547071457,0.020440399646759033,0.3913421630859375,0.9973704218864441,0.8827807903289795,0.03427327424287796,0.028177987784147263,0.230010986328125,0.9973043203353882,0.8648948073387146
ai_017_001_cam_00_frame.0033,train,ai_017_001,33,0.022332554683089256,0.019568100571632385,0.402801513671875,0.9960378408432007,0.8546088337898254,0.02307124063372612,0.01954982802271843,0.4315948486328125,0.9960836172103882,0.8564145565032959,0.03169772028923035,0.026586925610899925,0.3187408447265625,0.9930471181869507,0.8523279428482056,0.041805338114500046,0.03563592582941055,0.2423044890165329,0.9849904775619507,0.8360626101493835
ai_017_001_cam_00_frame.0040,train,ai_017_001,40,0.021708300337195396,0.017796196043491364,0.4581095576286316,0.9956868886947632,0.8037271499633789,0.022777270525693893,0.018376071006059647,0.39666748046875,0.9957631826400757,0.7925230264663696,0.03404083847999573,0.02709314040839672,0.27191162109375,0.9957835078239441,0.786217451095581,0.04792289435863495,0.039180025458335876,0.1873881071805954,0.9956156611442566,0.7708107233047485
ai_017_001_cam_00_frame.0046,train,ai_017_001,46,0.03419232740998268,0.029890256002545357,0.47540876269340515,0.9812480211257935,0.8073340654373169,0.03194023296236992,0.02604633942246437,0.6048978567123413,0.9812531471252441,0.8041025400161743,0.03442801535129547,0.02690732106566429,0.4939618408679962,0.9810593724250793,0.7741872668266296,0.04126634821295738,0.03122197464108467,0.3280346393585205,0.9808553457260132,0.7511562705039978
ai_017_001_cam_00_frame.0053,train,ai_017_001,53,0.030754810199141502,0.028436675667762756,0.48195621371269226,0.9799564480781555,0.8381043076515198,0.026420889422297478,0.022839423269033432,0.6491385102272034,0.9869683384895325,0.8280301094055176,0.02764945663511753,0.022611331194639206,0.5132758617401123,0.9877519607543945,0.7847663164138794,0.03458653390407562,0.027591167017817497,0.3071971535682678,0.9887035489082336,0.7349037528038025
ai_017_001_cam_00_frame.0059,train,ai_017_001,59,0.0322236530482769,0.028592539951205254,0.4200533330440521,0.9896892309188843,0.75449138879776,0.027884243056178093,0.025498423725366592,0.49313297867774963,0.9902308583259583,0.7592342495918274,0.026433955878019333,0.024300258606672287,0.47140273451805115,0.9903330206871033,0.7349064946174622,0.02978389710187912,0.027259495109319687,0.3749016523361206,0.9902768135070801,0.7147390246391296
ai_017_001_cam_00_frame.0066,train,ai_017_001,66,0.02247709035873413,0.021343307569622993,0.5284968018531799,0.9903174042701721,0.7930412888526917,0.019002195447683334,0.018068432807922363,0.664415180683136,0.9931793212890625,0.7979297041893005,0.020063722506165504,0.017818324267864227,0.6712920069694519,0.9932966232299805,0.7919622659683228,0.025598976761102676,0.02257802151143551,0.4250186085700989,0.9938017129898071,0.7184625864028931
ai_017_001_cam_00_frame.0073,train,ai_017_001,73,0.028789499774575233,0.026500381529331207,0.6150563359260559,0.9844567775726318,0.8100153803825378,0.027948759496212006,0.025875145569443703,0.4952280521392822,0.9864786267280579,0.8088096976280212,0.03310215100646019,0.030391164124011993,0.3468037545681,0.9871253967285156,0.7715641856193542,0.04039962217211723,0.03640760853886604,0.22774960100650787,0.9872120022773743,0.7465717196464539
ai_017_001_cam_00_frame.0079,train,ai_017_001,79,0.02333245240151882,0.021935472264885902,0.575117290019989,0.9847539067268372,0.8039757609367371,0.021022016182541847,0.01929306425154209,0.7293403744697571,0.9856249690055847,0.8004308938980103,0.025773990899324417,0.02276303432881832,0.46529775857925415,0.9866998195648193,0.7678734064102173,0.03392975404858589,0.029469674453139305,0.3000718355178833,0.9871378540992737,0.7314456105232239
ai_017_001_cam_00_frame.0086,train,ai_017_001,86,0.026296084746718407,0.024106411263346672,0.3277435302734375,0.9875081777572632,0.7437036037445068,0.025269102305173874,0.023368729278445244,0.4404958188533783,0.9877116084098816,0.7266507744789124,0.030340656638145447,0.026929821819067,0.3796844482421875,0.9879913330078125,0.7054416537284851,0.039853863418102264,0.034504540264606476,0.2523244321346283,0.9881643056869507,0.6695461869239807
ai_017_001_cam_00_frame.0092,train,ai_017_001,92,0.02241525612771511,0.018807072192430496,0.4405110776424408,0.992828369140625,0.7293375134468079,0.02507045492529869,0.01994490809738636,0.3930867612361908,0.9934794306755066,0.7310713529586792,0.03500837832689285,0.02700231224298477,0.2847900390625,0.9940592646598816,0.7345697283744812,0.04662265628576279,0.03605293855071068,0.1919199675321579,0.9940185546875,0.7121360301971436
ai_017_001_cam_00_frame.0099,train,ai_017_001,99,0.03043169341981411,0.025256231427192688,0.4756673276424408,0.9878743886947632,0.7978682518005371,0.03365734592080116,0.02578045055270195,0.4071807861328125,0.987945556640625,0.7777757048606873,0.04274929314851761,0.031697578728199005,0.2324117124080658,0.9879201650619507,0.7789106369018555,0.05375019833445549,0.040580034255981445,0.1789754331111908,0.9879812002182007,0.7636716961860657
ai_018_003_cam_00_frame.0000,train,ai_018_003,0,0.016437657177448273,0.01471531018614769,0.5070444941520691,0.9942626953125,0.8894361257553101,0.019507071003317833,0.017086714506149292,0.5460968017578125,0.9942626953125,0.888312578201294,0.033282212913036346,0.02842061221599579,0.3257649838924408,0.9942779541015625,0.8768409490585327,0.04808860644698143,0.04173177480697632,0.2371419370174408,0.9943593740463257,0.8706545233726501
ai_018_003_cam_00_frame.0007,train,ai_018_003,7,0.016290221363306046,0.014153329655528069,0.5311330556869507,0.9961446523666382,0.7828903198242188,0.01719076558947563,0.016011688858270645,0.4584605097770691,0.996124267578125,0.7699185013771057,0.033269003033638,0.029834484681487083,0.1982065886259079,0.9962260127067566,0.7870503067970276,0.05151764675974846,0.045443933457136154,0.1227823942899704,0.9963735342025757,0.7860888838768005
ai_018_003_cam_00_frame.0013,train,ai_018_003,13,0.02079544961452484,0.018647469580173492,0.479461669921875,0.9954274892807007,0.7899895906448364,0.019548282027244568,0.017685098573565483,0.437774658203125,0.9954630732536316,0.774541974067688,0.030497893691062927,0.027352508157491684,0.2357584685087204,0.9954885244369507,0.7579458355903625,0.04481018707156181,0.03957672417163849,0.1654561460018158,0.9950816035270691,0.7426836490631104
ai_018_003_cam_00_frame.0020,train,ai_018_003,20,0.04728236421942711,0.03197481483221054,0.1475321501493454,0.9924418330192566,0.8672489523887634,0.03768417611718178,0.025820685550570488,0.2076517790555954,0.9924113154411316,0.8638588786125183,0.025384750217199326,0.021112006157636642,0.3975118100643158,0.9923604726791382,0.8571361899375916,0.0302785225212574,0.026094740256667137,0.361663818359375,0.9923553466796875,0.8581699132919312
ai_018_003_cam_00_frame.0026,train,ai_018_003,26,0.02096845768392086,0.017026938498020172,0.4788665771484375,0.995361328125,0.8700888752937317,0.02285659685730934,0.019287778064608574,0.3772379755973816,0.9953410029411316,0.8713774085044861,0.03393004089593887,0.030158720910549164,0.2676137387752533,0.9953104853630066,0.8700026273727417,0.04748797416687012,0.04194888472557068,0.2068888396024704,0.9952392578125,0.864518404006958
ai_018_003_cam_00_frame.0033,train,ai_018_003,33,0.01754460111260414,0.015399215742945671,0.6302337646484375,0.9947459101676941,0.7571241855621338,0.021702438592910767,0.019467497244477272,0.4216359555721283,0.9946848750114441,0.7558876872062683,0.03501352295279503,0.02848084084689617,0.261749267578125,0.9946492910385132,0.7370217442512512,0.04955122992396355,0.03887343406677246,0.2003224790096283,0.9944356679916382,0.7439121603965759
ai_018_003_cam_00_frame.0040,train,ai_018_003,40,0.012575739994645119,0.011106640100479126,0.6792246699333191,0.9965718984603882,0.9510820508003235,0.013736091554164886,0.012385038658976555,0.596282958984375,0.99658203125,0.9525442719459534,0.02948230504989624,0.02598327025771141,0.2970174252986908,0.9964141845703125,0.9367802143096924,0.04713303968310356,0.041041649878025055,0.1696421355009079,0.9939117431640625,0.9159175753593445
ai_018_003_cam_00_frame.0046,train,ai_018_003,46,0.021527647972106934,0.017500033602118492,0.3581644892692566,0.9948781728744507,0.7858185768127441,0.01796380989253521,0.015508702956140041,0.5025991201400757,0.9949137568473816,0.7756866216659546,0.025268927216529846,0.02337854728102684,0.237823486328125,0.9949086904525757,0.7770957350730896,0.039983540773391724,0.03558832034468651,0.14794921875,0.9945170283317566,0.7901360988616943
ai_018_003_cam_00_frame.0053,train,ai_018_003,53,0.030155979096889496,0.02790026366710663,0.2457326352596283,0.9938761591911316,0.9207172393798828,0.022679118439555168,0.02072957158088684,0.3239491879940033,0.9938609004020691,0.9219095706939697,0.03927570581436157,0.0329795740544796,0.1769968718290329,0.9948018789291382,0.9156887531280518,0.06256066262722015,0.05365490913391113,0.0697428435087204,0.9946848750114441,0.8862396478652954
ai_018_003_cam_00_frame.0059,train,ai_018_003,59,0.019775167107582092,0.017933811992406845,0.5341593623161316,0.9946035146713257,0.8758586645126343,0.017156407237052917,0.01542864739894867,0.5164337158203125,0.9948679804801941,0.8731890320777893,0.028569526970386505,0.025845423340797424,0.260955810546875,0.9949493408203125,0.8730369210243225,0.04203927144408226,0.03800654411315918,0.1646982878446579,0.9950002431869507,0.8637457489967346
ai_018_003_cam_00_frame.0066,train,ai_018_003,66,0.023337554186582565,0.020864218473434448,0.7214609980583191,0.9921213984489441,0.9121027588844299,0.01931377500295639,0.01757204160094261,0.61236572265625,0.99237060546875,0.9093584418296814,0.023659467697143555,0.02162705361843109,0.3115692138671875,0.9923909902572632,0.9068702459335327,0.039573971182107925,0.03573937341570854,0.1434834897518158,0.9924774169921875,0.8830928802490234
ai_018_003_cam_00_frame.0073,train,ai_018_003,73,0.061059754341840744,0.055535025894641876,0.6077372431755066,0.9512888789176941,0.5156294703483582,0.05693133920431137,0.051756974309682846,0.5587514638900757,0.95001220703125,0.5157231092453003,0.066861093044281,0.059824809432029724,0.4651133418083191,0.9473673701286316,0.5157574415206909,0.08446048200130463,0.07577203214168549,0.2420705258846283,0.9458414912223816,0.5208388566970825
ai_018_003_cam_00_frame.0079,train,ai_018_003,79,0.011536865495145321,0.0101992292329669,0.7522939443588257,0.996917724609375,0.9065590500831604,0.015391228720545769,0.014136401936411858,0.5638478994369507,0.996978759765625,0.9034669399261475,0.02950613759458065,0.027354218065738678,0.4261627197265625,0.9970550537109375,0.9009931683540344,0.04246146231889725,0.03940148279070854,0.3407135009765625,0.9970449209213257,0.8812409043312073
ai_018_003_cam_00_frame.0086,train,ai_018_003,86,0.03719402477145195,0.029519513249397278,0.1439615935087204,0.9963582754135132,0.8118856549263,0.030838996171951294,0.02600395493209362,0.2163238525390625,0.9963480830192566,0.8007898926734924,0.0234559066593647,0.020656898617744446,0.3905538022518158,0.9964040517807007,0.7904302477836609,0.024788063019514084,0.020822471007704735,0.4080047607421875,0.9964396357536316,0.7778202295303345
ai_018_003_cam_00_frame.0092,train,ai_018_003,92,0.015924103558063507,0.01453851442784071,0.7276510000228882,0.9949544668197632,0.9350951313972473,0.013680475763976574,0.012486959807574749,0.7126109004020691,0.9950155019760132,0.9350525736808777,0.02003786712884903,0.018150150775909424,0.4683125913143158,0.9950460195541382,0.9272387623786926,0.03086543083190918,0.02790123037993908,0.2811788022518158,0.9950053095817566,0.9035740494728088
ai_018_003_cam_00_frame.0099,train,ai_018_003,99,0.02193169854581356,0.019782766699790955,0.4015859067440033,0.9971262812614441,0.9339388608932495,0.019913744181394577,0.018436148762702942,0.3960978388786316,0.9971212148666382,0.9416143894195557,0.03700409084558487,0.030800996348261833,0.1060587614774704,0.9971262812614441,0.9243205785751343,0.0569152757525444,0.04760042950510979,0.0537465438246727,0.9971517324447632,0.9031258821487427
ai_021_001_cam_00_frame.0000,train,ai_021_001,0,0.06200963258743286,0.05629323050379753,0.1259358823299408,0.947723388671875,0.8933987617492676,0.05551541969180107,0.05078193545341492,0.1580047607421875,0.9506785273551941,0.9017189741134644,0.05251802131533623,0.04718057066202164,0.1619618833065033,0.9841410517692566,0.8967018723487854,0.05700377747416496,0.05134858936071396,0.126495361328125,0.9881643056869507,0.8732956647872925
ai_021_001_cam_00_frame.0007,train,ai_021_001,7,0.03622083365917206,0.03322213515639305,0.168792724609375,0.9901072382926941,0.8987977504730225,0.03316279500722885,0.028420668095350266,0.2622172236442566,0.9904531240463257,0.8967198133468628,0.040269263088703156,0.03519299998879433,0.233856201171875,0.9911906123161316,0.8748260736465454,0.05109131336212158,0.04556123539805412,0.1792856901884079,0.9908549189567566,0.8482183814048767
ai_021_001_cam_00_frame.0013,train,ai_021_001,13,0.027284279465675354,0.023845424875617027,0.3397878110408783,0.9940236806869507,0.8830485939979553,0.027256309986114502,0.023043237626552582,0.3347524106502533,0.9942474365234375,0.8727986216545105,0.0380939319729805,0.03190072625875473,0.2758331298828125,0.994384765625,0.8569143414497375,0.053516291081905365,0.046325743198394775,0.1632080078125,0.9945729970932007,0.8405613899230957
ai_021_001_cam_00_frame.0020,train,ai_021_001,20,0.05347815155982971,0.04537568613886833,0.170654296875,0.990509033203125,0.9200437664985657,0.048194319009780884,0.03801474720239639,0.2776997983455658,0.9909719228744507,0.9170536994934082,0.05460110306739807,0.04414277896285057,0.1506500244140625,0.9909769892692566,0.9104405045509338,0.07009651511907578,0.057773999869823456,0.1258697509765625,0.9907379150390625,0.8923742175102234
ai_021_001_cam_00_frame.0026,train,ai_021_001,26,0.038664817810058594,0.0357954204082489,0.2827911376953125,0.98846435546875,0.9183327555656433,0.03414793312549591,0.0294345673173666,0.317230224609375,0.9919586181640625,0.9135765433311462,0.042855750769376755,0.03405832499265671,0.2335866391658783,0.991943359375,0.8967640399932861,0.05988752841949463,0.04928145930171013,0.1255442351102829,0.9905751943588257,0.8806635737419128
ai_021_001_cam_00_frame.0033,train,ai_021_001,33,0.05938580632209778,0.05419459193944931,0.1175944060087204,0.9673258662223816,0.9177970290184021,0.05184511840343475,0.0457397922873497,0.2419789731502533,0.966796875,0.9187498092651367,0.058950137346982956,0.05083174630999565,0.2025909423828125,0.9637197256088257,0.9069857001304626,0.0780625194311142,0.06810642033815384,0.1178436279296875,0.9597625732421875,0.8862103223800659
ai_021_001_cam_00_frame.0040,train,ai_021_001,40,0.05693351477384567,0.05211297422647476,0.1270192563533783,0.9870046377182007,0.9192989468574524,0.05144086480140686,0.044472940266132355,0.1498006284236908,0.9867299795150757,0.9200986623764038,0.053395193070173264,0.04233457148075104,0.145843505859375,0.986968994140625,0.9040126800537109,0.06493334472179413,0.05111603066325188,0.1651102751493454,0.9868876338005066,0.8762893676757812
ai_021_001_cam_00_frame.0046,train,ai_021_001,46,0.04972343146800995,0.0465334877371788,0.1218414306640625,0.9865824580192566,0.9041062593460083,0.0355503112077713,0.031122839078307152,0.2713521420955658,0.9873301386833191,0.900527834892273,0.040575914084911346,0.033200785517692566,0.1963246762752533,0.988189697265625,0.8900100588798523,0.06444636732339859,0.0555582158267498,0.12884521484375,0.9888051748275757,0.878017008304596
ai_021_001_cam_00_frame.0053,train,ai_021_001,53,0.05275646969676018,0.048599787056446075,0.1259613037109375,0.9902140498161316,0.9081423282623291,0.03536651283502579,0.030203621834516525,0.2474721372127533,0.990753173828125,0.898988664150238,0.039778485894203186,0.026482468470931053,0.2970174252986908,0.9908498525619507,0.8311623930931091,0.06390932202339172,0.04298214614391327,0.1143748015165329,0.9904531240463257,0.7881298661231995
ai_021_001_cam_00_frame.0059,train,ai_021_001,59,0.04152698814868927,0.03964594379067421,0.1749521940946579,0.9888255000114441,0.8932983875274658,0.03697881102561951,0.03401287645101547,0.2636973261833191,0.9890340566635132,0.8910937309265137,0.04410305619239807,0.03866247087717056,0.2137044370174408,0.9888865351676941,0.8806352615356445,0.059356462210416794,0.05306801199913025,0.1069590300321579,0.9889678955078125,0.8672628998756409
ai_021_001_cam_00_frame.0066,train,ai_021_001,66,0.045999061316251755,0.043282680213451385,0.1247456893324852,0.9917501211166382,0.9073545932769775,0.03502728044986725,0.02879362367093563,0.3104960322380066,0.9920451045036316,0.9051844477653503,0.046168237924575806,0.03495407477021217,0.1941630095243454,0.9922587275505066,0.8610462546348572,0.06872004270553589,0.05543097108602524,0.0909220427274704,0.9922078847885132,0.8250918984413147
ai_021_001_cam_00_frame.0073,train,ai_021_001,73,0.03897362947463989,0.03687117621302605,0.1764119565486908,0.9910939931869507,0.8970370888710022,0.03332103416323662,0.03122027777135372,0.2095438688993454,0.9911753535270691,0.8917052745819092,0.03373020887374878,0.029462624341249466,0.2947540283203125,0.9911906123161316,0.8741629719734192,0.043384961783885956,0.03738604858517647,0.3024953305721283,0.9911143183708191,0.8504178524017334
ai_021_001_cam_00_frame.0079,train,ai_021_001,79,0.036810945719480515,0.03126541152596474,0.3131001889705658,0.98846435546875,0.909558892250061,0.03177822008728981,0.025387248024344444,0.3908793330192566,0.9888814687728882,0.9087636470794678,0.04587724804878235,0.0373225063085556,0.293121337890625,0.98931884765625,0.8939470052719116,0.06615978479385376,0.05678008124232292,0.1593577116727829,0.9891001582145691,0.8698800206184387
ai_021_001_cam_00_frame.0086,train,ai_021_001,86,0.03519802540540695,0.03042067401111126,0.3066914975643158,0.9632517695426941,0.92104172706604,0.03176003694534302,0.025000592693686485,0.4478302001953125,0.9632822871208191,0.9140164852142334,0.04048140347003937,0.03112407587468624,0.3304697871208191,0.9678294062614441,0.9075518846511841,0.05486125499010086,0.04421922564506531,0.20196533203125,0.975616455078125,0.8936367630958557
ai_021_001_cam_00_frame.0092,train,ai_021_001,92,0.04692678153514862,0.04108211025595665,0.2020111083984375,0.9912770986557007,0.9195184707641602,0.04119917377829552,0.03587305545806885,0.2055715024471283,0.99114990234375,0.920566976070404,0.040526147931814194,0.03186895698308945,0.2798919677734375,0.9910075068473816,0.9141958355903625,0.049695517867803574,0.03886035457253456,0.2506510615348816,0.9905344843864441,0.9051464796066284
ai_021_001_cam_00_frame.0099,train,ai_021_001,99,0.03622450307011604,0.03434592857956886,0.2749277949333191,0.9911855459213257,0.8987690806388855,0.029977403581142426,0.027594566345214844,0.2917582392692566,0.9910125732421875,0.899284303188324,0.034017421305179596,0.028272395953536034,0.2698008418083191,0.9898529052734375,0.8969950079917908,0.049370698630809784,0.041433390229940414,0.185882568359375,0.98968505859375,0.8896381855010986
ai_023_001_cam_00_frame.0000,train,ai_023_001,0,0.022141052410006523,0.02071555331349373,0.3827667236328125,0.99493408203125,0.7861179709434509,0.018064448609948158,0.016741156578063965,0.4854075312614441,0.9948323965072632,0.7892911434173584,0.02361886203289032,0.021629884839057922,0.2953287959098816,0.9945119619369507,0.7878023982048035,0.03315470367670059,0.030321355909109116,0.197601318359375,0.9942373037338257,0.7744560241699219
ai_023_001_cam_00_frame.0007,train,ai_023_001,7,0.022264646366238594,0.02007836289703846,0.3848208487033844,0.9949783086776733,0.8125178813934326,0.019154131412506104,0.017064198851585388,0.4719323217868805,0.9950088858604431,0.8203204274177551,0.02778278850018978,0.024589043110609055,0.32985809445381165,0.9950088858604431,0.8198592066764832,0.04095181077718735,0.03658604994416237,0.22472481429576874,0.9948355555534363,0.8032147288322449
ai_023_001_cam_00_frame.0013,train,ai_023_001,13,0.024733833968639374,0.023283125832676888,0.3362677991390228,0.9957282543182373,0.801697850227356,0.022211408242583275,0.02070910856127739,0.34797680377960205,0.9956670999526978,0.8042108416557312,0.029883895069360733,0.02727225050330162,0.18843474984169006,0.9954785108566284,0.7967376112937927,0.04034071043133736,0.03687259554862976,0.12687206268310547,0.9953153729438782,0.7831382155418396
ai_023_001_cam_00_frame.0020,train,ai_023_001,20,0.03203312307596207,0.029913943260908127,0.3159739375114441,0.9948222041130066,0.7975522875785828,0.02612875960767269,0.024172862991690636,0.3621978759765625,0.9947713613510132,0.8025450706481934,0.028150713071227074,0.025414008647203445,0.2811482846736908,0.9943135976791382,0.7945209741592407,0.03729739040136337,0.03361113369464874,0.1909637451171875,0.99420166015625,0.7802556157112122
ai_023_001_cam_00_frame.0026,train,ai_023_001,26,0.02621498703956604,0.02389531396329403,0.36402004957199097,0.9944250583648682,0.7569803595542908,0.020301578566432,0.018237171694636345,0.48351195454597473,0.9944352507591248,0.7580734491348267,0.022585006430745125,0.019640635699033737,0.42642873525619507,0.9941959381103516,0.7590118050575256,0.030826644971966743,0.027124840766191483,0.24860626459121704,0.9938955903053284,0.7493782043457031
ai_023_001_cam_00_frame.0033,train,ai_023_001,33,0.024040324613451958,0.021299956366419792,0.4538504481315613,0.9941413402557373,0.7793521881103516,0.02142968960106373,0.018949167802929878,0.5042459964752197,0.9940750002861023,0.784339189529419,0.022232601419091225,0.019945437088608742,0.44843581318855286,0.9938912987709045,0.7797577381134033,0.027956049889326096,0.025250855833292007,0.3369686007499695,0.9936361312866211,0.7577467560768127
ai_023_001_cam_00_frame.0040,train,ai_023_001,40,0.02412918396294117,0.021700114011764526,0.3832625448703766,0.9956507086753845,0.7604438662528992,0.020079564303159714,0.018063442781567574,0.42655596137046814,0.9955994486808777,0.7625318765640259,0.021491877734661102,0.019019315019249916,0.39948156476020813,0.9953279495239258,0.7604460716247559,0.03049418330192566,0.027304263785481453,0.22285518050193787,0.9952306151390076,0.75155109167099
ai_023_001_cam_00_frame.0046,train,ai_023_001,46,0.03630150854587555,0.03320465236902237,0.2554759383201599,0.9956876635551453,0.8248099088668823,0.03191852569580078,0.028886325657367706,0.32803601026535034,0.9957080483436584,0.8291404843330383,0.03682553395628929,0.03282443806529045,0.21011187136173248,0.9956161975860596,0.8273378610610962,0.04774603620171547,0.04277632758021355,0.12497703731060028,0.9954681992530823,0.8214640617370605
ai_023_001_cam_00_frame.0053,train,ai_023_001,53,0.02171492390334606,0.01932833530008793,0.47466111183166504,0.9954832792282104,0.7911280989646912,0.018285633996129036,0.015390196815133095,0.6102385520935059,0.9954425096511841,0.7957057356834412,0.026394562795758247,0.022033335641026497,0.3572218716144562,0.995320200920105,0.7987328171730042,0.03955293819308281,0.03443087264895439,0.20094718039035797,0.9952743053436279,0.7815407514572144
ai_023_001_cam_00_frame.0059,train,ai_023_001,59,0.043917495757341385,0.03608781099319458,0.2251211404800415,0.9859882593154907,0.7993505597114563,0.042122405022382736,0.03257044777274132,0.2395562380552292,0.9876714944839478,0.7958705425262451,0.04962692782282829,0.035136137157678604,0.22266258299350739,0.9877071976661682,0.7628320455551147,0.06485514342784882,0.04832996055483818,0.15605202317237854,0.9879316687583923,0.7256291508674622
ai_023_001_cam_00_frame.0066,train,ai_023_001,66,0.032616280019283295,0.029304541647434235,0.16421307623386383,0.9953258633613586,0.7664281725883484,0.023275895044207573,0.021347275003790855,0.35497090220451355,0.9953718185424805,0.7729738354682922,0.023317651823163033,0.020716501399874687,0.389771968126297,0.995606541633606,0.7804161310195923,0.033968836069107056,0.03041122853755951,0.24304106831550598,0.9957340955734253,0.7730316519737244
ai_023_001_cam_00_frame.0073,train,ai_023_001,73,0.02870168350636959,0.026536963880062103,0.3306558430194855,0.9952120780944824,0.7966801524162292,0.0226377472281456,0.020690223202109337,0.3828440010547638,0.9951356649398804,0.7979982495307922,0.02972332201898098,0.02683662809431553,0.24163134396076202,0.9950338006019592,0.7939263582229614,0.04155351594090462,0.03733177110552788,0.1807841956615448,0.9948861002922058,0.7801567912101746
ai_023_001_cam_00_frame.0079,train,ai_023_001,79,0.030994614586234093,0.02858218178153038,0.25487324595451355,0.9951916933059692,0.7745364308357239,0.02360408939421177,0.021315844729542732,0.40856918692588806,0.9950642585754395,0.7782043218612671,0.023059142753481865,0.020101260393857956,0.38953500986099243,0.9947786927223206,0.7697267532348633,0.03051931783556938,0.026764340698719025,0.2634444832801819,0.9944982528686523,0.7586033940315247
ai_023_001_cam_00_frame.0086,train,ai_023_001,86,0.021265530958771706,0.018644362688064575,0.49569976329803467,0.9944806098937988,0.720055341720581,0.01893172413110733,0.016544321551918983,0.5266838669776917,0.994271457195282,0.7197786569595337,0.021635763347148895,0.019522348418831825,0.47899875044822693,0.994021475315094,0.7119046449661255,0.029402481392025948,0.02686716988682747,0.3049388825893402,0.9935827851295471,0.6992456316947937
ai_023_001_cam_00_frame.0092,train,ai_023_001,92,0.03532255440950394,0.033126577734947205,0.1543528288602829,1.0,0.5472986102104187,0.027899127453565598,0.02365577220916748,0.238189697265625,1.0,0.5299710631370544,0.02734765037894249,0.018207453191280365,0.3917134702205658,1.0,0.5285735130310059,0.035326357930898666,0.02521694265305996,0.2610117793083191,1.0,0.48322463035583496
ai_023_001_cam_00_frame.0099,train,ai_023_001,99,0.03188738971948624,0.027959465980529785,0.3207119107246399,0.9959938526153564,0.679591715335846,0.026157386600971222,0.02305416204035282,0.37073713541030884,0.9958715438842773,0.6832408905029297,0.02723253145813942,0.023322563618421555,0.40100711584091187,0.995682954788208,0.6821821331977844,0.0377080962061882,0.03234881907701492,0.29304131865501404,0.9954637885093689,0.6827107667922974
ai_027_001_cam_00_frame.0000,train,ai_027_001,0,0.05217275023460388,0.048279426991939545,0.1078694686293602,0.9666341543197632,0.8382474184036255,0.05262673646211624,0.04842345044016838,0.1218363493680954,0.9666646718978882,0.8333636522293091,0.06139830872416496,0.05443524569272995,0.1837361752986908,0.9666239619255066,0.8045044541358948,0.07477836310863495,0.06641627848148346,0.1088002547621727,0.9667460322380066,0.7796084880828857
ai_027_001_cam_00_frame.0007,train,ai_027_001,7,0.045802246779203415,0.04134818911552429,0.3073577880859375,0.9725138545036316,0.8640785217285156,0.042044445872306824,0.03629590570926666,0.4767405390739441,0.97283935546875,0.8556094169616699,0.050224825739860535,0.04175396263599396,0.2816213071346283,0.97296142578125,0.8374583721160889,0.06378084421157837,0.05386189743876457,0.1948750913143158,0.97314453125,0.8240777254104614
ai_027_001_cam_00_frame.0013,train,ai_027_001,13,0.07598622888326645,0.06812448799610138,0.171478271484375,0.9549611806869507,0.8620756268501282,0.07250835001468658,0.06121046096086502,0.2607269287109375,0.9549102783203125,0.8683488368988037,0.08651124686002731,0.07018771767616272,0.1698862761259079,0.9547017812728882,0.8701881766319275,0.11107596755027771,0.09317398071289062,0.0782521590590477,0.939056396484375,0.854814887046814
ai_027_001_cam_00_frame.0020,train,ai_027_001,20,0.09526091814041138,0.08714556694030762,0.1389312744140625,0.923797607421875,0.7251260876655579,0.07194846868515015,0.06705515086650848,0.2201741635799408,0.9358114004135132,0.7114304304122925,0.06244640052318573,0.05467795580625534,0.346771240234375,0.9369456171989441,0.6738715171813965,0.08728551119565964,0.07444748282432556,0.1665140837430954,0.9370778799057007,0.5936606526374817
ai_027_001_cam_00_frame.0026,train,ai_027_001,26,0.11145251989364624,0.10247142612934113,0.1330413818359375,0.8884531855583191,0.7555868625640869,0.10278426855802536,0.09335498511791229,0.253936767578125,0.9003957509994507,0.7470787763595581,0.10492551326751709,0.08969651907682419,0.2238667905330658,0.9060516357421875,0.7427781224250793,0.12211734056472778,0.0974944457411766,0.1434275358915329,0.9080912470817566,0.7437737584114075
ai_027_001_cam_00_frame.0033,train,ai_027_001,33,0.0994463562965393,0.09128560870885849,0.1634368896484375,0.9467977285385132,0.8675556778907776,0.09407016634941101,0.08602067083120346,0.1433766782283783,0.9465739130973816,0.8729201555252075,0.09508442878723145,0.08432905375957489,0.1370849609375,0.9455820918083191,0.8477668762207031,0.10604344308376312,0.09098561853170395,0.113983154296875,0.9448038935661316,0.8013535737991333
ai_027_001_cam_00_frame.0040,train,ai_027_001,40,0.08899301290512085,0.07909601926803589,0.2170664519071579,0.9526011347770691,0.8509803414344788,0.0806608498096466,0.06754498183727264,0.2865549921989441,0.9526265859603882,0.8520820140838623,0.09002386778593063,0.07261887937784195,0.2297566831111908,0.9527791738510132,0.8538647890090942,0.10737426578998566,0.08926411718130112,0.1356048583984375,0.9399668574333191,0.8441887497901917
ai_027_001_cam_00_frame.0046,train,ai_027_001,46,0.053187333047389984,0.04859667271375656,0.2549591064453125,0.9606527090072632,0.7117642760276794,0.05219337344169617,0.04708212614059448,0.2992350459098816,0.9603627920150757,0.7100802063941956,0.06011902540922165,0.05486574023962021,0.2666015625,0.9605051875114441,0.7064734697341919,0.07089775800704956,0.0648450255393982,0.215972900390625,0.9572296142578125,0.7044218182563782
ai_027_001_cam_00_frame.0053,train,ai_027_001,53,0.12788991630077362,0.11255567520856857,0.1884307861328125,0.8799285888671875,0.7290421724319458,0.1303805559873581,0.11120464652776718,0.136749267578125,0.8721771240234375,0.7442552447319031,0.14911174774169922,0.1256282776594162,0.1837565153837204,0.8442179560661316,0.7599025368690491,0.1715688407421112,0.1438935548067093,0.1983235776424408,0.8227386474609375,0.7656387686729431
ai_027_001_cam_00_frame.0059,train,ai_027_001,59,0.05017601698637009,0.046666182577610016,0.263946533203125,0.9692026972770691,0.7066231966018677,0.04725855216383934,0.0432109534740448,0.3644358515739441,0.9678751826286316,0.7070780396461487,0.055393241345882416,0.04900640994310379,0.2140299528837204,0.9675496816635132,0.7107283473014832,0.06883696466684341,0.06132986396551132,0.1472320556640625,0.962432861328125,0.709071159362793
ai_027_001_cam_00_frame.0066,train,ai_027_001,66,0.07275712490081787,0.059039294719696045,0.1755422055721283,0.9820404052734375,0.5090773105621338,0.056609928607940674,0.04501309245824814,0.183380126953125,0.9820760488510132,0.5172735452651978,0.04060053080320358,0.03464964032173157,0.3348490595817566,0.9821014404296875,0.5387724041938782,0.06015685945749283,0.04721575230360031,0.1635996550321579,0.9820709228515625,0.5314314961433411
ai_027_001_cam_00_frame.0073,train,ai_027_001,73,0.07033078372478485,0.06430620700120926,0.361358642578125,0.9394480586051941,0.8130844831466675,0.06928658485412598,0.0624467097222805,0.4921722412109375,0.9394938349723816,0.8093909621238708,0.08050281554460526,0.07200608402490616,0.2431233823299408,0.9394175410270691,0.7914750576019287,0.09568589925765991,0.0859600231051445,0.107818603515625,0.9394022822380066,0.7760229706764221
ai_027_001_cam_00_frame.0079,train,ai_027_001,79,0.02206212840974331,0.02022942528128624,0.3945770263671875,0.9942271113395691,0.9291444420814514,0.018162034451961517,0.01477917842566967,0.5670064687728882,0.9942830801010132,0.9206019639968872,0.028219586238265038,0.02239520475268364,0.3165028989315033,0.9944356679916382,0.910834789276123,0.044864337891340256,0.0381195954978466,0.1220703125,0.9945780634880066,0.9011548161506653
ai_027_001_cam_00_frame.0086,train,ai_027_001,86,0.045633599162101746,0.042102113366127014,0.1839548796415329,0.9829966425895691,0.4893091320991516,0.03125082328915596,0.0233929343521595,0.5551401972770691,0.98333740234375,0.5019057989120483,0.044061385095119476,0.03399402275681496,0.2135874480009079,0.9833272695541382,0.5199254751205444,0.07496528327465057,0.0582142099738121,0.0628204345703125,0.9830831289291382,0.5296469926834106
ai_027_001_cam_00_frame.0092,train,ai_027_001,92,0.08858510106801987,0.08114229142665863,0.1119232177734375,0.95361328125,0.8400378227233887,0.07968404144048691,0.07051271200180054,0.20465087890625,0.9534759521484375,0.8456273078918457,0.08032721281051636,0.06459464132785797,0.2474161833524704,0.9530080556869507,0.8436934351921082,0.09594591706991196,0.07690802961587906,0.1866048276424408,0.9499410390853882,0.8367502689361572
ai_027_001_cam_00_frame.0099,train,ai_027_001,99,0.01879294589161873,0.01235160231590271,0.5285238027572632,0.9997507929801941,0.9015095233917236,0.01788419671356678,0.009896500036120415,0.64886474609375,0.9997304677963257,0.9046436548233032,0.024590838700532913,0.01647600531578064,0.4250997006893158,0.9997304677963257,0.9025294184684753,0.03528149425983429,0.026646098122000694,0.2787679135799408,0.9997406005859375,0.8872668147087097
ai_029_001_cam_00_frame.0000,train,ai_029_001,0,0.034921564161777496,0.031207863241434097,0.1924235075712204,0.9933624267578125,0.8595719933509827,0.0354960635304451,0.03181896731257439,0.113433837890625,0.9933115839958191,0.8565579056739807,0.046355895698070526,0.04074762016534805,0.1588948667049408,0.99322509765625,0.8522666096687317,0.06263568252325058,0.05570897087454796,0.1641438901424408,0.9913686513900757,0.8375138640403748
ai_029_001_cam_00_frame.0006,train,ai_029_001,6,0.027327001094818115,0.024736154824495316,0.4015960693359375,0.9926605224609375,0.8524499535560608,0.025863846763968468,0.0233207605779171,0.4426524043083191,0.9924723505973816,0.8482914566993713,0.03994970768690109,0.03629832714796066,0.2191619873046875,0.9926046133041382,0.839217483997345,0.05780033394694328,0.05252399295568466,0.1485951840877533,0.9924265742301941,0.8114942312240601
ai_029_001_cam_00_frame.0014,train,ai_029_001,14,0.021511688828468323,0.018889527767896652,0.6579539179801941,0.9928334951400757,0.7274356484413147,0.024634141474962234,0.021874338388442993,0.503387451171875,0.992950439453125,0.7178174257278442,0.03289053216576576,0.029562875628471375,0.3648223876953125,0.9930572509765625,0.693095326423645,0.041027627885341644,0.03709916025400162,0.2840423583984375,0.9931386709213257,0.6496847867965698
ai_029_001_cam_00_frame.0019,train,ai_029_001,19,0.03236813843250275,0.028942501172423363,0.2830607295036316,0.9927215576171875,0.854467511177063,0.02718973159790039,0.02395356073975563,0.3736724853515625,0.9925689697265625,0.8504301905632019,0.03574436157941818,0.032225221395492554,0.2612864375114441,0.9921061396598816,0.8370925784111023,0.05134597048163414,0.04667162895202637,0.1573486328125,0.9913076162338257,0.8121327757835388
ai_029_001_cam_00_frame.0026,train,ai_029_001,26,0.031213659793138504,0.028843173757195473,0.34140869975090027,0.9875283241271973,0.7848016023635864,0.030106760561466217,0.027735691517591476,0.42279481887817383,0.9874317049980164,0.7826445698738098,0.036306511610746384,0.032951317727565765,0.41424980759620667,0.9851682782173157,0.7660164833068848,0.04556749761104584,0.041192930191755295,0.3100159466266632,0.9844154715538025,0.7473961114883423
ai_029_001_cam_00_frame.0035,train,ai_029_001,35,0.02063571847975254,0.01888347789645195,0.5029932856559753,0.9950816035270691,0.8243696093559265,0.021916992962360382,0.019779110327363014,0.4216482937335968,0.994781494140625,0.8137707114219666,0.032400231808423996,0.029482949525117874,0.24488955736160278,0.9945017695426941,0.790378749370575,0.044872354716062546,0.04093484580516815,0.16863591969013214,0.9942678213119507,0.7503007650375366
ai_029_001_cam_00_frame.0042,train,ai_029_001,42,0.02358289062976837,0.02170686051249504,0.5237223505973816,0.9947408437728882,0.7690324187278748,0.022456292062997818,0.020537883043289185,0.5295919179916382,0.9947357177734375,0.7633373737335205,0.030073340982198715,0.02705717645585537,0.3353322446346283,0.9946645498275757,0.7432585954666138,0.03927012160420418,0.0348847359418869,0.2549794614315033,0.9943644404411316,0.7147650718688965
ai_029_001_cam_00_frame.0048,train,ai_029_001,48,0.03402039036154747,0.02718547359108925,0.27008056640625,0.9932149648666382,0.9474886655807495,0.0318075567483902,0.026183929294347763,0.2586771845817566,0.9933878779411316,0.947425365447998,0.03258700668811798,0.02879144251346588,0.25146484375,0.9935709834098816,0.9412323832511902,0.037062276154756546,0.033602360635995865,0.2708943784236908,0.9936370849609375,0.9188945293426514
ai_029_001_cam_00_frame.0056,train,ai_029_001,56,0.018214603886008263,0.0166245698928833,0.626861572265625,0.995025634765625,0.8616723418235779,0.021861892193555832,0.02007264457643032,0.506591796875,0.99505615234375,0.8528009057044983,0.0348062589764595,0.03208710998296738,0.3519694209098816,0.994537353515625,0.8336111903190613,0.048430681228637695,0.04467976838350296,0.2313639372587204,0.9915415644645691,0.7962877750396729
ai_029_001_cam_00_frame.0064,train,ai_029_001,64,0.04188818857073784,0.0325801856815815,0.2526296079158783,0.9917551875114441,0.7856947779655457,0.041746318340301514,0.03137342259287834,0.2090657651424408,0.9918162226676941,0.7711484432220459,0.045228324830532074,0.03503761813044548,0.2189534604549408,0.9899546504020691,0.7259440422058105,0.05629587173461914,0.04499726742506027,0.1726175993680954,0.9872335195541382,0.6963411569595337
ai_029_001_cam_00_frame.0069,train,ai_029_001,69,0.06436165422201157,0.057977281510829926,0.332611083984375,0.9134267568588257,0.8084204792976379,0.0681850016117096,0.061217501759529114,0.2624867856502533,0.9061431884765625,0.7980014681816101,0.07725990563631058,0.06958243995904922,0.2469329833984375,0.8979543447494507,0.788877010345459,0.08746509253978729,0.07861734181642532,0.2291615903377533,0.892547607421875,0.775015115737915
ai_029_001_cam_00_frame.0075,train,ai_029_001,75,0.03470814228057861,0.031471267342567444,0.5347341299057007,0.9906718134880066,0.8438149690628052,0.03254395350813866,0.029323412105441093,0.5332743525505066,0.9914144277572632,0.8352617621421814,0.0358036644756794,0.032071005553007126,0.3484649658203125,0.991607666015625,0.8141259551048279,0.04244744032621384,0.03791126608848572,0.2791290283203125,0.9915364980697632,0.7868730425834656
ai_029_001_cam_00_frame.0080,train,ai_029_001,80,0.041405029594898224,0.03549109399318695,0.3158671259880066,0.9901021718978882,0.8047652840614319,0.03852657228708267,0.03369758650660515,0.3312123715877533,0.9900716543197632,0.8010520339012146,0.04059379920363426,0.03621973469853401,0.3265482783317566,0.9888509511947632,0.7875900864601135,0.046587251126766205,0.041502974927425385,0.2514241635799408,0.988067626953125,0.7652488946914673
ai_029_001_cam_00_frame.0088,train,ai_029_001,88,0.028213074430823326,0.024923548102378845,0.4739176630973816,0.9871114492416382,0.8900449275970459,0.02863670513033867,0.02537357434630394,0.4537760615348816,0.9889933466911316,0.8914607763290405,0.03666931390762329,0.03302545100450516,0.2991790771484375,0.989715576171875,0.8859239816665649,0.04638117179274559,0.042295437306165695,0.2020111083984375,0.98809814453125,0.8725735545158386
ai_029_001_cam_00_frame.0093,train,ai_029_001,93,0.02519182488322258,0.02308659814298153,0.5706634521484375,0.9895426630973816,0.887712299823761,0.026193028315901756,0.02404010109603405,0.5417429804801941,0.9903208613395691,0.8864522576332092,0.03392070531845093,0.03110763058066368,0.3470713496208191,0.9908345937728882,0.8820586800575256,0.043021898716688156,0.03956426680088043,0.2215830534696579,0.9911397695541382,0.8640845417976379
ai_029_001_cam_00_frame.0099,train,ai_029_001,99,0.021291133016347885,0.018716808408498764,0.4848124384880066,0.9939066767692566,0.8625373244285583,0.02334269881248474,0.020901739597320557,0.4890340268611908,0.994049072265625,0.8557846546173096,0.03481503576040268,0.03197430446743965,0.3518524169921875,0.9940643310546875,0.8261061310768127,0.04795680567622185,0.04409869760274887,0.2289174497127533,0.9909566640853882,0.7894167304039001
ai_031_001_cam_00_frame.0000,train,ai_031_001,0,0.057384781539440155,0.04923629015684128,0.2412923276424408,0.9406687617301941,0.627731204032898,0.05891726538538933,0.05061715468764305,0.2222951352596283,0.9405924677848816,0.6211022734642029,0.06544587016105652,0.05637463182210922,0.1925455778837204,0.9399007558822632,0.6157479286193848,0.07365421950817108,0.06392352283000946,0.1731618344783783,0.93756103515625,0.6133021712303162
ai_031_001_cam_00_frame.0007,train,ai_031_001,7,0.09902478754520416,0.07930564880371094,0.146759033203125,0.8915303945541382,0.7515766024589539,0.09138878434896469,0.07297369837760925,0.1992391049861908,0.9178009033203125,0.743206799030304,0.08433797210454941,0.07037806510925293,0.2101186215877533,0.9349874258041382,0.735016405582428,0.08764511346817017,0.07507061213254929,0.1281229704618454,0.9387410879135132,0.7312762141227722
ai_031_001_cam_00_frame.0013,train,ai_031_001,13,0.08623409271240234,0.07678288221359253,0.1010996550321579,0.9117025136947632,0.7479864358901978,0.07819806784391403,0.0680597797036171,0.0897674560546875,0.9504191279411316,0.745307981967926,0.0684775561094284,0.05414491146802902,0.1652120053768158,0.9706929922103882,0.7402575016021729,0.06675736606121063,0.049484916031360626,0.2230224609375,0.9692942500114441,0.7422841191291809
ai_031_001_cam_00_frame.0020,train,ai_031_001,20,0.12632568180561066,0.09596462547779083,0.05941342934966087,0.9085240364074707,0.6283071637153625,0.12091271579265594,0.09130953997373581,0.06643117219209671,0.9204098582267761,0.6314504742622375,0.11205627024173737,0.08278173208236694,0.12647071480751038,0.9384629726409912,0.6279357671737671,0.1063266396522522,0.08252261579036713,0.12118523567914963,0.944750189781189,0.6232638359069824
ai_031_001_cam_00_frame.0026,train,ai_031_001,26,0.04720589146018028,0.038931332528591156,0.21358968317508698,0.9775342345237732,0.7541763782501221,0.045023638755083084,0.035283640027046204,0.27797406911849976,0.9781574010848999,0.7468786239624023,0.04723866656422615,0.03461579605937004,0.31810036301612854,0.9798930883407593,0.7298977971076965,0.05451298877596855,0.04065610095858574,0.22624921798706055,0.9773127436637878,0.7123238444328308
ai_031_001_cam_00_frame.0033,train,ai_031_001,33,0.09511233866214752,0.08530636131763458,0.18890173733234406,0.8659936189651489,0.7242955565452576,0.08663611114025116,0.0757758766412735,0.31662243604660034,0.8775258660316467,0.7108763456344604,0.08816846460103989,0.07552731037139893,0.37918898463249207,0.8605280518531799,0.714859664440155,0.10726386308670044,0.09102395921945572,0.25609850883483887,0.867165207862854,0.7286486625671387
ai_031_001_cam_00_frame.0040,train,ai_031_001,40,0.04880573973059654,0.04319947585463524,0.37516653537750244,0.9324824213981628,0.572495698928833,0.04649588093161583,0.03949585556983948,0.4566364586353302,0.933691680431366,0.5660803914070129,0.0500878281891346,0.03999526798725128,0.5190301537513733,0.9290494322776794,0.5610043406486511,0.05744584649801254,0.046648237854242325,0.34987497329711914,0.9223268628120422,0.5623510479927063
ai_031_001_cam_00_frame.0046,train,ai_031_001,46,0.07621877640485764,0.06681892275810242,0.1413116455078125,0.9381815791130066,0.7264891266822815,0.07577678561210632,0.06509143114089966,0.1460367888212204,0.9385935664176941,0.7196851968765259,0.07871449738740921,0.06521715223789215,0.1931661069393158,0.9394683837890625,0.704181969165802,0.08471282571554184,0.06810253858566284,0.2617289423942566,0.9158834218978882,0.6873470544815063
ai_031_001_cam_00_frame.0053,train,ai_031_001,53,0.0551476776599884,0.045523952692747116,0.1910848617553711,0.9626640677452087,0.5798721313476562,0.0516679510474205,0.04049123451113701,0.2682091295719147,0.961914598941803,0.5714119076728821,0.04983432963490486,0.035050056874752045,0.39569589495658875,0.9605737328529358,0.5574442744255066,0.05343543365597725,0.03601048141717911,0.32141655683517456,0.959156334400177,0.5490043759346008
ai_031_001_cam_00_frame.0059,train,ai_031_001,59,0.10415836423635483,0.06576122343540192,0.2150849848985672,0.9223217368125916,0.47936317324638367,0.10117867588996887,0.06418988853693008,0.2400791347026825,0.9221437573432922,0.4858008027076721,0.0977124348282814,0.06445389240980148,0.25254061818122864,0.9211112260818481,0.49331822991371155,0.09575772285461426,0.06804730743169785,0.22052733600139618,0.918003499507904,0.5064877271652222
ai_031_001_cam_00_frame.0066,train,ai_031_001,66,0.06997504830360413,0.06434574723243713,0.1209513396024704,0.9704386591911316,0.5951111912727356,0.06357260793447495,0.05744890123605728,0.1584421843290329,0.9713491201400757,0.5986166596412659,0.05969410389661789,0.052055299282073975,0.2452596127986908,0.959442138671875,0.6060112714767456,0.06308799982070923,0.05399635061621666,0.2245330810546875,0.9564921259880066,0.6064485907554626
ai_031_001_cam_00_frame.0073,train,ai_031_001,73,0.07920541614294052,0.07518625259399414,0.10327936708927155,0.9784427881240845,0.763051450252533,0.06964815407991409,0.06440942734479904,0.17268162965774536,0.9804062247276306,0.7623941898345947,0.0648716539144516,0.057135798037052155,0.11483623087406158,0.9802078604698181,0.7500177025794983,0.06848221272230148,0.057542163878679276,0.13194772601127625,0.9694444537162781,0.7397550344467163
ai_031_001_cam_00_frame.0079,train,ai_031_001,79,0.06448066979646683,0.05754494294524193,0.17907153069972992,0.9654989838600159,0.7488685846328735,0.060151804238557816,0.052554983645677567,0.17767785489559174,0.966312825679779,0.7449405193328857,0.059707190841436386,0.05077807232737541,0.13643230497837067,0.9662365317344666,0.7306371927261353,0.06706387549638748,0.055900562554597855,0.16955488920211792,0.9645732641220093,0.7284364700317383
ai_031_001_cam_00_frame.0086,train,ai_031_001,86,0.08361393213272095,0.07885031402111053,0.1741739958524704,0.91180419921875,0.6751419305801392,0.07778394222259521,0.07185627520084381,0.1968434751033783,0.9364217519760132,0.6737658381462097,0.07227469980716705,0.06219641491770744,0.2157491147518158,0.9445953369140625,0.6654993891716003,0.07831095904111862,0.06291685998439789,0.1486765593290329,0.9417877197265625,0.6559482216835022
ai_031_001_cam_00_frame.0092,train,ai_031_001,92,0.09425628930330276,0.08883753418922424,0.33211320638656616,0.8975446224212646,0.6353868842124939,0.08971649408340454,0.0835590586066246,0.4101880192756653,0.8989344835281372,0.6312693953514099,0.08632414042949677,0.07835341989994049,0.41713714599609375,0.9005890488624573,0.5934137105941772,0.08695764094591141,0.07784539461135864,0.32928264141082764,0.9004210233688354,0.6022701859474182
ai_031_001_cam_00_frame.0099,train,ai_031_001,99,0.06114929914474487,0.054132889956235886,0.3250885009765625,0.9265798330307007,0.7742060422897339,0.056687675416469574,0.04850166290998459,0.3263600766658783,0.9406229853630066,0.7615922093391418,0.06220428645610809,0.05195143446326256,0.1850331723690033,0.9450327754020691,0.7516279816627502,0.07362896203994751,0.06145074591040611,0.1661224365234375,0.9269307851791382,0.7508880496025085
ai_033_001_cam_00_frame.0000,train,ai_033_001,0,0.02034333534538746,0.01799263060092926,0.6587819457054138,0.9959172606468201,0.8209986686706543,0.015833010897040367,0.01397327147424221,0.6971749663352966,0.9959223866462708,0.8167511224746704,0.02039055898785591,0.018662506714463234,0.40470820665359497,0.9959788918495178,0.8028415441513062,0.02974078059196472,0.027450039982795715,0.2704559862613678,0.9965797066688538,0.796933114528656
ai_033_001_cam_00_frame.0007,train,ai_033_001,7,0.03652246296405792,0.033057935535907745,0.4491693377494812,0.9929636120796204,0.8505852222442627,0.034004271030426025,0.030856933444738388,0.5370277166366577,0.9935389161109924,0.8497014045715332,0.03785807639360428,0.03439959138631821,0.24132540822029114,0.9940837025642395,0.8456975221633911,0.04512955620884895,0.04138417914509773,0.16973936557769775,0.9888089299201965,0.8347488641738892
ai_033_001_cam_00_frame.0013,train,ai_033_001,13,0.024920092895627022,0.022138768807053566,0.5876734852790833,0.9889264702796936,0.8107584714889526,0.024794431403279305,0.022147824987769127,0.5360447764396667,0.9892728328704834,0.8132910132408142,0.03379547968506813,0.0304871778935194,0.1655571013689041,0.9927823543548584,0.8126973509788513,0.04454657807946205,0.04047178477048874,0.10356806218624115,0.9929096698760986,0.8089179396629333
ai_033_001_cam_00_frame.0020,train,ai_033_001,20,0.01425164844840765,0.013047348707914352,0.49503645300865173,0.9991156458854675,0.7943705320358276,0.01313039194792509,0.012095477432012558,0.5576201677322388,0.9991156458854675,0.7946824431419373,0.015102471224963665,0.01387453731149435,0.6020569801330566,0.9989878535270691,0.784960150718689,0.02048540860414505,0.018723320215940475,0.4211965799331665,0.998870313167572,0.7788366079330444
ai_033_001_cam_00_frame.0026,train,ai_033_001,26,0.011617670767009258,0.01042870432138443,0.7129415273666382,0.9947103261947632,0.7525144815444946,0.013322258368134499,0.012028197757899761,0.6419321894645691,0.9947408437728882,0.750231921672821,0.022457104176282883,0.020687121897935867,0.2962290644645691,0.9947357177734375,0.7472289800643921,0.034625642001628876,0.032040562480688095,0.1634267270565033,0.9978994131088257,0.7460373640060425
ai_033_001_cam_00_frame.0033,train,ai_033_001,33,0.021678518503904343,0.0196521133184433,0.3937886655330658,0.998443603515625,0.7866722345352173,0.020644716918468475,0.01901032030582428,0.5881195068359375,0.9986572265625,0.7858189344406128,0.030012985691428185,0.02707579731941223,0.5345052480697632,0.9787394404411316,0.7614074945449829,0.04127000272274017,0.036979932337999344,0.2670491635799408,0.968414306640625,0.7394283413887024
ai_033_001_cam_00_frame.0040,train,ai_033_001,40,0.018614916130900383,0.016814429312944412,0.5095164179801941,0.9996490478515625,0.696257472038269,0.016939396038651466,0.014975560829043388,0.5228780508041382,0.9996236562728882,0.6966004371643066,0.023229358717799187,0.020421426743268967,0.5043742060661316,0.9995574951171875,0.6796823740005493,0.0312875360250473,0.027093570679426193,0.5291951894760132,0.99945068359375,0.6565248370170593
ai_033_001_cam_00_frame.0046,train,ai_033_001,46,0.024218592792749405,0.02087247557938099,0.309940904378891,0.9892778396606445,0.7442278861999512,0.020491091534495354,0.016594145447015762,0.504231870174408,0.9894609451293945,0.7479963302612305,0.02569686993956566,0.020153401419520378,0.4117353856563568,0.9928891658782959,0.739756166934967,0.03924679756164551,0.031553659588098526,0.21000804007053375,0.9931994676589966,0.7177699208259583
ai_033_001_cam_00_frame.0053,train,ai_033_001,53,0.01613708958029747,0.0146260354667902,0.4143168330192566,0.9993082880973816,0.7964071035385132,0.01438739150762558,0.0124406348913908,0.4409993588924408,0.9993337392807007,0.7931793332099915,0.02168605476617813,0.018536031246185303,0.3159891963005066,0.9993032217025757,0.7926904559135437,0.03301485627889633,0.028538307175040245,0.1915283203125,0.9993337392807007,0.7819124460220337
ai_033_001_cam_00_frame.0059,train,ai_033_001,59,0.010386324487626553,0.008811513893306255,0.8085705637931824,0.9987526535987854,0.7726807594299316,0.010902808979153633,0.009352813474833965,0.8038612008094788,0.9987017512321472,0.7664864659309387,0.013855983503162861,0.012052947655320168,0.7084366679191589,0.9984421133995056,0.7490015625953674,0.01784125529229641,0.015618178993463516,0.616779625415802,0.995769202709198,0.7359801530838013
ai_033_001_cam_00_frame.0066,train,ai_033_001,66,0.021664798259735107,0.018924834206700325,0.4296976923942566,0.99761962890625,0.7819921374320984,0.01977260410785675,0.014663217589259148,0.5896657705307007,0.9976348876953125,0.7807772159576416,0.0388958677649498,0.027689537033438683,0.2575480341911316,0.9971364736557007,0.7629019618034363,0.06512521207332611,0.04929608106613159,0.1022847518324852,0.9962107539176941,0.7205965518951416
ai_033_001_cam_00_frame.0073,train,ai_033_001,73,0.02798004075884819,0.024370675906538963,0.4676412045955658,0.9942067861557007,0.8340351581573486,0.02389996312558651,0.02019296959042549,0.5960642695426941,0.9942169189453125,0.8384079933166504,0.03166205808520317,0.02641439437866211,0.41748046875,0.9940948486328125,0.842636227607727,0.04586118459701538,0.039792485535144806,0.339996337890625,0.99322509765625,0.8317524194717407
ai_033_001_cam_00_frame.0079,train,ai_033_001,79,0.016775114461779594,0.014352744445204735,0.6220601797103882,0.9978587031364441,0.8320071697235107,0.016089022159576416,0.013952488079667091,0.6348165273666382,0.99798583984375,0.8333649635314941,0.019987715408205986,0.017765238881111145,0.5612386465072632,0.9977366328239441,0.829333484172821,0.026939071714878082,0.02422080934047699,0.4890289306640625,0.9895579218864441,0.8186649084091187
ai_033_001_cam_00_frame.0086,train,ai_033_001,86,0.04199647530913353,0.035698600113391876,0.6731058955192566,0.9883270263671875,0.8096368908882141,0.04079262539744377,0.03446700796484947,0.7625274658203125,0.9882609248161316,0.8079893589019775,0.048802219331264496,0.041388168931007385,0.5193023681640625,0.988067626953125,0.7996549010276794,0.06045834347605705,0.051688507199287415,0.3812662959098816,0.9875946044921875,0.7888718843460083
ai_033_001_cam_00_frame.0092,train,ai_033_001,92,0.0812973901629448,0.074827179312706,0.16515913605690002,0.9590408802032471,0.8695206046104431,0.07077189534902573,0.06507289409637451,0.201499342918396,0.9569806456565857,0.8799580931663513,0.060515254735946655,0.053920648992061615,0.11671662330627441,0.9563625454902649,0.9041826725006104,0.06515282392501831,0.05543616786599159,0.15753620862960815,0.9538835883140564,0.9061933755874634
ai_033_001_cam_00_frame.0099,train,ai_033_001,99,0.028945326805114746,0.026911955326795578,0.3700103759765625,0.9957377314567566,0.8475291132926941,0.029937727376818657,0.027153387665748596,0.3011678159236908,0.9957174062728882,0.8442488312721252,0.043337248265743256,0.03617042303085327,0.1446329802274704,0.9954580068588257,0.8371070027351379,0.06254519522190094,0.05063489079475403,0.069549560546875,0.993011474609375,0.8192481994628906
ai_035_001_cam_00_frame.0000,train,ai_035_001,0,0.049565862864255905,0.04318268597126007,0.20159912109375,0.9112548828125,0.7502797245979309,0.04274594783782959,0.037664495408535004,0.2345682829618454,0.91717529296875,0.7447798252105713,0.03838074207305908,0.03243964910507202,0.4141133725643158,0.9969838857650757,0.7319855690002441,0.04245365783572197,0.03841375559568405,0.1776123046875,0.9970194697380066,0.7073960900306702
ai_035_001_cam_00_frame.0007,train,ai_035_001,7,0.006513625383377075,0.005909251980483532,0.9248301386833191,0.999420166015625,0.8894142508506775,0.006908640265464783,0.00626049330458045,0.8546905517578125,0.999420166015625,0.8825247287750244,0.01234154962003231,0.010955790989100933,0.5821126699447632,0.9993743896484375,0.8567967414855957,0.018750686198472977,0.016542453318834305,0.4033050537109375,0.999359130859375,0.8375646471977234
ai_035_001_cam_00_frame.0013,train,ai_035_001,13,0.029501674696803093,0.02856508269906044,0.5347036123275757,0.9973602294921875,0.46102234721183777,0.02342616580426693,0.0207113865762949,0.6079203486442566,0.9974924921989441,0.45922181010246277,0.022830678150057793,0.01715535670518875,0.4428202509880066,0.9982249140739441,0.45464515686035156,0.028656624257564545,0.02226090244948864,0.2170969694852829,0.9995066523551941,0.4460226595401764
ai_035_001_cam_00_frame.0020,train,ai_035_001,20,0.040043994784355164,0.023004569113254547,0.3234507441520691,0.9909159541130066,0.7214263677597046,0.03249254822731018,0.020431138575077057,0.5454305410385132,0.9909719228744507,0.7102314829826355,0.03095141053199768,0.022653654217720032,0.5232900381088257,0.9909108877182007,0.6906346678733826,0.05280663073062897,0.030107079073786736,0.3657989501953125,0.98773193359375,0.5702043771743774
ai_035_001_cam_00_frame.0026,train,ai_035_001,26,0.01869709976017475,0.016853217035531998,0.6817525625228882,0.9874624013900757,0.506355881690979,0.01929464191198349,0.017303090542554855,0.7478536367416382,0.9875742793083191,0.46888694167137146,0.03238935023546219,0.028845034539699554,0.2163798063993454,0.9720866084098816,0.437887042760849,0.04542715474963188,0.041330624371767044,0.1026662215590477,0.9661102294921875,0.42166057229042053
ai_035_001_cam_00_frame.0033,train,ai_035_001,33,0.017127614468336105,0.01451700460165739,0.7473195791244507,0.9863027334213257,0.5053380131721497,0.017092637717723846,0.013827118091285229,0.8080088496208191,0.9862620234489441,0.48877042531967163,0.02743595466017723,0.023784233257174492,0.40924072265625,0.9861806631088257,0.45857566595077515,0.039297644048929214,0.03466004878282547,0.2992401123046875,0.98211669921875,0.4429149627685547
ai_035_001_cam_00_frame.0040,train,ai_035_001,40,0.042237408459186554,0.040943607687950134,0.1156819686293602,0.9950002431869507,0.7647412419319153,0.03883509337902069,0.03740045055747032,0.2291412353515625,0.9940897822380066,0.7628606557846069,0.03395902365446091,0.03140439838171005,0.2524363398551941,0.9873504638671875,0.7371968626976013,0.03569565340876579,0.031382471323013306,0.2078704833984375,0.9862518310546875,0.6936748027801514
ai_035_001_cam_00_frame.0046,train,ai_035_001,46,0.010840971022844315,0.009580293670296669,0.76171875,0.9972178339958191,0.7059763669967651,0.01118384674191475,0.010163575410842896,0.7337087392807007,0.9972280263900757,0.7047169208526611,0.017424171790480614,0.015756845474243164,0.5036773681640625,0.9971771240234375,0.6947420835494995,0.024682827293872833,0.022356152534484863,0.3520304560661316,0.9945170283317566,0.6647627353668213
ai_035_001_cam_00_frame.0053,train,ai_035_001,53,0.01661083474755287,0.015488751232624054,0.5719655752182007,0.9927775263786316,0.7613791823387146,0.015482473187148571,0.013839483261108398,0.5870819091796875,0.9913584589958191,0.7519325613975525,0.021494563668966293,0.019061483442783356,0.4306132197380066,0.9898427724838257,0.7307019233703613,0.02911219745874405,0.02591010555624962,0.3285369873046875,0.9888407588005066,0.6984401941299438
ai_035_001_cam_00_frame.0059,train,ai_035_001,59,0.004639932420104742,0.0034396720584481955,0.9641851782798767,0.9995511770248413,0.9131706953048706,0.009700141847133636,0.007371682208031416,0.7505900263786316,0.9995247721672058,0.898939311504364,0.021809276193380356,0.017852067947387695,0.41273874044418335,0.9995247721672058,0.8913207650184631,0.03389289230108261,0.028666596859693527,0.2769666910171509,0.9994983673095703,0.8532766103744507
ai_035_001_cam_00_frame.0066,train,ai_035_001,66,0.04911802336573601,0.047262679785490036,0.1267751157283783,0.9888814687728882,0.7924652695655823,0.03989144414663315,0.0369514562189579,0.21429443359375,0.9884135127067566,0.7754648923873901,0.03581318259239197,0.02928900718688965,0.1876068115234375,0.986968994140625,0.7358174324035645,0.04221554845571518,0.03279978781938553,0.2684173583984375,0.9860484004020691,0.7134670615196228
ai_035_001_cam_00_frame.0073,train,ai_035_001,73,0.042928777635097504,0.040980707854032516,0.092559814453125,0.9927114248275757,0.7150693535804749,0.03947603702545166,0.03692883998155594,0.1230824813246727,0.9927215576171875,0.710289478302002,0.03765755146741867,0.033256806433200836,0.2329152524471283,0.9840087890625,0.6778130531311035,0.04070163890719414,0.034835439175367355,0.2977803647518158,0.980865478515625,0.6648703217506409
ai_035_001_cam_00_frame.0079,train,ai_035_001,79,0.04080897197127342,0.03276754543185234,0.2751973569393158,0.9996694326400757,0.6719940900802612,0.03637967258691788,0.030336931347846985,0.3055216670036316,0.9996592402458191,0.6361681222915649,0.03939436376094818,0.029861312359571457,0.263214111328125,0.9996439814567566,0.6098911166191101,0.048009924590587616,0.0381738543510437,0.1768239438533783,0.9996337890625,0.5620787739753723
ai_035_001_cam_00_frame.0086,train,ai_035_001,86,0.00616634264588356,0.005286220461130142,0.8566793203353882,0.9992167353630066,0.7290614247322083,0.0072952257469296455,0.005885864607989788,0.8496297597885132,0.9992167353630066,0.7244709134101868,0.014455534517765045,0.012336252257227898,0.6040903925895691,0.9991912841796875,0.6938135027885437,0.021607156842947006,0.01862877607345581,0.4582366943359375,0.9991811513900757,0.6705294251441956
ai_035_001_cam_00_frame.0092,train,ai_035_001,92,0.015448960475623608,0.012675976380705833,0.5208190083503723,0.9962552189826965,0.6963965892791748,0.012451564893126488,0.011218829080462456,0.6737746596336365,0.9962241649627686,0.6579728722572327,0.01832781359553337,0.016504203900694847,0.4831329882144928,0.9932615160942078,0.6306965947151184,0.028088076040148735,0.025373291224241257,0.332865446805954,0.9922618269920349,0.6007079482078552
ai_035_001_cam_00_frame.0099,train,ai_035_001,99,0.02569442242383957,0.02094409056007862,0.7312594056129456,0.9375699758529663,0.748327374458313,0.03085396997630596,0.026385903358459473,0.3651216924190521,0.9865134954452515,0.7396684885025024,0.04354611411690712,0.03860882669687271,0.23924557864665985,0.9954460263252258,0.7060736417770386,0.055439293384552,0.0498957596719265,0.19135934114456177,0.9958173632621765,0.6694479584693909
ai_036_002_cam_00_frame.0000,train,ai_036_002,0,0.06882836669683456,0.05899583920836449,0.2542317807674408,0.9565175771713257,0.8717377781867981,0.06675969809293747,0.05538491532206535,0.3309478759765625,0.9644826650619507,0.874104917049408,0.0709119364619255,0.05639829486608505,0.2257588803768158,0.9613698720932007,0.8743736147880554,0.0804581269621849,0.06247826665639877,0.1801656186580658,0.9579366445541382,0.8734873533248901
ai_036_002_cam_00_frame.0007,train,ai_036_002,7,0.069057896733284,0.059301525354385376,0.176116943359375,0.9585368037223816,0.8598886132240295,0.0677376538515091,0.05698750540614128,0.21734619140625,0.9576467275619507,0.8650952577590942,0.07397376000881195,0.06143219396471977,0.1850077360868454,0.9550832509994507,0.8657505512237549,0.08402420580387115,0.06998186558485031,0.0965779647231102,0.9475352168083191,0.8631675839424133
ai_036_002_cam_00_frame.0013,train,ai_036_002,13,0.07551365345716476,0.06514060497283936,0.1098276823759079,0.9689077138900757,0.8989584445953369,0.0681135505437851,0.0562744103372097,0.1330718994140625,0.9714152216911316,0.8969701528549194,0.06432996690273285,0.047998905181884766,0.3038177490234375,0.9744008779525757,0.8857166767120361,0.07174399495124817,0.05261274427175522,0.2294057309627533,0.9731038808822632,0.8722625374794006
ai_036_002_cam_00_frame.0020,train,ai_036_002,20,0.03228086978197098,0.028716251254081726,0.3223775327205658,0.991424560546875,0.8242993354797363,0.027200639247894287,0.02192816697061062,0.4594523310661316,0.991607666015625,0.820076048374176,0.02840874157845974,0.01806468516588211,0.66949462890625,0.9916229248046875,0.8103759288787842,0.03956165164709091,0.028666099533438683,0.43011474609375,0.991424560546875,0.8043717741966248
ai_036_002_cam_00_frame.0026,train,ai_036_002,26,0.05161416530609131,0.046548306941986084,0.2002970427274704,0.9650370478630066,0.7275107502937317,0.04374072700738907,0.03712080791592598,0.2902323603630066,0.9809468984603882,0.740056037902832,0.03868464380502701,0.02637740597128868,0.4033966064453125,0.9885661005973816,0.7337033748626709,0.04560454189777374,0.030391421169042587,0.2256876677274704,0.9915008544921875,0.7201115489006042
ai_036_002_cam_00_frame.0033,train,ai_036_002,33,0.033120814710855484,0.03007843904197216,0.2404378354549408,0.9962667226791382,0.7235172390937805,0.025200873613357544,0.019085653126239777,0.4193318784236908,0.9965108633041382,0.7439862489700317,0.030471941456198692,0.01788913831114769,0.3836873471736908,0.9967803955078125,0.7509637475013733,0.04800369590520859,0.03472922369837761,0.1976470947265625,0.994476318359375,0.7237921953201294
ai_036_002_cam_00_frame.0040,train,ai_036_002,40,0.03721611574292183,0.031768109649419785,0.2579270005226135,0.9943846464157104,0.8688070774078369,0.028478574007749557,0.021379200741648674,0.41891902685165405,0.9944100975990295,0.8662932515144348,0.030799129977822304,0.018550585955381393,0.43817582726478577,0.9943185448646545,0.8538256883621216,0.047508805990219116,0.03461996093392372,0.2132284790277481,0.994674563407898,0.8502313494682312
ai_036_002_cam_00_frame.0046,train,ai_036_002,46,0.0684674084186554,0.04415323585271835,0.2072194516658783,0.9703267812728882,0.8729093670845032,0.06596750766038895,0.04010356217622757,0.2172698974609375,0.9704081416130066,0.8738811016082764,0.0674501582980156,0.0386304073035717,0.278045654296875,0.9691009521484375,0.8715553879737854,0.07190313190221786,0.046375930309295654,0.2972208857536316,0.9562429189682007,0.8683027625083923
ai_036_002_cam_00_frame.0053,train,ai_036_002,53,0.03284232318401337,0.029848143458366394,0.2706248164176941,0.9985758662223816,0.8025621175765991,0.027498047798871994,0.02325676940381527,0.370086669921875,0.9988759756088257,0.8082959651947021,0.026639461517333984,0.019716069102287292,0.4628652036190033,0.9993032217025757,0.7972308993339539,0.03482472896575928,0.024338480085134506,0.3848215937614441,0.9758657217025757,0.7803099751472473
ai_036_002_cam_00_frame.0059,train,ai_036_002,59,0.06902161240577698,0.06369289010763168,0.0726827010512352,0.9839732050895691,0.8277857899665833,0.05659975856542587,0.05287575349211693,0.0929972380399704,0.9830068349838257,0.8238149881362915,0.04362236708402634,0.036915481090545654,0.3080902099609375,0.9819132685661316,0.8045807480812073,0.05410647392272949,0.04337170720100403,0.2412923276424408,0.9687246084213257,0.7672216892242432
ai_036_002_cam_00_frame.0066,train,ai_036_002,66,0.06503839045763016,0.06183978170156479,0.1461283415555954,0.9253286123275757,0.7117758989334106,0.053759440779685974,0.04842352867126465,0.2297465056180954,0.9360148310661316,0.7314338684082031,0.043560754507780075,0.03304246813058853,0.327301025390625,0.9864603877067566,0.750970721244812,0.05166953057050705,0.036286067217588425,0.1912689208984375,0.9835714101791382,0.7696105241775513
ai_036_002_cam_00_frame.0073,train,ai_036_002,73,0.04206386208534241,0.03846193104982376,0.2282562255859375,0.98223876953125,0.7848806381225586,0.03573698550462723,0.03032325766980648,0.3473968505859375,0.9825439453125,0.7998217344284058,0.03394026309251785,0.02349136397242546,0.5042877197265625,0.9821268916130066,0.8196535110473633,0.043291013687849045,0.030878189951181412,0.3647003173828125,0.9811655879020691,0.8222589492797852
ai_036_002_cam_00_frame.0079,train,ai_036_002,79,0.05658526346087456,0.047511495649814606,0.2586314082145691,0.9456838369369507,0.6965518593788147,0.05309462547302246,0.04050813615322113,0.3319041132926941,0.9518076777458191,0.7090687155723572,0.056035034358501434,0.039852142333984375,0.3484242856502533,0.9556478261947632,0.7235869765281677,0.0639420673251152,0.044195979833602905,0.3057708740234375,0.9570058584213257,0.7306264638900757
ai_036_002_cam_00_frame.0086,train,ai_036_002,86,0.04826613888144493,0.04107203334569931,0.2709554135799408,0.9919027090072632,0.7407503128051758,0.04182375222444534,0.03430747240781784,0.2940572202205658,0.9917501211166382,0.7463828325271606,0.03992701321840286,0.03051629289984703,0.350921630859375,0.9914703369140625,0.7656217217445374,0.05008772760629654,0.037977591156959534,0.1856231689453125,0.9914194941520691,0.7762178778648376
ai_036_002_cam_00_frame.0092,train,ai_036_002,92,0.05740153789520264,0.05388277769088745,0.1589711606502533,0.964874267578125,0.7620904445648193,0.04875115677714348,0.043393075466156006,0.2608286738395691,0.9660136103630066,0.7941209673881531,0.04629206657409668,0.036119841039180756,0.312255859375,0.9686991572380066,0.8155175447463989,0.05840243026614189,0.0454043410718441,0.181976318359375,0.9675140380859375,0.811854898929596
ai_036_002_cam_00_frame.0099,train,ai_036_002,99,0.034679826349020004,0.029522310942411423,0.3271484375,0.9870809316635132,0.6816154718399048,0.03221733868122101,0.024877198040485382,0.3549296259880066,0.9873301386833191,0.6922500729560852,0.04103529825806618,0.029421156272292137,0.3021443784236908,0.9854278564453125,0.7091217637062073,0.055634789168834686,0.04257912188768387,0.1944427490234375,0.98321533203125,0.7136839628219604
ai_037_001_cam_00_frame.0000,train,ai_037_001,0,0.0334242582321167,0.030053894966840744,0.5543619990348816,0.9767659902572632,0.8640600442886353,0.029909975826740265,0.02669428288936615,0.6572316884994507,0.9768829345703125,0.8671231269836426,0.03621440753340721,0.03299691528081894,0.3803202509880066,0.9770101308822632,0.8651819825172424,0.0475764125585556,0.043535709381103516,0.266326904296875,0.977142333984375,0.8598096370697021
ai_037_001_cam_00_frame.0007,train,ai_037_001,7,0.028378020972013474,0.024019107222557068,0.6931508779525757,0.9834238886833191,0.8187913298606873,0.026130713522434235,0.022016581147909164,0.6884307861328125,0.9828237295150757,0.8220973014831543,0.028843358159065247,0.024823229759931564,0.4851481318473816,0.9827423095703125,0.8182745575904846,0.03769668564200401,0.03313181921839714,0.3583730161190033,0.9824575185775757,0.808554470539093
ai_037_001_cam_00_frame.0013,train,ai_037_001,13,0.023960217833518982,0.018223030492663383,0.4541727900505066,0.996673583984375,0.7685544490814209,0.0208577923476696,0.015643086284399033,0.4831797480583191,0.9966583251953125,0.7519598603248596,0.021904228255152702,0.01733306236565113,0.4607340693473816,0.9966481924057007,0.7236125469207764,0.029929503798484802,0.02596930041909218,0.2985076904296875,0.9966074824333191,0.6809942722320557
ai_037_001_cam_00_frame.0020,train,ai_037_001,20,0.02055012807250023,0.015684086829423904,0.55987548828125,0.9954376220703125,0.7885598540306091,0.017790870741009712,0.013281309977173805,0.6217092275619507,0.9954783320426941,0.7900799512863159,0.01663607358932495,0.012991557829082012,0.7061411738395691,0.9955393671989441,0.7935463786125183,0.01982751302421093,0.01624872162938118,0.5767771601676941,0.99554443359375,0.7868965268135071
ai_037_001_cam_00_frame.0026,train,ai_037_001,26,0.09730449318885803,0.08472447097301483,0.1775868833065033,0.8553975820541382,0.8810304403305054,0.09621544927358627,0.07809369266033173,0.28662109375,0.871551513671875,0.8757349848747253,0.09480783343315125,0.07333865761756897,0.2483774870634079,0.9026286005973816,0.8426687121391296,0.09769805520772934,0.07425367832183838,0.2147115170955658,0.909912109375,0.7949336767196655
ai_037_001_cam_00_frame.0033,train,ai_037_001,33,0.05058369040489197,0.04565123841166496,0.42532625794410706,0.9502633213996887,0.8185312151908875,0.048174623399972916,0.042014431208372116,0.595319390296936,0.950166642665863,0.8216960430145264,0.06001337245106697,0.05076475813984871,0.3268652558326721,0.950136125087738,0.8096571564674377,0.07770345360040665,0.06591745465993881,0.13516828417778015,0.9490117430686951,0.7892551422119141
ai_037_001_cam_00_frame.0040,train,ai_037_001,40,0.0238923579454422,0.01925479620695114,0.5503082275390625,0.990966796875,0.8060300350189209,0.024175088852643967,0.02062383107841015,0.5239614248275757,0.9910888671875,0.8059948682785034,0.03116510435938835,0.028317993506789207,0.3905487060546875,0.9912211298942566,0.8023563623428345,0.04091508314013481,0.037482842803001404,0.2317148894071579,0.9909210205078125,0.7977607250213623
ai_037_001_cam_00_frame.0046,train,ai_037_001,46,0.04163771867752075,0.037651896476745605,0.4743017554283142,0.9597604870796204,0.8114814162254333,0.03784364089369774,0.033480435609817505,0.573516845703125,0.9546687602996826,0.8057476282119751,0.04056307673454285,0.03606567904353142,0.34667178988456726,0.9550510048866272,0.8029637336730957,0.050792671740055084,0.04521021619439125,0.20194190740585327,0.9551325440406799,0.7983816266059875
ai_037_001_cam_00_frame.0053,train,ai_037_001,53,0.03710684925317764,0.030096828937530518,0.5469716787338257,0.97265625,0.8388092517852783,0.03600611537694931,0.029540952295064926,0.5552978515625,0.9727376699447632,0.8411396145820618,0.041737429797649384,0.03664064407348633,0.3833262324333191,0.9727732539176941,0.835475504398346,0.05087282881140709,0.04608176276087761,0.2604878842830658,0.970672607421875,0.8308897614479065
ai_037_001_cam_00_frame.0059,train,ai_037_001,59,0.0532679446041584,0.05035178363323212,0.5536012053489685,0.9413450956344604,0.6694244742393494,0.05266682431101799,0.049040790647268295,0.6079757809638977,0.9411909580230713,0.6703041791915894,0.06509985029697418,0.059789277613162994,0.32628342509269714,0.9410573244094849,0.6534169316291809,0.08159931004047394,0.07500360161066055,0.19153395295143127,0.9407079219818115,0.6542410254478455
ai_037_001_cam_00_frame.0066,train,ai_037_001,66,0.03646168112754822,0.03210953623056412,0.5658518671989441,0.9728139638900757,0.8537787795066833,0.0348130539059639,0.029644062742590904,0.6244964599609375,0.9729716181755066,0.8511351346969604,0.04594184085726738,0.0405040867626667,0.2204488217830658,0.9732259511947632,0.8439916372299194,0.05894331634044647,0.05263274163007736,0.1467692106962204,0.9736379384994507,0.835292398929596
ai_037_001_cam_00_frame.0073,train,ai_037_001,73,0.2101718634366989,0.1740656942129135,0.014475504867732525,0.6809794306755066,0.7235375642776489,0.20379017293453217,0.16853821277618408,0.0418650321662426,0.7015432119369507,0.730979859828949,0.18974828720092773,0.1584763079881668,0.0315500907599926,0.7312266230583191,0.7269321084022522,0.1778573989868164,0.14842963218688965,0.0285797119140625,0.7530772089958191,0.7155969142913818
ai_037_001_cam_00_frame.0079,train,ai_037_001,79,0.06974524259567261,0.06386137753725052,0.3476322591304779,0.9344518184661865,0.835961103439331,0.06643324345350266,0.05966901406645775,0.5041403770446777,0.9454671740531921,0.8400492072105408,0.07044664770364761,0.06220528483390808,0.32731518149375916,0.9462470412254333,0.8450601696968079,0.07987159490585327,0.06930051743984222,0.23086553812026978,0.9361859560012817,0.8409383296966553
ai_037_001_cam_00_frame.0086,train,ai_037_001,86,0.03029021807014942,0.027319325134158134,0.5153778195381165,0.9853307008743286,0.7398232817649841,0.034484803676605225,0.027147013694047928,0.4835008680820465,0.98534095287323,0.7484452128410339,0.058740969747304916,0.04685956984758377,0.09528931230306625,0.9855805039405823,0.7469221949577332,0.07956206798553467,0.06567752361297607,0.04293243587017059,0.9861105680465698,0.735419511795044
ai_037_001_cam_00_frame.0092,train,ai_037_001,92,0.03210639953613281,0.029433967545628548,0.5610538125038147,0.9754666090011597,0.8749372363090515,0.030124133452773094,0.02752557583153248,0.5225979089736938,0.9755836129188538,0.8789747953414917,0.03811054676771164,0.03476637974381447,0.40500232577323914,0.9755378365516663,0.8763534426689148,0.05163854733109474,0.04689185693860054,0.24893561005592346,0.9754716753959656,0.8699020743370056
ai_037_001_cam_00_frame.0099,train,ai_037_001,99,0.03619619086384773,0.03430835157632828,0.3902755677700043,0.9594094157218933,0.8612605929374695,0.031771741807460785,0.029673604294657707,0.5303246378898621,0.9595468044281006,0.8605682849884033,0.039222244173288345,0.0360490046441555,0.3870079517364502,0.9594806432723999,0.8512438535690308,0.053535956889390945,0.04875543341040611,0.2633121907711029,0.9593992233276367,0.840740442276001
ai_041_001_cam_00_frame.0000,train,ai_041_001,0,0.05011472851037979,0.04782199114561081,0.2207997739315033,0.969390869140625,0.7942193150520325,0.044794123619794846,0.042578503489494324,0.2505289912223816,0.9798685908317566,0.784386157989502,0.039304908365011215,0.036350853741168976,0.2345988005399704,0.989776611328125,0.7538638710975647,0.03908388316631317,0.03474754840135574,0.2161458432674408,0.98736572265625,0.7168989777565002
ai_041_001_cam_00_frame.0007,train,ai_041_001,7,0.02369414083659649,0.018434355035424232,0.4602806866168976,0.9995452165603638,0.9147488474845886,0.018068019300699234,0.012725426815450191,0.6743984818458557,0.9994849562644958,0.9023565649986267,0.02260453812777996,0.018822599202394485,0.3610823452472687,0.9994301199913025,0.8620873689651489,0.0333247072994709,0.02971002832055092,0.17392995953559875,0.9994191527366638,0.807191789150238
ai_041_001_cam_00_frame.0013,train,ai_041_001,13,0.03872193768620491,0.034967754036188126,0.34681370854377747,0.9903081059455872,0.8463082313537598,0.03675547614693642,0.03335895016789436,0.36434468626976013,0.9866445660591125,0.8322968482971191,0.038337960839271545,0.03536837548017502,0.25704196095466614,0.9827329516410828,0.7797597646713257,0.04266500100493431,0.03967144340276718,0.19108301401138306,0.982754111289978,0.7035806775093079
ai_041_001_cam_00_frame.0020,train,ai_041_001,20,0.029254630208015442,0.024674028158187866,0.46820664405822754,0.989154040813446,0.8869749307632446,0.026943566277623177,0.024070903658866882,0.45952123403549194,0.9889320135116577,0.8727432489395142,0.033596470952034,0.03142771124839783,0.2114015370607376,0.9893977046012878,0.776767909526825,0.04478790983557701,0.042315974831581116,0.11268863826990128,0.9905294179916382,0.6137265563011169
ai_041_001_cam_00_frame.0026,train,ai_041_001,26,0.04285108670592308,0.03889264166355133,0.30076050758361816,0.9826835989952087,0.8755038976669312,0.04071984812617302,0.03728969767689705,0.35576769709587097,0.9820188283920288,0.8531801700592041,0.04481686279177666,0.04187685623764992,0.2137637585401535,0.9775407910346985,0.7740952372550964,0.053689587861299515,0.05063870549201965,0.1326703131198883,0.9774344563484192,0.6939270496368408
ai_041_001_cam_00_frame.0033,train,ai_041_001,33,0.04011636972427368,0.036954354494810104,0.29903945326805115,0.9776087999343872,0.8734480142593384,0.03811406344175339,0.0354367271065712,0.31593140959739685,0.9792122840881348,0.8630287647247314,0.04201650992035866,0.03914830461144447,0.22381694614887238,0.9795540571212769,0.8292449116706848,0.047959454357624054,0.0443197637796402,0.18431304395198822,0.9796854853630066,0.7956107258796692
ai_041_001_cam_00_frame.0040,train,ai_041_001,40,0.05038052797317505,0.04380390793085098,0.2119247168302536,0.9925411343574524,0.8975780606269836,0.04699721559882164,0.04162228852510452,0.2514204680919647,0.994181752204895,0.8874051570892334,0.04959649592638016,0.04547449201345444,0.18467344343662262,0.9952877163887024,0.8555700778961182,0.05541055649518967,0.05082113295793533,0.14313344657421112,0.995261549949646,0.8164015412330627
ai_041_001_cam_00_frame.0046,train,ai_041_001,46,0.03754705563187599,0.034204162657260895,0.40863484144210815,0.9749554395675659,0.860647976398468,0.03859644755721092,0.035845089703798294,0.29802027344703674,0.9769039154052734,0.8250115513801575,0.04878479614853859,0.04560896009206772,0.12646204233169556,0.9744312167167664,0.6916602849960327,0.06110155209898949,0.056817762553691864,0.08813796192407608,0.9742300510406494,0.5953760743141174
ai_041_001_cam_00_frame.0053,train,ai_041_001,53,0.029355764389038086,0.02658715285360813,0.31446918845176697,0.9945268034934998,0.8734758496284485,0.026936128735542297,0.024642065167427063,0.38279059529304504,0.994552731513977,0.8413493633270264,0.030182601884007454,0.027542468160390854,0.3136347234249115,0.9945682883262634,0.7344858646392822,0.03738579526543617,0.03387017548084259,0.19951695203781128,0.9897378087043762,0.621885359287262
ai_041_001_cam_00_frame.0059,train,ai_041_001,59,0.03581792488694191,0.032757699489593506,0.18863214552402496,0.9876620769500732,0.9296972751617432,0.034131817519664764,0.031797442585229874,0.18197134137153625,0.9878242611885071,0.9193778038024902,0.03575090318918228,0.03357439860701561,0.25641748309135437,0.996703565120697,0.8789169192314148,0.04072605073451996,0.03719291090965271,0.2891773581504822,0.9989901185035706,0.824307382106781
ai_041_001_cam_00_frame.0066,train,ai_041_001,66,0.03512847423553467,0.032183483242988586,0.3498048782348633,0.9872174859046936,0.8764089345932007,0.033986568450927734,0.03140366077423096,0.3390238881111145,0.987371027469635,0.8667793273925781,0.039531104266643524,0.036103345453739166,0.27092260122299194,0.9874240159988403,0.8363586664199829,0.047635264694690704,0.04302956536412239,0.24972598254680634,0.9863278865814209,0.7846315503120422
ai_041_001_cam_00_frame.0073,train,ai_041_001,73,0.03715367987751961,0.034633710980415344,0.2851334512233734,0.9882602691650391,0.8565515279769897,0.03403909131884575,0.0313127227127552,0.3283754587173462,0.9882820844650269,0.8558153510093689,0.03288111090660095,0.028903858736157417,0.37190088629722595,0.9882984161376953,0.8508500456809998,0.03722766041755676,0.032419972121715546,0.3011516332626343,0.9873555302619934,0.8579444289207458
ai_041_001_cam_00_frame.0079,train,ai_041_001,79,0.04853063076734543,0.03986433148384094,0.2400439828634262,0.9440951347351074,0.8349945545196533,0.041526176035404205,0.033875904977321625,0.3890664279460907,0.9539223313331604,0.860245406627655,0.034603070467710495,0.02941160462796688,0.4621860384941101,0.9658225774765015,0.8703038692474365,0.03578141704201698,0.03133917599916458,0.324411004781723,0.9723167419433594,0.8744965195655823
ai_041_001_cam_00_frame.0086,train,ai_041_001,86,0.02583727240562439,0.022924624383449554,0.5428672432899475,0.9889378547668457,0.8501301407814026,0.026949051767587662,0.023676449432969093,0.45968279242515564,0.9890157580375671,0.8413172960281372,0.0347055159509182,0.03078032098710537,0.20778195559978485,0.9890417456626892,0.8353583812713623,0.042948879301548004,0.03863173723220825,0.12093088775873184,0.989062488079071,0.8259432315826416
ai_041_001_cam_00_frame.0092,train,ai_041_001,92,0.03284112364053726,0.02903086505830288,0.6550946831703186,0.9769207239151001,0.8769580721855164,0.033997491002082825,0.029252076521515846,0.5300015807151794,0.9818449020385742,0.8760708570480347,0.04053512588143349,0.035209182649850845,0.2609471082687378,0.9826053380966187,0.8736467957496643,0.0492325983941555,0.04320814833045006,0.18248991668224335,0.9828045964241028,0.8719374537467957
ai_041_001_cam_00_frame.0099,train,ai_041_001,99,0.03323457017540932,0.029985211789608,0.513938844203949,0.9800494313240051,0.8574660420417786,0.03130214661359787,0.027356436476111412,0.5988311171531677,0.9814786314964294,0.8518654704093933,0.03735974803566933,0.03210671246051788,0.3387615382671356,0.9822012186050415,0.8411679863929749,0.045598529279232025,0.03974698856472969,0.21674680709838867,0.9823977947235107,0.8313871026039124
ai_043_002_cam_00_frame.0000,val,ai_043_002,0,0.017218325287103653,0.015730947256088257,0.5054728388786316,0.9937489032745361,0.871231198310852,0.01857367716729641,0.017154695466160774,0.4605556130409241,0.993759036064148,0.8619025349617004,0.02813277579843998,0.025706147775053978,0.2852354347705841,0.993937075138092,0.8323434591293335,0.0382002629339695,0.03457403555512428,0.22517114877700806,0.993331789970398,0.806215763092041
ai_043_002_cam_00_frame.0007,val,ai_043_002,7,0.023474693298339844,0.02203899249434471,0.41265869140625,0.9917094111442566,0.8807621598243713,0.020740069448947906,0.018409814685583115,0.5757548213005066,0.9916788935661316,0.873598039150238,0.031766362488269806,0.028309885412454605,0.2836354672908783,0.991180419921875,0.8520433902740479,0.04750184342265129,0.041698601096868515,0.163818359375,0.9903310537338257,0.8288952112197876
ai_043_002_cam_00_frame.0013,val,ai_043_002,13,0.00814809650182724,0.00638328492641449,0.8373515009880066,0.9993082880973816,0.9041059613227844,0.011472652666270733,0.009783964604139328,0.7091878652572632,0.99932861328125,0.9088196754455566,0.021122831851243973,0.0189470574259758,0.4405975341796875,0.9992879629135132,0.9002842903137207,0.030156752094626427,0.027242422103881836,0.3025970458984375,0.9991811513900757,0.8991904258728027
ai_043_002_cam_00_frame.0020,val,ai_043_002,20,0.014490027911961079,0.013245707377791405,0.506253719329834,0.9952086210250854,0.8169580698013306,0.01977214403450489,0.01789078116416931,0.3823085129261017,0.9951729774475098,0.8104650974273682,0.03296826407313347,0.030035918578505516,0.26196447014808655,0.995101809501648,0.7965960502624512,0.0467645525932312,0.0426698662340641,0.2191268652677536,0.995101809501648,0.7774351239204407
ai_043_002_cam_00_frame.0026,val,ai_043_002,26,0.014378837309777737,0.012605085037648678,0.7035853862762451,0.9937691688537598,0.8702427744865417,0.01516843680292368,0.013749605976045132,0.6710426807403564,0.9937742352485657,0.8719186782836914,0.024404997006058693,0.022223670035600662,0.30122125148773193,0.9938709139823914,0.8606650829315186,0.0350797101855278,0.03210180625319481,0.23367394506931305,0.9939217567443848,0.8346434831619263
ai_043_002_cam_00_frame.0033,val,ai_043_002,33,0.017480429261922836,0.016370316967368126,0.4809997081756592,0.9947653412818909,0.7861385941505432,0.02266491763293743,0.021135250106453896,0.3170885443687439,0.9948111176490784,0.781356930732727,0.03479308634996414,0.03230742737650871,0.2158198207616806,0.994882345199585,0.7679142951965332,0.04662588611245155,0.04314986243844032,0.14241819083690643,0.994821310043335,0.7505490183830261
ai_043_002_cam_00_frame.0040,val,ai_043_002,40,0.017278144136071205,0.01608780212700367,0.39036136865615845,0.995254397392273,0.8022982478141785,0.02341664396226406,0.021737074479460716,0.24999871850013733,0.9953001737594604,0.7937117218971252,0.03553401306271553,0.032879725098609924,0.2228936105966568,0.9953001737594604,0.7855938076972961,0.04792390763759613,0.04431522637605667,0.2075074315071106,0.995310366153717,0.7753297686576843
ai_043_002_cam_00_frame.0046,val,ai_043_002,46,0.02033793181180954,0.018620265647768974,0.5571545362472534,0.9919066429138184,0.7469155192375183,0.02177492156624794,0.019779736176133156,0.3949313461780548,0.9920694231987,0.7440802454948425,0.03067169152200222,0.02797568589448929,0.2629552185535431,0.9922016859054565,0.730974018573761,0.04185056313872337,0.03827517107129097,0.21404407918453217,0.9923186898231506,0.7131585478782654
ai_043_002_cam_00_frame.0053,val,ai_043_002,53,0.01532054878771305,0.0140385078266263,0.6907473206520081,0.99160236120224,0.8014485239982605,0.01763887144625187,0.016050711274147034,0.6066794395446777,0.9916786551475525,0.7972657084465027,0.026260044425725937,0.023637935519218445,0.36851420998573303,0.9917091727256775,0.7791421413421631,0.037039484828710556,0.03319070488214493,0.2657894194126129,0.9917193651199341,0.7691892981529236
ai_043_002_cam_00_frame.0059,val,ai_043_002,59,0.010720600374042988,0.00936996191740036,0.5936479568481445,0.9999949336051941,0.66413813829422,0.010507944971323013,0.009430831298232079,0.5737342238426208,1.0,0.6331740617752075,0.01322160940617323,0.012191390618681908,0.5334540605545044,0.9999898672103882,0.589313268661499,0.01642765663564205,0.014802449382841587,0.4938961863517761,1.0,0.5380921959877014
ai_043_002_cam_00_frame.0066,val,ai_043_002,66,0.03595207631587982,0.03264614939689636,0.288848876953125,0.9951528310775757,0.8891823291778564,0.036595407873392105,0.03277411684393883,0.2728475034236908,0.9952239990234375,0.8843657374382019,0.03949090465903282,0.033692434430122375,0.2478383481502533,0.9949849843978882,0.8693459630012512,0.04775642603635788,0.040348563343286514,0.2055867612361908,0.9944254755973816,0.8595651984214783
ai_043_002_cam_00_frame.0073,val,ai_043_002,73,0.01693863421678543,0.01555461436510086,0.5098165273666382,0.9970906972885132,0.8978239893913269,0.02021424099802971,0.01843349263072014,0.416107177734375,0.9971059560775757,0.891231119632721,0.03217709809541702,0.0293135866522789,0.2309722900390625,0.9970347285270691,0.8751720190048218,0.04453931748867035,0.040277235209941864,0.1680196225643158,0.9961293935775757,0.8688668608665466
ai_043_002_cam_00_frame.0079,val,ai_043_002,79,0.0188275333493948,0.01616453006863594,0.6110789179801941,0.9958394765853882,0.8776789903640747,0.027340000495314598,0.02280011773109436,0.290191650390625,0.9958140254020691,0.875616192817688,0.04630164057016373,0.03892584890127182,0.098663330078125,0.9955291748046875,0.8694478869438171,0.06408104300498962,0.05450621247291565,0.0673472136259079,0.9905802607536316,0.8554388880729675
ai_043_002_cam_00_frame.0086,val,ai_043_002,86,0.016212275251746178,0.014697771519422531,0.5001017451286316,0.9982959628105164,0.7861926555633545,0.018401406705379486,0.016301527619361877,0.43563318252563477,0.9982857704162598,0.7765365242958069,0.02913866564631462,0.02573850192129612,0.28185784816741943,0.998667299747467,0.7521129250526428,0.03940748795866966,0.03517057001590729,0.2292463630437851,0.9966733455657959,0.7280955910682678
ai_043_002_cam_00_frame.0092,val,ai_043_002,92,0.06552882492542267,0.055469028651714325,0.5047760009765625,0.9266154170036316,0.6119366884231567,0.07022973895072937,0.05852830410003662,0.3516896665096283,0.9183146357536316,0.6182482242584229,0.08286431431770325,0.06947490572929382,0.2061920166015625,0.8861135244369507,0.5976824760437012,0.09770898520946503,0.08251839131116867,0.1083018034696579,0.8797200918197632,0.5602007508277893
ai_043_002_cam_00_frame.0099,val,ai_043_002,99,0.021214986220002174,0.019331911578774452,0.6135132908821106,0.9911295771598816,0.8546677827835083,0.025900153443217278,0.02333773672580719,0.4808475971221924,0.9906361699104309,0.8525443077087402,0.03955361992120743,0.035297736525535583,0.2763126492500305,0.9896494150161743,0.8471457362174988,0.05339181795716286,0.04768107831478119,0.1378180831670761,0.9884185791015625,0.8279510736465454
ai_045_001_cam_00_frame.0000,val,ai_045_001,0,0.010320981033146381,0.008612554520368576,0.7998250722885132,0.9962362051010132,0.6706170439720154,0.013677932322025299,0.01187829114496708,0.5941874384880066,0.9964854121208191,0.6710758209228516,0.026133686304092407,0.02352277562022209,0.3199107050895691,0.996978759765625,0.6540910005569458,0.03852497413754463,0.03499191254377365,0.20916748046875,0.9974772334098816,0.6438983678817749
ai_045_001_cam_00_frame.0007,val,ai_045_001,7,0.04789070785045624,0.04396446794271469,0.2957763671875,0.9422353506088257,0.7728068828582764,0.05278096720576286,0.04884918034076691,0.2018483579158783,0.9421793818473816,0.7693955898284912,0.061705559492111206,0.05618483945727348,0.1525777280330658,0.9422811269760132,0.7615180015563965,0.07154706120491028,0.06498922407627106,0.1315765380859375,0.942230224609375,0.7513872385025024
ai_045_001_cam_00_frame.0013,val,ai_045_001,13,0.014899304136633873,0.013046419247984886,0.6863810420036316,0.9993947744369507,0.7234795689582825,0.015319032594561577,0.013563688844442368,0.64373779296875,0.9994049072265625,0.747097909450531,0.021069638431072235,0.018998343497514725,0.40814208984375,0.9993947744369507,0.7717876434326172,0.027994852513074875,0.02553611621260643,0.3152313232421875,0.9993795156478882,0.7736971974372864
ai_045_001_cam_00_frame.0020,val,ai_045_001,20,0.018578730523586273,0.016432590782642365,0.4297943115234375,0.9986776113510132,0.6476597785949707,0.017775844782590866,0.016039002686738968,0.5028890371322632,0.9986623525619507,0.6493605375289917,0.02699597179889679,0.02459108456969261,0.3541056513786316,0.9986369013786316,0.6803168058395386,0.04021407291293144,0.03640275448560715,0.1994679868221283,0.9986216425895691,0.6744160056114197
ai_045_001_cam_00_frame.0026,val,ai_045_001,26,0.028513148427009583,0.025049639865756035,0.6446089744567871,0.9777168035507202,0.8229507207870483,0.029840245842933655,0.026257557794451714,0.4983570873737335,0.9778693914413452,0.8205482959747314,0.03686593472957611,0.03268222510814667,0.4064880907535553,0.9779355525970459,0.8114480972290039,0.04702594876289368,0.04215023294091225,0.21084299683570862,0.9778897762298584,0.7945696711540222
ai_045_001_cam_00_frame.0033,val,ai_045_001,33,0.06054610013961792,0.055305056273937225,0.5653025507926941,0.909576416015625,0.7300163507461548,0.06393261253833771,0.05709415674209595,0.3943939208984375,0.9209136962890625,0.6836006045341492,0.07692842185497284,0.0638032779097557,0.2161814421415329,0.9306539297103882,0.6385372877120972,0.09141497313976288,0.07180160284042358,0.1805369108915329,0.9316050410270691,0.601244330406189
ai_045_001_cam_00_frame.0040,val,ai_045_001,40,0.17337638139724731,0.0904930830001831,0.0755666121840477,0.9943796992301941,0.8655192255973816,0.17724411189556122,0.09307997673749924,0.0516357421875,0.9942118525505066,0.858218252658844,0.1847521960735321,0.09671616554260254,0.0419209823012352,0.9875081777572632,0.8360965251922607,0.19449207186698914,0.0994122251868248,0.0405832938849926,0.9796142578125,0.8165168762207031
ai_045_001_cam_00_frame.0046,val,ai_045_001,46,0.0208906102925539,0.018286945298314095,0.5831074118614197,0.9956309199333191,0.8569998741149902,0.023042473942041397,0.019806617870926857,0.5599088668823242,0.995574951171875,0.8362261056900024,0.03869526460766792,0.03195178881287575,0.17450040578842163,0.9955037832260132,0.7914313673973083,0.05607287585735321,0.04561266675591469,0.11842915415763855,0.9954478144645691,0.756477952003479
ai_045_001_cam_00_frame.0053,val,ai_045_001,53,0.0886986032128334,0.07566472887992859,0.3307206928730011,0.8952224850654602,0.550021231174469,0.09764563292264938,0.08222968876361847,0.1457120031118393,0.8952072262763977,0.5428712964057922,0.1248287633061409,0.10143280029296875,0.049581147730350494,0.8950953483581543,0.5225632190704346,0.15931938588619232,0.12503930926322937,0.0243989285081625,0.8949528932571411,0.4980849027633667
ai_045_001_cam_00_frame.0059,val,ai_045_001,59,0.018436584621667862,0.016274044290184975,0.5420203804969788,0.9973551630973816,0.8466234803199768,0.018395734950900078,0.016182340681552887,0.507728636264801,0.9973399043083191,0.8379325866699219,0.027671167626976967,0.023562010377645493,0.316372275352478,0.9973297119140625,0.8425991535186768,0.0350273959338665,0.029885100200772285,0.2417360544204712,0.9973246455192566,0.8411808013916016
ai_045_001_cam_00_frame.0066,val,ai_045_001,66,0.02497287653386593,0.02130507491528988,0.2765974998474121,0.996795654296875,0.7251854538917542,0.02450917847454548,0.02222675085067749,0.25697457790374756,0.9968109130859375,0.7235888242721558,0.034178830683231354,0.03144216537475586,0.18057343363761902,0.9968414306640625,0.7204399108886719,0.049506764858961105,0.04528176039457321,0.15890075266361237,0.9968465566635132,0.6998001933097839
ai_045_001_cam_00_frame.0073,val,ai_045_001,73,0.015711937099695206,0.012415273115038872,0.7680601477622986,0.9892730712890625,0.7774057984352112,0.015949470922350883,0.01292338501662016,0.7031387686729431,0.9898884892463684,0.7741685509681702,0.021522607654333115,0.019023271277546883,0.422604501247406,0.9947713613510132,0.7637426257133484,0.031032301485538483,0.027685783803462982,0.25775277614593506,0.9960530996322632,0.7555580735206604
ai_045_001_cam_00_frame.0079,val,ai_045_001,79,0.06952045857906342,0.030959000810980797,0.39105224609375,0.9890950918197632,0.7392396330833435,0.06705339252948761,0.03021571785211563,0.3820393979549408,0.989105224609375,0.7343271970748901,0.06427977979183197,0.035110484808683395,0.2463938444852829,0.9890035390853882,0.7206153869628906,0.061631809920072556,0.03600286692380905,0.2847188413143158,0.9889780879020691,0.6961158514022827
ai_045_001_cam_00_frame.0086,val,ai_045_001,86,0.01565135270357132,0.014061260037124157,0.6134666800498962,0.9935453534126282,0.8138221502304077,0.021569138392806053,0.01968669705092907,0.30442410707473755,0.9934843182563782,0.7914873361587524,0.03377208113670349,0.030817857012152672,0.18317022919654846,0.9934029579162598,0.7460910677909851,0.047107867896556854,0.04302090033888817,0.12854774296283722,0.9933063387870789,0.7314856052398682
ai_045_001_cam_00_frame.0092,val,ai_045_001,92,0.06999136507511139,0.023120924830436707,0.5569610595703125,0.9861094355583191,0.7814123034477234,0.06798186898231506,0.025040771812200546,0.3885243833065033,0.9862722158432007,0.7795387506484985,0.06704547256231308,0.026971042156219482,0.2852885127067566,0.9864959716796875,0.7698860168457031,0.06682585179805756,0.029939278960227966,0.2352854460477829,0.9864501953125,0.754685640335083
ai_045_001_cam_00_frame.0099,val,ai_045_001,99,0.01717616431415081,0.014996051788330078,0.549573540687561,0.9971110224723816,0.8070768117904663,0.017036961391568184,0.015032839961349964,0.5242336392402649,0.997283935546875,0.8074977397918701,0.021317532286047935,0.018772225826978683,0.4840875566005707,0.9975484609603882,0.8031908869743347,0.028805376961827278,0.025615260004997253,0.336137592792511,0.9976755976676941,0.7989528775215149
ai_047_001_cam_00_frame.0000,val,ai_047_001,0,0.1126968264579773,0.10322229564189911,0.0690460205078125,0.9186248779296875,0.8729747533798218,0.1100693866610527,0.10189919918775558,0.0636952742934227,0.9349822998046875,0.8715173006057739,0.10627975314855576,0.09892060607671738,0.0845794677734375,0.9504496455192566,0.8600024580955505,0.10607782006263733,0.09844851493835449,0.0773213729262352,0.9494273066520691,0.852424144744873
ai_047_001_cam_00_frame.0007,val,ai_047_001,7,0.14836463332176208,0.13900096714496613,0.064483642578125,0.8489227294921875,0.8991097211837769,0.1462569385766983,0.13778626918792725,0.0649261474609375,0.8510844111442566,0.8980603814125061,0.14134933054447174,0.1326056718826294,0.0450592041015625,0.8848775625228882,0.8917967677116394,0.13724665343761444,0.12673258781433105,0.0359446220099926,0.9118906855583191,0.8802329301834106
ai_047_001_cam_00_frame.0013,val,ai_047_001,13,0.11309727281332016,0.10694431513547897,0.0758616179227829,0.8782755732536316,0.8356643915176392,0.11062061786651611,0.10472472757101059,0.0890248641371727,0.8790792226791382,0.8319901823997498,0.11132541298866272,0.10416018962860107,0.0992329940199852,0.8684336543083191,0.8373143672943115,0.11646773666143417,0.10704954713582993,0.1046956405043602,0.867401123046875,0.8282707929611206
ai_047_001_cam_00_frame.0020,val,ai_047_001,20,0.13486367464065552,0.1287948191165924,0.0484771728515625,0.7649332880973816,0.8555210828781128,0.13800135254859924,0.1326519101858139,0.0407053641974926,0.7635752558708191,0.8487832546234131,0.14366582036018372,0.13767951726913452,0.044891357421875,0.7608286738395691,0.8384459614753723,0.15136003494262695,0.1437002420425415,0.0614878349006176,0.7376505732536316,0.8298751711845398
ai_047_001_cam_00_frame.0026,val,ai_047_001,26,0.06692526489496231,0.060677360743284225,0.1484781950712204,0.9652659296989441,0.8733299970626831,0.0732681155204773,0.06562143564224243,0.1106313094496727,0.96478271484375,0.8733553290367126,0.08632086217403412,0.07660911232233047,0.0974273681640625,0.9615733027458191,0.86229407787323,0.10221391171216965,0.09085943549871445,0.0811055526137352,0.9489593505859375,0.8514140248298645
ai_047_001_cam_00_frame.0033,val,ai_047_001,33,0.1688450574874878,0.1593971848487854,0.0472971610724926,0.6776835322380066,0.8907082676887512,0.1712338626384735,0.16012170910835266,0.0548350028693676,0.6814066767692566,0.8828522562980652,0.1846832036972046,0.17303745448589325,0.0229441337287426,0.6563619375228882,0.8698443174362183,0.20019404590129852,0.18618711829185486,0.0269114188849926,0.6349945068359375,0.852827787399292
ai_047_001_cam_00_frame.0040,val,ai_047_001,40,0.15392577648162842,0.1423378884792328,0.0419718436896801,0.73150634765625,0.89398592710495,0.1604941487312317,0.14808881282806396,0.03020223043859005,0.7119852900505066,0.8912742733955383,0.17437610030174255,0.15966644883155823,0.02850850485265255,0.6614786982536316,0.8723631501197815,0.18793456256389618,0.17119330167770386,0.0207316093146801,0.6004435420036316,0.8472702503204346
ai_047_001_cam_00_frame.0046,val,ai_047_001,46,0.10573415458202362,0.10100466012954712,0.0746663436293602,0.9647725820541382,0.8789372444152832,0.10499709844589233,0.10022173821926117,0.0814971923828125,0.9646098017692566,0.8744084239006042,0.10986953228712082,0.10359293222427368,0.0725148543715477,0.9525146484375,0.8664999604225159,0.116390161216259,0.10829237103462219,0.0675811767578125,0.9287618398666382,0.8503673076629639
ai_047_001_cam_00_frame.0053,val,ai_047_001,53,0.14371389150619507,0.1336115449666977,0.0497334823012352,0.8267924189567566,0.8695011734962463,0.14207583665847778,0.1335417628288269,0.0471394881606102,0.8330637812614441,0.8649062514305115,0.13743939995765686,0.12862765789031982,0.0510101318359375,0.8649749755859375,0.8540205359458923,0.1350889503955841,0.12396883964538574,0.0494537353515625,0.9099680781364441,0.8438090682029724
ai_047_001_cam_00_frame.0059,val,ai_047_001,59,0.13581281900405884,0.12767329812049866,0.0557607039809227,0.8979594111442566,0.8404697179794312,0.1354152411222458,0.12811850011348724,0.0423634871840477,0.9062246084213257,0.8397623896598816,0.13564389944076538,0.1273651123046875,0.0452524833381176,0.9149373769760132,0.8288444876670837,0.13915258646011353,0.1281076967716217,0.0622304305434227,0.8879445791244507,0.8127874135971069
ai_047_001_cam_00_frame.0066,val,ai_047_001,66,0.1547972857952118,0.14641734957695007,0.0433451347053051,0.7374216914176941,0.8998045921325684,0.15810903906822205,0.15084417164325714,0.0572509765625,0.7153422236442566,0.8962334990501404,0.16583698987960815,0.1590549796819687,0.0577596053481102,0.6677958369255066,0.8847678303718567,0.17492173612117767,0.16656748950481415,0.0363667830824852,0.6372426748275757,0.8726337552070618
ai_047_001_cam_00_frame.0073,val,ai_047_001,73,0.09967774152755737,0.09234637022018433,0.0714365690946579,0.9605611562728882,0.8806896209716797,0.09789063781499863,0.09055625647306442,0.0654652938246727,0.9619802236557007,0.8775421977043152,0.09823049604892731,0.0902719721198082,0.0770314559340477,0.9609019160270691,0.8669270277023315,0.10328173637390137,0.09471689164638519,0.05743408203125,0.9575704336166382,0.8517252802848816
ai_047_001_cam_00_frame.0079,val,ai_047_001,79,0.10621299594640732,0.1025487631559372,0.0537974052131176,0.9386037588119507,0.887078046798706,0.1094432920217514,0.10592197626829147,0.055877685546875,0.9314321279525757,0.8844863772392273,0.11833866685628891,0.11466878652572632,0.0431467704474926,0.9205526113510132,0.8735179305076599,0.12752602994441986,0.12327325344085693,0.03001912496984005,0.9167989492416382,0.8598982095718384
ai_047_001_cam_00_frame.0086,val,ai_047_001,86,0.11180192232131958,0.10604768991470337,0.073150634765625,0.9149627685546875,0.878410816192627,0.11152925342321396,0.10710518062114716,0.0557505302131176,0.9276784658432007,0.8774265050888062,0.11642946302890778,0.11129854619503021,0.0646718367934227,0.9372507929801941,0.8711507320404053,0.1257462203502655,0.1188008114695549,0.0511983260512352,0.91143798828125,0.8567091822624207
ai_047_001_cam_00_frame.0092,val,ai_047_001,92,0.12275764346122742,0.1115960106253624,0.0681559294462204,0.88677978515625,0.8893184065818787,0.1211586520075798,0.11105084419250488,0.0773569792509079,0.8840688467025757,0.8868367671966553,0.1194905936717987,0.11102684587240219,0.0662384033203125,0.8865000605583191,0.8798781633377075,0.12097269296646118,0.112961545586586,0.0651041716337204,0.9005941152572632,0.8655195236206055
ai_047_001_cam_00_frame.0099,val,ai_047_001,99,0.1416902393102646,0.13547098636627197,0.0598856620490551,0.7486776113510132,0.9155722856521606,0.14842189848423004,0.1411479413509369,0.0523223876953125,0.7470296621322632,0.9097951650619507,0.16217458248138428,0.1514032781124115,0.0278778076171875,0.7427775263786316,0.8972668051719666,0.17678120732307434,0.16177424788475037,0.0428517684340477,0.7345327138900757,0.8694174885749817
ai_055_003_cam_00_frame.0000,val,ai_055_003,0,0.06423362344503403,0.05852240324020386,0.193756103515625,0.9490814208984375,0.8555976152420044,0.06079475209116936,0.055163826793432236,0.2368265837430954,0.9497222900390625,0.8496125936508179,0.06127054616808891,0.05538817495107651,0.1630299985408783,0.9488779902458191,0.8371661305427551,0.06888830661773682,0.061916179955005646,0.1535898894071579,0.946868896484375,0.8288035988807678
ai_055_003_cam_00_frame.0007,val,ai_055_003,7,0.06173764914274216,0.0539306104183197,0.268646240234375,0.9639384150505066,0.7957512140274048,0.06514231860637665,0.05711319297552109,0.1978098601102829,0.9642435908317566,0.7918866276741028,0.07402645796537399,0.06501427292823792,0.152130126953125,0.9643961787223816,0.7804880738258362,0.08338741958141327,0.07306152582168579,0.1197865828871727,0.9622091054916382,0.7765987515449524
ai_055_003_cam_00_frame.0013,val,ai_055_003,13,0.07864056527614594,0.07238639891147614,0.1069437712430954,0.9247894287109375,0.9002607464790344,0.08359944820404053,0.0767538771033287,0.09735107421875,0.9239858388900757,0.8952070474624634,0.09789782017469406,0.08890871703624725,0.0845692977309227,0.9232584834098816,0.8867489695549011,0.11422978341579437,0.10319900512695312,0.0642191618680954,0.915069580078125,0.8802573084831238
ai_055_003_cam_00_frame.0020,val,ai_055_003,20,0.06710908561944962,0.06097259745001793,0.3067474365234375,0.9238790273666382,0.8553687334060669,0.06357121467590332,0.05783692002296448,0.2934519648551941,0.9315185546875,0.8481950759887695,0.06163507699966431,0.055741921067237854,0.231689453125,0.9478963613510132,0.8405811786651611,0.06693927943706512,0.05941636487841606,0.1970062255859375,0.9494374990463257,0.8362143635749817
ai_055_003_cam_00_frame.0026,val,ai_055_003,26,0.08433674275875092,0.06578219681978226,0.09146635234355927,0.9531632661819458,0.881931722164154,0.08284156769514084,0.0644775852560997,0.2660825252532959,0.9534193277359009,0.8768907785415649,0.0903487503528595,0.07344374060630798,0.26335814595222473,0.9529942870140076,0.8648164868354797,0.10231871902942657,0.08651381731033325,0.15168942511081696,0.9345740079879761,0.8568404316902161
ai_055_003_cam_00_frame.0033,val,ai_055_003,33,0.05900327488780022,0.054406650364398956,0.32248300313949585,0.9252363443374634,0.9224108457565308,0.06070027872920036,0.055895961821079254,0.28628814220428467,0.9301500916481018,0.9220951199531555,0.07015648484230042,0.06411779671907425,0.17440703511238098,0.9361575245857239,0.9156502485275269,0.08183014392852783,0.07484349608421326,0.11315102130174637,0.9379457831382751,0.9075750112533569
ai_055_003_cam_00_frame.0040,val,ai_055_003,40,0.06187152862548828,0.05684792995452881,0.1172739714384079,0.9710109829902649,0.8282293081283569,0.060193128883838654,0.05471578985452652,0.1676327884197235,0.9721899032592773,0.8205110430717468,0.06272727996110916,0.05632883310317993,0.09655282646417618,0.9723082780838013,0.7997086048126221,0.07163579761981964,0.063115693628788,0.06526774913072586,0.9698938131332397,0.7868130803108215
ai_055_003_cam_00_frame.0046,val,ai_055_003,46,0.06091463938355446,0.05475661903619766,0.21821734309196472,0.9723844528198242,0.8348487019538879,0.06143583357334137,0.05447576567530632,0.21572770178318024,0.9646094441413879,0.8257774114608765,0.07215601205825806,0.06335289776325226,0.07905052602291107,0.9649802446365356,0.798192024230957,0.08601643145084381,0.07455188781023026,0.0615994930267334,0.9639796614646912,0.7793340086936951
ai_055_003_cam_00_frame.0053,val,ai_055_003,53,0.13591566681861877,0.08125265687704086,0.05728578194975853,0.9765951037406921,0.8215072751045227,0.1350928097963333,0.08302421122789383,0.05749019235372543,0.9846863150596619,0.8114016652107239,0.13373711705207825,0.08499190956354141,0.06066989526152611,0.9851065278053284,0.7947750687599182,0.1323491781949997,0.08575661480426788,0.05195409804582596,0.9812567830085754,0.7819718718528748
ai_055_003_cam_00_frame.0059,val,ai_055_003,59,0.03089635632932186,0.025461934506893158,0.2784186601638794,0.9939857721328735,0.8121185898780823,0.040936462581157684,0.0370497927069664,0.18867142498493195,0.9936681985855103,0.7909767627716064,0.05963096395134926,0.050169363617897034,0.11260531842708588,0.9938237071037292,0.7371509075164795,0.08012573421001434,0.06572195142507553,0.0802527517080307,0.9913480281829834,0.6862612366676331
ai_055_003_cam_00_frame.0066,val,ai_055_003,66,0.06394417583942413,0.05781180411577225,0.24848788976669312,0.9715085029602051,0.8441362380981445,0.06424330174922943,0.057925641536712646,0.24076507985591888,0.9735755920410156,0.8363296389579773,0.07232718914747238,0.06429886072874069,0.10742665827274323,0.9764225482940674,0.8268272280693054,0.08464562892913818,0.07383450865745544,0.0643458291888237,0.9764825701713562,0.8202868103981018
ai_055_003_cam_00_frame.0073,val,ai_055_003,73,0.05621454119682312,0.051517195999622345,0.26612237095832825,0.9641173481941223,0.836510419845581,0.055190328508615494,0.05021000653505325,0.20823968946933746,0.9709907174110413,0.8286687135696411,0.05851662904024124,0.05181732773780823,0.14210371673107147,0.9731860160827637,0.8161821365356445,0.06512542814016342,0.05590607598423958,0.1395634561777115,0.9734944105148315,0.8083215355873108
ai_055_003_cam_00_frame.0079,val,ai_055_003,79,0.042031966149806976,0.0371679812669754,0.32426661252975464,0.9840530753135681,0.827785313129425,0.04254325106739998,0.035889655351638794,0.20276442170143127,0.9848935008049011,0.8084509372711182,0.05445573478937149,0.04192795604467392,0.16010889410972595,0.9861039519309998,0.7681568264961243,0.07685281336307526,0.05995585024356842,0.0983772948384285,0.9856017827987671,0.7293621897697449
ai_055_003_cam_00_frame.0086,val,ai_055_003,86,0.07780624181032181,0.058745574206113815,0.20953740179538727,0.9693436622619629,0.7836324572563171,0.08407796919345856,0.06382090598344803,0.17623408138751984,0.9653465747833252,0.7826804518699646,0.09656831622123718,0.07502476125955582,0.1258823275566101,0.95991051197052,0.7592018246650696,0.10967788845300674,0.08608667552471161,0.10461177676916122,0.9573701024055481,0.7379226684570312
ai_055_003_cam_00_frame.0092,val,ai_055_003,92,0.05725592374801636,0.04825083538889885,0.29392221570014954,0.9554790258407593,0.8208357691764832,0.05382245406508446,0.0468086339533329,0.29339680075645447,0.9558138251304626,0.8115609288215637,0.05769415944814682,0.052196718752384186,0.19081763923168182,0.9551184177398682,0.7957330942153931,0.06914754211902618,0.06401602923870087,0.145050048828125,0.9513529539108276,0.7814001441001892
ai_055_003_cam_00_frame.0099,val,ai_055_003,99,0.053734686225652695,0.04879331216216087,0.24108143150806427,0.972834050655365,0.8283370733261108,0.0547780767083168,0.05028780177235603,0.24165551364421844,0.974307119846344,0.8276050090789795,0.06252193450927734,0.05670493468642235,0.13563470542430878,0.9758506417274475,0.8186579942703247,0.0738062784075737,0.0663817971944809,0.07945603132247925,0.9765222072601318,0.8107389807701111
ai_044_001_cam_00_frame.0000,test,ai_044_001,0,0.022819772362709045,0.020663093775510788,0.4354349970817566,0.9947001338005066,0.8133857250213623,0.019921204075217247,0.01859542541205883,0.4606526792049408,0.9943084716796875,0.8055286407470703,0.02205817960202694,0.020092783495783806,0.4592030942440033,0.9936472773551941,0.7934911251068115,0.028590207919478416,0.025676338002085686,0.3478291928768158,0.9895528554916382,0.7729340195655823
ai_044_001_cam_00_frame.0007,test,ai_044_001,7,0.02126651257276535,0.01752908155322075,0.5120748281478882,0.993255615234375,0.8122978210449219,0.01964457333087921,0.017402347177267075,0.4957326352596283,0.9930064082145691,0.8110771179199219,0.02355099841952324,0.022112902253866196,0.3902435302734375,0.9926351308822632,0.7966662049293518,0.03174008056521416,0.029720118269324303,0.25433349609375,0.9926809072494507,0.7815741300582886
ai_044_001_cam_00_frame.0013,test,ai_044_001,13,0.021184297278523445,0.018684035167098045,0.49183398485183716,0.9938303828239441,0.7933343052864075,0.01890144683420658,0.017321143299341202,0.531796932220459,0.9936268925666809,0.7907211184501648,0.022136032581329346,0.020060481503605843,0.4664177894592285,0.9872589111328125,0.7854664325714111,0.029833542183041573,0.026205526664853096,0.35416847467422485,0.9846190810203552,0.7731764316558838
ai_044_001_cam_00_frame.0020,test,ai_044_001,20,0.021373700350522995,0.019463859498500824,0.3465474545955658,0.9939066767692566,0.8471181392669678,0.023516062647104263,0.021409213542938232,0.3195037841796875,0.9937032461166382,0.8432431817054749,0.029661696404218674,0.025832369923591614,0.3270111083984375,0.9934183955192566,0.8281114101409912,0.037559837102890015,0.03263263404369354,0.2886912226676941,0.9932352900505066,0.8060137629508972
ai_044_001_cam_00_frame.0026,test,ai_044_001,26,0.023656677454710007,0.021443454548716545,0.35875630378723145,0.9929962158203125,0.8121079206466675,0.024595454335212708,0.02232462167739868,0.39474180340766907,0.992919921875,0.8113484978675842,0.03248931095004082,0.028921354562044144,0.282105952501297,0.9927113652229309,0.801658034324646,0.04329856485128403,0.03841013088822365,0.17119941115379333,0.9922841191291809,0.7808125019073486
ai_044_001_cam_00_frame.0033,test,ai_044_001,33,0.027493596076965332,0.023863475769758224,0.4376932978630066,0.990081787109375,0.7812949419021606,0.031163398176431656,0.025954168289899826,0.4357808530330658,0.9899190664291382,0.7841286063194275,0.039801426231861115,0.0333293154835701,0.2547810971736908,0.9896189570426941,0.7818054556846619,0.05037897080183029,0.042412497103214264,0.1744283139705658,0.9889373779296875,0.766014575958252
ai_044_001_cam_00_frame.0039,test,ai_044_001,39,0.029172038659453392,0.02201598696410656,0.4811299741268158,0.9924723505973816,0.7672418355941772,0.02819870039820671,0.0228686835616827,0.4612935483455658,0.9923248291015625,0.766305148601532,0.030193578451871872,0.02736840769648552,0.3717142939567566,0.9920756220817566,0.7699702382087708,0.03801313787698746,0.034751277416944504,0.2539469599723816,0.9919637441635132,0.7685170769691467
ai_044_001_cam_00_frame.0046,test,ai_044_001,46,0.017399867996573448,0.015538663603365421,0.5995493531227112,0.993021547794342,0.8008842468261719,0.018199259415268898,0.016361746937036514,0.5314028859138489,0.9930113554000854,0.80351722240448,0.02364369109272957,0.02160028927028179,0.337517648935318,0.9930062890052795,0.8016372919082642,0.03121163323521614,0.02851858362555504,0.22337059676647186,0.9928842186927795,0.7923716902732849
ai_044_001_cam_00_frame.0052,test,ai_044_001,52,0.017217887565493584,0.015427120961248875,0.5571368336677551,0.9899545907974243,0.7688734531402588,0.021222509443759918,0.019096706062555313,0.4118063151836395,0.9900054931640625,0.7784023284912109,0.03103039599955082,0.02743569202721119,0.23077510297298431,0.990020751953125,0.7752612829208374,0.04049564152956009,0.03516452759504318,0.17648406326770782,0.9899342656135559,0.7527124285697937
ai_044_001_cam_00_frame.0059,test,ai_044_001,59,0.023460259661078453,0.02100338041782379,0.5845723152160645,0.9884287118911743,0.740170419216156,0.025658858940005302,0.022989599034190178,0.550183892250061,0.9884236454963684,0.7447744011878967,0.03707881644368172,0.03278995677828789,0.20802922546863556,0.9884796142578125,0.7388797402381897,0.04830358177423477,0.04302771016955376,0.12364768981933594,0.9884796142578125,0.7211954593658447
ai_044_001_cam_00_frame.0065,test,ai_044_001,65,0.02661328762769699,0.02300058677792549,0.35480427742004395,0.9886423349380493,0.8041467070579529,0.02681412361562252,0.022686917334794998,0.3922902047634125,0.9886728525161743,0.8050549030303955,0.031249720603227615,0.026601232588291168,0.30275118350982666,0.9886474609375,0.7867556810379028,0.037956736981868744,0.03231173753738403,0.2395235300064087,0.9883981943130493,0.7723425030708313
ai_044_001_cam_00_frame.0072,test,ai_044_001,72,0.032120876014232635,0.02874777838587761,0.25604888796806335,0.9896087646484375,0.7174677848815918,0.027936115860939026,0.02344738319516182,0.3713957369327545,0.9896036386489868,0.7142199873924255,0.029496848583221436,0.023172959685325623,0.3208227753639221,0.9893849492073059,0.6772804856300354,0.038201287388801575,0.02926289103925228,0.2359376847743988,0.9892578125,0.6431545615196228
ai_044_001_cam_00_frame.0078,test,ai_044_001,78,0.01663854345679283,0.014611825346946716,0.53009033203125,0.992584228515625,0.7801819443702698,0.016309071332216263,0.014825118705630302,0.5134429931640625,0.9925893545150757,0.7712857127189636,0.023938480764627457,0.021663634106516838,0.3234710693359375,0.9926096796989441,0.7484147548675537,0.032232075929641724,0.028897520154714584,0.2377980649471283,0.9926503896713257,0.7156966328620911
ai_044_001_cam_00_frame.0085,test,ai_044_001,85,0.030660903081297874,0.027687279507517815,0.0981852263212204,0.9980723261833191,0.9262452721595764,0.025022514164447784,0.02319972962141037,0.115966796875,0.998077392578125,0.9187517166137695,0.01553023885935545,0.013187355361878872,0.565948486328125,0.9980825185775757,0.8714024424552917,0.01849416270852089,0.01486999075859785,0.4794464111328125,0.9980825185775757,0.7902752161026001
ai_044_001_cam_00_frame.0091,test,ai_044_001,91,0.026017755270004272,0.02362320013344288,0.3723112642765045,0.9876810312271118,0.7799590826034546,0.027045253664255142,0.02433880977332592,0.3860290050506592,0.987701416015625,0.7747228741645813,0.030895430594682693,0.027121514081954956,0.3840809464454651,0.9876149296760559,0.7665115594863892,0.03769684210419655,0.03156176209449768,0.3239966034889221,0.9875844120979309,0.7373800873756409
ai_044_001_cam_00_frame.0099,test,ai_044_001,99,0.021193543449044228,0.01657772809267044,0.5226163864135742,0.9984028339385986,0.7245168089866638,0.022704068571329117,0.01675480790436268,0.5518882870674133,0.9983927011489868,0.7247869372367859,0.03492231294512749,0.02365872450172901,0.38648557662963867,0.9983875751495361,0.697085976600647,0.051778096705675125,0.035018905997276306,0.19817908108234406,0.9983672499656677,0.6902370452880859
ai_046_001_cam_00_frame.0000,test,ai_046_001,0,0.06102646887302399,0.05664410442113876,0.2293141782283783,0.95989990234375,0.8155784010887146,0.05666769668459892,0.05257880687713623,0.272674560546875,0.96075439453125,0.8122071623802185,0.054407790303230286,0.05014505982398987,0.317779541015625,0.9614309072494507,0.8045225143432617,0.06017753481864929,0.05489113926887512,0.2119394987821579,0.9603068232536316,0.7978059649467468
ai_046_001_cam_00_frame.0007,test,ai_046_001,7,0.04357602447271347,0.03992056846618652,0.4782155454158783,0.9664052724838257,0.8405195474624634,0.04028978943824768,0.03705005720257759,0.4308013916015625,0.9814555048942566,0.8347781896591187,0.04316645488142967,0.03990093991160393,0.2752177119255066,0.9810028076171875,0.8288785815238953,0.04965727776288986,0.04538796469569206,0.1873067319393158,0.976470947265625,0.8250328302383423
ai_046_001_cam_00_frame.0013,test,ai_046_001,13,0.0757787823677063,0.06826501339673996,0.3951924741268158,0.9071502685546875,0.8536716103553772,0.07237157970666885,0.06602048128843307,0.3434397578239441,0.9273885488510132,0.847902238368988,0.07716765999794006,0.07026226073503494,0.2373606413602829,0.9332275390625,0.8486459851264954,0.09437018632888794,0.08521365374326706,0.179473876953125,0.9095968008041382,0.865933895111084
ai_046_001_cam_00_frame.0020,test,ai_046_001,20,0.10621922463178635,0.09745317697525024,0.2230733335018158,0.9034067988395691,0.6699569821357727,0.10225540399551392,0.09194490313529968,0.23095703125,0.9075521230697632,0.6737222075462341,0.11073269695043564,0.09597091376781464,0.1542561948299408,0.908050537109375,0.707626223564148,0.1302955597639084,0.11236925423145294,0.0867869108915329,0.8939768671989441,0.7396253943443298
ai_046_001_cam_00_frame.0026,test,ai_046_001,26,0.02237572893500328,0.019715441390872,0.493988037109375,0.9939321279525757,0.8325601816177368,0.020723551511764526,0.018746521323919296,0.5118001699447632,0.9939931631088257,0.8296657204627991,0.021325942128896713,0.019692758098244667,0.4755503535270691,0.9939982295036316,0.815850019454956,0.027199966832995415,0.024755820631980896,0.3422139585018158,0.9939626455307007,0.7876816987991333
ai_046_001_cam_00_frame.0033,test,ai_046_001,33,0.018804626539349556,0.016568131744861603,0.576873779296875,0.9946848750114441,0.856513261795044,0.02184116840362549,0.017612406983971596,0.4416097104549408,0.9948629140853882,0.8561940789222717,0.03394680470228195,0.026217471808195114,0.2590382993221283,0.995361328125,0.8446119427680969,0.04780649393796921,0.038522928953170776,0.1725921630859375,0.9953257441520691,0.8341902494430542
ai_046_001_cam_00_frame.0040,test,ai_046_001,40,0.04404006525874138,0.03366456553339958,0.19390869140625,0.9944712519645691,0.8602727651596069,0.039920784533023834,0.03130340203642845,0.2180684506893158,0.9945220947265625,0.8548229336738586,0.03824450448155403,0.03244977444410324,0.2146555632352829,0.994598388671875,0.8373185992240906,0.03802785277366638,0.032900597900152206,0.2293650358915329,0.9946441650390625,0.8092666864395142
ai_046_001_cam_00_frame.0046,test,ai_046_001,46,0.020476674661040306,0.018149927258491516,0.6379038691520691,0.9840545654296875,0.8512927293777466,0.022993460297584534,0.02023984305560589,0.4823964536190033,0.9869893789291382,0.850695788860321,0.030435826629400253,0.02665521949529648,0.3101145625114441,0.9902445673942566,0.8144331574440002,0.04004653915762901,0.03468143194913864,0.2908732295036316,0.9903666377067566,0.7693986296653748
ai_046_001_cam_00_frame.0053,test,ai_046_001,53,0.09854980558156967,0.08929942548274994,0.33544921875,0.894439697265625,0.8258665800094604,0.09855592250823975,0.08973752707242966,0.2345428466796875,0.8953043818473816,0.8218319416046143,0.11058371514081955,0.09837298095226288,0.1245829313993454,0.8875834345817566,0.8216415047645569,0.13146354258060455,0.1141083836555481,0.0618896484375,0.8748626708984375,0.8300426006317139
ai_046_001_cam_00_frame.0059,test,ai_046_001,59,0.06061742454767227,0.05428703874349594,0.3773651123046875,0.9407247304916382,0.8038356304168701,0.06658698618412018,0.05790090560913086,0.1579691618680954,0.9464671015739441,0.7988940477371216,0.08328114449977875,0.07243409752845764,0.1373036801815033,0.9393565058708191,0.7898309230804443,0.10466772317886353,0.0922737568616867,0.1044972762465477,0.9271596670150757,0.7994222044944763
ai_046_001_cam_00_frame.0066,test,ai_046_001,66,0.05003462731838226,0.04744993895292282,0.2265218198299408,0.968902587890625,0.7531583905220032,0.046830352395772934,0.04304312914609909,0.23760986328125,0.9687246084213257,0.7446150183677673,0.050997670739889145,0.043604589998722076,0.3091176450252533,0.966888427734375,0.7334887981414795,0.06107048690319061,0.05348524451255798,0.1301066130399704,0.9622955322265625,0.7237906455993652
ai_046_001_cam_00_frame.0073,test,ai_046_001,73,0.04851143807172775,0.04512396082282066,0.2402598112821579,0.9624074697494507,0.7174776196479797,0.05085825175046921,0.047170333564281464,0.2350870817899704,0.9607442617416382,0.7060220837593079,0.059617653489112854,0.055291514843702316,0.1876220703125,0.95867919921875,0.690342366695404,0.07023357599973679,0.06530556082725525,0.1562144011259079,0.9547170400619507,0.676740825176239
ai_046_001_cam_00_frame.0079,test,ai_046_001,79,0.04480826109647751,0.04203798621892929,0.5842692255973816,0.9561716914176941,0.8353372812271118,0.051750294864177704,0.048147063702344894,0.3346405029296875,0.9548696279525757,0.8208286166191101,0.0723816454410553,0.06695970147848129,0.2014668881893158,0.9284617304801941,0.8079437613487244,0.0981902927160263,0.09108041226863861,0.1575113981962204,0.8913370966911316,0.8206334710121155
ai_046_001_cam_00_frame.0086,test,ai_046_001,86,0.08669877052307129,0.07963359355926514,0.3222859799861908,0.9168803095817566,0.8109155297279358,0.0917344018816948,0.08231288194656372,0.2777252197265625,0.9136759638786316,0.8022246956825256,0.11502744257450104,0.10038352012634277,0.088409423828125,0.8952280879020691,0.7985965609550476,0.14518745243549347,0.12641894817352295,0.0515187606215477,0.8659769892692566,0.8065394759178162
ai_046_001_cam_00_frame.0092,test,ai_046_001,92,0.02402755431830883,0.02215535007417202,0.53607177734375,0.9871368408203125,0.8536927103996277,0.020973315462470055,0.018759693950414658,0.6560109853744507,0.9870452880859375,0.8554803133010864,0.02625919133424759,0.022769153118133545,0.5283203125,0.9868876338005066,0.8578848838806152,0.037955693900585175,0.03266448900103569,0.3617909848690033,0.9835408926010132,0.8483254313468933
ai_046_001_cam_00_frame.0099,test,ai_046_001,99,0.03284108266234398,0.028333401307463646,0.64593505859375,0.9769134521484375,0.8788189888000488,0.03477955982089043,0.029490232467651367,0.6372630000114441,0.9748586416244507,0.8786728978157043,0.042642705142498016,0.03471217676997185,0.4969228208065033,0.9742228388786316,0.8791835904121399,0.053158603608608246,0.041445132344961166,0.4202525019645691,0.9739024043083191,0.871242880821228
ai_048_001_cam_00_frame.0000,test,ai_048_001,0,0.04869082197546959,0.04325571656227112,0.2702128291130066,0.9816335439682007,0.8681785464286804,0.04883091151714325,0.04181519150733948,0.330322265625,0.9808553457260132,0.8612138032913208,0.05821556970477104,0.048780761659145355,0.2063802182674408,0.957550048828125,0.8512468338012695,0.07254718244075775,0.06192498654127121,0.1414591521024704,0.9346975088119507,0.8373255133628845
ai_048_001_cam_00_frame.0007,test,ai_048_001,7,0.04115406796336174,0.033523738384246826,0.3123677670955658,0.9888916015625,0.8490210771560669,0.03939056396484375,0.0307704359292984,0.3828837275505066,0.9887186884880066,0.8452875018119812,0.04747112840414047,0.03712024539709091,0.22064208984375,0.9883880615234375,0.8404421210289001,0.06100192666053772,0.04999036714434624,0.1242726668715477,0.9883524775505066,0.8328866362571716
ai_048_001_cam_00_frame.0013,test,ai_048_001,13,0.046194612979888916,0.04033353179693222,0.2420857846736908,0.9848226308822632,0.8131662607192993,0.04319019243121147,0.03606264293193817,0.3433583676815033,0.9849192500114441,0.8130813837051392,0.04590817540884018,0.037112683057785034,0.2515614926815033,0.9854838252067566,0.8016902208328247,0.05494506657123566,0.044571518898010254,0.2104695737361908,0.9859822988510132,0.7955633997917175
ai_048_001_cam_00_frame.0020,test,ai_048_001,20,0.03555680438876152,0.028849206864833832,0.4473978877067566,0.9819590449333191,0.8411831855773926,0.03720424324274063,0.029226168990135193,0.3855082392692566,0.9817861318588257,0.8367503881454468,0.05592093616724014,0.04547182843089104,0.124847412109375,0.9818267822265625,0.8239003419876099,0.07852455973625183,0.06711231172084808,0.0772959440946579,0.9757436513900757,0.8093006610870361
ai_048_001_cam_00_frame.0026,test,ai_048_001,26,0.04270549118518829,0.03832711651921272,0.2549998164176941,0.9929606318473816,0.8547255992889404,0.04006490856409073,0.03527877852320671,0.2189483642578125,0.9930267333984375,0.8312729001045227,0.03820393607020378,0.030453233048319817,0.3001302182674408,0.9885457754135132,0.8069040775299072,0.04396700859069824,0.033426087349653244,0.3081156611442566,0.9821929931640625,0.7847037315368652
ai_048_001_cam_00_frame.0033,test,ai_048_001,33,0.05261833965778351,0.050796981900930405,0.172393798828125,0.9809367060661316,0.8734118938446045,0.04929795488715172,0.04700109362602234,0.252593994140625,0.9894866943359375,0.8651999235153198,0.0458650104701519,0.041677407920360565,0.3251393735408783,0.995758056640625,0.848861038684845,0.04675159975886345,0.04042533412575722,0.28839111328125,0.9958903193473816,0.8175293207168579
ai_048_001_cam_00_frame.0040,test,ai_048_001,40,0.03611789643764496,0.030759580433368683,0.3677622675895691,0.9873911738395691,0.8222671151161194,0.0419052317738533,0.036266472190618515,0.1778513640165329,0.98736572265625,0.8106716871261597,0.057360537350177765,0.05032731592655182,0.0996856689453125,0.986053466796875,0.7846022844314575,0.07613464444875717,0.06735089421272278,0.058929443359375,0.9784495234489441,0.7623454332351685
ai_048_001_cam_00_frame.0046,test,ai_048_001,46,0.0582224503159523,0.05359141528606415,0.1551157683134079,0.9838511347770691,0.8382840752601624,0.05805325508117676,0.05322520062327385,0.1498769223690033,0.9812520742416382,0.8467028141021729,0.06395957618951797,0.058375947177410126,0.1114501953125,0.9792226552963257,0.8721766471862793,0.07285176217556,0.06633313745260239,0.1063588485121727,0.97393798828125,0.878772497177124
ai_048_001_cam_00_frame.0053,test,ai_048_001,53,0.06832144409418106,0.06051027029752731,0.1139475554227829,0.9601389765739441,0.8701923489570618,0.06462565064430237,0.058650579303503036,0.0568898543715477,0.9603983759880066,0.8678492307662964,0.06144847720861435,0.05407537519931793,0.1595865935087204,0.9615580439567566,0.8385757803916931,0.06598427146673203,0.056759029626846313,0.1994832456111908,0.96026611328125,0.7770245671272278
ai_048_001_cam_00_frame.0059,test,ai_048_001,59,0.04543520510196686,0.03792274743318558,0.3627578020095825,0.9828132390975952,0.838758111000061,0.04552245885133743,0.03604235127568245,0.35768672823905945,0.9840847849845886,0.8319896459579468,0.05715767294168472,0.04520634934306145,0.18072785437107086,0.9825436472892761,0.8036078810691833,0.07432463020086288,0.05986233428120613,0.13049006462097168,0.9800564050674438,0.7887982130050659
ai_048_001_cam_00_frame.0066,test,ai_048_001,66,0.06974861770868301,0.060258474200963974,0.24503198266029358,0.9208523035049438,0.8034211993217468,0.06383202224969864,0.051277343183755875,0.31532958149909973,0.9225104451179504,0.7952342629432678,0.06424498558044434,0.0510924831032753,0.29772594571113586,0.9227138757705688,0.7626737356185913,0.07181219011545181,0.05798247456550598,0.16221192479133606,0.9236802458763123,0.746029257774353
ai_048_001_cam_00_frame.0073,test,ai_048_001,73,0.0940362960100174,0.07040566205978394,0.1851755827665329,0.9271087646484375,0.8363067507743835,0.09943164885044098,0.07235999405384064,0.1280873715877533,0.9300994873046875,0.834316074848175,0.11281852424144745,0.08075021207332611,0.0667673796415329,0.9327647089958191,0.8025524616241455,0.12741339206695557,0.09016790241003036,0.0854085311293602,0.9093221426010132,0.7592361569404602
ai_048_001_cam_00_frame.0079,test,ai_048_001,79,0.04987918585538864,0.04321042820811272,0.1344808042049408,0.9866485595703125,0.8308901786804199,0.046570029109716415,0.03853531926870346,0.2074839323759079,0.9866740107536316,0.8209296464920044,0.0480060875415802,0.0381016805768013,0.2206827849149704,0.9866994619369507,0.7757686972618103,0.05459406226873398,0.04485243186354637,0.1608022153377533,0.9867960810661316,0.7458910942077637
ai_048_001_cam_00_frame.0086,test,ai_048_001,86,0.03716057166457176,0.03260178491473198,0.219329833984375,0.993133544921875,0.7755320072174072,0.035730816423892975,0.030705561861395836,0.2294515073299408,0.9931386709213257,0.7668821811676025,0.038641225546598434,0.032234858721494675,0.2605794370174408,0.9931132197380066,0.7546057105064392,0.046242114156484604,0.03871319442987442,0.1956838071346283,0.9915822744369507,0.734978437423706
ai_048_001_cam_00_frame.0092,test,ai_048_001,92,0.04205977916717529,0.03372243046760559,0.1483408659696579,0.9991048574447632,0.862729012966156,0.040375690907239914,0.030334658920764923,0.1534373015165329,0.9991404414176941,0.8586862683296204,0.04631202667951584,0.03464705869555473,0.1456756591796875,0.9990895986557007,0.8417651653289795,0.05841013789176941,0.04455531761050224,0.1525472104549408,0.9989980459213257,0.8354750871658325
ai_048_001_cam_00_frame.0099,test,ai_048_001,99,0.0659351646900177,0.06236947700381279,0.2060801237821579,0.973052978515625,0.8580850958824158,0.0591147318482399,0.053602904081344604,0.2009073942899704,0.9738668203353882,0.8462396264076233,0.06016760319471359,0.0514443963766098,0.1851552426815033,0.9751688838005066,0.82930588722229,0.07328744232654572,0.06018220633268356,0.2017364501953125,0.9714406728744507,0.8124175667762756
ai_052_001_cam_00_frame.0000,test,ai_052_001,0,0.039458803832530975,0.03609108924865723,0.1981353759765625,0.9858856201171875,0.8061373829841614,0.037579815834760666,0.03430847451090813,0.2507985532283783,0.9855448603630066,0.8065757751464844,0.04437211900949478,0.04011999070644379,0.2770487666130066,0.9854482412338257,0.8044567704200745,0.059146150946617126,0.054058536887168884,0.1523335874080658,0.98486328125,0.7987020611763
ai_052_001_cam_00_frame.0007,test,ai_052_001,7,0.03724489361047745,0.03308863192796707,0.2820281982421875,0.9853872060775757,0.8274464011192322,0.03825175762176514,0.035151779651641846,0.2494100034236908,0.9853973388671875,0.8310359120368958,0.047761332243680954,0.04385673254728317,0.2249959409236908,0.98553466796875,0.829720139503479,0.06376640498638153,0.058682702481746674,0.1233011931180954,0.9784342646598816,0.8265668749809265
ai_052_001_cam_00_frame.0013,test,ai_052_001,13,0.04110773652791977,0.036191489547491074,0.2321624755859375,0.985260009765625,0.8153082728385925,0.040299512445926666,0.035679467022418976,0.3006744384765625,0.9838002920150757,0.8149354457855225,0.046708591282367706,0.04259627312421799,0.2556101679801941,0.9799346923828125,0.8086369037628174,0.060335345566272736,0.054170526564121246,0.19207763671875,0.9670257568359375,0.7950573563575745
ai_052_001_cam_00_frame.0020,test,ai_052_001,20,0.029069246724247932,0.02655203826725483,0.31719064712524414,0.990971565246582,0.8180677890777588,0.028533345088362694,0.026088280603289604,0.35755160450935364,0.9912106394767761,0.8145208358764648,0.034332748502492905,0.03132634237408638,0.2983097732067108,0.9911953806877136,0.7995174527168274,0.04329860582947731,0.0392451211810112,0.22922569513320923,0.9909054636955261,0.7858176231384277
ai_052_001_cam_00_frame.0026,test,ai_052_001,26,0.03584222123026848,0.02824496477842331,0.25504568219184875,0.9889422059059143,0.861512303352356,0.03677160292863846,0.028934776782989502,0.22180117666721344,0.9890236258506775,0.8582102656364441,0.041574351489543915,0.03265586122870445,0.203408882021904,0.98885577917099,0.8538209795951843,0.0491388700902462,0.03872807323932648,0.15906593203544617,0.9886624813079834,0.8404155373573303
ai_052_001_cam_00_frame.0033,test,ai_052_001,33,0.08722920715808868,0.06526096910238266,0.3113810420036316,0.955657958984375,0.7684997916221619,0.0846194252371788,0.06746767461299896,0.2434844970703125,0.9545440673828125,0.767723023891449,0.08285881578922272,0.07175986468791962,0.1681722104549408,0.9489695429801941,0.7603155970573425,0.093752920627594,0.07895102351903915,0.1637420654296875,0.949066162109375,0.7537118792533875
ai_052_001_cam_00_frame.0040,test,ai_052_001,40,0.030195973813533783,0.024280797690153122,0.282135009765625,0.992523193359375,0.913473904132843,0.024001818150281906,0.020147250965237617,0.5140228271484375,0.9925893545150757,0.9121399521827698,0.026176845654845238,0.024377768859267235,0.2621104121208191,0.9925791621208191,0.88003009557724,0.03649010509252548,0.0336725153028965,0.189117431640625,0.992919921875,0.8614779710769653
ai_052_001_cam_00_frame.0046,test,ai_052_001,46,0.0316275916993618,0.029262814670801163,0.2434743344783783,0.9893850088119507,0.8691236972808838,0.029670557007193565,0.02620358020067215,0.3592020869255066,0.9897105097770691,0.8655709028244019,0.03379473462700844,0.02884500101208687,0.3436177670955658,0.991485595703125,0.855400800704956,0.04131334647536278,0.03509052097797394,0.2610066831111908,0.9925486445426941,0.8510535955429077
ai_052_001_cam_00_frame.0053,test,ai_052_001,53,0.045739300549030304,0.04126443713903427,0.2077585905790329,0.9799296259880066,0.8334680795669556,0.042078711092472076,0.037867166101932526,0.3061269223690033,0.9802144765853882,0.8326590657234192,0.04389360547065735,0.03970880061388016,0.2230936735868454,0.9769744873046875,0.8238861560821533,0.05573199689388275,0.04992684721946716,0.1194814071059227,0.9766286611557007,0.8122100830078125
ai_052_001_cam_00_frame.0059,test,ai_052_001,59,0.03891395032405853,0.034075431525707245,0.2203521728515625,0.9829203486442566,0.8186563849449158,0.03757795691490173,0.033532388508319855,0.3544515073299408,0.98284912109375,0.8190479874610901,0.043871909379959106,0.040243253111839294,0.2733968198299408,0.9828338623046875,0.8187940120697021,0.05708389729261398,0.05232752859592438,0.1370290219783783,0.9826151728630066,0.8188245892524719
ai_052_001_cam_00_frame.0066,test,ai_052_001,66,0.03092784248292446,0.028216151520609856,0.3222402036190033,0.9890493154525757,0.8187119364738464,0.031141754239797592,0.02855667471885681,0.37548828125,0.9892120361328125,0.8179437518119812,0.043480806052684784,0.04033632203936577,0.2073160856962204,0.9882049560546875,0.8085392117500305,0.05964497849345207,0.05534760653972626,0.174224853515625,0.9870198965072632,0.7953552603721619
ai_052_001_cam_00_frame.0073,test,ai_052_001,73,0.04727404937148094,0.040021494030952454,0.1800689697265625,0.9874166250228882,0.8050352931022644,0.04518229886889458,0.03880225494503975,0.1900685727596283,0.987518310546875,0.8038691282272339,0.048606645315885544,0.04369798302650452,0.2515869140625,0.9877726435661316,0.8015559911727905,0.05826882645487785,0.053679581731557846,0.1648457944393158,0.9843902587890625,0.7997425198554993
ai_052_001_cam_00_frame.0079,test,ai_052_001,79,0.045987337827682495,0.037756022065877914,0.2078908383846283,0.9860484004020691,0.8247361779212952,0.046903423964977264,0.03962503746151924,0.2422892302274704,0.9861043691635132,0.8251872658729553,0.0538264736533165,0.048031073063611984,0.1943715512752533,0.9853770136833191,0.8241845369338989,0.06307286024093628,0.058181218802928925,0.1488596647977829,0.9803670644760132,0.816904604434967
ai_052_001_cam_00_frame.0086,test,ai_052_001,86,0.03896605595946312,0.034805119037628174,0.2399074286222458,0.9891456961631775,0.8464850783348083,0.037866827100515366,0.034236472100019455,0.2735332250595093,0.9888507127761841,0.8438053727149963,0.04198522865772247,0.0379449687898159,0.26392513513565063,0.9847205877304077,0.8373079299926758,0.05019478127360344,0.045554108917713165,0.21299558877944946,0.9785763025283813,0.8263974785804749
ai_052_001_cam_00_frame.0092,test,ai_052_001,92,0.047388069331645966,0.04202839732170105,0.1595865935087204,0.9819082021713257,0.8100734353065491,0.04585256800055504,0.04087994247674942,0.1907908171415329,0.9825592041015625,0.803935706615448,0.049794748425483704,0.04406904801726341,0.2035675048828125,0.9838206171989441,0.7970623970031738,0.05921535938978195,0.052802979946136475,0.1541595458984375,0.9838613271713257,0.7907167673110962
ai_052_001_cam_00_frame.0099,test,ai_052_001,99,0.037021197378635406,0.03356737270951271,0.2541351318359375,0.9863433837890625,0.8193149566650391,0.037384986877441406,0.033799685537815094,0.2702382504940033,0.9863535761833191,0.8156290054321289,0.04422513395547867,0.03973186016082764,0.2284647673368454,0.9859365224838257,0.8075816035270691,0.05487510561943054,0.04917153716087341,0.20330810546875,0.98614501953125,0.8008708953857422
