id,split,scene,frame,k0_point_rel,k0_depth_rel,k0_depth_delta_1.01,k0_depth_delta_1.25,k0_alignment_scale,k0_alignment_z_shift,k0_boundary_f1,k1_point_rel,k1_depth_rel,k1_depth_delta_1.01,k1_depth_delta_1.25,k1_alignment_scale,k1_alignment_z_shift,k1_boundary_f1,k3_point_rel,k3_depth_rel,k3_depth_delta_1.01,k3_depth_delta_1.25,k3_alignment_scale,k3_alignment_z_shift,k3_boundary_f1,k5_point_rel,k5_depth_rel,k5_depth_delta_1.01,k5_depth_delta_1.25,k5_alignment_scale,k5_alignment_z_shift,k5_boundary_f1,k0_crop_point_rel,k0_crop_depth_rel,k0_crop_depth_delta_1.01,k0_crop_depth_delta_1.25,k0_crop_boundary_f1,k0_structure_point_rel,k0_structure_depth_rel,k0_structure_depth_delta_1.01,k0_structure_depth_delta_1.25,k0_structure_boundary_f1,k1_crop_point_rel,k1_crop_depth_rel,k1_crop_depth_delta_1.01,k1_crop_depth_delta_1.25,k1_crop_boundary_f1,k1_structure_point_rel,k1_structure_depth_rel,k1_structure_depth_delta_1.01,k1_structure_depth_delta_1.25,k1_structure_boundary_f1,k3_crop_point_rel,k3_crop_depth_rel,k3_crop_depth_delta_1.01,k3_crop_depth_delta_1.25,k3_crop_boundary_f1,k3_structure_point_rel,k3_structure_depth_rel,k3_structure_depth_delta_1.01,k3_structure_depth_delta_1.25,k3_structure_boundary_f1,k5_crop_point_rel,k5_crop_depth_rel,k5_crop_depth_delta_1.01,k5_crop_depth_delta_1.25,k5_crop_boundary_f1,k5_structure_point_rel,k5_structure_depth_rel,k5_structure_depth_delta_1.01,k5_structure_depth_delta_1.25,k5_structure_boundary_f1
ai_001_001_cam_00_frame.0000,train,ai_001_001,0,0.015143867582082748,0.013398188166320324,0.5213216543197632,0.9998626708984375,2.375182867050171,0.020506858825683594,0.8539453148841858,0.010809652507305145,0.009507893584668636,0.7301177978515625,0.9998525381088257,2.428921937942505,0.010505914688110352,0.844946026802063,0.010124174878001213,0.008519886992871761,0.7804616689682007,0.999786376953125,2.524275541305542,0.023786306381225586,0.8419135808944702,0.01577134244143963,0.01365092396736145,0.5554911494255066,0.9989776611328125,2.6221299171447754,0.030478954315185547,0.8215867280960083,,,,,,,,,,,,,,,,,,,,,,,,,,,,,,,,,,,,,,,,
ai_001_001_cam_00_frame.0014,train,ai_001_001,14,0.007504054345190525,0.006356716156005859,0.8680318593978882,0.9989522695541382,2.084052562713623,-0.01754581928253174,0.8891149163246155,0.007436628453433514,0.006388769950717688,0.8542938232421875,0.9990133047103882,2.1263415813446045,-0.014816641807556152,0.8925273418426514,0.009291489608585835,0.00833599641919136,0.7133229970932007,0.9990590810775757,2.212662935256958,-0.008066892623901367,0.9017047882080078,0.013257394544780254,0.011501969769597054,0.6040446162223816,0.9990590810775757,2.299875259399414,0.0020563602447509766,0.9132803082466125,,,,,,,,,,,,,,,,,,,,,,,,,,,,,,,,,,,,,,,,
ai_001_001_cam_00_frame.0028,train,ai_001_001,28,0.007128773257136345,0.00609563197940588,0.8666433095932007,0.9999186396598816,2.2590043544769287,0.015695571899414062,0.9221713542938232,0.006396058946847916,0.005401375703513622,0.9149373769760132,0.9988352656364441,2.301168918609619,0.020761966705322266,0.9287039041519165,0.007024980150163174,0.005932440981268883,0.9052785634994507,0.99884033203125,2.390838623046875,0.023560285568237305,0.9060611128807068,0.009721566922962666,0.00841325893998146,0.7315165400505066,0.9988810420036316,2.483368158340454,0.025136232376098633,0.8866900205612183,,,,,,,,,,,,,,,,,,,,,,,,,,,,,,,,,,,,,,,,
ai_001_001_cam_00_frame.0043,train,ai_001_001,43,0.005710942670702934,0.004800293128937483,0.9289398193359375,0.9999542236328125,1.9568144083023071,0.0058858394622802734,0.9122350811958313,0.0055380575358867645,0.004760976880788803,0.9493865966796875,0.9999542236328125,1.9918773174285889,0.006756305694580078,0.9235445261001587,0.007190626114606857,0.006503585260361433,0.8042551875114441,0.9999440908432007,2.066232681274414,0.008478879928588867,0.9283308982849121,0.01085689477622509,0.010013498365879059,0.6036123037338257,0.9999440908432007,2.1460092067718506,0.0073091983795166016,0.9194431304931641,,,,,,,,,,,,,,,,,,,,,,,,,,,,,,,,,,,,,,,,
ai_001_001_cam_00_frame.0056,train,ai_001_001,56,0.007214350625872612,0.00622177217155695,0.8363749384880066,0.9998983144760132,1.7264277935028076,0.013072729110717773,0.8851439952850342,0.005059360526502132,0.0042920042760670185,0.9104258418083191,0.9999237060546875,1.7587121725082397,0.013547182083129883,0.903200089931488,0.007439690642058849,0.006382111459970474,0.8387400507926941,0.999908447265625,1.8275233507156372,0.01888108253479004,0.9063921570777893,0.011624744161963463,0.010199732147157192,0.5837606191635132,0.998260498046875,1.8979640007019043,0.02352738380432129,0.8838471174240112,,,,,,,,,,,,,,,,,,,,,,,,,,,,,,,,,,,,,,,,
ai_001_001_cam_00_frame.0071,train,ai_001_001,71,0.012856538407504559,0.010379180312156677,0.63043212890625,0.9996592402458191,1.67726731300354,0.03162384033203125,0.8932819962501526,0.009982827119529247,0.008105684071779251,0.7189738154411316,0.9996541738510132,1.7196589708328247,0.024235010147094727,0.888248085975647,0.011053716763854027,0.009915241971611977,0.6843923330307007,0.9996236562728882,1.8051189184188843,0.013111352920532227,0.8554771542549133,0.015745537355542183,0.014320382848381996,0.5043742060661316,0.9995473623275757,1.8835078477859497,0.01231527328491211,0.8288394808769226,,,,,,,,,,,,,,,,,,,,,,,,,,,,,,,,,,,,,,,,
ai_001_001_cam_00_frame.0085,train,ai_001_001,85,0.009475240483880043,0.008315414190292358,0.8034108877182007,0.9995371699333191,2.1834757328033447,0.015693187713623047,0.9118930697441101,0.007281927391886711,0.0064438581466674805,0.8552093505859375,0.999481201171875,2.2243640422821045,0.01830434799194336,0.913523256778717,0.007635680492967367,0.006776390131562948,0.8188680410385132,0.9993998408317566,2.315924644470215,0.018219470977783203,0.9020485877990723,0.011231675744056702,0.010036246851086617,0.6674601435661316,0.9993795156478882,2.40785813331604,0.020514249801635742,0.8792717456817627,,,,,,,,,,,,,,,,,,,,,,,,,,,,,,,,,,,,,,,,
ai_001_001_cam_00_frame.0099,train,ai_001_001,99,0.020020918920636177,0.015412375330924988,0.6312001943588257,0.9931742548942566,2.2747349739074707,-0.08388185501098633,0.9309347867965698,0.016674425452947617,0.011887555941939354,0.7523397207260132,0.99652099609375,2.3159117698669434,-0.08337759971618652,0.934955358505249,0.014165125787258148,0.010083287954330444,0.7839813232421875,0.9967753291130066,2.391254425048828,-0.06446576118469238,0.9396508932113647,0.015569588169455528,0.012664604932069778,0.6369222402572632,0.9966939687728882,2.4686925411224365,-0.04158735275268555,0.914253294467926,,,,,,,,,,,,,,,,,,,,,,,,,,,,,,,,,,,,,,,,
ai_018_003_cam_00_frame.0000,train,ai_018_003,0,0.018509577959775925,0.016101842746138573,0.41455078125,0.9954122304916382,3.4547247886657715,-0.011181354522705078,0.893461287021637,0.015806198120117188,0.013669906184077263,0.5250753164291382,0.9954274892807007,3.515080690383911,-0.0015811920166015625,0.8932584524154663,0.015890181064605713,0.014055232517421246,0.520965576171875,0.9954274892807007,3.627495527267456,0.01641845703125,0.8866400122642517,0.02131563238799572,0.0190436989068985,0.4599507749080658,0.9888356924057007,3.7474472522735596,0.04255104064941406,0.8642963171005249,,,,,,,,,,,,,,,,,,,,,,,,,,,,,,,,,,,,,,,,
ai_018_003_cam_00_frame.0014,train,ai_018_003,14,0.017119091004133224,0.015187214128673077,0.5063883662223816,0.9961649775505066,3.469848155975342,0.03492450714111328,0.8305282592773438,0.016616784036159515,0.01394905336201191,0.5298258662223816,0.996368408203125,3.515101194381714,0.052616119384765625,0.8323633074760437,0.022907186299562454,0.01863643154501915,0.5072428584098816,0.9887136220932007,3.6261439323425293,0.07414484024047852,0.7910206317901611,0.02714892290532589,0.021447397768497467,0.4483134150505066,0.9886373281478882,3.7481179237365723,0.09177970886230469,0.804443359375,,,,,,,,,,,,,,,,,,,,,,,,,,,,,,,,,,,,,,,,
ai_018_003_cam_00_frame.0028,train,ai_018_003,28,0.036864541471004486,0.03402578830718994,0.5022074580192566,0.9822540283203125,3.3781824111938477,-0.023288726806640625,0.7206331491470337,0.03280266001820564,0.030420757830142975,0.4734090268611908,0.9832814931869507,3.446540594100952,-0.017514467239379883,0.7260080575942993,0.02775505743920803,0.02574910782277584,0.41119384765625,0.98675537109375,3.58487868309021,-0.011320114135742188,0.7320083975791931,0.024456176906824112,0.022600902244448662,0.3673604428768158,0.9958750605583191,3.730724811553955,-0.018804073333740234,0.7117311954498291,,,,,,,,,,,,,,,,,,,,,,,,,,,,,,,,,,,,,,,,
ai_018_003_cam_00_frame.0042,train,ai_018_003,42,0.01677393540740013,0.01477842591702938,0.6775665283203125,0.9941558837890625,2.8642423152923584,0.019836068153381348,0.9236889481544495,0.013254782184958458,0.011675669811666012,0.7117716670036316,0.9966787099838257,2.9185709953308105,0.020536303520202637,0.917217493057251,0.013092427514493465,0.011663026176393032,0.6957651972770691,0.9958140254020691,3.0266079902648926,0.022920608520507812,0.9081583619117737,0.015685223042964935,0.014194711111485958,0.611114501953125,0.9959462881088257,3.1410348415374756,0.025774121284484863,0.8937047719955444,,,,,,,,,,,,,,,,,,,,,,,,,,,,,,,,,,,,,,,,
ai_018_003_cam_00_frame.0057,train,ai_018_003,57,0.01861254870891571,0.017331384122371674,0.3626251220703125,0.996551513671875,4.116530418395996,-0.07853555679321289,0.937976598739624,0.016309678554534912,0.015309015288949013,0.4096476435661316,0.99652099609375,4.203400135040283,-0.0735924243927002,0.9394252300262451,0.016193006187677383,0.014541968703269958,0.4901021420955658,0.9964091181755066,4.372858047485352,-0.0643775463104248,0.9333751797676086,0.021092519164085388,0.019166309386491776,0.344940185546875,0.9940236806869507,4.553224563598633,-0.05770683288574219,0.921999454498291,,,,,,,,,,,,,,,,,,,,,,,,,,,,,,,,,,,,,,,,
ai_018_003_cam_00_frame.0071,train,ai_018_003,71,0.013492252677679062,0.011931265704333782,0.736083984375,0.9978536367416382,2.9216647148132324,0.014296650886535645,0.9571012258529663,0.012154869735240936,0.010680006816983223,0.7515360713005066,0.9979044795036316,2.980785608291626,0.0171506404876709,0.9567880034446716,0.01177249662578106,0.010152630507946014,0.6952362060546875,0.9979502558708191,3.1019649505615234,0.024017810821533203,0.946456789970398,0.013666672632098198,0.011656585149466991,0.6176554560661316,0.9979960322380066,3.2335288524627686,0.032807350158691406,0.9462851881980896,,,,,,,,,,,,,,,,,,,,,,,,,,,,,,,,,,,,,,,,
ai_018_003_cam_00_frame.0085,train,ai_018_003,85,0.025625472888350487,0.021179554983973503,0.2892507016658783,0.996185302734375,3.466593027114868,-0.052384376525878906,0.8337841033935547,0.01977909915149212,0.017660975456237793,0.370635986328125,0.9961090087890625,3.516385078430176,-0.013162732124328613,0.8326227068901062,0.02203821763396263,0.019762573763728142,0.3510182797908783,0.9927114248275757,3.640862226486206,0.04049575328826904,0.802287220954895,0.03664511442184448,0.03175095468759537,0.1834157407283783,0.987548828125,3.7527060508728027,0.0935291051864624,0.7735725045204163,,,,,,,,,,,,,,,,,,,,,,,,,,,,,,,,,,,,,,,,
ai_018_003_cam_00_frame.0099,train,ai_018_003,99,0.015336970798671246,0.014279790222644806,0.5853933095932007,0.9979909658432007,3.6468634605407715,0.026572227478027344,0.9428582787513733,0.013879038393497467,0.012849132530391216,0.5830281972885132,0.9979604482650757,3.7026398181915283,0.03148937225341797,0.9460734724998474,0.019780315458774567,0.018207972869277,0.4998779296875,0.9941355586051941,3.827731132507324,0.023630142211914062,0.9180507659912109,0.025134745985269547,0.02304185926914215,0.3707478940486908,0.9940643310546875,3.95188570022583,0.011827468872070312,0.8899508714675903,,,,,,,,,,,,,,,,,,,,,,,,,,,,,,,,,,,,,,,,
ai_036_002_cam_00_frame.0000,train,ai_036_002,0,0.058839164674282074,0.049507446587085724,0.355743408203125,0.9641164541244507,3.6718125343322754,-0.30270081758499146,0.8831793069839478,0.05096591264009476,0.04266902059316635,0.3953043818473816,0.9707438349723816,3.735670804977417,-0.296048641204834,0.8869617581367493,0.04171370714902878,0.034337326884269714,0.463623046875,0.97418212890625,3.8681986331939697,-0.28928661346435547,0.8821606636047363,0.03863678127527237,0.03143452852964401,0.5194956660270691,0.9767354726791382,4.006083011627197,-0.2816181182861328,0.882499098777771,,,,,,,,,,,,,,,,,,,,,,,,,,,,,,,,,,,,,,,,
ai_036_002_cam_00_frame.0014,train,ai_036_002,14,0.09203576296567917,0.07655372470617294,0.22357177734375,0.9490509033203125,3.827192783355713,-0.5733752250671387,0.8712195158004761,0.08172042667865753,0.06379100680351257,0.3597615659236908,0.949432373046875,3.9446518421173096,-0.7259936332702637,0.8706798553466797,0.06506530940532684,0.046093717217445374,0.312530517578125,0.9723358154296875,4.101928234100342,-0.6965484619140625,0.8265647888183594,0.05363982915878296,0.0411069430410862,0.2606557309627533,0.9772084951400757,4.187974452972412,-0.46169567108154297,0.7867612242698669,,,,,,,,,,,,,,,,,,,,,,,,,,,,,,,,,,,,,,,,
ai_036_002_cam_00_frame.0028,train,ai_036_002,28,0.02416965365409851,0.02135343849658966,0.328155517578125,0.9940389394760132,3.6832077503204346,-0.13229942321777344,0.6959103345870972,0.022209540009498596,0.019368432462215424,0.3564504086971283,0.9940592646598816,3.763617992401123,-0.12711286544799805,0.7070235013961792,0.023187004029750824,0.019550157710909843,0.4196319580078125,0.9895833730697632,3.9304909706115723,-0.12892866134643555,0.7170974612236023,0.02662704512476921,0.022027134895324707,0.4481252133846283,0.9881235957145691,4.102086067199707,-0.13973617553710938,0.7123429775238037,,,,,,,,,,,,,,,,,,,,,,,,,,,,,,,,,,,,,,,,
ai_036_002_cam_00_frame.0042,train,ai_036_002,42,0.023329030722379684,0.02183046191930771,0.4489085078239441,0.9966176748275757,3.578925609588623,-0.4320363998413086,0.7858769297599792,0.020855015143752098,0.019288891926407814,0.4954783320426941,0.9967142939567566,3.6520161628723145,-0.4214029312133789,0.7943093776702881,0.019635004922747612,0.01782441884279251,0.4914957880973816,0.9971567988395691,3.816831588745117,-0.4216609001159668,0.807299017906189,0.020684603601694107,0.018477384001016617,0.4468434751033783,0.9963836669921875,3.988056182861328,-0.41982364654541016,0.8057647943496704,,,,,,,,,,,,,,,,,,,,,,,,,,,,,,,,,,,,,,,,
ai_036_002_cam_00_frame.0057,train,ai_036_002,57,0.019986899569630623,0.013510061427950859,0.7015737295150757,0.9907379150390625,3.0880119800567627,-0.18400192260742188,0.8521386384963989,0.017718210816383362,0.011987241916358471,0.7151336669921875,0.9950053095817566,3.145688056945801,-0.17958402633666992,0.8506456613540649,0.018531570211052895,0.014380182139575481,0.5749410390853882,0.9921213984489441,3.276782512664795,-0.17773199081420898,0.8019284009933472,0.02231844887137413,0.018965665251016617,0.4400227963924408,0.9912821650505066,3.416719436645508,-0.1824951171875,0.7950857281684875,,,,,,,,,,,,,,,,,,,,,,,,,,,,,,,,,,,,,,,,
ai_036_002_cam_00_frame.0071,train,ai_036_002,71,0.028988361358642578,0.025746390223503113,0.3717975616455078,0.9892069101333618,3.8875787258148193,-0.32944202423095703,0.7992287278175354,0.025313107296824455,0.022249937057495117,0.411882609128952,0.9893696904182434,3.9760236740112305,-0.3337836265563965,0.8135733008384705,0.023458262905478477,0.020350493490695953,0.474164217710495,0.9897104501724243,4.156638145446777,-0.34356260299682617,0.8253013491630554,0.02598177269101143,0.022649936378002167,0.49996188282966614,0.9822539687156677,4.33651876449585,-0.3355522155761719,0.8184599280357361,,,,,,,,,,,,,,,,,,,,,,,,,,,,,,,,,,,,,,,,
ai_036_002_cam_00_frame.0085,train,ai_036_002,85,0.047379981726408005,0.04205835983157158,0.274566650390625,0.9853159785270691,3.5463345050811768,-0.5157289505004883,0.7641639113426208,0.0413060300052166,0.036575838923454285,0.2766520380973816,0.9917399287223816,3.621462106704712,-0.5192270278930664,0.775583028793335,0.03580785542726517,0.03205254673957825,0.157073974609375,0.991455078125,3.764824628829956,-0.47322511672973633,0.7800369262695312,0.03569846972823143,0.03187214583158493,0.1961873471736908,0.9864553213119507,3.9144697189331055,-0.4647541046142578,0.7717941999435425,,,,,,,,,,,,,,,,,,,,,,,,,,,,,,,,,,,,,,,,
ai_036_002_cam_00_frame.0099,train,ai_036_002,99,0.024931233376264572,0.019427550956606865,0.5016734004020691,0.9882456660270691,3.9357597827911377,-0.14471864700317383,0.7200011014938354,0.020607730373740196,0.015786301344633102,0.5807952880859375,0.9918721914291382,4.0113372802734375,-0.12581777572631836,0.7356297373771667,0.020922359079122543,0.017125895246863365,0.5259348750114441,0.9917196035385132,4.1708502769470215,-0.10776042938232422,0.7306079864501953,0.023825950920581818,0.02006610669195652,0.41668701171875,0.9918060302734375,4.344925880432129,-0.0937657356262207,0.7287130355834961,,,,,,,,,,,,,,,,,,,,,,,,,,,,,,,,,,,,,,,,
ai_019_007_cam_00_frame.0000,train,ai_019_007,0,0.1364160180091858,0.12851467728614807,0.035186767578125,0.8102773427963257,2.8161299228668213,-0.27655088901519775,0.753689706325531,0.1318867802619934,0.12375620007514954,0.03619384765625,0.8308004140853882,2.867659568786621,-0.26593828201293945,0.7455492615699768,0.1280445158481598,0.11927396059036255,0.0372314453125,0.8442230224609375,2.9772756099700928,-0.25767195224761963,0.7280804514884949,0.1270323395729065,0.11821432411670685,0.02779134176671505,0.8477020263671875,3.0927228927612305,-0.22915399074554443,0.7260926365852356,,,,,,,,,,,,,,,,,,,,,,,,,,,,,,,,,,,,,,,,
ai_024_008_cam_00_frame.0099,train,ai_024_008,99,0.11242666095495224,0.10640137642621994,0.0576578788459301,0.8877360224723816,11.778260231018066,0.451934814453125,0.7822511792182922,0.10634958744049072,0.0999465137720108,0.0732625350356102,0.8935445547103882,12.030515670776367,0.45725059509277344,0.8009883761405945,0.1016223281621933,0.09466946125030518,0.1362762451171875,0.89691162109375,12.41800594329834,0.5550413131713867,0.8022233247756958,0.10272356867790222,0.09571265429258347,0.1219889372587204,0.8971354365348816,12.795388221740723,0.6307544708251953,0.7909446954727173,,,,,,,,,,,,,,,,,,,,,,,,,,,,,,,,,,,,,,,,
ai_019_004_cam_00_frame.0000,train,ai_019_004,0,0.07968233525753021,0.07328073680400848,0.166290283203125,0.9429931640625,2.1167428493499756,-0.027137160301208496,0.9123586416244507,0.06696895509958267,0.06191253289580345,0.2366231381893158,0.9453989863395691,2.172926425933838,-0.04224228858947754,0.9116964936256409,0.05643429607152939,0.052126239985227585,0.3153178095817566,0.9455668330192566,2.2646799087524414,-0.03977060317993164,0.9044288992881775,0.05578918382525444,0.05160839483141899,0.3142954707145691,0.9451802968978882,2.3618431091308594,-0.04535341262817383,0.8974622488021851,,,,,,,,,,,,,,,,,,,,,,,,,,,,,,,,,,,,,,,,
ai_019_004_cam_00_frame.0099,train,ai_019_004,99,0.07611390948295593,0.06983792781829834,0.389923095703125,0.9313100576400757,2.5735952854156494,-0.11804723739624023,0.8447932600975037,0.06790246069431305,0.06204299256205559,0.5058695673942566,0.9350942373275757,2.629624605178833,-0.11803293228149414,0.8447072505950928,0.06927429884672165,0.06308941543102264,0.4635111689567566,0.9332021474838257,2.750369071960449,-0.1318950653076172,0.8364396691322327,0.07749404013156891,0.07075288891792297,0.302978515625,0.9296722412109375,2.869368314743042,-0.1389310359954834,0.8289511799812317,,,,,,,,,,,,,,,,,,,,,,,,,,,,,,,,,,,,,,,,
ai_052_008_cam_01_frame.0099,train,ai_052_008,99,0.03344079852104187,0.029208913445472717,0.3493552803993225,0.9815033078193665,3.790811061859131,-0.04544639587402344,0.8599691987037659,0.03033393807709217,0.02654743567109108,0.3537975251674652,0.9832435846328735,3.8691248893737793,-0.04343521595001221,0.8611320853233337,0.03020668961107731,0.0272979699075222,0.3548305034637451,0.983635425567627,4.020110607147217,-0.035996437072753906,0.8774321675300598,0.035324227064847946,0.03234272450208664,0.281917542219162,0.9809435606002808,4.170055389404297,-0.028601646423339844,0.8769072890281677,,,,,,,,,,,,,,,,,,,,,,,,,,,,,,,,,,,,,,,,
ai_026_013_cam_00_frame.0000,train,ai_026_013,0,0.06168732792139053,0.04241381585597992,0.1585642546415329,0.9832204580307007,19.933698654174805,0.21746158599853516,0.8349705934524536,0.05627167224884033,0.03664282709360123,0.2155507504940033,0.985870361328125,20.411468505859375,0.20333099365234375,0.8374513983726501,0.05548562854528427,0.03693528473377228,0.2324269711971283,0.985321044921875,21.513011932373047,0.024354934692382812,0.8354666233062744,0.059728335589170456,0.043239276856184006,0.1908721923828125,0.9828948974609375,22.724266052246094,-0.22211074829101562,0.832040011882782,,,,,,,,,,,,,,,,,,,,,,,,,,,,,,,,,,,,,,,,
ai_055_006_cam_00_frame.0000,train,ai_055_006,0,0.06303994357585907,0.054398320615291595,0.2217610776424408,0.9560343623161316,4.505159854888916,0.1437060832977295,0.8040070533752441,0.057794567197561264,0.05025992915034294,0.2313232421875,0.9567210078239441,4.608140468597412,0.12404370307922363,0.8042649626731873,0.05487291142344475,0.0469428151845932,0.3308563232421875,0.9573923945426941,4.786165237426758,0.12347698211669922,0.7954177260398865,0.055711016058921814,0.04863854497671127,0.2852020263671875,0.956817626953125,4.971695423126221,0.10115337371826172,0.7808578610420227,,,,,,,,,,,,,,,,,,,,,,,,,,,,,,,,,,,,,,,,
ai_054_008_cam_00_frame.0000,train,ai_054_008,0,0.07764063775539398,0.07338782399892807,0.38282233476638794,0.8844731450080872,4.805347919464111,-0.08901596069335938,0.4702131152153015,0.07183273136615753,0.06784780323505402,0.4336899518966675,0.8847681879997253,4.8847551345825195,-0.08426165580749512,0.4743041694164276,0.06661729514598846,0.06295876204967499,0.4856767952442169,0.8852972984313965,5.043855667114258,-0.06657838821411133,0.4786919057369232,0.06824929267168045,0.06452549248933792,0.45591115951538086,0.8860400319099426,5.237163066864014,-0.06093549728393555,0.4713652729988098,0.09098809957504272,0.08888599276542664,0.11902240663766861,0.9242362380027771,0.7242017984390259,0.08976026624441147,0.08666519075632095,0.056264594197273254,0.9731168150901794,0.48025476932525635,0.07588998973369598,0.07415465265512466,0.17162254452705383,0.9244534969329834,0.7241634726524353,0.06714775413274765,0.06470394879579544,0.10612067580223083,0.973334014415741,0.47958964109420776,0.062083594501018524,0.060728769749403,0.2625662088394165,0.9255397319793701,0.7363561391830444,0.04613883048295975,0.044431447982788086,0.2788790464401245,0.9740943908691406,0.49439045786857605,0.06774670630693436,0.06639475375413895,0.27486762404441833,0.9249694347381592,0.7445605397224426,0.04495317116379738,0.04340270161628723,0.3238472640514374,0.9739314317703247,0.49561837315559387
ai_044_009_cam_00_frame.0000,train,ai_044_009,0,0.12322191894054413,0.11296834796667099,0.2105051726102829,0.8557586669921875,4.940235137939453,-0.3195352554321289,0.3729570209980011,0.11721324920654297,0.10777115821838379,0.2450154721736908,0.8557536005973816,5.001810550689697,-0.29381370544433594,0.3681204617023468,0.10967874526977539,0.10144595801830292,0.346923828125,0.8556976318359375,5.1274943351745605,-0.24277210235595703,0.3617197573184967,0.10810554027557373,0.1005324125289917,0.35223388671875,0.8555043935775757,5.287798881530762,-0.21077775955200195,0.35773807764053345,,,,,,,,,,,,,,,,,,,,,,,,,,,,,,,,,,,,,,,,
ai_052_010_cam_00_frame.0000,train,ai_052_010,0,0.05284745618700981,0.04598609730601311,0.1299794614315033,0.9799652099609375,3.1546919345855713,-0.10877752304077148,0.8212088942527771,0.043712031096220016,0.0385516993701458,0.24053955078125,0.9824880361557007,3.191786289215088,-0.07332563400268555,0.820266842842102,0.036877647042274475,0.03368289768695831,0.3381246030330658,0.9821116328239441,3.258756399154663,-0.011793136596679688,0.814225435256958,0.04086334630846977,0.036478441208601,0.2569427490234375,0.9811452627182007,3.3388447761535645,0.04207968711853027,0.8081474900245667,,,,,,,,,,,,,,,,,,,,,,,,,,,,,,,,,,,,,,,,
ai_052_004_cam_00_frame.0000,train,ai_052_004,0,0.05069960281252861,0.047073543071746826,0.4175822138786316,0.9506327509880066,5.141470909118652,0.04521322250366211,0.7644561529159546,0.04646701738238335,0.04323718696832657,0.4905242919921875,0.955474853515625,5.245461940765381,0.05533027648925781,0.7609307765960693,0.048363860696554184,0.04476317763328552,0.3636830747127533,0.9563039541244507,5.435428142547607,0.08112525939941406,0.7508878707885742,0.05511539429426193,0.050559915602207184,0.2952779233455658,0.9555511474609375,5.6588664054870605,0.10921382904052734,0.7376533150672913,,,,,,,,,,,,,,,,,,,,,,,,,,,,,,,,,,,,,,,,
ai_053_018_cam_00_frame.0000,train,ai_053_018,0,0.14558686316013336,0.12154697626829147,0.051488395780324936,0.8417248725891113,4.414933204650879,-0.25956296920776367,0.9476383924484253,0.12844963371753693,0.10514271259307861,0.2187061309814453,0.8419435620307922,4.536238193511963,-0.2681560516357422,0.9484183192253113,0.11124305427074432,0.08981286734342575,0.15121473371982574,0.8418316841125488,4.728808879852295,-0.2865896224975586,0.9458723664283752,0.09953649342060089,0.07663602381944656,0.14656032621860504,0.9035902619361877,4.957183361053467,-0.34613990783691406,0.9406924843788147,,,,,,,,,,,,,,,,,,,,,,,,,,,,,,,,,,,,,,,,
ai_054_006_cam_00_frame.0000,train,ai_054_006,0,0.035545386373996735,0.031866416335105896,0.4802602231502533,0.971771240234375,3.296546459197998,0.03090667724609375,0.7885097861289978,0.030947759747505188,0.02778894081711769,0.5099436640739441,0.9736430048942566,3.363690137863159,0.03468334674835205,0.7966986298561096,0.03335554152727127,0.030140621587634087,0.4362080991268158,0.9736430048942566,3.4979000091552734,0.048602938652038574,0.7970169186592102,0.03915223106741905,0.0354759618639946,0.3370310664176941,0.968414306640625,3.634493350982666,0.06052279472351074,0.7931193709373474,,,,,,,,,,,,,,,,,,,,,,,,,,,,,,,,,,,,,,,,
ai_008_004_cam_00_frame.0000,train,ai_008_004,0,0.016788285225629807,0.015713918954133987,0.6529744863510132,0.99456787109375,2.0457310676574707,0.031035423278808594,0.8806471824645996,0.012611117213964462,0.011698123067617416,0.7049662470817566,0.9940948486328125,2.0827927589416504,0.02980947494506836,0.8808063864707947,0.011430047452449799,0.010246090590953827,0.8377787470817566,0.9934946894645691,2.1635918617248535,0.030675172805786133,0.8652836084365845,0.015210960060358047,0.013521912507712841,0.6596730947494507,0.9925130605697632,2.244758129119873,0.04227590560913086,0.8584736585617065,,,,,,,,,,,,,,,,,,,,,,,,,,,,,,,,,,,,,,,,
ai_027_009_cam_02_frame.0099,train,ai_027_009,99,0.03395581617951393,0.030936866998672485,0.3335825800895691,0.9806773066520691,1.984639048576355,0.004193782806396484,0.908973753452301,0.02826237492263317,0.024822598323225975,0.4267374873161316,0.9807281494140625,2.0188512802124023,0.012392044067382812,0.9119279980659485,0.030130945146083832,0.026052244007587433,0.3616282343864441,0.9805908203125,2.093513250350952,0.024103164672851562,0.9022052884101868,0.03741161525249481,0.03246595710515976,0.2723388671875,0.9807027578353882,2.167275905609131,0.03476524353027344,0.8988159894943237,,,,,,,,,,,,,,,,,,,,,,,,,,,,,,,,,,,,,,,,
ai_048_007_cam_00_frame.0001,train,ai_048_007,1,0.03447222709655762,0.032117024064064026,0.3671875,0.97943115234375,2.4423182010650635,-0.04738020896911621,0.9110771417617798,0.027131330221891403,0.025154434144496918,0.4752349853515625,0.9820150136947632,2.4927923679351807,-0.044239044189453125,0.9164741039276123,0.026417966932058334,0.024076294153928757,0.4764353632926941,0.98260498046875,2.5743601322174072,-0.034107208251953125,0.9158435463905334,0.032027892768383026,0.029017485678195953,0.3182424008846283,0.9816640615463257,2.667921304702759,-0.023882925510406494,0.9086135625839233,,,,,,,,,,,,,,,,,,,,,,,,,,,,,,,,,,,,,,,,
ai_002_003_cam_00_frame.0000,train,ai_002_003,0,0.036233242601156235,0.03392084687948227,0.4778289794921875,0.9690755605697632,3.740361452102661,-0.04843175411224365,0.8476970195770264,0.03036688081920147,0.02860405296087265,0.5883382558822632,0.9671122431755066,3.8116681575775146,-0.04279375076293945,0.8539286851882935,0.030547520145773888,0.028822481632232666,0.5140635371208191,0.9662679433822632,3.9587185382843018,-0.030472278594970703,0.8424392938613892,0.03734228387475014,0.034957438707351685,0.3601125180721283,0.96466064453125,4.113588809967041,-0.01541900634765625,0.8287409543991089,,,,,,,,,,,,,,,,,,,,,,,,,,,,,,,,,,,,,,,,
ai_044_006_cam_01_frame.0099,train,ai_044_006,99,0.04723314195871353,0.042153798043727875,0.23886427283287048,0.9805693626403809,5.329730033874512,-0.22762012481689453,0.7433211207389832,0.04017876461148262,0.03497939929366112,0.2942771017551422,0.9808745384216309,5.403461456298828,-0.20403480529785156,0.7585872411727905,0.034967388957738876,0.02895926684141159,0.3337182104587555,0.9817901253700256,5.551596164703369,-0.16156578063964844,0.7566092014312744,0.036265306174755096,0.029781652614474297,0.28286290168762207,0.9818766117095947,5.742825031280518,-0.16207599639892578,0.7351691722869873,,,,,,,,,,,,,,,,,,,,,,,,,,,,,,,,,,,,,,,,
ai_027_005_cam_00_frame.0000,train,ai_027_005,0,0.06789571046829224,0.0603303387761116,0.3523101806640625,0.9260457754135132,9.022056579589844,-0.40348148345947266,0.8303540945053101,0.0631529688835144,0.05675189942121506,0.3621724545955658,0.9361216425895691,9.283234596252441,-0.48177146911621094,0.8316128253936768,0.06632421910762787,0.06010432541370392,0.3238169550895691,0.9375356435775757,9.670010566711426,-0.5221681594848633,0.8259921669960022,0.07295522093772888,0.0666535273194313,0.2402750700712204,0.9362233877182007,10.063373565673828,-0.5198993682861328,0.8164710402488708,,,,,,,,,,,,,,,,,,,,,,,,,,,,,,,,,,,,,,,,
ai_034_003_cam_00_frame.0000,train,ai_034_003,0,0.03149395063519478,0.02893492393195629,0.3349711298942566,0.982574462890625,5.758544445037842,-0.17699050903320312,0.8508821129798889,0.02661212347447872,0.024136636406183243,0.465362548828125,0.9822286367416382,5.883899211883545,-0.18155288696289062,0.8509036898612976,0.02790297195315361,0.02530227228999138,0.5117034912109375,0.9805908203125,6.130524635314941,-0.17617177963256836,0.8356133103370667,0.03289959579706192,0.030007045716047287,0.445709228515625,0.9800771474838257,6.382120132446289,-0.16611862182617188,0.8248494267463684,,,,,,,,,,,,,,,,,,,,,,,,,,,,,,,,,,,,,,,,
ai_045_005_cam_03_frame.0099,train,ai_045_005,99,0.08648612350225449,0.07721909880638123,0.16583251953125,0.9179534912109375,2.0227487087249756,-0.06146407127380371,0.9112001061439514,0.08588331937789917,0.07813812792301178,0.1563975065946579,0.9176687002182007,2.078447103500366,-0.07861328125,0.9177730679512024,0.08039010316133499,0.07311993092298508,0.15380859375,0.9172414541244507,2.1643643379211426,-0.07592558860778809,0.9041279554367065,0.07537226378917694,0.06802509725093842,0.156585693359375,0.9419657588005066,2.2519423961639404,-0.06628340482711792,0.893339991569519,,,,,,,,,,,,,,,,,,,,,,,,,,,,,,,,,,,,,,,,
ai_009_001_cam_00_frame.0099,train,ai_009_001,99,0.036844272166490555,0.0341438464820385,0.3976272642612457,0.976309597492218,5.310385227203369,-0.045755863189697266,0.7761706709861755,0.02987385168671608,0.027545209974050522,0.5009253621101379,0.9752392172813416,5.40733528137207,-0.0363924503326416,0.7743293046951294,0.032085660845041275,0.029323948547244072,0.46281930804252625,0.974205732345581,5.6059346199035645,-0.01837468147277832,0.7773728370666504,0.04013744369149208,0.03660796582698822,0.39124196767807007,0.9728190302848816,5.810925006866455,0.001514434814453125,0.7755778431892395,,,,,,,,,,,,,,,,,,,,,,,,,,,,,,,,,,,,,,,,
ai_055_002_cam_01_frame.0099,train,ai_055_002,99,0.03727756068110466,0.033517103642225266,0.3688812255859375,0.9786173701286316,3.2915945053100586,0.009064674377441406,0.5476677417755127,0.03178224712610245,0.028346151113510132,0.4272054135799408,0.9789632558822632,3.3520874977111816,0.011810302734375,0.5519368052482605,0.03088327869772911,0.027851253747940063,0.3546498715877533,0.9791972041130066,3.479259967803955,0.010396480560302734,0.5461236834526062,0.03736300766468048,0.03356368839740753,0.3176116943359375,0.9826507568359375,3.611865520477295,0.021285057067871094,0.5299041867256165,,,,,,,,,,,,,,,,,,,,,,,,,,,,,,,,,,,,,,,,
ai_044_002_cam_01_frame.0099,train,ai_044_002,99,0.07728506624698639,0.023469092324376106,0.36246955394744873,0.9936308264732361,6.312255382537842,-0.15576839447021484,0.8000786900520325,0.07414175570011139,0.01836906559765339,0.4682633876800537,0.99534010887146,6.436741352081299,-0.14798402786254883,0.8085123300552368,0.07637286186218262,0.024612165987491608,0.31717801094055176,0.9936460852622986,6.687823295593262,-0.12892913818359375,0.799475908279419,0.08089911192655563,0.03342327103018761,0.18874096870422363,0.9900341629981995,6.9373579025268555,-0.09418678283691406,0.778694748878479,,,,,,,,,,,,,,,,,,,,,,,,,,,,,,,,,,,,,,,,
ai_043_002_cam_00_frame.0000,val,ai_043_002,0,0.017125023528933525,0.015781667083501816,0.48805221915245056,0.994186282157898,3.277914047241211,0.030341148376464844,0.8729099631309509,0.017161337658762932,0.015769312158226967,0.49403882026672363,0.9942320585250854,3.338472366333008,0.0355377197265625,0.867672860622406,0.018693258985877037,0.017187362536787987,0.5074819326400757,0.9940489530563354,3.471176862716675,0.03462505340576172,0.8581142425537109,0.02124742791056633,0.019501784816384315,0.5052541494369507,0.9940388202667236,3.6090409755706787,0.03447079658508301,0.8493611812591553,,,,,,,,,,,,,,,,,,,,,,,,,,,,,,,,,,,,,,,,
ai_043_002_cam_00_frame.0014,val,ai_043_002,14,0.01547449640929699,0.013851635158061981,0.5770372748374939,0.9941099882125854,3.950791120529175,0.020669937133789062,0.911017656326294,0.015354863367974758,0.01366387214511633,0.6246350407600403,0.994303286075592,4.035519123077393,0.006478309631347656,0.9070007801055908,0.017606597393751144,0.015616095624864101,0.48649582266807556,0.9942320585250854,4.20117712020874,0.010808467864990234,0.8973691463470459,0.02105783112347126,0.01881532371044159,0.39128509163856506,0.993662416934967,4.367264747619629,0.011033773422241211,0.88991779088974,,,,,,,,,,,,,,,,,,,,,,,,,,,,,,,,,,,,,,,,
ai_043_002_cam_00_frame.0028,val,ai_043_002,28,0.033904314041137695,0.031036293134093285,0.3397118151187897,0.990376353263855,2.9751064777374268,-0.056212425231933594,0.7978900074958801,0.035393696278333664,0.03260499984025955,0.2175138294696808,0.9907985329627991,3.0037527084350586,-0.021129131317138672,0.7972908616065979,0.0414973683655262,0.03759179264307022,0.14682170748710632,0.9907527565956116,3.105912208557129,0.02223348617553711,0.7950758934020996,0.0462513230741024,0.04121503233909607,0.12868835031986237,0.9908189177513123,3.2271766662597656,0.053063154220581055,0.7898181676864624,,,,,,,,,,,,,,,,,,,,,,,,,,,,,,,,,,,,,,,,
ai_043_002_cam_00_frame.0042,val,ai_043_002,42,0.021413354203104973,0.020191289484500885,0.23461253941059113,0.994094729423523,3.815425157546997,0.021911144256591797,0.8217293620109558,0.021329663693904877,0.020074306055903435,0.26371657848358154,0.9942523837089539,3.8948495388031006,0.023256301879882812,0.8225301504135132,0.022250743582844734,0.020868686959147453,0.2870120108127594,0.994272768497467,4.056233882904053,0.02521991729736328,0.8233354687690735,0.023768309503793716,0.022238096222281456,0.2995702028274536,0.994430422782898,4.223989963531494,0.026372432708740234,0.8184844851493835,,,,,,,,,,,,,,,,,,,,,,,,,,,,,,,,,,,,,,,,
ai_043_002_cam_00_frame.0057,val,ai_043_002,57,0.05382842943072319,0.04812195897102356,0.24738429486751556,0.9824263453483582,1.775354266166687,0.0726468563079834,0.8000993728637695,0.053187720477581024,0.04727902635931969,0.26074129343032837,0.9826552271842957,1.8094658851623535,0.07144546508789062,0.7950260043144226,0.052342738956213,0.046104852110147476,0.27648892998695374,0.985289990901947,1.8741000890731812,0.06685996055603027,0.780364990234375,0.054005034267902374,0.04787621647119522,0.26898133754730225,0.9862971305847168,1.9525105953216553,0.04340219497680664,0.766160786151886,,,,,,,,,,,,,,,,,,,,,,,,,,,,,,,,,,,,,,,,
ai_043_002_cam_00_frame.0071,val,ai_043_002,71,0.2954651713371277,0.06603439897298813,0.077789306640625,0.9875692129135132,2.3136022090911865,-0.31658875942230225,0.8911376595497131,0.2922670245170593,0.0689600482583046,0.0738423690199852,0.9874624013900757,2.349592447280884,-0.30965834856033325,0.8922082185745239,0.3167750835418701,0.0972432792186737,0.01978047750890255,0.9762369990348816,2.4069061279296875,-0.32446175813674927,0.8860360383987427,0.3609548807144165,0.13788092136383057,0.0113983154296875,0.8495432734489441,2.4619534015655518,-0.36035603284835815,0.7885212302207947,,,,,,,,,,,,,,,,,,,,,,,,,,,,,,,,,,,,,,,,
ai_043_002_cam_00_frame.0085,val,ai_043_002,85,0.026652831584215164,0.023193828761577606,0.3411661982536316,0.99530029296875,2.902491807937622,-0.10911047458648682,0.8450196981430054,0.025886623188853264,0.022547822445631027,0.3553212583065033,0.9952647089958191,2.962010145187378,-0.10708379745483398,0.850825846195221,0.026328539475798607,0.022768273949623108,0.3785197138786316,0.9945933222770691,3.08756422996521,-0.11084175109863281,0.8430601358413696,0.02741941623389721,0.023650607094168663,0.3805694580078125,0.994110107421875,3.2118399143218994,-0.1168372631072998,0.8376853466033936,,,,,,,,,,,,,,,,,,,,,,,,,,,,,,,,,,,,,,,,
ai_043_002_cam_00_frame.0099,val,ai_043_002,99,0.02623533457517624,0.023257313296198845,0.36164534091949463,0.9919230341911316,3.344165086746216,-0.029371976852416992,0.8610747456550598,0.026852000504732132,0.02387860044836998,0.26061636209487915,0.9920247197151184,3.4111740589141846,-0.03145027160644531,0.8595084547996521,0.029359834268689156,0.02615736983716488,0.25724923610687256,0.9911448359489441,3.5527496337890625,-0.031496286392211914,0.8546189665794373,0.032557811588048935,0.029417024925351143,0.25495025515556335,0.9895120859146118,3.694593906402588,-0.015160560607910156,0.8437736630439758,,,,,,,,,,,,,,,,,,,,,,,,,,,,,,,,,,,,,,,,
ai_047_001_cam_00_frame.0000,val,ai_047_001,0,0.09772995114326477,0.08801865577697754,0.0953877791762352,0.9541982412338257,3.506412982940674,-0.0809774398803711,0.862591564655304,0.09857924282550812,0.08829368650913239,0.0826873779296875,0.9503988027572632,3.564939260482788,-0.06223154067993164,0.8591218590736389,0.10207679122686386,0.0908956378698349,0.083526611328125,0.9472707509994507,3.6979265213012695,-0.032503366470336914,0.8490334749221802,0.105107381939888,0.09291486442089081,0.0790303573012352,0.942230224609375,3.844917058944702,-0.019054174423217773,0.8346080183982849,,,,,,,,,,,,,,,,,,,,,,,,,,,,,,,,,,,,,,,,
ai_047_001_cam_00_frame.0014,val,ai_047_001,14,0.10284197330474854,0.08353795856237411,0.0785725936293602,0.9466959834098816,3.111940383911133,0.022138595581054688,0.8339341282844543,0.09912069886922836,0.08208845555782318,0.0746002197265625,0.9466756582260132,3.160220146179199,0.048134565353393555,0.8181834816932678,0.09618791937828064,0.08172094076871872,0.08099365234375,0.9504343867301941,3.2641570568084717,0.08460783958435059,0.772322952747345,0.09730935096740723,0.08442147076129913,0.0920613631606102,0.951324462890625,3.3829822540283203,0.1168668270111084,0.7316486835479736,,,,,,,,,,,,,,,,,,,,,,,,,,,,,,,,,,,,,,,,
ai_047_001_cam_00_frame.0028,val,ai_047_001,28,0.1147814393043518,0.11146514117717743,0.0546162948012352,0.9398600459098816,3.6936724185943604,0.3351379632949829,0.8595552444458008,0.11312758922576904,0.109587661921978,0.0552317313849926,0.9421743154525757,3.761198043823242,0.32823801040649414,0.8539668321609497,0.11172044277191162,0.1075085997581482,0.0546417236328125,0.9395803213119507,3.895508050918579,0.31951844692230225,0.816053032875061,0.11103393137454987,0.10594505071640015,0.0490061454474926,0.9374949336051941,4.032602310180664,0.3079347610473633,0.7863039374351501,,,,,,,,,,,,,,,,,,,,,,,,,,,,,,,,,,,,,,,,
ai_047_001_cam_00_frame.0042,val,ai_047_001,42,0.13187822699546814,0.12231578677892685,0.0345560722053051,0.9574127197265625,3.43461012840271,0.3723897933959961,0.8760395050048828,0.13307467103004456,0.12251359224319458,0.0311686210334301,0.9498087763786316,3.483638048171997,0.40499162673950195,0.8741466999053955,0.13626104593276978,0.12359881401062012,0.0335286483168602,0.9340972900390625,3.5977509021759033,0.46920323371887207,0.8632350564002991,0.13814517855644226,0.12373720109462738,0.039825439453125,0.9253997802734375,3.730670928955078,0.5009260177612305,0.8492937684059143,0.06728290021419525,0.06628545373678207,0.037353515625,0.9814995527267456,0.8538358211517334,0.08108149468898773,0.07978402823209763,0.0464952252805233,0.9826931357383728,0.7584583163261414,0.06705289334058762,0.0659482404589653,0.0296766497194767,0.982177734375,0.8492188453674316,0.0821564719080925,0.08075816929340363,0.03955078125,0.98193359375,0.7713162302970886,0.07221730798482895,0.07087375223636627,0.051025390625,0.982666015625,0.8378044962882996,0.08746694028377533,0.08600497245788574,0.0332573801279068,0.9819878339767456,0.7944186329841614,0.0786171704530716,0.07715442776679993,0.0786675363779068,0.982666015625,0.8249520659446716,0.09102743864059448,0.08939234167337418,0.0348849818110466,0.9817708134651184,0.7905930280685425
ai_047_001_cam_00_frame.0057,val,ai_047_001,57,0.09885740280151367,0.08998223394155502,0.0649159774184227,0.9483999013900757,3.1352906227111816,0.00594782829284668,0.857309877872467,0.09768681973218918,0.08877690136432648,0.0724283903837204,0.9480743408203125,3.1950008869171143,0.015784740447998047,0.8577183485031128,0.09873557090759277,0.08969905227422714,0.0793355330824852,0.9420980215072632,3.3038628101348877,0.025994300842285156,0.8464860320091248,0.10398644208908081,0.09414881467819214,0.0794881209731102,0.9224853515625,3.4207518100738525,0.015092611312866211,0.8231174349784851,,,,,,,,,,,,,,,,,,,,,,,,,,,,,,,,,,,,,,,,
ai_047_001_cam_00_frame.0071,val,ai_047_001,71,0.11447465419769287,0.10879087448120117,0.0605316162109375,0.909912109375,3.1954855918884277,0.0913996696472168,0.8694890737533569,0.11787181347608566,0.11239130795001984,0.0542195662856102,0.9168447256088257,3.276479482650757,0.07485103607177734,0.8695068955421448,0.1215665340423584,0.1156744584441185,0.0458323173224926,0.9197489619255066,3.4179184436798096,0.06002187728881836,0.8599370121955872,0.12267544120550156,0.11591273546218872,0.0428619384765625,0.9202423095703125,3.5465540885925293,0.07014322280883789,0.8425973057746887,,,,,,,,,,,,,,,,,,,,,,,,,,,,,,,,,,,,,,,,
ai_047_001_cam_00_frame.0085,val,ai_047_001,85,0.10332189500331879,0.09814401715993881,0.0762736052274704,0.929351806640625,3.6201303005218506,0.05609464645385742,0.8053218126296997,0.10380521416664124,0.09853623807430267,0.072662353515625,0.9283193349838257,3.6845595836639404,0.06182289123535156,0.8039224147796631,0.10493861883878708,0.0995340570807457,0.0659739226102829,0.9278411865234375,3.827554702758789,0.055445194244384766,0.7941581010818481,0.10705050826072693,0.10135859251022339,0.0655771940946579,0.9268442988395691,3.9680871963500977,0.06454181671142578,0.7797711491584778,,,,,,,,,,,,,,,,,,,,,,,,,,,,,,,,,,,,,,,,
ai_047_001_cam_00_frame.0099,val,ai_047_001,99,0.13065189123153687,0.12409913539886475,0.0617116317152977,0.78851318359375,2.9480667114257812,0.19604110717773438,0.9164124131202698,0.129896879196167,0.12350618839263916,0.0588277205824852,0.7916768789291382,2.9988458156585693,0.20847201347351074,0.911281406879425,0.12845465540885925,0.12153520435094833,0.057708740234375,0.8241119384765625,3.120809316635132,0.2142014503479004,0.9020967483520508,0.12793569266796112,0.11987827718257904,0.0612131766974926,0.83447265625,3.2449357509613037,0.22961807250976562,0.8721288442611694,,,,,,,,,,,,,,,,,,,,,,,,,,,,,,,,,,,,,,,,
ai_046_001_cam_00_frame.0000,test,ai_046_001,0,0.05675405263900757,0.052413519471883774,0.2591298520565033,0.9619089961051941,4.554825305938721,0.052883148193359375,0.8150812983512878,0.059007804840803146,0.05456995591521263,0.2584788203239441,0.9618377685546875,4.659379482269287,0.04780912399291992,0.810749888420105,0.06304804235696793,0.05854333937168121,0.2402852475643158,0.9616851806640625,4.865525245666504,0.04337501525878906,0.8086673617362976,0.06742772459983826,0.06270841509103775,0.2057851254940033,0.9596099853515625,5.076393127441406,0.042948246002197266,0.8017997741699219,0.08117280155420303,0.07850915938615799,0.1107855886220932,0.90966796875,0.9078150987625122,0.09067538380622864,0.0874801054596901,0.1553819477558136,0.87890625,0.8518447875976562,0.08315200358629227,0.0804915726184845,0.1012912318110466,0.909288227558136,0.909134566783905,0.09063271433115005,0.08744016289710999,0.1853841096162796,0.8778212070465088,0.8530897498130798,0.08603128045797348,0.08334730565547943,0.1067165806889534,0.91455078125,0.9074109196662903,0.0933237373828888,0.09002532064914703,0.183865025639534,0.8753798007965088,0.856654703617096,0.09203051030635834,0.08924504369497299,0.0792100727558136,0.9151747226715088,0.8997664451599121,0.09919365495443344,0.0957360789179802,0.1256510466337204,0.8746744990348816,0.8481099605560303
ai_046_001_cam_00_frame.0014,test,ai_046_001,14,0.05806684494018555,0.05206848680973053,0.2267303466796875,0.9557342529296875,4.12278413772583,0.09577345848083496,0.7947311997413635,0.05931202694773674,0.05287524685263634,0.2058919370174408,0.9592692255973816,4.203921794891357,0.11132001876831055,0.7919708490371704,0.06276532262563705,0.0562385730445385,0.1773580014705658,0.9576314687728882,4.3769211769104,0.11373376846313477,0.7844914793968201,0.06676384806632996,0.06020401045680046,0.1648050993680954,0.9547170400619507,4.563047409057617,0.10922908782958984,0.7782971262931824,,,,,,,,,,,,,,,,,,,,,,,,,,,,,,,,,,,,,,,,
ai_046_001_cam_00_frame.0028,test,ai_046_001,28,0.026389991864562035,0.022091422230005264,0.4256032407283783,0.9983978271484375,3.3000495433807373,0.11285543441772461,0.8231861591339111,0.029098322615027428,0.024501755833625793,0.3726755976676941,0.9983876943588257,3.3520901203155518,0.12205219268798828,0.8296091556549072,0.03482433035969734,0.02921595238149166,0.3079376220703125,0.9983927607536316,3.460658073425293,0.1486506462097168,0.8258642554283142,0.039548359811306,0.032729797065258026,0.2748616635799408,0.9984537959098816,3.5722572803497314,0.17773723602294922,0.8120055794715881,,,,,,,,,,,,,,,,,,,,,,,,,,,,,,,,,,,,,,,,
ai_046_001_cam_00_frame.0042,test,ai_046_001,42,0.01867104321718216,0.01678432524204254,0.5944976806640625,0.9930216670036316,3.667832851409912,-0.022457361221313477,0.846092939376831,0.019962700083851814,0.018125560134649277,0.4791921079158783,0.9928436279296875,3.717510461807251,-0.011289119720458984,0.8441305756568909,0.02642042003571987,0.023930247873067856,0.3462473750114441,0.992156982421875,3.8447794914245605,-0.004340410232543945,0.8311123251914978,0.03213835880160332,0.02910934016108513,0.2720947265625,0.9909464716911316,4.004402160644531,-0.004130840301513672,0.8069562911987305,,,,,,,,,,,,,,,,,,,,,,,,,,,,,,,,,,,,,,,,
ai_046_001_cam_00_frame.0057,test,ai_046_001,57,0.13113008439540863,0.11944705247879028,0.13970947265625,0.8675079345703125,2.4198763370513916,-0.23584270477294922,0.7742809653282166,0.12888124585151672,0.117695152759552,0.1629435271024704,0.8725179433822632,2.4586336612701416,-0.2213277816772461,0.7724658846855164,0.127395361661911,0.11723961681127548,0.1906840056180954,0.868438720703125,2.5185298919677734,-0.18103981018066406,0.7681824564933777,0.12793877720832825,0.11850585788488388,0.1567026823759079,0.8605804443359375,2.571363687515259,-0.1440742015838623,0.7645463347434998,,,,,,,,,,,,,,,,,,,,,,,,,,,,,,,,,,,,,,,,
ai_046_001_cam_00_frame.0071,test,ai_046_001,71,0.044504325836896896,0.04026876017451286,0.1082967147231102,0.9741007685661316,3.8320071697235107,-0.07973480224609375,0.7387630939483643,0.042638130486011505,0.03926677256822586,0.1717732846736908,0.9735158681869507,3.8868284225463867,-0.04198884963989258,0.7350080609321594,0.04248542711138725,0.039535582065582275,0.25238037109375,0.9731852412223816,4.004363536834717,0.0041959285736083984,0.7308066487312317,0.04518016427755356,0.042070478200912476,0.2082061767578125,0.9723765254020691,4.1577558517456055,0.016435623168945312,0.730894148349762,,,,,,,,,,,,,,,,,,,,,,,,,,,,,,,,,,,,,,,,
ai_046_001_cam_00_frame.0085,test,ai_046_001,85,0.10770570486783981,0.09848587214946747,0.26531982421875,0.891998291015625,2.6561036109924316,-0.1751612424850464,0.7307823896408081,0.10864672064781189,0.09959426522254944,0.2232818603515625,0.8881582021713257,2.698882818222046,-0.1700284481048584,0.7303568124771118,0.11091680824756622,0.10252995789051056,0.15814208984375,0.8819682002067566,2.776920795440674,-0.13971805572509766,0.727493166923523,0.11446045339107513,0.10638324916362762,0.1113179549574852,0.876312255859375,2.8617234230041504,-0.10715842247009277,0.7231041789054871,,,,,,,,,,,,,,,,,,,,,,,,,,,,,,,,,,,,,,,,
ai_046_001_cam_00_frame.0099,test,ai_046_001,99,0.03338225185871124,0.028678666800260544,0.7166087031364441,0.9747314453125,3.59236478805542,-0.07349872589111328,0.878513753414154,0.032783448696136475,0.029077190905809402,0.7413533926010132,0.9739888906478882,3.64076828956604,-0.04613828659057617,0.8752454519271851,0.03814122825860977,0.03439350426197052,0.5259298086166382,0.9654287099838257,3.762432098388672,-0.02428293228149414,0.8597367405891418,0.04455823823809624,0.04024600237607956,0.3727213740348816,0.960906982421875,3.901723623275757,-0.008034706115722656,0.8482696413993835,,,,,,,,,,,,,,,,,,,,,,,,,,,,,,,,,,,,,,,,
ai_050_001_cam_00_frame.0000,test,ai_050_001,0,0.09292417764663696,0.09083867073059082,0.03081258200109005,0.9918619990348816,2.9791476726531982,0.1568460464477539,0.8790075182914734,0.09139727056026459,0.08927001804113388,0.0275421142578125,0.9917196035385132,3.031735897064209,0.16351771354675293,0.8754957914352417,0.08888956159353256,0.08633691072463989,0.0269775390625,0.9910888671875,3.1485161781311035,0.1868438720703125,0.8682183027267456,0.08795016258955002,0.08475750684738159,0.0277862548828125,0.990814208984375,3.2700819969177246,0.19628334045410156,0.836314857006073,,,,,,,,,,,,,,,,,,,,,,,,,,,,,,,,,,,,,,,,
ai_050_001_cam_00_frame.0014,test,ai_050_001,14,0.08596907556056976,0.08434079587459564,0.0770111083984375,0.9725087881088257,3.159705638885498,0.40058469772338867,0.8705061078071594,0.08489968627691269,0.08301133662462234,0.0936177596449852,0.9748128652572632,3.221850633621216,0.39786267280578613,0.8679793477058411,0.0830899029970169,0.08025926351547241,0.1259307861328125,0.9762420654296875,3.35355281829834,0.38210487365722656,0.8533821702003479,0.08281773328781128,0.07907702028751373,0.1373189389705658,0.9838104248046875,3.4877536296844482,0.353557825088501,0.8207478523254395,,,,,,,,,,,,,,,,,,,,,,,,,,,,,,,,,,,,,,,,
ai_050_001_cam_00_frame.0028,test,ai_050_001,28,0.14250962436199188,0.12980619072914124,0.027801513671875,0.9580841064453125,2.5181074142456055,-0.008007645606994629,0.8679590225219727,0.13940924406051636,0.12679408490657806,0.01613362692296505,0.9593048095703125,2.560819625854492,-0.0054894983768463135,0.8457900881767273,0.13293030858039856,0.1201835423707962,0.010009765625,0.960418701171875,2.6510069370269775,0.0050956010818481445,0.7932518720626831,0.13049116730690002,0.11690008640289307,0.013178507797420025,0.9523722529411316,2.740884780883789,0.023746222257614136,0.7422974109649658,,,,,,,,,,,,,,,,,,,,,,,,,,,,,,,,,,,,,,,,
ai_050_001_cam_00_frame.0042,test,ai_050_001,42,0.044454775750637054,0.03997711092233658,0.2890726923942566,0.988372802734375,2.754270076751709,0.4282255172729492,0.7916865944862366,0.044207241386175156,0.03947588801383972,0.2825571894645691,0.9882151484489441,2.803225040435791,0.42773985862731934,0.7952442169189453,0.04432821273803711,0.03893043473362923,0.2787272334098816,0.9875132441520691,2.90439772605896,0.42841625213623047,0.8109738230705261,0.04523668810725212,0.039133649319410324,0.2854817807674408,0.9842580556869507,3.010617256164551,0.4340016841888428,0.8205899596214294,,,,,,,,,,,,,,,,,,,,,,,,,,,,,,,,,,,,,,,,
ai_050_001_cam_00_frame.0057,test,ai_050_001,57,0.05664030835032463,0.054873988032341,0.1309611052274704,0.9980723261833191,2.6855077743530273,0.38431882858276367,0.889880895614624,0.0567605160176754,0.054990243166685104,0.1263580322265625,0.9978281855583191,2.7361021041870117,0.3872811794281006,0.8879706263542175,0.05790722370147705,0.05582211911678314,0.12420654296875,0.9944051504135132,2.838131904602051,0.39571118354797363,0.8782459497451782,0.059177547693252563,0.0564713329076767,0.1231536865234375,0.994171142578125,2.9490180015563965,0.39903759956359863,0.8341410160064697,,,,,,,,,,,,,,,,,,,,,,,,,,,,,,,,,,,,,,,,
ai_050_001_cam_00_frame.0071,test,ai_050_001,71,0.08032340556383133,0.07560959458351135,0.002532958984375,0.9934133291244507,2.8026177883148193,0.00461125373840332,0.8262184262275696,0.08036339282989502,0.07573042064905167,0.0030619304161518812,0.9929606318473816,2.8500447273254395,0.007583975791931152,0.8180786967277527,0.0793260708451271,0.07381905615329742,0.0022226970177143812,0.9843292236328125,2.962289333343506,0.012731790542602539,0.811008632183075,0.07769715040922165,0.07090229541063309,0.0017954509239643812,0.9763387441635132,3.0850839614868164,0.008002281188964844,0.7990800738334656,,,,,,,,,,,,,,,,,,,,,,,,,,,,,,,,,,,,,,,,
ai_050_001_cam_00_frame.0085,test,ai_050_001,85,0.05868668481707573,0.051615603268146515,0.17547607421875,0.97906494140625,3.4324283599853516,-0.14026832580566406,0.8329591751098633,0.054816603660583496,0.04840617626905441,0.1803690642118454,0.9797007441520691,3.4901304244995117,-0.11980772018432617,0.8327511548995972,0.05047052353620529,0.04398178681731224,0.1869354248046875,0.9784139394760132,3.6188645362854004,-0.08893108367919922,0.8193934559822083,0.05077386647462845,0.0434497594833374,0.2978719174861908,0.9774627685546875,3.7413735389709473,-0.06258678436279297,0.7920817732810974,,,,,,,,,,,,,,,,,,,,,,,,,,,,,,,,,,,,,,,,
ai_050_001_cam_00_frame.0099,test,ai_050_001,99,0.05924566835165024,0.05255310982465744,0.12310791015625,0.9828745722770691,3.322300672531128,0.017716526985168457,0.8122484683990479,0.059396397322416306,0.052580833435058594,0.1408843994140625,0.9828948974609375,3.375293731689453,0.029953956604003906,0.8046243786811829,0.059948425740003586,0.052662692964076996,0.1773223876953125,0.9801127314567566,3.4878733158111572,0.04951333999633789,0.7961713671684265,0.061597585678100586,0.05393127724528313,0.1825612485408783,0.9784088134765625,3.608116626739502,0.06672382354736328,0.7845961451530457,,,,,,,,,,,,,,,,,,,,,,,,,,,,,,,,,,,,,,,,
ai_052_005_cam_01_frame.0099,train,ai_052_005,99,0.2032129019498825,0.1874934732913971,0.0972696989774704,0.789794921875,7.098677158355713,0.1805877685546875,0.6145869493484497,0.1940988153219223,0.17923763394355774,0.0878753662109375,0.7948659658432007,7.219799995422363,0.15789222717285156,0.6235471367835999,0.19029688835144043,0.17448660731315613,0.1459859311580658,0.7961782217025757,7.416324138641357,0.22533941268920898,0.6329536437988281,0.1996515393257141,0.18245360255241394,0.1352895200252533,0.7733408808708191,7.667853355407715,0.24140071868896484,0.6551986932754517,0.2377251535654068,0.22592619061470032,0.0599772147834301,0.7250434160232544,0.529064416885376,0.1427057683467865,0.13462947309017181,0.1086697056889534,0.8806965947151184,0.2879634499549866,0.22101770341396332,0.2099161297082901,0.050048828125,0.7368706464767456,0.5501744747161865,0.12888629734516144,0.12184000015258789,0.0680338516831398,0.894151508808136,0.28891822695732117,0.21387025713920593,0.20202481746673584,0.0774739608168602,0.7421061396598816,0.57066810131073,0.11512104421854019,0.10717303305864334,0.0891927108168602,0.9154731035232544,0.3121792674064636,0.21957813203334808,0.20733974874019623,0.0674641951918602,0.7309299111366272,0.5826894640922546,0.11702888458967209,0.10861975699663162,0.0804036483168602,0.9269205927848816,0.336241215467453
ai_028_001_cam_00_frame.0099,train,ai_028_001,99,0.032822709530591965,0.03089134395122528,0.1617787778377533,0.9976908564567566,2.080629587173462,0.07761263847351074,0.8817973136901855,0.029047485440969467,0.027665680274367332,0.1525929868221283,0.997589111328125,2.132044792175293,0.06368899345397949,0.8820444941520691,0.026091914623975754,0.024752989411354065,0.1826171875,0.9973399043083191,2.23062801361084,0.05208182334899902,0.8766747713088989,0.02407139539718628,0.02229240909218788,0.2477823942899704,0.9969940185546875,2.3283016681671143,0.04522371292114258,0.8684961199760437,0.04996959865093231,0.04795319586992264,0.0301378034055233,0.999376118183136,0.9073813557624817,0.05632007122039795,0.05551226809620857,0.003634982742369175,0.9989149570465088,0.0702403336763382,0.04241461306810379,0.04029574617743492,0.0595160610973835,0.9994845986366272,0.9045811295509338,0.04639089107513428,0.045474231243133545,0.0057508680038154125,0.9989691972732544,0.07048683613538742,0.03463055193424225,0.031567711383104324,0.1790907084941864,0.9992133378982544,0.8927528262138367,0.035824526101350784,0.034202415496110916,0.0603841133415699,0.9990776777267456,0.07488314807415009,0.030932651832699776,0.025968441739678383,0.3355306088924408,0.9977484941482544,0.8838220238685608,0.027788737788796425,0.023787477985024452,0.2457139790058136,0.9990776777267456,0.06476512551307678
ai_036_006_cam_00_frame.0000,train,ai_036_006,0,0.0462677888572216,0.04233141988515854,0.3174947202205658,0.9722747802734375,5.229203701019287,-0.17057323455810547,0.8152371644973755,0.0357913076877594,0.03245623782277107,0.4441426694393158,0.9737040400505066,5.337528228759766,-0.15525388717651367,0.8135950565338135,0.0323825478553772,0.02968699298799038,0.5370330810546875,0.97406005859375,5.53667688369751,-0.11888504028320312,0.7915965914726257,0.04137523099780083,0.03784210607409477,0.419586181640625,0.972747802734375,5.7363409996032715,-0.08542823791503906,0.7775201797485352,0.05441628023982048,0.05193536356091499,0.1439344584941864,0.9674208164215088,0.7802675366401672,0.07078902423381805,0.06669480353593826,0.1488715261220932,0.953721821308136,0.6301339268684387,0.04099230095744133,0.03907987102866173,0.3524848222732544,0.9678547978401184,0.7785757184028625,0.05181439593434334,0.048932816833257675,0.3141275942325592,0.9542643427848816,0.6207029819488525,0.040249694138765335,0.03846992552280426,0.3772243857383728,0.968994140625,0.7715134620666504,0.0472414568066597,0.044794339686632156,0.3451063334941864,0.9568142294883728,0.6042631268501282,0.05477331951260567,0.052522189915180206,0.2159016877412796,0.9709743857383728,0.7596118450164795,0.06612790375947952,0.0629090741276741,0.2064887136220932,0.9612087607383728,0.5862573385238647
ai_011_009_cam_01_frame.0099,train,ai_011_009,99,0.09335305541753769,0.08244331181049347,0.10324135422706604,0.9225881695747375,1.3215652704238892,-0.11069852113723755,0.8309969902038574,0.08358500897884369,0.0743546113371849,0.1471448838710785,0.9250079393386841,1.3386050462722778,-0.09063142538070679,0.8355582356452942,0.07386958599090576,0.06806723028421402,0.15731504559516907,0.9256525039672852,1.3695437908172607,-0.05090939998626709,0.829552412033081,0.07258047163486481,0.06786540895700455,0.12713199853897095,0.9241843223571777,1.4192311763763428,-0.030667245388031006,0.8267096281051636,0.10865197330713272,0.09721604734659195,0.09063411504030228,0.9080851078033447,0.7835461497306824,0.10914988070726395,0.09239678829908371,0.05847730115056038,0.9558559060096741,0.7016906142234802,0.09788033366203308,0.08849426358938217,0.10744747519493103,0.9078125953674316,0.7984014749526978,0.09069286286830902,0.07725853472948074,0.08109433948993683,0.9583083391189575,0.7229153513908386,0.08780428767204285,0.08269410580396652,0.14717824757099152,0.9026078581809998,0.8015080690383911,0.06754197180271149,0.061603255569934845,0.15079841017723083,0.9603793025016785,0.7299510836601257,0.08971952646970749,0.08583211898803711,0.13674142956733704,0.8974847793579102,0.8003792762756348,0.0651666522026062,0.061972908675670624,0.15864625573158264,0.9590713381767273,0.7213568091392517
ai_024_018_cam_00_frame.0099,train,ai_024_018,99,0.06421628594398499,0.05958307906985283,0.1423136442899704,0.9677938222885132,7.616650581359863,0.13608407974243164,0.4768698513507843,0.05464491248130798,0.05047222599387169,0.1885274350643158,0.9678090810775757,7.763627052307129,0.15065765380859375,0.49236810207366943,0.04427514597773552,0.04033767804503441,0.306396484375,0.9666951894760132,8.083832740783691,0.11049509048461914,0.5160179734230042,0.044414669275283813,0.03999471664428711,0.2844594419002533,0.9647776484489441,8.366929054260254,0.09706401824951172,0.5274250507354736,0.10873962938785553,0.10259156674146652,0.0359157994389534,0.9415419101715088,0.3859466016292572,0.10916919261217117,0.10321653634309769,0.012532551772892475,0.9930555820465088,0.24940063059329987,0.09281972050666809,0.08755176514387131,0.0546875,0.944444477558136,0.41299524903297424,0.08789743483066559,0.08379549533128738,0.0183376744389534,0.9925130009651184,0.2791476845741272,0.07177066057920456,0.06713662296533585,0.1028374582529068,0.9403483271598816,0.4556538462638855,0.0544230081140995,0.051563650369644165,0.079481340944767,0.9919162392616272,0.33562368154525757,0.0667172521352768,0.0611267015337944,0.1707085520029068,0.9337836503982544,0.4863775968551636,0.03783167153596878,0.03348187729716301,0.2399088591337204,0.9920247197151184,0.39784955978393555
ai_017_009_cam_03_frame.0099,train,ai_017_009,99,0.07889164984226227,0.07081523537635803,0.0932413786649704,0.9651438593864441,0.7087162137031555,-0.03898286819458008,0.8395439386367798,0.06712876260280609,0.058306239545345306,0.1265360563993454,0.9657440185546875,0.7242580056190491,-0.03661155700683594,0.8550980091094971,0.06533649563789368,0.0539112351834774,0.1574910581111908,0.9640045166015625,0.74155193567276,-0.022449254989624023,0.8671419024467468,0.08196542412042618,0.0664748102426529,0.1879526823759079,0.9291483759880066,0.765364408493042,-0.014301300048828125,0.8406140804290771,0.08284202218055725,0.07888500392436981,0.116943359375,0.9462348222732544,0.9493944644927979,0.06210478022694588,0.0609559491276741,0.1033528670668602,0.9969075322151184,0.22242499887943268,0.06993710249662399,0.06555622071027756,0.1588541716337204,0.9469672441482544,0.9527680277824402,0.05390361323952675,0.052759066224098206,0.126247838139534,0.9967448115348816,0.21032942831516266,0.06263969093561172,0.05662276968359947,0.2122938334941864,0.9468587040901184,0.9606323838233948,0.04124139994382858,0.0382821150124073,0.1494140625,0.9968532919883728,0.24972718954086304,0.06682515889406204,0.05848376080393791,0.2017686665058136,0.9442816972732544,0.9569685459136963,0.03689691796898842,0.03087766282260418,0.1407877653837204,0.9968532919883728,0.24693000316619873
ai_031_009_cam_00_frame.0000,train,ai_031_009,0,0.06969046592712402,0.06498083472251892,0.3105010986328125,0.94122314453125,6.536470413208008,-0.0282135009765625,0.8968297243118286,0.06356149166822433,0.05927997827529907,0.4171702265739441,0.9412587881088257,6.664242744445801,-0.02000594139099121,0.9036487936973572,0.06020832061767578,0.05582888051867485,0.4576060175895691,0.9423269033432007,6.938182353973389,-0.010360240936279297,0.8806803822517395,0.06295602768659592,0.0577319972217083,0.3702239990234375,0.9428507685661316,7.199878215789795,0.017372846603393555,0.872068464756012,0.055182576179504395,0.05034857243299484,0.2331271767616272,0.9619683027267456,0.9215846657752991,0.03187894821166992,0.028508232906460762,0.3327365517616272,0.9812825322151184,0.1371946483850479,0.047783441841602325,0.043588679283857346,0.367241770029068,0.962022602558136,0.9410632848739624,0.028141597285866737,0.025202695280313492,0.4973415732383728,0.981065571308136,0.1589152216911316,0.045210983604192734,0.041471581906080246,0.3961317241191864,0.9622124433517456,0.947273313999176,0.02575700916349888,0.023479104042053223,0.6087239384651184,0.9805229902267456,0.18845944106578827,0.04807819426059723,0.044264838099479675,0.3967556357383728,0.9622938632965088,0.9488865733146667,0.02623177319765091,0.023930558934807777,0.6047092080116272,0.9804145097732544,0.2194877713918686
ai_002_002_cam_00_frame.0099,train,ai_002_002,99,0.07110767066478729,0.06546500325202942,0.3033599853515625,0.9026031494140625,3.224788188934326,-0.05465269088745117,0.8681381344795227,0.0655413419008255,0.060287684202194214,0.33056640625,0.9040985107421875,3.284884214401245,-0.049439430236816406,0.8667059540748596,0.06042218208312988,0.05522093176841736,0.3992564082145691,0.9305318593978882,3.4123873710632324,-0.043665170669555664,0.8649784922599792,0.05934055894613266,0.054427437484264374,0.339752197265625,0.941680908203125,3.552109956741333,-0.034699440002441406,0.8592858910560608,0.12331703305244446,0.11866114288568497,0.1330295205116272,0.8258192539215088,0.9113215804100037,0.13305997848510742,0.1283862143754959,0.1595052033662796,0.8530815839767456,0.7254871129989624,0.1195589154958725,0.11504406481981277,0.134765625,0.827012836933136,0.9062332510948181,0.12574297189712524,0.12129119038581848,0.1689995676279068,0.8587239384651184,0.7172844409942627,0.11647448688745499,0.11209779232740402,0.1382378488779068,0.8250325322151184,0.8984012007713318,0.1199948787689209,0.11576557159423828,0.1559787392616272,0.8623589277267456,0.7057989835739136,0.11562556773424149,0.11125543713569641,0.1922743022441864,0.8200412392616272,0.8940548300743103,0.1176249161362648,0.11349567025899887,0.2172309011220932,0.85986328125,0.7040320634841919
ai_027_003_cam_00_frame.0000,train,ai_027_003,0,0.04755157232284546,0.04400037229061127,0.527923583984375,0.9336802363395691,3.8137378692626953,-0.02176976203918457,0.913311779499054,0.04253379628062248,0.03962409496307373,0.6444244384765625,0.939239501953125,3.890723466873169,-0.00815725326538086,0.9129932522773743,0.03716311231255531,0.03483470901846886,0.6218363642692566,0.9495697021484375,4.043034553527832,-0.004976749420166016,0.8924098014831543,0.03648645058274269,0.03425263613462448,0.5365397334098816,0.9632161855697632,4.200503349304199,0.0016927719116210938,0.8194295167922974,0.040148455649614334,0.0384792722761631,0.6154242753982544,0.9554036259651184,0.9450420141220093,0.017389148473739624,0.015272962860763073,0.7161070108413696,0.9946292042732239,0.6918116211891174,0.03754178062081337,0.036328624933958054,0.6964247226715088,0.9554579257965088,0.9473283886909485,0.014452650211751461,0.013105719350278378,0.7675907611846924,0.9945207238197327,0.6983807682991028,0.03977067023515701,0.038791872560977936,0.5694172978401184,0.955078125,0.9463239312171936,0.014874288812279701,0.013969071209430695,0.6868116855621338,0.9937611818313599,0.7051216959953308,0.04317832365632057,0.042232707142829895,0.4471299946308136,0.955186665058136,0.9370529055595398,0.01779869943857193,0.017001435160636902,0.5164650678634644,0.9937069416046143,0.703639805316925
ai_055_004_cam_00_frame.0099,train,ai_055_004,99,0.16658402979373932,0.1560954600572586,0.3874652683734894,0.7912501096725464,4.601128101348877,-0.18254566192626953,0.350498765707016,0.16145747900009155,0.15149657428264618,0.4088042676448822,0.7917935848236084,4.687341213226318,-0.17583370208740234,0.3499685227870941,0.15774595737457275,0.14799471199512482,0.47037047147750854,0.7921832203865051,4.864841938018799,-0.1685161590576172,0.34900984168052673,0.15960398316383362,0.14991554617881775,0.3225920498371124,0.795110821723938,5.070450782775879,-0.14949321746826172,0.34686148166656494,0.3639674186706543,0.3377138376235962,0.30712655186653137,0.5116152763366699,0.23842360079288483,0.023642340674996376,0.021380089223384857,0.6057316660881042,0.9934324622154236,0.7087042927742004,0.3617312014102936,0.33564507961273193,0.3476715087890625,0.5118866562843323,0.23842449486255646,0.01953960955142975,0.01763620413839817,0.6793313026428223,0.9939752221107483,0.7107061743736267,0.3618268370628357,0.3358224332332611,0.33445504307746887,0.5119680762290955,0.2408260554075241,0.01984064280986786,0.018152868375182152,0.6513786315917969,0.9940837621688843,0.7261947989463806,0.36353233456611633,0.337430864572525,0.24880589544773102,0.5118323564529419,0.23967672884464264,0.025410445407032967,0.02352041006088257,0.47638946771621704,0.9938123822212219,0.7290608882904053
ai_039_006_cam_00_frame.0000,train,ai_039_006,0,0.17995664477348328,0.1652749478816986,0.3918965756893158,0.8074595332145691,2.816439628601074,0.016730308532714844,0.5258287787437439,0.16976819932460785,0.15531061589717865,0.4728648066520691,0.8077901601791382,2.882920503616333,-0.006098031997680664,0.5197888016700745,0.15850022435188293,0.14594632387161255,0.5612539052963257,0.8090057373046875,2.988304615020752,0.005285739898681641,0.5053290128707886,0.15049299597740173,0.13959872722625732,0.5031942129135132,0.815582275390625,3.1012511253356934,0.013676166534423828,0.48681744933128357,0.40218019485473633,0.3700139820575714,0.248318150639534,0.5133192539215088,0.45716241002082825,0.02584780752658844,0.021141013130545616,0.496636301279068,0.976671040058136,0.6727287173271179,0.400285929441452,0.36739519238471985,0.3146701455116272,0.5145399570465088,0.4489523768424988,0.024210724979639053,0.017819160595536232,0.6283094882965088,0.9764540195465088,0.6846835017204285,0.400956928730011,0.3681112825870514,0.1942274272441864,0.5206977128982544,0.43050408363342285,0.028973156586289406,0.02263634093105793,0.3562825620174408,0.9793294072151184,0.7013607621192932,0.4040648937225342,0.3713064193725586,0.1322970986366272,0.5254448652267456,0.42395687103271484,0.0377047061920166,0.031411152333021164,0.2424045205116272,0.9809027910232544,0.7064048647880554
ai_005_006_cam_00_frame.0099,train,ai_005_006,99,0.03883344307541847,0.034289564937353134,0.2550150752067566,0.9815775752067566,3.21398663520813,-0.05263805389404297,0.902599573135376,0.028944384306669235,0.025676798075437546,0.3862050473690033,0.9886322021484375,3.2626638412475586,-0.03193187713623047,0.9111518263816833,0.02120130881667137,0.01879793033003807,0.4903361201286316,0.989837646484375,3.3733251094818115,-0.006501913070678711,0.9045892953872681,0.02714315429329872,0.024058405309915543,0.4134572446346283,0.9897003173828125,3.5040385723114014,0.013718605041503906,0.8857225179672241,0.07122242450714111,0.06378325074911118,0.1506890207529068,0.9461805820465088,0.9147151708602905,0.0836888775229454,0.07351939380168915,0.154296875,0.947862446308136,0.6652883291244507,0.052116502076387405,0.04668991640210152,0.3139919638633728,0.9642741084098816,0.9164150357246399,0.06056136637926102,0.05331994965672493,0.2986653745174408,0.9690755009651184,0.6966385245323181,0.03778818994760513,0.03391952067613602,0.4447970986366272,0.96728515625,0.8996444344520569,0.042227838188409805,0.03774635121226311,0.2567274272441864,0.9761284589767456,0.719490110874176,0.04298318922519684,0.03905130922794342,0.3266872763633728,0.9670681357383728,0.8806556463241577,0.046128273010253906,0.04190146178007126,0.2246636301279068,0.9757487177848816,0.7183175086975098
ai_041_001_cam_00_frame.0000,train,ai_041_001,0,0.03956862539052963,0.03726191073656082,0.216583251953125,0.9905294179916382,3.3520987033843994,-0.1725482940673828,0.7777597308158875,0.0362810343503952,0.03409834951162338,0.2426554411649704,0.9904531240463257,3.423038959503174,-0.1748666763305664,0.7867494225502014,0.032340098172426224,0.030156873166561127,0.2773183286190033,0.9901987910270691,3.5587968826293945,-0.16450977325439453,0.7926262021064758,0.033559996634721756,0.030903508886694908,0.2635498046875,0.990264892578125,3.70462965965271,-0.14428186416625977,0.788166880607605,0.022169826552271843,0.021721042692661285,0.1998969167470932,1.0,0.8513750433921814,0.02673950418829918,0.026171807199716568,0.19140625,1.0,0.7198249101638794,0.019687384366989136,0.0190532635897398,0.235622838139534,1.0,0.8657528162002563,0.02272924594581127,0.02179245464503765,0.2273762971162796,1.0,0.7184134721755981,0.017555514350533485,0.016149746254086494,0.350884348154068,1.0,0.872067391872406,0.021473268046975136,0.019235635176301003,0.2830946147441864,1.0,0.712835431098938,0.01950874552130699,0.016553202643990517,0.4127604067325592,1.0,0.8611900210380554,0.026121318340301514,0.021752096712589264,0.2230902761220932,1.0,0.6806752681732178
ai_015_005_cam_00_frame.0000,train,ai_015_005,0,0.048174016177654266,0.03957616165280342,0.4907307028770447,0.9724560379981995,3.5770599842071533,-0.08388853073120117,0.8367648720741272,0.04165930300951004,0.03540625795722008,0.5124471187591553,0.9740862846374512,3.6362361907958984,-0.06477570533752441,0.848903238773346,0.038653414696455,0.034629061818122864,0.4557391405105591,0.9732012748718262,3.7542364597320557,-0.0323217511177063,0.8527248501777649,0.043082643300294876,0.03866705670952797,0.40222445130348206,0.970763623714447,3.8852829933166504,-0.0012481212615966797,0.8518220782279968,0.11764849722385406,0.10549894720315933,0.2483723908662796,0.9153103232383728,0.882569432258606,0.1581088751554489,0.13720528781414032,0.0652669295668602,0.9106987714767456,0.788105309009552,0.10221950709819794,0.09294179081916809,0.287163645029068,0.9158257246017456,0.8978284001350403,0.131087064743042,0.1158217042684555,0.1046006977558136,0.9117838740348816,0.8134668469429016,0.0977545902132988,0.09229905903339386,0.3317599892616272,0.9098036289215088,0.9054708480834961,0.12492696195840836,0.11726689338684082,0.1120334193110466,0.8997938632965088,0.8331856727600098,0.11054717004299164,0.102401003241539,0.2823079526424408,0.8987630009651184,0.9041604399681091,0.1492277830839157,0.13598228991031647,0.1136067733168602,0.8779839277267456,0.8357529044151306
ai_009_003_cam_00_frame.0000,train,ai_009_003,0,0.047359611839056015,0.043016474694013596,0.2973276972770691,0.9651998281478882,4.305834770202637,0.014888763427734375,0.9244508147239685,0.04465951770544052,0.040677376091480255,0.340057373046875,0.9652862548828125,4.396179676055908,0.0032625198364257812,0.9212938547134399,0.046143487095832825,0.04221337288618088,0.2736714780330658,0.9644572138786316,4.559024333953857,0.0020627975463867188,0.9055159091949463,0.050358131527900696,0.04603257030248642,0.2216746062040329,0.962432861328125,4.718419075012207,0.012344121932983398,0.8891226053237915,0.07034499943256378,0.06498625129461288,0.423095703125,0.92626953125,0.9449145197868347,0.04037018120288849,0.035002700984478,0.6117079257965088,0.9720051884651184,0.8366230726242065,0.06586550176143646,0.061081528663635254,0.486138254404068,0.9264051914215088,0.9481493830680847,0.0354609489440918,0.03094613179564476,0.7137587070465088,0.973253071308136,0.8389827013015747,0.06691776216030121,0.06244535744190216,0.377739816904068,0.9252387285232544,0.940129816532135,0.03569645434617996,0.03181937709450722,0.567491352558136,0.9733073115348816,0.8393229246139526,0.07126697897911072,0.06582404673099518,0.3258192241191864,0.924180805683136,0.9285237789154053,0.03833803907036781,0.0328550823032856,0.5332573652267456,0.9733073115348816,0.8383809924125671
ai_003_005_cam_00_frame.0000,train,ai_003_005,0,0.10969384759664536,0.09931941330432892,0.2844187617301941,0.8483022451400757,4.064685344696045,-0.10488748550415039,0.5881816744804382,0.10627573728561401,0.09609067440032959,0.3580169677734375,0.8501485586166382,4.1481170654296875,-0.09415841102600098,0.5878139734268188,0.10279706120491028,0.09277340024709702,0.4840240478515625,0.8520457148551941,4.309215068817139,-0.07156848907470703,0.5871482491493225,0.10208097100257874,0.09173032641410828,0.4538726806640625,0.8548431396484375,4.480677127838135,-0.0424041748046875,0.5850351452827454,0.1305045783519745,0.11816363781690598,0.193142369389534,0.8362358808517456,0.8922319412231445,0.16277585923671722,0.14569857716560364,0.1937934011220932,0.8186848759651184,0.8180631995201111,0.12693960964679718,0.11458442360162735,0.3368055522441864,0.8371853232383728,0.8884224891662598,0.15931028127670288,0.14209085702896118,0.2637803852558136,0.8219401240348816,0.8137352466583252,0.1261269897222519,0.11352264881134033,0.3761121928691864,0.841417133808136,0.8827435374259949,0.1602018028497696,0.14278563857078552,0.2479926198720932,0.8328993320465088,0.8077646493911743,0.12862740457057953,0.11565587669610977,0.2413194477558136,0.8477104902267456,0.8746994733810425,0.1635587513446808,0.14559106528759003,0.182888463139534,0.8470594882965088,0.7993742823600769
ai_044_007_cam_01_frame.0099,train,ai_044_007,99,0.05920528247952461,0.05355630815029144,0.45278170704841614,0.9427530169487,13.947616577148438,-0.47663211822509766,0.7693115472793579,0.051534075289964676,0.04657698795199394,0.4873058497905731,0.9526010751724243,14.245633125305176,-0.44364500045776367,0.7688955664634705,0.04910079389810562,0.04430267959833145,0.392696350812912,0.9654656052589417,14.898965835571289,-0.4341392517089844,0.7497812509536743,0.05200484022498131,0.047184012830257416,0.31890714168548584,0.9656792879104614,15.536108016967773,-0.4068717956542969,0.7340301275253296,0.1091926097869873,0.10122830420732498,0.1636555939912796,0.8957790732383728,0.7155736684799194,0.15773917734622955,0.14536169171333313,0.0750325545668602,0.8463541865348816,0.6652581095695496,0.10129984468221664,0.09381286054849625,0.135281041264534,0.904649555683136,0.7202016711235046,0.1424991339445114,0.13106051087379456,0.0930447056889534,0.8605143427848816,0.6623174548149109,0.10035679489374161,0.09285465627908707,0.0996365025639534,0.908203125,0.7130435109138489,0.14100125432014465,0.12944141030311584,0.0895724818110466,0.8680012822151184,0.6410588622093201,0.10750854015350342,0.09965386986732483,0.1050347238779068,0.9064670205116272,0.7214717268943787,0.15721291303634644,0.14454960823059082,0.0564236119389534,0.865831196308136,0.6270146369934082
ai_053_020_cam_00_frame.0000,train,ai_053_020,0,0.02785150334239006,0.025954699143767357,0.4267730712890625,0.9842326045036316,4.582140922546387,0.07681703567504883,0.6500579714775085,0.02323608472943306,0.02162390947341919,0.527069091796875,0.9843343496322632,4.66419792175293,0.0708017349243164,0.649833619594574,0.02301781438291073,0.020938478410243988,0.5586293935775757,0.9819539785385132,4.853454113006592,0.0697488784790039,0.6507561206817627,0.028194505721330643,0.025578325614333153,0.4139302670955658,0.9797617793083191,5.027513027191162,0.0920567512512207,0.6419568061828613,0.05628681182861328,0.0525994747877121,0.4152018129825592,0.9386935830116272,0.39976203441619873,0.011536126025021076,0.010738980956375599,0.6638454794883728,0.9992404580116272,0.3203687369823456,0.05331816151738167,0.04935299605131149,0.5072157382965088,0.9374186396598816,0.39688047766685486,0.009576535783708096,0.008201739750802517,0.7560763955116272,0.9992404580116272,0.3250061273574829,0.05919589102268219,0.05410081148147583,0.2970920205116272,0.9304470419883728,0.40824469923973083,0.018348343670368195,0.01600852981209755,0.1483832448720932,0.9992404580116272,0.3245213031768799,0.06976471841335297,0.06445277482271194,0.1122775599360466,0.921630859375,0.41218942403793335,0.030888250097632408,0.02806878462433815,0.0569661445915699,0.9991862177848816,0.32398882508277893
ai_033_010_cam_00_frame.0000,train,ai_033_010,0,0.068155936896801,0.06161211058497429,0.2636515498161316,0.93328857421875,7.850268840789795,-0.6005501747131348,0.7772402167320251,0.06301607191562653,0.0569629967212677,0.2918650507926941,0.9342498779296875,7.984254837036133,-0.5844736099243164,0.7753434181213379,0.05743078887462616,0.05211400240659714,0.3097737729549408,0.9381968379020691,8.248600006103516,-0.48964405059814453,0.7683600783348083,0.05917414277791977,0.053642790764570236,0.2688649594783783,0.93603515625,8.518697738647461,-0.3752591609954834,0.7665960788726807,0.11312995851039886,0.10376539081335068,0.087782122194767,0.8615451455116272,0.6607808470726013,0.0526011660695076,0.04701227694749832,0.1071506068110466,0.9734700322151184,0.7780463099479675,0.10579542070627213,0.09657122194766998,0.1364474892616272,0.8611382246017456,0.6573828458786011,0.0439794547855854,0.03871746361255646,0.1877170205116272,0.9728732705116272,0.7761340737342834,0.10304351896047592,0.09357254207134247,0.2110460102558136,0.8599989414215088,0.6526405811309814,0.04236762225627899,0.03653932362794876,0.3155924379825592,0.9715712070465088,0.7750141024589539,0.11046641319990158,0.09939543157815933,0.2066785991191864,0.8594021201133728,0.6529176235198975,0.0492655448615551,0.04014163464307785,0.2997504472732544,0.970811665058136,0.7759556770324707
ai_013_004_cam_00_frame.0000,train,ai_013_004,0,0.025832688435912132,0.02352488413453102,0.5602569580078125,0.99017333984375,2.5300676822662354,0.016726255416870117,0.724265992641449,0.022052070125937462,0.020077697932720184,0.6038462519645691,0.9900106191635132,2.567647933959961,0.021765947341918945,0.7186634540557861,0.019725043326616287,0.017688758671283722,0.5700327754020691,0.9898478388786316,2.6496520042419434,0.02280902862548828,0.6681294441223145,0.019617019221186638,0.01758616231381893,0.5525054931640625,0.9895528554916382,2.7357802391052246,0.03154599666595459,0.6015326380729675,0.05145156383514404,0.046977490186691284,0.3189832866191864,0.9800618290901184,0.8465542197227478,0.0686924159526825,0.062482696026563644,0.2352973073720932,0.9851345419883728,0.7834779024124146,0.04128209874033928,0.03767254576086998,0.3792317807674408,0.9790581464767456,0.8442441821098328,0.05319735035300255,0.04830765351653099,0.27001953125,0.9845377802848816,0.7816286683082581,0.03201432526111603,0.029063263908028603,0.3661024272441864,0.97802734375,0.8380927443504333,0.03646733984351158,0.03268280252814293,0.230740025639534,0.9840494990348816,0.7555636167526245,0.02934570051729679,0.026390474289655685,0.3873697817325592,0.976426899433136,0.8268445134162903,0.03074159286916256,0.026957787573337555,0.2853190004825592,0.9833984375,0.7418857216835022
ai_030_009_cam_00_frame.0000,train,ai_030_009,0,0.015678470954298973,0.014225468039512634,0.726654052734375,0.9895274043083191,3.440247058868408,0.00281524658203125,0.8744834661483765,0.014919324778020382,0.013390584848821163,0.7421671748161316,0.98956298828125,3.5020344257354736,0.012928485870361328,0.8725272417068481,0.01966988667845726,0.01732228696346283,0.6430613398551941,0.9851888418197632,3.625331401824951,0.03277587890625,0.8594000339508057,0.025333017110824585,0.022327324375510216,0.5096334218978882,0.9813283681869507,3.761099338531494,0.04691171646118164,0.8507988452911377,0.02932835929095745,0.026618096977472305,0.5502658486366272,0.974853515625,0.9718499183654785,0.020191827788949013,0.0180827509611845,0.6591796875,0.9890407919883728,0.5713421702384949,0.027912279590964317,0.02472221665084362,0.5593532919883728,0.9751790165901184,0.9702765345573425,0.019948700442910194,0.017163489013910294,0.6610785722732544,0.9892578125,0.5764297842979431,0.033260565251111984,0.02823982574045658,0.3806423544883728,0.9745008945465088,0.9679027795791626,0.024158567190170288,0.019243573769927025,0.4838324785232544,0.9896376132965088,0.5808886289596558,0.04029658064246178,0.033663880079984665,0.245361328125,0.973497211933136,0.9662740230560303,0.029687311500310898,0.02296965755522251,0.3049587607383728,0.9901258945465088,0.5735685229301453
ai_036_008_cam_00_frame.0000,train,ai_036_008,0,0.2140185832977295,0.036207884550094604,0.457550048828125,0.9485626220703125,5.697648525238037,-0.0692291259765625,0.7810613512992859,0.21259862184524536,0.031433455646038055,0.5042572021484375,0.9493204951286316,5.794713020324707,-0.04525136947631836,0.7857409119606018,0.21112684905529022,0.028377939015626907,0.61279296875,0.9492442011833191,6.008904457092285,-0.005997180938720703,0.7823247313499451,0.21187911927700043,0.03180909529328346,0.4904124140739441,0.9483693838119507,6.256435871124268,0.016389846801757812,0.7709599137306213,0.21702374517917633,0.05179480090737343,0.2394476979970932,0.9165581464767456,0.7519234418869019,0.20738066732883453,0.03763904795050621,0.105360247194767,0.98876953125,0.7078315615653992,0.2160678654909134,0.04585568979382515,0.303765207529068,0.9162868857383728,0.7558016180992126,0.20640826225280762,0.02853383682668209,0.204372838139534,0.9890950322151184,0.7142531871795654,0.21569101512432098,0.04159987345337868,0.3871527910232544,0.916368305683136,0.7594211101531982,0.206193208694458,0.022143451496958733,0.3644205629825592,0.9892578125,0.7219889760017395,0.21657058596611023,0.043562524020671844,0.3846028745174408,0.9170193076133728,0.7522481083869934,0.20762856304645538,0.024661660194396973,0.4007703959941864,0.9894205927848816,0.699937641620636
ai_008_010_cam_00_frame.0000,train,ai_008_010,0,0.030109301209449768,0.02788153849542141,0.24368081986904144,0.9840415716171265,8.336989402770996,0.01698160171508789,0.8217751979827881,0.02557319402694702,0.02352551557123661,0.34828704595565796,0.9834739565849304,8.541654586791992,0.020826339721679688,0.8165516257286072,0.024137072265148163,0.021353909745812416,0.5136743783950806,0.9805092811584473,8.894585609436035,0.07630014419555664,0.7863152027130127,0.027055324986577034,0.02366585284471512,0.4560728669166565,0.9803550243377686,9.247699737548828,0.11322736740112305,0.7642667889595032,0.05772166699171066,0.053642649203538895,0.3278266191482544,0.941162109375,0.843440592288971,0.07662079483270645,0.07102099806070328,0.1115451380610466,0.9230143427848816,0.7490112781524658,0.052480969578027725,0.04873249679803848,0.3364529013633728,0.939697265625,0.8380053639411926,0.0685192123055458,0.06355267018079758,0.0859375,0.9227973222732544,0.7529553174972534,0.05379768833518028,0.05002564191818237,0.3719889223575592,0.9312337040901184,0.8229349255561829,0.07160282135009766,0.06651216000318527,0.2060546875,0.90576171875,0.7462039589881897,0.05510060489177704,0.051004230976104736,0.3834635317325592,0.9312880039215088,0.8202807903289795,0.07150512933731079,0.06602524220943451,0.3264974057674408,0.9052734375,0.7556480765342712
ai_026_019_cam_00_frame.0000,train,ai_026_019,0,0.040382497012615204,0.03630563244223595,0.23461979627609253,0.9815783500671387,21.653003692626953,-0.1531047821044922,0.9033645987510681,0.03242107853293419,0.029187651351094246,0.31683751940727234,0.9809216856956482,21.91590118408203,0.019333839416503906,0.9026419520378113,0.028824305161833763,0.024415796622633934,0.49622809886932373,0.9815732836723328,22.562150955200195,0.2053070068359375,0.8945236206054688,0.036376409232616425,0.03073412925004959,0.2891058325767517,0.9804075956344604,23.219911575317383,0.4753570556640625,0.8908383250236511,0.03705643117427826,0.031703826040029526,0.4026242196559906,0.9767460823059082,0.9227333068847656,0.03186874836683273,0.028056982904672623,0.4225252568721771,0.9816907644271851,0.8155575394630432,0.031182484701275826,0.026665883138775826,0.5436690449714661,0.9763386249542236,0.9178977012634277,0.025678487494587898,0.02340536192059517,0.5316744446754456,0.9807671308517456,0.8160790205001831,0.0326794758439064,0.02838226594030857,0.5176713466644287,0.9743012189865112,0.9096788167953491,0.0268961600959301,0.024733249098062515,0.49989134073257446,0.9801151752471924,0.8154062628746033,0.0387067049741745,0.03410341590642929,0.32688599824905396,0.9729700684547424,0.906532347202301,0.032318372279405594,0.02862585335969925,0.34434422850608826,0.9796262383460999,0.817019522190094
ai_038_002_cam_00_frame.0099,train,ai_038_002,99,0.06945031881332397,0.05908637121319771,0.11720624566078186,0.9955395460128784,3.3706212043762207,-0.0690460205078125,0.6608110666275024,0.0635795071721077,0.051648881286382675,0.13287943601608276,0.9955651164054871,3.430094003677368,-0.06931185722351074,0.6558941006660461,0.05506885424256325,0.03820112720131874,0.20920443534851074,0.9959948062896729,3.5467472076416016,-0.052832841873168945,0.6252858638763428,0.053540438413619995,0.029770374298095703,0.37584978342056274,0.9940151572227478,3.6802127361297607,-0.039305686950683594,0.5973379015922546,0.05944846197962761,0.05190688744187355,0.1829155832529068,0.9895561933517456,0.34901365637779236,0.06479550898075104,0.05481644347310066,0.072265625,1.0,0.25987708568573,0.054181504994630814,0.045427024364471436,0.2117512971162796,0.9895561933517456,0.32842227816581726,0.060773029923439026,0.049160510301589966,0.0601671002805233,1.0,0.2549450695514679,0.0429389625787735,0.030292004346847534,0.3091905415058136,0.9947102665901184,0.3042392432689667,0.05061008036136627,0.03376498445868492,0.1579318642616272,1.0,0.25423455238342285,0.038471829146146774,0.020105406641960144,0.3902723491191864,0.998779296875,0.2707194983959198,0.04564734920859337,0.019522693008184433,0.3674587607383728,1.0,0.2480127513408661
ai_012_010_cam_00_frame.0099,train,ai_012_010,99,0.037955254316329956,0.034167733043432236,0.3947575092315674,0.981798529624939,3.5751004219055176,0.03501605987548828,0.859495222568512,0.029678547754883766,0.026740368455648422,0.4341411888599396,0.9840457439422607,3.6303374767303467,0.04856753349304199,0.8579480648040771,0.03054359182715416,0.027277298271656036,0.3745220899581909,0.983655571937561,3.7436954975128174,0.06563639640808105,0.8532067537307739,0.037699658423662186,0.032868679612874985,0.2762995660305023,0.9818557500839233,3.8654794692993164,0.08990478515625,0.848131000995636,0.03210267797112465,0.029464395716786385,0.41223612427711487,0.9817979335784912,0.9156520366668701,0.013803906738758087,0.012049619108438492,0.5875033736228943,0.9989133477210999,0.6838688254356384,0.025253398343920708,0.023223040625452995,0.5743703842163086,0.982096791267395,0.9142690896987915,0.01094087865203619,0.009726249612867832,0.7602825164794922,0.9990763068199158,0.6629641056060791,0.02698642387986183,0.023640524595975876,0.483441561460495,0.9815806150436401,0.9131172895431519,0.015750935301184654,0.012927870266139507,0.5748981237411499,0.9987503290176392,0.6736615300178528,0.03296244889497757,0.028002774342894554,0.33255454897880554,0.9816892743110657,0.9108506441116333,0.020059946924448013,0.015242768451571465,0.45580005645751953,0.998695969581604,0.6678834557533264
ai_029_005_cam_00_frame.0000,train,ai_029_005,0,0.04665902256965637,0.041777145117521286,0.2382253110408783,0.9715220332145691,4.966186046600342,0.051735877990722656,0.9008757472038269,0.03875042498111725,0.0344138965010643,0.3605804443359375,0.9713847041130066,5.071046352386475,0.07316446304321289,0.9049255847930908,0.038977980613708496,0.03365618735551834,0.42950439453125,0.9706929922103882,5.287868499755859,0.09864139556884766,0.8893672227859497,0.04614105820655823,0.04012861102819443,0.2860107421875,0.9668172597885132,5.494332790374756,0.13314247131347656,0.8714246153831482,0.0854051411151886,0.07748878747224808,0.0952690988779068,0.9216850996017456,0.8948971629142761,0.08473579585552216,0.07537060230970383,0.093641497194767,0.9490017294883728,0.6251723766326904,0.07345852255821228,0.06637709587812424,0.3008626401424408,0.921006977558136,0.8933091759681702,0.06971312314271927,0.06229278817772865,0.4037000834941864,0.9482421875,0.6054055690765381,0.07926706224679947,0.07160196453332901,0.2628038227558136,0.919189453125,0.8716573119163513,0.07194779068231583,0.06607621163129807,0.1806098073720932,0.949327290058136,0.5824934840202332,0.0915287584066391,0.08275869488716125,0.1397840678691864,0.905029296875,0.8664256930351257,0.08290118724107742,0.0759044662117958,0.062879778444767,0.9504123330116272,0.5723906755447388
ai_051_002_cam_00_frame.0000,train,ai_051_002,0,0.034248292446136475,0.03028121590614319,0.2557373046875,0.9873453974723816,3.218918800354004,-0.0995640754699707,0.8369148373603821,0.027722051367163658,0.024356048554182053,0.3547770380973816,0.9872538447380066,3.279553174972534,-0.0854196548461914,0.836523175239563,0.022635003551840782,0.02029663324356079,0.4549764096736908,0.9871317744255066,3.396049737930298,-0.056437015533447266,0.8363534808158875,0.023745408281683922,0.02167644165456295,0.4283905029296875,0.9872030019760132,3.524688482284546,-0.03418564796447754,0.832877516746521,0.03430812433362007,0.029816919937729836,0.3268771767616272,0.984483540058136,0.8668950200080872,0.031000498682260513,0.02419791929423809,0.3614908754825592,0.994249165058136,0.5424482822418213,0.02787753939628601,0.02382534369826317,0.4901801347732544,0.9839138388633728,0.8685811758041382,0.024651097133755684,0.01845358870923519,0.5896809697151184,0.9939778447151184,0.5459710359573364,0.023053079843521118,0.020939644426107407,0.5685221552848816,0.9834797978401184,0.867264986038208,0.020468391478061676,0.01744016632437706,0.5746527910232544,0.9934353232383728,0.5378498435020447,0.025221863761544228,0.024191830307245255,0.4348415732383728,0.9838324785232544,0.8615613579750061,0.022750714793801308,0.021553942933678627,0.43701171875,0.9930012822151184,0.5356677770614624
ai_048_004_cam_00_frame.0000,train,ai_048_004,0,0.030501987785100937,0.02430088445544243,0.4754893183708191,0.9906107783317566,3.674701690673828,0.027963638305664062,0.8727989792823792,0.02614833228290081,0.020023420453071594,0.5413055419921875,0.9906870722770691,3.7479169368743896,0.02630138397216797,0.8671513199806213,0.023233234882354736,0.017283927649259567,0.6099853515625,0.9911448359489441,3.902143955230713,0.035649895668029785,0.8560990691184998,0.028190642595291138,0.022775109857320786,0.4443206787109375,0.9912770986557007,4.074305057525635,0.03802204132080078,0.8319790959358215,0.04770825430750847,0.042457275092601776,0.350640207529068,0.9660102128982544,0.8982089161872864,0.044888634234666824,0.03830644115805626,0.4689670205116272,0.9735785722732544,0.8129613399505615,0.04407637566328049,0.038797784596681595,0.3754068911075592,0.965440571308136,0.8922460675239563,0.0403326079249382,0.03370089456439018,0.5041775107383728,0.9730360507965088,0.8065401315689087,0.043523747473955154,0.03813759610056877,0.477593332529068,0.9670681357383728,0.8820807337760925,0.04453207924962044,0.03916832432150841,0.4781358540058136,0.9691298007965088,0.7984718084335327,0.05001337453722954,0.04579761251807213,0.236111119389534,0.9678276777267456,0.8663141131401062,0.05141882970929146,0.046953488141298294,0.3001302182674408,0.9697808027267456,0.7842621803283691
ai_013_001_cam_00_frame.0000,train,ai_013_001,0,0.054876115173101425,0.05018051713705063,0.2717437744140625,0.9909414052963257,370.97003173828125,-7.134033203125,0.9248903393745422,0.0556689016520977,0.050680629909038544,0.3205363154411316,0.9902750849723816,377.770263671875,-5.74163818359375,0.9266250729560852,0.059762369841337204,0.05377839133143425,0.2758738398551941,0.9890899658203125,391.84844970703125,-3.63824462890625,0.9253055453300476,0.06814329326152802,0.06061209738254547,0.1954549252986908,0.9882863759994507,407.0205078125,-0.74627685546875,0.9216012954711914,0.026765873655676842,0.025541776791214943,0.374321848154068,0.9803602695465088,0.9037903547286987,0.02079942263662815,0.020013952627778053,0.4576280415058136,0.9885525107383728,0.0,0.02195688523352146,0.02077830769121647,0.5622016191482544,0.9801703691482544,0.9050137400627136,0.01872747577726841,0.01801646128296852,0.53662109375,0.9886067509651184,0.0,0.022967243567109108,0.022225316613912582,0.4072536826133728,0.9788140058517456,0.9055872559547424,0.01827475056052208,0.01778220385313034,0.39599609375,0.9887152910232544,0.0,0.033164456486701965,0.03253859281539917,0.185329869389534,0.9785427451133728,0.9052731990814209,0.02083795703947544,0.020122352987527847,0.3391384482383728,0.9886610507965088,0.0
ai_018_007_cam_00_frame.0000,train,ai_018_007,0,0.030666565522551537,0.0275067538022995,0.2606964111328125,0.9971160888671875,3.6203806400299072,0.012521743774414062,0.8076602220535278,0.024637088179588318,0.022227715700864792,0.3049774169921875,0.9970347285270691,3.6916394233703613,0.023868799209594727,0.8134369254112244,0.014699211344122887,0.013429119251668453,0.5280050039291382,0.9970194697380066,3.8413970470428467,0.04721379280090332,0.8152546882629395,0.013459260575473309,0.011661438271403313,0.6552276611328125,0.996978759765625,4.01819372177124,0.06711602210998535,0.8173941373825073,0.031598176807165146,0.030928635969758034,0.199951171875,0.9928928017616272,0.7258914709091187,0.036277126520872116,0.0357988066971302,0.1317816823720932,0.9911566972732544,0.7015949487686157,0.02758966200053692,0.027059052139520645,0.227566197514534,0.992919921875,0.7360457181930542,0.030825283378362656,0.030435092747211456,0.1886935830116272,0.9912109375,0.707978367805481,0.017471561208367348,0.01690974272787571,0.4619954526424408,0.9928928017616272,0.7389923334121704,0.017222190275788307,0.016865653917193413,0.4954969584941864,0.9910481572151184,0.7248519659042358,0.015765350311994553,0.014690604992210865,0.6234537959098816,0.9929741621017456,0.744910478591919,0.01615237630903721,0.015493717975914478,0.6416015625,0.9911024570465088,0.7095784544944763
ai_016_006_cam_00_frame.0099,train,ai_016_006,99,0.0595976747572422,0.053691089153289795,0.33858081698417664,0.9188058376312256,3.669528007507324,0.038633108139038086,0.6971135139465332,0.055653028190135956,0.050698183476924896,0.3172079920768738,0.9570338726043701,3.7482659816741943,0.029225826263427734,0.6935949921607971,0.05054417997598648,0.04699239879846573,0.24509009718894958,0.9589517116546631,3.912797689437866,0.011356830596923828,0.6855639219284058,0.05010964348912239,0.0467093288898468,0.20309311151504517,0.9589517116546631,4.084104537963867,0.014509201049804688,0.6745826601982117,0.05276201292872429,0.049582868814468384,0.262749582529068,0.9337565302848816,0.8144170045852661,0.03356551378965378,0.032046347856521606,0.1461046040058136,0.9890950322151184,0.7564032673835754,0.05325565114617348,0.05019911751151085,0.2435980886220932,0.9337565302848816,0.813564658164978,0.03474177420139313,0.03336154296994209,0.0960286483168602,0.9890407919883728,0.7551823854446411,0.05496874079108238,0.05217382684350014,0.2046983540058136,0.9336751103401184,0.806495726108551,0.03792225196957588,0.03676335886120796,0.0484483502805233,0.9890950322151184,0.7543367147445679,0.05406491830945015,0.05159378796815872,0.279595285654068,0.933702290058136,0.8005738258361816,0.03598939627408981,0.03477072715759277,0.2684461772441864,0.988878071308136,0.7526459693908691
ai_032_002_cam_00_frame.0099,train,ai_032_002,99,0.08605499565601349,0.0780152752995491,0.3115692138671875,0.90899658203125,3.9836313724517822,-0.16583847999572754,0.9112401008605957,0.07738583534955978,0.07061358541250229,0.3492330014705658,0.932647705078125,4.079102039337158,-0.14753508567810059,0.9128305912017822,0.06580698490142822,0.06055663153529167,0.2368011474609375,0.9631551504135132,4.314659118652344,-0.1355724334716797,0.9081695079803467,0.06222916767001152,0.05729179084300995,0.1333516538143158,0.9694417715072632,4.584745407104492,-0.13582944869995117,0.8963512778282166,0.07972943037748337,0.07478492707014084,0.3667806088924408,0.8221028447151184,0.9087275862693787,0.02759019285440445,0.020710518583655357,0.4650065004825592,0.9949001669883728,0.8505638241767883,0.07319007068872452,0.06852735579013824,0.4638400673866272,0.867431640625,0.9044694900512695,0.023006072267889977,0.01647249236702919,0.608506977558136,0.9948459267616272,0.8531469106674194,0.06695250421762466,0.06249772757291794,0.3309190571308136,0.9345160722732544,0.900209903717041,0.0244769100099802,0.018030308187007904,0.5219184160232544,0.9944118857383728,0.8457583785057068,0.06844182312488556,0.06382879614830017,0.1662326455116272,0.9521213173866272,0.8889336585998535,0.035191766917705536,0.0285171065479517,0.250542551279068,0.99267578125,0.8291864395141602
ai_042_002_cam_00_frame.0000,train,ai_042_002,0,0.02992520108819008,0.025845564901828766,0.3364885449409485,0.9901173710823059,3.599308490753174,-0.11203837394714355,0.8585801124572754,0.023116063326597214,0.019583648070693016,0.4642866551876068,0.9919535517692566,3.671550750732422,-0.1044611930847168,0.8602496981620789,0.018865330144762993,0.016870606690645218,0.6021504998207092,0.9924061894416809,3.801272392272949,-0.06659698486328125,0.8549106121063232,0.02395934984087944,0.021717239171266556,0.4790419638156891,0.9912617802619934,3.9396719932556152,-0.04011726379394531,0.84686279296875,0.05149911344051361,0.04586406052112579,0.1281467080116272,0.9694281816482544,0.9261304140090942,0.06715316325426102,0.05820547416806221,0.0354275181889534,0.9665798544883728,0.6712737679481506,0.03954898193478584,0.03464357554912567,0.2186957448720932,0.9787868857383728,0.9246981143951416,0.04871763661503792,0.04098735749721527,0.0755208358168602,0.985460102558136,0.6834554076194763,0.028671609237790108,0.025248641148209572,0.5470649003982544,0.980224609375,0.9140263199806213,0.032035358250141144,0.027210090309381485,0.4020182192325592,0.9867079257965088,0.6957834959030151,0.0348636694252491,0.031605709344148636,0.4591471254825592,0.9753689169883728,0.9085407853126526,0.03849956765770912,0.03463651239871979,0.3956163227558136,0.9852430820465088,0.6923080682754517
ai_034_001_cam_00_frame.0000,train,ai_034_001,0,0.044697266072034836,0.041401855647563934,0.3291117548942566,0.9718221426010132,2.8298585414886475,-0.027549266815185547,0.6973004937171936,0.039455920457839966,0.036412253975868225,0.3961181640625,0.9716542959213257,2.873291015625,-0.0173187255859375,0.7049028277397156,0.0336933359503746,0.031274110078811646,0.4256541132926941,0.9710286855697632,2.9718515872955322,-0.007467985153198242,0.7174638509750366,0.03211277723312378,0.030087461695075035,0.3363139033317566,0.9706268310546875,3.091754198074341,-0.014823198318481445,0.7302138805389404,0.049641139805316925,0.043932512402534485,0.3434787392616272,0.9515516757965088,0.8438255190849304,0.031012827530503273,0.02567281760275364,0.3782552182674408,0.9967990517616272,0.6274751424789429,0.04348254203796387,0.03853416442871094,0.4745551347732544,0.9515516757965088,0.8521407246589661,0.02452092431485653,0.02017929032444954,0.582139790058136,0.9967448115348816,0.6468210816383362,0.03824849799275398,0.034802887588739395,0.4526095986366272,0.9516872763633728,0.8437628746032715,0.01988063007593155,0.018088892102241516,0.4747721254825592,0.996690571308136,0.6507936120033264,0.04099677875638008,0.03759282827377319,0.2863227128982544,0.9518771767616272,0.8487783670425415,0.024500370025634766,0.022592853754758835,0.2170138955116272,0.9965277910232544,0.6485376954078674
ai_045_004_cam_01_frame.0099,train,ai_045_004,99,0.03223413974046707,0.027990935370326042,0.5858999490737915,0.9698015451431274,2.1778690814971924,-0.07847845554351807,0.7830591797828674,0.028390171006321907,0.02463974803686142,0.6665140986442566,0.9697099328041077,2.215097427368164,-0.0723104476928711,0.7818636894226074,0.02691664546728134,0.02446809597313404,0.5177090764045715,0.9823672771453857,2.302172899246216,-0.06706595420837402,0.7285433411598206,0.030455967411398888,0.028117002919316292,0.3921838104724884,0.9821485280990601,2.4012227058410645,-0.06474602222442627,0.7255408763885498,0.10588132590055466,0.0984455943107605,0.48883819580078125,0.8445222973823547,0.7172825932502747,0.023815833032131195,0.018361998721957207,0.48308077454566956,0.9994568228721619,0.5437116026878357,0.09516868740320206,0.08756827563047409,0.5372603535652161,0.8439520001411438,0.7046141028404236,0.020942796021699905,0.014879048801958561,0.5584704875946045,0.99831622838974,0.5664974451065063,0.07854326069355011,0.07226499170064926,0.4762098789215088,0.9115746021270752,0.568611741065979,0.02040649764239788,0.014384329319000244,0.5503774881362915,0.9978273510932922,0.5537896156311035,0.08090849220752716,0.07482635974884033,0.3306175768375397,0.9106512069702148,0.5811824202537537,0.024030277505517006,0.01790209859609604,0.39981532096862793,0.9977187514305115,0.538836658000946
ai_035_009_cam_00_frame.0000,train,ai_035_009,0,0.03125376999378204,0.027807343751192093,0.40908902883529663,0.9966636300086975,2.444000482559204,-0.1383070945739746,0.8602672219276428,0.025577440857887268,0.022127795964479446,0.48183104395866394,0.9966177940368652,2.484558582305908,-0.12369585037231445,0.8698714971542358,0.021446185186505318,0.01599278301000595,0.569385290145874,0.9963885545730591,2.5907371044158936,-0.13774895668029785,0.8748466372489929,0.02491743676364422,0.018616363406181335,0.529609203338623,0.9963172674179077,2.7073636054992676,-0.1547412872314453,0.8628246188163757,0.011004257947206497,0.010098883882164955,0.7189127802848816,0.9992946982383728,0.7892845273017883,0.012474553659558296,0.011278101243078709,0.6999240517616272,0.9997287392616272,0.6278149485588074,0.00919868890196085,0.008196908980607986,0.8000217080116272,0.999267578125,0.8044520616531372,0.009939763695001602,0.00868540070950985,0.814073383808136,0.9997287392616272,0.6461358666419983,0.009717458859086037,0.008834798820316792,0.7421603798866272,0.9992404580116272,0.8331648111343384,0.012150195427238941,0.01106730755418539,0.6462131142616272,0.9996744990348816,0.6911389231681824,0.01211618259549141,0.0113837830722332,0.6423882246017456,0.9992133378982544,0.8437232971191406,0.015384594909846783,0.014478630386292934,0.5437282919883728,0.9996744990348816,0.6821794509887695
ai_019_001_cam_00_frame.0000,train,ai_019_001,0,0.048383474349975586,0.04582713544368744,0.2034352719783783,0.9933522939682007,5.610344886779785,0.3649106025695801,0.8881287574768066,0.0428767204284668,0.04083522781729698,0.2332102507352829,0.9934031367301941,5.6953887939453125,0.37679386138916016,0.8940585255622864,0.036736950278282166,0.03502178192138672,0.2079925537109375,0.993499755859375,5.900310039520264,0.38359832763671875,0.8959143161773682,0.03380287438631058,0.03164904564619064,0.2162679135799408,0.9934285879135132,6.134025573730469,0.35128116607666016,0.8876579403877258,0.04352014511823654,0.0416703037917614,0.230712890625,0.9760199785232544,0.9696823954582214,0.03272316977381706,0.029721731320023537,0.4495442807674408,0.9847005009651184,0.6569234132766724,0.03776102140545845,0.03594513610005379,0.2769639790058136,0.97607421875,0.9714023470878601,0.027371469885110855,0.024690112099051476,0.5193684697151184,0.9847005009651184,0.6728256940841675,0.03187497332692146,0.02978873997926712,0.3249782919883728,0.9762912392616272,0.9695019721984863,0.02258186973631382,0.020110197365283966,0.5853407382965088,0.9852973222732544,0.6883494257926941,0.030692100524902344,0.027851631864905357,0.314263254404068,0.9761013388633728,0.9682496190071106,0.024505559355020523,0.02186601050198078,0.49609375,0.9853515625,0.6950535774230957
ai_004_008_cam_00_frame.0000,train,ai_004_008,0,0.028773363679647446,0.026171501725912094,0.6301981806755066,0.9736785888671875,3.126307964324951,0.04946112632751465,0.7683197259902954,0.02738729678094387,0.024817373603582382,0.76007080078125,0.9726613759994507,3.1832222938537598,0.05438828468322754,0.767991840839386,0.029588021337985992,0.026363877579569817,0.7048848867416382,0.9692739248275757,3.3082661628723145,0.0695793628692627,0.7628619074821472,0.03371719643473625,0.03008347749710083,0.5507405996322632,0.9687601923942566,3.444230318069458,0.07427144050598145,0.7558220028877258,0.01592102274298668,0.01507935393601656,0.5959743857383728,0.998779296875,0.9766139388084412,0.021763691678643227,0.020733287557959557,0.3385959267616272,0.99853515625,0.7222785949707031,0.010594295337796211,0.010052609257400036,0.7950032353401184,0.9987250566482544,0.9767969250679016,0.01288691908121109,0.012306658551096916,0.6991102695465088,0.99853515625,0.7154461741447449,0.011638577096164227,0.011143730953335762,0.8006998896598816,0.9986708164215088,0.9788186550140381,0.0145997554063797,0.013828607276082039,0.7128363847732544,0.9984809160232544,0.7160345315933228,0.01548046339303255,0.014835900627076626,0.7325846552848816,0.998643696308136,0.9792439341545105,0.021131625398993492,0.020064134150743484,0.6052517294883728,0.9984809160232544,0.7141033411026001
ai_039_007_cam_00_frame.0099,train,ai_039_007,99,0.04070788994431496,0.03650972247123718,0.6158098578453064,0.9627407193183899,3.2922239303588867,-0.037583351135253906,0.6391283273696899,0.032645415514707565,0.028810899704694748,0.6921824216842651,0.9654173851013184,3.3580169677734375,-0.03889274597167969,0.6315515041351318,0.032252516597509384,0.028328724205493927,0.7098146677017212,0.9627689123153687,3.493353843688965,-0.03685903549194336,0.6242765784263611,0.037536077201366425,0.033622536808252335,0.5901306867599487,0.9564575552940369,3.6358802318573,-0.03474140167236328,0.6285127997398376,0.12147160619497299,0.11106593161821365,0.19892536103725433,0.8562234044075012,0.6615285277366638,0.11326982825994492,0.10181330889463425,0.09358762204647064,0.9497519731521606,0.26912784576416016,0.10445304960012436,0.09556985646486282,0.2752125561237335,0.8514702320098877,0.6518173217773438,0.08163728564977646,0.07301782071590424,0.12931033968925476,0.9476853609085083,0.2632424235343933,0.10467833280563354,0.09651719778776169,0.24300307035446167,0.8427609801292419,0.6452324390411377,0.07669723033905029,0.06990697979927063,0.1394071727991104,0.942902684211731,0.26420047879219055,0.11462359875440598,0.10608556121587753,0.21466107666492462,0.8295347094535828,0.6451589465141296,0.08994390070438385,0.08296110481023788,0.10014171153306961,0.9355809688568115,0.282044380903244
ai_006_003_cam_00_frame.0000,train,ai_006_003,0,0.018715616315603256,0.016905423253774643,0.6084645986557007,0.9914652705192566,4.022511959075928,0.0502166748046875,0.8368937969207764,0.015020482242107391,0.013480539433658123,0.7230581045150757,0.9913889765739441,4.104027271270752,0.051177024841308594,0.8554306626319885,0.014872286468744278,0.01324806921184063,0.7463633418083191,0.9912923574447632,4.273068428039551,0.052594661712646484,0.8560310006141663,0.018148774281144142,0.016261279582977295,0.6189931631088257,0.9900309443473816,4.452826976776123,0.059194087982177734,0.8492319583892822,0.024340452626347542,0.022545775398612022,0.3520236611366272,0.989366352558136,0.8976976871490479,0.02514534443616867,0.022339530289173126,0.2561849057674408,0.9928928017616272,0.694027304649353,0.01894501782953739,0.017230385914444923,0.5906032919883728,0.9894205927848816,0.8993070721626282,0.01805473305284977,0.015375286340713501,0.6190863847732544,0.9933268427848816,0.705100953578949,0.017037222161889076,0.015122377313673496,0.715196430683136,0.9892578125,0.8935871124267578,0.015718990936875343,0.012793270871043205,0.779405415058136,0.9931098222732544,0.7047759890556335,0.020177947357296944,0.01803598925471306,0.6382649540901184,0.98876953125,0.8750724792480469,0.01952829211950302,0.016139093786478043,0.6476779580116272,0.9920790195465088,0.6954717040061951
ai_010_009_cam_00_frame.0000,train,ai_010_009,0,0.04466327279806137,0.04163581505417824,0.2879599332809448,0.9509783983230591,3.527324914932251,0.026456832885742188,0.83859783411026,0.04256699979305267,0.039403077214956284,0.3563101887702942,0.9505406022071838,3.5833470821380615,0.046051025390625,0.8264232277870178,0.044613536447286606,0.040568768978118896,0.3159729838371277,0.9467430710792542,3.7190463542938232,0.04297661781311035,0.8107194304466248,0.048243213444948196,0.04294724389910698,0.32308444380760193,0.9453075528144836,3.858454942703247,0.05501842498779297,0.8013324737548828,0.08471859991550446,0.07834134995937347,0.256890207529068,0.8712836503982544,0.8137388825416565,0.0888885110616684,0.08184846490621567,0.1917860209941864,0.8763563632965088,0.5988532304763794,0.0857148990035057,0.07946185767650604,0.2486165314912796,0.8750813603401184,0.7953596115112305,0.09102223813533783,0.08428360521793365,0.2171766459941864,0.8881293535232544,0.5629169940948486,0.09144675731658936,0.08491597324609756,0.212890625,0.8622775673866272,0.7819709777832031,0.09897797554731369,0.09134272485971451,0.2802191972732544,0.8717448115348816,0.5313946008682251,0.09609418362379074,0.08905262500047684,0.164794921875,0.8607856035232544,0.7724716067314148,0.1022554412484169,0.0938197672367096,0.2318250834941864,0.8716362714767456,0.5195790529251099
ai_001_002_cam_00_frame.0000,train,ai_001_002,0,0.0465489998459816,0.031055942177772522,0.5110015869140625,0.9750213623046875,1.6952177286148071,0.16672658920288086,0.7936335206031799,0.04537830874323845,0.030269578099250793,0.3677113950252533,0.9750264883041382,1.7220813035964966,0.1592235565185547,0.7894338965415955,0.044889986515045166,0.031548723578453064,0.3059336543083191,0.9754079580307007,1.7852108478546143,0.13638591766357422,0.7729596495628357,0.04531937092542648,0.03443469852209091,0.2645975947380066,0.9759775996208191,1.8585115671157837,0.11179900169372559,0.7572622299194336,0.0875522643327713,0.06298699229955673,0.1937934011220932,0.9300944209098816,0.757172167301178,0.048876598477363586,0.019793812185525894,0.2804361879825592,0.9991862177848816,0.683139443397522,0.08045817166566849,0.05638157203793526,0.28759765625,0.9300130009651184,0.743363618850708,0.043134842067956924,0.014230375178158283,0.461480051279068,0.9991862177848816,0.6682912707328796,0.07116784900426865,0.05026447772979736,0.3946397602558136,0.9300130009651184,0.7209866642951965,0.03466425836086273,0.01041788887232542,0.6343315839767456,0.99951171875,0.6388489007949829,0.06463870406150818,0.048752881586551666,0.4026692807674408,0.9300130009651184,0.6887847781181335,0.028104649856686592,0.011735577136278152,0.5602756142616272,0.9996744990348816,0.5096736550331116
ai_038_006_cam_00_frame.0000,train,ai_038_006,0,0.1081673875451088,0.0949007198214531,0.1256086826324463,0.9362630248069763,8.865184783935547,-0.4923419952392578,0.7689177393913269,0.10217853635549545,0.09024454653263092,0.1554839164018631,0.937182605266571,8.932329177856445,-0.4351651668548584,0.763312041759491,0.09638995677232742,0.08666609227657318,0.2066030651330948,0.9377468824386597,9.085539817810059,-0.33587074279785156,0.7607992887496948,0.09877155721187592,0.0904732272028923,0.17204122245311737,0.930688202381134,9.31652545928955,-0.2688865661621094,0.7530517578125,0.1522652953863144,0.1438015103340149,0.0819336473941803,0.8480035662651062,0.7998673915863037,0.15957032144069672,0.15013495087623596,0.07022690027952194,0.8940232396125793,0.6678060293197632,0.15096928179264069,0.1424483060836792,0.09012424200773239,0.8512964248657227,0.79795241355896,0.1609460711479187,0.15134170651435852,0.07437742501497269,0.8977310657501221,0.6560415029525757,0.15748882293701172,0.14860941469669342,0.07908353954553604,0.8504109382629395,0.8054442405700684,0.1778450310230255,0.16751721501350403,0.019092418253421783,0.891698956489563,0.652479350566864,0.17083773016929626,0.16125817596912384,0.07847478240728378,0.8161819577217102,0.8051939606666565,0.20510618388652802,0.19329774379730225,0.018871057778596878,0.8206973075866699,0.6556697487831116
ai_032_005_cam_00_frame.0000,train,ai_032_005,0,0.021138055250048637,0.01930764876306057,0.4841410517692566,0.9947408437728882,3.0682523250579834,0.021319866180419922,0.8796346783638,0.017143525183200836,0.01551247388124466,0.5335286855697632,0.9951833486557007,3.1324727535247803,0.020999670028686523,0.8834466338157654,0.01613403484225273,0.014218906871974468,0.6198629140853882,0.9964243769645691,3.2695083618164062,0.018344640731811523,0.8807314038276672,0.01897755078971386,0.016666706651449203,0.5485687255859375,0.9961700439453125,3.403561592102051,0.029020309448242188,0.8780480027198792,0.025037700310349464,0.022458620369434357,0.5218098759651184,0.9986165165901184,0.9339437484741211,0.03379655256867409,0.030095743015408516,0.4324001669883728,0.9992404580116272,0.8012802004814148,0.01858222670853138,0.016628609970211983,0.5541178584098816,0.9984266757965088,0.9386691451072693,0.02258448861539364,0.02016402594745159,0.450249582529068,0.999131977558136,0.7980477809906006,0.02072812058031559,0.018554747104644775,0.5087077021598816,0.9973958134651184,0.9264357686042786,0.022962037473917007,0.02040131948888302,0.411675363779068,0.9989691972732544,0.7976308465003967,0.025572583079338074,0.02295648120343685,0.3910047709941864,0.996446430683136,0.9070156216621399,0.028721239417791367,0.02538665011525154,0.3135850727558136,0.9977756142616272,0.7910133004188538
ai_022_002_cam_00_frame.0000,train,ai_022_002,0,0.027076106518507004,0.024893958121538162,0.3346201777458191,0.9956461787223816,3.562673568725586,-0.12787246704101562,0.8089626431465149,0.025722702965140343,0.02347666583955288,0.3541107177734375,0.9957479238510132,3.6301302909851074,-0.1307687759399414,0.8181668519973755,0.024591583758592606,0.022633640095591545,0.3347829282283783,0.9957682490348816,3.7664263248443604,-0.0988759994506836,0.8196103572845459,0.028048207983374596,0.02631690353155136,0.2423655241727829,0.99493408203125,3.91101336479187,-0.08306598663330078,0.8021821975708008,0.03043898567557335,0.02862262725830078,0.3697102963924408,0.9953342080116272,0.7689959406852722,0.025953635573387146,0.02398695982992649,0.2572157084941864,0.997667133808136,0.884844958782196,0.028251588344573975,0.026439035311341286,0.3861490786075592,0.9957411289215088,0.7821725010871887,0.022919366136193275,0.021019229665398598,0.2886827290058136,0.99755859375,0.8922588229179382,0.031402964144945145,0.029465854167938232,0.2347276508808136,0.9955241084098816,0.7836998105049133,0.025976993143558502,0.023821601644158363,0.1821831613779068,0.9977213740348816,0.8803811073303223,0.035103049129247665,0.032834243029356,0.17578125,0.9949544072151184,0.7771213054656982,0.02853689342737198,0.025961538776755333,0.1879340261220932,0.9972873330116272,0.8439129590988159
ai_023_008_cam_00_frame.0000,train,ai_023_008,0,0.017814045771956444,0.015090912580490112,0.6715975999832153,0.9831846952438354,13.608591079711914,0.008737564086914062,0.6908590197563171,0.015069976449012756,0.0126497158780694,0.7479745745658875,0.9831907153129578,13.917829513549805,0.005780220031738281,0.7184756398200989,0.01808711141347885,0.016233446076512337,0.4141051471233368,0.9970474243164062,14.529473304748535,-0.003643035888671875,0.6547531485557556,0.027745913714170456,0.025249512866139412,0.27917471528053284,0.9912202954292297,15.133237838745117,0.0072021484375,0.6368598341941833,0.014718207530677319,0.011284297332167625,0.5838602781295776,0.9999999403953552,0.5993576645851135,0.012293788604438305,0.007313783746212721,0.7355637550354004,1.0,0.7637811303138733,0.013274735771119595,0.009845120832324028,0.6489009261131287,0.9999999403953552,0.6312935948371887,0.01170252449810505,0.006459229160100222,0.7830043435096741,1.0,0.7540797591209412,0.01694515533745289,0.013600843958556652,0.5207935571670532,0.9999999403953552,0.6542463898658752,0.014476866461336613,0.00919700413942337,0.6195383071899414,1.0,0.728738009929657,0.022062567993998528,0.018451571464538574,0.4118571877479553,0.9999999403953552,0.6124484539031982,0.018149450421333313,0.012487301602959633,0.5069923400878906,1.0,0.584662675857544
ai_002_008_cam_00_frame.0099,train,ai_002_008,99,0.03160049021244049,0.029343459755182266,0.5253587961196899,0.9735649228096008,2.6453003883361816,-0.1417255401611328,0.7088200449943542,0.027067502960562706,0.025114839896559715,0.5455044507980347,0.9811426401138306,2.6873722076416016,-0.13672733306884766,0.7041332721710205,0.022134361788630486,0.0199765432626009,0.5053218007087708,0.990541398525238,2.778846263885498,-0.14157414436340332,0.6725994348526001,0.02779197320342064,0.02523602917790413,0.4516308009624481,0.9805229306221008,2.869697332382202,-0.13927793502807617,0.6465811729431152,0.024981822818517685,0.023384351283311844,0.6169975996017456,0.9868435263633728,0.8197383880615234,0.013691015541553497,0.013043580576777458,0.716417133808136,0.994249165058136,0.5702856779098511,0.021906938403844833,0.020262153819203377,0.6574978232383728,0.9881727695465088,0.8142755031585693,0.012602521106600761,0.011851807124912739,0.7501627802848816,0.9955512285232544,0.5714340806007385,0.021871784701943398,0.02042987570166588,0.4715711772441864,0.9883083701133728,0.7979244589805603,0.015698449686169624,0.015009522438049316,0.4344075620174408,0.9963107705116272,0.5661653876304626,0.02613779902458191,0.02463187836110592,0.334526926279068,0.9877658486366272,0.785531759262085,0.021570570766925812,0.02067815139889717,0.229763463139534,0.99609375,0.5425044298171997
ai_055_005_cam_01_frame.0099,train,ai_055_005,99,0.12769579887390137,0.04009983688592911,0.2462945431470871,0.9796746969223022,2.9913384914398193,-0.023012161254882812,0.7005207538604736,0.1268983632326126,0.03870340436697006,0.2770572006702423,0.9795322418212891,3.0552494525909424,-0.02490234375,0.6876572370529175,0.12620070576667786,0.03798926994204521,0.2927691340446472,0.9790694117546082,3.18649959564209,-0.03252983093261719,0.6750665903091431,0.12637527287006378,0.040149036794900894,0.22894985973834991,0.9787285923957825,3.326099395751953,-0.04568195343017578,0.6691359281539917,0.1440538913011551,0.07020939141511917,0.1956922709941864,0.911973774433136,0.6244441270828247,0.12837406992912292,0.045289892703294754,0.1832139790058136,0.9772135615348816,0.4047490656375885,0.1432117074728012,0.06852901726961136,0.2054307758808136,0.910888671875,0.604895830154419,0.12796075642108917,0.04425854608416557,0.2094184011220932,0.9778103232383728,0.39138099551200867,0.14290237426757812,0.0670289695262909,0.2505696713924408,0.9086642861366272,0.5853450298309326,0.12824033200740814,0.044819269329309464,0.2929145097732544,0.9764540195465088,0.36489152908325195,0.14430901408195496,0.06942907720804214,0.2398274689912796,0.9071994423866272,0.5752290487289429,0.1307930201292038,0.05009971186518669,0.2717556357383728,0.976182758808136,0.3703518807888031
ai_028_002_cam_00_frame.0000,train,ai_028_002,0,0.057380542159080505,0.052066054195165634,0.4356576204299927,0.9135168790817261,3.0883049964904785,0.05454754829406738,0.48839595913887024,0.05267402529716492,0.048140931874513626,0.40432876348495483,0.9199753403663635,3.167816400527954,0.041550636291503906,0.5013508796691895,0.04828106239438057,0.044681329280138016,0.4574797451496124,0.9239564538002014,3.33323335647583,0.019291400909423828,0.5096734166145325,0.05299379304051399,0.049094006419181824,0.4171946942806244,0.9179771542549133,3.479893207550049,0.019889354705810547,0.5305313467979431,0.16533614695072174,0.16071836650371552,0.12109236419200897,0.6578452587127686,0.4553096890449524,0.036166612058877945,0.03425198793411255,0.23296630382537842,0.9867000579833984,0.8869213461875916,0.15256580710411072,0.14860424399375916,0.11953885108232498,0.6861900687217712,0.47553467750549316,0.03085394576191902,0.029266512021422386,0.2210291028022766,0.9866455793380737,0.8892351388931274,0.13639982044696808,0.13310934603214264,0.19778692722320557,0.7009620666503906,0.48198285698890686,0.025114446878433228,0.023843586444854736,0.3652022182941437,0.9869180917739868,0.8711142539978027,0.13410663604736328,0.13071787357330322,0.2080346643924713,0.7114006280899048,0.4811619520187378,0.0266016386449337,0.025175822898745537,0.3844979703426361,0.9868090748786926,0.8402898907661438
ai_044_008_cam_01_frame.0099,train,ai_044_008,99,0.08986004441976547,0.0776161327958107,0.1476033627986908,0.8674113154411316,5.660243034362793,-0.2782468795776367,0.7999057769775391,0.08222250640392303,0.07124046981334686,0.1803334653377533,0.9241892695426941,5.79157018661499,-0.3075532913208008,0.7990866303443909,0.07267670333385468,0.06416885554790497,0.1232147216796875,0.9534810781478882,6.056458473205566,-0.2902078628540039,0.7922353744506836,0.06877969205379486,0.05990157276391983,0.1805979460477829,0.9523671865463257,6.294482231140137,-0.30037903785705566,0.7786605954170227,0.07739850133657455,0.06515008956193924,0.1624891459941864,0.9524468183517456,0.7278757691383362,0.05250592902302742,0.03748801723122597,0.26123046875,0.9944118857383728,0.33831843733787537,0.07415138185024261,0.06381025910377502,0.1484103798866272,0.9526095986366272,0.7304120659828186,0.04421458765864372,0.032212886959314346,0.24658203125,0.9945204257965088,0.32465776801109314,0.07926087826490402,0.07259416580200195,0.0859646275639534,0.9521755576133728,0.7271134257316589,0.045166805386543274,0.039806120097637177,0.1492512971162796,0.9940321445465088,0.3036341667175293,0.08505582809448242,0.07824862003326416,0.11669921875,0.9508192539215088,0.7160695195198059,0.04882359504699707,0.04487096145749092,0.1591796875,0.9940863847732544,0.2839016318321228
ai_033_008_cam_00_frame.0000,train,ai_033_008,0,0.03599065914750099,0.032194968312978745,0.3118979036808014,0.9876605868339539,4.262291431427002,-0.01407623291015625,0.8576388955116272,0.029668115079402924,0.02608744241297245,0.3812650442123413,0.9876656532287598,4.35112190246582,-0.008985519409179688,0.8577964901924133,0.029493262991309166,0.02668394334614277,0.3651414215564728,0.9876859784126282,4.520168781280518,-0.019606590270996094,0.8511224389076233,0.03691212832927704,0.033865440636873245,0.25134024024009705,0.9882352948188782,4.693881034851074,-0.0014531612396240234,0.833960771560669,0.0447685681283474,0.04230518266558647,0.2314578741788864,0.9845369458198547,0.8305845260620117,0.048995714634656906,0.045660339295864105,0.12413867563009262,0.9844284057617188,0.7464786171913147,0.040560390800237656,0.038040999323129654,0.2554663419723511,0.9825294613838196,0.8372307419776917,0.04255853593349457,0.03896866738796234,0.21208833158016205,0.98404860496521,0.7484719157218933,0.043028607964515686,0.0404338464140892,0.20698823034763336,0.9815256595611572,0.8274784088134766,0.04294222593307495,0.038996290415525436,0.23308555781841278,0.9821496605873108,0.7409165501594543,0.05039175972342491,0.047404225915670395,0.16241657733917236,0.9797080755233765,0.8168522715568542,0.04952668398618698,0.04485396668314934,0.18078237771987915,0.9806846976280212,0.7371315956115723
