step,loss,grad_norm,k1/global,k1/local,k1/edge,k2/global,k2/local,k2/edge,k3/global,k3/local,k3/edge
1,0.045909082517027855,0.5870240926742554,0.00860579265281558,0.005872485460713506,0.00026782088389154524,0.00860579265281558,0.0053623339626938105,0.00026782088389154524,0.00860579265281558,0.005643035750836134,0.00026782088389154524
2,0.22494931519031525,0.7759395837783813,0.041149357333779335,0.030852568335831165,0.0007024299120530486,0.04114905185997486,0.030328496359288692,0.0007034019799903035,0.041148627176880836,0.03187824971973896,0.0007049075793474913
3,0.11022265255451202,0.7499849200248718,0.019031119532883167,0.014625194016844034,0.0006421221187338233,0.019022919237613678,0.015707756858319044,0.0006436303956434131,0.019014915451407433,0.01509586488828063,0.0006454689428210258
4,0.05292886681854725,1.3329542875289917,0.00949996942654252,0.0065209162421524525,0.000319023325573653,0.009492910001426935,0.00702184671536088,0.000323297776049003,0.009485998190939426,0.007021300029009581,0.0003291605244157836
5,0.06872461177408695,1.217551589012146,0.014305866789072752,0.006408337038010359,0.00035398318141233176,0.01428989740088582,0.007211799034848809,0.00035716083948500454,0.014274082612246275,0.007943755015730858,0.0003615745954448357
6,0.0962434820830822,0.7138016223907471,0.01714347116649151,0.013022072613239288,0.00047307496424764395,0.017132003791630268,0.0131509555503726,0.0004760051815537736,0.017120731063187122,0.012958680745214224,0.00047981063835322857
7,0.10962525382637978,0.7161833643913269,0.022791024297475815,0.012183690443634987,0.0004376876458991319,0.02277340181171894,0.01251092366874218,0.00044135848293080926,0.022756180725991726,0.011309676803648472,0.0004460428172023967
8,0.5135462656617165,0.8906887173652649,0.1257872562855482,0.022747403010725975,0.0008513471111655235,0.1257778573781252,0.047018054872751236,0.0008546408062102273,0.12577195279300213,0.0561855542473495,0.0008585613395553082
9,0.0750196985900402,0.7937572002410889,0.010601010173559189,0.014740808866918087,0.0003778408863581717,0.01059582713060081,0.012530180625617504,0.00038130333996377885,0.010590804740786552,0.01138157770037651,0.00038572787889279425
10,0.06990320980548859,1.3992220163345337,0.012799184303730726,0.00918641360476613,0.00035542929254006594,0.012816459406167269,0.009500399697571993,0.0003583071375032887,0.012834123335778713,0.008463072823360562,0.00036215178261045367
11,0.07456034049391747,1.1124701499938965,0.015416675945743918,0.008293956285342574,0.0003540067409630865,0.015407808125019073,0.008297740248963237,0.0003577294264687225,0.015399191994220018,0.007447701180353761,0.00036257930332794785
12,0.07597258314490318,0.7137361168861389,0.015540413092821836,0.008883468806743622,0.00034788038465194404,0.015535112470388412,0.007650890038348734,0.0003502329345792532,0.015529922675341368,0.00862789188977331,0.00035310832026880234
13,0.06152939423918724,0.9039126038551331,0.010104716755449772,0.009206290356814861,0.0003816264506895095,0.010103794280439615,0.009110476588830352,0.0003842714795609936,0.010103026870638132,0.008286903146654367,0.0003876489936374128
14,0.12423708289861679,0.6708406805992126,0.017809872515499592,0.01999145792797208,0.0006800140545237809,0.01781416591256857,0.02075928822159767,0.0006816654640715569,0.017818603198975325,0.021861161570996046,0.0006839543202659115
15,0.05141715705394745,0.8502063751220703,0.00838019186630845,0.006846754811704159,0.00032384388032369316,0.008377724094316363,0.007549817441031337,0.0003259312506997958,0.008375377859920263,0.007974057458341122,0.00032853336597327143
16,0.10996205359697342,0.4576490819454193,0.018563517834991217,0.016623595263808966,0.00048206979408860207,0.018557540141046047,0.017941840458661318,0.00048304247320629656,0.018551588524132967,0.013926725834608078,0.0004841995978495106
17,0.12209808826446533,1.2846994400024414,0.02359152678400278,0.014760460704565048,0.0004967899149050936,0.023590288124978542,0.014875079970806837,0.0004979202931281179,0.02358906250447035,0.015715619083493948,0.0004993033944629133
18,0.08576477691531181,0.8847094774246216,0.01635337993502617,0.010453274473547935,0.0004622083797585219,0.016352915205061436,0.010318059008568525,0.00046326121082529426,0.01635244209319353,0.010374403093010187,0.0004646057786885649
19,0.0967615507543087,0.3258565068244934,0.018687269650399685,0.007135398918762803,0.00036215619184076786,0.018684582319110632,0.006921033374965191,0.0003629901329986751,0.018681825138628483,0.022294352063909173,0.0003641256334958598
20,0.11084216088056564,1.224392294883728,0.02302152570337057,0.013343199621886015,0.00042301995563320816,0.02301157731562853,0.010845211800187826,0.00042341070366092026,0.023001658730208874,0.012537659611552954,0.00042390014277771115
21,0.0930146798491478,0.9785305261611938,0.01879449049010873,0.010909952223300934,0.00037496330332942307,0.018798569217324257,0.010148865170776844,0.0003758858802029863,0.018802689854055643,0.011048594955354929,0.000377031450625509
22,0.0624949187040329,0.5603145360946655,0.009382504038512707,0.009721373207867146,0.0003792190400417894,0.009381720330566168,0.009953288827091455,0.00038002297515049577,0.00938097620382905,0.010114510543644428,0.00038089475128799677
23,0.5178288519382477,0.9839204549789429,0.11852811463177204,0.03764951229095459,0.0011091541382484138,0.1185296569019556,0.03959102742373943,0.0011095796362496912,0.11853114515542984,0.07168424315750599,0.0011100537958554924
24,0.13490935415029526,0.7053655385971069,0.02354469057172537,0.020051607862114906,0.0006057927967049181,0.023544800467789173,0.018868918530642986,0.0006063499022275209,0.023544650059193373,0.018078004010021687,0.00060702720656991
25,0.1450754813849926,1.2240344285964966,0.027998744510114193,0.019003329798579216,0.0005193016258999705,0.027989468537271023,0.019222802948206663,0.00051978969713673,0.027980155311524868,0.01664320006966591,0.000520354398759082
26,0.08292004838585854,0.629149854183197,0.01604744652286172,0.010707070119678974,0.0003673333994811401,0.01604108139872551,0.010509339161217213,0.00036821106914430857,0.01603479078039527,0.009160831104964018,0.0003693272592499852
27,0.08896004781126976,0.9146307110786438,0.01591069996356964,0.012394286692142487,0.0004851721168961376,0.015916117001324892,0.011408216319978237,0.0004859566397499293,0.015921642538160086,0.011577127501368523,0.00048685958608984947
28,0.42147428542375565,0.8525775074958801,0.1016499144025147,0.05573432706296444,0.000945410443819128,0.10164081491529942,0.025105806533247232,0.000945898937061429,0.1016540820710361,0.024338499642908573,0.0009464082831982523
29,0.5727838780730963,0.6019937992095947,0.13410803629085422,0.07070186384953558,0.0009047998755704612,0.13408204773440957,0.026980973314493895,0.0009050213411683217,0.13408537302166224,0.06196525786072016,0.0009052489185705781
30,0.14045241475105286,0.3232564926147461,0.024617362767457962,0.020052611362189054,0.0005074572109151632,0.024614441208541393,0.01869816519320011,0.0005082294665044174,0.024611511267721653,0.021759504918009043,0.0005090172926429659
31,0.1231887936592102,0.8581088781356812,0.027244368568062782,0.012426140252500772,0.0003551074187271297,0.02723844302818179,0.011515988735482097,0.0003555900475475937,0.027232553344219923,0.01326396781951189,0.0003561358025763184
32,0.07751890644431114,0.3556777834892273,0.012508904561400414,0.011793802492320538,0.00045443439739756286,0.0125080281868577,0.01154738711193204,0.0004548673750832677,0.012507123406976461,0.011194839142262936,0.0004554040788207203
33,0.15146556496620178,0.6565370559692383,0.027162551879882812,0.020895692985504866,0.0006710562738589942,0.02716241031885147,0.020698510110378265,0.0006716251955367625,0.027162362821400166,0.020324590615928173,0.0006721800018567592
34,0.10497783869504929,0.7009798288345337,0.020594527013599873,0.01203002268448472,0.0005254235438769683,0.020596640184521675,0.012141820974647999,0.0005260182806523517,0.020591570995748043,0.012711060233414173,0.0005266076768748462
35,0.07577766105532646,1.0413974523544312,0.015580425038933754,0.008724788203835487,0.00030667675309814513,0.015572723932564259,0.009194636484608054,0.0003072541003348306,0.015565008390694857,0.007452766411006451,0.00030789803713560104
36,0.13363318145275116,0.5722061991691589,0.027796552050858736,0.013710428960621357,0.00042561074951663613,0.027797093149274588,0.013309463392943144,0.00042624305933713913,0.027797747869044542,0.018106927163898945,0.0004268891643732786
37,0.11388559266924858,0.8736627697944641,0.02063198108226061,0.014823848847299814,0.0005589970241999254,0.020635847002267838,0.01564866490662098,0.0005594877002295107,0.020639938302338123,0.014791010413318872,0.0005600898002739996
38,0.1138230711221695,0.47817742824554443,0.024890078231692314,0.010335487313568592,0.00048185104969888926,0.024888678453862667,0.010837257839739323,0.00048237445298582315,0.02488729264587164,0.012195723596960306,0.00048291170969605446
39,0.08741913735866547,0.5243957042694092,0.014788177330046892,0.01236000470817089,0.00043885334162041545,0.014781005214899778,0.0124095412902534,0.00043969828402623534,0.014773808419704437,0.013030121568590403,0.0004405683575896546
40,0.13120150566101074,0.677261233329773,0.022194557823240757,0.02057426213286817,0.00044857311877422035,0.022187703289091587,0.017708327155560255,0.0004492710722843185,0.02218088461086154,0.02096433495171368,0.000450015373644419
41,0.14156024158000946,0.9695408344268799,0.01730662491172552,0.027925495989620686,0.0005563086888287216,0.017313667573034763,0.027595678344368935,0.0005574272654484957,0.017321082763373852,0.027408629190176725,0.000558531261049211
42,0.07113512046635151,0.8746528029441833,0.012675119563937187,0.009355128044262528,0.00046887763892300427,0.012681087013334036,0.009042909136041999,0.00046992336865514517,0.012687092646956444,0.009054658468812704,0.00047098114737309515
43,0.08332350850105286,0.47878921031951904,0.01774609601125121,0.009268976515159011,0.00036177554284222424,0.017738008871674538,0.008203891571611166,0.00036253030702937394,0.01772997062653303,0.008286322001367807,0.0003632542211562395
44,0.07527866587042809,0.6749789118766785,0.013848000206053257,0.009269784670323133,0.00032571141491644084,0.01384113566018641,0.010371323674917221,0.0003261632809881121,0.013834219193086028,0.0102000180631876,0.0003266709536546841
45,0.4698910880833864,0.5763348937034607,0.10253785736858845,0.06866397894918919,0.0008743009530007839,0.10253259586170316,0.05988563457503915,0.0008750039269216359,0.10252729430794716,0.023243614938110113,0.0008757210744079202
46,0.045350223779678345,0.7335312366485596,0.007610911736264825,0.006422572536394,0.0003638969792518765,0.0076012390200048685,0.0061392392963171005,0.00036508387711364776,0.00759165221825242,0.005603809375315905,0.00036621923209168017
47,0.06407840736210346,1.0761886835098267,0.01262787845917046,0.007389637874439359,0.0002972764050355181,0.012631679186597466,0.007408232893794775,0.00029892609745729715,0.012635468738153577,0.00779836205765605,0.00030058501579333097
48,0.1402379795908928,0.6460762619972229,0.018609879538416862,0.027002384886145592,0.0006155039300210774,0.018611733801662922,0.023950296454131603,0.000616158897173591,0.018613798543810844,0.02605573646724224,0.0006168734980747104
49,0.06793911755084991,1.0833395719528198,0.01084183994680643,0.010210431180894375,0.00037530617555603385,0.010831521824002266,0.010868129786103964,0.0003761337138712406,0.0108214789070189,0.00985210994258523,0.0003769610484596342
50,0.04235522821545601,0.8457620143890381,0.0065973917953670025,0.006108446745201945,0.00033902449649758637,0.00659736362285912,0.006334375939331949,0.0003403002774575725,0.00659757643006742,0.006036975886672735,0.00034144980600103736
51,0.4496444836258888,0.8985459208488464,0.10607757745310664,0.026028151623904705,0.001003295968985185,0.10607855534180999,0.02637388976290822,0.0010040052147815004,0.10607965989038348,0.06695886515080929,0.0010046409879578277
52,0.11309559643268585,0.803279459476471,0.02159823663532734,0.015209672041237354,0.00047504043322987854,0.02159163076430559,0.013487142976373434,0.0004758631985168904,0.021584970876574516,0.013913465198129416,0.0004767163918586448
53,0.059551943093538284,1.0621130466461182,0.00917896069586277,0.010198771022260189,0.0003396982210688293,0.00918465107679367,0.010214228881523013,0.0003413478407310322,0.00919057335704565,0.007489799754694104,0.0003426941839279607
54,0.07745437324047089,0.7295721769332886,0.014772904105484486,0.009021986275911331,0.0003512678958941251,0.01476399414241314,0.008968960959464312,0.00035206454049330205,0.014755223412066698,0.010946719907224178,0.0003528138913679868
55,0.14340025559067726,1.1995302438735962,0.02750030718743801,0.017333718948066235,0.0005217654397711158,0.027485739439725876,0.018583344761282206,0.0005224780761636794,0.027472589164972305,0.018755163997411728,0.0005231051181908697
56,0.0442995298653841,0.991012692451477,0.0069291358813643456,0.006341833155602217,0.00035623821895569563,0.00692735961638391,0.00642375135794282,0.0003576487652026117,0.00692571559920907,0.006460574921220541,0.0003589028783608228
57,0.13915139995515347,0.7112470269203186,0.024185845162719488,0.021082879975438118,0.00045711123675573617,0.02417421666905284,0.01920649455860257,0.00045809026050847024,0.024162717163562775,0.020843936130404472,0.00045862715342082083
58,0.07460519671440125,0.5526925921440125,0.012392343254759908,0.01123154815286398,0.0004283071175450459,0.012384389992803335,0.010123803978785872,0.00042931470670737326,0.012376859551295638,0.010945233516395092,0.0004301323788240552
59,0.14878472685813904,0.37137508392333984,0.02954807411879301,0.017253852915018797,0.0005015871574869379,0.02953974436968565,0.01862799935042858,0.0005022656841902062,0.029531093314290047,0.01825697999447584,0.0005028923042118549
60,0.07119500450789928,1.3679089546203613,0.01262995833531022,0.009403840289451182,0.00039980807923711836,0.012619973393157125,0.00892578810453415,0.0004017511964775622,0.012610120931640267,0.010185235412791371,0.00040346174500882626
61,0.06712572649121284,0.9472655057907104,0.010138466255739331,0.011141804978251457,0.00036340809310786426,0.010146061889827251,0.010416415054351091,0.0003650730650406331,0.010153777664527297,0.010749089531600475,0.00036654672294389457
62,0.08209753409028053,0.7647231817245483,0.013189779594540596,0.011839887592941523,0.000458266309578903,0.013182715512812138,0.012649965938180685,0.0004598615050781518,0.013175805564969778,0.012542048934847116,0.00046120595652610064
63,0.07410788163542747,0.6804842352867126,0.014137104153633118,0.008397380588576198,0.00032199700945056975,0.014123732224106789,0.011429848847910762,0.0003236560878576711,0.01411023223772645,0.008027005940675735,0.00032499128428753465
64,0.5745153874158859,0.7447717189788818,0.14077059924602509,0.03526032157242298,0.0011816501209978014,0.14078013226389885,0.03655492514371872,0.0011821324005723,0.14076800644397736,0.06619570963084698,0.0011826432310044765
65,0.11998964101076126,0.531113862991333,0.018957626074552536,0.02271060785278678,0.0004086702683707699,0.018951705656945705,0.024329469073563814,0.00041064560355152935,0.018945786636322737,0.011167910415679216,0.00041231763316318393
66,0.16102983057498932,0.5180752277374268,0.02672208333387971,0.020474137272685766,0.0006149364053271711,0.026720911730080843,0.031669135205447674,0.0006161460769362748,0.026720032561570406,0.02133082551881671,0.0006170961132738739
67,0.10411595553159714,0.7262750864028931,0.019319219049066305,0.013480020221322775,0.0005511718045454472,0.019325434230268,0.012701018247753382,0.0005528167530428618,0.019332002382725477,0.013324563391506672,0.0005544354498852044
68,0.14145058393478394,0.7433446049690247,0.022621171548962593,0.020503719337284565,0.0007463754736818373,0.022612452507019043,0.021536825224757195,0.0007473984151147306,0.022603925317525864,0.022603284567594528,0.0007485259557142854
69,0.05963793955743313,0.4122369885444641,0.009988575940951705,0.008770475629717112,0.00032549715251661837,0.00997704896144569,0.00869161868467927,0.0003263788821641356,0.00996566261164844,0.008328469004482031,0.0003271458263043314
70,0.07443822920322418,1.167653203010559,0.014322719536721706,0.008822270669043064,0.0003690579906105995,0.014298188500106335,0.009244422893971205,0.00037085084477439523,0.01427379623055458,0.009027275955304503,0.0003724803391378373
71,0.07776100188493729,1.3230794668197632,0.014112652745097876,0.010638905223459005,0.00040063259075395763,0.014075760263949633,0.009517401456832886,0.00040207164420280606,0.014038946479558945,0.010553403990343213,0.0004032789001939818
72,0.13575658947229385,1.0269423723220825,0.025334682315587997,0.018145001027733088,0.0005210204690229148,0.025349301286041737,0.018604887649416924,0.0005234522977843881,0.025364301167428493,0.016678839921951294,0.0005254209681879729
73,0.07901118323206902,0.9578626155853271,0.017693422734737396,0.0070759502705186605,0.00035287055652588606,0.01767271338030696,0.007299739168956876,0.0003551978006726131,0.017652258276939392,0.00735488417558372,0.0003574836446205154
74,0.5599966999143362,0.7163240313529968,0.12128651374951005,0.06291345413774252,0.000828544856631197,0.12127667991444468,0.06037148484028876,0.0008306377567350864,0.12126786122098565,0.06291222758591175,0.0008329268894158304
75,0.07957428693771362,0.8139970302581787,0.015608181711286306,0.01248895563185215,0.0003612089203670621,0.01557095255702734,0.008009354583919048,0.0003646216500783339,0.015533765312284231,0.007988893426954746,0.0003677160129882395
76,0.13827595114707947,0.6341139078140259,0.021210696548223495,0.019789105281233788,0.0006419663550332189,0.02120147831737995,0.026340508833527565,0.0006444423925131559,0.021193070337176323,0.02080649696290493,0.0006472375534940511
77,0.19119559228420258,0.44683837890625,0.03997318632900715,0.020275864750146866,0.0006037368439137936,0.039956641383469105,0.019706116057932377,0.0006065070338081568,0.03994009830057621,0.024069630540907383,0.0006082709005568177
78,0.0687347799539566,0.9904623627662659,0.01107576652429998,0.009593323338776827,0.00037233438342809677,0.0110785155557096,0.013015327043831348,0.00037680985406041145,0.011082487180829048,0.008368480717763305,0.0003810752386925742
79,0.10517820343375206,1.001310110092163,0.018103147391229868,0.015156600624322891,0.0005160444998182356,0.018115658778697252,0.014719483442604542,0.0005182982713449746,0.018128130119293928,0.014736235607415438,0.0005203942419029772
80,0.12626886367797852,1.088204026222229,0.0280971834436059,0.012458255514502525,0.0005191521486267447,0.028044166043400764,0.012226007413119078,0.0005213927070144564,0.027994210831820965,0.01119236322119832,0.0005236236174823716
81,0.087525375187397,0.5771547555923462,0.015364521648734808,0.011317832861095667,0.0004789156373590231,0.015332617331296206,0.012935755774378777,0.0004821636393899098,0.01530120987445116,0.011489023454487324,0.00048502434219699353
82,0.07220528274774551,0.5407987833023071,0.011583926156163216,0.010661779902875423,0.0004301966546336189,0.011575313750654459,0.010757103096693754,0.00043231723248027265,0.011567627545446157,0.010871496982872486,0.00043449411168694496
83,0.13325714319944382,0.5083121061325073,0.023085928987711668,0.02319298731163144,0.0004318084102123976,0.02307210909202695,0.019359339959919453,0.0004338380240369588,0.02305836556479335,0.016283342614769936,0.0004356220888439566
84,0.07761329412460327,0.6189318299293518,0.013846001122146845,0.010971160838380456,0.00037876061105635017,0.01384352846071124,0.010099316481500864,0.00038132314512040466,0.013841275125741959,0.010435550007969141,0.0003840309946099296
85,0.09230328351259232,1.5415040254592896,0.018142192624509335,0.011802600231021643,0.00038344122003763914,0.018162683118134737,0.010924419621005654,0.0003880476579070091,0.0181833622045815,0.010434205643832684,0.0003919651499018073
86,0.07631753385066986,0.8457852005958557,0.017032120376825333,0.007224526489153504,0.0003203966625733301,0.01704239845275879,0.007238141726702452,0.0003228037239750847,0.017053030896931887,0.0068543474189937115,0.00032504078990314156
87,0.16753984615206718,0.576734185218811,0.03059830004349351,0.02223084680736065,0.0005755464953836054,0.03058829205110669,0.022912434302270412,0.0005767062539234757,0.03057865845039487,0.023711437825113535,0.0005777184560429305
88,0.05712072178721428,0.9982062578201294,0.008911269251257181,0.008418192621320486,0.0003997388994321227,0.008911226643249393,0.008759190794080496,0.0004028255643788725,0.008911605458706617,0.00837965402752161,0.00040483163320459425
89,0.13849323242902756,1.178758144378662,0.029773611575365067,0.014221510849893093,0.0005345820100046694,0.029734225012362003,0.014250688720494509,0.0005354484892450273,0.02969478629529476,0.014393065590411425,0.0005363064119592309
90,0.08448264189064503,0.6057079434394836,0.014846386853605509,0.011233494617044926,0.0004226557066431269,0.014843479730188847,0.01140807126648724,0.0004237359971739352,0.014841434545814991,0.012225763872265816,0.00042461129487492144
91,0.14452027529478073,0.9370064735412598,0.022923272103071213,0.022287068888545036,0.0007548048160970211,0.022891738452017307,0.021934288553893566,0.0007553616887889802,0.022860437631607056,0.022558650001883507,0.0007560388185083866
92,0.05218585208058357,1.2507482767105103,0.009291979484260082,0.0062875403091311455,0.00032065206323750317,0.009314607363194227,0.0074637108482420444,0.00032209903292823583,0.009337535360828042,0.0066259924788028,0.0003233705792808905
93,0.09258097410202026,1.0237621068954468,0.016075059305876493,0.012320275884121656,0.0004396215663291514,0.016036685090512037,0.012363042216748,0.0004406209773151204,0.015998279210180044,0.014501375146210194,0.00044131968752481043
94,0.06025739014148712,0.554080069065094,0.01081511052325368,0.007786072790622711,0.00030339079967234284,0.010806411039084196,0.00798718398436904,0.0003040191368199885,0.010797751601785421,0.008417208446189761,0.0003045035700779408
95,0.06083645112812519,0.6283094882965088,0.01033724844455719,0.008880603592842817,0.0004089238791493699,0.01033462630584836,0.008494929177686572,0.0004104172403458506,0.010331648401916027,0.007533359806984663,0.0004116674972465262
96,0.08790711499750614,1.214444875717163,0.020773190539330244,0.006553012412041426,0.0003886786143993959,0.020731716882437468,0.0065119636710733175,0.00039100633875932544,0.02069032099097967,0.00795902987010777,0.000392286034184508
97,0.16859885305166245,1.2633594274520874,0.0418406967073679,0.012475916184484959,0.00041266545304097235,0.041810473427176476,0.013313448522239923,0.00041400152986170724,0.04178018867969513,0.01240992289967835,0.0004153847985435277
98,0.06981181912124157,0.79012531042099,0.009398370399139822,0.012963041896000504,0.0005358094931580126,0.009358131675980985,0.011098778108134866,0.0005381244118325412,0.009320007753558457,0.011219605221413076,0.0005395360640250146
99,0.054410822689533234,0.6754753589630127,0.00854088319465518,0.008437263546511531,0.00034464383497834206,0.008514002431184053,0.007878508185967803,0.00034754228545352817,0.008487965213134885,0.008384704822674394,0.00034968843101523817
100,0.05141311511397362,1.059571623802185,0.00950578204356134,0.006504680495709181,0.0003344644792377949,0.009460947941988707,0.006066488102078438,0.00033826561411842704,0.009416424436494708,0.006404772400856018,0.00034077542659360915
101,0.07912273705005646,0.6928558945655823,0.014186151791363955,0.009652726352214813,0.0003947477089241147,0.014147698879241943,0.013010462280362844,0.00039748057315591723,0.014111257623881102,0.00924564665183425,0.0003999698528787121
102,0.11693629436194897,1.2155801057815552,0.01704513654112816,0.01967621361836791,0.0006203665107022971,0.01708910707384348,0.018926563672721386,0.0006219373608473688,0.01713796705007553,0.01959721907041967,0.0006237167399376631
103,0.13497386872768402,0.4068986475467682,0.029146027751266956,0.014775875955820084,0.0004093495663255453,0.029114448465406895,0.01379582891240716,0.0004133419133722782,0.02908321935683489,0.014098976738750935,0.000417180301155895
104,0.41475269943475723,1.5025966167449951,0.10281311254948378,0.024716776330024004,0.0010253345244564116,0.10286551993340254,0.04369777860119939,0.00102808146039024,0.10291849356144667,0.025406439322978258,0.0010302291193511337
105,0.06297209672629833,0.5958170294761658,0.009263845160603523,0.010366200469434261,0.00037503900239244103,0.009233539924025536,0.010168126318603754,0.0003773509670281783,0.009203033056110144,0.010212373454123735,0.0003788545436691493
106,0.10360422730445862,0.7099359035491943,0.016682198271155357,0.0156326862052083,0.0005055944493506104,0.016635562293231487,0.015854015946388245,0.0005091222701594234,0.01658924948424101,0.016102610155940056,0.0005122587317600846
107,0.0750243291258812,0.8466740846633911,0.013957913033664227,0.008767397841438651,0.0003935995191568509,0.013909582979977131,0.009915184462442994,0.00039791468589100987,0.01386175723746419,0.009841008577495813,0.00040135797462426126
108,0.5633093193173409,0.8066815733909607,0.13531017117202282,0.03343175631016493,0.001069108780939132,0.1353217950090766,0.07865312788635492,0.0010710112110245973,0.13465423602610826,0.03308717627078295,0.0010726444888859987
109,0.12298063933849335,1.1639997959136963,0.026111667975783348,0.0130341243930161,0.0005348881823010743,0.02603174466639757,0.013462306931614876,0.0005371615116018802,0.025952177122235298,0.011943107936531305,0.0005393257306423038
110,0.12949349731206894,0.5187626481056213,0.019799055997282267,0.022562291473150253,0.0005552687653107569,0.019752718042582273,0.018502430524677038,0.0005600960575975478,0.019708543084561825,0.022450977936387062,0.0005640045565087348
111,0.09735549613833427,0.49684154987335205,0.01845378614962101,0.01183664659038186,0.00043951638508588076,0.018411987461149693,0.01270107040181756,0.00044283681199885905,0.01837123930454254,0.012271469458937645,0.0004449714324437082
112,0.09285728633403778,0.7486311793327332,0.013693819753825665,0.016513042617589235,0.0005420631932793185,0.01369878789409995,0.014575778972357512,0.0005464666610350832,0.013705624733120203,0.014114773366600275,0.000550334807485342
113,0.06322500109672546,1.1154035329818726,0.012884646654129028,0.006803585682064295,0.0003282772522652522,0.0128887421451509,0.006347039248794317,0.00033497776894364506,0.012896068627014756,0.007386759156361222,0.0003412853111512959
114,0.08480191603302956,1.0594518184661865,0.016084644943475723,0.010786625556647778,0.00044742628233507276,0.01610708422958851,0.009498810861259699,0.00045191176468506455,0.016131725162267685,0.010772166308015585,0.00045587646309286356
115,0.09689521044492722,0.6723852157592773,0.020057490561157465,0.00580018968321383,0.00028640990785788745,0.020005746744573116,0.00525349285453558,0.00029110988543834537,0.019955170340836048,0.02233191695995629,0.0002952804061351344
116,0.07562047243118286,0.9640283584594727,0.01617757137864828,0.0073119779117405415,0.0003689958975883201,0.016132808988913894,0.007879538228735328,0.0003754836361622438,0.01608998514711857,0.007529905764386058,0.00038019189378246665
117,0.1083342432975769,1.8654862642288208,0.026229413226246834,0.008902880363166332,0.00038484891410917044,0.026093384250998497,0.00817222916521132,0.00038873097219038755,0.025957513600587845,0.00831615854986012,0.0003920872404705733
118,0.12284155562520027,0.8936090469360352,0.020125324837863445,0.019076249562203884,0.0005313327419571579,0.02005899278447032,0.01867573382332921,0.0005338424816727638,0.01999492198228836,0.01850486034527421,0.0005361927615012974
119,0.05650860071182251,0.7231531739234924,0.009285789914429188,0.007839747937396169,0.0003910167433787137,0.009253265801817179,0.008203273173421621,0.00039676722371950746,0.009222707245498896,0.007945411838591099,0.00040181673830375075
120,0.16216468065977097,1.5062949657440186,0.030547384172677994,0.021753704641014338,0.0006065431225579232,0.03044581413269043,0.01892601978033781,0.0006092547555454075,0.03034549206495285,0.022835344076156616,0.0006119334721006453
121,0.09600445255637169,0.9109267592430115,0.017902252729982138,0.011857353616505861,0.0004262432630639523,0.01786312274634838,0.01293119415640831,0.0004313069221097976,0.017827085219323635,0.012446039356291294,0.000436799309682101
122,0.11568068340420723,1.6872090101242065,0.016440563835203648,0.0182341649197042,0.000601202598772943,0.016535955015569925,0.02029695361852646,0.0006035728438291699,0.016637460328638554,0.020289927255362272,0.0006066390196792781
123,0.39556651562452316,0.645979106426239,0.10449236817657948,0.02325726207345724,0.0009907331259455532,0.10448515927419066,0.023252002196386456,0.0009930928936228156,0.10447842022404075,0.023686130065470934,0.0009949689556378871
124,0.09852195903658867,0.39628511667251587,0.015719774644821882,0.01570746209472418,0.0005485286237671971,0.01567475078627467,0.013878158992156386,0.0005527195462491363,0.015634659677743912,0.015274159144610167,0.000557000923436135
125,0.21453910320997238,0.5112884640693665,0.0332404263317585,0.026237275451421738,0.0007270912174135447,0.0332026369869709,0.03942128922790289,0.0007302001467905939,0.03316659387201071,0.04050719738006592,0.0007336306443903595
126,0.10953444615006447,0.8120840787887573,0.020109754987061024,0.01431239116936922,0.00047539532533846796,0.02007617149502039,0.014687966089695692,0.0004800152237294242,0.020044095814228058,0.014544299803674221,0.0004845303774345666
127,0.11986811831593513,0.37697285413742065,0.01997142913751304,0.018619060516357422,0.0005028564482927322,0.019964881474152207,0.01638785097748041,0.000504597497638315,0.01996100740507245,0.018910821061581373,0.0005058131355326623
128,0.06498943269252777,0.8744384050369263,0.011084494646638632,0.010946030728518963,0.0003868370404234156,0.011083997320383787,0.007927010534331203,0.0003938373120035976,0.011086776852607727,0.008139796322211623,0.00039965673931874335
129,0.07866441085934639,1.2315199375152588,0.013170136138796806,0.011879596393555403,0.00043062696931883693,0.013206833973526955,0.010409204056486487,0.00043678205111064017,0.013245679903775454,0.011511495802551508,0.00044295685074757785
130,0.14583250135183334,1.6951838731765747,0.02928602322936058,0.017699352465569973,0.0005137881089467555,0.029154540970921516,0.017718299757689238,0.0005173383688088506,0.029024796560406685,0.016741415485739708,0.0005208919465076178
131,0.37968357279896736,1.094770908355713,0.09428707673214376,0.03296859504189342,0.0008788286068011075,0.09430464939214289,0.019235093146562576,0.0008826410630717874,0.09432508680038154,0.03397492750082165,0.0008855685009621084
132,0.056439109146595,0.6983821988105774,0.011652057524770498,0.00565706891939044,0.0002642905164975673,0.011641708202660084,0.006482124095782638,0.0002673333074199036,0.011631158646196127,0.006166727980598807,0.0002704420985537581
133,0.13089286163449287,0.4014239013195038,0.023210488259792328,0.025175994262099266,0.0004930454888381064,0.02318474091589451,0.015092303976416588,0.0004962039238307625,0.023159177973866463,0.015113926958292723,0.0004998072108719498
134,0.07512253522872925,1.3739243745803833,0.011839214246720076,0.011371811386197805,0.00043020633165724576,0.011892026290297508,0.011830749921500683,0.0004336699494160712,0.011949718464165926,0.011037915479391813,0.0004363982006907463
135,0.08432333171367645,0.8666050434112549,0.01520130829885602,0.011342285666614771,0.000382702230126597,0.01522429520264268,0.01154383597895503,0.0003866391198243946,0.015249129850417376,0.011124011129140854,0.0003902747994288802
136,0.07155385799705982,1.2533572912216187,0.012639484833925962,0.009847780223935843,0.00038542147376574576,0.012561543844640255,0.009788820520043373,0.0003886938648065552,0.012485284358263016,0.009568832814693451,0.0003914118860848248
137,0.06879500299692154,0.8109835386276245,0.010847101919353008,0.010526405181735754,0.0004538480570772663,0.010820222087204456,0.009648806415498257,0.000456768466392532,0.01079628523439169,0.010675399098545313,0.00045957864494994283
138,0.08489911444485188,1.1623989343643188,0.015083343721926212,0.01186469872482121,0.0004233589133946225,0.015010090079158545,0.011134900152683258,0.00042617847793735564,0.01493764203041792,0.01175525039434433,0.0004287605988793075
139,0.07643625140190125,0.5702000260353088,0.012952146120369434,0.0107663762755692,0.0004539734509307891,0.012951450888067484,0.010715136770159006,0.0004558772925520316,0.012952657882124186,0.0106272934935987,0.00045794626930728555
140,0.09739865362644196,0.6548904180526733,0.01610575569793582,0.01552929263561964,0.0004631162155419588,0.01608262211084366,0.01416214881464839,0.0004655589727917686,0.016062977258116007,0.013870812952518463,0.0004675858363043517
141,0.0679069347679615,0.7843828201293945,0.013380071613937616,0.008073039818555117,0.0004119011136936024,0.013334689661860466,0.006871116580441594,0.000414770474890247,0.01328986743465066,0.007982952054589987,0.0004171280306763947
142,0.4932866245508194,0.8339259624481201,0.10621246183291078,0.06861044466495514,0.0009486623748671263,0.10619866428896785,0.02297294558957219,0.0009503383480478078,0.10618573194369674,0.07170709851197898,0.0009508240036666393
143,0.05667772702872753,0.6192697286605835,0.009377354755997658,0.008724619634449482,0.0003427146002650261,0.009334235452115536,0.007507215952500701,0.0003458505671005696,0.009295955300331116,0.008291341131553054,0.00034818587300833315
144,0.0664539560675621,1.137313723564148,0.010681185405701399,0.010671635624021292,0.0003698274667840451,0.01062316494062543,0.010055824182927608,0.00037211245216894895,0.01056868489831686,0.009388565551489592,0.00037428476207423955
145,0.11642216145992279,0.6013002991676331,0.018754984252154827,0.016915392130613327,0.0006167172250570729,0.018744511995464563,0.01815358642488718,0.0006181886565173045,0.018736026249825954,0.017698663286864758,0.0006198440096341074
146,0.12586797401309013,1.1747395992279053,0.018203526735305786,0.019346986897289753,0.0006923578912392259,0.01813445705920458,0.021599337924271822,0.0006939642480574548,0.018067835830152035,0.022187520749866962,0.0006957535078981891
147,0.14322886615991592,0.5493354201316833,0.0194349130615592,0.025623331777751446,0.0006774044595658779,0.019420206546783447,0.025448821485042572,0.00067867137840949,0.019409763626754284,0.025746800005435944,0.0006801817216910422
148,0.08116217330098152,0.9111618995666504,0.018295745365321636,0.007226827787235379,0.00031704614957561716,0.0182568090967834,0.0074052580166608095,0.0003199138300260529,0.01822270965203643,0.007914276095107198,0.0003231771697755903
149,0.12285878881812096,0.7606707811355591,0.021346732042729855,0.017955972580239177,0.00044046598486602306,0.021326859015971422,0.017736146226525307,0.00044509032159112394,0.021311011631041765,0.017843517940491438,0.00044908051495440304
150,0.036620477214455605,1.5880452394485474,0.005752823781222105,0.0052137094317004085,0.00032517104409635067,0.005781515617854893,0.005425076931715012,0.000332790965330787,0.0058173040160909295,0.00464173243381083,0.00033911672653630376
151,0.17687855660915375,1.211715817451477,0.03809429332613945,0.018031077459454536,0.0004682019498432055,0.0379721000790596,0.017847946844995022,0.00047288114728871733,0.03785001300275326,0.021405508741736412,0.0004783221666002646
152,0.11836010776460171,1.9116904735565186,0.024668893544003367,0.01396384253166616,0.00034810256329365075,0.02472681854851544,0.011351082590408623,0.00035639827547129244,0.024791468866169453,0.014577429741621017,0.00036564277252182364
153,0.14023850113153458,0.45207610726356506,0.030048745684325695,0.01263844408094883,0.00045252960990183055,0.0300087733194232,0.015009280294179916,0.00045690289698541164,0.029969820752739906,0.017077751457691193,0.00046198893687687814
154,0.5169332325458527,1.1118186712265015,0.11402842402458191,0.027585553470999002,0.0011233211553189903,0.11392345000058413,0.06747929332777858,0.0011252704134676605,0.11382011603564024,0.06659320648759604,0.0011271951370872557
155,0.16535552963614464,0.5053311586380005,0.026202333625406027,0.029870972968637943,0.0006895370606798679,0.026175713166594505,0.01943004783242941,0.0006938533624634147,0.02615097025409341,0.029201659141108394,0.0006975671276450157
156,0.20281744003295898,0.5025654435157776,0.03435991983860731,0.031039117835462093,0.0005796064069727436,0.034294044598937035,0.030861904844641685,0.0005850997404195368,0.034229851327836514,0.031009415164589882,0.0005910911859245971
157,0.08510488271713257,1.2173367738723755,0.017295657191425562,0.008775897324085236,0.00037147471448406577,0.017333893105387688,0.00994914211332798,0.000378541590180248,0.017379770521074533,0.00982728018425405,0.0003857944975607097
158,0.12534530833363533,0.9356333613395691,0.02257343428209424,0.016781179467216134,0.0005101547430967912,0.022575067821890116,0.017094224225729704,0.0005148793279659003,0.02257918193936348,0.017560358392074704,0.0005204344925004989
159,0.07967647537589073,0.8604351282119751,0.015090676490217447,0.010287635028362274,0.00035492026654537767,0.014988709706813097,0.010573653969913721,0.00036111743247602135,0.01489750063046813,0.009501202963292599,0.00036823583650402725
160,0.47287094220519066,0.6795886158943176,0.09799551125615835,0.05645893421024084,0.0008956096571637318,0.09796377131715417,0.0504926098510623,0.0008968613256001845,0.09793487284332514,0.06126097124069929,0.0008985929016489536
161,0.44927583262324333,0.5281805992126465,0.09936764510348439,0.021440379787236452,0.0009305261919507757,0.09932895586825907,0.05952282180078328,0.0009343733836431056,0.09929387853480875,0.05910158785991371,0.0009402412979397923
162,0.11734287440776825,0.6692225933074951,0.017440853640437126,0.018710827454924583,0.0006281840614974499,0.017378205433487892,0.018566261045634747,0.0006307106232270598,0.01732354238629341,0.020343082956969738,0.0006361308041960001
163,0.08509501628577709,1.3223512172698975,0.01528208120726049,0.0100005017593503,0.0004926080582663417,0.01528786588460207,0.01148682041093707,0.0005006055871490389,0.015297718811780214,0.011728864628821611,0.0005095776577945799
164,0.15943362936377525,1.1726614236831665,0.028264046646654606,0.02167553687468171,0.0005675070860888809,0.028117364272475243,0.022409772500395775,0.0005721168126910925,0.027975239790976048,0.0241260202601552,0.0005767894035670906
165,0.6573303192853928,0.5756385326385498,0.1614680178463459,0.034393180161714554,0.0011470136523712426,0.16146286949515343,0.06008788291364908,0.001149396353866905,0.16145947203040123,0.06466235313564539,0.0011527255410328507
166,0.0704127885401249,1.2137783765792847,0.010436130221933126,0.012292289175093174,0.00036299282510299236,0.010308870580047369,0.011852620635181665,0.00036643097701016814,0.010189009830355644,0.010935842525213957,0.0003700817615026608
167,0.13762726448476315,1.8615459203720093,0.0260255616158247,0.01738405437208712,0.00043256043863948435,0.025801865849643946,0.019947082735598087,0.0004405478830449283,0.02558468305505812,0.017595414072275162,0.00044904040987603366
168,0.049512797966599464,0.6986114382743835,0.008320188615471125,0.007290440145879984,0.00036237630411051214,0.008253429550677538,0.006567766657099128,0.0003686014097183943,0.008195212576538324,0.006461258977651596,0.0003751475742319599
169,0.17279663681983948,0.9411544799804688,0.036463860888034105,0.014500109944492579,0.0005253321724012494,0.03641268378123641,0.023039520252496004,0.000533457292476669,0.03636789321899414,0.019618902821093798,0.0005396268679760396
170,0.09796689450740814,0.7429690361022949,0.013340049888938665,0.01764595229178667,0.0006178020557854325,0.013303208164870739,0.015807492192834616,0.0006220727082109079,0.01327964710071683,0.017121325014159083,0.0006274285551626235
171,0.08980362303555012,1.1627718210220337,0.0140715423040092,0.014066951582208276,0.0005020672688260674,0.013870274182409048,0.01333365822210908,0.0005080782284494489,0.013686890713870525,0.014673442579805851,0.0005150695506017655
172,0.4556424170732498,0.8039185404777527,0.10574976028874516,0.04402858251705766,0.0010495387250557542,0.10577486222609878,0.04151979926973581,0.00105456163873896,0.10580530017614365,0.040106873493641615,0.0010602093243505806
173,0.08127397671341896,0.9181427359580994,0.01518208859488368,0.010663293767720461,0.000388159227441065,0.015156695153564215,0.01120538404211402,0.0003953287086915225,0.01514442078769207,0.0091736214235425,0.0004036297759739682
174,0.08978815749287605,0.6490424275398254,0.01880967663601041,0.009586767293512821,0.00037546356907114387,0.018708018586039543,0.009868779219686985,0.0003850116190733388,0.018620621878653765,0.009575539734214544,0.00039421411929652095
175,0.1561490222811699,0.8021882176399231,0.02566869556903839,0.02961410954594612,0.00042261427734047174,0.025615028105676174,0.02929385006427765,0.00042918112012557685,0.025568312034010887,0.015235429164022207,0.0004366028297226876
176,0.0759621188044548,0.6824891567230225,0.014134409837424755,0.00922279991209507,0.0004266574396751821,0.014024357544258237,0.009880316443741322,0.00043511112744454294,0.013921386795118451,0.009549201698973775,0.00044564265408553183
177,0.1076597347855568,1.2577300071716309,0.01711009396240115,0.01644465420395136,0.0005806570989079773,0.017164747696369886,0.016310280188918114,0.0005893196357646957,0.0172296823002398,0.01633393857628107,0.0005966057360637933
178,0.05535484477877617,0.4743206799030304,0.008618284715339541,0.008367232047021389,0.0003925113851437345,0.008486529113724828,0.008570977952331305,0.00040218004141934216,0.008388626156374812,0.008091978030279279,0.0004131132154725492
179,0.03994588740170002,1.8829834461212158,0.00705757481046021,0.004675503121688962,0.00035865127574652433,0.007084526354447007,0.004778283182531595,0.0003695962659548968,0.007117604371160269,0.0047916637267917395,0.00038193528598640114
180,0.12380294501781464,1.4245659112930298,0.02228181529790163,0.016368825919926167,0.0006168571126181632,0.02237644698470831,0.016208969987928867,0.0006231893785297871,0.022474282421171665,0.01661390531808138,0.000629628833848983
181,0.06917940452694893,1.079881191253662,0.013187484815716743,0.008705853950232267,0.0003468330833129585,0.013043160550296307,0.00870198430493474,0.00035418308107182384,0.01291558425873518,0.008371211821213365,0.0003625146782724187
182,0.4269864745438099,1.6797666549682617,0.10487107094377279,0.025007606018334627,0.0009104030905291438,0.10469507239758968,0.024232485331594944,0.0009163055801764131,0.10451777651906013,0.05266713444143534,0.0009221200307365507
183,0.13478116691112518,0.6051165461540222,0.02141773421317339,0.018837957177311182,0.000663054408505559,0.021363478619605303,0.02261077892035246,0.0006674911419395357,0.021314868237823248,0.02122638514265418,0.0006719441735185683
184,0.06753506511449814,1.0294253826141357,0.01178984367288649,0.009196233469992876,0.0003879300638800487,0.011788210598751903,0.009324283804744482,0.0003950141981476918,0.011796490056440234,0.008896849816665053,0.00040284379792865366
185,0.09691518917679787,0.44372794032096863,0.019588529132306576,0.011836674064397812,0.00040054970304481685,0.019496552646160126,0.011747351381927729,0.00040577020263299346,0.019416920840740204,0.009955775458365679,0.0004120267403777689
186,0.07182617485523224,1.5561529397964478,0.011358092073351145,0.010760728735476732,0.00044091735617257655,0.011160814203321934,0.011065841186791658,0.00044626359886024147,0.01097552478313446,0.01114879222586751,0.0004519136855378747
187,0.07030101865530014,1.3104310035705566,0.012542020995169878,0.009620414581149817,0.0003881037555402145,0.012374237179756165,0.00898089841939509,0.0003941897302865982,0.012214790564030409,0.009837682358920574,0.0004004502552561462
188,0.06069481372833252,0.6121875047683716,0.008857957785949111,0.01007662434130907,0.0003540021716617048,0.008839511079713702,0.010038974694907665,0.0003576056333258748,0.008833287982270122,0.00975564680993557,0.00036159555020276457
189,0.08141683414578438,0.7636832594871521,0.01522443862631917,0.009821314364671707,0.0004034801968373358,0.015118142124265432,0.010492191882804036,0.00041046009573619813,0.015020487364381552,0.01080938964150846,0.00041877783951349556
190,0.09834004193544388,0.5035332441329956,0.015583180822432041,0.01452419487759471,0.000479060981888324,0.015577191486954689,0.015520268119871616,0.00048372781020589173,0.015578142367303371,0.015747913159430027,0.0004894980229437351
191,0.06940123997628689,0.6116806268692017,0.013013038318604231,0.008624162524938583,0.00033588641963433474,0.012930543161928654,0.008765658363699913,0.0003436709812376648,0.012864803429692984,0.009076443500816822,0.0003520906902849674
192,0.09481029585003853,1.1882845163345337,0.02056740690022707,0.00918725598603487,0.0003631192084867507,0.020409805234521627,0.010841203853487968,0.00036679100594483316,0.020262996666133404,0.009138645138591528,0.00037083434290252626
193,0.22704407945275307,1.79704749584198,0.05291898874565959,0.023511305218562484,0.0005163927562534809,0.052624890115112066,0.015401913551613688,0.0005225381319178268,0.05233797803521156,0.02397902263328433,0.000528565637068823
194,0.4568822793662548,1.4326637983322144,0.10175185278058052,0.06055749149527401,0.0009384543373016641,0.1017876717960462,0.022805335465818644,0.0009434971725568175,0.10183847032021731,0.056813652627170086,0.0009499990264885128
195,0.17925940454006195,0.6424078941345215,0.02899065427482128,0.027909331023693085,0.0007082749798428267,0.0288799200206995,0.029618320055305958,0.0007143275870475918,0.02877193409949541,0.026515409350395203,0.000720857409760356
196,0.11326269805431366,1.3590312004089355,0.015756534412503242,0.019388907589018345,0.0006516311987070367,0.015557118225842714,0.01983006950467825,0.0006597730243811384,0.01537484722211957,0.019436071626842022,0.0006683833780698478
197,0.03618436120450497,2.689565658569336,0.006615645834244788,0.004100094432942569,0.0002584125613793731,0.006801916169933975,0.004183382028713822,0.0002690783585421741,0.007019600481726229,0.004234883235767484,0.00027971856616204605
198,0.1744425967335701,1.3118363618850708,0.029263452161103487,0.02700769528746605,0.0005515364464372396,0.0291204578243196,0.026328187435865402,0.0005575820687226951,0.02898478414863348,0.02704536635428667,0.0005640426534228027
199,0.032402132637798786,3.154690742492676,0.004706213250756264,0.004436475457623601,0.0002954236406367272,0.004893396282568574,0.004472694010473788,0.00030835377401672304,0.00511498493142426,0.00507961236871779,0.00032091172761283815
200,0.11910278722643852,1.730812668800354,0.025546299293637276,0.012517515569925308,0.00044959006481803954,0.025248329155147076,0.012262777891010046,0.00045832106843590736,0.024958990514278412,0.013063452206552029,0.0004684437299147248
201,0.058909826911985874,2.280522346496582,0.01005435036495328,0.00790340336970985,0.000377347634639591,0.010135910240933299,0.007917430950328708,0.0003902712051058188,0.010249471524730325,0.007966852281242609,0.00040298307430930436
202,0.20213141106069088,1.3274275064468384,0.04799170000478625,0.015284896129742265,0.0006085899658501148,0.0480280052870512,0.017870023613795638,0.0006174462905619293,0.04808301758021116,0.0174660871271044,0.0006258840148802847
203,0.11571115627884865,1.2831745147705078,0.019091017777100205,0.01621355290990323,0.0004999767552362755,0.018847600324079394,0.01791848405264318,0.0005083903233753517,0.018615695647895336,0.018920597853139043,0.0005176854028832167
204,0.08515668474137783,1.336075782775879,0.011899542529135942,0.015207930468022823,0.0004384606145322323,0.012030883459374309,0.014484250452369452,0.00044296363194007427,0.0121713662520051,0.014044723007827997,0.0004480726202018559
205,0.10000399872660637,1.118557095527649,0.01481948932632804,0.01753489812836051,0.0005619143630610779,0.014914638828486204,0.01479740859940648,0.0005701833870261908,0.015023456886410713,0.016067724209278822,0.0005794974858872592
206,0.042986173182725906,1.9693691730499268,0.007530985749326646,0.005153918988071382,0.0002999436401296407,0.0076025339076295495,0.0056240735575556755,0.00031164250685833395,0.00769176019821316,0.005641350755468011,0.0003238012868678197
207,0.057563869282603264,1.0074690580368042,0.010129003319889307,0.0070912487572059035,0.0003796827222686261,0.010031107347458601,0.007718506851233542,0.0003898617869708687,0.009962178068235517,0.007954896078445017,0.0003996876475866884
208,0.1131717637181282,1.2244247198104858,0.0148431695997715,0.025887681636959314,0.00043371714127715677,0.014911933103576303,0.02566277841106057,0.0004411384798004292,0.014989622170105577,0.011585581814870238,0.00044789540697820485
209,0.05637856759130955,1.057983636856079,0.009287882130593061,0.008090649265795946,0.000349940630258061,0.009154045954346657,0.007810014532878995,0.0003563796926755458,0.009045555721968412,0.008711388567462564,0.0003634374588727951
210,0.08401839062571526,0.860741913318634,0.015372765716165304,0.010323448572307825,0.0005036791844759136,0.015361376106739044,0.010638475883752108,0.0005113629449624568,0.015363214071840048,0.010822588112205267,0.0005190887313801795
211,0.13466962426900864,1.6672136783599854,0.024607337545603514,0.027359087951481342,0.0005192378303036094,0.024389732163399458,0.013951748609542847,0.0005269633838906884,0.02418253803625703,0.013859153259545565,0.0005338050541467965
212,0.1017838604748249,1.3843783140182495,0.016051461920142174,0.016312036430463195,0.0005757066828664392,0.01585874566808343,0.014052147977054119,0.0005822815001010895,0.015686942730098963,0.016834470443427563,0.0005890255852136761
213,0.07774156704545021,0.9669181108474731,0.012127016205340624,0.013171758968383074,0.00043879896111320704,0.011986796744167805,0.011966067366302013,0.0004446310631465167,0.011855416465550661,0.011295412201434374,0.0004513445164775476
214,0.046344151720404625,2.052485942840576,0.00908625009469688,0.005392151069827378,0.0002855854982044548,0.00879315147176385,0.005728533957153559,0.00029095647914800793,0.008509012870490551,0.0053409956162795424,0.0002969720808323473
215,0.1874550525099039,0.7679556012153625,0.029004415031522512,0.03148560901172459,0.0005170547374291345,0.02898823656141758,0.031311470083892345,0.0005235809658188373,0.028976909117773175,0.0314038114156574,0.0005305124213919044
216,0.07775542140007019,1.1666789054870605,0.014141014777123928,0.010024160612374544,0.0004089271242264658,0.014162067789584398,0.010267743840813637,0.0004194129433017224,0.014189919456839561,0.00993674574419856,0.0004301020526327193
217,0.09762236475944519,2.1570897102355957,0.020170499105006456,0.012171437032520771,0.0004318207938922569,0.019858961924910545,0.01048855995759368,0.00043861460289917886,0.019556385464966297,0.010109035298228264,0.00044643637374974787
218,0.1186797060072422,0.6408601403236389,0.022355149500072002,0.014560776762664318,0.0005598174466285855,0.02229362865909934,0.014718386810272932,0.0005675285938195884,0.022252427879720926,0.015688208397477865,0.0005754345620516688
219,0.12155777215957642,0.3335114121437073,0.016679806634783745,0.021867125295102596,0.0006653193559031934,0.01661496004089713,0.021531629376113415,0.0006711158202961087,0.01658288761973381,0.020226379856467247,0.0006773098721168935
220,0.11400676518678665,0.6787486672401428,0.024892529472708702,0.011942722834646702,0.00041642253927420825,0.02485945913940668,0.012059999164193869,0.00042502302676439285,0.02483227662742138,0.010315470397472382,0.00043463111796882004
221,0.10563202202320099,0.49887916445732117,0.022360789123922586,0.011047423351556063,0.00044533450272865593,0.02227616310119629,0.01191259128972888,0.0004519052599789575,0.022201437037438154,0.010409247130155563,0.00045885203871876
222,0.09578017890453339,0.7909175753593445,0.01821144251152873,0.012727538123726845,0.00043899749289266765,0.018171827774494886,0.01135067525319755,0.0004475906607694924,0.018150730524212122,0.01180055970326066,0.00045526368194259703
223,0.0724625326693058,1.1865049600601196,0.012037932872772217,0.009796021739020944,0.00041668949415907264,0.012094445992261171,0.010668796952813864,0.0004254898231010884,0.012173701543360949,0.01059030694887042,0.00043315278890077025
224,0.2484574392437935,0.91146320104599,0.03848330397158861,0.03118366189301014,0.0006697272474411875,0.038386196829378605,0.047225821763277054,0.0006732734036631882,0.038295657373964787,0.04680516663938761,0.0006764083518646657
225,0.08717157132923603,0.49881190061569214,0.018069378100335598,0.00760027184151113,0.0004094840551260859,0.017998801544308662,0.01259182021021843,0.00041765335481613874,0.01795041933655739,0.00794931803829968,0.0004257531254552305
226,0.08848761022090912,0.8966758251190186,0.01776297576725483,0.010337110608816147,0.00040860020089894533,0.017647567205131054,0.010061369743198156,0.0004235096857883036,0.01754530845209956,0.010052977362647653,0.0004379642487037927
227,0.5118198394775391,2.467568874359131,0.11051603127270937,0.025744500569999218,0.0009950151725206524,0.11025582533329725,0.07279599364846945,0.0009975915600080043,0.11000305693596601,0.07053389586508274,0.001000023796223104
228,0.11861445754766464,0.7499262690544128,0.01779678463935852,0.017970368266105652,0.0006893742829561234,0.017668040469288826,0.022230089642107487,0.0006963168561924249,0.01755957119166851,0.01702813757583499,0.0007046762038953602
229,0.07588645722717047,0.8151161074638367,0.018013912136666477,0.006224987097084522,0.0003429777279961854,0.017937976284883916,0.005844794446602464,0.0003536297008395195,0.017885585082694888,0.005737742991186678,0.0003637570480350405
230,0.14097778499126434,0.45288094878196716,0.02291259029880166,0.02266678912565112,0.0005335555179044604,0.02289352659136057,0.02137905778363347,0.0005401265079854056,0.022884955629706383,0.021757017821073532,0.0005472804186865687
231,0.11805147305130959,0.32253143191337585,0.021209839265793562,0.01697197835892439,0.0004462678771233186,0.021142570301890373,0.01491232356056571,0.0004515353648457676,0.02108666766434908,0.017307727597653866,0.0004572873149299994
232,0.07835015282034874,0.982560932636261,0.014670456759631634,0.009976009838283062,0.00041891966247931123,0.014480762649327517,0.009874869138002396,0.0004289530625101179,0.014316427521407604,0.009884464088827372,0.00043891814129892737
233,0.10223869234323502,0.7328400611877441,0.019046995788812637,0.010031684767454863,0.0003938778827432543,0.01905543589964509,0.009938493371009827,0.00040113923023454845,0.01908294903114438,0.020267119631171227,0.00040898751467466354
234,0.11302129179239273,1.91481614112854,0.02491252589970827,0.011851057410240173,0.0004557386855594814,0.024623872712254524,0.011046116705983877,0.000462895433884114,0.024343022145330906,0.010686753317713737,0.00047085073310881853
235,0.08910398930311203,1.351722240447998,0.016844636760652065,0.011624910868704319,0.0003468460199655965,0.016884909477084875,0.011165650095790625,0.0003558529424481094,0.016940962988883257,0.011370342457666993,0.0003654443862615153
236,0.11628446727991104,0.8895031809806824,0.021652973722666502,0.013691154308617115,0.0004134677001275122,0.021499617025256157,0.013810032745823264,0.00042034636135213077,0.02135144406929612,0.01923153642565012,0.00042811353341676295
237,0.14096663519740105,1.9703456163406372,0.027873379178345203,0.017020356375724077,0.0005170028161955997,0.027545424178242683,0.017267226241528988,0.0005252285918686539,0.02723375428467989,0.01772061502560973,0.0005342386139091104
238,0.0979561023414135,2.452073574066162,0.019028151407837868,0.012339489068835974,0.000444139790488407,0.019234098494052887,0.010924433823674917,0.00045530995703302324,0.019457858055830002,0.011511910241097212,0.00046558998292312026
239,0.0892651304602623,1.3443799018859863,0.01713637774810195,0.010799443814903498,0.0003893959947163239,0.016928392462432384,0.011594997253268957,0.00039823139377404004,0.016737718135118484,0.01128895441070199,0.00040718395030125976
240,0.0729815773665905,1.0282394886016846,0.016798433614894748,0.006279017543420196,0.00029871419246774167,0.016743507236242294,0.0059724373277276754,0.0003138518804917112,0.016713845310732722,0.006714414805173874,0.0003274127811891958
241,0.08189181238412857,0.9539684653282166,0.015879672020673752,0.010051937773823738,0.0003909464576281607,0.015666725113987923,0.01017568982206285,0.00039922802534420043,0.015465903095901012,0.00985846808180213,0.0004081805964233354
242,0.09481238946318626,2.096834421157837,0.02033944334834814,0.00979256210848689,0.00039389016455970705,0.019969044253230095,0.00948950182646513,0.000402124976972118,0.01960617955774069,0.010789266787469387,0.0004105821717530489
243,0.10107246413826942,1.989040732383728,0.021558277308940887,0.012147033121436834,0.000394144793972373,0.021199678536504507,0.01156898494809866,0.000401870725909248,0.020866999868303537,0.008904571179300547,0.0004107132990611717
244,0.11424144357442856,0.6201143264770508,0.018114181235432625,0.016959128435701132,0.0005683308409061283,0.018015854991972446,0.017679892014712095,0.0005750197451561689,0.017940074671059847,0.01862693764269352,0.000582993816351518
245,0.05666927434504032,0.3818565607070923,0.007805086672306061,0.00978222768753767,0.00037288808380253613,0.007723490474745631,0.009517296217381954,0.0003770310722757131,0.007692842977121472,0.009621159173548222,0.00038187320751603693
246,0.040607369504868984,1.763339638710022,0.006218232912942767,0.006423936458304524,0.0003001358709298074,0.006231393199414015,0.00566502008587122,0.00031406126799993217,0.0063002100214362144,0.006004665396176279,0.00032678147545084357
247,0.08191940374672413,0.45355653762817383,0.01140300277620554,0.013922716025263071,0.00045678773312829435,0.011318546021357179,0.01421308470889926,0.00046245474368333817,0.011259980034083128,0.014251036569476128,0.0004685175372287631
248,0.07311124727129936,2.55560564994812,0.012907357420772314,0.009431812912225723,0.0004766261263284832,0.013164623640477657,0.008626817492768168,0.0004861536144744605,0.013437461573630571,0.009702302981168032,0.0004974380426574498
249,0.08965231850743294,0.9518824219703674,0.020325100980699062,0.008048546966165304,0.0003851174842566252,0.020149235147982836,0.008388109505176544,0.0003940982714993879,0.02000568201765418,0.008000695845112205,0.0004045209498144686
250,0.11412717774510384,0.6512337327003479,0.018079960718750954,0.018030499573796988,0.00044197437819093466,0.018106715753674507,0.01893363567069173,0.00044847221579402685,0.018155571073293686,0.017439379822462797,0.00045490823686122894
251,0.12401965260505676,0.9709779620170593,0.023590741213411093,0.015272276941686869,0.0005662238982040435,0.02340450184419751,0.016922607319429517,0.0005793299933429807,0.023237239569425583,0.01464182953350246,0.0005920605326537043
252,0.1273144893348217,0.8869594931602478,0.027248469181358814,0.012737908400595188,0.0005119444977026433,0.027113999240100384,0.01364082470536232,0.0005288305692374706,0.026987292803823948,0.013240294996649027,0.0005456501385197043
253,0.5693943798542023,0.8308031558990479,0.1288836575113237,0.02836313098669052,0.0008974411903182045,0.12894082069396973,0.07324285712093115,0.0009030892106238753,0.12868536682799459,0.07043785322457552,0.0009096541616600007
254,0.07581674680113792,0.4382968246936798,0.012643526773899794,0.010104308370500803,0.0004662487772293389,0.012476504780352116,0.01052972860634327,0.0004779361479450017,0.012364834547042847,0.011965173296630383,0.0004889835836365819
255,0.18971196562051773,0.8900554776191711,0.0301468838006258,0.035248042549937963,0.0005571878864429891,0.02999291429296136,0.035092683508992195,0.0005660431197611615,0.029863885138183832,0.022577838972210884,0.0005742015491705388
256,0.07774556055665016,2.997631549835205,0.013335447292774916,0.009995427448302507,0.00047787491348572075,0.013647311832755804,0.010625374037772417,0.0004896462487522513,0.014005261473357677,0.010256294161081314,0.0005025894788559526
257,0.5362890399992466,1.3721919059753418,0.1237645533401519,0.054729694267734885,0.0008698350720806047,0.12383991037495434,0.024152512196451426,0.0008768255793256685,0.12369609950110316,0.07558375201188028,0.0008839751535560936
258,0.12008644640445709,2.1653060913085938,0.01858789660036564,0.017428554128855467,0.0006176906317705289,0.018772479612380266,0.0214279992505908,0.000627620771410875,0.019000277388840914,0.017331719398498535,0.0006390709022525698
259,0.05584273859858513,1.6187688112258911,0.01179100712761283,0.0058107986114919186,0.0002962720755022019,0.011386642698198557,0.006190575892105699,0.0003088438679696992,0.011029052548110485,0.005930697545409203,0.00032087504223454744
260,0.10725770518183708,1.632763147354126,0.0165279321372509,0.015031146816909313,0.0006095227436162531,0.016212970949709415,0.018089377786964178,0.0006181935896165669,0.01592760579660535,0.01804738538339734,0.0006276045023696497
261,0.06346889771521091,0.662692129611969,0.0133050752338022,0.00698814052157104,0.000337151184794493,0.013087894069030881,0.0059611129108816385,0.00035286747151985765,0.012902359012514353,0.006995196919888258,0.0003672612801892683
262,0.584583044052124,1.9228229522705078,0.14392174035310745,0.05707633402198553,0.0013522002554964274,0.14369550347328186,0.04828948341310024,0.0013528827694244683,0.14345424994826317,0.03190783504396677,0.0013543947716243565
263,0.08874769508838654,0.3524181842803955,0.01366561558097601,0.01592637086287141,0.0004897760809399188,0.013586734421551228,0.015348388813436031,0.0004975547199137509,0.01354029169306159,0.010702979285269976,0.0005069978651590645
264,0.07111844420433044,0.6006951928138733,0.013970443978905678,0.008353219833225012,0.000398688338464126,0.013853086158633232,0.0078088275622576475,0.0004125457926420495,0.013774143997579813,0.008405268657952547,0.00042712930007837713
265,0.08709456026554108,1.7059308290481567,0.013718643691390753,0.013630349654704332,0.000482606643345207,0.01389023708179593,0.012207374908030033,0.0004896576720057055,0.01408390561118722,0.013688575476408005,0.0004966050328221172
266,0.06732196174561977,0.8994861245155334,0.012586974073201418,0.008203016594052315,0.00040982518112286925,0.012469716370105743,0.008829605067148805,0.0004233688523527235,0.012389394454658031,0.007757174549624324,0.0004383260238682851
267,0.07130265980958939,1.1302214860916138,0.012831865344196558,0.008040802786126733,0.00042164846672676504,0.012792990077286959,0.008343498921021819,0.00043761714186985046,0.01277628680691123,0.01126278005540371,0.0004543437244137749
268,0.06245030090212822,2.006438732147217,0.01080953935161233,0.00834108330309391,0.0003162979264743626,0.0109725221991539,0.0083734723739326,0.0003284095728304237,0.011153202038258314,0.008861171081662178,0.000340120677719824
269,0.06001198850572109,1.8464229106903076,0.012277472298592329,0.006528375670313835,0.00032223323069047183,0.011923698708415031,0.0071887667290866375,0.0003310818428872153,0.011598540935665369,0.006519627524539828,0.0003405616444069892
270,0.11713490635156631,2.5482804775238037,0.022051596082746983,0.014319349080324173,0.0005160018044989556,0.022330178879201412,0.01498227333649993,0.00052707499708049,0.022615191526710987,0.014513005968183279,0.0005377510387916118
271,0.10704117640852928,1.1067659854888916,0.022574571426957846,0.010516342706978321,0.00044109823647886515,0.02237411169335246,0.012233457528054714,0.0004485401004785672,0.022212970536202192,0.011743576731532812,0.000456897629192099
272,0.07103890925645828,1.0741690397262573,0.013633178547024727,0.008274549152702093,0.0003343351563671604,0.013643966056406498,0.009079912677407265,0.0003423468442633748,0.0136774443089962,0.008622819790616632,0.00035007757833227515
273,0.1025586947798729,0.901589035987854,0.014588039834052324,0.01706075551919639,0.0005678713496308774,0.01451097708195448,0.017443830613046885,0.0005735511949751526,0.014448846690356731,0.01762298448011279,0.0005793935561086982
274,0.09763049706816673,0.5523970723152161,0.021048846188932657,0.012405280023813248,0.00040554700535722077,0.020979764871299267,0.008650990668684244,0.0004133190377615392,0.020939321722835302,0.008645079098641872,0.00042143778409808874
275,0.11806542426347733,0.6100854873657227,0.02146543562412262,0.01692520873621106,0.0005501868727151304,0.021402164362370968,0.016431471798568964,0.000555271893972531,0.0213442025706172,0.013833086006343365,0.0005605036858469248
276,0.6303786672651768,1.2344779968261719,0.15347357094287872,0.027733059599995613,0.0010314298706362024,0.15390666015446186,0.10465309396386147,0.0010359128646086901,0.1530758016742766,0.02510940469801426,0.0010394222772447392
277,0.17156435549259186,1.8941657543182373,0.029299656860530376,0.02521397266536951,0.0006231714505702257,0.029084903188049793,0.02962748520076275,0.0006271379825193435,0.028883730992674828,0.021924469154328108,0.0006322261178866029
278,0.5418400317430496,1.0835328102111816,0.12735561048611999,0.07119553559459746,0.0008639486331958324,0.1272905683144927,0.024374615866690874,0.0008657618309371173,0.12725490517914295,0.05397858517244458,0.0008678465674165636
279,0.09516284987330437,2.133424758911133,0.01634421804919839,0.013916464056819677,0.0004679738194681704,0.015999022405594587,0.013436196371912956,0.0004749961371999234,0.01566975563764572,0.01409789640456438,0.00048185442574322224
280,0.09025564044713974,1.0052951574325562,0.020863985177129507,0.007963063195347786,0.0003503914049360901,0.020630461629480124,0.008231443352997303,0.00035976359504275024,0.020433162339031696,0.007817763136699796,0.0003687839343911037
281,0.14074409380555153,0.7425420880317688,0.024526934139430523,0.020043832482770085,0.00046342417772393674,0.024368443060666323,0.022524402011185884,0.0004750481166411191,0.024245182052254677,0.019337365869432688,0.0004860117769567296
282,0.06684013456106186,1.630076289176941,0.01260199723765254,0.00857159006409347,0.0003493771655485034,0.012257564347237349,0.008392591495066881,0.0003627318947110325,0.011958620976656675,0.008706808090209961,0.0003756317892111838
283,0.4618331380188465,0.7917039394378662,0.10005778586491942,0.07098503177985549,0.0009139639878412709,0.10005070501938462,0.024856410454958677,0.0009209403942804784,0.100058204960078,0.05477480124682188,0.0009276477503590286
284,0.11194783262908459,0.7717820405960083,0.02524516126140952,0.010617846623063087,0.00034374589449726045,0.025114615447819233,0.011553519172593951,0.00035571785701904446,0.02501294994726777,0.010134020820260048,0.0003679673245642334
285,0.141341183334589,0.459072083234787,0.02285785088315606,0.023244234966114163,0.0005256129079498351,0.022739234380424023,0.021711611188948154,0.0005355544708436355,0.022647191304713488,0.02171752927824855,0.0005447168659884483
286,0.08828287944197655,0.9389482140541077,0.01949790515936911,0.00926521432120353,0.00036769457801710814,0.01933507970534265,0.00933029584120959,0.0003840730350930244,0.01919090305455029,0.007052288856357336,0.00040102949424181134
287,0.1269207000732422,1.9424982070922852,0.027935667894780636,0.013141566887497902,0.0003639607020886615,0.0275196204893291,0.01363060250878334,0.00037732074270024896,0.027138620615005493,0.013026241678744555,0.00039081432623788714
288,0.14977750927209854,1.2064427137374878,0.02673187665641308,0.021803985349833965,0.0005458408850245178,0.026817699894309044,0.02209496032446623,0.0005569200438912958,0.026927832514047623,0.018718179315328598,0.0005679847090505064
289,0.08928703889250755,0.47465482354164124,0.015029322355985641,0.01180702494457364,0.0005066123849246651,0.01490327576175332,0.011785659473389387,0.000520919100381434,0.014819709584116936,0.014680631924420595,0.0005378216446842998
290,0.14595497772097588,0.6145506501197815,0.03359904000535607,0.014034223044291139,0.00041765971400309354,0.033420218620449305,0.013040566351264715,0.00043597500189207494,0.03331066854298115,0.01331589394249022,0.00045495739323087037
291,0.5042780861258507,1.3752659559249878,0.10927147604525089,0.02893688529729843,0.001085396797861904,0.10905805975198746,0.07231219299137592,0.0010895502928178757,0.10887989960610867,0.0627413117326796,0.0010946211696136743
292,0.0523420087993145,1.4562915563583374,0.010462537873536348,0.005751957884058356,0.00030180874455254525,0.010376872727647424,0.005900680553168058,0.0003170158015564084,0.010332324542105198,0.005714302882552147,0.00033200846519321203
293,0.07491306960582733,3.1284067630767822,0.011407037731260061,0.010300990659743547,0.00042737611511256546,0.011790715157985687,0.013220712076872587,0.00044323566544335335,0.012241939082741737,0.010629500262439251,0.0004599316162057221
294,0.03616446256637573,1.4504644870758057,0.007544714258983731,0.003301981370896101,0.000248016367550008,0.0074533261358737946,0.0033898826222866774,0.00027233484433963895,0.007436593296006322,0.00376646826043725,0.00029752311820629984
295,0.1141398698091507,0.9613891839981079,0.0247664803173393,0.012213828973472118,0.0003460751613602042,0.024511672789230943,0.012616178952157497,0.00035335050779394805,0.024284512270241976,0.01150323823094368,0.00036156291025690734
296,0.06762595474720001,2.3015987873077393,0.012824978213757277,0.00815167324617505,0.0003437141276663169,0.013027457054704428,0.007965919794514775,0.00036251496931072325,0.01328341569751501,0.008022712310776114,0.0003812201030086726
297,0.1870580781251192,0.834520697593689,0.028736391803249717,0.031466020504012704,0.0004974169132765383,0.028665925608947873,0.031282148556783795,0.0005123521259520203,0.028625913662835956,0.0321225649677217,0.0005300096818245947
298,0.05706991255283356,0.9326058626174927,0.011091750347986817,0.005884284037165344,0.0003595570451579988,0.010725411120802164,0.00691280304454267,0.00037698503001593053,0.01041005807928741,0.007518245372921228,0.00039529780042357743
299,0.06511883810162544,0.8323391079902649,0.01084584416821599,0.009179809130728245,0.000393961847294122,0.010700704995542765,0.009523528860881925,0.000408442341722548,0.010603647213429213,0.009360929252579808,0.00042368884896859527
300,0.12714140117168427,2.2988481521606445,0.023650264367461205,0.012689507566392422,0.0005302122153807431,0.023843925446271896,0.012331523932516575,0.0005489977484103292,0.02408505789935589,0.023952231742441654,0.0005680107860825956
301,0.030959504656493664,0.7736168503761292,0.0055825053714215755,0.003523872932419181,0.0002575821563368663,0.005218225531280041,0.004419501172378659,0.00027650230913423,0.004942872561514378,0.003956849803216755,0.0002948350156657398
302,0.08658599480986595,0.5212011337280273,0.014226957689970732,0.011649067513644695,0.0004733566747745499,0.014097940176725388,0.013854221906512976,0.00048374773177783936,0.014013045001775026,0.01293721841648221,0.0004947814595652744
303,0.5594702437520027,1.3806462287902832,0.15519373631104827,0.02649910794571042,0.0010139365476788953,0.15491491230204701,0.02875851606950164,0.0010198092786595225,0.15467968536540866,0.027178622782230377,0.001027671663905494
304,0.060978760942816734,0.8904138207435608,0.009377534035593271,0.009068477898836136,0.0004213171196170151,0.009365787031129003,0.008782818913459778,0.0004305558541091159,0.00942037021741271,0.00979284499771893,0.00044085871195420623
305,0.16574923694133759,0.8222275972366333,0.035819617100059986,0.016519191209226847,0.0004520936927292496,0.03575196675956249,0.01790572516620159,0.0004632441996363923,0.0356986615806818,0.018492229748517275,0.00047512215678580105
306,0.1335340067744255,1.4235609769821167,0.02153690392151475,0.019090921618044376,0.0005549174820771441,0.02167073404416442,0.021983882412314415,0.0005657989968312904,0.0218189749866724,0.02064268011599779,0.0005767603579442948
307,0.02974901907145977,4.256015777587891,0.0043441151501610875,0.0037665304262191057,0.0002957561082439497,0.004683142993599176,0.004065382527187467,0.00032504227419849485,0.005102023482322693,0.003888306673616171,0.0003540812904248014
308,0.09671823680400848,0.5904083847999573,0.016834215261042118,0.014247420243918896,0.00048116466496139765,0.016690752003341913,0.013132369145751,0.0004926123074255884,0.01659710705280304,0.013299128971993923,0.0005055337096564472
309,0.21125707402825356,0.8957977890968323,0.0491038472391665,0.02008349495008588,0.0006824721058364958,0.04892357159405947,0.018239567521959543,0.0006909897783771157,0.048768469132483006,0.01784084504470229,0.0007008584216237068
310,0.12533161044120789,1.0141363143920898,0.021098326425999403,0.0185393407009542,0.000523588911164552,0.02115692012012005,0.01850140653550625,0.0005310902051860467,0.021254171151667833,0.018402304500341415,0.0005401064991019666
311,0.08943143486976624,1.1621826887130737,0.0166364973410964,0.011761668603867292,0.0004103747196495533,0.016450453083962202,0.012164176441729069,0.00041756810969673097,0.01628311676904559,0.011123146628960967,0.000425152262323536
312,0.07850386574864388,1.3658798933029175,0.014163863379508257,0.012622127309441566,0.00037464682827703655,0.014189626555889845,0.009613842237740755,0.00038382662751246244,0.014252680819481611,0.009053112473338842,0.00039367983117699623
313,0.07661374285817146,0.8749405741691589,0.013370804954320192,0.01074516260996461,0.0004521345254033804,0.013159763533622026,0.010465028695762157,0.00046427594497799873,0.01296728802844882,0.010333254467695951,0.0004766995116369799
314,0.16286342591047287,1.9500184059143066,0.030565534718334675,0.022134759463369846,0.0005541852879105136,0.030738084577023983,0.019495764747262,0.0005621768359560519,0.030930167995393276,0.022246806882321835,0.0005717136664316058
315,0.06763461604714394,1.5639702081680298,0.011356154456734657,0.009108171332627535,0.0003966813674196601,0.011443495750427246,0.00902577955275774,0.00040449701191391796,0.011559251695871353,0.010284170974045992,0.00041322005563415587
316,0.05610732361674309,1.0550497770309448,0.009630386251956224,0.008046194212511182,0.00032442479277960956,0.009578481782227755,0.008218333357945085,0.0003352071071276441,0.009584550280123949,0.00702505512163043,0.0003464481997070834
317,0.13420868664979935,0.4646066725254059,0.019959204830229282,0.016910295467823744,0.000638665136648342,0.0198697317391634,0.03328028600662947,0.0006457800773205236,0.019820354878902435,0.016617586370557547,0.0006533626292366534
318,0.563819445669651,0.7390686273574829,0.1307090725749731,0.02835003100335598,0.0010229492327198386,0.13063689600676298,0.060675921849906445,0.001028521393891424,0.13056870643049479,0.07053215336054564,0.001035195222357288
319,0.1690090149641037,0.780310332775116,0.03518341341987252,0.020024818368256092,0.0004908508126391098,0.03518436569720507,0.020856894552707672,0.0004981630336260423,0.03519931109622121,0.016583876684308052,0.0005050676700193435
320,0.09738354478031397,2.0655744075775146,0.013186206459067762,0.01726259500719607,0.00041916980990208685,0.01332729053683579,0.01722003798931837,0.0004266585019649938,0.01350721949711442,0.017757879104465246,0.00043474920676089823
321,0.08008652180433273,1.2781040668487549,0.014653048012405634,0.010654241777956486,0.0004162183904554695,0.014631035272032022,0.009533902630209923,0.00042041350388899446,0.014622801449149847,0.0109404893592,0.0004261185822542757
322,0.5623102150857449,0.8131585121154785,0.13589141704142094,0.055782518815249205,0.0009814691729843616,0.1358281155116856,0.061949115712195635,0.0009847036562860012,0.13577760104089975,0.02526323776692152,0.0009883858147077262
323,0.24137836694717407,0.9767289161682129,0.05775405280292034,0.019018329679965973,0.0006961389735806733,0.05776896420866251,0.020978101529181004,0.0006995475996518508,0.057790991850197315,0.01967070810496807,0.0007036186871118844
324,0.0983477532863617,1.536462426185608,0.020692816469818354,0.010316013358533382,0.0004000092303613201,0.020497933495789766,0.008939542341977358,0.0004030728159705177,0.02031682524830103,0.0127471424639225,0.00040628913848195225
325,0.06803604774177074,0.8041172623634338,0.012673885561525822,0.00882061617448926,0.00036841988912783563,0.01263540843501687,0.008270339341834188,0.00037467648508027196,0.012613619677722454,0.008521784795448184,0.00038200146809685975
326,0.2278038114309311,1.1295510530471802,0.05076851509511471,0.02009014133363962,0.0004958154313499108,0.050820400938391685,0.02778390236198902,0.0004997098003514111,0.050873806700110435,0.021469098515808582,0.0005039634852437302
327,0.08046231046319008,0.467793345451355,0.015497171320021152,0.009982630610466003,0.00035342776391189545,0.01543280459009111,0.010141749866306782,0.00035616467357613146,0.015383629593998194,0.009750744793564081,0.00035880287759937346
328,0.07092908024787903,1.7462226152420044,0.011404223274439573,0.010402129963040352,0.00043889171502087265,0.011489505879580975,0.010472227353602648,0.0004438943287823349,0.011602138634771109,0.010231055784970522,0.00044916357728652656
329,0.0550148393958807,0.5985458493232727,0.010055308695882559,0.006490564439445734,0.00030276757024694234,0.010011100210249424,0.007576617645099759,0.00030470325145870447,0.009979629889130592,0.007243415340781212,0.0003070800594286993
330,0.09797944873571396,3.122941732406616,0.02240567747503519,0.008521968498826027,0.000396162475226447,0.022112276405096054,0.009201525943353772,0.00039890628249850124,0.021823949180543423,0.009126644115895033,0.00040178348717745394
331,0.11077770218253136,0.7893595099449158,0.0229334756731987,0.012142557185143232,0.00048383267130702734,0.02289249189198017,0.012130167335271835,0.00048543269804213196,0.02285412885248661,0.01199828740209341,0.00048738266923464835
332,0.1412438340485096,1.1609337329864502,0.02588494587689638,0.021459810435771942,0.0005569300265051425,0.025962747633457184,0.01779951062053442,0.0005592047818936408,0.026043559424579144,0.017380262725055218,0.0005621138261631131
333,0.2016725018620491,1.1812618970870972,0.03030979773029685,0.03512445744127035,0.0005299723416101187,0.030218689236789942,0.03465653071179986,0.0005318748590070754,0.030139081180095673,0.03484182292595506,0.0005336836184142157
334,0.06201081536710262,0.7272526621818542,0.010159431956708431,0.008814978878945112,0.0003617660840973258,0.010073510464280844,0.008837771834805608,0.00036444354918785393,0.010006566997617483,0.00974380411207676,0.0003674783802125603
335,0.4857749901711941,2.2015249729156494,0.10784202814102173,0.02754057664424181,0.0010300161084160209,0.10770754935219884,0.06114167906343937,0.001029397768434137,0.10757949436083436,0.06161056086421013,0.0010288658377248794
336,0.06269160285592079,0.759344756603241,0.00962375570088625,0.00944106187671423,0.00046817703696433455,0.00957072013989091,0.009483748115599155,0.0004701621801359579,0.009524984750896692,0.009404403157532215,0.00047239396371878684
337,0.07162085175514221,1.4345144033432007,0.012462995015084743,0.011236302554607391,0.00037030893145129085,0.012513733003288507,0.008591175777837634,0.0003739716485142708,0.01259152777493,0.009738130029290915,0.00037746637826785445
338,0.10638721659779549,1.667716383934021,0.021342366468161345,0.012659833300858736,0.000524038914591074,0.021138832438737154,0.011495556216686964,0.0005273461865726858,0.020944891963154078,0.012474895920604467,0.0005313264555297792
339,0.1420993059873581,0.7987260818481445,0.026205713860690594,0.017078833654522896,0.0004248450859449804,0.026171501725912094,0.014294716529548168,0.00042800164374057204,0.026148969307541847,0.027059978805482388,0.00043205171823501587
340,0.1047886312007904,1.90050208568573,0.02341714804060757,0.009975870372727513,0.0003407626645639539,0.023220926523208618,0.010813463013619184,0.00034577220503706485,0.02304441574960947,0.010164669482037425,0.0003514993004500866
341,0.07825833559036255,0.9859409332275391,0.012758790049701929,0.011703895404934883,0.00043890623783227056,0.012693239841610193,0.01164697716012597,0.00044123773113824427,0.012638859916478395,0.011519377585500479,0.00044415442971512675
342,0.4550446346402168,0.7887863516807556,0.11504425946623087,0.02626923657953739,0.001138820662163198,0.11506645381450653,0.026379669550806284,0.0011404595279600471,0.11509393062442541,0.04350450821220875,0.0011423641699366271
343,0.10226259008049965,1.4482078552246094,0.016362532740458846,0.00723502563778311,0.0003249259098083712,0.016416453872807324,0.021281212684698403,0.00032889308204175904,0.016510288580320776,0.020508248708210886,0.00033338698995066807
344,0.09151044860482216,0.8657941818237305,0.01872505759820342,0.00937300594523549,0.0004297254781704396,0.018584069330245256,0.010526024270802736,0.00043434760300442576,0.018454142846167088,0.010633833706378937,0.0004395053256303072
345,0.10215987265110016,0.7597461938858032,0.017461118288338184,0.014438746962696314,0.0005186771741136909,0.0173391280695796,0.014653965830802917,0.000523215756402351,0.017234057188034058,0.014753912575542927,0.0005278428579913452
346,0.17920593544840813,0.6041486263275146,0.029654943849891424,0.027468331158161163,0.0005877629155293107,0.029690803959965706,0.02725765574723482,0.0005898810341022909,0.029749429784715176,0.02830329816788435,0.0005927248275838792
347,0.0752716213464737,1.3829255104064941,0.014264250174164772,0.009133182000368834,0.0004485837707761675,0.014038764405995607,0.009168267482891679,0.0004539706278592348,0.013823370449244976,0.009391375351697206,0.00046054943231865764
348,0.05292200483381748,0.5022870898246765,0.008402988081797957,0.008373357355594635,0.0003852384688798338,0.008284905226901174,0.007436907850205898,0.0003907013306161389,0.008222374832257628,0.007509957067668438,0.00039693861617706716
349,0.08009260520339012,1.7201876640319824,0.01306468527764082,0.01237848773598671,0.0004421896010171622,0.012818340677767992,0.012653402984142303,0.0004474685119930655,0.012602978385984898,0.011201447807252407,0.00045365767437033355
350,0.0554979108273983,0.7793934941291809,0.008987723151221871,0.008407031302340329,0.0003572264686226845,0.008908430580049753,0.00772452587261796,0.00036599057784769684,0.008863717783242464,0.008216707152314484,0.00037422680179588497
351,0.14744150638580322,2.070758819580078,0.035007521975785494,0.011700433678925037,0.0004706978361355141,0.035153213888406754,0.011478731641545892,0.0004807294753845781,0.03530703857541084,0.013020968763157725,0.0004919735511066392
352,0.10203301161527634,0.631503164768219,0.017009637784212828,0.015119639225304127,0.0005273424612823874,0.01691226288676262,0.015117215923964977,0.0005323473160387948,0.01685197465121746,0.014630252495408058,0.0005383159150369465
353,0.07379864901304245,0.7592039108276367,0.015413468703627586,0.007962325122207403,0.0003150545235257596,0.015366856940090656,0.007421708200126886,0.0003216928453184664,0.015338987112045288,0.008431012276560068,0.0003293250483693555
354,0.05772320553660393,1.4408828020095825,0.011367696337401867,0.006168010178953409,0.0003457609927863814,0.011451384983956814,0.006389138987287879,0.00035284084879094735,0.011556322686374187,0.006554065854288638,0.00036054469092050567
355,0.1659693941473961,1.0528538227081299,0.037067017052322626,0.01425999216735363,0.0005282878410071135,0.03692662576213479,0.01648244960233569,0.0005363285890780389,0.036790399346500635,0.018003149889409542,0.0005453201883938164
356,0.09756649285554886,1.3040945529937744,0.01557556539773941,0.015993076376616955,0.0005146359035279602,0.015352374874055386,0.0152490995824337,0.0005192827084101737,0.015153010375797749,0.014010487124323845,0.0005243014020379633
357,0.08612880110740662,0.8329240679740906,0.01928091235458851,0.008384316461160779,0.00036742311203852296,0.01907267700880766,0.007420891663059592,0.00037603703094646335,0.018906839191913605,0.008550504688173532,0.0003847053158096969
358,0.44815559312701225,1.2807581424713135,0.10116925230249763,0.06052439659833908,0.0009065089107025415,0.10099486261606216,0.02284730738028884,0.0009115484426729381,0.1008419981226325,0.05083961598575115,0.0009164786752080545
359,0.07818992808461189,0.9830087423324585,0.012453286908566952,0.011208070442080498,0.000437194830738008,0.012528624385595322,0.011133275460451841,0.0004410489636939019,0.012620493303984404,0.012949317693710327,0.00044597119267564267
360,0.0641452707350254,1.2756171226501465,0.011874174699187279,0.007988006342202425,0.00035158960963599384,0.011852032039314508,0.008260672213509679,0.00036241469206288457,0.01187843643128872,0.00793800363317132,0.0003744820278370753
361,0.08558400347828865,1.022132158279419,0.015051595866680145,0.010547250043600798,0.0005244840867817402,0.015025635715574026,0.010705639142543077,0.0005320339114405215,0.01501795882359147,0.012848319951444864,0.0005403840914368629
362,0.19942130893468857,1.4635734558105469,0.036428061313927174,0.01826503686606884,0.0005613826360786334,0.03653756435960531,0.0327881658449769,0.0005712683196179569,0.036649707704782486,0.0318954074755311,0.0005816881021019071
363,0.1634148396551609,1.8484480381011963,0.026744366623461246,0.025955220218747854,0.0004962477687513456,0.026422989554703236,0.025414965813979506,0.0005038720555603504,0.026108686812222004,0.02671985444612801,0.0005120688583701849
364,0.0434563048183918,1.5615876913070679,0.006561926566064358,0.0064730108715593815,0.0002747353573795408,0.006694479612633586,0.006777513772249222,0.00027894185041077435,0.006854797014966607,0.006744313519448042,0.00028388836653903127
365,0.07270774431526661,0.7188964486122131,0.0132837756536901,0.00976698100566864,0.00033311826700810343,0.013169656042009592,0.010537357535213232,0.0003382097784196958,0.013082833029329777,0.008806307800114155,0.0003438801068114117
366,0.07590439729392529,1.6366965770721436,0.01022340264171362,0.013038625242188573,0.0004557740321615711,0.010314189130440354,0.013005982618778944,0.0004626504669431597,0.010435479693114758,0.013330982765182853,0.00047050914145074785
367,0.07904529199004173,1.6361762285232544,0.013518577441573143,0.011218137573450804,0.00047040295612532645,0.013300486840307713,0.011048563290387392,0.0004766633064718917,0.013109592720866203,0.011127973906695843,0.00048342376248911023
368,0.12926684599369764,0.8295729756355286,0.021754003362730145,0.02312894770875573,0.0004359730228316039,0.0217348316218704,0.017883795779198408,0.0004453119763638824,0.02174107194878161,0.017680954188108444,0.00045452540507540107
369,0.10227241739630699,2.1088006496429443,0.02142851334065199,0.010871551698073745,0.0003648839483503252,0.021621243562549353,0.010885964147746563,0.0003722001565620303,0.021833957638591528,0.011164210038259625,0.00037966048694215715
370,0.11913073249161243,0.48558172583580017,0.017080746591091156,0.024157835636287928,0.000503578718053177,0.017033842857927084,0.0136414784938097,0.000508428318426013,0.017037848010659218,0.024071783758699894,0.0005147928895894438
371,0.10846585035324097,1.3654040098190308,0.021219617687165737,0.015981778735294938,0.00041057958151213825,0.021029332652688026,0.01566704665310681,0.0004190456820651889,0.020843171048909426,0.008695898111909628,0.00042762665543705225
372,0.10094285383820534,0.7228049635887146,0.017328540794551373,0.013048478402197361,0.0004801566537935287,0.01724847685545683,0.016889499500393867,0.00048629165394231677,0.017176329158246517,0.013413798063993454,0.0004929852584609762
373,0.4395547304302454,1.2531002759933472,0.0986959938891232,0.05878709373064339,0.0008359111307072453,0.09857217175886035,0.02142989612184465,0.0008432554313912988,0.09847065317444503,0.05347897706087679,0.000850819080369547
374,0.1090146079659462,1.0789635181427002,0.024021249264478683,0.009466494433581829,0.00042586505878716707,0.023860024753957987,0.011591637972742319,0.00043033395195379853,0.023714359384030104,0.01119413785636425,0.00043547838868107647
375,0.1447005346417427,0.4650377631187439,0.02791247610002756,0.017204557079821825,0.0005936423258390278,0.027840087190270424,0.019607709255069494,0.0006010837096255273,0.0277873445302248,0.017125573474913836,0.000610969727858901
376,0.18542658537626266,1.6408061981201172,0.039137279614806175,0.0170966531150043,0.0005911900661885738,0.038922617211937904,0.021908408496528864,0.0005956924287602305,0.038715677335858345,0.022498156875371933,0.0006000644934829324
377,0.09159686788916588,1.1906908750534058,0.019876485224813223,0.008500583004206419,0.0003951446560677141,0.019685313571244478,0.008261298760771751,0.00040212161547970027,0.019507693126797676,0.010939858853816986,0.00040914115379564464
378,0.05267508886754513,1.5161535739898682,0.008821416879072785,0.008198410971090198,0.00035382993519306183,0.008517549838870764,0.007349230698309839,0.0003583788493415341,0.008290164871141315,0.007196571910753846,0.0003632276930147782
379,0.09963865950703621,3.4569756984710693,0.019893172662705183,0.011203511850908399,0.0003859371936414391,0.02025321265682578,0.011389543069526553,0.00039115038816817105,0.020631285849958658,0.011571743292734027,0.0003969587996834889
380,0.18117313832044601,2.1633753776550293,0.03862182982265949,0.023020430468022823,0.0004615739453583956,0.03824521414935589,0.02114495262503624,0.0004703510639956221,0.03788764029741287,0.016610697377473116,0.00047866883687675
381,0.05914750602096319,1.4894543886184692,0.012072783662006259,0.006752613699063659,0.00033253787842113525,0.01205253938678652,0.006047972245141864,0.00034482650517020375,0.012047175550833344,0.006035903235897422,0.00035726517671719193
382,0.38348567485809326,0.8760439157485962,0.098651222884655,0.021987547632306814,0.0010445165680721402,0.09858484659343958,0.031221312005072832,0.001053829095326364,0.09853052161633968,0.021857358049601316,0.0010648721945472062
383,0.07155782356858253,0.4681412875652313,0.01183263398706913,0.010030703619122505,0.00043945093057118356,0.01175371091812849,0.010202532168477774,0.00044534317567013204,0.011707290075719357,0.010685744695365429,0.00045150829828344285
384,0.10211002826690674,2.6359503269195557,0.018593664281070232,0.012542442418634892,0.0004852358251810074,0.018801248632371426,0.013130079489201307,0.0005005465645808727,0.019032359588891268,0.014001599047333002,0.000516375876031816
385,0.0735319834202528,0.5529690384864807,0.014691310469061136,0.006864076247438788,0.00035379162000026554,0.01459797564893961,0.007224611705169082,0.00036233045102562755,0.014512232039123774,0.011288672219961882,0.00037215361953713
386,0.10328715667128563,1.814220905303955,0.018415954429656267,0.013127782382071018,0.0005385710974223912,0.018531749490648508,0.01436232402920723,0.0005466656002681702,0.018671090248972178,0.013615040108561516,0.0005555673851631582
387,0.06708889454603195,0.8635953068733215,0.013697341550141573,0.006842485629022121,0.00031967264658305794,0.013649683445692062,0.00833737407810986,0.0003289926389697939,0.013631576672196388,0.006979960948228836,0.0003389519115444273
388,0.1251034289598465,1.520656943321228,0.02881817752495408,0.010350325610488653,0.0003357852401677519,0.028516430873423815,0.010684325126931071,0.0003438067651586607,0.02824275940656662,0.014367344323545694,0.0003514252312015742
389,0.20723512396216393,0.7676184773445129,0.049113831017166376,0.016043389216065407,0.0006569426332134753,0.04906236752867699,0.017966769635677338,0.0006618616898776963,0.04903072724118829,0.0180712160654366,0.0006679031066596508
390,0.07892653904855251,2.4805357456207275,0.01118490588851273,0.013242249377071857,0.0004736736882477999,0.011441166279837489,0.012774940580129623,0.0004791117535205558,0.011724042473360896,0.012806814396753907,0.0004853196442127228
391,0.13186326809227467,1.4956740140914917,0.018021410796791315,0.02384763676673174,0.000512563216034323,0.01806894689798355,0.02392010483890772,0.0005198673316044733,0.018181841354817152,0.023578351829200983,0.0005288140091579407
392,0.05172494798898697,1.0512477159500122,0.010692520067095757,0.005404399940744042,0.0002697881718631834,0.010629231575876474,0.00541642913594842,0.0002822128008119762,0.010590646881610155,0.00560322985984385,0.000295122095849365
393,0.07607151009142399,0.841964066028595,0.012586419004946947,0.011454505380243063,0.0004131646564928815,0.012480057310312986,0.010911643970757723,0.00042107541230507195,0.012380228843539953,0.01120310416445136,0.0004296474653529003
394,0.09140079282224178,1.804430603981018,0.02017497504130006,0.009247480193153024,0.00039560277946293354,0.019906257279217243,0.009769861353561282,0.00040132077992893755,0.019644865300506353,0.007838475285097957,0.00040779769187793136
395,0.0870231669396162,1.585569143295288,0.013248005416244268,0.012767782900482416,0.0005362597003113478,0.013041576836258173,0.01527502341195941,0.0005393599276430905,0.012858501635491848,0.013352694921195507,0.0005442744441097602
396,0.15476001426577568,0.8180711269378662,0.02490798570215702,0.023992806673049927,0.0007405755750369281,0.02498142421245575,0.024773254990577698,0.0007431884587276727,0.025066711008548737,0.022114673629403114,0.0007470257114619017
397,0.17867731302976608,3.3419928550720215,0.03301270958036184,0.02748399879783392,0.0004982273385394365,0.03256681468337774,0.026326343417167664,0.0005021734250476584,0.03213219437748194,0.02112788101658225,0.0005064418946858495
398,0.6397355422377586,1.123574137687683,0.15706859342753887,0.02636506874114275,0.0010029596160165966,0.157053436152637,0.028692214749753475,0.0010064633970614523,0.15715119894593954,0.10132135171443224,0.0010114932811120525
399,0.23085137456655502,0.4981326162815094,0.03735538572072983,0.03162551298737526,0.0006865104369353503,0.03736527729779482,0.0474578533321619,0.0006883944442961365,0.03741118870675564,0.031370230950415134,0.0006915772974025458
400,0.07328037917613983,0.978473424911499,0.013750923331826925,0.009240463841706514,0.0003915437118848786,0.013604848179966211,0.009515352081507444,0.00039589384687133133,0.013477835338562727,0.008939577732235193,0.00040040715248323977
401,0.09162390604615211,0.7963582873344421,0.017122529912739992,0.011672166641801596,0.00047174180508591235,0.01708242343738675,0.010950422380119562,0.00048205090570263565,0.017058774828910828,0.01194916944950819,0.0004933127493131906
402,0.10542675107717514,0.5558363795280457,0.022288504987955093,0.011402329197153449,0.0003842746518785134,0.02224379451945424,0.011680381605401635,0.0003918350412277505,0.022211830131709576,0.010899302316829562,0.0003990414988948032
403,0.07733555883169174,0.9317563772201538,0.014556637033820152,0.008922229520976543,0.0004147974686929956,0.01438737940043211,0.009909223532304168,0.00042788930295500904,0.014247040264308453,0.010174928582273424,0.00044184341095387936
404,0.10014203190803528,1.6149340867996216,0.01933476608246565,0.012765291146934032,0.0004112886672373861,0.01909528113901615,0.013022422324866056,0.00041817393503151834,0.018857475370168686,0.012048020027577877,0.0004252328653819859
405,0.09359864890575409,2.2259302139282227,0.021791069768369198,0.007617889903485775,0.00039083039155229926,0.021440105512738228,0.007702346425503492,0.00039661738264840096,0.02109638275578618,0.009188338415697217,0.0004031810676679015
406,0.12106090784072876,1.10584557056427,0.021777833811938763,0.017335903830826283,0.0005034715286456048,0.021593179553747177,0.016924389638006687,0.0005095200176583603,0.021416814997792244,0.01589334337040782,0.000516868574777618
407,0.07588911987841129,2.4580373764038086,0.012619772925972939,0.00971926748752594,0.000422442244598642,0.012831286527216434,0.00985589437186718,0.000429972424171865,0.013081762939691544,0.01262043695896864,0.0004377590084914118
408,0.1124063991010189,1.4855142831802368,0.019485432654619217,0.016608653590083122,0.0005560648278333247,0.019205818884074688,0.014954573009163141,0.0005630636005662382,0.01893971674144268,0.01644995715469122,0.0005714356375392526
409,0.40381691232323647,1.7767138481140137,0.09986207191832364,0.04717191448435187,0.0008900916727725416,0.09954060707241297,0.02385886898264289,0.0008947730966610834,0.09929809207096696,0.023348498158156872,0.0008993486408144236
410,0.06084069237112999,0.33943310379981995,0.009571523871272802,0.009671431966125965,0.0004201981355436146,0.009432218037545681,0.009303160011768341,0.0004277395782992244,0.00938212568871677,0.008344409056007862,0.0004360183811513707
411,0.12888344004750252,0.8821074962615967,0.020234125200659037,0.019268509931862354,0.0006216123583726585,0.020209957845509052,0.02041850332170725,0.0006304414127953351,0.020222275517880917,0.020955989137291908,0.0006414676900021732
412,0.0639716349542141,0.5511924624443054,0.01045161229558289,0.009564613923430443,0.0002802911476464942,0.010358128696680069,0.010422391816973686,0.000285693648038432,0.010273633059114218,0.009470430202782154,0.00029172089125495404
413,0.05451580695807934,1.5790777206420898,0.009455250110477209,0.006460652220994234,0.00034149941348005086,0.009548547677695751,0.00685739447362721,0.00034700446121860296,0.009686971083283424,0.008339036721736193,0.0003534849820425734
414,0.07690223678946495,0.4960227310657501,0.013745362404733896,0.010303310118615627,0.0003494087577564642,0.013639535289257765,0.010676621226593852,0.00035806072992272675,0.013569998554885387,0.010670894291251898,0.00036666012601926923
415,0.11053643375635147,1.223777413368225,0.015986983198672533,0.01926647499203682,0.000672788533847779,0.016032573767006397,0.018039551097899675,0.0006789615144953132,0.01611483981832862,0.016942283138632774,0.0006866811600048095
416,0.196345504373312,1.10053288936615,0.048204362858086824,0.01441546343266964,0.0005861781974090263,0.047888970002532005,0.016724516754038632,0.0005984166637063026,0.04762164317071438,0.014310534694232047,0.0006104077474446967
417,0.08928465843200684,2.138162136077881,0.018878094386309385,0.010112397372722626,0.0004045868990942836,0.01842666231095791,0.009754817001521587,0.0004158288793405518,0.01803363673388958,0.009086628444492817,0.0004276893596397713
418,0.07673807069659233,2.151520013809204,0.014523766934871674,0.008735781768336892,0.00037993154546711594,0.014725849498063326,0.01005294662900269,0.0003879555006278679,0.014958688989281654,0.00907342485152185,0.00039901668787933886
419,0.12007514387369156,1.3014180660247803,0.017846652772277594,0.020279026124626398,0.0005306637031026185,0.017964359372854233,0.018990460317581892,0.0005379694339353591,0.018135772552341223,0.020397207234054804,0.0005467826849780977
420,0.2226385474205017,0.7098953127861023,0.041890401393175125,0.025001910515129566,0.0007789356459397823,0.041725099086761475,0.025388196110725403,0.0007870186527725309,0.04157148115336895,0.03761097230017185,0.0007966680859681219
421,0.24376672506332397,0.732508659362793,0.03733912203460932,0.03220008406788111,0.0006230684230104089,0.03737245034426451,0.04561677807942033,0.00062729355704505,0.03744649235159159,0.0462592514231801,0.0006327745650196448
422,0.0897512212395668,1.5044690370559692,0.016922524198889732,0.010911265620961785,0.00043400251888670027,0.016591177321970463,0.011219629552215338,0.0004427908279467374,0.016272673849016428,0.01251405687071383,0.0004531792365014553
423,0.0475117564201355,1.4872676134109497,0.009509969037026167,0.00527871772646904,0.00030132426763884723,0.009176465682685375,0.005483053391799331,0.00030976675043348223,0.008881515823304653,0.005463482346385717,0.0003185473178746179
424,0.10104275867342949,1.3863245248794556,0.019587266258895397,0.009690365754067898,0.0004090145375812426,0.019243570044636726,0.011912306305021048,0.000419656207668595,0.0189687367528677,0.016600417904555798,0.00043135310988873243
425,0.06138533726334572,0.8096526861190796,0.012645445764064789,0.006320154294371605,0.00032077875221148133,0.012387447990477085,0.006456827046349645,0.00033069562050513923,0.012174062430858612,0.0074306277092546225,0.0003412180521991104
426,0.11248700320720673,2.571692705154419,0.02534154150635004,0.010173071641474962,0.0004417590971570462,0.02476180950179696,0.012277374509721994,0.00045086686441209167,0.02423043455928564,0.010283099487423897,0.00046229211147874594
427,0.47437501698732376,2.7333760261535645,0.11602953262627125,0.04379205126315355,0.0011089424224337563,0.1155560240149498,0.04366796184331179,0.0011134163505630568,0.11506341584026814,0.026898160576820374,0.0011196069390280172
428,0.43295374885201454,2.0880141258239746,0.10488145146518946,0.024135285057127476,0.0009432486112928018,0.10451393201947212,0.02542825508862734,0.0009523079206701368,0.10416543111205101,0.05840399023145437,0.0009607954998500645
429,0.11565589159727097,1.0048218965530396,0.022197783458977938,0.014234824571758509,0.0005480150721268728,0.02209538873285055,0.014232065994292498,0.0005619909788947552,0.022052870132029057,0.014091541524976492,0.0005778485792689025
430,0.07688819617033005,0.7919639945030212,0.0130071472376585,0.011403992772102356,0.00042285081872250885,0.012840528972446918,0.010449062567204237,0.0004338372382335365,0.012739375699311495,0.01124407909810543,0.00044431391870602965
431,0.7025756277143955,3.144306182861328,0.15377376647666097,0.1068946742452681,0.0010496473405510187,0.15219300566241145,0.09837015066295862,0.0010520924115553498,0.1516918083652854,0.027013107668608427,0.001058039953932166
432,0.08353338949382305,1.656164288520813,0.019465502118691802,0.007629060419276357,0.00033198014716617763,0.01892232336103916,0.007454869570210576,0.00034392529050819576,0.018487275578081608,0.007437396328896284,0.0003583343204809353
433,0.4924990385770798,2.3741466999053955,0.10922885220497847,0.05955997668206692,0.0009537528094369918,0.1087665418162942,0.06975267454981804,0.0009566134249325842,0.10834942478686571,0.025352425407618284,0.0009619275515433401
434,0.08841539919376373,0.7042598128318787,0.014767222106456757,0.01378963515162468,0.00044807445374317467,0.014538444578647614,0.014101936016231775,0.00046405089960899204,0.01439218781888485,0.011256676632910967,0.0004801988834515214
435,0.04767768271267414,2.3839001655578613,0.007554105017334223,0.0068344001192599535,0.000332050520228222,0.007577317301183939,0.006645912071689963,0.0003561358753358945,0.007775251986458898,0.0070122005417943,0.000381437101168558
436,0.03151438385248184,3.745723247528076,0.003930417355149984,0.004446983803063631,0.0003169923438690603,0.00433049036655575,0.0046624301467090845,0.00033578064176253974,0.004960661404766142,0.005151849356479943,0.00035511484020389616
437,0.13039685040712357,0.747043788433075,0.0190493892878294,0.02282117400318384,0.0007576303032692522,0.018763608299195766,0.020040852017700672,0.0007776586571708322,0.01859952136874199,0.021776610985398293,0.0008011350000742823
438,0.07735561951994896,2.26163387298584,0.014577023917809129,0.009659886243753135,0.00043103746429551393,0.014605104457587004,0.008913646801374853,0.0004653569485526532,0.014752877177670598,0.009259443380869925,0.0005005154380341992
439,0.07137474417686462,1.4601030349731445,0.011222376953810453,0.012625087983906269,0.00043730135075747967,0.011173602193593979,0.00965692475438118,0.00045872287591919303,0.011239964049309492,0.009949199855327606,0.0004808725061593577
440,0.10438599996268749,1.6753143072128296,0.019985074643045664,0.013180453330278397,0.0005060411640442908,0.020020979456603527,0.012248396873474121,0.0005296060990076512,0.020131774712353945,0.012463601771742105,0.0005532814830075949
441,0.04378441721200943,2.6886332035064697,0.007071097381412983,0.005718249594792724,0.0003548740496626124,0.007270278176292777,0.005681854672729969,0.00037542666541412473,0.0076516601257026196,0.005883245728909969,0.00039670721162110567
442,0.05586137995123863,2.0411534309387207,0.008650236064568162,0.008153363829478621,0.000407451341743581,0.008681685198098421,0.007920888951048255,0.00043195152829866856,0.008799501694738865,0.008473984897136688,0.000456026493338868
443,0.07314955443143845,4.046233177185059,0.011714211665093899,0.010183878941461444,0.0003965097275795415,0.012239185627549887,0.010350682074204087,0.00042333723104093224,0.012841753661632538,0.010745770297944546,0.0004486710240598768
444,0.06509192287921906,2.1913516521453857,0.009301114827394485,0.011885467916727066,0.00040454912232235074,0.009410469327121973,0.00808773236349225,0.0004231800849083811,0.009656250011175871,0.011669861152768135,0.0004425278166308999
445,0.06648282147943974,0.9545446634292603,0.010320317232981324,0.01022768672555685,0.0004212867352180183,0.010326119605451822,0.009993364568799734,0.0004278623091522604,0.010374003555625677,0.010106369853019714,0.00043459079461172223
446,0.14784470945596695,2.7541122436523438,0.03022823203355074,0.01691615069285035,0.0005143256275914609,0.0294699277728796,0.01744044804945588,0.0005278916214592755,0.02874657977372408,0.01870183739811182,0.0005431673780549318
447,0.1652485355734825,0.428333044052124,0.027809788938611746,0.024312173016369343,0.0005521128041436896,0.02781324228271842,0.02582233026623726,0.0005618294089799747,0.02784119313582778,0.02490275865420699,0.0005728198157157749
448,0.06185302883386612,1.7574940919876099,0.00855420297011733,0.011486879084259272,0.00037950987461954355,0.008720732759684324,0.007839709054678679,0.0003903433243976906,0.00896430341526866,0.011601893696933985,0.00040147344407159835
449,0.09828699007630348,1.8577744960784912,0.016593024134635925,0.01425595348700881,0.0004935496835969388,0.016183787491172552,0.015051101334393024,0.0005047295126132667,0.015808421652764082,0.014332050457596779,0.0005173846147954464
450,0.05896642059087753,2.1892950534820557,0.009645775891840458,0.008304807124659419,0.00034697543014772236,0.009891851805150509,0.00847365497611463,0.0003542339109117165,0.010168963577598333,0.008225043537095189,0.0003628723352449015
451,0.0984412170946598,1.4052116870880127,0.019357932033017278,0.011786775197833776,0.0004794761771336198,0.01897531608119607,0.01145820552483201,0.0004892202850896865,0.018685267074033618,0.012302679475396872,0.0005000634992029518
452,0.08536351099610329,1.7697131633758545,0.02063349401578307,0.006806999910622835,0.0002885135036194697,0.020253367722034454,0.007347740000113845,0.00029933208134025335,0.019880929030478,0.006852161837741733,0.00030935913673602045
453,0.07510527968406677,0.5458968877792358,0.011315925512462854,0.01322647137567401,0.00042575772386044264,0.011167607735842466,0.012138303369283676,0.0004321429878473282,0.01107138441875577,0.010996259981766343,0.000439431139966473
454,0.06789693236351013,1.0964984893798828,0.011638135649263859,0.00945232342928648,0.00036302472290117294,0.01143114734441042,0.01072578364983201,0.0003710005257744342,0.011243616696447134,0.008954339660704136,0.0003788706671912223
455,0.07488417252898216,0.8709105849266052,0.014674995094537735,0.008986888453364372,0.00036448193714022636,0.014499682933092117,0.008967563277110457,0.0003803027211688459,0.01435217633843422,0.008835636544972658,0.0003970222023781389
456,0.04597301594913006,0.9709524512290955,0.009064486948773265,0.004853729158639908,0.00031707892776466906,0.008876604493707418,0.0055708655854687095,0.00033197662560269237,0.008770758984610438,0.004850892815738916,0.000347363471519202
457,0.2325827181339264,0.7596747875213623,0.03483293764293194,0.046411044895648956,0.0007798718870617449,0.03484597709029913,0.04720212705433369,0.0007873018330428749,0.03487877734005451,0.02495565079152584,0.0007968789432197809
458,0.6076149865984917,2.183349132537842,0.13501109648495913,0.06874782964587212,0.0009186217212118208,0.13516958244144917,0.06712495349347591,0.0009219090279657394,0.13497646059840918,0.05551775824278593,0.000926295600947924
459,0.10292044654488564,1.22415030002594,0.018070719204843044,0.014526702929288149,0.0005027795705245808,0.01779161486774683,0.013501741457730532,0.0005093042418593541,0.017573480028659105,0.015342678874731064,0.0005162929446669295
460,0.0917995348572731,0.5450925827026367,0.015598619356751442,0.013316479977220297,0.00046885537449270487,0.015487050637602806,0.012860196642577648,0.0004782103933393955,0.015445549972355366,0.013351104687899351,0.0004880694759776816
461,0.1047060415148735,1.7240544557571411,0.021207313518971205,0.011521754087880254,0.0004227712925057858,0.02135505946353078,0.011681759729981422,0.00043165014358237386,0.021545257419347763,0.012212249916046858,0.00044124003034085035
462,0.5856498070061207,0.8334317207336426,0.13968558236956596,0.05824541253969073,0.0009702338720671833,0.13973822258412838,0.028143061324954033,0.0009764698042999953,0.13981155026704073,0.06830963026732206,0.0009823688305914402
463,0.1665235087275505,0.5307943224906921,0.025154626462608576,0.01973686134442687,0.0006600548222195357,0.02496988559141755,0.03183668851852417,0.0006671323790214956,0.02486900705844164,0.03194726491346955,0.000675105708069168
464,0.12020863220095634,1.5092288255691528,0.020853858441114426,0.0173832387663424,0.00046869393554516137,0.020772694144397974,0.01721228938549757,0.0004888048861175776,0.020726037677377462,0.017390809953212738,0.0005099264672026038
465,0.07551594451069832,0.9078102707862854,0.013477541040629148,0.009970715269446373,0.000438891991507262,0.01320281159132719,0.010334620485082269,0.00045314067392610013,0.012996829813346267,0.010097817750647664,0.000466870071250014
466,0.08733321353793144,0.7281308770179749,0.013617454096674919,0.014151712879538536,0.0004996818897780031,0.013354200404137373,0.013093855232000351,0.0005122141737956554,0.013160595670342445,0.013805094175040722,0.0005256794684100896
467,0.07077037543058395,1.555064082145691,0.013982068281620741,0.008193143410608172,0.0003255325136706233,0.014079404063522816,0.008303970796987414,0.00033999906736426055,0.014208637177944183,0.0079232188872993,0.00035445153480395675
468,0.1525789126753807,1.2948240041732788,0.02282392792403698,0.02637038379907608,0.0007614264322910458,0.02292589470744133,0.02520832233130932,0.0007704429153818637,0.023079821839928627,0.02291802689433098,0.0007812638650648296
469,0.03918910399079323,1.0435420274734497,0.007217650301754475,0.0047343457117676735,0.00027706137188943103,0.006891079479828477,0.0054821171797811985,0.0002869102027034387,0.006613985868170857,0.004797695204615593,0.00029908656142652035
470,0.5234842207282782,1.6502349376678467,0.13486691005527973,0.023627267451956868,0.0008748083491809666,0.13457283563911915,0.02442333009094,0.0008793252054601908,0.13431010814383626,0.061127619817852974,0.0008849045552778989
471,0.1144307553768158,2.470787763595581,0.025672007352113724,0.01108148880302906,0.00045575630792882293,0.025139247998595238,0.011074463371187449,0.00046379014384001493,0.024623467586934566,0.01126951863989234,0.00047309538058470935
472,0.04813370108604431,0.6243025064468384,0.00821948959492147,0.006493205903097987,0.00033699652703944594,0.008118226425722241,0.006347736809402704,0.00034888071240857244,0.008055024780333042,0.006707688211463392,0.0003622056246967986
473,0.0670936182141304,1.4818735122680664,0.012145596090704203,0.0073957182466983795,0.00032084083068184555,0.011815966106951237,0.010003667790442705,0.0003355541848577559,0.011533205397427082,0.010163771687075496,0.0003525281063048169
474,0.1023508608341217,0.8103666305541992,0.0222477400675416,0.010081332176923752,0.00044131606409791857,0.021988467313349247,0.010440091602504253,0.0004504468524828553,0.021760527044534683,0.010425043758004904,0.0004601533728418872
475,0.18432758748531342,1.3588351011276245,0.028520281426608562,0.030494103208184242,0.0008171148656401783,0.028695961460471153,0.027040145359933376,0.00082309206482023,0.028902670368552208,0.03078866470605135,0.0008312311256304383
476,0.12106921896338463,1.0454429388046265,0.022115514613687992,0.015376481227576733,0.0005356788169592619,0.021882152184844017,0.015678980387747288,0.0005468036397360265,0.021678580902516842,0.01776672573760152,0.0005602134624496102
477,0.06852385401725769,0.924687385559082,0.010482904966920614,0.010558892507106066,0.00041413451253902167,0.010402794927358627,0.010813099797815084,0.00042272517748642713,0.010395137593150139,0.010796346701681614,0.00043181020009797066
478,0.13695600628852844,0.9433161616325378,0.02873668447136879,0.016165053471922874,0.00037358031840994954,0.028494096361100674,0.016903079114854336,0.00038331009272951633,0.028253608383238316,0.013799651991575956,0.0003940686729038134
479,0.10424783080816269,1.5359731912612915,0.017500958405435085,0.014124110341072083,0.000520490575581789,0.01753787137567997,0.015493344981223345,0.0005306702223606408,0.017615878488868475,0.015598861500620842,0.000543040077900514
480,0.11382395774126053,1.519418478012085,0.016623750794678926,0.0199760552495718,0.000608933245530352,0.016254143323749304,0.01850301679223776,0.0006206083053257316,0.015970322769135237,0.019053549971431494,0.0006312375626293942
481,0.13967640325427055,1.2809514999389648,0.017026999033987522,0.026712767779827118,0.0005407994030974805,0.017049662303179502,0.02728848299011588,0.000553392746951431,0.017190415877848864,0.02776666497811675,0.0005661587347276509
482,0.07807448506355286,0.7832029461860657,0.012783416546881199,0.011175897438079119,0.00046180549543350935,0.012672286480665207,0.011415238492190838,0.0004768621292896569,0.012664263136684895,0.01163732260465622,0.0004928470589220524
483,0.10964662581682205,0.8942433595657349,0.018644243013113737,0.02228703163564205,0.00033040095877368003,0.018475851509720087,0.020958220586180687,0.00034427811624482274,0.018365287221968174,0.006788841215893626,0.000357108234311454
484,0.10646386072039604,1.291853666305542,0.016519224271178246,0.022013723850250244,0.00036495855601970106,0.016625086311250925,0.00998532772064209,0.00037261898978613317,0.016766039188951254,0.020078075118362904,0.0003815184609265998
485,0.07431931421160698,0.704768180847168,0.014260249678045511,0.009711042046546936,0.00033278949558734894,0.014230168424546719,0.009248204994946718,0.00034257530933246017,0.014254358597099781,0.008502839133143425,0.00035274872789159417
486,0.4923286624252796,3.2905666828155518,0.10817668028175831,0.06808549258857965,0.000962314399657771,0.10756800323724747,0.06440708693116903,0.000966743245953694,0.10700551699846983,0.025478956755250692,0.0009726681601023301
487,0.5000590085983276,0.9458916783332825,0.11006064526736736,0.07121282257139683,0.0010027708194684237,0.11004785820841789,0.05783868581056595,0.0010060334752779454,0.11006863228976727,0.02875236701220274,0.0010106918634846807
488,0.0867037009447813,1.9883959293365479,0.014740934828296304,0.012565451674163342,0.0003637355985119939,0.015030079521238804,0.012512332294136286,0.0003723637928487733,0.015333022456616163,0.01204706635326147,0.00038260387373156846
489,0.08560893684625626,0.7494316101074219,0.014328573364764452,0.013159606605768204,0.00044427195098251104,0.014207112602889538,0.012073419522494078,0.0004509641439653933,0.014152593445032835,0.01227164315059781,0.0004587606235872954
490,0.028621206060051918,2.274104595184326,0.0047211493365466595,0.0034222889225929976,0.00027888332260772586,0.004734312184154987,0.003527479828335345,0.00030206312658265233,0.004845271119847894,0.003756524180062115,0.000322598876664415
491,0.07289469987154007,2.1378443241119385,0.01294459355995059,0.009234064258635044,0.0003709499287651852,0.013035430340096354,0.010103173088282347,0.000389385677408427,0.013200497487559915,0.009705550968647003,0.00040751174674369395
492,0.06282008811831474,1.9040859937667847,0.014127789530903101,0.0056818523444235325,0.00026904314290732145,0.013756228610873222,0.006303136935457587,0.00027476929244585335,0.013397885486483574,0.006255401996895671,0.00028063630452379584
493,0.2005280703306198,1.978365421295166,0.037769462913274765,0.026001793332397938,0.0006058110011508688,0.03802327439188957,0.025273066014051437,0.0006150893750600517,0.03828592225909233,0.02778694871813059,0.0006260010413825512
494,0.10764896124601364,1.5917530059814453,0.02239803969860077,0.011651964858174324,0.0004031643329653889,0.022514999844133854,0.01082098251208663,0.0004143027763348073,0.022664165124297142,0.012627127580344677,0.0004254529339959845
495,0.14803404733538628,2.710951805114746,0.028391371481120586,0.017813738668337464,0.0004566374991554767,0.027901482302695513,0.021234591491520405,0.00046239733637776226,0.02743271691724658,0.01970489090308547,0.000469781705760397
496,0.1452145129442215,0.7830902934074402,0.02507609874010086,0.020680994261056185,0.0007403999043162912,0.025014331564307213,0.02068874007090926,0.0007502521038986742,0.02497758250683546,0.01976590882986784,0.0007620625838171691
497,0.06577097252011299,2.4915618896484375,0.011181672685779631,0.009013249422423542,0.00037688540760427713,0.011392128420993686,0.00908665475435555,0.00038797868182882667,0.011626709601841867,0.00881428667344153,0.0003992039564764127
498,0.07752942852675915,1.9383482933044434,0.012819889467209578,0.01086958171799779,0.0004084491229150444,0.013022639323025942,0.00984921702183783,0.00041702439193613827,0.013254338409751654,0.01270558894611895,0.000426570390118286
499,0.0894966758787632,1.9124795198440552,0.018719829618930817,0.008712365990504622,0.0003972243139287457,0.01888630259782076,0.008216552203521132,0.00040547456592321396,0.019060528837144375,0.011030231835320592,0.00041501730447635055
500,0.14334512501955032,1.1097924709320068,0.020203779451549053,0.02431408129632473,0.0007661945710424334,0.020001444965600967,0.025197358801960945,0.0007692165381740779,0.019836915656924248,0.024554702453315258,0.0007737978594377637
501,0.11366217955946922,0.8995974063873291,0.017171239480376244,0.018703109119087458,0.0004757533606607467,0.017233221791684628,0.018162154126912355,0.00048098686966113746,0.01732258778065443,0.019296956015750766,0.000486487231682986
502,0.24265648424625397,1.5059163570404053,0.056076654233038425,0.025185393635183573,0.0005795260076411068,0.05579351354390383,0.01638546586036682,0.0005880961107322946,0.05551918130367994,0.026628283318132162,0.000599374616285786
503,0.532165952026844,2.1390793323516846,0.10510217305272818,0.07455588597804308,0.0010994470794685185,0.10488501517102122,0.07017223909497261,0.0010988333087880164,0.10470149107277393,0.05955699039623141,0.0010997614590451121
504,0.037181079387664795,3.537330150604248,0.006165856495499611,0.004697105614468455,0.0002761939977062866,0.006438111304305494,0.00479850557167083,0.0002830061566783115,0.006733033224008977,0.0049534355057403445,0.00028955788002349436
505,0.12017371878027916,1.2749017477035522,0.020856576971709728,0.017551987897604704,0.0004462049691937864,0.020683282520622015,0.018176481127738953,0.000450417457614094,0.02052465220913291,0.016973538789898157,0.0004551768215605989
506,0.03784931264817715,2.500474452972412,0.006254556123167276,0.004879823420196772,0.00036107438791077584,0.0063491035252809525,0.004616876831278205,0.0003753416531253606,0.006476741749793291,0.004772821208462119,0.00038843118818476796
507,0.1563630923628807,0.7877023816108704,0.02709121536463499,0.024310885928571224,0.0005073162319604307,0.0269450843334198,0.019481284078210592,0.0005125820462126285,0.026838633231818676,0.02553884405642748,0.0005193880933802575
508,0.049791716039180756,1.3346177339553833,0.009221474407240748,0.006165536353364587,0.0002884602145059034,0.009258421836420894,0.006256716558709741,0.0002954694500658661,0.009317310759797692,0.006025390699505806,0.00030278690974228084
509,0.0688447579741478,1.2135885953903198,0.01072711544111371,0.011517453007400036,0.00042070724884979427,0.010647712741047144,0.009421654511243105,0.0004248752520652488,0.010590393096208572,0.010840918403118849,0.00042929565825033933
510,0.5707869306206703,1.4163740873336792,0.15841346327215433,0.027884257957339287,0.000992318760836497,0.15827408991754055,0.02813677489757538,0.0009917171555571258,0.1581703769043088,0.028007445391267538,0.000991089706076309
511,0.13699273765087128,1.0833215713500977,0.022083593532443047,0.019209980964660645,0.0006747525185346603,0.022165225818753242,0.022426066920161247,0.0006790343322791159,0.022265342064201832,0.02069205231964588,0.0006838305853307247
512,0.09215547889471054,1.4601376056671143,0.0201475964859128,0.00969265028834343,0.00030673503351863474,0.01992040779441595,0.009982028510421515,0.0003116938314633444,0.019723526667803526,0.008950765710324049,0.00031619734363630414
513,0.09457306191325188,1.1821526288986206,0.017715253867208958,0.012148253619670868,0.0004520278889685869,0.017767581157386303,0.011863584164530039,0.00045684369979426265,0.017845927737653255,0.011748309712857008,0.0004621665575541556
514,0.06541421636939049,0.9351181387901306,0.011372226756066084,0.008931990712881088,0.00034384464379400015,0.011424579191952944,0.008873520884662867,0.00034670307650230825,0.01150142215192318,0.009146785130724311,0.00035037491761613637
515,0.0836739968508482,3.5257182121276855,0.019522473448887467,0.007707784418016672,0.00033809151500463486,0.019094952382147312,0.007028835942037404,0.0003404128801776096,0.018676954554393888,0.007555542280897498,0.0003433593228692189
516,0.058522721752524376,1.0485167503356934,0.009376874659210443,0.008673270232975483,0.000359253041096963,0.009349198080599308,0.008776729693636298,0.0003625148965511471,0.009352959226816893,0.008642731932923198,0.0003659713256638497
517,0.10460972040891647,2.821668863296509,0.02379967551678419,0.008758141193538904,0.0003706353309098631,0.02342685777693987,0.011209445539861917,0.000373528542695567,0.023057264275848866,0.009874614421278238,0.00037676721694879234
518,0.11510603129863739,2.8918888568878174,0.02424620743840933,0.013056819792836905,0.0004812662518816069,0.02385854907333851,0.012470322661101818,0.0004845444636885077,0.023483939468860626,0.0121684018522501,0.0004896378668490797
519,0.08867834135890007,1.2388508319854736,0.017167674377560616,0.010903357528150082,0.0004044375818921253,0.016976024489849806,0.010906013660132885,0.000412671928643249,0.01679207757115364,0.010979601182043552,0.00042128954373765737
520,0.05513281747698784,0.5429255366325378,0.010275559034198523,0.006453516660258174,0.0003151500568492338,0.010245898040011525,0.006771828979253769,0.0003200788632966578,0.010242186719551682,0.007303652819246054,0.00032481424568686634
521,0.054035868495702744,1.247389554977417,0.008733681868761778,0.00806608353741467,0.0003310239262646064,0.008558946661651134,0.008124092128127813,0.0003341631527291611,0.008404533844441175,0.008137508761137724,0.0003375684027560055
522,0.07213563099503517,2.4065797328948975,0.011365089565515518,0.010678698075935245,0.0004626043373718858,0.011576271848753095,0.01043535117059946,0.0004708677879534662,0.011815366335213184,0.010616817278787494,0.000478536996524781
523,0.09617950394749641,1.0866377353668213,0.016369003802537918,0.016378371510654688,0.0004459281044546515,0.0162051641382277,0.012789112515747547,0.0004499476926866919,0.016084888018667698,0.012951263226568699,0.00045454919745679945
524,0.09981069713830948,1.4284645318984985,0.019714445807039738,0.01230228180065751,0.00045615479757543653,0.019470123574137688,0.011658778879791498,0.000459854316432029,0.019251228775829077,0.01188880018889904,0.0004652511270251125
525,0.06025700829923153,0.9399557113647461,0.01058701891452074,0.008310074917972088,0.00039753856253810227,0.010475993156433105,0.007313935086131096,0.000405033933930099,0.010379418730735779,0.008330546785145998,0.0004124328261241317
526,0.4221462793648243,2.009145975112915,0.09716180805116892,0.049701665760949254,0.0008960092236520723,0.09692330006510019,0.021836823550984263,0.0008964214939624071,0.09669423359446228,0.04907039855606854,0.0008970785129349679
527,0.10945341363549232,0.9107295870780945,0.015047730412334204,0.019471594598144293,0.0006625070236623287,0.015088989399373531,0.019372550770640373,0.0006704861880280077,0.015152466716244817,0.017273059580475092,0.0006787610909668729
528,0.048890198580920696,0.929006040096283,0.00783366512041539,0.007297219475731254,0.0003278743242844939,0.007686087395995855,0.007209548493847251,0.00033466858440078795,0.0075914521003142,0.007253305986523628,0.00034218758810311556
529,0.14409257099032402,0.7782834768295288,0.021673589944839478,0.023786933161318302,0.0007324039470404387,0.021640200167894363,0.02239228505641222,0.0007356864807661623,0.02162793278694153,0.024138447362929583,0.0007402059272862971
530,0.07248295471072197,0.6933749318122864,0.011025659274309874,0.0115511161275208,0.00034504462382756174,0.010909606236964464,0.012010988546535373,0.0003548277309164405,0.010807617101818323,0.011919441167265177,0.0003647591220214963
531,0.09877261146903038,0.8978460431098938,0.016559801064431667,0.013888129498809576,0.0005264724022708833,0.016450321301817894,0.014763171784579754,0.0005368308338802308,0.01638469658792019,0.014276931993663311,0.0005490871553774923
532,0.1293492615222931,0.6778707504272461,0.022673415020108223,0.01700784545391798,0.0005944652948528528,0.022456117905676365,0.016986043192446232,0.0006036357954144478,0.022286267951130867,0.020684190094470978,0.0006157462194096297
533,0.21782280132174492,3.186457395553589,0.050797348376363516,0.020196098368614912,0.000676056690281257,0.050250931177288294,0.020074239932000637,0.0006795632361900061,0.04971768893301487,0.018624164629727602,0.0006849643832538277
534,0.07760587334632874,0.6835336089134216,0.01466189743950963,0.00959071982651949,0.0004823082417715341,0.014465125743299723,0.009255753364413977,0.0004909371782559901,0.014306817669421434,0.009422455914318562,0.000502531009260565
535,0.2429191768169403,1.0313502550125122,0.052871571853756905,0.02569531137123704,0.0006078365258872509,0.05259651830419898,0.02712679049000144,0.0006211688742041588,0.052333970088511705,0.02484511397778988,0.0006334712670650333
536,0.08656507357954979,0.8994417786598206,0.01433046581223607,0.01279057189822197,0.0004434241564013064,0.014200548641383648,0.012614099308848381,0.00044937619531992823,0.014131175819784403,0.013101053889840841,0.0004564893461065367
537,0.057958317920565605,0.8590009212493896,0.011582850478589535,0.006458517396822572,0.00031988805858418345,0.011302456026896834,0.006835920037701726,0.00032789040415082127,0.011088738217949867,0.006750873988494277,0.00033696158789098263
538,0.09557738900184631,2.489551305770874,0.02062420966103673,0.010646092239767313,0.00043458331492729485,0.019970229361206293,0.009703206829726696,0.000444251301814802,0.01939202146604657,0.009898746386170387,0.0004568849835777655
539,0.13196749240159988,1.481850266456604,0.02672809176146984,0.018714832607656717,0.00045574492833111435,0.026294012553989887,0.017640211153775454,0.00047069453285075724,0.025897568091750145,0.011035033967345953,0.00048799662909004837
540,0.09516660869121552,2.059346914291382,0.015888381749391556,0.01454331586137414,0.0004922332591377199,0.015430865343660116,0.01314898394048214,0.0005002488323953003,0.015016916673630476,0.015124887693673372,0.0005108324985485524
541,0.17507918551564217,1.1961344480514526,0.032070585526525974,0.024884291924536228,0.0004838056047447026,0.03182543255388737,0.024551534559577703,0.0004900990461464971,0.031590511091053486,0.024268606677651405,0.0004981491656508297
542,0.1223185732960701,2.4305408000946045,0.019304577726870775,0.022093553096055984,0.00046493673289660364,0.019580828491598368,0.02276902925223112,0.00047768602962605655,0.01990987453609705,0.012913397047668695,0.000494206789880991
543,0.15915856510400772,0.9809319972991943,0.021623173728585243,0.02639785874634981,0.0008915740181691945,0.021586001850664616,0.028214454650878906,0.0009007489425130188,0.02168310061097145,0.028832435607910156,0.0009130619291681796
544,0.07668011635541916,1.3242911100387573,0.012598067987710238,0.011061576660722494,0.00046761568228248507,0.012168363202363253,0.012342226225882769,0.0004839636676479131,0.01180947944521904,0.01088387705385685,0.0005025527061661705
545,0.11769837886095047,1.9581838846206665,0.018786173779517412,0.02467244490981102,0.0005663527408614755,0.01892277365550399,0.01469202758744359,0.000586526672123,0.019157864153385162,0.014417272992432117,0.0006095749267842621
546,0.08942263573408127,0.9659132361412048,0.017573547083884478,0.011578354053199291,0.000413618516176939,0.01718398742377758,0.010073815938085318,0.0004282703885110095,0.016831551678478718,0.011033838149160147,0.0004449971456779167
547,0.05353481508791447,2.902580738067627,0.009656719863414764,0.005740687483921647,0.0003219745703972876,0.009867529384791851,0.006359895458444953,0.00034571700962260365,0.010247339494526386,0.007515460252761841,0.00036910454218741506
548,0.06982367672026157,1.1339555978775024,0.01179148955270648,0.009476848412305117,0.00041654554661363363,0.01174373272806406,0.009653402492403984,0.00043608955456875265,0.0117996740154922,0.010117676574736834,0.0004575774655677378
549,0.11931297928094864,2.407963275909424,0.021355836186558008,0.016725908033549786,0.0005008424632251263,0.02157956175506115,0.015628760680556297,0.0005211298994254321,0.021873298566788435,0.015889116562902927,0.0005431518075056374
550,0.16401135548949242,0.6788396239280701,0.03550730785354972,0.014535108581185341,0.0005102359282318503,0.03529276046901941,0.02218327857553959,0.000528622098499909,0.0351478704251349,0.015004812274128199,0.0005461971450131387
551,0.12093270197510719,1.503003478050232,0.01784726418554783,0.02044197404757142,0.0006984532810747623,0.017875997349619865,0.017194350250065327,0.0007151500612962991,0.018016917631030083,0.020964572206139565,0.0007343042234424502
552,0.07167878933250904,4.601354122161865,0.014182961313053966,0.006916076992638409,0.00033726237597875297,0.014768393943086267,0.007404565345495939,0.0003653313760878518,0.015526646981015801,0.008502710843458772,0.0003917645226465538
553,0.07950561307370663,1.2487525939941406,0.014509405475109816,0.010392401600256562,0.00042861272231675684,0.014422864653170109,0.009973658248782158,0.0004451553977560252,0.014496589545160532,0.010357699822634459,0.00046448074863292277
554,0.1230819970369339,0.9588828682899475,0.022675599437206984,0.015686845872551203,0.0005006770370528102,0.022671387065201998,0.015520233660936356,0.0005125667375978082,0.022702381946146488,0.017669666558504105,0.0005257252196315676
555,0.12439723312854767,0.9590352773666382,0.023242387920618057,0.022666748613119125,0.00038887790287844837,0.02267586812376976,0.007581144571304321,0.00040471283136866987,0.02228569984436035,0.021082810126245022,0.0004220529808662832
556,0.09236928075551987,0.9006420373916626,0.014851844869554043,0.013963137287646532,0.0005371152947191149,0.014557303860783577,0.014400656335055828,0.0005471641488838941,0.014354443177580833,0.013662444893270731,0.0005605839687632397
557,0.08228223770856857,0.39835041761398315,0.013112519402056932,0.012725353240966797,0.0004397225711727515,0.01293229078873992,0.0125654018484056,0.00044885551324114203,0.012831357307732105,0.012723279185593128,0.00045943034638185054
558,0.7025674358010292,2.221859931945801,0.15555594861507416,0.027678505051881075,0.001005163139780052,0.15580538287758827,0.09411858301609755,0.0010056914761662483,0.15570010617375374,0.10163423139601946,0.0010078052000608295
559,0.09389473870396614,2.2429206371307373,0.020928828045725822,0.007857318269088864,0.0004114204493816942,0.020332392770797014,0.009428496472537518,0.00041989044984802604,0.01980462670326233,0.01049690367653966,0.00043023272883147
560,0.04006967134773731,0.6783939599990845,0.007766491500660777,0.004891995340585709,0.00026297532895114273,0.0074895566795021296,0.004565891926176846,0.0002783650561468676,0.007312650792300701,0.004684120882302523,0.0002984004531754181
561,0.17315709218382835,0.8574681878089905,0.038150685373693705,0.01621920568868518,0.0005666482902597636,0.03799410769715905,0.018194871954619884,0.0005838746728841215,0.03786685224622488,0.017708557657897472,0.0006051793461665511
562,0.09203903749585152,2.432035446166992,0.0172152784653008,0.007981381844729185,0.00036340839869808406,0.017523796763271093,0.018706667236983776,0.0003728820156538859,0.017871742136776447,0.008253610227257013,0.0003853487432934344
563,0.09494262933731079,2.1909782886505127,0.01746081910096109,0.011909161927178502,0.0003495567580102943,0.017721630400046706,0.013843353372067213,0.000360210906364955,0.018018732080236077,0.011659775162115693,0.000372521550161764
564,0.1639106571674347,0.6986945271492004,0.03134697815403342,0.029507591854780912,0.0006116143777035177,0.031132244039326906,0.016259487252682447,0.0006241710507310927,0.030938027426600456,0.017231471370905638,0.0006379276746883988
565,0.12015973031520844,1.9700894355773926,0.026196347549557686,0.015350424917414784,0.00034666384453885257,0.02565073175355792,0.009324213489890099,0.0003547670930856839,0.02513809222728014,0.014237573370337486,0.0003641540533863008
566,0.2162245213985443,0.5343766212463379,0.03044918831437826,0.0368500342592597,0.0008354878227692097,0.030396112240850925,0.038505999371409416,0.0008445019484497607,0.03036948014050722,0.0395112968981266,0.0008556109969504178
567,0.09436706826090813,0.5584055185317993,0.016748003661632538,0.01360342325642705,0.0004376539873192087,0.016718916594982147,0.011135730892419815,0.0004450530686881393,0.01672970037907362,0.014084768015891314,0.0004539239453151822
568,0.1692618392407894,1.4764471054077148,0.03333469107747078,0.020513304509222507,0.0005272593698464334,0.032998508773744106,0.022187520284205675,0.000535127182956785,0.03268775995820761,0.02111490350216627,0.0005439005617517978
569,0.06380853056907654,0.853947103023529,0.012015741784125566,0.007773199118673801,0.00034455498098395765,0.01179326232522726,0.007919993717223406,0.0003602402430260554,0.011690676212310791,0.008293976774439216,0.00037562509533017874
570,0.0959089919924736,1.1781654357910156,0.01750125177204609,0.012271807994693518,0.0004957799974363297,0.017221161630004644,0.012767705135047436,0.0005054802168160677,0.01698202546685934,0.013093041721731424,0.0005167384806554765
571,0.12511295825242996,1.5720429420471191,0.024432212114334106,0.015880628488957882,0.0004764124023495242,0.024469446390867233,0.01331135700456798,0.0004955363110639155,0.0245475135743618,0.016526539577171206,0.0005143677117303014
572,0.10330155491828918,0.6204650402069092,0.015782244969159365,0.015049203764647245,0.0006512121326522902,0.015783270820975304,0.015301026403903961,0.0006621815846301615,0.015840342734009027,0.01759097259491682,0.0006752302870154381
573,0.1060074120759964,1.6845762729644775,0.021580835804343224,0.012217103503644466,0.0004955791227985173,0.021053881384432316,0.012210729997605085,0.0005067987221991643,0.020602494478225708,0.01225088071078062,0.0005204932822380215
574,0.1159934550523758,0.7386263608932495,0.016190038062632084,0.017877239733934402,0.0007051102293189615,0.016071326099336147,0.02007121779024601,0.0007149192097131163,0.01603876706212759,0.02114975079894066,0.0007287511834874749
575,0.09726216644048691,0.7398874759674072,0.01644338946789503,0.014601551927626133,0.00048062510904856026,0.01638177875429392,0.014043961185961962,0.00048743170918896794,0.01636590715497732,0.013572117779403925,0.0004953079333063215
576,0.06646713986992836,0.8638908267021179,0.010949303861707449,0.009379482828080654,0.0004122591781197116,0.010638626758009195,0.010101052466779947,0.00042109732748940587,0.010442981496453285,0.009896556381136179,0.0004314280522521585
577,0.4005845934152603,2.2898285388946533,0.10650459211319685,0.02421635971404612,0.0009424901509191841,0.10605911677703261,0.02363810478709638,0.0009438003762625158,0.10559944063425064,0.02324197138659656,0.0009449588251300156
578,0.09581493213772774,1.0674134492874146,0.015976179856806993,0.014923815615475178,0.00039288392872549593,0.01568023394793272,0.014770460082218051,0.00040079398604575545,0.015409416519105434,0.014241734286770225,0.00040959444595500827
579,0.49861345812678337,0.742477536201477,0.120787090389058,0.05366740422323346,0.000856201266287826,0.12067073257640004,0.023377287201583385,0.0008640450105303898,0.12059671175666153,0.049141917610540986,0.0008728352840989828
580,0.075095871463418,0.8349573016166687,0.014433016534894705,0.008128397166728973,0.00037384867027867585,0.014151507057249546,0.008020114619284868,0.00038349180249497294,0.0138916727155447,0.011860130354762077,0.00039541805745102465
581,0.10057594627141953,2.5765488147735596,0.022888420149683952,0.009550271555781364,0.00035711683449335396,0.02217944711446762,0.009815620258450508,0.00036849346361123025,0.02149809803813696,0.010208067018538713,0.00038339465390890837
582,0.0864708311855793,1.5308754444122314,0.014617360662668943,0.01220864849165082,0.0004279630084056407,0.014666141010820866,0.011359166819602251,0.0004464592784643173,0.014820471405982971,0.013435082510113716,0.0004665673623094335
583,0.11127818748354912,1.215664267539978,0.016756524331867695,0.023178312927484512,0.0004457560571609065,0.016620907932519913,0.02271889243274927,0.00046587319229729474,0.016698891296982765,0.009705291129648685,0.0004882124485448003
584,0.09056324325501919,2.2146553993225098,0.01961775799281895,0.01010920200496912,0.0003569924592738971,0.018984701950103045,0.010035534854978323,0.00036655014264397323,0.018407578114420176,0.008999853394925594,0.0003786096640396863
585,0.04800552874803543,1.7211627960205078,0.008345526177436113,0.005734861828386784,0.00037038141454104334,0.008282615104690194,0.0059053117875009775,0.0003929553786292672,0.008398313773795962,0.006622380344197154,0.0004157934454269707
586,0.11542732268571854,1.4872446060180664,0.024180296808481216,0.013987549114972353,0.0004715959512395784,0.023665272630751133,0.010863211005926132,0.00048511622298974544,0.023216248489916325,0.013682817574590445,0.0005012674955651164
587,0.07811527140438557,1.1783638000488281,0.01659192959778011,0.008923226036131382,0.0003303334233351052,0.01615946483798325,0.007725779199972749,0.00034068498644046485,0.015798351960256696,0.008821266703307629,0.0003527947992552072
588,0.1530323624610901,0.7928099036216736,0.025630835443735123,0.027342810295522213,0.0005518090329132974,0.025422087870538235,0.027310209348797798,0.0005652191466651857,0.02528080902993679,0.015256308019161224,0.0005802972882520407
589,0.0876675471663475,2.331901788711548,0.014714645687490702,0.01215651584789157,0.00044419654295779765,0.014950081706047058,0.012057365849614143,0.0004591408360283822,0.015349363442510366,0.01292479457333684,0.0004753576358780265
590,0.07241494208574295,0.6016332507133484,0.011007795110344887,0.011182637885212898,0.000491595666971989,0.01081228256225586,0.011309893801808357,0.0005049079773016274,0.010757654905319214,0.011280072387307882,0.000519647728651762
591,0.09660610370337963,1.5213994979858398,0.015021327417343855,0.006912708282470703,0.0003455343539826572,0.014895299915224314,0.02020506141707301,0.00036279788764659315,0.015032258350402117,0.0201850940939039,0.00038025659159757197
592,0.0742189884185791,2.1705126762390137,0.013659549411386251,0.009687181562185287,0.00041942390089388937,0.013676138129085302,0.009174211299978197,0.0004528457357082516,0.013740300433710217,0.008856136118993163,0.0004840999317821115
593,0.08696642145514488,1.2349836826324463,0.016811785753816366,0.009704591240733862,0.0004328442446421832,0.016612296923995018,0.010981126688420773,0.00045674244756810367,0.01653180131688714,0.010845104232430458,0.0004803416086360812
594,0.07573875039815903,1.6573741436004639,0.013076992705464363,0.01033285865560174,0.0003932051477022469,0.013216672465205193,0.010229129577055573,0.0004108002467546612,0.013407323975116014,0.010544812306761742,0.0004287343326723203
595,0.08229664713144302,1.926995038986206,0.016438078135252,0.009248310700058937,0.0004210117185721174,0.01593168405815959,0.010280246613547206,0.00044010663987137377,0.01554359495639801,0.009571765782311559,0.0004596230573952198
596,0.10290142893791199,0.5360612869262695,0.014528933446854353,0.017090545501559973,0.0006337794475257397,0.014263701625168324,0.016383756883442402,0.0006432233494706452,0.014119175728410482,0.018788930494338274,0.0006545933429151773
597,0.08639969304203987,1.4610211849212646,0.020046068355441093,0.008768090978264809,0.0003023328317794949,0.019574842881411314,0.008075137622654438,0.0003142506175208837,0.019125373102724552,0.007035303628072143,0.00032713562541175634
598,0.06496762484312057,1.4711685180664062,0.012973093427717686,0.007899687858298421,0.00032392765569966286,0.012512896675616503,0.007537446916103363,0.0003335685469210148,0.012134786695241928,0.0079030841588974,0.0003441609151195735
599,0.12187791988253593,1.4123659133911133,0.01844902243465185,0.019792015198618174,0.0006432018562918529,0.018584863748401403,0.018191214185208082,0.0006522801268147305,0.018770937342196703,0.020253017311915755,0.0006637305341428146
600,0.11492519453167915,2.0532121658325195,0.01787333143875003,0.01306638726964593,0.0005610923981294036,0.018093979451805353,0.02690768986940384,0.0005797757767140865,0.01837897952646017,0.013642012141644955,0.0005998369597364217
601,0.06663542613387108,1.7241467237472534,0.013675451278686523,0.008369244867935777,0.00034473175765015185,0.013116981368511915,0.007039286196231842,0.0003559048636816442,0.012584459502249956,0.007581460988149047,0.00036649988032877445
602,0.09575573354959488,3.645930051803589,0.023984720930457115,0.007523099891841412,0.0003669851284939796,0.022942188661545515,0.006859278306365013,0.00038006631075404584,0.021941962651908398,0.007938201073557138,0.0003945200296584517
603,0.10362610593438148,0.3466118574142456,0.017053519608452916,0.01478866720572114,0.00048723918735049665,0.0168041680008173,0.016247629188001156,0.0004987715219613165,0.01662502740509808,0.016114700119942427,0.0005120875866850838
604,0.10945196449756622,2.1563236713409424,0.015451371669769287,0.018775606993585825,0.00047662244469393045,0.0157387126237154,0.018525169230997562,0.00048717178287915885,0.016179123427718878,0.0189267136156559,0.0005000217788619921
605,0.046042151749134064,0.9695175290107727,0.009309991961345077,0.0049752488266676664,0.00027733712340705097,0.008784959325566888,0.006025857990607619,0.00029006876866333187,0.008450356544926763,0.005019975360482931,0.00030153429543133825
606,0.11257071420550346,0.9230392575263977,0.020610040985047817,0.01459733722731471,0.0005271021218504757,0.02022301498800516,0.015734923537820578,0.0005399301880970597,0.019900661893188953,0.015018831007182598,0.0005544443847611547
607,0.08503048866987228,0.9215389490127563,0.013733558356761932,0.011139709502458572,0.0004997056821594015,0.013767553959041834,0.012293830513954163,0.0005095080996397883,0.01392532093450427,0.014049033634364605,0.0005211573152337223
608,0.1382533386349678,0.7892090678215027,0.025412281043827534,0.0177244795486331,0.0006560351466760039,0.025357605889439583,0.01805766671895981,0.0006686788401566446,0.02534414269030094,0.018325588665902615,0.0006831781356595457
609,0.15320971235632896,2.82977557182312,0.03485976532101631,0.01374470628798008,0.0004988264408893883,0.03398039937019348,0.014971591532230377,0.0005163093737792224,0.03313377778977156,0.01631404273211956,0.0005362207448342815
610,0.0970056913793087,1.6534370183944702,0.017285624518990517,0.014315790962427855,0.0005051020416431129,0.016805928200483322,0.012313942424952984,0.0005174268735572696,0.016363301314413548,0.013703763484954834,0.0005318061448633671
611,0.1003703773021698,1.3899623155593872,0.019521804992109537,0.012431445997208357,0.0004332521930336952,0.01911474810913205,0.012601134134456515,0.00044420655467547476,0.018751890864223242,0.012618004810065031,0.00045537736150436103
612,0.0719691812992096,2.13057279586792,0.011771477293223143,0.00880174245685339,0.00044200140109751374,0.01192066678777337,0.012100102845579386,0.00046307581942528486,0.012144566047936678,0.009665528777986765,0.00048619705194141716
613,0.07952535897493362,0.8131544589996338,0.017554537393152714,0.008120025275275111,0.00038054477772675455,0.01704948116093874,0.007029103115200996,0.00040026145870797336,0.01663376297801733,0.00832705246284604,0.00042204187775496393
614,0.08817727863788605,1.2917768955230713,0.01902556186541915,0.008734844624996185,0.00039340338844340295,0.018431376200169325,0.009792184457182884,0.0004102042585145682,0.017920656595379114,0.009342638310045004,0.00042889657197520137
615,0.0871109701693058,0.7592016458511353,0.01198929501697421,0.015015192911960185,0.0005912409687880427,0.011504047084599733,0.014753570780158043,0.0006024422036716715,0.011239248095080256,0.015380917582660913,0.0006134919531177729
616,0.09031784161925316,1.3899699449539185,0.014895320404320955,0.012946953997015953,0.0005002053658245131,0.014981406275182962,0.01289956527762115,0.0005174044781597331,0.015179811976850033,0.013207969488576055,0.0005340942880138755
617,0.1020297035574913,1.635395884513855,0.023538919165730476,0.008527214638888836,0.00043314740469213575,0.022750956937670708,0.00912568997591734,0.0004567414434859529,0.022041730117052794,0.01055007753893733,0.0004838895983994007
618,0.06840553879737854,2.2864022254943848,0.011675461661070585,0.009556137025356293,0.0004019701882498339,0.011630718596279621,0.008992125978693366,0.0004206379089737311,0.011978813912719488,0.009521457832306623,0.0004400978214107454
619,0.10439945012331009,0.6838810443878174,0.015348285436630249,0.015426429221406579,0.0006003354501444846,0.015193456318229437,0.01804504985921085,0.0006127318483777344,0.015167025849223137,0.01786229107528925,0.0006261596863623708
620,0.10744589567184448,1.659158706665039,0.01688486523926258,0.026178249157965183,0.0005059910472482443,0.01687547517940402,0.012029396835714579,0.0005306477542035282,0.016986725851893425,0.01212360244244337,0.0005552559887291864
621,0.09562333673238754,1.10835599899292,0.018725885543972254,0.0072939705569297075,0.00034414602851029485,0.01822103513404727,0.007531990762799978,0.00035802928323391825,0.017847377341240644,0.021706690080463886,0.0003719208179973066
622,0.4837455749511719,1.421457052230835,0.10603810334578156,0.06137003982439637,0.001006895472528413,0.10575811751186848,0.026198311243206263,0.0010098025377374142,0.10556527832522988,0.066679906565696,0.0010172510228585452
623,0.0956992655992508,0.6833167672157288,0.017650341615080833,0.012236437294632196,0.00045289075933396816,0.017262852750718594,0.012530345469713211,0.00047718062705826014,0.01694636605679989,0.01334566529840231,0.0005017406074330211
624,0.14982512593269348,0.9368361234664917,0.0326779312454164,0.014016530476510525,0.00044928627903573215,0.03226893744431436,0.014159162063151598,0.0004673778894357383,0.031910503283143044,0.01918434537947178,0.00048526262980885804
625,0.08287478052079678,1.0640995502471924,0.01246557617560029,0.013166770339012146,0.0005101044371258467,0.012147253146395087,0.012888405122794211,0.0005355885659810156,0.012054991209879518,0.013725525583140552,0.0005608707870123908
626,0.11368729174137115,1.6332182884216309,0.01877116272225976,0.014300687704235315,0.0004597571969497949,0.018880933988839388,0.01707267202436924,0.0004861372581217438,0.019060073420405388,0.01976325735449791,0.0005137330590514466
627,0.1509154960513115,3.5176079273223877,0.02716205734759569,0.020355623215436935,0.0006383016589097679,0.027790079824626446,0.01920505426824093,0.0006630243151448667,0.028469477780163288,0.019966956228017807,0.0006902373861521482
628,0.05207173898816109,0.572012722492218,0.008328780066221952,0.007916448870673776,0.0003686437848955393,0.007840424310415983,0.007627543760463595,0.0003851278015645221,0.007665666053071618,0.008062095381319523,0.00040392337541561574
629,0.1372273527085781,1.606708288192749,0.023889988660812378,0.02031952328979969,0.0005454407510114834,0.023854263592511415,0.01832676399499178,0.0005652101535815746,0.024063517339527607,0.019980340730398893,0.0005875891074538231
630,0.06786420568823814,0.8682408332824707,0.011447952594608068,0.009503656532615423,0.00039965500764083117,0.011259226594120264,0.009506196714937687,0.00041765627975109965,0.011178240645676851,0.009950553998351097,0.00043728308810386807
631,0.12737374752759933,3.400609254837036,0.02851849514991045,0.0123783303424716,0.0005252680130070075,0.027383729815483093,0.01213785633444786,0.0005457660154206678,0.026301240548491478,0.014089347794651985,0.0005701537156710401
632,0.21274776756763458,2.2562992572784424,0.03571413457393646,0.03002289403229952,0.0006566037191078067,0.03511697240173817,0.032073735259473324,0.0006722909165546298,0.03457619994878769,0.03716590814292431,0.0006905872724018991
633,0.13134194910526276,0.6872780323028564,0.019181576557457447,0.023002206813544035,0.0007356103451456875,0.01918821269646287,0.02048248192295432,0.0007539204380009323,0.019269215408712626,0.02116546779870987,0.0007736665138509125
634,0.07845767587423325,2.945730209350586,0.01427557971328497,0.009675718378275633,0.0004428113461472094,0.0146446677390486,0.009274781914427876,0.00046348830801434815,0.015124613884836435,0.009884031722322106,0.0004882705834461376
635,0.0818721391260624,0.5930384993553162,0.013880144339054823,0.011812107637524605,0.0004178599047008902,0.013695130124688148,0.011829398572444916,0.0004304631002014503,0.013607387896627188,0.011877535376697779,0.00044428590626921505
636,0.11601418256759644,0.6604720950126648,0.019633645191788673,0.016201423946768045,0.0006421548605430871,0.01936660148203373,0.016980421729385853,0.0006578261381946504,0.019143005833029747,0.016783885657787323,0.0006763184792362154
637,0.05581442825496197,1.157627820968628,0.008291628444567323,0.008463234174996614,0.0003548821550793946,0.008268741657957435,0.009480440057814121,0.0003676886553876102,0.008422638289630413,0.008470594882965088,0.00038171696360222995
638,0.12780357152223587,1.5763883590698242,0.02037958800792694,0.01412106677889824,0.0005983316368656233,0.020343882031738758,0.02802952378988266,0.0006143948121462017,0.020530332811176777,0.017021807841956615,0.0006316163053270429
639,0.15587594360113144,0.6538749933242798,0.029503189958631992,0.018942884169518948,0.0007347488426603377,0.0292056268081069,0.01973178517073393,0.0007501349900849164,0.02895703911781311,0.020527315326035023,0.0007671419007238001
640,0.4395991712808609,1.6882514953613281,0.09832081152126193,0.05567871150560677,0.0008876117644831538,0.09792475216090679,0.055857984349131584,0.0008925190195441246,0.09766057971864939,0.023442680947482586,0.0008982857398223132
641,0.07782143540680408,1.4166550636291504,0.0142409922555089,0.010376343503594398,0.00037739788240287453,0.014232916291803122,0.009048094740137458,0.0003872020461130887,0.014315277803689241,0.010954265017062426,0.00039878711686469615
642,0.22858991473913193,0.5938107371330261,0.05039091967046261,0.021347597241401672,0.000658570701489225,0.050186390057206154,0.025605425238609314,0.000676938594551757,0.050008054822683334,0.022911807522177696,0.0006994217692408711
643,0.5330170430243015,1.0026806592941284,0.13540332345291972,0.024108930490911007,0.0009475403348915279,0.13521226402372122,0.026338838506489992,0.0009524310007691383,0.13507829932495952,0.06543990131467581,0.000958908669417724
644,0.09638255462050438,1.552199125289917,0.016627424396574497,0.012346707750111818,0.0005065994628239423,0.016751966439187527,0.012660346925258636,0.0005188542418181896,0.016997499391436577,0.014766914304345846,0.0005324697121977806
645,0.4078056886792183,1.1276437044143677,0.09606822207570076,0.03728154208511114,0.0009263515385100618,0.09585565933957696,0.03419495699927211,0.0009285386477131397,0.09569871053099632,0.037555776070803404,0.0009328137384727597
646,0.08177215605974197,0.7802412509918213,0.013487877324223518,0.011973423883318901,0.0004457478935364634,0.013235124293714762,0.012104964349418879,0.00045615469571202993,0.013117770664393902,0.012378992978483438,0.0004665988381020725
647,0.06663467735052109,0.9337984919548035,0.011268381960690022,0.010062146466225386,0.0003687574208015576,0.010824788827449083,0.009363211691379547,0.00038564912392757833,0.010783110279589891,0.0096983527764678,0.00040426503983326256
648,0.09839820861816406,2.4994351863861084,0.019453755114227533,0.012922741938382387,0.0004563892143778503,0.018635266926139593,0.01153009245172143,0.00046859588474035263,0.017883919645100832,0.012336290907114744,0.0004840510373469442
649,0.11718707159161568,1.27378511428833,0.024533758871257305,0.011966833379119635,0.0005271541886031628,0.024026106111705303,0.01329748285934329,0.0005469056486617774,0.02360233385115862,0.013193528167903423,0.0005676974542438984
650,0.17428531497716904,0.4152211844921112,0.03904562722891569,0.015236316714435816,0.00042137253331020474,0.0388869596645236,0.015220191329717636,0.0004366471112007275,0.03874645382165909,0.02191174402832985,0.00045148510253056884
651,0.13324879109859467,1.3841416835784912,0.02242229785770178,0.01952901855111122,0.0005590661021415144,0.02200009673833847,0.020139080472290516,0.0005728852993343025,0.02162973117083311,0.020648592617362738,0.0005880409444216639
652,0.0640812199562788,0.6470950245857239,0.01172920735552907,0.008936332538723946,0.0004013541474705562,0.01143427169881761,0.00729444227181375,0.0004170943284407258,0.01130368816666305,0.00837108213454485,0.0004346003261161968
653,0.0568354856222868,0.9249967932701111,0.01087982440367341,0.006534761283546686,0.00034790219797287136,0.010836489498615265,0.00706433760933578,0.0003628982958616689,0.010890346020460129,0.006274728802964091,0.0003779492253670469
654,0.05888679809868336,0.9567490816116333,0.011150049045681953,0.007549112546257675,0.000350167989381589,0.010803073644638062,0.006847104406915605,0.00037364198942668736,0.010695349192246795,0.007359586656093597,0.00039682020724285394
655,0.0643360298126936,1.7689937353134155,0.012168753892183304,0.0075204052263870835,0.000361672107828781,0.012077079620212317,0.007684021606110036,0.00038465767283923924,0.012211264111101627,0.008059798739850521,0.000407347921282053
656,0.057347025722265244,0.9778452515602112,0.01053138729184866,0.007715722196735442,0.0003627150581451133,0.00984112499281764,0.007483886904083192,0.00038776778092142195,0.009408548707142472,0.007707763463258743,0.0004141647950746119
657,0.16283253580331802,1.3452421426773071,0.028161765076220036,0.026282833889126778,0.0005687096272595227,0.02767062932252884,0.024855653755366802,0.0005851367313880473,0.02721576765179634,0.021616551093757153,0.0006034878897480667
658,0.04549792408943176,3.9220690727233887,0.006457221228629351,0.007278922712430358,0.00035070706508122385,0.006884622620418668,0.005959784612059593,0.0003728537412825972,0.007580069825053215,0.006856914842501283,0.0003965360374422744
659,0.13636641949415207,1.4587140083312988,0.017809304408729076,0.023984585888683796,0.0007690383645240217,0.01809671986848116,0.023903938941657543,0.0007777450955472887,0.018475891090929508,0.024752928875386715,0.0007889787666499615
660,0.4135358855128288,0.8672471642494202,0.09959168778732419,0.05453075235709548,0.0009818761318456382,0.09930437384173274,0.024151756893843412,0.0009954319393727928,0.09917514864355326,0.02483096206560731,0.0010104904940817505
661,0.06406195275485516,1.281532645225525,0.01066834619268775,0.008848292753100395,0.0004326416237745434,0.010437395423650742,0.008877445477992296,0.00045790303556714207,0.010378683684393764,0.009348602965474129,0.00048525226884521544
662,0.13488055765628815,1.2933977842330933,0.019016999285668135,0.0236405897885561,0.000571314973058179,0.018800442572683096,0.023592895828187466,0.000593159013078548,0.01884198561310768,0.023872958030551672,0.0006141992489574477
663,0.13421805575489998,2.6976847648620605,0.024992243386805058,0.01780596747994423,0.0006331369513645768,0.024102945812046528,0.01821556780487299,0.0006437893025577068,0.02334691770374775,0.01801149593666196,0.0006588007090613246
664,0.11145908385515213,0.8913597464561462,0.01946990378201008,0.016070775222033262,0.0005020320531912148,0.01947741862386465,0.014843190088868141,0.0005120946734678,0.01960904896259308,0.015839647967368364,0.000523148599313572
665,0.08999103121459484,1.4371038675308228,0.015763116301968694,0.01157939713448286,0.0004591991746565327,0.015499364701099694,0.01500637736171484,0.0004897275939583778,0.01535588107071817,0.010916348779574037,0.0005187095230212435
666,0.07919547334313393,1.6700103282928467,0.013586463406682014,0.010629040887579322,0.00038722713361494243,0.013755070511251688,0.011099320137873292,0.0003968007367802784,0.01403660699725151,0.01131745707243681,0.00040885075577534735
667,0.4908331669867039,1.5633028745651245,0.12158833118155599,0.024619574658572674,0.0009381418349221349,0.12113473517820239,0.024577379692345858,0.0009553598356433213,0.12079325783997774,0.06665286002680659,0.0009732535108923912
668,0.08275261707603931,1.9680068492889404,0.014845230150967836,0.011950122425332665,0.00042143373866565526,0.014371782541275024,0.010833474807441235,0.00042950308125000447,0.013942689169198275,0.011651500361040235,0.00043851790542248636
669,0.09698367584496737,0.5739796757698059,0.015591016504913568,0.015104877529665828,0.00046857223787810653,0.015294007724151015,0.014673763187602162,0.0004861491033807397,0.01510052802041173,0.015376630937680602,0.0005059916293248534
670,0.05355710722506046,2.099250316619873,0.011377733666449785,0.0058973298873752356,0.00030079502903390676,0.010617861989885569,0.006081913597881794,0.00031744048465043306,0.01000578491948545,0.005760833853855729,0.00033567671198397875
671,0.09534116834402084,1.168779730796814,0.020373113453388214,0.009620827622711658,0.0003802285937126726,0.02028173441067338,0.010171054862439632,0.0003953794948756695,0.0202632206492126,0.009881993755698204,0.00041169809992425144
672,0.12187239527702332,0.47061076760292053,0.016243278048932552,0.022913039661943913,0.0006546465447172523,0.01611116947606206,0.019394778180867434,0.0006649589922744781,0.01607924187555909,0.023145683109760284,0.0006766958977095783
673,0.06083247438073158,2.2863500118255615,0.010447036940604448,0.00812526629306376,0.00039359494985546917,0.010821802075952291,0.007666696095839143,0.000415079208323732,0.011275369673967361,0.007515185512602329,0.00043660562369041145
674,0.09202959761023521,1.3651843070983887,0.01676648948341608,0.011889457469806075,0.000435765105066821,0.01630177302286029,0.012962277978658676,0.00044686948240268975,0.015885581262409687,0.012862294912338257,0.0004577961954055354
675,0.46941735222935677,0.5226463675498962,0.1117799999192357,0.027954870834946632,0.0011792283621616662,0.1116781085729599,0.05126013979315758,0.001186350651551038,0.11160121392458677,0.040902862790971994,0.0011944585712626576
676,0.14271145313978195,0.6806683540344238,0.020099511370062828,0.024724094662815332,0.0007766050403006375,0.020079821348190308,0.024284156505018473,0.0007838087622076273,0.02015865035355091,0.023951792623847723,0.000792942097177729
677,0.12185195460915565,0.8429749608039856,0.017012219410389662,0.025901535525918007,0.0005322517536114901,0.017017691396176815,0.02554177399724722,0.0005461966502480209,0.017077316995710135,0.012744472827762365,0.0005607881175819784
678,0.07991773262619972,1.4575855731964111,0.011244637425988913,0.012249986175447702,0.0004740801959997043,0.011280045844614506,0.014081733301281929,0.0004810382815776393,0.011483094189316034,0.013798755127936602,0.0004897522740066051
679,0.5161071270704269,1.8841731548309326,0.1061068819835782,0.07808888331055641,0.0012497028219513595,0.10584764927625656,0.07098671328276396,0.0012475800467655063,0.10568599868565798,0.0344175361096859,0.0012460784055292606
680,0.04525684006512165,3.4260342121124268,0.008654528064653277,0.004545143339782953,0.000256239392911084,0.009224706096574664,0.005123907700181007,0.00027267701807431877,0.009833721211180091,0.004600570071488619,0.00028964929515495896
681,0.0376307126134634,0.7764852046966553,0.007384983589872718,0.004376013530418277,0.00026673523825593293,0.00694409292191267,0.004510503145866096,0.00028001437021885067,0.0065992604941129684,0.004448225139640272,0.00029515931964851916
682,0.08223596960306168,1.3128323554992676,0.014386511407792568,0.011112797074019909,0.00041796089499257505,0.014226609840989113,0.011591337621212006,0.00042816472705453634,0.014126444701105356,0.01164938509464264,0.00043959429604001343
683,0.08708657138049603,0.9998961687088013,0.011952577158808708,0.01376849482767284,0.00058354577049613,0.011610323563218117,0.014346820069476962,0.0005893045599805191,0.01136448746547103,0.016966387862339616,0.0005965198506601155
684,0.07394661381840706,1.6757405996322632,0.014657261781394482,0.008627383969724178,0.0003174853918608278,0.014724609907716513,0.008261403534561396,0.000328896043356508,0.014834465458989143,0.008893799502402544,0.0003405410534469411
685,0.10856655240058899,1.5884450674057007,0.01414537220261991,0.020092620514333248,0.0006944004562683403,0.014319120207801461,0.01864808751270175,0.0006997134769335389,0.014624870149418712,0.018333210609853268,0.0007067034894134849
686,0.10475921630859375,1.096511960029602,0.01538512110710144,0.01713796751573682,0.000642974948277697,0.015454348642379045,0.016552594490349293,0.0006482253083959222,0.015635468531399965,0.016808658372610807,0.0006550641264766455
687,0.07724108174443245,3.576751708984375,0.019109263084828854,0.006694248411804438,0.0002793772437144071,0.01834059227257967,0.005706279072910547,0.00028613084577955306,0.017581221647560596,0.006372502073645592,0.0002937353347078897
688,0.09162630885839462,0.8615079522132874,0.013752946630120277,0.015699807554483414,0.0005612628010567278,0.013804169371724129,0.01304848026484251,0.0005677129665855318,0.013933919835835695,0.014567048288881779,0.00057600750005804
689,0.09365468472242355,2.598346710205078,0.022972168400883675,0.008338541025295854,0.0003556662850314751,0.022343095391988754,0.007009119959548116,0.00036453965003602207,0.02178039960563183,0.006826051278039813,0.0003761206316994503
690,0.045292023569345474,0.7650614976882935,0.007593249203637242,0.006193244829773903,0.0003009150386787951,0.007517950143665075,0.006459216121584177,0.0003093314153375104,0.007495765807107091,0.0063186874613165855,0.0003182310611009598
691,0.09403683990240097,1.7271076440811157,0.01970592513680458,0.009871942456811666,0.0004633406933862716,0.019172892440110445,0.010819545481353998,0.00047431245911866426,0.018731658346951008,0.010028247954323888,0.000489003345137462
692,0.06319260783493519,2.0569636821746826,0.009907262399792671,0.00923605589196086,0.00045235882862471044,0.010015013162046671,0.009214400313794613,0.00046579389891121536,0.010277080815285444,0.008942827582359314,0.00048183900071308017
693,0.11419595777988434,0.5114960670471191,0.017381836660206318,0.018560740863904357,0.0004622383421519771,0.017273487523198128,0.019365301821380854,0.00046622645459137857,0.01726933056488633,0.018742993706837296,0.00047210167394950986
694,0.06262577138841152,1.8078917264938354,0.012271116022020578,0.007786768954247236,0.00031502608908340335,0.011869545094668865,0.0077107620891183615,0.00032099554664455354,0.011482346802949905,0.007651003776118159,0.0003275356430094689
695,0.0727744922041893,0.9584817290306091,0.013583047548308969,0.009226292837411165,0.00038722918543498963,0.013297737808898091,0.009592541260644794,0.000395512324757874,0.013053516391664743,0.00927276210859418,0.00040440616430714726
696,0.0574139729142189,2.446991443634033,0.009177081286907196,0.008315185084939003,0.00032823091896716505,0.00953060993924737,0.007731665158644319,0.000333267729729414,0.009963937103748322,0.008691130438819528,0.00033959253050852567
697,0.12381347641348839,0.9237911701202393,0.020708313211798668,0.0174716804176569,0.0005855498311575502,0.020480311941355467,0.018829893320798874,0.0005913157947361469,0.02028682641685009,0.018933401443064213,0.0005988966149743646
698,0.05228301323950291,1.318303108215332,0.008176121860742569,0.008294901344925165,0.00031964121444616467,0.007910664426162839,0.008267057593911886,0.00032356762676499784,0.007710442878305912,0.008038430474698544,0.00032813934376463294
699,0.10418960079550743,1.0304728746414185,0.016106946859508753,0.02147220354527235,0.0003863237943733111,0.01590345799922943,0.009243649430572987,0.00039685104275122285,0.015814744401723146,0.02087957668118179,0.00040907968650572
700,0.1407802477478981,1.7903443574905396,0.024320758413523436,0.020296989241614938,0.0005134831299073994,0.023905201349407434,0.02196227270178497,0.0005181153828743845,0.023529997561126947,0.020542575977742672,0.0005240148748271167
701,0.054625071585178375,0.9959501028060913,0.009310831781476736,0.008030598633922637,0.0003676984924823046,0.008883758215233684,0.007653070148080587,0.00038256647530943155,0.008526216493919492,0.007612264947965741,0.00040181787335313857
702,0.10330161079764366,0.8271188735961914,0.01770784705877304,0.014194485731422901,0.0005063911085017025,0.017507198732346296,0.01542932353913784,0.0005191674863453954,0.017363278660923243,0.014858841430395842,0.0005346008983906358
703,0.4797436147928238,1.8131760358810425,0.11155038047581911,0.0712159052491188,0.0009478093998041004,0.11121642496436834,0.024684926960617304,0.0009522805048618466,0.11095523834228516,0.03869673050940037,0.0009559149330016226
704,0.04589998349547386,2.681687593460083,0.008156591560691595,0.005237611359916627,0.0003322566917631775,0.00827758596278727,0.005237123928964138,0.00034432274696882814,0.008721055812202394,0.006137236603535712,0.00035661476431414485
705,0.07771149650216103,0.7867349982261658,0.015806319657713175,0.00877167796716094,0.00030832740594632924,0.015574015211313963,0.009484276175498962,0.0003170148702338338,0.01539365854114294,0.008870597463101149,0.0003273955371696502
706,0.09840494394302368,1.288497805595398,0.02134835720062256,0.00938142416998744,0.00040255098429042846,0.020932799205183983,0.011511475313454866,0.00041728487121872604,0.020543139427900314,0.00967272138223052,0.00043392222141847014
707,0.10469986870884895,0.8913425803184509,0.015337524469941854,0.018522105645388365,0.0005826432316098362,0.014948508702218533,0.015543153043836355,0.0005906147416681051,0.014685505535453558,0.01856827363371849,0.0006004429014865309
708,0.09214286878705025,1.5025488138198853,0.01777102705091238,0.012902751099318266,0.0004250197089277208,0.017199259251356125,0.011047766543924809,0.0004397519223857671,0.01673216186463833,0.01120890025049448,0.00045547854097094387
709,0.5211219936609268,1.5150673389434814,0.11429935414344072,0.05648372136056423,0.0011210998054593801,0.11401266045868397,0.05372160021215677,0.0011272404954070225,0.11375042516738176,0.05532532371580601,0.0011338927724864334
710,0.16025151312351227,1.1521046161651611,0.028560799546539783,0.021580292843282223,0.0006453676905948669,0.028179665096104145,0.02466172631829977,0.0006597310130018741,0.027873067185282707,0.02146475575864315,0.0006777043454349041
711,0.10580050945281982,0.912482500076294,0.023745600134134293,0.009201308712363243,0.0004916664474876598,0.02343053463846445,0.010604156646877527,0.0005083330906927586,0.02317728754132986,0.009526395704597235,0.0005288064712658525
712,0.07268904522061348,1.542524814605713,0.012580697890371084,0.010286937933415174,0.00038279956788755953,0.01265022810548544,0.009425976546481252,0.00039714688318781555,0.012824515579268336,0.01015085051767528,0.00041251267248298973
713,0.10357238352298737,2.233642339706421,0.020491732517257333,0.011922480072826147,0.0004745168989757076,0.02082930668257177,0.01103995367884636,0.0004929597198497504,0.021260193781927228,0.012107244459912181,0.0005128911870997399
714,0.07456490583717823,1.3554939031600952,0.015939779113978148,0.008921145694330335,0.0003298454685136676,0.015287722926586866,0.007893637754023075,0.0003521749167703092,0.01474475348368287,0.007559160934761167,0.0003726563008967787
715,0.05732009932398796,1.506550908088684,0.008346051909029484,0.00727295596152544,0.000368572014849633,0.008275081403553486,0.011501303408294916,0.0003877338021993637,0.008503895718604326,0.00876667071133852,0.000407229017582722
716,0.1044421624392271,0.6011975407600403,0.02079183654859662,0.011819793377071619,0.0004954746691510081,0.02048721630126238,0.012313021812587976,0.0005165655311429873,0.02026628563180566,0.012555981986224651,0.0005399654037319124
717,0.07931113243103027,1.8826242685317993,0.014114633202552795,0.01023114612326026,0.0003640523354988545,0.014221320860087872,0.010729719419032335,0.0003813878574874252,0.014514185022562742,0.01091823074966669,0.0004000346234533936
718,0.0905444473028183,0.9627758264541626,0.016267990227788687,0.011309138499200344,0.0004354581469669938,0.016198812052607536,0.012378298211842775,0.0004492437292356044,0.01627483870834112,0.012714599724859,0.00046548937098123133
719,0.1283043883740902,0.5109134316444397,0.018943050876259804,0.02639977913349867,0.0006322333938442171,0.018633482977747917,0.019069853704422712,0.0006473992543760687,0.018577516078948975,0.018899726681411266,0.0006656121549895033
720,0.10592273809015751,1.9847493171691895,0.015434732660651207,0.012744379695504904,0.0005443546397145838,0.015529022552073002,0.012799337971955538,0.0005697369633708149,0.01582534285262227,0.02675786567851901,0.0005939225084148347
721,0.24148186296224594,0.7608809471130371,0.04115450941026211,0.04149906896054745,0.0007265869644470513,0.04083504527807236,0.02662802953273058,0.000743282085750252,0.04053826630115509,0.041901879012584686,0.0007613962516188622
722,0.45364031195640564,1.5771719217300415,0.10944341402500868,0.025359155144542456,0.00110117148142308,0.10898222029209137,0.04157887678593397,0.0011092573986388743,0.10864427220076323,0.0463178982026875,0.0011181971349287778
723,0.20728323608636856,0.5719308257102966,0.03557954076677561,0.03175999689847231,0.0005714008584618568,0.03522033989429474,0.0303914793767035,0.0005890821194043383,0.03490168694406748,0.03235890530049801,0.0006073373224353418
724,0.07581188902258873,1.647132396697998,0.012027472257614136,0.011376129928976297,0.00041308051731903106,0.012102880515158176,0.011294194031506777,0.00042718944314401597,0.012367339339107275,0.011508083902299404,0.00044367735972628
725,0.05733410082757473,0.6127831935882568,0.011077500879764557,0.007098340196534991,0.000326502718962729,0.01054270239546895,0.007120542461052537,0.0003488252405077219,0.010222898330539465,0.00708540971390903,0.00037134921876713634
726,0.09664103016257286,0.9560360908508301,0.015988266561180353,0.01428929902613163,0.0004945893015246838,0.01594726392067969,0.014645867515355349,0.0005045361322117969,0.016029544174671173,0.013680188450962305,0.0005160252912901342
727,0.06758303567767143,3.4165165424346924,0.010992139810696244,0.010715202894061804,0.0004422515776241198,0.01152498903684318,0.008318423992022872,0.0004727443592855707,0.012184447841718793,0.008182025514543056,0.0005014549533370882
728,0.1094268262386322,0.7090551853179932,0.01836747583001852,0.01478747557848692,0.0004498574271565303,0.018175418954342604,0.01711662532761693,0.0004629790782928467,0.018156112171709538,0.017260486725717783,0.0004779718001373112
729,0.1326978001743555,1.478924036026001,0.022019240306690335,0.019181367475539446,0.0004527528362814337,0.02138100820593536,0.024826301727443933,0.00046484291669912636,0.02090263133868575,0.018800239777192473,0.000479156500659883
730,0.13658320903778076,0.4777047038078308,0.019822878297418356,0.023847620002925396,0.0007409480167552829,0.01957317627966404,0.021944943815469742,0.0007483431254513562,0.019418630748987198,0.022979360073804855,0.000759859656682238
731,0.06502627581357956,0.6351322531700134,0.012313702143728733,0.007720227353274822,0.0004444645019248128,0.01190153369680047,0.00758429360575974,0.00047599218669347465,0.011629701592028141,0.008159971330314875,0.0005087551398901269
732,0.07036218792200089,1.108076572418213,0.012120455503463745,0.009361802600324154,0.00048025159048847854,0.011869125068187714,0.009419500827789307,0.0005085954180685803,0.011831302661448717,0.009650174528360367,0.0005386095144785941
733,0.06669257208704948,1.7377630472183228,0.011182644870132208,0.008795312605798244,0.0004102505190530792,0.011184882838279009,0.010440553072839975,0.0004209636681480333,0.011341237928718328,0.008689451962709427,0.00043340738920960575
734,0.12000094912946224,1.2524267435073853,0.02173407981172204,0.01760716806165874,0.0005879091331735253,0.0215633362531662,0.015299423597753048,0.0006013712845742702,0.02149644633755088,0.015074308728799224,0.0006172645225888118
735,0.06634180620312691,0.5303229093551636,0.012500494252890348,0.007069011917337775,0.0003733928897418082,0.012208253145217896,0.00780794071033597,0.0003879174037138,0.012037935201078653,0.01005486585199833,0.0004045154055347666
736,0.09363371320068836,2.48694109916687,0.021682058926671743,0.009268362075090408,0.00036417008959688246,0.020773512311279774,0.008416451513767242,0.00037520326441153884,0.019952939357608557,0.009022243786603212,0.00039016355003695935
737,0.09922344237565994,0.8821232318878174,0.018623394425958395,0.012981097213923931,0.00048758735647425056,0.017942581325769424,0.012953341472893953,0.0005105200543766841,0.01755891554057598,0.013026190921664238,0.0005363726522773504
738,0.06116913631558418,1.5453912019729614,0.010166455060243607,0.009448343887925148,0.0003355988155817613,0.010125494794920087,0.010251537896692753,0.0003615916211856529,0.010186340427026153,0.006644857116043568,0.0003893374523613602
739,0.1076752282679081,0.792427122592926,0.01747041242197156,0.016925468109548092,0.0005812477320432663,0.017144811805337667,0.015727875754237175,0.0005974052473902702,0.016994640696793795,0.016233744099736214,0.0006159155163913965
740,0.09192496165633202,1.0871646404266357,0.013542217202484608,0.015683370176702738,0.00036172091495245695,0.013404188910499215,0.014918951317667961,0.0003785066364798695,0.013403572607785463,0.016424436820670962,0.0003968290111515671
741,0.13268019258975983,0.5755957961082458,0.02071393094956875,0.01181476516649127,0.0005220791936153546,0.020199491642415524,0.026137417647987604,0.0005441397661343217,0.019840740598738194,0.02743640448898077,0.0005681421898771077
742,0.548594307154417,1.4950368404388428,0.15523784048855305,0.02454061876051128,0.0009415372041985393,0.15486297896131873,0.02384712710045278,0.0009434169624000788,0.15457380190491676,0.024203785695135593,0.0009470858203712851
743,0.08181419968605042,1.7535736560821533,0.01761326752603054,0.008409787900745869,0.00035056599881500006,0.01701990095898509,0.008313603000715375,0.00036008837196277454,0.01647460414096713,0.009652275126427412,0.0003720363893080503
744,0.08385815098881721,1.9071403741836548,0.013211458455771208,0.012151762377470732,0.00048245477955788374,0.013335095252841711,0.012273607775568962,0.0004954522883053869,0.013682205229997635,0.013256204314529896,0.0005090480262879282
745,0.07611380517482758,1.2751450538635254,0.013779943808913231,0.012206767220050097,0.00043039911543019116,0.012971365824341774,0.009616188704967499,0.0004469907144084573,0.012525615282356739,0.009642046876251698,0.00046557970927096903
746,0.08946715667843819,1.5016498565673828,0.014929825440049171,0.011677269358187914,0.0005633849505102262,0.014845503494143486,0.012869206722825766,0.0005938975664321333,0.014847906772047281,0.013164542615413666,0.0006259430083446205
747,0.059346411377191544,1.9224119186401367,0.012546456418931484,0.005721543449908495,0.0002954844094347209,0.012586517259478569,0.006550785154104233,0.00030842708656564355,0.012825652956962585,0.005414734128862619,0.0003212688461644575
748,0.12156897783279419,1.2845983505249023,0.02505423314869404,0.01554371789097786,0.00039447456947527826,0.02460384089499712,0.011864586733281612,0.0004071862349519506,0.024190103635191917,0.015424329787492752,0.0004203805001452565
749,0.11271703243255615,0.9002119898796082,0.01887396303936839,0.016677002422511578,0.000516994739882648,0.018754638265818357,0.017063959967345,0.0005314167938195169,0.01874380325898528,0.016214809846132994,0.0005488003080245107
750,0.09324305690824986,0.688264787197113,0.01610649609938264,0.012050331570208073,0.00044617328967433423,0.0160991745069623,0.015007884707301855,0.0004553495964501053,0.01615226687863469,0.012359604239463806,0.0004653013020288199
751,0.09742339700460434,2.172900438308716,0.02064032293856144,0.010726177133619785,0.0004457905306480825,0.019849035888910294,0.010623303707689047,0.0004559931985568255,0.019137769006192684,0.010958613362163305,0.0004702608712250367
752,0.10524074360728264,0.7213839292526245,0.017863688990473747,0.01529381563887,0.0006545130163431168,0.017694920767098665,0.013713809661567211,0.0006714918126817793,0.017582022584974766,0.015022449661046267,0.0006915032572578639
753,0.04631161503493786,3.8081250190734863,0.008971141185611486,0.004875052720308304,0.00025835749693214893,0.009653720073401928,0.004244825337082148,0.00027598353335633874,0.010476494673639536,0.004774561268277466,0.0002946141321444884
754,0.10606073122471571,2.1065762042999268,0.014590307604521513,0.018306717043742537,0.00062737544067204,0.01473157259169966,0.01730530895292759,0.0006495246198028326,0.014985356479883194,0.01834487426094711,0.0006722490943502635
755,0.09134960547089577,1.9708770513534546,0.01586181065067649,0.013535792008042336,0.000525970448506996,0.015342011116445065,0.0118607091717422,0.0005392971797846258,0.014886918477714062,0.013383411802351475,0.0005544706655200571
756,0.12713633850216866,0.8691409230232239,0.024489374365657568,0.01611513551324606,0.0004983888065908104,0.02398047363385558,0.016081019304692745,0.0005170480435481295,0.023585506714880466,0.016677018254995346,0.0005365168472053483
757,0.10998714342713356,4.804609298706055,0.02570918668061495,0.009882003534585238,0.000420291064074263,0.02425075974315405,0.011179953813552856,0.0004339842707850039,0.02286434918642044,0.010877571534365416,0.00045155308907851577
758,0.5181610435247421,3.9838874340057373,0.13481900189071894,0.0270779300481081,0.0009205990063492209,0.13381936587393284,0.05398918641731143,0.0009203421941492707,0.13302041590213776,0.024376927874982357,0.0009236206678906456
759,0.10002852231264114,0.6277724504470825,0.014899848960340023,0.01754780951887369,0.0005898939270991832,0.014783579856157303,0.0154837341979146,0.0005981794238323346,0.014770037028938532,0.015357719268649817,0.0006083744810894132
760,0.4323335066437721,3.8852272033691406,0.10105109959840775,0.026394155342131853,0.0009811024356167763,0.10009837988764048,0.06721412157639861,0.0009872638329397887,0.09929974470287561,0.02642043586820364,0.000995523005258292
761,0.14740966260433197,1.645774006843567,0.025189212523400784,0.02241944195702672,0.0005611660308204591,0.024614177644252777,0.02257780358195305,0.0005795187898911536,0.02419664803892374,0.021448682062327862,0.0006002386217005551
762,0.11299468204379082,3.337136745452881,0.025397425517439842,0.01064824778586626,0.0004516186600085348,0.024221694096922874,0.012260404881089926,0.0004662427381845191,0.023123404011130333,0.011740285437554121,0.0004829435783904046
763,0.13991741091012955,0.692359209060669,0.02385662542656064,0.0205376660451293,0.0006713619513902813,0.02390964748337865,0.019910180009901524,0.0006814696826040745,0.024008937180042267,0.01950794318690896,0.0006937712896615267
764,0.11398279014974833,1.788468837738037,0.017982401652261615,0.019051676616072655,0.0004398084565764293,0.018111957469955087,0.019166358979418874,0.00045541932922787964,0.01832404569722712,0.01587630284484476,0.0004722847370430827
765,0.5229108333587646,1.456536054611206,0.12102669244632125,0.026082832366228104,0.0009045020415214822,0.12068547494709492,0.06462277751415968,0.0009123313066083938,0.1205144883133471,0.05901933275163174,0.0009229748247889802
766,0.09795068576931953,3.4840171337127686,0.01793511537835002,0.011954221874475479,0.0004600736137945205,0.01857695449143648,0.012500879354774952,0.0004837756569031626,0.019333474803715944,0.011834011878818274,0.0005101569258840755
767,0.05738738738000393,1.6729626655578613,0.009904400445520878,0.007764734793454409,0.0003498492296785116,0.010055378545075655,0.007755321450531483,0.0003618074406404048,0.010311461053788662,0.007246652850881219,0.0003757030935958028
768,0.04538480378687382,2.6199281215667725,0.008781441720202565,0.004850781988352537,0.00027277777553536,0.008811892475932837,0.0052267813589423895,0.0002980023273266852,0.009153224295005202,0.004977357457391918,0.00032505058334209025
769,0.08174001798033714,1.0660241842269897,0.018545529805123806,0.007689592661336064,0.00032439560163766146,0.018049722770228982,0.007683638017624617,0.00033845865982584655,0.01766516943462193,0.008035982493311167,0.00035474046308081597
770,0.08696135133504868,1.266263723373413,0.018059594556689262,0.008861474692821503,0.0003764241555472836,0.018030090257525444,0.009742848109453917,0.0003976206644438207,0.018093730323016644,0.009401643183082342,0.0004189476603642106
771,0.07858055457472801,3.2187092304229736,0.013543311506509781,0.011165636591613293,0.00040297789382748306,0.013590792659670115,0.009969589300453663,0.00042061044950969517,0.014282945543527603,0.010970702394843102,0.00044080615043640137
772,0.05600902996957302,1.329831600189209,0.009015452582389116,0.008237284375354648,0.0003794977528741583,0.009071182925254107,0.007752712350338697,0.00039593136170879006,0.00923925032839179,0.007938393158838153,0.0004132601898163557
773,0.08928816393017769,4.3264055252075195,0.016358093358576298,0.01168858353048563,0.0003871800872730091,0.01723659737035632,0.010182531550526619,0.00040642240492161363,0.018160404171794653,0.010770959313958883,0.0004291452933102846
774,0.07438568398356438,0.7561894059181213,0.014039693400263786,0.008829106343910098,0.00045010680332779884,0.013728882186114788,0.009865900501608849,0.00047042408550623804,0.013517969287931919,0.008755779825150967,0.0004915570898447186
775,0.10238173976540565,2.6659204959869385,0.02030965220183134,0.013796312734484673,0.00046870065852999687,0.019354003481566906,0.012883815448731184,0.0004840358888031915,0.018476441502571106,0.011742467526346445,0.0005020254175178707
776,0.07857829332351685,1.8076987266540527,0.012524275109171867,0.012096456252038479,0.0004513441235758364,0.012520298827439547,0.011000351514667273,0.0004677432880271226,0.012761884368956089,0.012057761196047068,0.0004852292622672394
777,0.16071144491434097,3.194091558456421,0.03250698558986187,0.019587816204875708,0.0005609959771391004,0.03155371267348528,0.020766049157828093,0.0005725275696022436,0.030651472508907318,0.018765674903988838,0.0005864095728611574
778,0.14608407020568848,1.1634119749069214,0.02581898309290409,0.021540000569075346,0.0005871125031262636,0.025950096547603607,0.01968855271115899,0.0005981077556498349,0.02613316010683775,0.019770504906773567,0.0006104750209487975
779,0.15638677030801773,0.994011640548706,0.024234652519226074,0.025441480800509453,0.0006825401505921036,0.02392110787332058,0.02632282953709364,0.0006908632349222898,0.023679771460592747,0.024489515461027622,0.0007009533583186567
780,0.0876944363117218,2.6619338989257812,0.01719787437468767,0.01008086430374533,0.0003879682335536927,0.017503459006547928,0.00993878289591521,0.0004054712480865419,0.017936990596354008,0.01016734552104026,0.0004238409746903926
781,0.066095981746912,1.858542561531067,0.010467892047017813,0.011084800586104393,0.00040587301191408187,0.00995683716610074,0.010004519950598478,0.0004150065506109968,0.009559187106788158,0.010035957209765911,0.00042581724119372666
782,0.09841252118349075,2.2097694873809814,0.019469373859465122,0.01140621118247509,0.0004118415672564879,0.019788090139627457,0.010191706009209156,0.00042387665598653257,0.020166434813290834,0.012297771405428648,0.0004375146236270666
783,0.1308753900229931,1.3710495233535767,0.022100632544606924,0.018345316872000694,0.0005905367579543963,0.02207271009683609,0.01855909312143922,0.0006082991603761911,0.022173721808940172,0.02031728345900774,0.0006278235814534128
784,0.4939116761088371,1.8378592729568481,0.12828139401972294,0.0327824167907238,0.0009455280960537493,0.12804384250193834,0.03231877647340298,0.0009515087876934558,0.12785168085247278,0.033208767883479595,0.000959157245233655
785,0.07635490596294403,0.5927350521087646,0.0164357116445899,0.007731093326583505,0.00032099170493893325,0.016271347645670176,0.007482398301362991,0.0003330390973133035,0.016267521306872368,0.008167012594640255,0.00034592578595038503
786,0.09417861700057983,0.8566484451293945,0.018044871278107166,0.012165185064077377,0.0004197011876385659,0.018006467260420322,0.011307362001389265,0.0004328428622102365,0.01801227405667305,0.01143819373100996,0.00044852269638795406
787,0.08128513768315315,1.044822096824646,0.015340791549533606,0.010609700344502926,0.00044182178680785,0.015370422974228859,0.009531487710773945,0.00044940294174011797,0.015443450771272182,0.009587261360138655,0.00045928143663331866
788,0.09152843803167343,2.159749984741211,0.018827101215720177,0.011954988818615675,0.0003633570740930736,0.018163262866437435,0.012545065954327583,0.0003746787551790476,0.017540533561259508,0.00799510907381773,0.00038755858258809894
789,0.11840221658349037,2.2138962745666504,0.019831543788313866,0.016408846247941256,0.0005982634611427784,0.02018954325467348,0.01733403652906418,0.0006053852557670325,0.02062417007982731,0.01674271933734417,0.0006141907069832087
790,0.07677468657493591,0.9275312423706055,0.013102183118462563,0.012334553524851799,0.0003625305835157633,0.013090874534100294,0.011305015534162521,0.0003776020312216133,0.01313837431371212,0.009274829644709826,0.00039208070666063577
791,0.11879824474453926,2.1367640495300293,0.02543500065803528,0.012394691351801157,0.0004456785973161459,0.02488192729651928,0.013463466428220272,0.0004546391573967412,0.024345561861991882,0.012809783685952425,0.00046663626562803984
792,0.058325959369540215,1.8840489387512207,0.0103531195782125,0.00818435475230217,0.0003829797205980867,0.010170747060328722,0.007147717755287886,0.00038754602428525686,0.010035929270088673,0.007778601022437215,0.0003933469270123169
793,0.0922732949256897,0.8092823624610901,0.01389987813308835,0.014845229219645262,0.0005173023673705757,0.013929400593042374,0.014481240883469582,0.0005234275595284998,0.014115826226770878,0.014713507145643234,0.0005313223227858543
794,0.09050509333610535,1.7785431146621704,0.016261744312942028,0.012701061088591814,0.00044268542842473835,0.01576362829655409,0.012049057986587286,0.0004488673585001379,0.01537670148536563,0.01296188309788704,0.00045620216405950487
795,0.15107622370123863,2.013192653656006,0.02566056651994586,0.01923414319753647,0.0005960807611700147,0.025210948660969734,0.030310329515486956,0.0006007546617183834,0.02480822568759322,0.01863851840607822,0.0006065371417207643
796,0.06003575026988983,1.4581611156463623,0.010445343796163797,0.0071360154543071985,0.000333751377183944,0.010523130185902119,0.00836329534649849,0.0003438957064645365,0.01065661059692502,0.008780859876424074,0.00035497575299814343
797,0.22510332614183426,1.0709316730499268,0.05346064502373338,0.026269148103892803,0.0005406660202424973,0.053146911319345236,0.015339328441768885,0.0005522590654436499,0.05285328207537532,0.01740420889109373,0.0005645263590849936
798,0.06611345335841179,0.7718287110328674,0.010089889401569963,0.009856402408331633,0.0003958925371989608,0.010130135109648108,0.010744951199740171,0.00040204562537837774,0.010207639075815678,0.010254018008708954,0.0004096657212357968
799,0.08890183083713055,0.7907564640045166,0.015867607202380896,0.02090435870923102,0.0004344101471360773,0.015752571634948254,0.007609851658344269,0.0004498901398619637,0.01575210504233837,0.00760865630581975,0.0004673702933359891
800,0.16068662703037262,0.4163249433040619,0.0255499305203557,0.025715773925185204,0.000753224128857255,0.025545733980834484,0.025777439586818218,0.0007565722917206585,0.025583731941878796,0.02342760656028986,0.0007618068484589458
801,0.09816335141658783,1.634454369544983,0.017134860157966614,0.014226683881133795,0.000473250329378061,0.016662895679473877,0.0139323933981359,0.00047904180246405303,0.01630131294950843,0.014155183918774128,0.0004852139682043344
802,0.11350669711828232,0.7861793041229248,0.0184874115511775,0.01820751465857029,0.0005401901435106993,0.01826734794303775,0.01595148164778948,0.0005464175919769332,0.018095431849360466,0.017935202457010746,0.000553970254259184
803,0.0773298628628254,1.702232003211975,0.016811106353998184,0.008363039931282401,0.00030711838917341083,0.016413786448538303,0.007405133685097098,0.0003137133608106524,0.01605467638000846,0.008512145606800914,0.0003216622135369107
804,0.11689723655581474,1.2415958642959595,0.01651510549709201,0.019550718367099762,0.0006652756710536778,0.01615396561101079,0.02161598764359951,0.000668649619910866,0.015884607564657927,0.019146062433719635,0.0006737713993061334
805,0.09198282845318317,0.6271207928657532,0.015020787250250578,0.013577551580965519,0.0004655743105104193,0.015033753588795662,0.014131828444078565,0.0004704807070083916,0.015071657951921225,0.013497127685695887,0.0004764753393828869
806,0.11787958443164825,2.4972329139709473,0.02464143466204405,0.014371661003679037,0.00046206520346459,0.023981519043445587,0.012714707758277655,0.0004696215910371393,0.023358467034995556,0.013166267890483141,0.0004796957946382463
807,0.04217111971229315,2.0672357082366943,0.005812880233861506,0.0066349286353215575,0.000375461793737486,0.005875245085917413,0.0065649187890812755,0.00038316888094414026,0.006162373232655227,0.006519842194393277,0.0003916029818356037
808,0.059703340753912926,1.5125707387924194,0.00917914928868413,0.008572656195610762,0.0003365273732924834,0.009369804058223963,0.009822786320000887,0.0003416412801016122,0.009618971031159163,0.009035303723067045,0.00034799863351508975
809,0.11438634991645813,1.0778553485870361,0.017727121710777283,0.018247146625071764,0.0006265023694140837,0.0178101547062397,0.016346934251487255,0.0006310847966233268,0.01796955242753029,0.018705659080296755,0.0006373586948029697
810,0.06736487150192261,0.7758111357688904,0.01326606166549027,0.008621986489742994,0.0002683204656932503,0.013051376910880208,0.008181866956874728,0.00027609542303252965,0.012864623917266726,0.008069218369200826,0.000283019442576915
811,0.1565345674753189,2.3967344760894775,0.03462310694158077,0.017517414409667253,0.00048534250527154654,0.033910089172422886,0.018455874640494585,0.0004964570398442447,0.033211760222911835,0.012852048501372337,0.0005092690989840776
812,0.09934543073177338,1.585573673248291,0.013347365893423557,0.019050194416195154,0.0005976356624159962,0.013325388543307781,0.01516466774046421,0.0006179973133839667,0.01340214628726244,0.017644112929701805,0.0006372560164891183
813,0.13011030852794647,0.9029203653335571,0.024159546941518784,0.02664739778265357,0.0004635255318135023,0.023917685262858868,0.012677695602178574,0.00047205539885908365,0.023737596347928047,0.013302304781973362,0.0004814393469132483
814,0.1139475479722023,0.5642848610877991,0.021832973696291447,0.01492405217140913,0.00047876704775262624,0.021583515219390392,0.013693374115973711,0.0004899834166280925,0.021385133266448975,0.014639390632510185,0.0005035261565353721
815,0.0774124227464199,0.8441391587257385,0.012998227961361408,0.011413537431508303,0.00051082469872199,0.012640010099858046,0.010038964450359344,0.0005284145590849221,0.012380253989249468,0.011590603739023209,0.000548467505723238
816,0.07596816495060921,2.264632225036621,0.011980687733739614,0.010870503261685371,0.0003946384531445801,0.012232363224029541,0.010953128337860107,0.0004015227605123073,0.012560129165649414,0.01254506316035986,0.00041041107033379376
817,0.07955198734998703,0.9432991147041321,0.012861979193985462,0.011771311983466148,0.00046599555935245007,0.012686651665717363,0.011401773896068335,0.000478208385175094,0.012702484615147114,0.012379487976431847,0.0004928701819153503
818,0.12981554493308067,2.973421096801758,0.02551687927916646,0.017139039933681488,0.0005125334137119353,0.02461654180660844,0.01560980174690485,0.0005263466009637341,0.023787345737218857,0.01682074647396803,0.0005424164264695719
819,0.0866452120244503,1.072569727897644,0.016750482842326164,0.0110198890324682,0.0004638927639462054,0.016441425774246454,0.00962391565553844,0.000492000617668964,0.016339043155312538,0.01056819036602974,0.0005196720012463629
820,0.09098371490836143,2.7391738891601562,0.020538791082799435,0.009306325111538172,0.0003723647678270936,0.019708702340722084,0.00860088225454092,0.0003800125268753618,0.018997789826244116,0.009259223937988281,0.0003906229976564646
821,0.15841816365718842,0.8058780431747437,0.030381467659026384,0.015236467588692904,0.0005560393474297598,0.030036807525902987,0.03074228437617421,0.0005668267112923786,0.02983836457133293,0.015373434405773878,0.0005794691096525639
822,0.09056414291262627,1.2319802045822144,0.015436648391187191,0.01315832743421197,0.0004922272637486458,0.01554114418104291,0.012253063265234232,0.0004980235098628327,0.015756378415971994,0.012436112854629755,0.0005053659115219489
823,0.14830783754587173,0.9414538145065308,0.023557838518172503,0.021788500249385834,0.0005252075497992337,0.02344536641612649,0.02427268773317337,0.0005343719967640936,0.02348060207441449,0.025338138919323683,0.0005465970316436142
824,0.152449743822217,2.025742292404175,0.0264946729876101,0.022091418271884322,0.0004883338260697201,0.025989413261413574,0.023809580830857158,0.0004938231722917408,0.025577610824257135,0.02255154261365533,0.000501719958265312
825,0.07992931827902794,1.7596920728683472,0.018108994234353304,0.00810490595176816,0.0003495650744298473,0.017532398458570242,0.00749580841511488,0.00036840923712588847,0.016997221391648054,0.007270056521520019,0.000387008287361823
826,0.10013541951775551,1.260520339012146,0.020490088034421206,0.012048547621816397,0.00040803098818287253,0.019950828049331903,0.011076312977820635,0.000419680931372568,0.01954177627339959,0.011980046983808279,0.00043424170871730894
827,0.08135690167546272,0.8509547114372253,0.014571982901543379,0.011097277281805873,0.0003929544473066926,0.014300153590738773,0.011047486681491137,0.00041453119774814695,0.014173951931297779,0.011185054667294025,0.0004377626610221341
828,0.1047997698187828,1.4854960441589355,0.01701373513787985,0.01661069644615054,0.00045173760008765385,0.017180299619212747,0.01450834609568119,0.0004609793541021645,0.017417455092072487,0.016526788007467985,0.0004728946223622188
829,0.10692659020423889,1.1198633909225464,0.01477714953944087,0.018851184751838446,0.0005827893037348986,0.014310483355075121,0.019487316720187664,0.0005908648745389655,0.014092096127569675,0.018305846489965916,0.0006019746651872993
830,0.09960462152957916,0.7540441751480103,0.01560077304020524,0.01357486192137003,0.00047159539826679975,0.015345558989793062,0.016862413845956326,0.00048292832798324525,0.01525260228663683,0.01716597843915224,0.0004960846854373813
831,0.2074864972382784,0.710327684879303,0.05048341234214604,0.02185350889340043,0.0005831915186718106,0.0500194753985852,0.013727005571126938,0.0006082324543967843,0.049680962692946196,0.014412184245884418,0.0006360627885442227
832,0.07022367417812347,0.9137288331985474,0.01175028388388455,0.010985953384079039,0.0003978509339503944,0.011312506394460797,0.010044794296845794,0.0004086318949703127,0.011013219365850091,0.010206703562289476,0.0004210702463751659
833,0.14120223745703697,0.6967706680297852,0.019102265127003193,0.026874489150941372,0.0006774130742996931,0.018915629014372826,0.024747987277805805,0.0006830225756857544,0.01891982927918434,0.02443720307201147,0.0006907724891789258
834,0.12015265598893166,1.0396342277526855,0.02529583964496851,0.012889374513179064,0.00044073104800190777,0.02479933062568307,0.014112153556197882,0.00046132574789226055,0.02444595331326127,0.013072401285171509,0.00048234465066343546
835,0.057368588633835316,2.918483257293701,0.008098854217678308,0.007289778208360076,0.00045255299482960254,0.00846007652580738,0.009282093495130539,0.00047141904360614717,0.008908180287107825,0.009663375443778932,0.0004925849061692134
836,0.08392073586583138,1.599350094795227,0.016875343397259712,0.009739521890878677,0.00041776979924179614,0.016172760631889105,0.010281363036483526,0.0004318224382586777,0.015597854740917683,0.0100690305698663,0.00044662339496426284
837,0.08118736930191517,1.4415390491485596,0.014945251401513815,0.01006025867536664,0.0005016285285819322,0.014765205327421427,0.009748154086992145,0.0005244494532234967,0.014812022913247347,0.010552667081356049,0.0005498739774338901
838,0.07122235372662544,0.5140944719314575,0.011672304943203926,0.011323961894959211,0.00040350231574848294,0.011417868547141552,0.008238328620791435,0.0004196348018012941,0.011300450656563044,0.012231460772454739,0.0004363574262242764
839,0.18598796427249908,0.7940300703048706,0.030169452540576458,0.029170583933591843,0.0005858531803824008,0.02992423763498664,0.029620188288390636,0.0006081955507397652,0.029801491182297468,0.030000790022313595,0.0006312563200481236
840,0.0875534899532795,1.463196873664856,0.01865015272051096,0.008743888232856989,0.00036429606552701443,0.017940829042345285,0.01187337702140212,0.0003822462022071704,0.01740972138941288,0.008335579186677933,0.0004034428857266903
841,0.08792631328105927,0.8244913816452026,0.016579140443354845,0.011110235936939716,0.0004219534166622907,0.016603601165115833,0.010974157601594925,0.000435763067798689,0.016692521516233683,0.01073400117456913,0.0004504483367782086
842,0.06481754779815674,2.090376377105713,0.011175482999533415,0.008261262439191341,0.0003852138324873522,0.011213975958526134,0.008462575264275074,0.00040359978447668254,0.01145543996244669,0.009404409443959594,0.0004222870775265619
843,0.044967249035835266,1.9986380338668823,0.0068080127239227295,0.006713401642628014,0.00034040427999570966,0.006806636229157448,0.006396938464604318,0.0003607458056649193,0.007154993712902069,0.006751168402843177,0.00038287477218545973
844,0.12717273086309433,1.0710158348083496,0.02568923495709896,0.013286902569234371,0.0005335082823876292,0.025164523161947727,0.015457729576155543,0.0005459278472699225,0.024720619432628155,0.01628140453249216,0.0005636423884425312
845,0.44086331129074097,2.0500259399414062,0.0990022630430758,0.026930661406368017,0.0009268596768379211,0.09849668899551034,0.052212517242878675,0.0009320796089014038,0.09817939857020974,0.0548456278629601,0.0009401014394825324
846,0.12530510500073433,1.144821286201477,0.024754024110734463,0.016476424876600504,0.00042840589594561607,0.02420590166002512,0.01655278541147709,0.00044861441710963845,0.023698831908404827,0.014230903703719378,0.0004695381358033046
847,0.08558491989970207,0.4906434416770935,0.015286066103726625,0.011903224978595972,0.00047763402108103037,0.014848447870463133,0.011805093847215176,0.0004998971126042306,0.014569745864719152,0.011173448991030455,0.0005221925093792379
848,0.4936077371239662,1.7731447219848633,0.10681974375620484,0.07325373962521553,0.0011056496878154576,0.106332803145051,0.027018746826797724,0.0011194855615030974,0.1059938007965684,0.06074310839176178,0.001136315957410261
849,0.08976513519883156,1.5075480937957764,0.01778398174792528,0.01052589644677937,0.0004259310517227277,0.017751056235283613,0.01016554981470108,0.0004399164317874238,0.017740979325026274,0.010516496375203133,0.00045444614079315215
850,0.07543810456991196,1.5751031637191772,0.011305781779810786,0.01189297717064619,0.00044939693179912865,0.011436059139668941,0.011912072775885463,0.00046512464177794755,0.011761469533666968,0.011538033839315176,0.00048340653302147985
851,0.5417009256780148,2.024730682373047,0.138956593349576,0.06840212689712644,0.0008952410717029124,0.13866660092025995,0.023394818883389235,0.0009043138707056642,0.13843451999127865,0.022986163618043065,0.0009154719591606408
852,0.07992362231016159,1.329793095588684,0.017480434384196997,0.008483444107696414,0.0003100119065493345,0.01701304968446493,0.008363535162061453,0.0003252134192734957,0.01661765156313777,0.008055855985730886,0.00034218779182992876
853,0.8633195757865906,5.552746772766113,0.22823050618171692,0.042414380237460136,0.001508197863586247,0.22691244632005692,0.0823273453861475,0.0015001642750576138,0.225739985704422,0.03967931866645813,0.001495534903369844
854,0.44080761447548866,1.1224150657653809,0.1046863398514688,0.041949412785470486,0.001095579849788919,0.10468807397410274,0.024137255735695362,0.00110607995884493,0.10486363060772419,0.04720773454755545,0.0011171322839800268
855,0.1359107494354248,1.1528000831604004,0.02269425429403782,0.019218208733946085,0.0006633020821027458,0.02287154272198677,0.01966133387759328,0.0006778774986742064,0.023149154614657164,0.020165910478681326,0.0006964071653783321
856,0.06682246550917625,1.0566811561584473,0.010508936364203691,0.01016720337793231,0.0004000238550361246,0.009909041225910187,0.01097489194944501,0.0004139318916713819,0.009512115269899368,0.010767967905849218,0.00043162074871361256
857,0.07022321131080389,1.92135488986969,0.011425250791944563,0.010090806637890637,0.00045214056444820017,0.011135381064377725,0.01039520453196019,0.0004967010172549635,0.011131800012663007,0.010085860965773463,0.0005408841971075162
858,0.08959165960550308,2.4369261264801025,0.020153157878667116,0.00923843216150999,0.0003871830995194614,0.019095631781965494,0.00860683573409915,0.0004076533659826964,0.01818470237776637,0.009410479106009007,0.0004307670023990795
859,0.06175738666206598,2.702880859375,0.010203258600085974,0.008447349537163973,0.0003540979669196531,0.0104308039881289,0.008764649857766926,0.0003810405032709241,0.010868938406929374,0.008467581705190241,0.00040856280247680843
860,0.17132314667105675,0.7490987777709961,0.029054522048681974,0.026436363346874714,0.0005838944052811712,0.028733613435178995,0.02443815115839243,0.0006134955328889191,0.028511219192296267,0.026776278391480446,0.000645861669909209
861,0.4254811778664589,1.4961488246917725,0.1046134177595377,0.023705087369307876,0.0009227237023878843,0.10419753706082702,0.055171605199575424,0.0009367420279886574,0.10394831327721477,0.022586382925510406,0.000955241936026141
862,0.1814519613981247,3.0691990852355957,0.042004961520433426,0.019638226367533207,0.00037266931030899286,0.040945110842585564,0.01537697995081544,0.0003872221277561039,0.03987804614007473,0.018959029112011194,0.00040251071914099157
863,0.08031262829899788,1.5952874422073364,0.015709387604147196,0.009480624226853251,0.00040330943011213094,0.015213374979794025,0.009908165317028761,0.00041946463170461357,0.014856731984764338,0.010098555125296116,0.0004386732616694644
864,0.06885536760091782,1.9038374423980713,0.011861902195960283,0.009357206290587783,0.0003898997383657843,0.012227149214595556,0.008206324186176062,0.0003973796992795542,0.012642679270356894,0.009784418623894453,0.00040664314292371273
865,0.11933688074350357,0.6888213753700256,0.017896628007292747,0.018306639045476913,0.00067454221425578,0.017737711779773235,0.01865873485803604,0.0006888894713483751,0.017769772559404373,0.020690471399575472,0.0007057979237288237
866,0.11702761054039001,2.1851491928100586,0.017427631188184023,0.019263911992311478,0.00047363180783577263,0.01754606794565916,0.01913413405418396,0.0004969679721398279,0.017788975033909082,0.01989238988608122,0.0005230253445915878
867,0.060368090867996216,1.4590020179748535,0.01049303449690342,0.008041443303227425,0.00035986881994176656,0.010396264027804136,0.008524162229150534,0.0003760005783988163,0.01046766759827733,0.007927489466965199,0.00039363824180327356
868,0.13504904881119728,1.438207745552063,0.025698795914649963,0.017811363330110908,0.0005897047522012144,0.025757393799722195,0.016889628255739808,0.0006046460475772619,0.025896755047142506,0.01573055167682469,0.0006217894406290725
869,0.055007319897413254,0.6097197532653809,0.010247385362163186,0.007370173931121826,0.00032568417373113334,0.009618164971470833,0.0069370330311357975,0.00034314107324462384,0.009412431390956044,0.007296707946807146,0.00036253091820981354
870,0.12365555763244629,1.6874936819076538,0.023682046681642532,0.014878369867801666,0.0005870792228961363,0.0238051675260067,0.014524992555379868,0.0006075594574213028,0.024106436874717474,0.015362464357167482,0.0006293807527981699
871,0.08063333667814732,0.7400779724121094,0.015780523885041475,0.00966992974281311,0.0004042935324832797,0.01542176166549325,0.009620938915759325,0.0004172932240180671,0.015147530473768711,0.009976990520954132,0.000432329106843099
872,0.07247225195169449,0.6700809001922607,0.014061170164495707,0.00905743706971407,0.00038395221054088324,0.013855529017746449,0.008319953922182322,0.0003919948358088732,0.01374143036082387,0.00872130854986608,0.0004029083502246067
873,0.08484802022576332,2.2006545066833496,0.013501205015927553,0.011949189938604832,0.0005169648211449385,0.013835941441357136,0.013051097746938467,0.0005296935851220042,0.01430082367733121,0.011844293214380741,0.0005447085131891072
874,0.08548717573285103,3.263706684112549,0.013671091757714748,0.012841880321502686,0.00046243297401815653,0.014180042315274477,0.012278614565730095,0.0004757608403451741,0.01483451435342431,0.011963224969804287,0.0004912576405331492
875,0.15697777271270752,0.935084342956543,0.02521065343171358,0.029326893389225006,0.0007204767607618123,0.02524105180054903,0.02052698517218232,0.0007380739552900195,0.025353201664984226,0.022461556363850832,0.0007558066281490028
876,0.26932497322559357,0.9277251362800598,0.043479143641889095,0.04990795534104109,0.0006325766153167933,0.043280867859721184,0.04749530181288719,0.0006401529681170359,0.04314996115863323,0.03432505577802658,0.0006489425577456132
877,0.08970634639263153,1.5401660203933716,0.01808469183743,0.010535210371017456,0.0003490393719403073,0.01788512524217367,0.010061926674097776,0.0003618615592131391,0.017792150378227234,0.010999178048223257,0.0003761151747312397
878,0.12246804311871529,0.6868342161178589,0.021738390903919935,0.017862002830952406,0.0005023078119847924,0.02151927724480629,0.017001746455207467,0.0005102825816720724,0.021367833949625492,0.016849081497639418,0.0005198372527956963
879,0.11686341091990471,1.4881129264831543,0.02198392990976572,0.01802685484290123,0.00041350202809553593,0.021360370330512524,0.010615677572786808,0.00043519100290723145,0.020761869847774506,0.018893734086304903,0.0004565498238662258
880,0.10011898726224899,1.3766953945159912,0.014047888107597828,0.01754797901958227,0.0006029643554938957,0.014139339793473482,0.01738358335569501,0.0006119514000602067,0.014348967932164669,0.015296191442757845,0.000623843734501861
881,0.09793752059340477,1.3594443798065186,0.017029136419296265,0.016768048983067274,0.0003842756268568337,0.01710784388706088,0.016006834572181106,0.000401267345296219,0.017234440427273512,0.008973571006208658,0.00041886791586875916
882,0.0914173349738121,0.56416916847229,0.015061968937516212,0.01271235616877675,0.0005011943576391786,0.014972673263400793,0.013570894952863455,0.0005106664902996272,0.015057112090289593,0.013902080710977316,0.0005232030525803566
883,0.07589380815625191,1.5771443843841553,0.012684338260442019,0.011318706907331944,0.00041242214501835406,0.012272494845092297,0.011519696563482285,0.0004208941390970722,0.01195057574659586,0.011089511215686798,0.00043130504491273314
884,0.07131232507526875,2.158184051513672,0.01676905225031078,0.006003116839565337,0.0003372476639924571,0.015923978528007865,0.0057673954870551825,0.00035952660255134106,0.015165097080171108,0.007358935545198619,0.00038441389915533364
885,0.5538582615554333,3.989866256713867,0.1264010244049132,0.024572154507040977,0.0008826595003483817,0.1258793668821454,0.06991279451176524,0.0008797081827651709,0.12559211114421487,0.0709362686611712,0.0008787766273599118
886,0.054000455886125565,1.6484487056732178,0.009457454551011324,0.0075828987173736095,0.0003329815954202786,0.008998545352369547,0.008414785843342543,0.00033978474675677717,0.008613878628239036,0.006849350407719612,0.0003481194580672309
887,0.05836445651948452,1.1223628520965576,0.010680167004466057,0.007465738337486982,0.00038631218194495887,0.010140137514099479,0.008163581602275372,0.000407117186114192,0.009685525437816978,0.007340067531913519,0.00042888065217994153
888,0.15344373509287834,1.7088207006454468,0.03145382460206747,0.02655839454382658,0.0004939783539157361,0.03093123994767666,0.014590774662792683,0.0005104681040393189,0.030448202043771744,0.013332486152648926,0.0005277572054183111
889,0.10770976915955544,1.2958993911743164,0.01916523650288582,0.01619259058497846,0.0004724064492620528,0.018715701531618834,0.014796987641602755,0.00048646374489180744,0.018325012642890215,0.014668531017377973,0.0005025566060794517
890,0.14403199031949043,0.6880993843078613,0.022678766399621964,0.016567769460380077,0.000588285067351535,0.022382503375411034,0.02649505902081728,0.0006011402001604438,0.02216943632811308,0.026512532494962215,0.000617054378380999
891,0.09144778922200203,0.6033138632774353,0.015705470461398363,0.01413568202406168,0.0004270377685315907,0.01546964468434453,0.013032224960625172,0.0004384741769172251,0.015291532501578331,0.012545345351099968,0.00045146059710532427
892,0.12142295390367508,0.7577397227287292,0.02203115727752447,0.011783235240727663,0.00047627981984987855,0.02165989112108946,0.013252703007310629,0.00048626726493239403,0.021426351740956306,0.025422816164791584,0.0004991528112441301
893,0.07935895025730133,0.750452995300293,0.013554421253502369,0.012192962225526571,0.00046873721294105053,0.013010843191295862,0.010752048343420029,0.0004877445608144626,0.012698912061750889,0.011292238254100084,0.0005078994872746989
894,0.08407788909971714,1.7122331857681274,0.015838471008464694,0.009936783462762833,0.0004923310480080545,0.015622359467670321,0.009969324222765863,0.0005271781410556287,0.015581981977447867,0.010800001909956336,0.0005627320788335055
895,0.06374173238873482,0.9595898389816284,0.011059996206313372,0.0076751625165343285,0.00037894603156019,0.010346260853111744,0.010104450397193432,0.00039137370185926557,0.010071576107293367,0.009774403180927038,0.00040715043724048883
896,0.05435442551970482,0.6357826590538025,0.008142037782818079,0.00864505534991622,0.00037706736475229263,0.007889447035267949,0.008535341825336218,0.00039070183993317187,0.007878304924815893,0.008563374634832144,0.00040744669968262315
897,0.10367164015769958,0.6420276761054993,0.02004702016711235,0.02320540975779295,0.00039517202822025865,0.019417217932641506,0.008173507871106267,0.000417540519265458,0.019210241734981537,0.008598819840699434,0.0004421431804075837
898,0.08875046856701374,3.694850206375122,0.015897213481366634,0.011468040524050593,0.00040088115201797336,0.016388718970119953,0.012296521570533514,0.0004343024338595569,0.017130067571997643,0.010361039079725742,0.00046703312546014786
899,0.08410678617656231,0.4030507802963257,0.015076742973178625,0.009115944849327207,0.0004016881575807929,0.014512615278363228,0.008755808230489492,0.00041869765846058726,0.014246764592826366,0.01736247562803328,0.0004387226654216647
900,0.059793831780552864,1.5073466300964355,0.009770649019628763,0.008271981729194522,0.0003820804413408041,0.00953763723373413,0.008936919271945953,0.0003986783267464489,0.009740380104631186,0.008739732671529055,0.00041837451863102615
901,0.11380073800683022,1.0406743288040161,0.020823686383664608,0.014605914242565632,0.0005002646357752383,0.02039580699056387,0.017457486130297184,0.000518116052262485,0.02012949436903,0.014162780251353979,0.0005380125367082655
902,0.07469924911856651,1.4688584804534912,0.012911196332424879,0.010603221133351326,0.0003844370658043772,0.01285960478708148,0.010060944128781557,0.00039814310730434954,0.013103539124131203,0.01036936603486538,0.00041526390123181045
903,0.16441140323877335,2.412018299102783,0.032728126272559166,0.0199110247194767,0.0005692924169125035,0.03160687815397978,0.02102883066982031,0.00058677677589003,0.03067548479884863,0.021401277743279934,0.0006088742666179314
904,0.1311696507036686,2.0181498527526855,0.02654649317264557,0.014840616378933191,0.0004709132044808939,0.025641550309956074,0.016688209492713213,0.0004902808286715299,0.024845455773174763,0.01671193866059184,0.0005126521136844531
905,0.13235104456543922,0.5692084431648254,0.021590499207377434,0.020329752005636692,0.0006133628485258669,0.02127445861697197,0.021042071282863617,0.0006317370571196079,0.02113127987831831,0.019395054318010807,0.0006518824957311153
906,0.1129329726099968,1.754144310951233,0.020715721882879734,0.018627867102622986,0.0005208879010751843,0.020678776316344738,0.012659086380153894,0.0005497058155015111,0.020842532627284527,0.012806344777345657,0.0005800667277071625
907,0.082343440502882,1.1383355855941772,0.014638788998126984,0.011194358579814434,0.00046752512571401894,0.014395798090845346,0.0112419743090868,0.00048549348139204085,0.014332109596580267,0.010702318046241999,0.0005065047298558056
908,0.12544291093945503,0.9919189810752869,0.019346777349710464,0.020693771075457335,0.0007062492368277162,0.018786415457725525,0.01982443453744054,0.0007197747763711959,0.01837433222681284,0.019774502143263817,0.0007346451166085899
909,0.0906088650226593,2.3590497970581055,0.015327608212828636,0.01187907438725233,0.0005277370510157198,0.015727125108242035,0.013114049565047026,0.0005411407037172467,0.016271932050585747,0.011778473388403654,0.0005587733758147806
910,0.15039002895355225,1.1056851148605347,0.02288247598335147,0.02501222537830472,0.0004963328537996858,0.022682339418679476,0.026113788597285748,0.0005162683082744479,0.022716262843459845,0.02477496676146984,0.0005393929459387437
911,0.07007940858602524,0.9729608297348022,0.011124079581350088,0.011129281483590603,0.0004270615172572434,0.010374627076089382,0.010950878728181124,0.0004422164347488433,0.010071660857647657,0.011110421270132065,0.00046033563558012247
912,0.10363194346427917,1.058672308921814,0.019677293486893177,0.013313807547092438,0.0005001995014026761,0.01942399237304926,0.012915886007249355,0.0005261906626401469,0.019361495040357113,0.012615310959517956,0.0005546487809624523
913,0.503311924636364,5.23232889175415,0.11592175252735615,0.02548618009313941,0.001027091740979813,0.11466659232974052,0.058840394020080566,0.0010226434678770602,0.11347853858023882,0.06263781897723675,0.0010204325517406687
914,0.09552567824721336,0.42852044105529785,0.014164805877953768,0.017124603502452374,0.00044643590808846056,0.013838331215083599,0.01614305842667818,0.0004583919362630695,0.013666764367371798,0.01507710525766015,0.0004729246429633349
915,0.3938337340950966,1.3623771667480469,0.09868344385176897,0.02456802874803543,0.0009913018147926778,0.09888970293104649,0.02229208406060934,0.0009994477150030434,0.09918170096352696,0.03821093216538429,0.0010112153249792755
916,0.05191001482307911,0.8632433414459229,0.008382228203117847,0.007532227551564574,0.00036621799517888576,0.00818402017466724,0.008025953313335776,0.0003792401257669553,0.0082483000587672,0.0069785830564796925,0.0003942171751987189
917,0.13946795836091042,1.8529572486877441,0.02471972326748073,0.020798775367438793,0.0006215696921572089,0.0241718553006649,0.02012627385556698,0.0006290387827903032,0.02373014180921018,0.018365269526839256,0.0006383697618730366
918,0.05399062857031822,1.2343429327011108,0.011175365652889013,0.0057775950990617275,0.0002778913185466081,0.01108057564124465,0.005548173561692238,0.00029409542912617326,0.011106226593255997,0.005768417147919536,0.00031158192723523825
919,0.08246427401900291,1.5526769161224365,0.015625909436494112,0.009604474995285273,0.0005067743913969025,0.01569798542186618,0.00943148322403431,0.0005300188204273582,0.015854541212320328,0.00987943448126316,0.0005558190168812871
920,0.13510774075984955,2.289625406265259,0.027410189621150494,0.015265942085534334,0.0005370176659198478,0.026470603421330452,0.016179597936570644,0.0005522994615603238,0.02563300170004368,0.01750156283378601,0.0005723929789382964
921,0.10781517624855042,1.7951128482818604,0.025243587791919708,0.008673817850649357,0.00042400247184559703,0.024469287134706974,0.010022263042628765,0.0004359723097877577,0.02378653082996607,0.010372588410973549,0.00045179988956078887
922,0.07990954257547855,2.545173168182373,0.01733988244086504,0.008979043457657099,0.00039737700717523694,0.016275941859930754,0.00815002410672605,0.00040991290006786585,0.015386877115815878,0.00884748063981533,0.0004252835060469806
923,0.12371917441487312,1.4180892705917358,0.02272069826722145,0.01290021720342338,0.0005031039763707668,0.02258156705647707,0.023928310722112656,0.0005231547984294593,0.022722743451595306,0.012579783797264099,0.0005452042823890224
924,0.10347278416156769,2.5347046852111816,0.021841692738234997,0.01355188200250268,0.0004302126035327092,0.020889997482299805,0.010132482275366783,0.0004456379829207435,0.020017024129629135,0.011682920157909393,0.00046334703802131116
925,0.1016203947365284,0.7809961438179016,0.013957330025732517,0.015465138480067253,0.0006749772292096168,0.013694139663130045,0.01818987261503935,0.0006914799741934985,0.01369439484551549,0.018309684935957193,0.0007110019214451313
926,0.04751615598797798,2.1335999965667725,0.006755802780389786,0.0069630134385079145,0.0003782620478887111,0.006881648907437921,0.007516757934354246,0.0003900941228494048,0.007297893636859953,0.007410717196762562,0.0004042242799187079
927,0.059905797243118286,0.8848708271980286,0.013842145446687937,0.005130236269906163,0.00026228450587950647,0.013675741385668516,0.005178384482860565,0.00027532356762094423,0.013570862356573343,0.005202835891395807,0.00028878981538582593
928,0.06405786611139774,2.1422159671783447,0.01635279692709446,0.004496013512834907,0.00022957661713007838,0.01578547852113843,0.004709500819444656,0.0002408535365248099,0.015224017202854156,0.004597933031618595,0.000252601777901873
929,0.05777004361152649,1.9817092418670654,0.009232173673808575,0.008431683527305722,0.0003639564383774996,0.009244335349649191,0.008363972650840878,0.000374682669644244,0.009571142960339785,0.008423552382737398,0.0003871563822031021
930,0.10981319472193718,0.7347327470779419,0.02066213358193636,0.01930055534467101,0.00048778233758639544,0.02042991202324629,0.011742834001779556,0.0005037450027884915,0.020288627594709396,0.011337237432599068,0.0005214466655161232
931,0.18999791145324707,0.8677152991294861,0.033128803595900536,0.02841782057657838,0.0006520293827634305,0.03275060188025236,0.027768148574978113,0.0006670684088021517,0.03248558845371008,0.027433848474174738,0.0006841745343990624
932,0.08506627008318901,1.1578618288040161,0.013685568235814571,0.013299220241606236,0.0005152876838110387,0.013166032265871763,0.01258148904889822,0.0005317052127793431,0.012753766495734453,0.01319559384137392,0.000549156276974827
933,0.061226315796375275,1.5166527032852173,0.010350645519793034,0.008786241058260202,0.0003575940791051835,0.010397504083812237,0.008514416869729757,0.0003710486344061792,0.010587569791823626,0.008132351096719503,0.0003857544215861708
934,0.0689334124326706,0.7865799069404602,0.011352843139320612,0.009891091845929623,0.00040358881233260036,0.010963636916130781,0.010461725294589996,0.00041744677582755685,0.010770407505333424,0.010474303737282753,0.00043381607974879444
935,0.17579157277941704,0.879186749458313,0.03007328324019909,0.025520821567624807,0.0006085571658331901,0.029862205497920513,0.027420785278081894,0.000616587552940473,0.029737920500338078,0.02576354006305337,0.0006281109235715121
936,0.07477615587413311,2.8426928520202637,0.016680442728102207,0.00837982865050435,0.00036666895903181285,0.015421255491673946,0.006793308071792126,0.0003897178830811754,0.014297660905867815,0.008513917680829763,0.0004160487005719915
937,0.14061659574508667,1.1915209293365479,0.01986777037382126,0.024529574904590845,0.0008015683270059526,0.01997337583452463,0.023279909044504166,0.0008127185283228755,0.02022929023951292,0.02297336095944047,0.0008265408396255225
938,0.15952305495738983,0.8915488719940186,0.02641034545376897,0.02418608544394374,0.0005593543755821884,0.026180525310337543,0.025031970348209143,0.0005666830111294985,0.026101253926753998,0.024803167209029198,0.0005763878580182791
939,0.14252664148807526,0.9142858982086182,0.022760070860385895,0.02332030888646841,0.0006354244251269847,0.022706768475472927,0.023879450745880604,0.00065149090369232,0.02274506166577339,0.019293373450636864,0.0006684869586024433
940,0.12365458160638809,0.8503425717353821,0.027945480309426785,0.011567848268896341,0.000482318879221566,0.027416051365435123,0.011519216001033783,0.0005051040934631601,0.026981627568602562,0.012152913957834244,0.0005304381775204092
941,0.08733740076422691,2.868939161300659,0.015044400002807379,0.013757930602878332,0.0004404146457090974,0.015455706510692835,0.010564980562776327,0.0004662739229388535,0.016029425896704197,0.010891411453485489,0.0004916961188428104
942,0.145370252430439,2.193016767501831,0.02647086512297392,0.020800736267119646,0.0006329170137178153,0.025663305073976517,0.020529959816485643,0.0006430735666071996,0.024948307313024998,0.01922241412103176,0.0006576730811502784
943,0.1304146610200405,1.3951916694641113,0.021304734516888857,0.01901746168732643,0.0005847347056260332,0.020851050037890673,0.021055356599390507,0.0005951487401034683,0.020538611337542534,0.020496272947639227,0.000607910769758746
944,0.09088680520653725,2.4332709312438965,0.019216390792280436,0.009374569170176983,0.0004714936076197773,0.01831004535779357,0.010830182582139969,0.00048237491864711046,0.017476060893386602,0.00987573666498065,0.0004970867012161762
945,0.07347280159592628,0.7966904640197754,0.012213066220283508,0.012528565712273121,0.00041784105997066945,0.012014426290988922,0.010305246338248253,0.0004354491247795522,0.011906126514077187,0.009282285813242197,0.0004524811956798658
946,0.09259935468435287,1.95930016040802,0.016875258646905422,0.011959361843764782,0.00042315287282690406,0.017190997023135424,0.011793377809226513,0.00044002142385579646,0.01755423191934824,0.011936666909605265,0.0004591907636495307
947,0.13513527810573578,0.6602638363838196,0.020558780059218407,0.01684880256652832,0.0006409523775801063,0.020258369855582714,0.025566854514181614,0.0006597331375814974,0.020091787911951542,0.023888839408755302,0.0006797767709940672
948,0.07717064023017883,0.5219340324401855,0.012353794183582067,0.01151715824380517,0.0004408666572999209,0.012228299863636494,0.011316786985844374,0.00045214655983727425,0.012272073421627283,0.012049894779920578,0.00046514428686350584
949,0.03227502107620239,3.161306858062744,0.004489983897656202,0.0042991600930690765,0.000277507773716934,0.004733798559755087,0.005154607817530632,0.0002950541238533333,0.005297406460158527,0.004753891145810485,0.0003139815235044807
950,0.08385404758155346,0.6748822331428528,0.01758156204596162,0.009926225524395704,0.0004060192877659574,0.01704611349850893,0.009682008996605873,0.0004295164835639298,0.016638402361422777,0.00781776150688529,0.00045495701488107443
951,0.06170090474188328,0.6524497866630554,0.010617432650178671,0.010180914774537086,0.0004165023856330663,0.010201091412454844,0.0075778900645673275,0.0004364592023193836,0.009926249738782644,0.007956136716529727,0.0004573360929498449
952,0.07567692175507545,1.3482621908187866,0.011666323523968458,0.011649093125015497,0.0004380438185762614,0.011475443840026855,0.011999348644167185,0.0004590043390635401,0.011539624072611332,0.011842215899378061,0.00047917061601765454
953,0.09171700477600098,0.4133753776550293,0.014926254749298096,0.014162614941596985,0.0005010867898818105,0.014668244402855635,0.013506831135600805,0.0005147983611095697,0.01457436615601182,0.013691115193068981,0.0005310093692969531
954,0.05486860126256943,1.4678314924240112,0.011549219023436308,0.005461539840325713,0.000304680856061168,0.011030277237296104,0.005771137773990631,0.0003345973091199994,0.011066921520978212,0.005985073512420058,0.00036182977783028036
955,0.07533969730138779,3.117041826248169,0.015424619428813457,0.007537974044680595,0.00033231498673558235,0.0159406797029078,0.00776800187304616,0.00035630907223094255,0.016507522203028202,0.007883482612669468,0.00038072992174420506
956,0.1705699861049652,1.0887300968170166,0.03716261871159077,0.019343006424605846,0.0005158172134542838,0.0366824003867805,0.01581507408991456,0.0005432651378214359,0.036207076627761126,0.01882113516330719,0.0005755874735768884
957,0.1243940694257617,3.5738720893859863,0.02499103988520801,0.01430960325524211,0.00037199939833953977,0.025445478968322277,0.01463143015280366,0.00040745941805653274,0.026032504392787814,0.014100023545324802,0.0004415392177179456
958,0.08423752710223198,2.3035759925842285,0.013027500361204147,0.011273054406046867,0.00047995586646720767,0.013438486028462648,0.011839929269626737,0.0004951059381710365,0.01389761222526431,0.014812720939517021,0.0005119932175148278
959,0.07167939841747284,1.0941218137741089,0.011303107719868422,0.012299698777496815,0.0003621871001087129,0.011361392214894295,0.011523900320753455,0.0003792012867052108,0.011526997666805983,0.009108338970690966,0.00039760232903063297
960,0.09550439938902855,0.7160444855690002,0.014653772115707397,0.016074202489107847,0.0003584564838092774,0.014245780650526285,0.015636331168934703,0.00037525845982600003,0.013956811744719744,0.016428066417574883,0.0003936430293833837
961,0.4966708868741989,1.8973729610443115,0.10942490957677364,0.06167874205857515,0.0010769906220957637,0.10904381610453129,0.03125446196645498,0.0010815461282618344,0.10874884761869907,0.06353362742811441,0.0010880860791075975
962,0.619165126234293,1.0783114433288574,0.15085384575650096,0.024775764439255,0.0009503145993221551,0.15123648568987846,0.10785574372857809,0.0009513921977486461,0.14957564580254257,0.02343707950785756,0.0009559182944940403
963,0.1143125481903553,0.9093285202980042,0.019976921379566193,0.008212692802771926,0.0003488940274110064,0.019388623535633087,0.020982326939702034,0.00036918013938702643,0.019018652848899364,0.022305059246718884,0.00038899433275219053
964,0.1372961439192295,1.1976078748703003,0.022559786215424538,0.020449521020054817,0.0005960325361229479,0.022692310623824596,0.021893564611673355,0.0006076048302929848,0.0228579081594944,0.019542256370186806,0.0006215625326149166
965,0.15437345206737518,2.0188546180725098,0.028576086275279522,0.021240688860416412,0.0006608999101445079,0.027770706452429295,0.020615024492144585,0.0006814077205490321,0.027057613246142864,0.02092288713902235,0.0007053039153106511
966,0.07042693346738815,0.7339209914207458,0.012123593594878912,0.01011834666132927,0.000469241727842018,0.011765847448259592,0.008881429675966501,0.0004896905738860369,0.01151991542428732,0.010134389623999596,0.0005119199340697378
967,0.08371251076459885,0.697960615158081,0.015519844368100166,0.010035348124802113,0.0004941713123116642,0.015178587287664413,0.011506868992000818,0.0005203608016017824,0.014968040864914656,0.010247910395264626,0.0005494459765031934
968,0.06750544905662537,3.427565097808838,0.013793670805171132,0.006537799839861691,0.0003508225781843066,0.014234407106414437,0.006591930985450745,0.0003745870781131089,0.0147409753408283,0.007117021596059203,0.0003969998797401786
969,0.0972224660217762,1.3983582258224487,0.014679152518510818,0.021169917192310095,0.00035641223075799644,0.014616791624575853,0.006764754420146346,0.00036840513348579407,0.014811330009251833,0.020749778021126986,0.00038286812196020037
970,0.0814758650958538,0.9263207316398621,0.014985724119469523,0.011474488535895944,0.0004409488174133003,0.014608399709686637,0.01004466344602406,0.0004519074864219874,0.01434837281703949,0.01058012736029923,0.0004656656237784773
971,0.0692949965596199,2.3396153450012207,0.012082021217793226,0.007905808510258794,0.0004077521589351818,0.0124754523858428,0.00949504692107439,0.0004207296733511612,0.01298411563038826,0.009298673365265131,0.00043498771265149117
972,0.10021358728408813,1.7666963338851929,0.017059266101568937,0.013749668374657631,0.0004634787328541279,0.017346313688904047,0.014156745746731758,0.0004723797901533544,0.01767723122611642,0.014550342690199614,0.00048264689394272864
973,0.07632561028003693,0.46444955468177795,0.013752759667113423,0.012736327014863491,0.0003596241003833711,0.013501115376129746,0.009122031508013606,0.00037581479409709573,0.013331677531823516,0.009371610009111464,0.0003920829913113266
974,0.5214995816349983,1.8206274509429932,0.12368282163515687,0.05857305461540818,0.0009021830628626049,0.12327205156907439,0.02556534530594945,0.0009086655918508768,0.12299874424934387,0.05649624578654766,0.0009169758995994925
975,0.13281287997961044,1.3809236288070679,0.02655857615172863,0.012181300669908524,0.000361561294994317,0.026182345114648342,0.018944678362458944,0.0003685962365125306,0.025861643254756927,0.01865729410201311,0.0003766032968997024
976,0.07289408147335052,1.597007155418396,0.01201083604246378,0.010097427759319544,0.00043611059663817286,0.011986429803073406,0.01004454679787159,0.00045419303933158517,0.012122164480388165,0.011173779144883156,0.00047442069626413286
977,0.06663148384541273,2.2079527378082275,0.01204869826324284,0.008847698802128434,0.00036914322117809206,0.011487157084047794,0.00956626608967781,0.0003751048934645951,0.010977885918691754,0.009197931503877044,0.00038221426075324416
978,0.08092977665364742,2.9572408199310303,0.017281341832131147,0.008196214213967323,0.0003846816543955356,0.01643160218372941,0.00915758777409792,0.00039257516618818045,0.015644970815628767,0.009498439263552427,0.0004026480601169169
979,0.0784434974193573,1.7859454154968262,0.01590328849852085,0.008939957711845636,0.0003843334561679512,0.015336536802351475,0.009134492604061961,0.0003936076973332092,0.014785083010792732,0.009614781476557255,0.0004043979715788737
980,0.07130679115653038,1.2310172319412231,0.013455988839268684,0.009366666432470083,0.000432357017416507,0.013061638921499252,0.008949216920882463,0.00044404147774912417,0.012718758080154657,0.008416894357651472,0.0004580079548759386
981,0.06108003482222557,0.5600507855415344,0.01278607314452529,0.0070107062347233295,0.0003080855094594881,0.012572547886520624,0.006059043342247605,0.0003150556731270626,0.012401459738612175,0.006463364232331514,0.00032356886367779225
982,0.07651177421212196,1.3725404739379883,0.01229607779532671,0.011733303312212229,0.0004364408232504502,0.012360215652734041,0.010305470321327448,0.000442004602518864,0.01255336543545127,0.011952822096645832,0.000449183804448694
983,0.1369225885719061,0.6744895577430725,0.02338580461218953,0.019950405228883028,0.0005112982908030972,0.023045418551191688,0.020834029652178288,0.0005173862009542063,0.022760997992008924,0.020730467280372977,0.0005251807742752135
984,0.11397293582558632,2.213799238204956,0.02039417391642928,0.018306168261915445,0.0004495769535424188,0.019548024516552687,0.01474091224372387,0.0004595726786646992,0.018921558745205402,0.016532849054783583,0.00047316351265180856
985,0.0991603285074234,1.4519727230072021,0.015847529284656048,0.014590098988264799,0.0005400635418482125,0.015994178131222725,0.014551174826920033,0.0005507021269295365,0.016326175071299076,0.01523209735751152,0.0005640047893393785
986,0.05979400686919689,1.1742849349975586,0.009830829920247197,0.008408887893892825,0.0003470615774858743,0.009869982488453388,0.008890890632756054,0.0003582377394195646,0.009994889609515667,0.008486324572004378,0.00037275215436238796
987,0.14591901004314423,1.6840038299560547,0.021207283716648817,0.02471040189266205,0.0005890095344511792,0.021335442550480366,0.0250335237942636,0.0006006744224578142,0.02154883462935686,0.024867007974535227,0.0006144462386146188
988,0.12669982388615608,2.862288475036621,0.023933352902531624,0.015068446984514594,0.0006318475061561912,0.02299161907285452,0.016604394651949406,0.000639845326077193,0.022199819795787334,0.018205785658210516,0.0006524091295432299
989,0.1073644757270813,1.1516518592834473,0.01615222031250596,0.017758363857865334,0.000574224250158295,0.016129052732139826,0.0171738606877625,0.000577094528125599,0.016145427245646715,0.017073932103812695,0.0005815866752527654
990,0.08389294892549515,0.8596632480621338,0.013650544453412294,0.01290920004248619,0.0005182816094020382,0.013388095889240503,0.011849348433315754,0.0005331314605427906,0.013413477223366499,0.012269672006368637,0.0005517399113159627
991,0.07686097174882889,2.0362777709960938,0.01480331551283598,0.009295629803091288,0.00034314795630052686,0.01438390277326107,0.010036379098892212,0.0003531268157530576,0.014034691732376814,0.010065387468785048,0.00036414130590856075
992,0.08697482943534851,1.7527014017105103,0.014778131153434515,0.013039747253060341,0.00047235985402949154,0.014246806502342224,0.012092449236661196,0.0004773304390255362,0.01378489751368761,0.013298343401402235,0.00048392312601208687
993,0.054211754351854324,0.9175621867179871,0.00792218977585435,0.007788308663293719,0.00041945194243453443,0.007750693941488862,0.008932221215218306,0.0004332385287852958,0.007788272574543953,0.008824909571558237,0.00044859953050035983
994,0.05585644766688347,1.0831047296524048,0.009720864240080118,0.007960555842146277,0.0004128594446228817,0.009052127366885543,0.006774147506803274,0.00043781695421785116,0.00853930227458477,0.008546754717826843,0.000464997356175445
995,0.0847068689763546,2.2253849506378174,0.01663773786276579,0.009208074770867825,0.00042515748646110296,0.01685609621927142,0.009506937582045794,0.00044010477722622454,0.017262952867895365,0.009949993574991822,0.0004560055385809392
996,0.1570359244942665,1.6623954772949219,0.022882412187755108,0.02612382359802723,0.0007728681957814842,0.023188885301351547,0.027407068759202957,0.0007774182013235986,0.023591519333422184,0.024503299966454506,0.000784441304858774
997,0.11504177749156952,0.8973942399024963,0.01940661109983921,0.018278966657817364,0.0005609420622931793,0.01924004126340151,0.01541472552344203,0.0005679885944118723,0.019136876799166203,0.016734108794480562,0.0005786808469565585
998,0.13184340298175812,1.440289855003357,0.02353988913819194,0.016493144910782576,0.0006297497020568699,0.022908567916601896,0.020670166239142418,0.0006508718361146748,0.02233403269201517,0.01807603193446994,0.0006747718434780836
999,0.25003857910633087,1.0929750204086304,0.053167516365647316,0.02808798849582672,0.0008826815464999527,0.05280751269310713,0.02577634248882532,0.0008925636648200452,0.052586741745471954,0.026887793093919754,0.0009059254080057144
1000,0.06763484701514244,2.2605092525482178,0.010604694951325655,0.010121566941961646,0.00044419796904549,0.010791805107146502,0.009431041311472654,0.0004669549234677106,0.011100304778665304,0.009983864845708013,0.0004892396536888555
1001,0.08949070423841476,0.6717774271965027,0.013781608082354069,0.015089867170900106,0.0004928827111143619,0.013584403786808252,0.015311913564801216,0.0005097007961012423,0.01349259028211236,0.012116147670894861,0.000525960058439523
1002,0.07184005528688431,0.6944833993911743,0.011094264220446348,0.011031336151063442,0.00045731154386885464,0.01058705011382699,0.012237523216754198,0.0004748959909193218,0.010318512097001076,0.010861174203455448,0.0004953407478751615
1003,0.1427905149757862,1.499490737915039,0.022463073255494237,0.02549553709104657,0.0004692041839007288,0.0217925941105932,0.020593024790287018,0.0004778214788530022,0.021410851972177625,0.02529178559780121,0.0004888868425041437
1004,0.4136371724307537,1.0327404737472534,0.10473128780722618,0.023692656541243196,0.0010904133960139006,0.10444158921018243,0.03958607721142471,0.0010961780353682116,0.10423480533063412,0.023795517161488533,0.0011022290273103863
1005,0.08116914704442024,0.619384229183197,0.013065692037343979,0.012088880874216557,0.0005330777785275131,0.012656291015446186,0.011987234465777874,0.0005514806107385084,0.012586545199155807,0.012151353992521763,0.0005737289757234976
1006,0.0732656754553318,0.6505141258239746,0.012927350588142872,0.00848387903533876,0.00038194133958313614,0.012704003136605024,0.012182320468127728,0.00040517584420740604,0.012599695473909378,0.009500634390860796,0.0004298304847907275
1007,0.037028899416327477,1.2080178260803223,0.006372486241161823,0.004565819865092635,0.0003203678352292627,0.00603290693834424,0.004957808647304773,0.00034141902870032936,0.005915994057431817,0.005074262851849198,0.00036561841261573136
1008,0.1029135175049305,2.9715633392333984,0.016480516642332077,0.017740437062457204,0.00046434803516604006,0.016762892715632915,0.01972706103697419,0.0004854302969761193,0.017296925652772188,0.009068264160305262,0.0005095780943520367
1009,0.0995631255209446,1.204755425453186,0.01816178811714053,0.009163712617009878,0.0004766467463923618,0.017829592805355787,0.020485389977693558,0.0005045295401941985,0.01780653977766633,0.010049703530967236,0.0005354228196665645
1010,0.07006032206118107,3.009937047958374,0.011181458830833435,0.01031642104499042,0.00038671214133501053,0.011684945784509182,0.009234118275344372,0.00039522061706520617,0.012307808734476566,0.010584738105535507,0.00040577471372671425
1011,0.1305764615535736,0.9447624683380127,0.022038712166249752,0.015731660183519125,0.0005027544975746423,0.021676345262676477,0.02899578306823969,0.0005136669788043946,0.021430515218526125,0.014531518798321486,0.000526560703292489
1012,0.15707803517580032,0.6076153516769409,0.0253534484654665,0.01802472583949566,0.0005178233841434121,0.0248124897480011,0.03013161290436983,0.0005375622713472694,0.024612074717879295,0.027682743966579437,0.0005598468706011772
1013,0.1604778990149498,4.237371921539307,0.033294107764959335,0.017714546993374825,0.0004532541206572205,0.03426626790314913,0.016934199258685112,0.00047273997915908694,0.03526062052696943,0.01732443831861019,0.0004949369467794895
1014,0.09988193958997726,2.216667652130127,0.020277898758649826,0.02036140696145594,0.0003473236574791372,0.02034794259816408,0.0068560505751520395,0.0003632454026956111,0.02069003041833639,0.0069819719064980745,0.00038109105662442744
1015,0.07024659030139446,0.7577361464500427,0.012702920008450747,0.009386613499373198,0.0003705164708662778,0.01234727306291461,0.009158012922853231,0.0003819952835328877,0.012216336326673627,0.009847910143435001,0.000394369475543499
1016,0.08313611708581448,3.7090587615966797,0.01890611369162798,0.008980936370790005,0.00036311014264356345,0.017708958126604557,0.008892364799976349,0.0003735179780051112,0.016586726997047663,0.0075663013849407434,0.0003870500804623589
1017,0.0902895350009203,1.1515235900878906,0.015396976377815008,0.01437491923570633,0.00041183395660482347,0.014921882655471563,0.01450171647593379,0.0004187616577837616,0.014535045716911554,0.011522338958457112,0.0004285698232706636
1018,0.054182153195142746,1.448871374130249,0.009365824749693274,0.007129915407858789,0.0003929993399651721,0.008854212006554008,0.008011918747797608,0.00039942322473507375,0.00849509029649198,0.007524601300247014,0.00040772535430733114
1019,0.08201147243380547,1.9378015995025635,0.016980391927063465,0.009631001856178045,0.00035846405080519617,0.016276946291327477,0.009316331706941128,0.00036669959081336856,0.015688094776123762,0.009711175225675106,0.000376720039639622
1020,0.08299440890550613,1.0953271389007568,0.0169308390468359,0.00922172935679555,0.00042762819794006646,0.01680368185043335,0.008939740248024464,0.00043635760084725916,0.016726513393223286,0.009127398487180471,0.0004471399006433785
1021,0.1357242651283741,2.5980260372161865,0.02262803609482944,0.020082429982721806,0.0005053148197475821,0.022829602239653468,0.019793341867625713,0.0005262369668344036,0.02321575046516955,0.020848682615906,0.0005500538973137736
1022,0.126085065305233,0.7130694389343262,0.020257634110748768,0.018911199644207954,0.0006125592044554651,0.019968197215348482,0.020628619007766247,0.000627542904112488,0.019820024725049734,0.01896338351070881,0.0006439013232011348
1023,0.6801980622112751,3.486586093902588,0.15036367205902934,0.10079510230571032,0.0009740441018948331,0.1522473618388176,0.09016951266676188,0.0009706297132652253,0.1495776199735701,0.025389449205249548,0.0009691569139249623
1024,0.11203030869364738,1.5355463027954102,0.019852982833981514,0.020943614654242992,0.00043403114250395447,0.01928729936480522,0.01005098782479763,0.00045232553384266794,0.01883613271638751,0.017622861079871655,0.00047275034012272954
1025,0.06226027198135853,1.0407487154006958,0.011362193617969751,0.007873362745158374,0.00035161280538886786,0.01135352486744523,0.007741005741991103,0.00036046003515366465,0.011505784001201391,0.008099279832094908,0.0003692076788865961
1026,0.0666736327111721,1.907584547996521,0.014746933011338115,0.006066493922844529,0.0002885041176341474,0.014107056194916368,0.007315534399822354,0.000295618679956533,0.013582284096628428,0.007303842576220632,0.00030374903872143477
1027,0.05656846612691879,0.8273564577102661,0.009619171498343349,0.00802820990793407,0.000372575712390244,0.009359053336083889,0.007808438618667424,0.0003876118134940043,0.009269922971725464,0.007825072389096022,0.00040446146158501506
1028,0.08906614035367966,0.5474165081977844,0.01789340190589428,0.010532567743211985,0.00038685844629071653,0.017690610140562057,0.010678033344447613,0.0003942543262382969,0.017558148130774498,0.009974523913115263,0.00040360204002354294
1029,0.2590048089623451,4.150097846984863,0.06060139928013086,0.02517871162854135,0.0005744245136156678,0.05919066909700632,0.0233474038541317,0.0005897458177059889,0.057858108542859554,0.02573710586875677,0.0006086777721066028
1030,0.11705181375145912,2.1190075874328613,0.022233114577829838,0.015460492577403784,0.0006148819520603865,0.02139457780867815,0.014721315586939454,0.0006244315591175109,0.020700328052043915,0.015033279079943895,0.0006378625403158367
1031,0.059185292571783066,1.584883451461792,0.012663653586059809,0.0056676859967410564,0.00026955766952596605,0.012608503922820091,0.005926696117967367,0.0002798390341922641,0.012755449395626783,0.006201786687597632,0.00029098245431669056
1032,0.06090599112212658,1.0093002319335938,0.010705065913498402,0.009464090457186103,0.0003416067484067753,0.010339520871639252,0.009377646259963512,0.00036491977516561747,0.010253600776195526,0.00638164603151381,0.00038957895594649017
1033,0.09838933497667313,2.089000940322876,0.01987627800554037,0.012846786994487047,0.00046348953037522733,0.018799269571900368,0.011387025937438011,0.0004808101075468585,0.01786259701475501,0.011834271252155304,0.0005014764174120501
1034,0.07618327811360359,0.7558118104934692,0.015621538739651442,0.00833631819114089,0.000366187741747126,0.015514902770519257,0.008394829463213682,0.00037962391797918826,0.01551970699802041,0.008233188651502132,0.00039488640322815627
1035,0.046980900689959526,1.2764860391616821,0.009651281172409654,0.004860414192080498,0.000264511167188175,0.009490379830822349,0.005100521957501769,0.0002815007173921913,0.00958497729152441,0.004907435271888971,0.0003004607278853655
1036,0.05815515108406544,1.0253349542617798,0.008880162611603737,0.008610858349129558,0.0004237129905959591,0.008813156746327877,0.008677772711962461,0.00043358276889193803,0.008979925652965903,0.008978671627119184,0.00044635582889895886
1037,0.15453148819506168,1.5009251832962036,0.02363765239715576,0.028790793614462018,0.0006030492222635075,0.023706952575594187,0.029852980514988303,0.0006247984565561637,0.02390032378025353,0.017142177559435368,0.000647304579615593
1038,0.13231562823057175,3.647824764251709,0.027727236039936543,0.01631417777389288,0.0004453413130249828,0.026430177502334118,0.01552422484382987,0.00045755194150842726,0.02524383831769228,0.015564346220344305,0.000475014909170568
1039,0.5298493020236492,3.685786247253418,0.1062929006293416,0.0685485084541142,0.0009912015520967543,0.1054338188841939,0.06877501821145415,0.0009880239085759968,0.10465454403311014,0.06427978305146098,0.0009869539935607463
1040,0.08955156616866589,3.2664828300476074,0.02139862161129713,0.009121064562350512,0.0003503705083858222,0.020147596951574087,0.007481580600142479,0.0003618138434831053,0.01899692276492715,0.0080524911172688,0.00037613701715599746
1041,0.15955616533756256,1.3670148849487305,0.02739729918539524,0.02261060127057135,0.0004865644150413573,0.026894963812083006,0.027265647891908884,0.0004978353099431843,0.026480797212570906,0.022924982011318207,0.0005110653873998672
1042,0.12919964641332626,2.346715211868286,0.029659627005457878,0.011927648447453976,0.000461605261079967,0.028743174858391285,0.01249266741797328,0.0004796898574568331,0.027892008423805237,0.01271585188806057,0.0005008716543670744
1043,0.11952800676226616,0.4774248003959656,0.02165601123124361,0.015877509023994207,0.0006617376348003745,0.02126362919807434,0.015919484198093414,0.0006852483202237636,0.0209831353276968,0.015593605581671,0.0007116731721907854
1044,0.12282060831785202,3.453537940979004,0.029041388537734747,0.010815471410751343,0.0003543458296917379,0.027709041722118855,0.009695340879261494,0.0003687818825710565,0.026400226168334484,0.014723684638738632,0.0003857365227304399
1045,0.1589013934135437,1.3323079347610474,0.025377264246344566,0.025601916015148163,0.0005724156508222222,0.025441225618124008,0.025239886716008186,0.0005800220533274114,0.025633640587329865,0.02463595662266016,0.0005904397694393992
1046,0.04304077289998531,1.4671612977981567,0.007262855535373092,0.00513015512842685,0.00035401107743382454,0.006538576912134886,0.006726573687046766,0.0003754796489374712,0.006076543591916561,0.006783866789191961,0.00040105966036207974
1047,0.08215140923857689,1.1857818365097046,0.015060600824654102,0.010954822413623333,0.0004252480866853148,0.015001009684056044,0.010215085465461016,0.00044170839828439057,0.015113788191229105,0.010490195360034704,0.0004620194958988577
1048,0.07872162014245987,1.9211751222610474,0.013342343736439943,0.010569395963102579,0.00042034420766867697,0.013250147458165884,0.011853013653308153,0.0004405431973282248,0.013530026655644178,0.010880015324801207,0.0004632808704627678
1049,0.10997214913368225,1.147991418838501,0.019678672775626183,0.015824618749320507,0.0005631319945678115,0.018969076685607433,0.01501849852502346,0.0005879743839614093,0.018408329226076603,0.015005909372121096,0.0006156545132398605
1050,0.07226350717246532,1.5381369590759277,0.011508193798363209,0.009803735418245196,0.000534030856215395,0.011288850335404277,0.010463139275088906,0.0005676848231814802,0.011342930840328336,0.011040901765227318,0.000602223415626213
1051,0.13914012908935547,0.56634521484375,0.02007748791947961,0.022574356757104397,0.0007345426129177213,0.019963897299021482,0.025272569619119167,0.0007408327073790133,0.01998541271314025,0.022361078765243292,0.0007509556307923049
1052,0.08539406582713127,2.8498308658599854,0.014402702916413546,0.011166931595653296,0.0004797566798515618,0.014765053521841764,0.012305280659347773,0.0005018318479415029,0.015394507441669703,0.011327637359499931,0.0005263997882138938
1053,0.11185796558856964,2.5268821716308594,0.023485529236495495,0.012453617062419653,0.0004728629137389362,0.022329222410917282,0.013906813226640224,0.0004884057561866939,0.02132666390389204,0.012468569446355104,0.0005106206226628274
1054,0.0697814580053091,0.6692469716072083,0.012210980523377657,0.008670235518366098,0.00038838383625261486,0.011923338286578655,0.011497470084577799,0.00040813851228449494,0.011708557140082121,0.008874359540641308,0.0004276065737940371
1055,0.07522045075893402,1.6008111238479614,0.012772152666002512,0.010430023074150085,0.00042118821875192225,0.012565938290208578,0.010449887253344059,0.0004408593667903915,0.012672147247940302,0.011037829797714949,0.00046107053640298545
1056,0.1655178964138031,1.9589042663574219,0.034880213905125856,0.02264321781694889,0.0004913087759632617,0.03364635305479169,0.01956944866105914,0.0005153179808985442,0.032823366578668356,0.015764396637678146,0.0005411003658082336
1057,0.3683671783655882,3.5268521308898926,0.09601736324839294,0.025204047560691833,0.000843106274260208,0.09491991507820785,0.024562287610024214,0.0008368793496629223,0.09397635818459094,0.023632450494915247,0.0008337014296557754
1058,0.4911957383155823,3.8904008865356445,0.10830918699502945,0.064229398034513,0.00116157706361264,0.10715157818049192,0.030065489001572132,0.0011568170157261193,0.10618981439620256,0.061351933516561985,0.001156192971393466
1059,0.09940526634454727,1.0750744342803955,0.01622763415798545,0.015334805939346552,0.0005469595198519528,0.016083663795143366,0.013799244537949562,0.0005657580040860921,0.016176856588572264,0.014979536645114422,0.0005881641991436481
1060,0.09640560671687126,1.6122418642044067,0.014864759519696236,0.01508633466437459,0.0005184545880183578,0.01517103286460042,0.013428171165287495,0.0005310543347150087,0.015585214365273714,0.015891513787209988,0.0005451363686006516
1061,0.08422201871871948,0.5587432980537415,0.013394892681390047,0.014218322932720184,0.0005120117566548288,0.013035671785473824,0.012163889594376087,0.000521467300131917,0.012862755451351404,0.012276668567210436,0.0005339755734894425
1062,0.7199962735176086,3.7629899978637695,0.17293228954076767,0.03661859594285488,0.0011916342191398144,0.17176355049014091,0.07796644698828459,0.0011997526744380593,0.1707363910973072,0.07556477468460798,0.0012121731124352664
1063,0.07642992213368416,1.3093868494033813,0.01273877895437181,0.011317132040858269,0.0004621214175131172,0.012255444889888167,0.010516231181100011,0.0004888831463176757,0.012339659268036485,0.011393151944503188,0.0005163771857041866
1064,0.16486751660704613,0.5314942598342896,0.02856378024443984,0.015009727329015732,0.000532016551005654,0.02808117470704019,0.02909675519913435,0.0005531154165510088,0.027816157322376966,0.02966612041927874,0.0005733167927246541
1065,0.148794524371624,0.9908828139305115,0.034012204967439175,0.014343366026878357,0.00046777198440395296,0.03331438545137644,0.013826243579387665,0.0004961621889378875,0.03273569652810693,0.01459897542372346,0.0005269790417514741
1066,0.05520373582839966,0.6049022078514099,0.009907795581966639,0.006517377682030201,0.00035373643913771957,0.009430752601474524,0.007252889219671488,0.0003732589539140463,0.00928992498666048,0.008317420491948724,0.00039489829214289784
1067,0.07975968345999718,1.9214051961898804,0.014410055708140135,0.010572368744760752,0.00039349214057438076,0.014056191314011812,0.010656103026121855,0.00042343563109170645,0.014359220396727324,0.01062216516584158,0.00045396696077659726
1068,0.1261170282959938,0.8983637094497681,0.020055320346727967,0.021522566443309188,0.0004966554115526378,0.01983473915606737,0.018076487351208925,0.0005145862087374553,0.019872380886226892,0.020571416011080146,0.0005347873520804569
1069,0.10751787573099136,2.2008633613586426,0.019350675866007805,0.01338981231674552,0.000543845584616065,0.01975052710622549,0.014312174636870623,0.0005634237604681402,0.020246433559805155,0.01369446562603116,0.0005861768731847405
1070,0.04300493374466896,0.5190623998641968,0.008831828832626343,0.0044708786299452186,0.00026719320158008486,0.008329576579853892,0.0048732939176261425,0.0002936322271125391,0.008116105105727911,0.004856443963944912,0.0003208762063877657
1071,0.12008975446224213,1.5435055494308472,0.016936082858592272,0.019229602068662643,0.0006948456866666675,0.017143005039542913,0.019958439748734236,0.0007062603981466964,0.017552675679326057,0.020788201596587896,0.0007193303608801216
1072,0.08826199918985367,2.3994967937469482,0.01881288457661867,0.010531291365623474,0.0003211068396922201,0.01785241812467575,0.0092573924921453,0.00034030330425594,0.01698623364791274,0.010728771332651377,0.0003618408227339387
1073,0.10047485679388046,3.1430368423461914,0.01643712678924203,0.007735580205917358,0.00035159813705831766,0.016990788746625185,0.01821497897617519,0.00036460126284509897,0.01766427466645837,0.01904725912027061,0.0003800141712417826
1074,0.06752180308103561,3.4027984142303467,0.011914015980437398,0.008506007492542267,0.00042165821650996804,0.012401487212628126,0.008048517163842916,0.00045264200889505446,0.013023818843066692,0.008204801240935922,0.00048148892528843135
1075,0.614155650138855,2.096735715866089,0.13702150620520115,0.06902830488979816,0.0010653069766703993,0.13680451549589634,0.08466656040400267,0.0010624476708471775,0.1377815306186676,0.036086578853428364,0.0010639172105584294
1076,0.1236957237124443,1.7468295097351074,0.023603235371410847,0.017050819471478462,0.00047484760580118746,0.02271861582994461,0.014725688379257917,0.0004971634189132601,0.02206379547715187,0.017562702763825655,0.000520707544637844
1077,0.1304468847811222,3.019357204437256,0.02340318262577057,0.016778566874563694,0.0006593821453861892,0.022112416103482246,0.02028524922206998,0.0006759388197679073,0.020940951071679592,0.01880243280902505,0.0006956994911888614
1078,0.07034178636968136,0.7259387373924255,0.010512936627492309,0.011121310293674469,0.00042273144936189055,0.010257494868710637,0.011695743072777987,0.00043662439566105604,0.010106294183060527,0.011397132184356451,0.0004533625324256718
1079,0.15061116591095924,2.0016510486602783,0.02564625907689333,0.02237698994576931,0.0006007181364111602,0.025092026218771935,0.023069419898092747,0.0006126401713117957,0.024558191187679768,0.022493972443044186,0.0006302159163169563
1080,0.15230899304151535,3.686797618865967,0.029476947151124477,0.019765436183661222,0.0005068910832051188,0.028007290326058865,0.019577331840991974,0.000521754554938525,0.026634758338332176,0.02257118420675397,0.0005403661634773016
1081,0.09000985883176327,0.8383496999740601,0.013688542414456606,0.013524915324524045,0.0005570416833506897,0.013557782396674156,0.013151521561667323,0.0005672512052115053,0.013578839134424925,0.015697335824370384,0.0005784372915513813
1082,0.08276929706335068,1.1449356079101562,0.014238260220736265,0.0117443916387856,0.0004598283558152616,0.013967940118163824,0.011415095068514347,0.00047132115287240595,0.01396596571430564,0.011772607453167439,0.0004851095436606556
1083,0.06940002739429474,0.8272300362586975,0.012208345346152782,0.009236778365448117,0.00039701546484138817,0.012033321894705296,0.009224586887285113,0.0004095746553502977,0.012002986390143633,0.009774076519533992,0.0004233924701111391
1084,0.0621649157255888,0.8231329917907715,0.010498688090592623,0.009890647605061531,0.0003863326273858547,0.010061906185001135,0.008590743178501725,0.0003935814747819677,0.009873612318187952,0.008517239009961486,0.0004031058051623404
1085,0.1130194254219532,2.2777929306030273,0.01811123499646783,0.013412462081760168,0.0005438603984657675,0.018428675830364227,0.013649930013343692,0.0005630497180391103,0.018926654011011124,0.02372745517641306,0.0005838424258399755
1086,0.03344045393168926,2.9272167682647705,0.0050370285753160715,0.004646278219297528,0.0003038517461391166,0.005212518852204084,0.004130772431381047,0.00033710319257806987,0.005625217687338591,0.004757592687383294,0.0003668062709039077
1087,0.05653303675353527,0.5746244788169861,0.010838191024959087,0.006528931204229593,0.0004254355444572866,0.010303656570613384,0.006750428816303611,0.0004498287453316152,0.009890063665807247,0.0068159333895891905,0.0004761941236210987
1088,0.22096586227416992,3.066979169845581,0.05162011831998825,0.02125547267496586,0.0007210266776382923,0.050556345377117395,0.01868124958127737,0.0007325431797653437,0.049574042204767466,0.02046832535415888,0.0007490078278351575
1089,0.06884840875864029,2.023130416870117,0.011302802711725235,0.007951367646455765,0.0003862466401187703,0.011651625856757164,0.008876262698322535,0.0004058708291267976,0.012139948550611734,0.012053859187290072,0.0004260172136127949
1090,0.08319026976823807,1.5297313928604126,0.01507332781329751,0.010314191691577435,0.0003973104903707281,0.0144401416182518,0.013968990184366703,0.0004124721308471635,0.013995902612805367,0.01043699774891138,0.00043039716547355056
1091,0.08218943327665329,2.0134427547454834,0.014858485665172338,0.012306827586144209,0.0004507742414716631,0.014048934448510408,0.009833066258579493,0.0004613390628946945,0.013377026421949267,0.012218889314681292,0.0004744372854474932
1092,0.12398814409971237,1.0772558450698853,0.01968909683637321,0.023776831571012735,0.0005071477498859167,0.019438165705651045,0.01126410800497979,0.0005358966591302305,0.01942345406860113,0.02396526769734919,0.0005647619545925409
1093,0.14985530078411102,1.168274998664856,0.024667471647262573,0.024154063314199448,0.0007396826986223459,0.024250262416899204,0.021634146571159363,0.0007528217684011906,0.023953361436724663,0.022147166542708874,0.0007697006803937256
1094,0.057546934112906456,2.783237934112549,0.009579505072906613,0.007420778041705489,0.0003423380112508312,0.009903026511892676,0.007772077457047999,0.0003704648988787085,0.010360064217820764,0.008054206846281886,0.00040151586290448904
1095,0.11886312067508698,1.0255814790725708,0.02185325138270855,0.016079490073025227,0.0005277393793221563,0.0212881276383996,0.016988967545330524,0.0005383099196478724,0.020820675417780876,0.015355878043919802,0.0005531341885216534
1096,0.12414615601301193,0.8292722702026367,0.019774492364376783,0.019165928941220045,0.0005941122944932431,0.0190776651725173,0.019438257440924644,0.0006108314846642315,0.01864518178626895,0.020702379755675793,0.0006306199938990176
1097,0.10247527435421944,0.6000562906265259,0.017623096704483032,0.013762549962848425,0.0005395093030529097,0.017246543429791927,0.015370337292551994,0.0005516805977094918,0.017007464077323675,0.01483620097860694,0.0005660797760356218
1098,0.5670715123414993,2.1280884742736816,0.1340535543859005,0.02669898932799697,0.0009514903795206919,0.13367692613974214,0.06488645914942026,0.0009492660756222904,0.13351356564089656,0.06283553317189217,0.000950860368902795
1099,0.950337678194046,6.508097171783447,0.21780453622341156,0.0872300025075674,0.0015268700663000345,0.2166152223944664,0.11912593990564346,0.0015019509592093527,0.2154465764760971,0.07607343979179859,0.0014816708862781525
1100,0.05724983476102352,1.1852751970291138,0.010797530179843307,0.006816631415858865,0.000367803149856627,0.010273434454575181,0.00705674896016717,0.00039856375951785594,0.010033696657046676,0.0074939902406185865,0.0004280842549633235
1101,0.06526773795485497,1.1838574409484863,0.010719927493482828,0.00928629795089364,0.0004385645443107933,0.01047199359163642,0.00927728577516973,0.00045213902194518596,0.010714256670325994,0.009360835421830416,0.00046858182759024203
1102,0.12442129105329514,3.171656608581543,0.024196071550250053,0.018098941538482904,0.000634203664958477,0.022625820711255074,0.015076388604938984,0.0006489635998150334,0.02129166293889284,0.015325631946325302,0.0006685273401672021
1103,0.1393633335828781,2.502246141433716,0.026527294889092445,0.01880087424069643,0.0005049502215115353,0.02525123953819275,0.02019739057868719,0.0005242549814283848,0.02434257324784994,0.017937824595719576,0.000547329371329397
1104,0.13754524290561676,1.791015386581421,0.01939370669424534,0.02239607647061348,0.0007365037454292178,0.019814738538116217,0.02354364236816764,0.0007462974754162133,0.020432474557310343,0.02299519395455718,0.0007595513307023793
1105,0.0852653793990612,1.0745651721954346,0.01394235622137785,0.013924290891736746,0.0004728669300675392,0.013411755207926035,0.01094513339921832,0.0004890779237030074,0.01315388735383749,0.014002247946336865,0.0005094818625366315
1106,0.06544801592826843,1.5427813529968262,0.01060032518580556,0.009503858629614115,0.0004334727709647268,0.010421216953545809,0.009511268232017756,0.000458011869341135,0.010714097414165735,0.00919786561280489,0.0004833614657400176
1107,0.11607782356441021,0.54723060131073,0.017265996430069208,0.02424057014286518,0.000471349703730084,0.01675882376730442,0.010817663744091988,0.0004991936293663457,0.01660243421792984,0.02440451947040856,0.0005264111387077719
1108,0.1298803798854351,0.7540764212608337,0.02193870721384883,0.019563714740797877,0.0005195746052777395,0.02151244366541505,0.019339775666594505,0.0005354122549761087,0.021244415547698736,0.01985109504312277,0.0005525693122763187
1109,0.10824526846408844,0.9954193234443665,0.02002009190618992,0.016114226076751947,0.0006171163986437023,0.019159857649356127,0.013366054277867079,0.0006414453964680433,0.018550214357674122,0.013332967646420002,0.0006669008289463818
1110,0.10760536044836044,5.513676166534424,0.02645301166921854,0.01006403798237443,0.00043806523899547756,0.023928970098495483,0.01014710869640112,0.0004602217086357996,0.021508803591132164,0.00995535310357809,0.0004887305694865063
1111,0.12096705287694931,2.0012197494506836,0.02223747968673706,0.017218814929947257,0.0005147706397110596,0.022206063382327557,0.014462865423411131,0.0005389393481891602,0.022576630115509033,0.015791384736075997,0.0005647455400321633
1112,0.07530024461448193,0.707288920879364,0.013686592690646648,0.009722701273858547,0.00039769294380676,0.013422050513327122,0.010281256632879376,0.000411372137023136,0.013338129967451096,0.009901484940201044,0.00042794167529791594
1113,0.4737426247447729,1.5994776487350464,0.1206337627954781,0.02417634311132133,0.0008583693124819547,0.12034024158492684,0.055008779279887676,0.000865014735609293,0.12011554324999452,0.02306796982884407,0.000876611506100744
1114,0.06141429767012596,0.46509048342704773,0.010086283087730408,0.009159261360764503,0.0004408275563037023,0.009494066704064608,0.008959938772022724,0.00047263655869755894,0.009238200495019555,0.008802618365734816,0.0005050176696386188
1115,0.6091701164841652,5.454029560089111,0.13381161354482174,0.06731863040477037,0.000975553528405726,0.13262984156608582,0.06466236198320985,0.0009883026941679418,0.1300303302705288,0.06883035134524107,0.0010078874765895307
1116,0.06572528183460236,0.8176888227462769,0.012331926729530096,0.008536868030205369,0.00035207341716159135,0.011498956009745598,0.009039453696459532,0.00037738225364591926,0.01105000008828938,0.008736191783100367,0.00040351549978367984
1117,0.08729669451713562,3.877399206161499,0.02269729971885681,0.007825734559446573,0.0003300149110145867,0.020652116276323795,0.006329270312562585,0.00035765710345003754,0.018776942044496536,0.006701940670609474,0.00039067622856236994
1118,0.06564715318381786,0.8198208212852478,0.01280933665111661,0.007584377890452743,0.00035010471765417606,0.012052336474880576,0.007934647146612406,0.00038670029607601464,0.01168656232766807,0.00894368882291019,0.00042224524077028036
1119,0.0534967016428709,1.0576822757720947,0.007370921783149242,0.009297041688114405,0.0002893161727115512,0.00730627216398716,0.009229251416400075,0.000302306012599729,0.0074807871133089066,0.009179739281535149,0.0003165503148920834
1120,0.08987560868263245,1.1210206747055054,0.01649521617218852,0.013114310801029205,0.00041335192508995533,0.015645778737962246,0.012510029599070549,0.00043656180787365884,0.015180253889411688,0.011680765077471733,0.00046239949006121606
1121,0.0665951557457447,1.5002481937408447,0.011509118601679802,0.008747909916564822,0.0004326577764004469,0.011179116321727633,0.009037022478878498,0.00046847604971844703,0.011247630463913083,0.009246627567335963,0.0005058001697761938
1122,0.11780918389558792,0.9228216409683228,0.025495771318674088,0.013094255700707436,0.0003945546632166952,0.0249339840374887,0.012173399329185486,0.0004161994729656726,0.02453869068995118,0.012580465758219361,0.00043740049295593053
1123,0.5340508297085762,3.0160694122314453,0.12530326191335917,0.06667169276624918,0.0009313990012742579,0.12406446319073439,0.055890693329274654,0.0009518909209873527,0.12303479015827179,0.027664355002343655,0.0009721055685076863
1124,0.12563972547650337,3.4881033897399902,0.022526375949382782,0.015270707663148642,0.0005658533482346684,0.023495912551879883,0.01605487847700715,0.0005905585712753236,0.024673336185514927,0.016513437032699585,0.0006198573973961174
1125,0.0904165618121624,0.8426459431648254,0.019412219058722258,0.009178056381642818,0.0004166691505815834,0.018320297356694937,0.009859276935458183,0.00045305481762625277,0.017943602986633778,0.01023910939693451,0.0004962766834069043
1126,0.061301931738853455,1.924257516860962,0.011660739313811064,0.006389111280441284,0.00035711770760826766,0.011675204150378704,0.00772841414436698,0.0003832981165032834,0.011993783991783857,0.007248232141137123,0.0004111963789910078
1127,0.5448033511638641,2.4290151596069336,0.1389761297032237,0.027290350757539272,0.0009799505642149597,0.13777602091431618,0.026401234325021505,0.000991100154351443,0.13686660025268793,0.0655910624191165,0.0010044344526249915
1128,0.09277178347110748,1.575643539428711,0.013808019924908876,0.01358075626194477,0.0005232308321865276,0.013731861487030983,0.014793346635997295,0.0005548091867240146,0.014014851301908493,0.01617488218471408,0.0005889760504942387
1129,0.052143704146146774,0.879790723323822,0.008830955484881997,0.008063593180850148,0.0003201781364623457,0.00823020818643272,0.007108914898708463,0.00033716068719513714,0.007971369894221425,0.007880808552727103,0.000357124037691392
1130,0.12835025042295456,0.7627567648887634,0.019974527414888144,0.019885720685124397,0.0006936355785001069,0.0194190782494843,0.020060063805431128,0.0007154115883167833,0.018932750448584557,0.021478185430169106,0.0007409332611132413
1131,0.057930340990424156,1.4872952699661255,0.010707417037338018,0.006532099097967148,0.00037719463580287993,0.010513727087527514,0.006796143017709255,0.0004098381759831682,0.010714751901105046,0.007749447599053383,0.00044215586967766285
1132,0.12702586874365807,4.309762954711914,0.025607711635529995,0.01328682852908969,0.0005497818783624098,0.026631377637386322,0.012775559909641743,0.0005976863030809909,0.02787234913557768,0.013671144377440214,0.0006477558927144855
1133,0.13498854637145996,2.755018711090088,0.02154741995036602,0.018481106497347355,0.0006832365179434419,0.022443115711212158,0.02173822931945324,0.0007023718499112874,0.023421968333423138,0.018932797480374575,0.0007203674758784473
1134,0.09064946696162224,0.7917527556419373,0.01623639278113842,0.012741511221975088,0.0004687239706981927,0.01561585022136569,0.012167183216661215,0.0004898556799162179,0.015447139274328947,0.01254412392154336,0.0005157380946911871
1135,0.09552327543497086,0.6934957504272461,0.01766961347311735,0.013292313553392887,0.0005111695500090718,0.017032161820679903,0.012148438021540642,0.0005284619401209056,0.01657185284420848,0.01245234813541174,0.0005495056975632906
1136,0.062240393832325935,0.7300803661346436,0.012324226554483175,0.006781144300475717,0.0003736572980415076,0.01138883107341826,0.0073628416284918785,0.00040846646879799664,0.010715959593653679,0.008765581995248795,0.00044332901597954333
1137,0.06483703292906284,2.42726469039917,0.01107741892337799,0.008552941959351301,0.0003834246308542788,0.01116597093641758,0.008284718729555607,0.0004116316413274035,0.011738851200789213,0.009068515617400408,0.00044209728366695344
1138,0.4249163046479225,2.1575188636779785,0.10210025915876031,0.0248862337321043,0.0010045294475276023,0.10166143253445625,0.05918262992054224,0.0009998721798183396,0.10149186989292502,0.023570178542286158,0.0010015216248575598
1139,0.11716210097074509,0.9297918081283569,0.015952383168041706,0.021709305234253407,0.0006804269214626402,0.015765231102705002,0.018405791837722063,0.0006926597561687231,0.01583245024085045,0.02116649830713868,0.0007095229520928115
1140,0.13163134083151817,0.9842875003814697,0.021167058032006025,0.022323186043649912,0.0005242789484327659,0.02077354397624731,0.020584831479936838,0.0005447718140203506,0.020498695317655802,0.0197415417060256,0.0005665718636009842
1141,0.1037064976990223,3.826775074005127,0.01635591359809041,0.015311819966882467,0.0005401242815423757,0.017128885723650455,0.01482429075986147,0.0005651520914398134,0.018536735326051712,0.014768976718187332,0.0005896924412809312
1142,0.09803954139351845,2.46539568901062,0.020762354135513306,0.010504971258342266,0.0005382870440371335,0.01932547613978386,0.011622361373156309,0.0005670310347341001,0.018001506570726633,0.010991040850058198,0.0006026407354511321
1143,0.08506513386964798,1.9071358442306519,0.012637713924050331,0.013293834635987878,0.0005092813225928694,0.013025077991187572,0.012423311360180378,0.000536864303285256,0.013626078143715858,0.013613312970846891,0.0005653055850416422
1144,0.07098458334803581,1.5182116031646729,0.011196552775800228,0.011026561260223389,0.0004900531203020364,0.011078644543886185,0.008283036528155208,0.0005295859009493142,0.01120524387806654,0.011862420476973057,0.0005633925611618906
1145,0.07116659358143806,1.6054670810699463,0.011752276215702295,0.00901193986646831,0.00047371862456202507,0.011627350468188524,0.011654290370643139,0.0004932361625833437,0.011856152443215251,0.009331420762464404,0.0005163354217074811
1146,0.0667567104101181,1.7292060852050781,0.011027836706489325,0.011676171328872442,0.00043703726259991527,0.010253533255308867,0.00965749891474843,0.0004475351015571505,0.009755307342857122,0.00899492297321558,0.0004632883064914495
1147,0.05773330293595791,1.7490298748016357,0.009684022050350904,0.008577262982726097,0.00031242000113707036,0.009962566662579775,0.007424687966704369,0.0003264591214247048,0.010518061928451061,0.007640673778951168,0.0003426279581617564
1148,0.1402246654033661,0.49009931087493896,0.025767680257558823,0.01947409799322486,0.0006646325928159058,0.0252425754442811,0.017835894599556923,0.0006909037765581161,0.02495044842362404,0.018659735564142466,0.0007180224638432264
1149,0.12706108763813972,1.115197777748108,0.022455811966210604,0.016582274343818426,0.000552446988876909,0.02242717519402504,0.018975318409502506,0.0005691682745236903,0.022444812580943108,0.017329099588096142,0.0005900335381738842
1150,0.0691036507487297,1.2760891914367676,0.012909097597002983,0.008596607949584723,0.00028281881532166153,0.012391954194754362,0.010669376235455275,0.0002937768731499091,0.01204195711761713,0.008961433544754982,0.0003067102370550856
1151,0.1380256600677967,0.5975638628005981,0.02388674672693014,0.02054084138944745,0.0005838594806846231,0.023590235970914364,0.01943165808916092,0.0006098240555729717,0.023406201042234898,0.01985023496672511,0.0006362508429447189
1152,0.10754503309726715,1.1559549570083618,0.01558739086613059,0.016898853704333305,0.00072763382922858,0.015285754576325417,0.017002129927277565,0.000738169503165409,0.015154003165662289,0.018741250038146973,0.0007531092560384423
1153,0.1030992940068245,1.1140005588531494,0.015809818170964718,0.01629501534625888,0.0005325146339600906,0.016003798227757215,0.015910841058939695,0.0005434131599031389,0.01625533727928996,0.01628985069692135,0.0005577296251431108
1154,0.06861694157123566,2.460968494415283,0.01333528570830822,0.007476880447939038,0.00033967741183005273,0.013740380760282278,0.007641131058335304,0.00035460887011140585,0.014244257938116789,0.007912351284176111,0.00037237699143588543
1155,0.0839235708117485,1.3836666345596313,0.01717913569882512,0.009686433710157871,0.0003384723677299917,0.016916923690587282,0.008921713568270206,0.0003608081315178424,0.017240104265511036,0.009645383339375257,0.00038418860640376806
1156,0.09112240001559258,1.7157986164093018,0.019764321390539408,0.010301419999450445,0.0003717099752975628,0.01880238438025117,0.009671021718531847,0.00038995988143142313,0.018084573559463024,0.009813971351832151,0.00040950764378067106
1157,0.08946489542722702,1.0195223093032837,0.01636361051350832,0.011612101458013058,0.0005061596020823345,0.01562392944470048,0.012680034153163433,0.0005359949427656829,0.015061376616358757,0.011674286797642708,0.0005702348425984383
1158,0.07765226997435093,0.7508599162101746,0.013208358781412244,0.011467128526419401,0.00039608628139831126,0.012975630117580295,0.011171146295964718,0.0004069828719366342,0.01292972918599844,0.011012807488441467,0.000418797237216495
1159,0.08534041047096252,1.069331169128418,0.012739607598632574,0.01344551332294941,0.0005556936375796795,0.012845039367675781,0.0150969666428864,0.0005684467905666679,0.013078635558485985,0.011300395708531141,0.0005844220577273518
1160,0.4594934433698654,3.11342191696167,0.11272830981761217,0.040959399193525314,0.0011215708800591528,0.11171284783631563,0.02910715900361538,0.0011166548356413841,0.11095548048615456,0.04060245864093304,0.0011187189375050366
1161,0.12632518634200096,1.9125771522521973,0.024922900134697556,0.017719948082230985,0.00043605160317383707,0.02400032663717866,0.015014188713394105,0.0004669567715609446,0.02318458049558103,0.015878002508543432,0.0004983007383998483
1162,0.06812719628214836,1.0630196332931519,0.014993068296462297,0.007000215584412217,0.00031327926262747496,0.014745010528713465,0.006326313712634146,0.0003351993509568274,0.014587208162993193,0.006455266266129911,0.00035655012470670044
1163,0.2764272838830948,1.9715492725372314,0.039825345389544964,0.0480773514136672,0.0007576593197882175,0.03995101433247328,0.04954587668180466,0.0007718406850472093,0.04046059213578701,0.049290974624454975,0.0007895283051766455
1164,0.1455691233277321,0.7609798312187195,0.023160438053309917,0.024458908010274172,0.00040298809472005814,0.022692127153277397,0.023500656243413687,0.00042099908750969917,0.022385593969374895,0.024313717614859343,0.00044043424713891
1165,0.44871293008327484,3.7557950019836426,0.1028471440076828,0.055450438521802425,0.0008699515019543469,0.10184297431260347,0.02252728585153818,0.0008647397917229682,0.10099690407514572,0.054651624988764524,0.0008644460904179141
1166,0.12773383036255836,1.646338701248169,0.024306356441229582,0.015940355602651834,0.0006079520680941641,0.023957048077136278,0.015985410194844007,0.0006361693376675248,0.02427162416279316,0.015633967705070972,0.0006656451732851565
1167,0.10475887730717659,0.5202354788780212,0.016884181182831526,0.015944592421874404,0.0005424794508144259,0.016299684531986713,0.01653838576748967,0.0005611066153505817,0.016147855203598738,0.016201148740947247,0.0005821719241794199
1168,0.06375111825764179,0.9634501338005066,0.011008383240550756,0.009543866850435734,0.00047741408343426883,0.010262548457831144,0.009432900231331587,0.0004984399420209229,0.009763496462255716,0.007749787764623761,0.0005216799909248948
1169,0.07530006393790245,3.0983152389526367,0.015253691468387842,0.0073656459571793675,0.0003478534345049411,0.015723006799817085,0.007861549034714699,0.0003640781214926392,0.016679654363542795,0.008029802236706018,0.0003847470652544871
1170,0.06275049597024918,0.8439255952835083,0.009518859907984734,0.009918928612023592,0.00040415971307083964,0.009057879447937012,0.009996728505939245,0.00041611491178628057,0.009075612761080265,0.010167689062654972,0.00043342508433852345
1171,0.11625015363097191,3.101248025894165,0.02509336546063423,0.013532818760722876,0.0005059057439211756,0.02363729663193226,0.01330381678417325,0.0005216380377532914,0.02242691721767187,0.011984691955149174,0.0005402685201261193
1172,0.0859818123281002,0.9872097969055176,0.01591935707256198,0.011036989744752645,0.000516030951985158,0.015259874518960714,0.011150287929922342,0.0005278343596728519,0.014822821132838726,0.011445711366832256,0.0005428279109764844
1173,0.2803131937980652,1.6812385320663452,0.058721509762108326,0.035731215961277485,0.0006594680016860366,0.05786189716309309,0.02641737461090088,0.0006763665878679603,0.05722174700349569,0.03623335622251034,0.0006956889992579818
1174,0.04611760377883911,1.5654635429382324,0.007725749397650361,0.0059014903381466866,0.00031788084015715867,0.007548568770289421,0.006761930650100112,0.0003350771148689091,0.007776997052133083,0.006377493962645531,0.000353384850313887
1175,0.15672987326979637,1.6422302722930908,0.03379370039328933,0.019808303099125624,0.00046715501230210066,0.03327208338305354,0.015623774379491806,0.00048700737534090877,0.03287943126633763,0.015504078473895788,0.0005079622787889093
1176,0.06341701745986938,3.412000894546509,0.014423787593841553,0.004677992663346231,0.00027369627787265927,0.01512291794642806,0.004960439167916775,0.00028819768340326846,0.015969579573720694,0.004799173679202795,0.0003038881695829332
1177,0.08121670410037041,1.7587491273880005,0.015809156000614166,0.011230121599510312,0.0004398166638566181,0.014812375884503126,0.009879065677523613,0.0004567625583149493,0.01409242581576109,0.009901440003886819,0.00047645007725805044
1178,0.0654747448861599,1.8432741165161133,0.011825977824628353,0.00825730711221695,0.0004061626677867025,0.011968489270657301,0.0077887477818876505,0.0004245772724971175,0.01236688531935215,0.00816932087764144,0.00044376461300998926
1179,0.5346320308744907,4.844384670257568,0.10726884985342622,0.060708509758114815,0.0010701110877562314,0.10603980720043182,0.06962736090645194,0.001064979995135218,0.10503980936482549,0.07314637210220098,0.0010652307537384331
1180,0.0715008582919836,1.920264482498169,0.01392619451507926,0.007684006122872233,0.0003416352847125381,0.01421754015609622,0.007833215640857816,0.00036222682683728635,0.014779715798795223,0.008696143049746752,0.00038714875699952245
1181,0.15767741948366165,1.1009918451309204,0.025789317674934864,0.023928015492856503,0.0007535666809417307,0.026048803701996803,0.02332410868257284,0.0007627835148014128,0.026417498476803303,0.023003218695521355,0.0007752639940008521
1182,0.10302113741636276,1.0284866094589233,0.016787244006991386,0.015370100270956755,0.0005810464499518275,0.016583904158324003,0.015829225536435843,0.0005931298364885151,0.016413654666393995,0.014902380760759115,0.0006094806885812432
1183,0.06549797765910625,1.9839775562286377,0.014532064786180854,0.007203822140581906,0.00036827420990448445,0.013195787323638797,0.006352478638291359,0.00039982191810850054,0.012094731908291578,0.007316359085962176,0.00043258737423457205
1184,0.12250395119190216,0.7157250642776489,0.016348692122846842,0.02171444008126855,0.0007108890276867896,0.016432121861726046,0.021419741678982973,0.0007177213556133211,0.016759776510298252,0.02120445901528001,0.0007275691605173051
1185,0.06052606552839279,2.7420976161956787,0.012466346612200141,0.0055356076918542385,0.00030627123487647623,0.012854920467361808,0.006217437796294689,0.000321821789839305,0.01333724451251328,0.006246065720915794,0.00033901791903190315
1186,0.09097637981176376,1.0914090871810913,0.016981822671368718,0.01089502451941371,0.0004011360724689439,0.016186034539714456,0.013390731066465378,0.00042593119724188,0.015505940886214375,0.012903032824397087,0.00045138056157156825
1187,0.1276981607079506,0.794421374797821,0.021595800761133432,0.018684060778468847,0.0005401299567893147,0.021372069604694843,0.0183123336173594,0.0005519812111742795,0.021299995481967926,0.019803532399237156,0.0005654811538988724
1188,0.14596201106905937,0.9522978663444519,0.024381980299949646,0.023561524227261543,0.0006614286103285849,0.0240709250792861,0.02040713094174862,0.0006702545506414026,0.023873109370470047,0.021613437682390213,0.0006817923276685178
1189,0.08028087392449379,1.322618007659912,0.01907344372011721,0.007608231157064438,0.00038907020643819124,0.018085801042616367,0.006680493475869298,0.0004197562811896205,0.017278946470469236,0.006510055158287287,0.0004521487862803042
1190,0.13008376210927963,1.8310997486114502,0.023089757189154625,0.01295008696615696,0.0005258909368421882,0.02289520390331745,0.014324063900858164,0.0005511170165846124,0.02320378553122282,0.02699404302984476,0.0005796976038254797
1191,0.09158811718225479,2.2442104816436768,0.017006248701363802,0.011902955360710621,0.0003833645023405552,0.01681628217920661,0.012411611154675484,0.00039632024709135294,0.01672676019370556,0.011948938015848398,0.0004141463723499328
1192,0.13543490320444107,0.508120596408844,0.019821897614747286,0.023811260238289833,0.000682332698488608,0.019632999785244465,0.02392307948321104,0.0006884264439577237,0.019588982686400414,0.020383885130286217,0.0006974399730097502
1193,0.07135743647813797,1.192697286605835,0.011191836092621088,0.010932239703834057,0.0004145813290961087,0.011152587831020355,0.010107683949172497,0.00042711038258858025,0.011335852555930614,0.01150321844033897,0.0004418123862706125
1194,0.1039462611079216,0.8250173330307007,0.018973423168063164,0.013866302091628313,0.00047866138629615307,0.018872450105845928,0.013680531643331051,0.0004943178792018443,0.01889932993799448,0.01371215470135212,0.000512536833412014
1195,0.03614621423184872,2.1717488765716553,0.006301676155999303,0.0043041331227868795,0.0003020751173608005,0.006000739289447665,0.004503291915170848,0.0003380762500455603,0.006110162939876318,0.004880994791164994,0.0003711527824634686
1196,0.1282019130885601,0.6772102117538452,0.021850734017789364,0.017874362878501415,0.00046411011135205626,0.0210495563223958,0.020486971829086542,0.0004956294869771227,0.020576746203005314,0.020414503756910563,0.0005275197036098689
1197,0.13126051798462868,1.5363600254058838,0.02199819404631853,0.02024228312075138,0.0006056281854398549,0.02239250484853983,0.019946171902120113,0.0006173115398269147,0.022942010313272476,0.016320111230015755,0.0006318708183243871
1198,0.14071699976921082,0.9292388558387756,0.02411664603278041,0.02177127148024738,0.0004655857919715345,0.023930329363793135,0.021389767294749618,0.0004888655676040798,0.023811184335500002,0.019821691559627652,0.0005145736504346132
1199,0.06348799914121628,0.863405704498291,0.012820168398320675,0.006589742377400398,0.00037514037103392184,0.012529003899544477,0.008001482929103076,0.00039211608236655593,0.01238862331956625,0.006448071449995041,0.000410469583584927
1200,0.08191397041082382,3.359498977661133,0.018894074484705925,0.006844796938821673,0.00032586336601525545,0.019291488453745842,0.006548892008140683,0.00033983176399488,0.01976029761135578,0.006494527915492654,0.00035427859984338284
1201,0.08687589317560196,3.4305922985076904,0.019557252526283264,0.009182558860629797,0.0003746951406355947,0.018212239257991314,0.00945341307669878,0.0003851776709780097,0.01690382231026888,0.008936572354286909,0.0003976353909820318
1202,0.07931539602577686,0.5092917680740356,0.013592970557510853,0.011922152247279882,0.0004984989791410044,0.013167413882911205,0.01020513055846095,0.0005170291115064174,0.012881079688668251,0.011333173140883446,0.0005378406349336728
1203,0.08015553653240204,3.648170232772827,0.01793027250096202,0.008213321678340435,0.00035800189652945846,0.01652022753842175,0.0084489353466779,0.000370379610103555,0.01520603452809155,0.009381836280226707,0.000385346997063607
1204,0.052461350336670876,1.5147614479064941,0.010047724936157465,0.006364978151395917,0.0003194643068127334,0.009383899625390768,0.006530053913593292,0.00032793974969536066,0.008818019414320588,0.007370517356321216,0.00033913570223376155
1205,0.14302314072847366,0.9759578704833984,0.022043302655220032,0.020675212144851685,0.0007425023359246552,0.022150306962430477,0.023363363929092884,0.0007493364973925054,0.02243832405656576,0.023347140289843082,0.0007595350325573236
1206,0.5350985527038574,3.3484549522399902,0.12438884424045682,0.06778323231264949,0.0008928310708142817,0.12365400674752891,0.027397706173360348,0.0008897997759049758,0.12248970149084926,0.05868638399988413,0.0008920397813199088
1207,0.10183575563132763,1.636303424835205,0.020108535420149565,0.012824862031266093,0.00046788182226009667,0.019249290693551302,0.01282260031439364,0.00048802468518260866,0.018583666998893023,0.01238519069738686,0.0005094959342386574
1208,0.2169264554977417,1.1319128274917603,0.032862924970686436,0.04068051278591156,0.0006549597019329667,0.032327279448509216,0.02908211573958397,0.0006717074720654637,0.03201964125037193,0.04188169538974762,0.0006914018013048917
1209,0.08544875681400299,2.4072885513305664,0.013269572518765926,0.012105195317417383,0.0005408004071796313,0.013488675467669964,0.013068210799247026,0.0005652879772242159,0.013859184924513102,0.012862351723015308,0.0005928034370299429
1210,0.11758276261389256,0.8712103366851807,0.024977298453450203,0.013955266680568457,0.0003801535058300942,0.02446879632771015,0.012564880307763815,0.0003953224513679743,0.02437740145251155,0.012485349085181952,0.0004129671142436564
1211,0.096856027841568,1.5505826473236084,0.016408951487392187,0.013759540393948555,0.0005191463569644839,0.01629047840833664,0.013772344682365656,0.0005373694584704936,0.016488703433424234,0.013670578133314848,0.0005598414863925427
1212,0.12636177241802216,0.45147904753685,0.01877362886443734,0.02096792683005333,0.0006329187308438122,0.018562331795692444,0.0192740922793746,0.0006394945667125285,0.018494584131985903,0.022605721838772297,0.0006484583427663893
1213,0.07430317997932434,1.5597282648086548,0.013802713248878717,0.008542834082618356,0.0003656300832517445,0.0139970937743783,0.00891887303441763,0.0003815572854364291,0.014282847754657269,0.010174518451094627,0.0003988873795606196
1214,0.07599052786827087,0.9719516634941101,0.01584715023636818,0.007399769965559244,0.0004240672569721937,0.015493346843868494,0.00824727350845933,0.0004496340698096901,0.015352012123912573,0.008249861188232899,0.00047657745017204434
1215,0.11394355446100235,1.4642701148986816,0.016559248324483633,0.019378670724108815,0.00048533947847317904,0.016406786162406206,0.019491802784614265,0.0005136513645993546,0.016570580191910267,0.019380048266611993,0.0005401122907642275
1216,0.13899577036499977,0.6417592167854309,0.02423815242946148,0.015680297277867794,0.0005047009763075039,0.023900783620774746,0.016174298711121082,0.0005237081641098484,0.023949649184942245,0.028750895522534847,0.0005470145551953465
1217,0.08313466235995293,2.7923057079315186,0.020922310650348663,0.006329948781058192,0.00032777009619167075,0.019673747941851616,0.0063879897352308035,0.00034146795223932713,0.018493427895009518,0.007213940378278494,0.0003590857522794977
1218,0.08615923672914505,1.1852502822875977,0.015649997629225254,0.011093215784057975,0.0003647039702627808,0.0152243971824646,0.014539016643539071,0.000371503469068557,0.014894595369696617,0.010291328188031912,0.00038046260306145996
1219,0.08166546002030373,0.9916374087333679,0.014447865076363087,0.01080668973736465,0.00048126449109986424,0.01392033789306879,0.011518482584506273,0.0004887813411187381,0.01361489575356245,0.011476988671347499,0.0005000030505470932
1220,0.09521481394767761,1.4604471921920776,0.017564090434461832,0.013034491334110498,0.0004474168526940048,0.017548543866723776,0.011809667805209756,0.0004673915100283921,0.017710828920826316,0.01193800917826593,0.00048748633707873523
1221,0.15841256454586983,0.6500164270401001,0.034888454247266054,0.014695832971483469,0.0005110315105412155,0.03448046883568168,0.018902807030826807,0.0005330777203198522,0.034145007375627756,0.014894155319780111,0.0005573508969973773
1222,0.20211991667747498,1.1276488304138184,0.03310932219028473,0.023787790443748236,0.0006042711029294878,0.032426434103399515,0.03689775802195072,0.0006163174984976649,0.032016891054809093,0.036480179987847805,0.0006297955987975001
1223,0.086939238011837,0.6167048215866089,0.014076482970267534,0.013151680119335651,0.0004862760251853615,0.01389431580901146,0.012733016163110733,0.0004917926271446049,0.013811243698000908,0.013362209778279066,0.0004995038616470993
1224,0.04536245856434107,1.8427168130874634,0.007933782879263163,0.005687389406375587,0.00033524604805279523,0.007892341585829854,0.005593345733359456,0.000358220306225121,0.007974132662639022,0.0059710805071517825,0.0003841297439066693
1225,0.19983407109975815,2.6295087337493896,0.033682938665151596,0.028245599009096622,0.0007587709405925125,0.0343167157843709,0.028035178780555725,0.0007717006956227124,0.03511534258723259,0.031170464120805264,0.0007864877406973392
1226,0.13271959125995636,1.5692291259765625,0.024169243406504393,0.020625780103728175,0.0005015685164835304,0.023433001711964607,0.014904896728694439,0.0005130033241584897,0.022846216335892677,0.02057660650461912,0.0005263908533379436
1227,0.2470664605498314,2.078364133834839,0.03926227614283562,0.04627850279211998,0.0007355468696914613,0.03817678242921829,0.046512898057699203,0.0007473871810361743,0.03750908561050892,0.03035612963140011,0.0007597625954076648
1228,0.3974561057984829,4.91292142868042,0.09636469138786197,0.021609467105008662,0.0008632353128632531,0.09481993946246803,0.022532233502715826,0.0008686234068591148,0.09350523352622986,0.058193004806526005,0.0008760266209719703
1229,0.1014687828719616,0.7381177544593811,0.018943374510854483,0.013094604946672916,0.0005617140850517899,0.018654375337064266,0.012769254390150309,0.000578945386223495,0.018487543798983097,0.012563309632241726,0.0005984198360238224
1230,0.5002881996333599,2.8070805072784424,0.10572374984622002,0.05449853651225567,0.0009280684753321111,0.10499538946896791,0.059701201505959034,0.0009280720405513421,0.10459830984473228,0.059622994158416986,0.0009308664593845606
1231,0.5262935385107994,6.481321811676025,0.13577647041529417,0.02444098936393857,0.0008954266959335655,0.1337500512599945,0.023768816143274307,0.0008909015741664916,0.13187685888260603,0.06595589779317379,0.0008947780297603458
1232,0.07883141934871674,1.1439896821975708,0.017226128140464425,0.007481064880266786,0.00027145311469212174,0.016763185616582632,0.010013518389314413,0.0002831989841070026,0.016363018890842795,0.007575979456305504,0.0002974793460452929
1233,0.030572294257581234,1.9558861255645752,0.004863013862632215,0.004033256322145462,0.00029698274738620967,0.004729590262286365,0.0038777387235313654,0.0003306905273348093,0.00480062491260469,0.004290909739211202,0.0003666170814540237
1234,0.0858633741736412,2.9266912937164307,0.019046130124479532,0.009597418829798698,0.00048714145668782294,0.01739479834213853,0.008497152011841536,0.0005185655900277197,0.01587472530081868,0.009219983592629433,0.0005525831948034465
1235,0.05236508511006832,0.7116047739982605,0.008710259338840842,0.008730003610253334,0.0002803046372719109,0.008249892620369792,0.008344989968463778,0.0002908938768086955,0.0079621949698776,0.006868265103548765,0.0003036710841115564
1236,0.5490886121988297,4.47731876373291,0.12662782007828355,0.07266375026665628,0.0009112554544117302,0.12563519785180688,0.06299640145152807,0.000898459111340344,0.12492155143991113,0.02543405583128333,0.0008927492890506983
1237,0.10140172764658928,0.8576768636703491,0.01758515671826899,0.0163479580078274,0.00038763071643188596,0.016983318841084838,0.013306891545653343,0.0004002819041488692,0.016760856844484806,0.015599397476762533,0.0004166236030869186
1238,0.19618259742856026,3.55830454826355,0.04026321321725845,0.013965076766908169,0.0005601766752079129,0.0384417874738574,0.03014024766162038,0.000585235160542652,0.036726378835737705,0.029600916896015406,0.0006158336764201522
1239,0.1651134267449379,0.6320185661315918,0.029127418994903564,0.01836883556097746,0.0006657211342826486,0.028793414123356342,0.032292782329022884,0.0006841889407951385,0.02878235373646021,0.019532673992216587,0.0007040775963105261
1240,0.09197673574090004,1.006601333618164,0.013611542526632547,0.01574222417548299,0.0005167558265384287,0.013274735305458307,0.016372206155210733,0.0005342979857232422,0.013251401949673891,0.013300681486725807,0.0005549317866098136
1241,0.06839043647050858,0.781261682510376,0.012488990556448698,0.008578413864597678,0.0003940895840059966,0.011730714235454798,0.008915231795981526,0.00041724115726538,0.011427026242017746,0.010236188536509871,0.00044213658838998526
1242,0.0551394522190094,0.7598379850387573,0.008297638734802604,0.008216476533561945,0.0004138138610869646,0.007787036010995507,0.009215155150741339,0.0004380832106107846,0.007796339225023985,0.008554065134376287,0.0004662883875425905
1243,0.17074783146381378,3.9056758880615234,0.03050688374787569,0.02127225697040558,0.0006723030528519303,0.031277578324079514,0.022468512877821922,0.0007045619422569871,0.03266586270183325,0.024101324379444122,0.0007369862287305295
1244,0.0676799388602376,1.072571039199829,0.01181363221257925,0.009770187083631754,0.00042782240780070424,0.010794391389936209,0.009704378666356206,0.0004516970366239548,0.010265219258144498,0.00990327075123787,0.00047769525554031134
1245,0.15255120396614075,1.4168328046798706,0.02773637045174837,0.022125720977783203,0.0006738402880728245,0.026375805027782917,0.021792568266391754,0.0007112122257240117,0.02552907634526491,0.0204467186704278,0.0007511836884077638
1246,0.14262773841619492,6.3530449867248535,0.027397893369197845,0.014727973379194736,0.0004638700047507882,0.028942092787474394,0.01625095820054412,0.0005045861762482673,0.031081984285265207,0.018163488246500492,0.0005473790224641562
1247,0.16430167108774185,0.8664335608482361,0.033059677574783564,0.019444918259978294,0.0004762366006616503,0.03250502049922943,0.02098310086876154,0.0005081786075606942,0.03218895569443703,0.02001866791397333,0.0005409145669545978
1248,0.41691555734723806,4.009326457977295,0.0948267865460366,0.05392874532844871,0.000847753879497759,0.09313313127495348,0.020415503764525056,0.0008587843040004373,0.09183043404482305,0.05245914019178599,0.0008739225304452702
1249,0.055362164974212646,3.02180552482605,0.008911852724850178,0.007667359430342913,0.0003356282686581835,0.00939891953021288,0.007319271098822355,0.00036702773650176823,0.010090788826346397,0.0075632804073393345,0.000400017510401085
1250,0.09381221234798431,2.8713998794555664,0.019865887239575386,0.011883551720529795,0.00043409269710537046,0.017893283627927303,0.01170072564855218,0.0004634716606233269,0.01615363359451294,0.010737006552517414,0.000496966575155966
1251,0.051996225491166115,2.330601215362549,0.008490226930007339,0.006528329802677035,0.0003829529450740665,0.00847651599906385,0.006834031548351049,0.00042888328607659787,0.00876702950336039,0.0077681951224803925,0.0004711379879154265
1252,0.0387564767152071,2.9578068256378174,0.0068769732024520636,0.004109468776732683,0.00035451335133984685,0.006382716353982687,0.004286280134692788,0.00041982202674262226,0.006777623202651739,0.005315190646797419,0.00047772066318430007
1253,0.09942524135112762,1.7218774557113647,0.021461522672325373,0.010232950560748577,0.0004670328926295042,0.020181338768452406,0.011236775200814009,0.0004955374461133033,0.01908584451302886,0.011264275759458542,0.0005280627519823611
1254,0.0928884856402874,2.8426826000213623,0.020473571494221687,0.011572301387786865,0.00042895831575151533,0.018444092012941837,0.009447649121284485,0.0004569614684442058,0.016739155165851116,0.010709233582019806,0.0004896996833849698
1255,0.5477827563881874,2.1844773292541504,0.13444563932716846,0.05852657137438655,0.0008642061875434592,0.13344585802406073,0.05496309255249798,0.0008798492344794795,0.13278315449133515,0.02301575057208538,0.0009066276688827202
1256,0.09857557527720928,0.8928754925727844,0.017623288091272116,0.013143322430551052,0.0004994703776901588,0.01641424954868853,0.012454980984330177,0.0005343625380191952,0.015907381661236286,0.01662355847656727,0.0005683650088030845
1257,0.10052525624632835,1.1049848794937134,0.01904302556067705,0.02371038030833006,0.00034487148514017463,0.018775001168251038,0.0073691492434591055,0.00037226635322440416,0.01884589809924364,0.008310146164149046,0.0004007753886980936
1258,0.11019556224346161,2.973445177078247,0.02042782213538885,0.016101784072816372,0.0006164301448734477,0.018327499739825726,0.015228061005473137,0.0006400206184480339,0.016715712379664183,0.015694320667535067,0.0006686401611659676
1259,0.08881367929279804,5.486194610595703,0.015584906097501516,0.010353124467656016,0.0004452244902495295,0.016010884195566177,0.010144789004698396,0.0005093747458886355,0.017837474588304758,0.012768430169671774,0.0005739188054576516
1260,0.060921624302864075,0.8213833570480347,0.011476653162389994,0.008227074285969138,0.0003159752959618345,0.010870313737541437,0.0076639773324131966,0.0003356358647579327,0.010590823832899332,0.008054231060668826,0.0003580263437470421
1261,0.08647116646170616,0.8949292302131653,0.01342881890013814,0.012932044919580221,0.000568753486732021,0.012919203378260136,0.012636876199394464,0.0005832636379636824,0.012627365998923779,0.014911368023604155,0.0006018544954713434
1262,0.04884372837841511,1.7990719079971313,0.008338817860931158,0.005961677059531212,0.0003682129899971187,0.007983863586559892,0.006448696367442608,0.0004172695626039058,0.008118644822388887,0.007001550402492285,0.0004621373664122075
1263,0.06648905761539936,2.6342010498046875,0.011566133238375187,0.008232024032622576,0.0004127150896238163,0.01152126770466566,0.00847764266654849,0.0004567697615129873,0.012136757373809814,0.009067522827535868,0.000502441602293402
1264,0.13360910676419735,1.4862332344055176,0.024595653638243675,0.01578853465616703,0.0005270824767649174,0.024520445615053177,0.015401748940348625,0.0005515944067155942,0.024758898187428713,0.021920159924775362,0.0005772380827693269
1265,0.41684892773628235,3.883639097213745,0.10214159172028303,0.023988771717995405,0.0008764292870182544,0.10064068203791976,0.057381073012948036,0.0008680069440742955,0.09948640642687678,0.022753547877073288,0.0008697775629116222
1266,0.09674367308616638,1.6865744590759277,0.017482160590589046,0.011450337711721659,0.00048234808491542935,0.01786752324551344,0.012445840053260326,0.0005066671001259238,0.018392784986644983,0.013009286485612392,0.0005349206912796944
1267,0.054357171058654785,2.0196781158447266,0.009257434168830514,0.006957127014175057,0.00039218549500219524,0.008902898523956537,0.007183263194747269,0.0004202157724648714,0.009323940379545093,0.007680034497752786,0.0004507174890022725
1268,0.08906076475977898,1.125936508178711,0.01432962715625763,0.014026250690221786,0.0005110205966047943,0.01363688800483942,0.013362011406570673,0.0005220426537562162,0.01324894092977047,0.014183016959577799,0.000535444327397272
1269,0.054187601432204247,1.3687572479248047,0.009892505127936602,0.006343403831124306,0.00035740241582971066,0.009685697965323925,0.006742090219631791,0.0003872881061397493,0.009802175685763359,0.00706285797059536,0.00042002720874734223
1270,0.4658193401992321,4.339377403259277,0.0994414845481515,0.06428629532456398,0.0009897504933178425,0.0978521453216672,0.07064429949969053,0.000992171699181199,0.09679803252220154,0.024857033509761095,0.0010030929697677493
1271,0.09712518751621246,1.1198307275772095,0.0198177145794034,0.010689596878364682,0.00040309299947693944,0.0195871670730412,0.010500522097572684,0.0004230676859151572,0.019563568523153663,0.011892892187461257,0.00044226979662198573
1272,0.11185678094625473,2.8204870223999023,0.022024383768439293,0.011690321378409863,0.00046647872659377754,0.02246497943997383,0.013987991958856583,0.0004918769700452685,0.02320514526218176,0.01257677935063839,0.0005184382316656411
1273,0.09588469192385674,1.022379755973816,0.020021114964038134,0.011087204329669476,0.000419294330640696,0.01873842440545559,0.010931489989161491,0.000452364343800582,0.018025672994554043,0.011641365475952625,0.00048819697985891253
1274,0.09955251216888428,1.4076226949691772,0.01278606103733182,0.01645146682858467,0.0006312220357358456,0.013006381690502167,0.017460783710703254,0.0006437585107050836,0.013497707899659872,0.018613998778164387,0.0006590465491171926
1275,0.09489057958126068,1.3516439199447632,0.014498350210487843,0.014607070479542017,0.0005780842038802803,0.013797624502331018,0.017250354401767254,0.0005891202890779823,0.013368237763643265,0.01429010322317481,0.0006025049369782209
1276,0.07897874712944031,0.6595783829689026,0.012537007685750723,0.011899357195943594,0.0005133349623065442,0.011875915806740522,0.012677318416535854,0.0005365019896999002,0.011539601720869541,0.012012604158371687,0.0005593978858087212
1277,0.08934154734015465,0.9280454516410828,0.015605492051690817,0.014820060227066278,0.00048445221909787506,0.015197061002254486,0.011163716670125723,0.0005032105545978993,0.01491174940019846,0.011589157860726118,0.0005259150639176369
1278,0.14793148636817932,1.7817944288253784,0.022189528681337833,0.023368356749415398,0.0007789199007675052,0.02244637720286846,0.02280933829024434,0.0007967890705913305,0.022981492802500725,0.02456789743155241,0.0008164161117747426
1279,0.06162369251251221,1.191429615020752,0.010456838645040989,0.008558332221582532,0.00038835752638988197,0.010288360062986612,0.008604678674601018,0.00041430603596381843,0.010225856211036444,0.008504308760166168,0.0004436654853634536
1280,0.1277005672454834,1.76424241065979,0.027545795775949955,0.013444493059068918,0.000388462285627611,0.02678037341684103,0.017405157908797264,0.0004015102458652109,0.02606551581993699,0.011635507456958294,0.00041595843504182994
1281,0.400099691003561,4.437893390655518,0.09597530518658459,0.06363565777428448,0.0009425345051568002,0.0939764219801873,0.02118347305804491,0.0009564544598106295,0.09250357956625521,0.021340268664062023,0.0009722589165903628
1282,0.06748759001493454,1.108658790588379,0.01245228061452508,0.008386001456528902,0.00037424886249937117,0.012085032183676958,0.008815072476863861,0.000394619200960733,0.011790889780968428,0.00921335257589817,0.0004173721536062658
1283,0.09197499230504036,1.1083192825317383,0.0188706258777529,0.009967419784516096,0.000532892590854317,0.017700469586998224,0.010797485709190369,0.0005797265766886994,0.017051765928044915,0.010641512926667929,0.0006238088826648891
1284,0.07898591831326485,0.6678656339645386,0.01328288484364748,0.01159944524988532,0.00039936340181156993,0.013264586683362722,0.01159410597756505,0.00041209274786524475,0.013323787599802017,0.01097219530493021,0.00042577214480843395
1285,0.09858633764088154,1.055686354637146,0.018016954185441136,0.017239963868632913,0.0003813937510130927,0.01772791286930442,0.011788440053351223,0.0004133520124014467,0.017771433340385556,0.011077265604399145,0.0004463460936676711
1286,0.10943692177534103,0.9870964288711548,0.019701214507222176,0.015092330053448677,0.0005347953701857477,0.019388816319406033,0.015402941964566708,0.0005597314884653315,0.01949220336973667,0.013627166859805584,0.0005885352729819715
1287,0.07101800292730331,0.8919706344604492,0.011768562719225883,0.009862391743808985,0.00042930003837682307,0.011595278512686491,0.010309259174391627,0.00044212186185177416,0.011602895334362984,0.01056055654771626,0.0004583434638334438
1288,0.060074009001255035,1.2401944398880005,0.009866771171800792,0.008550845552235842,0.00039916740206535906,0.009555946453474462,0.008814636617898941,0.00041743979090824723,0.009579545003362,0.008686361252330244,0.00043836934491991997
1289,0.6006954163312912,3.8791422843933105,0.1583919571712613,0.023936140816658735,0.0008810650178929791,0.1569939237087965,0.02288394165225327,0.000872544027515687,0.15583618450909853,0.07215925585478544,0.000869891417096369
1290,0.07703866250813007,1.3147599697113037,0.012338463217020035,0.01138775167055428,0.00043885051854886115,0.012524642515927553,0.011174789629876614,0.0004492138104978949,0.012979242485016584,0.011231119744479656,0.00046259857481345534
1291,0.07323959469795227,0.9812103509902954,0.01216100575402379,0.00938253733329475,0.0004660841077566147,0.011931750923395157,0.011039865668863058,0.0004878664331045002,0.012014235835522413,0.010853975312784314,0.0005101063579786569
1292,0.11096434108912945,2.724405288696289,0.015437491470947862,0.018055403139442205,0.0005905522702960297,0.016185953514650464,0.017783304676413536,0.0005993631784804165,0.017108035273849964,0.019191652070730925,0.0006107111985329539
1293,0.4758499041199684,4.808455944061279,0.10451771970838308,0.06460330542176962,0.0010113229654962197,0.10314655443653464,0.025489238556474447,0.0009987753728637472,0.10209699627012014,0.06398704834282398,0.000992161047179252
1294,0.10147308930754662,0.9427300691604614,0.018055978696793318,0.015411583241075277,0.00044089888979215175,0.017456769477576017,0.015243849251419306,0.00045990788203198463,0.0170190860517323,0.01275759213604033,0.0004812511760974303
1295,0.05497128702700138,0.6578209400177002,0.008685883600264788,0.009347096318379045,0.0003153935249429196,0.008037684485316277,0.007753785932436585,0.000340468279318884,0.0077313517685979605,0.00932269636541605,0.00036733575689140707
1296,0.06544851511716843,1.0995681285858154,0.010952239390462637,0.00969660934060812,0.00031030841637402773,0.010778139345347881,0.00977106555365026,0.0003295330243417993,0.010717805474996567,0.009573788614943624,0.0003498744044918567
1297,0.09860867820680141,0.9774671196937561,0.015037359204143286,0.016378842992708087,0.0005778504128102213,0.014970563817769289,0.015017220750451088,0.0005892096232855693,0.01521065877750516,0.014913182007148862,0.0006031523807905614
1298,0.09080741927027702,0.7008742690086365,0.015730163315311074,0.014117011683993042,0.00044539052760228515,0.015020208666101098,0.014712997013702989,0.0004790335660800338,0.014654147671535611,0.010805221274495125,0.0005174935213290155
1299,0.04891414754092693,0.5046384334564209,0.009342488832771778,0.005879074335098267,0.00028696577646769583,0.008989814203232527,0.005860862554982305,0.0003010085492860526,0.008798206690698862,0.006431628717109561,0.0003150436095893383
1300,0.04921015165746212,1.982888102531433,0.009000245481729507,0.006083251442760229,0.0002851942117558792,0.008321180008351803,0.007290128618478775,0.0002949806803371757,0.007757384330034256,0.007209866540506482,0.0003068484802497551
1301,0.12174797803163528,0.7628995776176453,0.023887313436716795,0.016963239293545485,0.0004897114122286439,0.0231526424176991,0.014269675593823195,0.000517506996402517,0.022699069697409868,0.014572714921087027,0.0005436142237158492
1302,0.09135333821177483,2.260681629180908,0.019986586645245552,0.010587580967694521,0.00035209866473451257,0.019275437109172344,0.0074317436665296555,0.0003696023195516318,0.01867304276674986,0.010953303193673491,0.0003897096903529018
1303,0.14566943049430847,0.6907999515533447,0.025412253104150295,0.021319995634257793,0.0006781364209018648,0.02471102587878704,0.01999701652675867,0.000701153912814334,0.024254780262708664,0.021552619989961386,0.000726145866792649
1304,0.11889957264065742,0.5810487270355225,0.019331614952534437,0.019837306812405586,0.0005711686972063035,0.01883720140904188,0.017082210164517164,0.0005957557586953044,0.018576848786324263,0.01807345822453499,0.0006233078893274069
1305,0.07435581274330616,1.2642046213150024,0.015940272249281406,0.007754426449537277,0.0004094250180060044,0.015190743142738938,0.007782778702676296,0.00043724851275328547,0.014819118659943342,0.007624738151207566,0.00046426108747255057
1306,0.12842212617397308,0.7507089972496033,0.017272051889449358,0.02291467785835266,0.0007959680224303156,0.01723169209435582,0.022005838342010975,0.0008031358884181827,0.01740279048681259,0.021942700259387493,0.000813989172456786
1307,0.6618296392261982,2.652491331100464,0.1509400971699506,0.06318592675961554,0.000966578460065648,0.1501370412297547,0.07308875932358205,0.0009762881090864539,0.14963428443297744,0.06312396749854088,0.0009870297944871709
1308,0.12380702793598175,0.7832605838775635,0.01701450813561678,0.020933431573212147,0.0007362349570030347,0.01711265603080392,0.021641267463564873,0.0007408723467960954,0.017407156992703676,0.020797201432287693,0.000748095044400543
1309,0.029395331628620625,1.6209313869476318,0.004989949520677328,0.004108848515897989,0.0002790832077153027,0.004659521160647273,0.0036310944706201553,0.000303552980767563,0.004648478468880057,0.003719071624800563,0.0003269556618761271
1310,0.04288606159389019,0.6233309507369995,0.00902087427675724,0.0046099405735731125,0.00028459932218538597,0.008231204003095627,0.004562563030049205,0.00031020783353596926,0.007892170920968056,0.004813492996618152,0.0003441468288656324
1311,0.2077745497226715,2.638517141342163,0.03912477195262909,0.02335684932768345,0.0006606560491491109,0.03786067105829716,0.039564719423651695,0.0006822045252192765,0.036748968064785004,0.022926351986825466,0.0007051955035421997
1312,0.0989457480609417,4.255157947540283,0.021554657723754644,0.010344067588448524,0.0004546733107417822,0.01945365685969591,0.011486968956887722,0.00047210115008056164,0.017484786454588175,0.0129396035335958,0.0004937261546729133
1313,0.0708773136138916,1.246825933456421,0.014197173528373241,0.008050372591242194,0.0003537417505867779,0.013585833832621574,0.008166520623490214,0.00036650217953138053,0.013086159946396947,0.009382559452205896,0.0003819297126028687
1314,0.06549206376075745,0.9042465686798096,0.012706015259027481,0.007905491162091494,0.00034903144114650786,0.012510628905147314,0.007909675128757954,0.0003710200253408402,0.012405836023390293,0.007612376706674695,0.00039045877929311246
1315,0.07225031778216362,1.098154067993164,0.018172685522586107,0.0053782135946676135,0.0003150166303385049,0.01739905891008675,0.005118757835589349,0.00034305945155210793,0.016760091995820403,0.005310611566528678,0.00036964871105737984
1316,0.04024094343185425,0.622921347618103,0.005888903979212046,0.007294998737052083,0.00025409974477952346,0.005357895279303193,0.007085263263434172,0.00026686822820920497,0.00545645016245544,0.005951951025053859,0.0002804027608362958
1317,0.05798792093992233,1.138777732849121,0.00923630828037858,0.008575523388572037,0.0004032280412502587,0.008934458484873176,0.00898478552699089,0.00042666131048463285,0.008900638902559876,0.008231826941482723,0.0004512056184466928
1318,0.15000123530626297,2.7558469772338867,0.02778901532292366,0.021442893892526627,0.0006898640422150493,0.02626952063292265,0.021703405305743217,0.0007054360175970942,0.024954328313469887,0.019358888268470764,0.0007254956144606695
1319,0.1638343594968319,1.670998215675354,0.026781652122735977,0.029912846395745873,0.0006143709470052272,0.02566497353836894,0.02992721414193511,0.0006321309192571789,0.024881331715732813,0.019072243943810463,0.0006520198221551254
1320,0.08537103980779648,2.6879334449768066,0.018045634031295776,0.010060736909508705,0.00041503530519548804,0.016436996404081583,0.011663686018437147,0.00043554647709243,0.015156627632677555,0.00876567093655467,0.00045984078315086663
1321,0.08293155767023563,1.687359094619751,0.014638518681749701,0.010691073024645448,0.00043824884050991386,0.01453702594153583,0.010781546239741147,0.0004630785988410935,0.014879937283694744,0.011821007821708918,0.0004942843079334125
1322,0.060592155903577805,1.8264352083206177,0.011431008111685514,0.006459559313952923,0.00045546956243924797,0.0112424255348742,0.007020297227427363,0.0005041173426434398,0.011436168570071459,0.006941718747839332,0.0005556574906222522
1323,0.09158001095056534,1.973421335220337,0.020855380222201347,0.009702041745185852,0.00040489186358172446,0.019669943023473024,0.008372951298952103,0.0004285859758965671,0.018575308844447136,0.00924007361754775,0.0004576008941512555
1324,0.10849671252071857,0.8503005504608154,0.016194671159610152,0.01838163798674941,0.0006344953726511449,0.015716768568381667,0.017758593428879976,0.0006448847125284374,0.015525683993473649,0.017161657800897956,0.0006600447813980281
1325,0.05740460380911827,1.8673346042633057,0.009859626181423664,0.007388588739559054,0.0004233701911289245,0.009572426788508892,0.007026274688541889,0.0004537935310509056,0.010036885272711515,0.008076497819274664,0.00048391209566034377
1326,0.1003878116607666,3.6016266345977783,0.021737012080848217,0.01239057071506977,0.0004785098572028801,0.01941308192908764,0.010735397227108479,0.0005043634882895276,0.01739619905129075,0.012630259618163109,0.0005384497344493866
1327,0.11968136578798294,1.1703667640686035,0.01943655125796795,0.020850558765232563,0.00043979422480333596,0.019264089409261942,0.020401553716510534,0.00045916585077065974,0.01944170193746686,0.01476134080439806,0.0004824333736905828
1328,0.06996115110814571,0.6288875937461853,0.013119395356625319,0.00894468231126666,0.000402180667151697,0.01201363978907466,0.009520543273538351,0.0004308957722969353,0.011580445803701878,0.0095993229188025,0.00046270445454865694
1329,0.06259255483746529,0.9310428500175476,0.00968483043834567,0.009251861367374659,0.0004048717237310484,0.009627087507396936,0.00957365520298481,0.00041966426942963153,0.009774226695299149,0.009632210712879896,0.0004376353754196316
1330,0.13839388638734818,0.5401416420936584,0.02342337230220437,0.02109692059457302,0.0006737638614140451,0.02317636227235198,0.020857890602201223,0.0006936081044841558,0.023114740382879972,0.01839033793658018,0.0007161936373449862
1331,0.08631101995706558,0.765267014503479,0.012143733911216259,0.014005097560584545,0.0004753074608743191,0.012277060188353062,0.014682051725685596,0.0004839318135054782,0.012589999474585056,0.014798256102949381,0.0004944670072291046
1332,0.07296310923993587,2.078382730484009,0.013119765557348728,0.008723881095647812,0.0004256366955814883,0.01321879681199789,0.009324131067842245,0.0004637779202312231,0.013717660214751959,0.00930775422602892,0.0004983656690455973
1333,0.13044444471597672,2.1774070262908936,0.028444113209843636,0.014648156706243753,0.0004553429316729307,0.026895767077803612,0.014899030793458223,0.0004903879307676107,0.0255562337115407,0.014099810272455215,0.0005296027520671487
1334,0.08356096968054771,6.0517897605896,0.013625211548060179,0.009616656228899956,0.00044862883805762976,0.015288295689970255,0.010792231187224388,0.00049161771312356,0.01760403299704194,0.010737961623817682,0.0005338992486940697
1335,0.06841307692229748,1.1047941446304321,0.010607530362904072,0.010485318955034018,0.0004894825688097626,0.010176014620810747,0.010190225206315517,0.0004983550752513111,0.01000653626397252,0.01095775980502367,0.0005095847591292113
1336,0.6107278950512409,3.3942086696624756,0.15489059779793024,0.027537873946130276,0.0010297979461029172,0.15444003138691187,0.09742457000538707,0.0010216422087978572,0.1379284653812647,0.02622872404754162,0.0010179720702581108
1337,0.049597326666116714,1.619215965270996,0.007947138510644436,0.0070687769912183285,0.00035303778713569045,0.007384126540273428,0.007222786778584123,0.0003951148537453264,0.007439442677423358,0.0078043257817626,0.0004345296183601022
1338,0.11433717608451843,3.301705837249756,0.023062475956976414,0.014419748447835445,0.0005894981441088021,0.021165902726352215,0.015044276136904955,0.0006094207055866718,0.019356772303581238,0.013952797744423151,0.0006348816386889666
1339,0.11411683261394501,0.8280306458473206,0.015152348671108484,0.018933056853711605,0.0006368947215378284,0.015026635956019163,0.022735606878995895,0.0006488349317805842,0.015149267390370369,0.0193239520303905,0.0006632617150899023
1340,0.06297935172915459,1.204694151878357,0.010724174324423075,0.008101367158815265,0.0005410939047578722,0.010280281770974398,0.00803924142383039,0.0005773733428213745,0.010349837131798267,0.008558640722185373,0.0006129842950031161
1341,0.10914014652371407,1.6404149532318115,0.022447536699473858,0.013688009232282639,0.0005319026968209073,0.02029808796942234,0.013924699742347002,0.000564718822715804,0.019098773133009672,0.012880091555416584,0.000604114553425461
1342,0.37409021705389023,2.0218942165374756,0.09711907571181655,0.024705905932933092,0.0009269292058888823,0.09595291083678603,0.0244707684032619,0.0009287413558922708,0.09558129962533712,0.02507522515952587,0.0009405884484294802
1343,0.08552316203713417,2.114016532897949,0.015168188139796257,0.011995886918157339,0.0004734696849482134,0.015105067752301693,0.010696536861360073,0.0005044157587690279,0.015421020332723856,0.011076186783611774,0.0005371826991904527
1344,0.1921285130083561,0.7643476724624634,0.03489200538024306,0.026724189519882202,0.000575539015699178,0.03438926348462701,0.026440050918608904,0.0005911448679398745,0.03434205427765846,0.0282403698656708,0.0006084615597501397
1345,0.06499715521931648,1.49323308467865,0.010030298493802547,0.008789003593847156,0.00042162601312156767,0.010222617536783218,0.008326365379616618,0.0004373638075776398,0.01063986960798502,0.011725717689841986,0.0004568310105241835
1346,0.07718497142195702,2.7912757396698,0.012889990583062172,0.010405752342194319,0.00043393136002123356,0.013193451333791018,0.010461279191076756,0.0004725903127109632,0.014034874737262726,0.010517751332372427,0.0005139457643963397
1347,0.07590046525001526,0.6980859041213989,0.01502435514703393,0.009062835481017828,0.00042807357385754585,0.014006809331476688,0.008800743147730827,0.00046734184434171766,0.013420470990240574,0.009983254596590996,0.0005050840554758906
1348,0.22462906688451767,1.7998743057250977,0.05484054330736399,0.01906377961859107,0.0006507293437607586,0.0534823895432055,0.01809811918064952,0.0006877580017317086,0.05230297427624464,0.01859318232163787,0.0007235335360746831
1349,0.07732649520039558,1.3394919633865356,0.013248678296804428,0.00997408851981163,0.0004002271016361192,0.013483632821589708,0.011247777380049229,0.00041502565727569163,0.013859836850315332,0.010524929035454988,0.00043163499503862113
1350,0.6167318522930145,2.2355475425720215,0.15628765523433685,0.09813547041267157,0.0011343523510731757,0.1424429826438427,0.031295303255319595,0.0011307453969493508,0.14199200086295605,0.03297708462923765,0.0011352305300533772
1351,0.07017063722014427,2.236804723739624,0.010971550829708576,0.010123234009370208,0.00041390242404304445,0.011285648681223392,0.010245399083942175,0.0004283870803192258,0.011803601402789354,0.010595274157822132,0.0004441930213943124
1352,0.064156424254179,0.836970865726471,0.011162823997437954,0.007733731996268034,0.0003410482022445649,0.010987957008183002,0.008325443137437105,0.00036806974094361067,0.010935741942375898,0.010577048640698195,0.00039930174534674734
1353,0.12262782081961632,1.6011847257614136,0.026989588513970375,0.012780290096998215,0.000437524460721761,0.026264612562954426,0.013720224611461163,0.00045808499271515757,0.02562109101563692,0.011747727636247873,0.0004804609343409538
1354,0.0547900702804327,0.9745475053787231,0.008290927391499281,0.009346197359263897,0.00041201600106433034,0.007599434815347195,0.008269719779491425,0.00043388790800236166,0.007236498175188899,0.008818631526082754,0.00046126161760184914
1355,0.07695562392473221,3.8311493396759033,0.016815572511404753,0.00950521556660533,0.0004202963609714061,0.014722010120749474,0.008632553042843938,0.00044380739564076066,0.012816366041079164,0.009121210547164083,0.00047157128574326634
1356,0.07107600010931492,0.867487370967865,0.011982933152467012,0.009602225385606289,0.0004429550899658352,0.01187447039410472,0.009568463079631329,0.00046347861643880606,0.012121381238102913,0.010350521188229322,0.00048756820615381
1357,0.03299082908779383,2.557938814163208,0.005414763232693076,0.0037625086260959506,0.00025372284289915115,0.005864049308001995,0.0036606802605092525,0.0002795278560370207,0.00666377623565495,0.0042497755493968725,0.0003105684299953282
1358,0.11090176552534103,2.0457022190093994,0.023757150396704674,0.012927389703691006,0.0005608321080217138,0.021459368057549,0.013159278780221939,0.0005986842152196914,0.019885775167495012,0.012504651676863432,0.0006425218598451465
1359,0.48782116174697876,1.2118337154388428,0.11304222047328949,0.05064382869750261,0.001218976074596867,0.11273093707859516,0.05390075035393238,0.0012195541930850595,0.11263021919876337,0.030235163867473602,0.0012209819396957755
1360,0.059972867369651794,3.003622055053711,0.010048826690763235,0.007222944870591164,0.0003950158425141126,0.009932347340509295,0.007876620627939701,0.000430963744292967,0.010817422065883875,0.008893019519746304,0.0004694418894359842
1361,0.08535831421613693,1.1701091527938843,0.013750617392361164,0.012743615079671144,0.0004437590832822025,0.013113468885421753,0.012735427357256413,0.0004803162591997534,0.013202018570154905,0.014035014901310205,0.0005204633780522272
1362,0.07442943006753922,1.0004138946533203,0.014932065736502409,0.00909390696324408,0.0004116458003409207,0.013745377771556377,0.010122238658368587,0.0004322126187616959,0.013200671877712011,0.00815676269121468,0.00045074312947690487
1363,0.08829948306083679,3.111117124557495,0.02024827152490616,0.009142851689830422,0.00039262112113647163,0.01855594152584672,0.010279377456754446,0.00041824340587481856,0.017051644157618284,0.007983378134667873,0.0004486385587370023
1364,0.08694002777338028,4.336929798126221,0.019327768124639988,0.010213372763246298,0.0004034669400425628,0.016937714535742998,0.012132598552852869,0.00043008930515497923,0.014848088845610619,0.008307603187859058,0.00045966458856128156
1365,0.09792385250329971,0.8175464272499084,0.013936005998402834,0.01735849818214774,0.0006215306784724817,0.01320392545312643,0.015438989270478487,0.0006413629162125289,0.01304138544946909,0.01723671890795231,0.000664189166855067
1366,0.11958761513233185,0.7345004081726074,0.020828907378017902,0.02132922178134322,0.000426832921220921,0.02000276604667306,0.008132227696478367,0.0004567502182908356,0.019618620164692402,0.02418843563646078,0.00048827583668753505
1367,0.07355083897709846,1.2587419748306274,0.013293161056935787,0.009726088494062424,0.0004249394842190668,0.013001400511711836,0.009401332819834352,0.0004492871812544763,0.013145022559911013,0.009583060164004564,0.0004759659932460636
1368,0.08750380203127861,1.69983971118927,0.01452508254442364,0.010780538083054125,0.00047913711750879884,0.013769316137768328,0.014065758674405515,0.0005070054321549833,0.013547505135647953,0.014719254453666508,0.0005379430658649653
1369,0.18750979751348495,2.83612060546875,0.03487905114889145,0.025174000300467014,0.0006029652140568942,0.035250396467745304,0.024791836738586426,0.0006381984276231378,0.0362518634647131,0.02349543385207653,0.0006756410002708435
1370,0.08485915884375572,1.0620548725128174,0.013321031350642443,0.01380559429526329,0.0005069102044217288,0.0133549221791327,0.013410848565399647,0.000523898663232103,0.013729346450418234,0.010943085886538029,0.0005427734577096999
1371,0.096672423183918,0.4914359152317047,0.017287040129303932,0.013479881919920444,0.0004984371917089447,0.016806951723992825,0.01231300225481391,0.0005207732028793544,0.01672706287354231,0.01379389176145196,0.0005469361785799265
1372,0.10310126468539238,1.3791954517364502,0.01667041564360261,0.01558206183835864,0.0006049684889148921,0.015685460064560175,0.015359466429799795,0.0006288326985668391,0.014940012246370316,0.017311337403953075,0.0006543266063090414
1373,0.048216380178928375,2.039966344833374,0.007290170527994633,0.006842364557087421,0.0004049135313834995,0.006933919386938214,0.006971666356548667,0.00044874523882754147,0.007252995856106281,0.007555009797215462,0.000488905148813501
1374,0.033875906839966774,1.9777655601501465,0.005907243583351374,0.003645527409389615,0.00027770971064455807,0.006067329086363316,0.0038894345052540302,0.00031039814348332584,0.006482853554189205,0.004165170947089791,0.00034147909900639206
1375,0.08330222964286804,1.3003811836242676,0.014169604051858187,0.01088509988039732,0.00047660326526965946,0.014228885527700186,0.011393181048333645,0.0005000181263312697,0.014518543146550655,0.012095156125724316,0.0005263186467345804
1376,0.1347641944885254,0.4345701038837433,0.02271176688373089,0.020188285037875175,0.0006595365848625079,0.02264670468866825,0.019421574659645557,0.0006750755419488996,0.02272830344736576,0.01895251404494047,0.0006941498722881079
1377,0.08074398338794708,1.5861895084381104,0.016408514231443405,0.010215246118605137,0.0003210612339898944,0.015639156103134155,0.009830260649323463,0.0003392165672266856,0.015050772111862898,0.009529244154691696,0.0003574198781279847
1378,0.09413578733801842,1.560340404510498,0.017678875010460615,0.012594182975590229,0.0004619926621671766,0.01678450545296073,0.012376603903248906,0.0004762277822010219,0.01617659768089652,0.0127990513574332,0.0004932728770654649
1379,0.14929979294538498,1.7211649417877197,0.03216986916959286,0.017734064254909754,0.0005167759663891047,0.030844934284687042,0.017165526747703552,0.0005450592580018565,0.029600420966744423,0.01523296581581235,0.0005761653883382678
1380,0.5947053283452988,2.3635833263397217,0.15690858662128448,0.06507396488450468,0.0009308778826380149,0.1560452487319708,0.025445600040256977,0.0009242630912922323,0.15534230507910252,0.02477686246857047,0.000923043247894384
1381,0.05535433441400528,0.5726385712623596,0.008420709054917097,0.007854185532778502,0.0003858349082292989,0.007852133130654693,0.008497903123497963,0.0004083078820258379,0.007912726141512394,0.00991743989288807,0.00043066649232059717
1382,0.11672377586364746,0.6180728673934937,0.016673040576279163,0.019125260412693024,0.0006647144327871501,0.01675474364310503,0.019586944952607155,0.000673818780342117,0.017123326659202576,0.019361445680260658,0.0006862198060844094
1383,0.060762181878089905,3.1924126148223877,0.009543643798679113,0.00815205299295485,0.0003563722420949489,0.010009238496422768,0.008612290723249316,0.0003807885368587449,0.011049136519432068,0.008819326758384705,0.0004069620481459424
1384,0.10301448404788971,2.7073848247528076,0.014592093182727695,0.0162376124644652,0.0005963724543107674,0.015027180314064026,0.01695053046569228,0.0006265985866775736,0.015708343358710408,0.016972448211163282,0.0006585983355762437
1385,0.07537024840712547,0.518440306186676,0.014718573540449142,0.01016061706468463,0.0005215497803874314,0.013496918603777885,0.008447133004665375,0.0005628653452731669,0.012780398596078157,0.00900066178292036,0.0006070712115615606
1386,0.07451492175459862,0.5381572842597961,0.012716763652861118,0.010852341540157795,0.0004241972346790135,0.0122805112041533,0.01036600861698389,0.00044311259989626706,0.01211091736331582,0.010865791700780392,0.0004633372591342777
1387,0.08918747678399086,0.6366866230964661,0.01945918658748269,0.010179918725043535,0.0003026991180377081,0.018966323230415583,0.010223242454230785,0.00032367146923206747,0.018638676032423973,0.007827418390661478,0.00034680751559790224
1388,0.09104428812861443,0.4459467828273773,0.015457868576049805,0.013579385355114937,0.0005763215012848377,0.014860179740935564,0.013365807943046093,0.0005985742609482259,0.014557563699781895,0.012037653010338545,0.000621561601292342
1389,0.4249612167477608,4.325265407562256,0.10430939076468349,0.057724910555407405,0.000971948669757694,0.10250728437677026,0.024455743608996272,0.0009653415472712368,0.10117683047428727,0.02317690127529204,0.0009652518056100234
1390,0.10860011726617813,1.1720308065414429,0.01536839734762907,0.01866244664415717,0.0006356374360620975,0.015345051884651184,0.01607495080679655,0.0006463521567638963,0.01565881446003914,0.01972690224647522,0.0006588979886146262
1391,0.09689074754714966,2.5855178833007812,0.014984720852226019,0.013955709990113974,0.0005482265260070562,0.014897818677127361,0.015124832279980183,0.0005926671146880835,0.01574945729225874,0.015076530165970325,0.0006345258443616331
1392,0.05587698519229889,2.3267195224761963,0.009929277934134007,0.007417537621222436,0.0003130222175968811,0.010099841747432947,0.006212750566191971,0.00033104867907240987,0.010556868277490139,0.007687429781071842,0.0003492489195195958
1393,0.21052318811416626,1.7826248407363892,0.050395570462569594,0.027797150891274214,0.0005395286425482482,0.04902495606802404,0.01419096882455051,0.0005590993241639808,0.04820820386521518,0.014193818904459476,0.0005795034812763333
1394,0.5093150194734335,2.588832378387451,0.13389671267941594,0.022902690107002854,0.0008573696832172573,0.13329308712854981,0.053367993561550975,0.0008517279929947108,0.13285061484202743,0.022760177962481976,0.0008518360555171967
1395,0.09645774587988853,3.025902271270752,0.015685367863625288,0.013601836282759905,0.0004801300528924912,0.015921769198030233,0.014496834017336369,0.00050605226715561,0.016810152679681778,0.013865604531019926,0.0005328625848051161
1396,0.050215233117341995,2.1765060424804688,0.008004920789971948,0.007233915152028203,0.00035732678952626884,0.007824441883713007,0.007030288805253804,0.00038690638029947877,0.008427966618910432,0.0070399073883891106,0.0004192149208392948
1397,0.13153330236673355,0.8735854625701904,0.018217031378298998,0.023940780200064182,0.000592406140640378,0.017946402076631784,0.02507608011364937,0.0006011563236825168,0.017986533232033253,0.021136640571057796,0.0006138963508419693
1398,0.07515325024724007,1.656684398651123,0.01298234355635941,0.00983670074492693,0.00041090244485531,0.01295230002142489,0.010386158945038915,0.00042531579674687237,0.013441378250718117,0.010444041108712554,0.000441363692516461
1399,0.12462373450398445,2.096367359161377,0.026360240764915943,0.014796563657000661,0.0005012569745304063,0.0252287769690156,0.012952470686286688,0.0005322709184838459,0.02421826357021928,0.014680392341688275,0.0005632296379189938
1400,0.11098948866128922,0.8750693202018738,0.021693499758839607,0.013124183285981417,0.0005240882164798677,0.02113613858819008,0.013682843185961246,0.0005485874135047197,0.020751197822391987,0.014005646109580994,0.0005763201625086367
1401,0.13228532671928406,4.331177711486816,0.02733245026320219,0.016180147882550955,0.0005586738407146186,0.025059632025659084,0.01558959111571312,0.0005796814803034067,0.023097735829651356,0.018056401051580906,0.0006039860600139946
1402,0.1381976082921028,1.4111382961273193,0.024461530148983,0.018873991444706917,0.0005610873631667346,0.024505089968442917,0.01975385472178459,0.0005826856067869812,0.02492668107151985,0.018669784534722567,0.0006078965088818222
1403,0.03883861564099789,1.6957318782806396,0.005908378399908543,0.005250418093055487,0.0003412874648347497,0.005976801039651036,0.005410943413153291,0.00035536028735805303,0.0063652656972408295,0.00565568869933486,0.00037113294820301235
1404,0.16985267773270607,0.7405930757522583,0.030604581348598003,0.01425942312926054,0.0005536175449378788,0.029999616090208292,0.030648475512862206,0.000575585276237689,0.029457671102136374,0.02796716638840735,0.0005997323314659297
1405,0.0785527266561985,0.5536236763000488,0.012851022183895111,0.009781542234122753,0.00046960427425801754,0.012470707297325134,0.012844140641391277,0.00048752460861578584,0.01230017514899373,0.012437031604349613,0.0005098987312521785
1406,0.5170636251568794,4.569033622741699,0.12948708701878786,0.02826207224279642,0.0009849533380474895,0.128838948905468,0.02824309468269348,0.0009772099438123405,0.12797728274017572,0.06250038184225559,0.0009765347349457443
1407,0.11020909249782562,0.7865363955497742,0.020200960338115692,0.01491242554038763,0.0004769597726408392,0.019938960671424866,0.014578595757484436,0.0004956565535394475,0.019995655864477158,0.014630031771957874,0.000515498235472478
1408,0.12253942340612411,1.2267965078353882,0.019397901371121407,0.02009871695190668,0.0005448132287710905,0.01955737452954054,0.02038781251758337,0.0005535038071684539,0.019860143773257732,0.01658305712044239,0.0005652854742947966
1409,0.5167463645339012,3.202374219894409,0.12358708446845412,0.05912805534899235,0.0009229470160789788,0.12255908874794841,0.05347009841352701,0.0009221492800861597,0.12175915809348226,0.025153702590614557,0.0009272005409002304
1410,0.16365621238946915,1.5255070924758911,0.027727016247808933,0.02927698940038681,0.0005950696940999478,0.02634523529559374,0.022879483178257942,0.0006180077907629311,0.025747517123818398,0.024249552749097347,0.0006445269100368023
1411,0.12544619664549828,0.9735843539237976,0.025704309809952974,0.01435653492808342,0.0005007486615795642,0.024893717374652624,0.01368964440189302,0.0005376209155656397,0.02420177450403571,0.016149200964719057,0.0005743853253079578
1412,0.10987824387848377,1.111013650894165,0.015768059762194753,0.01790203806012869,0.0006201335781952366,0.015538345323875546,0.019269471988081932,0.0006320275570033118,0.01543204253539443,0.018376932246610522,0.000645678213913925
1413,0.10749218612909317,1.8202112913131714,0.017679164186120033,0.012104017194360495,0.0004531888844212517,0.01749289408326149,0.011437714099884033,0.00047858196194283664,0.017849530559033155,0.02519366703927517,0.0005020285898353904
1414,0.09468318149447441,0.8630653023719788,0.014446989633142948,0.014772036578506231,0.0005149298231117427,0.014238331001251936,0.014976080507040024,0.0005332223954610527,0.014447285328060389,0.01539541594684124,0.0005536085518542677
1415,0.15295569226145744,0.6824142932891846,0.025594872888177633,0.02381885377690196,0.0006064334593247622,0.02477017417550087,0.024259770289063454,0.0006217143090907484,0.0242754346691072,0.022764170076698065,0.0006399568519555032
1416,0.0831243060529232,1.9554996490478516,0.01603782386519015,0.012107043992727995,0.0004025162706966512,0.014425251400098205,0.010596552165225148,0.0004335262347012758,0.013271871022880077,0.011473764898255467,0.0004669567570090294
1417,0.09152944758534431,1.3600256443023682,0.015178777743130922,0.014852587133646011,0.0004613441415131092,0.014844955876469612,0.012070972472429276,0.0004752310487674549,0.014746246859431267,0.014118735678493977,0.0004927180416416377
1418,0.1499978806823492,3.3437695503234863,0.03483194625005126,0.012829030631110072,0.0005043313431087881,0.03470640489831567,0.012412883341312408,0.0005745492817368358,0.03498648828826845,0.01334873354062438,0.0006417193217203021
1419,0.12266916781663895,1.2699986696243286,0.018651333637535572,0.02066805027425289,0.0006248610443435609,0.018281989730894566,0.018546891398727894,0.0006367703899741173,0.018077549524605274,0.02079635625705123,0.0006501166499219835
1420,0.4562302604317665,7.384348392486572,0.1135580288246274,0.026094121858477592,0.000978670417680405,0.11064212676137686,0.02382651763036847,0.0009731188474688679,0.10815756861120462,0.06223954493179917,0.0009763045090949163
1421,0.06679651513695717,0.7731665372848511,0.01107391039840877,0.009801031555980444,0.00033484151936136186,0.010592954698950052,0.010862808674573898,0.0003494870907161385,0.010396186029538512,0.009863525396212935,0.00036719666968565434
1422,0.09674374386668205,2.714162588119507,0.021695155650377274,0.009740723762661219,0.00046766574087087065,0.0196492662653327,0.011016704607754946,0.0005002420075470582,0.018012313172221184,0.010593210812658072,0.000541184184839949
1423,0.09664475917816162,1.2771954536437988,0.015799761284142733,0.014472578186541796,0.0005134281527716666,0.015354714822024107,0.014581639785319567,0.0005266879161354154,0.015064172446727753,0.015042520593851805,0.0005422259564511478
1424,0.07956435531377792,4.68496561050415,0.01276159891858697,0.010024112183600664,0.0004485899698920548,0.0137488367035985,0.010179747827351093,0.00047792015539016575,0.015503368806093931,0.011607042048126459,0.0005084022996015847
1425,0.08452683687210083,1.1606696844100952,0.01831794297322631,0.009376822505146265,0.00042940299317706376,0.01670669624581933,0.009010513545945287,0.00046252331230789423,0.015782826114445925,0.00975794019177556,0.0005015982897020876
1426,0.0796407125890255,1.7981536388397217,0.010890045436099172,0.01185634674038738,0.0004893580626230687,0.011046784929931164,0.0142048659035936,0.0005014839480281807,0.011446952586993575,0.014169152011163533,0.0005157986597623676
1427,0.08407247066497803,1.0634480714797974,0.014820235315710306,0.013755615800619125,0.00044320354936644435,0.014413717202842236,0.010448468383401632,0.0004616543446900323,0.01422923430800438,0.01084579573944211,0.00048499419062864035
1428,0.11642954498529434,6.712407112121582,0.03072950430214405,0.010199006646871567,0.0004132459289394319,0.027117648161947727,0.009486902505159378,0.0004495445900829509,0.023615569807589054,0.009855770971626043,0.0004934955795761198
1429,0.05180821381509304,0.8430269360542297,0.008748864755034447,0.007311616558581591,0.00031742801365908235,0.00817387760616839,0.007528648246079683,0.0003320763789815828,0.008038187399506569,0.008015321800485253,0.0003484204935375601
1430,0.06602269038558006,1.3791675567626953,0.011953725013881922,0.009335153386928141,0.00031365957693196833,0.012145407032221556,0.005911750020459294,0.0003330553008709103,0.012533192988485098,0.010148956789635122,0.00035191100323572755
1431,0.06795640848577023,1.2585008144378662,0.012387618888169527,0.00986596429720521,0.0003915624984074384,0.01149797486141324,0.009182533947750926,0.000405311569920741,0.011008250061422586,0.009141589980572462,0.0004212447674944997
1432,0.11237504705786705,1.766259789466858,0.022401509806513786,0.01312614232301712,0.0004937688645441085,0.022137478459626436,0.012579858768731356,0.0005200732266530395,0.022348525933921337,0.013542455155402422,0.0005459286621771753
1433,0.11094191297888756,1.5292428731918335,0.01864582602865994,0.015673333778977394,0.0005848210421390831,0.01858641905710101,0.015294355805963278,0.0006025301408953965,0.018649382051080465,0.01684456132352352,0.0006246562261367217
1434,0.07952018827199936,0.717748761177063,0.014369991607964039,0.009620112832635641,0.0005215721030253917,0.013821091037243605,0.010531227104365826,0.0005506739980774,0.01360300974920392,0.010964927263557911,0.0005802110536023974
1435,0.5755712315440178,4.236074924468994,0.13689818419516087,0.06276932265609503,0.0009370576881337911,0.13542860932648182,0.027523950673639774,0.0009334510541521013,0.13419947866350412,0.06753181386739016,0.0009344744903501123
1436,0.10229982435703278,1.5539039373397827,0.017705082427710295,0.01300762640312314,0.000486743520013988,0.01797252194955945,0.01441311789676547,0.0005023669655201957,0.018540416844189167,0.014629179146140814,0.0005188594805076718
1437,0.3951236121356487,6.965012073516846,0.10701884049922228,0.024692902341485023,0.0009326255822088569,0.1037384457886219,0.024253591429442167,0.0009329199674539268,0.100964630022645,0.02321219351142645,0.0009452055674046278
1438,0.05428267177194357,1.7473573684692383,0.008102449239231646,0.007173069985583425,0.00045101926662027836,0.008252648171037436,0.009365034755319357,0.00048107150360010564,0.008648082846775651,0.00696900486946106,0.0005110048805363476
1439,0.0879875086247921,1.1880236864089966,0.014481044840067625,0.013917112722992897,0.0004941670631524175,0.014248623512685299,0.010870792903006077,0.0005082283896626905,0.014488053973764181,0.013877255842089653,0.0005237607401795685
1440,0.11511056125164032,1.0686537027359009,0.018774617463350296,0.018630799371749163,0.0006646840483881533,0.017680625896900892,0.017745913937687874,0.0006874257524032146,0.01707499986514449,0.01694862497970462,0.0007116363849490881
1441,0.08990664407610893,1.4610151052474976,0.01474893232807517,0.012603402603417635,0.0004758312279591337,0.014504767023026943,0.013687229249626398,0.0004933123564114794,0.014428426977247,0.01399542996659875,0.0005154702812433243
1442,0.09605942666530609,3.130840539932251,0.02202914049848914,0.010359994135797024,0.0004460598574951291,0.019982250407338142,0.00877030286937952,0.00048299794434569776,0.018156391568481922,0.010929666459560394,0.0005288606334943324
1443,0.062928581610322,1.1524641513824463,0.012240634765475988,0.00725501193664968,0.00039076327811926603,0.011810449417680502,0.007364378776401281,0.00041746646456886083,0.011680722702294588,0.007562643149867654,0.0004454560694284737
1444,0.27410096675157547,2.491368532180786,0.0606533158570528,0.02736495714634657,0.0007013433205429465,0.05945743340998888,0.0309168491512537,0.0007240487611852586,0.05837141443043947,0.028652161359786987,0.0007458135369233787
1445,0.11748300865292549,1.1187562942504883,0.01888472680002451,0.017467226833105087,0.0006749938474968076,0.018651251681149006,0.01729565067216754,0.0007054765883367509,0.018936618231236935,0.01776732224971056,0.0007395825232379138
1446,0.06721263751387596,2.317096471786499,0.010813053231686354,0.009489360498264432,0.0004233239160384983,0.01082923635840416,0.009533415548503399,0.00044841141789220273,0.011399589013308287,0.009762051049619913,0.00047474767779931426
1447,0.15802612155675888,1.4767327308654785,0.026456906460225582,0.021923120599240065,0.0005450250755529851,0.025527372024953365,0.024615425616502762,0.0005566643376369029,0.02481239102780819,0.027993391267955303,0.00057268759701401
1448,0.4438198208808899,5.055647373199463,0.09845890430733562,0.06330647831782699,0.0009339657844975591,0.09619416296482086,0.0249282568693161,0.0009245478140655905,0.09465751703828573,0.05513042490929365,0.000927502303966321
1449,0.08322341740131378,0.7835882306098938,0.015293975826352835,0.010671876138076186,0.0004083694802829996,0.014823181554675102,0.011901204939931631,0.00042767636477947235,0.01458799373358488,0.010809894185513258,0.00044777644507121295
1450,0.06827590987086296,0.4819762706756592,0.012571113184094429,0.009489624761044979,0.0005005737475585192,0.011862972285598516,0.008147093467414379,0.0005288018292048946,0.011465548537671566,0.008394478121772408,0.0005568949272856116
1451,0.07759188860654831,1.261383056640625,0.013135604560375214,0.009633449837565422,0.00048007810255512595,0.012986185029149055,0.01138497656211257,0.0004984190163668245,0.013051376678049564,0.0114136366173625,0.0005181674205232412
1452,0.1682569682598114,1.084155797958374,0.026831687428057194,0.02648030500859022,0.000717521645128727,0.02655901573598385,0.026634851470589638,0.0007466144452337176,0.02658761665225029,0.026200374588370323,0.0007766436028759927
1453,0.1114506945014,0.5223376154899597,0.020336703397333622,0.014630209188908339,0.000574818899622187,0.019568690098822117,0.015201760455965996,0.000601719890255481,0.01936529576778412,0.01511807320639491,0.0006309517193585634
1454,0.056477734819054604,1.4992096424102783,0.00985597912222147,0.006806727731600404,0.00042368186404928565,0.009500461164861917,0.007828348781913519,0.00045706273522228,0.009599849814549088,0.007386487675830722,0.0004942259110976011
1455,0.05405171029269695,2.123155355453491,0.008744163205847144,0.007568222936242819,0.00042344194662291557,0.009056283859536052,0.006632149452343583,0.0004525314725469798,0.009564069798216224,0.0070668053813278675,0.00047903026279527694
1456,0.0953044593334198,1.0887240171432495,0.01803660299628973,0.0114751229993999,0.000517045147716999,0.01730773178860545,0.012584383133798838,0.0005382468225434422,0.016789730172604322,0.012623752001672983,0.0005664927884936333
1457,0.09701637364923954,0.7068104147911072,0.014186514774337411,0.016963417874649167,0.00043971177365165204,0.013499063905328512,0.01703747338615358,0.0004521590017247945,0.013380863005295396,0.016516654985025525,0.0004662262217607349
1458,0.25897955149412155,3.286700487136841,0.0570984473451972,0.031734563410282135,0.0007038915064185858,0.05556931905448437,0.0249669193290174,0.0007234686054289341,0.054061261005699635,0.02686516661196947,0.0007436067971866578
1459,0.09108506143093109,6.060544967651367,0.023028303869068623,0.007974941050633788,0.00041698789573274553,0.019744794815778732,0.008653930621221662,0.0004420196055434644,0.016719887033104897,0.009643279016017914,0.00047097416245378554
1460,0.06896232068538666,0.838904619216919,0.012267997954040766,0.009782061912119389,0.00042704236693680286,0.011654574889689684,0.00886405911296606,0.0004482261574594304,0.01156321493908763,0.009447065647691488,0.00047056819312274456
1461,0.06770295649766922,1.713637113571167,0.015910716261714697,0.00615865713916719,0.00030899759440217167,0.014800119679421186,0.007042470388114452,0.0003299232048448175,0.01378875132650137,0.006026621675118804,0.0003549845569068566
1462,0.06061309389770031,1.1074050664901733,0.009583792183548212,0.009096257854253054,0.0004197923990432173,0.009226254653185606,0.008551521692425013,0.0004514204047154635,0.009287608321756124,0.009445007424801588,0.00048444996355101466
1463,0.14103597775101662,0.691224992275238,0.020379715599119663,0.022267852909862995,0.0007581841200590134,0.020288320258259773,0.024048317223787308,0.0007727343763690442,0.02054274920374155,0.024229506962001324,0.0007889602275099605
1464,0.4213982969522476,5.006126880645752,0.10256152087822556,0.022475823760032654,0.0009493221587035805,0.10059121577069163,0.060958777321502566,0.0009338207892142236,0.09918036544695497,0.024392014369368553,0.000926498876651749
1465,0.06731426157057285,1.4701223373413086,0.011290078517049551,0.00886074174195528,0.00039573738467879593,0.011362338904291391,0.009413718711584806,0.00042220987961627543,0.011706755962222815,0.009594552218914032,0.0004535707412287593
1466,0.06615476310253143,0.324713796377182,0.010034572565928102,0.01072010793723166,0.000379754688765388,0.009138667257502675,0.010697627672925591,0.0003964748466387391,0.008796094683930278,0.012005680706351995,0.0004142736434005201
1467,0.4864273965358734,6.559849739074707,0.10936166997998953,0.02721570199355483,0.0010504445526748896,0.10657352767884731,0.06650936976075172,0.0010505674872547388,0.10438630636781454,0.05974018294364214,0.001059152913512662
1468,0.06620035693049431,1.4916768074035645,0.010917987674474716,0.009547410067170858,0.00040097348392009735,0.010902612004429102,0.0093104038387537,0.0004162394907325506,0.011268328409641981,0.009248855989426374,0.0004339766746852547
1469,0.046919986605644226,0.9817959666252136,0.007968032965436578,0.006830967264249921,0.00033908942714333534,0.00721445819362998,0.006595690152607858,0.00035950735036749393,0.007302061887457967,0.006686741951853037,0.00038191108615137637
1470,0.07225172780454159,1.7413333654403687,0.012763474136590958,0.011063831858336926,0.00045269669499248266,0.01169494166970253,0.009440476540476084,0.00047712506784591824,0.011003101244568825,0.010549888014793396,0.0005041819531470537
1471,0.08179587870836258,2.459665536880493,0.016822305507957935,0.008753432659432292,0.0004199308459647,0.014667742885649204,0.011589132715016603,0.0004449574480531737,0.013307592831552029,0.011309200897812843,0.00047172945050988346
1472,0.10551716387271881,0.7052133679389954,0.015349960420280695,0.019232766702771187,0.0006504526973003522,0.014884387142956257,0.016332192346453667,0.0006672326708212495,0.015001735650002956,0.01670022774487734,0.0006862903537694365
1473,0.12322062999010086,0.8949663043022156,0.023758309427648783,0.016050984151661396,0.0005666686338372529,0.02268557483330369,0.015295179095119238,0.0006001712172292173,0.022222623229026794,0.015997274313122034,0.0006358309183269739
1474,0.07299191504716873,1.1075395345687866,0.012034341227263212,0.009178922977298498,0.000459024915471673,0.011907840613275766,0.011918867006897926,0.000479236216051504,0.012216401286423206,0.009970800019800663,0.0005029243038734421
1475,0.06321457028388977,1.270158290863037,0.01118033123202622,0.008580755675211549,0.00037146722024772316,0.010436015203595161,0.009368774015456438,0.00040495557186659425,0.010031705489382148,0.008756551193073392,0.00043868753709830344
1476,0.3677502181380987,4.235289573669434,0.09881718177348375,0.021575705148279667,0.000974483962636441,0.09658263251185417,0.022640764247626066,0.0009673804452177137,0.0950152175500989,0.021476827329024673,0.0009686100238468498
1477,0.060970596969127655,1.5395506620407104,0.010995765682309866,0.007856837473809719,0.00033481653372291476,0.010971046052873135,0.007639454561285675,0.00035537932126317173,0.011553953867405653,0.007688041310757399,0.0003761780681088567
1478,0.06852284073829651,1.4951053857803345,0.010215450776740909,0.011218526400625706,0.00043332988570909947,0.010127329733222723,0.01055390015244484,0.00045285263331606984,0.010396250756457448,0.010572406463325024,0.0004735623952001333
1479,0.07169286534190178,2.3193295001983643,0.012905425857752562,0.00892760930582881,0.0004705303581431508,0.012569923419505358,0.008892340585589409,0.0005186858616070822,0.012920152395963669,0.009253004565834999,0.0005668860976584256
1480,0.08976735174655914,2.6448726654052734,0.014016421046108007,0.013521372340619564,0.0005051440966781229,0.014466733206063509,0.013148819096386433,0.0005246099317446351,0.015159499365836382,0.013149030040949583,0.0005466144648380578
1481,0.5669006295502186,1.9128954410552979,0.13447672734037042,0.06323433294892311,0.0008633936231490225,0.13398481765761971,0.02289650496095419,0.0008647747890790924,0.13375653885304928,0.06813224731013179,0.000876688543939963
1482,0.05877091735601425,2.1471078395843506,0.011626562103629112,0.006419766694307327,0.00035127653973177075,0.010737414937466383,0.007091017439961433,0.0003872470115311444,0.010867801029235125,0.0073727890849113464,0.00042536822729744017
1483,0.1198853924870491,0.90559983253479,0.01998457871377468,0.01756720431149006,0.0006078423466533422,0.01947340415790677,0.01724867755547166,0.000637995486613363,0.019492195220664144,0.018462563399225473,0.0006683535175397992
1484,0.09697263687849045,2.633288860321045,0.013889317866414785,0.015680505894124508,0.00041218196565750986,0.013506163842976093,0.017399372067302465,0.0004606090806191787,0.01412872551009059,0.016850280109792948,0.0005067762976977974
1485,0.4255827087908983,1.147507667541504,0.10204158443957567,0.042318994645029306,0.0010614409111440182,0.1020451516378671,0.0215372028760612,0.0010859497706405818,0.10244712373241782,0.04216286586597562,0.0011100552219431847
1486,0.5117810927331448,6.654283046722412,0.10518507147207856,0.06509698648005724,0.00102813116973266,0.10309480549767613,0.05916887428611517,0.0010107482667081058,0.10154921934008598,0.06552265072241426,0.001001992088276893
1487,0.08616598695516586,0.7996878623962402,0.01521635102108121,0.011890903115272522,0.00039470740011893213,0.015015764627605677,0.01215258426964283,0.000407687432016246,0.014936164487153292,0.012052806094288826,0.0004229579062666744
1488,0.4177934154868126,4.213555812835693,0.10154316877014935,0.06198396813124418,0.0009927456849254668,0.09924382017925382,0.023493057815358043,0.0009977493609767407,0.09803677326999605,0.02150193857960403,0.0010071845317725092
1489,0.121676005423069,1.3468217849731445,0.021113690920174122,0.01612022891640663,0.0005475726793520153,0.02075036708265543,0.019934222102165222,0.0005707391392206773,0.020551505498588085,0.016349091194570065,0.0005959098052699119
1490,0.04619687423110008,1.3771837949752808,0.006911770673468709,0.00740573788061738,0.00034086478990502656,0.006442003883421421,0.00683596171438694,0.00035374955041334033,0.006192476954311132,0.00816050311550498,0.0003674909094115719
1491,0.5295437537133694,5.847646713256836,0.10686553083360195,0.06821957603096962,0.0010932105360552669,0.10506692063063383,0.06670586206018925,0.0010779036674648523,0.10365728754550219,0.06605919357389212,0.0010712314979173243
1492,0.10946813225746155,1.0551044940948486,0.01990535669028759,0.015252925455570221,0.00040772705688141286,0.0194387910887599,0.014914286090061069,0.00042081779974978417,0.019116893410682678,0.015781451482325792,0.0004360616148915142
1493,0.09510672837495804,3.417301654815674,0.02095646783709526,0.011668014340102673,0.0004406153748277575,0.018568485975265503,0.010169389192014933,0.000472623753012158,0.016687600873410702,0.0113689498975873,0.0005087154277134687
1494,0.06385599821805954,1.120407223701477,0.010180408135056496,0.009465071372687817,0.00039360119262710214,0.010108338203281164,0.009280339814722538,0.000412451263400726,0.010211219545453787,0.00965981837362051,0.0004316482227295637
1495,0.08663753047585487,0.7047463655471802,0.015711373183876276,0.012272178195416927,0.00043664834811352193,0.015232601203024387,0.010863363044336438,0.00046639572246931493,0.015050400979816914,0.011914059054106474,0.0004953462048433721
1496,0.246700718998909,1.0374131202697754,0.04071955941617489,0.03969606477767229,0.0007179908570833504,0.03974542021751404,0.038423349149525166,0.0007445454248227179,0.03893335722386837,0.04023671895265579,0.0007740235014352947
1497,0.10263990238308907,1.0942060947418213,0.01674912264570594,0.017068291548639536,0.0004760130832437426,0.01617987873032689,0.013880650047212839,0.0004936472250847146,0.01603495143353939,0.01679592067375779,0.0005131114739924669
1498,0.08700257539749146,2.6128382682800293,0.017919653095304966,0.011759960558265448,0.00046905173803679645,0.01631274400278926,0.010220189113169909,0.00048650398093741387,0.014908583834767342,0.010023805312812328,0.0005088543694000691
1499,0.09564273804426193,0.9441395998001099,0.014707215130329132,0.015258397907018661,0.0005321057251421735,0.014040398877114058,0.01573768723756075,0.000541958594112657,0.013726869132369757,0.015651345252990723,0.0005561410653172061
1500,0.12747303396463394,4.452138423919678,0.03030717559158802,0.012847135309129953,0.0004418573225848377,0.027671190910041332,0.013206705916672945,0.00047179947432596236,0.025114056654274464,0.012645221780985594,0.0005067317979410291
1501,0.13599039986729622,1.560973048210144,0.026217023376375437,0.01837008586153388,0.000503815128467977,0.024796759244054556,0.018357072491198778,0.0005504791042767465,0.023947549983859062,0.017702297773212194,0.0005956076201982796
1502,0.13034948706626892,2.460585832595825,0.02365698479115963,0.023780026473104954,0.00048134164535440505,0.02353785838931799,0.018381610978394747,0.0005273138522170484,0.024139399640262127,0.010527641512453556,0.000572835240745917
1503,0.0949031189084053,2.9777519702911377,0.02190720522776246,0.010953452903777361,0.000411604400142096,0.019248628988862038,0.009531163377687335,0.0004482972726691514,0.01731159631162882,0.010558194480836391,0.0004883182409685105
1504,0.05112677812576294,2.7353036403656006,0.007125700591132045,0.007759966887533665,0.0004357157740741968,0.006881975801661611,0.007501079002395272,0.0004764664772665128,0.0078123079147189856,0.008337254635989666,0.0005149410862941295
1505,0.09593041986227036,0.76780104637146,0.014150301925837994,0.015164365991950035,0.000567643903195858,0.01382738770917058,0.016409308183938265,0.000578185630729422,0.013731011655181646,0.01569212507456541,0.000593150471104309
1506,0.12297419086098671,0.8253942728042603,0.022885442711412907,0.01639489782974124,0.0006228085840120912,0.022277548909187317,0.016314872540533543,0.0006364056607708335,0.02188076265156269,0.015571066178381443,0.0006531850376632065
1507,0.12569623440504074,1.1118158102035522,0.020320440642535686,0.020304491743445396,0.000610730581684038,0.01924512581899762,0.019479536451399326,0.0006317339721135795,0.018742229789495468,0.020012774039059877,0.0006554443971253932
1508,0.15477006137371063,1.134450078010559,0.02482170658186078,0.024829713627696037,0.0005927910096943378,0.02389534842222929,0.02464622724801302,0.0006215620087459683,0.024195133708417416,0.024927744641900063,0.0006491956883110106
1509,0.06543819047510624,1.3246251344680786,0.01419606851413846,0.007321674842387438,0.00035596289671957493,0.012280642054975033,0.007228925824165344,0.00039344823744613677,0.01108592376112938,0.008607158903032541,0.0004300379368942231
1510,0.1171300858259201,1.284713625907898,0.019944622414186597,0.01844938052818179,0.0005430891324067488,0.019342219922691584,0.016015371773391962,0.0005656753637595102,0.01919924933463335,0.017385163344442844,0.0005897547962376848
1511,0.13373707234859467,3.0953269004821777,0.02260961662977934,0.01635812083259225,0.0006349075119942427,0.02250007539987564,0.015341442078351974,0.000690859102178365,0.02358284592628479,0.025051753968000412,0.0007475378515664488
1512,0.0935584120452404,1.5176888704299927,0.015248019015416503,0.013103659730404615,0.00044777218136005104,0.01521785813383758,0.012905527371913195,0.000468436541268602,0.015757041983306408,0.015689229127019644,0.0004930587310809642
1513,0.060759421437978745,0.8678862452507019,0.010792137123644352,0.008391483221203089,0.0003533020499162376,0.010097480844706297,0.00818895478732884,0.0003730495955096558,0.009855144191533327,0.008949979208409786,0.0003947088698623702
1514,0.054326677694916725,1.1518524885177612,0.009047117084264755,0.008054023142904043,0.00034853737452067435,0.008701648097485304,0.0076309447176754475,0.00036313610326033086,0.008661519270390272,0.007865868043154478,0.000379716235329397
1515,0.38801782578229904,3.7440857887268066,0.102987180929631,0.02396481717005372,0.0010637869709171355,0.100645930506289,0.024506945628672838,0.0010717266704887152,0.0990112186409533,0.02401808276772499,0.0010854013380594552
1516,0.029852588661015034,3.3261537551879883,0.004346033791080117,0.00323332822881639,0.00030770874582231045,0.004655737429857254,0.0035277854185551405,0.0003561149933375418,0.005811029579490423,0.004019392654299736,0.0004009967960882932
1517,0.10239756479859352,1.310591697692871,0.017533340491354465,0.014537235256284475,0.0005365205579437315,0.017082531470805407,0.01461183000355959,0.0005566290055867285,0.017335012089461088,0.014599384274333715,0.0005814079486299306
1518,0.441132016479969,4.189435005187988,0.1051733959466219,0.027230966836214066,0.0010897411848418415,0.10257638245820999,0.029026958160102367,0.0010926795657724142,0.10122322477400303,0.06276158057153225,0.0011024579871445894
1519,0.08122624829411507,2.356180191040039,0.017242472618818283,0.009920763317495584,0.00044503495155368,0.014535619411617517,0.010200491640716791,0.00047986736171878874,0.013283556327223778,0.01024877093732357,0.000523741589859128
1520,0.04785194527357817,1.406049370765686,0.009186721057631075,0.004701440338976681,0.0003310404281364754,0.008906374918296933,0.005199759034439921,0.0003637795598478988,0.00896727666258812,0.006519249174743891,0.00039796115015633404
1521,0.0953095406293869,2.0076904296875,0.017525816336274147,0.018000085605308414,0.0003930218663299456,0.017798094544559717,0.009201028384268284,0.00041588416206650436,0.01837519323453307,0.00941616902127862,0.0004393808339955285
1522,0.11224693059921265,1.0063421726226807,0.018601211719214916,0.0159312654286623,0.0005794813623651862,0.017917068675160408,0.016958499792963266,0.0006041012820787728,0.017929892521351576,0.017654051538556814,0.0006301509856712073
1523,0.07200394198298454,1.5662177801132202,0.014342543203383684,0.008861185982823372,0.00041043764213100076,0.013402239419519901,0.008951245341449976,0.00043280678801238537,0.01299861865118146,0.008238797541707754,0.0004590833850670606
1524,0.07745881378650665,1.0593913793563843,0.011320956982672215,0.013641670811921358,0.00047483389789704233,0.010724370367825031,0.013998464681208134,0.0004859072214458138,0.010432954644784331,0.01150192553177476,0.0004988769651390612
1525,0.0725697074085474,1.030312418937683,0.012968475231900811,0.009728298522531986,0.0004204467113595456,0.012411733390763402,0.009956771275028586,0.00044101718231104314,0.012626417214050889,0.009579521371051669,0.0004631583287846297
1526,0.060734400525689125,1.887990117073059,0.010855744127184153,0.007455993676558137,0.0003499739395920187,0.010741678532212973,0.007845703512430191,0.0003871621593134478,0.011208570096641779,0.007978165987879038,0.00042500015115365386
1527,0.06150921527296305,2.7999534606933594,0.013808016432449222,0.00581223308108747,0.0003649217542260885,0.012055725092068315,0.007340627023950219,0.0003940710739698261,0.010488329222425818,0.007252819719724357,0.0004288734053261578
1528,0.08262428268790245,1.8392165899276733,0.014535787049680948,0.012400903273373842,0.00043906786595471203,0.01377218309789896,0.012499394360929728,0.0004561274836305529,0.013359959237277508,0.010570029262453318,0.0004763125325553119
1529,0.15584661811590195,0.6506578326225281,0.03376058954745531,0.01652436377480626,0.0004713053349405527,0.032599023543298244,0.019126559607684612,0.0005113355873618275,0.031990853138267994,0.015694758854806423,0.0005549777706619352
1530,0.5465415008366108,4.132586479187012,0.1534284665249288,0.023150135530158877,0.00092046067584306,0.13671477604657412,0.06351682031527162,0.0009048688516486436,0.1354045756161213,0.023434560047462583,0.0008977075922302902
1531,0.1386985182762146,3.359741449356079,0.028297733515501022,0.016975607257336378,0.0005714351864298806,0.026286658830940723,0.01832880824804306,0.0005898803356103599,0.02439363580197096,0.017313065472990274,0.0006144371291156858
1532,0.0795250590890646,3.3265464305877686,0.019769981503486633,0.007100200280547142,0.0003794032527366653,0.017660693265497684,0.007465370465070009,0.0004000131448265165,0.0157838580198586,0.006911574862897396,0.00042892846977338195
1533,0.13143780082464218,1.2081466913223267,0.02112839138135314,0.016771837370470166,0.0005653404514305294,0.021094687283039093,0.021547831827774644,0.0005943174910498783,0.021279963199049234,0.022495538229122758,0.0006202303047757596
1534,0.08905548229813576,2.5182619094848633,0.013995480723679066,0.013160932809114456,0.00047284713946282864,0.014112182427197695,0.01378993270918727,0.00048385755508206785,0.01445100037381053,0.013727367389947176,0.0004979415389243513
1535,0.10169964283704758,0.7506306171417236,0.01812120620161295,0.01422395696863532,0.0005981505382806063,0.017322607338428497,0.014236730989068747,0.0006271603051573038,0.01680351933464408,0.013463766314089298,0.0006566529627889395
1536,0.05842377245426178,4.552753448486328,0.010559941874817014,0.006080932216718793,0.0003390776982996613,0.011252527125179768,0.005831973860040307,0.00038733414839953184,0.013089505257084966,0.006970847141928971,0.0004330991505412385
1537,0.0788838155567646,1.124915599822998,0.014165127649903297,0.011203581467270851,0.00041825781227089465,0.013714746572077274,0.01118669006973505,0.0004262511502020061,0.013425411190837622,0.010063310153782368,0.00043672858737409115
1538,0.079522043466568,1.5616705417633057,0.013069946318864822,0.010192832443863153,0.0004106053675059229,0.013439387548714876,0.011657397728413343,0.0004336156853241846,0.014004173688590527,0.011950501706451178,0.00045772999874316156
1539,0.11375261843204498,0.4887255132198334,0.018008611164987087,0.02108874451369047,0.0005512288771569729,0.017548223491758108,0.018504727631807327,0.0005636457644868642,0.017345591448247433,0.014484982006251812,0.0005780601059086621
1540,0.06648052856326103,0.8512160181999207,0.010717784520238638,0.010595867410302162,0.00041904955287463963,0.01049154857173562,0.008062976645305753,0.0004347155772848055,0.010600586188957095,0.010778210824355483,0.00045462229172699153
1541,0.10291407629847527,2.4373695850372314,0.019795140251517296,0.014452580828219652,0.0005386297998484224,0.017782529816031456,0.013026772066950798,0.0005615719855995849,0.016352688428014517,0.014749098103493452,0.0005886143480893224
1542,0.0949137769639492,2.084771156311035,0.02075143065303564,0.009402565192431211,0.00041453268204350024,0.0197582202963531,0.010083956643939018,0.00043971501872874796,0.018836344126611948,0.01080464106053114,0.000464906741399318
1543,0.15667292475700378,1.893765926361084,0.0342271220870316,0.01482959184795618,0.0005441730609163642,0.03300551977008581,0.01443271990865469,0.0005752636643592268,0.0318310372531414,0.02143592806532979,0.000608314701821655
1544,0.1591508612036705,4.710518836975098,0.03373693581670523,0.01797224162146449,0.0005344705423340201,0.0305409524589777,0.022073231637477875,0.0005714698345400393,0.027804266661405563,0.020154763013124466,0.0006111773836892098
1545,0.06370982713997364,1.771666169166565,0.010366647504270077,0.009108495432883501,0.0004005834925919771,0.010494465939700603,0.009117423789575696,0.00041466261609457433,0.01089214044623077,0.008744199760258198,0.00043136742897331715
1546,0.06547865644097328,2.0537383556365967,0.010238078888505697,0.009698246605694294,0.00045308323751669377,0.009813167154788971,0.009193129371851683,0.0005111373611725867,0.010435222648084164,0.009974402375519276,0.0005673817940987647
1547,0.13329393416643143,1.3782254457473755,0.02318800613284111,0.020931057166308165,0.0006336250808089972,0.021412244997918606,0.01813954021781683,0.000671847170451656,0.0204164432361722,0.021132604219019413,0.0007130378508009017
1548,0.060945307835936546,1.6346125602722168,0.009529754985123873,0.009314452530816197,0.00039366418786812574,0.009302636375650764,0.009342261590063572,0.00041133695049211383,0.009566155960783362,0.00893835281021893,0.0004329222138039768
1549,0.16131859458982944,1.171180248260498,0.030122184194624424,0.027202511904761195,0.00048688644892536104,0.029166356660425663,0.012951579177752137,0.0005121774156577885,0.028368518222123384,0.027361294720321894,0.0005374709435272962
1550,0.08150514774024487,1.048337697982788,0.013918250100687146,0.010453479364514351,0.0004750034713651985,0.013766614021733403,0.011260514613240957,0.0004972758324583992,0.014051342383027077,0.012054778402671218,0.0005277636082610115
1551,0.08972843550145626,1.0271128416061401,0.017479764763265848,0.016044670715928078,0.000431508116889745,0.016450238414108753,0.009360977914184332,0.00047311835805885494,0.016046917997300625,0.008668780326843262,0.0005146445764694363
1552,0.3836141750216484,4.10837459564209,0.10236819041892886,0.023197936359792948,0.0009394616208737716,0.10004352265968919,0.02368293423205614,0.0009450978541281074,0.09859646484255791,0.02436494268476963,0.0009554831485729665
1553,0.06042337231338024,3.4611971378326416,0.00882628804538399,0.007962295087054372,0.0004524103060248308,0.009461382869631052,0.008756863418966532,0.0004979061195626855,0.01069808378815651,0.008738124161027372,0.000544767128303647
1554,0.10302078351378441,2.5630970001220703,0.016379941953346133,0.01509769563563168,0.0005884575803065673,0.016274209367111325,0.015537841245532036,0.0006427060288842767,0.017018067883327603,0.015024636639282107,0.0006909338408149779
1555,0.08585882559418678,1.4747157096862793,0.018361729569733143,0.008469970431178808,0.00033676368184387684,0.017604805529117584,0.00943854870274663,0.00037354241067077965,0.017705997917801142,0.009790831245481968,0.0004114288749406114
1556,0.11147363111376762,1.664417028427124,0.017191472463309765,0.01722702756524086,0.0006456234696088359,0.01743852160871029,0.016427012626081705,0.0006735096394550055,0.018088304437696934,0.017016544938087463,0.0007020531629677862
1557,0.03987550362944603,2.881601095199585,0.004931518342345953,0.00576844927854836,0.0003556531446520239,0.005412160651758313,0.0057522994466125965,0.0003861287550535053,0.006416106130927801,0.006968318950384855,0.00041488089482299984
1558,0.20590019971132278,2.6918153762817383,0.0376479085534811,0.03274337202310562,0.0006802193238399923,0.03572860360145569,0.028401645831763744,0.0007070009887684137,0.03437130991369486,0.0285064484924078,0.0007380094612017274
1559,0.0811741054058075,0.6758062839508057,0.014518174342811108,0.011519830208271742,0.0004656880919355899,0.013314883224666119,0.011548848357051611,0.000495328931719996,0.012850548839196563,0.011483240872621536,0.0005236287834122777
1560,0.06298328563570976,3.9126973152160645,0.00931849516928196,0.008557246532291174,0.00048465355939697474,0.010004481533542275,0.008254922227934003,0.0005242882762104273,0.011432306142523885,0.009112098254263401,0.0005669915699400008
1561,0.07408073917031288,1.5042685270309448,0.01482684351503849,0.00956429773941636,0.00043142755748704076,0.013788377400487661,0.00918953469954431,0.0004446852835826576,0.01305587450042367,0.008303848328068852,0.0004618783132173121
1562,0.05111047625541687,1.1897770166397095,0.009058952564373612,0.007863588631153107,0.0003407847980270162,0.008039491483941674,0.0061642591608688235,0.00037186339613981545,0.007373559987172484,0.008155293413437903,0.00040118528704624623
1563,0.07277040928602219,0.6014050245285034,0.012094804085791111,0.011561274994164705,0.000486817370983772,0.010822465177625418,0.010665001813322306,0.0005050406762165949,0.010473476722836494,0.011085994075983763,0.0005249892128631473
1564,0.06276910752058029,1.1614453792572021,0.011580539401620626,0.00864346488378942,0.0003373532308614813,0.01099991612136364,0.00836411863565445,0.00035462548839859664,0.010570541955530643,0.008352673146873713,0.00037248451553750783
1565,0.4323907941579819,5.986637115478516,0.10462535638362169,0.062480871099978685,0.0009901380544761196,0.1020240867510438,0.026102228555828333,0.0009749667369760573,0.09997101966291666,0.025450998917222023,0.0009689565922599286
1566,0.05351995676755905,2.6014444828033447,0.008301606634631753,0.006875192979350686,0.00041059963405132294,0.008473516907542944,0.007260082522407174,0.0004489358689170331,0.009289746871218085,0.007947488920763135,0.00048354519822169095
1567,0.04037739709019661,2.7127187252044678,0.0062882809434086084,0.005104742711409926,0.0003582959616323933,0.006162579637020826,0.005492892349138856,0.0004047313268529251,0.007049867417663336,0.005449972581118345,0.00044423749204725027
1568,0.04854401387274265,5.7316436767578125,0.007612551795318723,0.004985092906281352,0.000329567541484721,0.008122546598315239,0.005971486680209637,0.00039209234819281846,0.010431399336084723,0.006734813563525677,0.00044987082947045565
1569,0.08455059677362442,0.9244435429573059,0.013828675262629986,0.012888905592262745,0.0005210635135881603,0.013282828964293003,0.01178857870399952,0.0005528375622816384,0.013326256535947323,0.012803590390831232,0.000584039487875998
1570,0.08276346698403358,2.3435299396514893,0.01758874673396349,0.01007614890113473,0.0004015550221083686,0.015808909200131893,0.010085794609040022,0.00042405784188304096,0.014313939027488232,0.009771325625479221,0.00045403861440718174
1571,0.13643095642328262,4.553036212921143,0.027869182638823986,0.016154237557202578,0.0006451940862461925,0.025265587493777275,0.017121006036177278,0.0006705370906274766,0.022897472605109215,0.019029878079891205,0.0007076675829011947
1572,0.09942087158560753,1.4388805627822876,0.017494641710072756,0.014178549870848656,0.0005107772012706846,0.01657779887318611,0.013577741803601384,0.0005315174057614058,0.01654244400560856,0.014651897363364697,0.000557154678972438
1573,0.1360676810145378,2.1789791584014893,0.029400382190942764,0.016502034850418568,0.0003693300823215395,0.02743494650349021,0.015449678525328636,0.0004089717549504712,0.025800822768360376,0.01656823419034481,0.00044959367369301617
1574,0.07247337885200977,1.29559326171875,0.012683491222560406,0.010414517484605312,0.0004233426589053124,0.011460255365818739,0.01026063784956932,0.0004617037047864869,0.011810275726020336,0.010313584003597498,0.0004976086056558415
1575,0.07096393406391144,1.0187104940414429,0.012987901922315359,0.008162870304659009,0.00042610522359609604,0.01308748871088028,0.009137916844338179,0.0004404955398058519,0.013315205927938223,0.008980365470051765,0.0004564454429782927
1576,0.10764475166797638,0.7196853160858154,0.023480284959077835,0.009531461168080568,0.0003730676544364542,0.02276874240487814,0.015085576102137566,0.0003958855668315664,0.022394203348085284,0.009622039971873164,0.00042165687773376703
1577,0.17068351432681084,1.2382514476776123,0.024715999606996775,0.029148869216442108,0.0006880143191665411,0.024364537093788385,0.029093662276864052,0.0007237294630613178,0.02443524356931448,0.030219204258173704,0.0007647567836102098
1578,0.07300398498773575,0.8979688286781311,0.013129223603755236,0.012162108439952135,0.00035225476312916726,0.012407498434185982,0.011290342779830098,0.00036898322287015617,0.011881330981850624,0.007703993935137987,0.00038613349897786975
1579,0.3947376012802124,4.2522053718566895,0.09877449367195368,0.022570424480363727,0.0008933095377869904,0.09588204650208354,0.0217867917381227,0.0009046745399245992,0.09458203613758087,0.050268301740288734,0.0009203972585964948
1580,0.0989236831665039,1.0354732275009155,0.01487462967634201,0.016796333715319633,0.0005529006011784077,0.014423121232539415,0.016106679569929838,0.0005743378715123981,0.014454788528382778,0.015380035620182753,0.0005947844183538109
1581,0.10201854258775711,0.9601694941520691,0.020578095223754644,0.012284844880923629,0.0005442461115308106,0.01965800253674388,0.011760667199268937,0.0005700313486158848,0.01902856770902872,0.011855254648253322,0.0005990000208839774
1582,0.07246416807174683,1.3471275568008423,0.014020117465406656,0.009108483442105353,0.00041095385677181184,0.012630800250917673,0.010236772242933512,0.00043382558214943856,0.011761087691411376,0.009494829690083861,0.000458240436273627
1583,0.04567052610218525,3.014904260635376,0.0072835348546504974,0.0053748562932014465,0.0003456021368037909,0.00786766316741705,0.0055908565409481525,0.0003753890923690051,0.008789845975115895,0.0062530869618058205,0.0004066794062964618
1584,0.22107155248522758,3.1749916076660156,0.05276699177920818,0.029852378647774458,0.0006167976534925401,0.05100013269111514,0.015440668445080519,0.0006411984213627875,0.049483777955174446,0.01481907581910491,0.0006691361777484417
1585,0.1408042386174202,1.0769712924957275,0.02633435931056738,0.027334262616932392,0.0006668223068118095,0.024946236051619053,0.015148825943470001,0.0007001997146289796,0.024039444513618946,0.014590754173696041,0.000735568959498778
1586,0.0775284506380558,0.8608543276786804,0.012957649305462837,0.009706924669444561,0.0004353791300673038,0.012308421079069376,0.012259547598659992,0.00045974552631378174,0.011913790833204985,0.012861425057053566,0.00048504778533242643
1587,0.09040091559290886,0.45156753063201904,0.011636492796242237,0.015305280685424805,0.0006176753086037934,0.01119985617697239,0.014983805362135172,0.0006269934383453801,0.011385725578293204,0.018357326742261648,0.0006384380540112033
1588,0.06938380934298038,2.102696180343628,0.008811317151412368,0.012524469988420606,0.0004954748874297366,0.009252381976693869,0.011114165652543306,0.0005108987243147567,0.010120925959199667,0.011421296978369355,0.000528439850313589
1589,0.20998728275299072,1.0111947059631348,0.03236124850809574,0.03542193304747343,0.0006276842614170164,0.0319324592128396,0.03668966703116894,0.0006435367395170033,0.03216436319053173,0.03367719892412424,0.0006638835184276104
1590,0.09201928600668907,4.5628252029418945,0.022949115373194218,0.009167930111289024,0.0003771579504245892,0.020118569023907185,0.008635908598080277,0.0004072713782079518,0.01750846393406391,0.0087323859333992,0.0004422984493430704
1591,0.04165385663509369,2.6134889125823975,0.00743838818743825,0.004598530358634889,0.00030882864666637033,0.007789762923493981,0.004221629234962165,0.00033636062289588153,0.008639100939035416,0.004921166691929102,0.00036613017437048256
1592,0.06267354264855385,3.183042049407959,0.009692593477666378,0.0084505220875144,0.0003769713221117854,0.009858328849077225,0.008890033233910799,0.0004102352831978351,0.011187958996742964,0.00963991042226553,0.0004513420717557892
1593,0.11268138512969017,1.2154541015625,0.017928432673215866,0.018139979802072048,0.0005264873325359076,0.016996724996715784,0.01744008669629693,0.0005593641253653914,0.016707308124750853,0.01875453256070614,0.0005927285383222625
1594,0.04534073546528816,2.1859617233276367,0.006863804766908288,0.00629758182913065,0.0002961374702863395,0.007385896751657128,0.0065737159457057714,0.00031036650761961937,0.00808064010925591,0.006405848544090986,0.0003268075961386785
1595,0.09334592893719673,1.0611342191696167,0.016247290652245283,0.011893194168806076,0.0005029304447816685,0.015124252997338772,0.017187129706144333,0.0005286537780193612,0.014427950140088797,0.012118843384087086,0.000555232196347788
1596,0.08396856486797333,3.1398284435272217,0.017882519401609898,0.009973878040909767,0.00045369798317551613,0.015549109783023596,0.009590914472937584,0.000479155860375613,0.013529999181628227,0.01167298574000597,0.0005094352236483246
1597,0.10467787086963654,0.7838280200958252,0.018154974095523357,0.01613206136971712,0.0005584995378740132,0.016947146505117416,0.015166481956839561,0.0005870899185538292,0.01625080406665802,0.014981616288423538,0.0006156068411655724
1598,0.10187112540006638,2.7719228267669678,0.0219659935683012,0.011527484050020576,0.00048720682389102876,0.019312302581965923,0.013388355262577534,0.0005310248525347561,0.01730054896324873,0.011994001921266317,0.0005773787561338395
1599,0.09034675732254982,1.5662556886672974,0.015508960466831923,0.012352168094366789,0.0004960758378729224,0.015612761955708265,0.012386908289045095,0.0005096985551062971,0.016095228493213654,0.012276309076696634,0.0005228308727964759
1600,0.06307727843523026,3.4625985622406006,0.008759633637964725,0.008880897657945752,0.00038504431722685695,0.009463007794693112,0.009631297085434198,0.0004109121800865978,0.010965099092572927,0.010433661751449108,0.00043996385647915304
1601,0.08112762495875359,1.154013752937317,0.01688415789976716,0.009531899821013212,0.00031536287860944867,0.016478002071380615,0.008911794982850552,0.00033066869946196675,0.01610679505392909,0.00923986081033945,0.0003477470454527065
1602,0.6060656607151031,4.420557022094727,0.13350765593349934,0.0768196415156126,0.0011419514776207507,0.13390029687434435,0.03566058725118637,0.0011176849948242307,0.1319920476526022,0.08071507513523102,0.0011079567775595933
1603,0.09223322197794914,3.303156852722168,0.016691597178578377,0.010980433784425259,0.00042681684135459363,0.017237877007573843,0.011357239913195372,0.0004576060309773311,0.018366804346442223,0.012106114067137241,0.0004888662515440956
1604,0.7937382757663727,5.90083122253418,0.18897363543510437,0.07596703618764877,0.0015124098863452673,0.1862541362643242,0.08630320243537426,0.00150115427095443,0.18434704095125198,0.053831346333026886,0.0015019071288406849
1605,0.07884959876537323,0.6916252970695496,0.012740879785269499,0.01202166173607111,0.0005185102927498519,0.012341331224888563,0.011697577778249979,0.0005290920962579548,0.012129857204854488,0.011561636812984943,0.0005415611667558551
1606,0.08101693913340569,4.26542854309082,0.014774272218346596,0.008419802412390709,0.0004290042706998065,0.015611070673912764,0.008989420253783464,0.0004772883257828653,0.01724083535373211,0.01026340015232563,0.0005232424882706255
1607,0.11287801712751389,1.5709443092346191,0.015940372366458178,0.018231975845992565,0.0006899850268382579,0.015944264829158783,0.02025425434112549,0.0007155740167945623,0.016490645240992308,0.017418034840375185,0.0007440588087774813
1608,0.13138487190008163,0.9356551766395569,0.021256395615637302,0.021139179822057486,0.000678149372106418,0.020547686144709587,0.019995310343801975,0.0006946650828467682,0.01999402418732643,0.02009892975911498,0.0007155245402827859
1609,0.07159504666924477,0.5474786162376404,0.015345384832471609,0.006973707349970937,0.0004089347639819607,0.014516234397888184,0.007497157668694854,0.000438721981481649,0.01436752500012517,0.007632221328094602,0.0004680472775362432
1610,0.08553947508335114,1.3328641653060913,0.013363734818994999,0.013096609618514776,0.0005436103965621442,0.012789645232260227,0.013405841775238514,0.0005770733405370265,0.012715829070657492,0.013245946727693081,0.00060978316469118
1611,0.10811880603432655,0.5614975094795227,0.016857777955010533,0.01808352954685688,0.000502418726682663,0.01626126724295318,0.01731806853786111,0.0005234214477241039,0.016164701199159026,0.017144628101959825,0.000546367431525141
1612,0.11268196254968643,1.093647837638855,0.01812477922067046,0.018065789947286248,0.0005094366060802713,0.017628509318456054,0.017567953560501337,0.0005237303557805717,0.01748787146061659,0.017517670057713985,0.0005391795421019197
1613,0.048051631078124046,1.4347134828567505,0.009861933533102274,0.005894407397136092,0.0002775181201286614,0.008898474276065826,0.005615941947326064,0.0002903004642575979,0.008162740850821137,0.006130411056801677,0.00030411206535063684
1614,0.1355098858475685,1.259665846824646,0.026211603544652462,0.017445965204387903,0.0006312252662610263,0.02463908912613988,0.016543971840292215,0.000672058027703315,0.023591450415551662,0.019012804608792067,0.0007129665173124522
1615,0.05325041897594929,1.6421796083450317,0.008764157071709633,0.008172455709427595,0.0004105421685380861,0.008009798359125853,0.007715976797044277,0.00043432231177575886,0.0075406429823488,0.007815282559022307,0.0004631618066923693
1616,0.17469526827335358,1.4174357652664185,0.03110281564295292,0.026263149455189705,0.0005867950094398111,0.029902420938014984,0.02587604010477662,0.000606785761192441,0.029055874794721603,0.02518863184377551,0.00063300461624749
1617,0.08147796615958214,1.3703945875167847,0.014594277832657099,0.00981606706045568,0.00043871733942069113,0.013869673479348421,0.012160006677731872,0.0004558280052151531,0.013404717203229666,0.012150067370384932,0.00047624498256482184
1618,0.10428487882018089,1.6327944993972778,0.01835489645600319,0.01397716160863638,0.000477757872431539,0.018439462408423424,0.014162567909806967,0.0004977383941877633,0.01900612050667405,0.014338197186589241,0.000526121788425371
1619,0.09688110277056694,0.9914703369140625,0.019512463361024857,0.010634810198098421,0.0005321350181475282,0.018552432768046856,0.011480282992124557,0.0005726265080738813,0.018181866966187954,0.011658623348921537,0.000610393937677145
1620,0.5143923200666904,3.8549094200134277,0.12126916833221912,0.027273153886198997,0.0008274675928987563,0.11949491826817393,0.06501980219036341,0.0008298662432935089,0.11807386437430978,0.053278513019904494,0.0008383974782191217
1621,0.11208541318774223,1.8858338594436646,0.021433338057249784,0.01289039058610797,0.0005063317948952317,0.021803779527544975,0.01336362725123763,0.0005336966714821756,0.022567368112504482,0.013615808449685574,0.0005627464852295816
1622,0.0780695416033268,0.910545825958252,0.013905900064855814,0.01072774431668222,0.0004104407998966053,0.013486182549968362,0.010709774447605014,0.0004284961469238624,0.013333343900740147,0.010758459102362394,0.00044809709652327
1623,0.07749217748641968,0.6253622174263,0.01317855529487133,0.01107289851643145,0.00044365806388668716,0.012557202018797398,0.011126486817374825,0.0004578137886710465,0.012322457507252693,0.011734280735254288,0.00047360268945340067
1624,0.07420999184250832,2.71427583694458,0.01339134993031621,0.008985581574961543,0.00042556587141007185,0.01366891898214817,0.009109153179451823,0.0004706951149273664,0.014428995549678802,0.008992873597890139,0.0005120185378473252
1625,0.3073932006955147,4.323293685913086,0.06782536208629608,0.04345069080591202,0.0007119281508494169,0.06510685756802559,0.03070766292512417,0.0007382141484413296,0.06285012140870094,0.028592641465365887,0.0007648247410543263
1626,0.09536375105381012,1.333922266960144,0.013571209274232388,0.015942184254527092,0.0005474192439578474,0.012796187773346901,0.01586634013801813,0.0005724367219954729,0.013525836169719696,0.016770515125244856,0.0006030140502844006
1627,0.3070797026157379,1.0302666425704956,0.05019863694906235,0.0552404522895813,0.0007147377473302186,0.048932598903775215,0.039535531774163246,0.0007324068283196539,0.04836970940232277,0.05598887801170349,0.0007563297403976321
1628,0.06766409426927567,4.309384822845459,0.01162872975692153,0.007531558861956,0.0003488456131890416,0.012766921892762184,0.008791858796030283,0.0003856147814076394,0.014616671716794372,0.007696934277191758,0.00042339407082181424
1629,0.11380280181765556,0.8857309222221375,0.020404005888849497,0.016489243134856224,0.0005395485059125349,0.01977071026340127,0.013918252196162939,0.0005613035464193672,0.019350575283169746,0.01712887128815055,0.0005844345287187025
1630,0.08245947398245335,1.2016401290893555,0.013944512698799372,0.011857612989842892,0.0005042852862970904,0.013118770904839039,0.01192254712805152,0.0005321010248735547,0.013220041524618864,0.012005225289613008,0.0005613037355942652
1631,0.07778350263834,3.075515031814575,0.012629187665879726,0.010326227406039834,0.0005140299908816814,0.012548861559480429,0.010666169226169586,0.0005623957549687475,0.013891196344047785,0.010958292288705707,0.0006144671933725476
1632,0.08979213237762451,2.3714277744293213,0.019199175760149956,0.008172576781362295,0.0004856905434280634,0.01908268593251705,0.008234818000346422,0.0005238515441305935,0.01958517264574766,0.009237789083272219,0.0005604362522717565
1633,0.5247820466756821,5.370602130889893,0.12397602526471019,0.060877439100295305,0.0009019321005325764,0.11885703494772315,0.0473909224383533,0.0008840950031299144,0.11758668348193169,0.04542624019086361,0.0008808917191345245
1634,0.17668333649635315,1.152587652206421,0.03168436512351036,0.023895409889519215,0.000581190048251301,0.02995137218385935,0.027235650457441807,0.0006258327048271894,0.02893922757357359,0.027468137443065643,0.0006702689279336482
1635,0.0788881666958332,1.1940631866455078,0.0159228490665555,0.00993147911503911,0.00040965198422782123,0.015073332469910383,0.00879326881840825,0.00042201705218758434,0.01454203575849533,0.009548855479806662,0.00043741738772951066
1636,0.2833084762096405,0.4545784890651703,0.0447434987872839,0.05007928516715765,0.0008277865417767316,0.0443367101252079,0.036583879962563515,0.000842091569211334,0.04449119418859482,0.0529582304880023,0.0008590377401560545
1637,0.14109539426863194,0.9899178743362427,0.023439659969881177,0.022601971635594964,0.0005414174374891445,0.022591060027480125,0.021586332703009248,0.0005760007188655436,0.0229033634532243,0.02105758711695671,0.0006114370771683753
1638,0.13725180737674236,0.8363664746284485,0.023399817291647196,0.020992290461435914,0.00046421197475865483,0.022400050656870008,0.021563633112236857,0.000484321266412735,0.02191109792329371,0.02114509022794664,0.0005114246014272794
1639,0.16841662675142288,4.488898754119873,0.038146465085446835,0.013464919291436672,0.0006050653755664825,0.03839505696669221,0.015567346476018429,0.0006929280352778733,0.039135952945798635,0.015454605221748352,0.0007650776242371649
1640,0.08565937355160713,0.7966672778129578,0.014008529484272003,0.014099331106990576,0.0004582511755870655,0.01331038074567914,0.012706798501312733,0.0004782819451065734,0.013524838257580996,0.012252851855009794,0.0005026280268793926
1641,0.055990977212786674,2.31571888923645,0.011517949402332306,0.005296618910506368,0.0002868529409170151,0.011861993465572596,0.005429319804534316,0.0003066120989387855,0.01272484939545393,0.00548116210848093,0.0003263063554186374
1642,0.05388731323182583,1.642792820930481,0.010202799458056688,0.006305017741397023,0.000335290445946157,0.009701007977128029,0.0059544488321989775,0.0003617971087805927,0.010149968322366476,0.007222388405352831,0.0003908335929736495
1643,0.10210083704441786,1.5167477130889893,0.017313822405412793,0.014281193725764751,0.0004924542736262083,0.01680341875180602,0.01587317348457873,0.0005328281404217705,0.016818708973005414,0.014578943606466055,0.000582612759899348
1644,0.06827360391616821,1.9738541841506958,0.013611105270683765,0.007443452486768365,0.00034779291308950633,0.013758245622739196,0.007267939858138561,0.00036586695932783186,0.014329486293718219,0.0074690282344818115,0.00038492694147862494
1645,0.09792792797088623,0.6758852005004883,0.01787984510883689,0.013863180298358202,0.0005339682684279978,0.016336895059794188,0.013651843648403883,0.0005684646021109074,0.01580282859504223,0.013560916762799025,0.0006056727725081146
1646,0.14408912509679794,1.3797833919525146,0.027893316466361284,0.01827169395983219,0.0005778665945399553,0.026895112358033657,0.019468187354505062,0.0005906769365537912,0.026331166736781597,0.018129286356270313,0.000606547255301848
1647,0.05862489901483059,0.7831788063049316,0.009330954169854522,0.00791809638030827,0.0004659713013097644,0.008971773786470294,0.007572791539132595,0.000477069042972289,0.009039239957928658,0.010054096579551697,0.0004914464370813221
1648,0.048596110194921494,2.3783936500549316,0.007354604313150048,0.006761460215784609,0.00037423546018544585,0.007491865660995245,0.0065428700763732195,0.00040882376197259873,0.008390911389142275,0.007130901562049985,0.00044781615724787116
1649,0.06783719919621944,1.13331937789917,0.01312078582122922,0.008643578737974167,0.00039584835758432746,0.012475788593292236,0.007750977762043476,0.000423852470703423,0.012386097107082605,0.0083520389162004,0.00045728281838819385
1650,0.10321813635528088,1.6290260553359985,0.022872727597132325,0.012492652982473373,0.00031279653194360435,0.021694350754842162,0.007855753879994154,0.0003454945399425924,0.020617858739569783,0.013531083823181689,0.0003801372804446146
1651,0.5751520544290543,1.0118261575698853,0.15872517600655556,0.027983893640339375,0.0009828940674196929,0.15994966123253107,0.027382718864828348,0.0009728526347316802,0.16145715210586786,0.027922652661800385,0.0009769561002030969
1652,0.11041213572025299,1.442008137702942,0.017613916425034404,0.021822676993906498,0.0003941910108551383,0.01771139120683074,0.021432043984532356,0.00041701084410306066,0.018099163891747594,0.00871524284593761,0.0004432240384630859
1653,0.19092119112610817,0.6270791292190552,0.031892189756035805,0.02968351962044835,0.0006049348157830536,0.030935674905776978,0.029943968169391155,0.0006362805142998695,0.030597880482673645,0.030241466127336025,0.000665404717437923
1654,0.09660227596759796,1.1445101499557495,0.018140780739486217,0.016203069128096104,0.0004119685763726011,0.016879953909665346,0.015807518735527992,0.00044564236304722726,0.01604430563747883,0.008186528226360679,0.0004774198168888688
1655,0.06972004286944866,2.6185429096221924,0.01655698288232088,0.007132187485694885,0.0003585966624086723,0.013814333360642195,0.008021139306947589,0.0003807283501373604,0.012159083504229784,0.007448120508342981,0.00040772411739453673
1656,0.10046429187059402,2.2364251613616943,0.01563999755308032,0.007394060026854277,0.0003465664922259748,0.015701374504715204,0.019761987030506134,0.00036831144825555384,0.016528458800166845,0.021013480611145496,0.00039135619590524584
1657,0.0713900588452816,1.7300513982772827,0.011704867705702782,0.010960543062537909,0.00041126976429950446,0.01075703976675868,0.010922199115157127,0.00044333447294775397,0.011272263247519732,0.010433351155370474,0.00048034521751105785
1658,0.11817320063710213,1.0850147008895874,0.018116594292223454,0.016348169650882483,0.0006566098745679483,0.017599512822926044,0.01876174984499812,0.0006642273510806262,0.0173186669126153,0.02204524166882038,0.0006749787135049701
1659,0.07274983264505863,0.7724456191062927,0.012506136670708656,0.010559368412941694,0.0004397337033879012,0.011754033621400595,0.010263736825436354,0.0004610586620401591,0.011475590523332357,0.010650790762156248,0.0004842521157115698
1660,0.10991772636771202,1.3374032974243164,0.02006459329277277,0.016953359823673964,0.00047469683340750635,0.019405010621994734,0.014789589680731297,0.0004913020529784262,0.01889998698607087,0.01390193123370409,0.0005098128167446703
1661,0.11787684075534344,1.2772650718688965,0.016630616271868348,0.018595931120216846,0.0006559403263963759,0.016849395353347063,0.020382913760840893,0.0006595907325390726,0.017308879178017378,0.020176281221210957,0.0006676755147054791
1662,0.06849343702197075,0.4429553151130676,0.012867618817836046,0.008618026971817017,0.00040556715975981206,0.012447512708604336,0.00881005427800119,0.0004267942567821592,0.012232586741447449,0.008393610827624798,0.0004486459365580231
1663,0.03589056804776192,1.331551194190979,0.006469572312198579,0.003988534910604358,0.00029359906329773366,0.006417057942599058,0.004041640204377472,0.00031988893169909716,0.006785863661207259,0.004336831159889698,0.0003492781979730353
1664,0.06780175119638443,3.9301185607910156,0.009494340512901545,0.010295971296727657,0.00043092528358101845,0.00984861794859171,0.010065680369734764,0.00046134268632158637,0.011507231276482344,0.011028058361262083,0.0004981948586646467
1665,0.1792963445186615,1.3635599613189697,0.026695838663727045,0.03173959627747536,0.0006648755952483043,0.024966512341052294,0.03192249219864607,0.0006829413177911192,0.024066738318651915,0.031692865304648876,0.000705256563378498
1666,0.07582182064652443,0.8888968229293823,0.012822913937270641,0.00930863618850708,0.00044582558621186763,0.012229827232658863,0.010270394384860992,0.00046725221909582615,0.011954160407185555,0.013628621585667133,0.0004887392860837281
1667,0.09612335078418255,2.3018171787261963,0.02033807849511504,0.011274067685008049,0.00048305647214874625,0.018752755131572485,0.010583666386082768,0.0005122236325405538,0.017472703475505114,0.011548881651833653,0.0005430190358310938
1668,0.08271919190883636,0.6915760636329651,0.015343743842095137,0.010730132460594177,0.00042327813571318984,0.014963848982006311,0.011155769228935242,0.00043898436706513166,0.0146884904243052,0.010562723968178034,0.00045635717106051743
1669,0.13278904557228088,2.2798714637756348,0.024983970448374748,0.01658286154270172,0.0007012747519183904,0.02404896728694439,0.016708712093532085,0.0007354583358392119,0.024590253829956055,0.017016379162669182,0.0007777437276672572
1670,0.1492941901087761,2.1976613998413086,0.026094659231603146,0.02351983916014433,0.0005403531540650874,0.026549804024398327,0.02262132056057453,0.0005645366036333144,0.027553197927773,0.016174988821148872,0.0005902037373743951
1671,0.12066958099603653,4.239529132843018,0.01791649404913187,0.017908352427184582,0.0004847251402679831,0.018885647878050804,0.018842544872313738,0.0005129561614012346,0.020781836472451687,0.020179714541882277,0.0005410660523921251
1672,0.09096827358007431,1.0647671222686768,0.013605554588139057,0.014633087441325188,0.0005375984765123576,0.0134002766571939,0.014394044410437346,0.0005517531826626509,0.013782046735286713,0.014534572139382362,0.0005653215630445629
1673,0.10000728443264961,3.4866318702697754,0.01987068261951208,0.012038807151839137,0.0005308336403686553,0.017364983446896076,0.015886356122791767,0.0005480434338096529,0.01539768697693944,0.012842773925513029,0.0005726207164116204
1674,0.0957154706120491,5.023624897003174,0.023790424689650536,0.009750635363161564,0.00036098159034736454,0.02105631399899721,0.008272095117717981,0.0003910575615009293,0.018485630862414837,0.009632863104343414,0.00042983729508705437
1675,0.12590469792485237,0.7268267869949341,0.020422932226210833,0.019146340899169445,0.000633021627436392,0.01980712218210101,0.01926683820784092,0.0006609084666706622,0.019888339564204216,0.019424878992140293,0.0006931313837412745
1676,0.3910057134926319,5.723154067993164,0.10425385273993015,0.025207700207829475,0.000954213785007596,0.101870012935251,0.02536878641694784,0.0009369713661726564,0.09996779449284077,0.02304757060483098,0.0009313132613897324
1677,0.08313720673322678,3.2271554470062256,0.019877864979207516,0.0091193662956357,0.00040034978883340955,0.01701669627800584,0.008047702489420772,0.00043544170330278575,0.01516535971313715,0.008666123263537884,0.00047523228568024933
1678,0.033699532970786095,2.7037339210510254,0.005468587391078472,0.0038539086235687137,0.00033447184250690043,0.0051641506142914295,0.004115190356969833,0.0003831607900792733,0.0058390311896800995,0.0046462781028822064,0.00043546411325223744
1679,0.07887720316648483,1.5834035873413086,0.013691071886569262,0.01191706769168377,0.00042119267163798213,0.013157137669622898,0.009887422434985638,0.0004547639691736549,0.013230002485215664,0.011530418414622545,0.0004900644707959145
1680,0.1122785210609436,1.9498982429504395,0.025823517702519894,0.011509280651807785,0.00034436851274222136,0.02466718340292573,0.011888135923072696,0.00035649939673021436,0.02368744183331728,0.010421052807942033,0.0003696094499900937
1681,0.0823650173842907,1.8050885200500488,0.017518888227641582,0.010910348501056433,0.00044141408579889685,0.015212840400636196,0.009330835891887546,0.00046520533214788884,0.01382753811776638,0.009950224310159683,0.0004969660949427634
1682,0.10221744701266289,0.7382680177688599,0.018684308975934982,0.013717674184590578,0.0004639559192582965,0.01811710838228464,0.013761522714048624,0.000485929602291435,0.01791721023619175,0.01419275812804699,0.0005068309110356495
1683,0.4192737750709057,5.865901470184326,0.1028390577994287,0.023039677180349827,0.0009258128120563924,0.10081394808366895,0.0226698718033731,0.0009043366007972509,0.0993500561453402,0.059655648889020085,0.0008962286228779703
1684,0.10453782603144646,1.6354249715805054,0.01861307816579938,0.013054909184575081,0.0004645014269044623,0.01866596331819892,0.014756040647625923,0.0004853995924349874,0.019159116316586733,0.01447434350848198,0.0005036924849264324
1685,0.11719181388616562,0.6868076920509338,0.02134374901652336,0.016812979243695736,0.0006185141974128783,0.02071630395948887,0.01390518806874752,0.0006323469278868288,0.020350906997919083,0.016456086188554764,0.0006507892394438386
1686,0.06634107604622841,1.0211776494979858,0.012747609987854958,0.008047305746003985,0.0003758301609195769,0.011805825866758823,0.008207461331039667,0.0004131800669711083,0.0115133011713624,0.009062429890036583,0.00045027496526017785
1687,0.05630052834749222,1.099837064743042,0.010126085486263037,0.007679714821279049,0.00039561100129503757,0.009061552118510008,0.007998815039172769,0.00042060147097799927,0.008375084958970547,0.008005285169929266,0.00044728511420544237
1688,0.12072467803955078,0.5845080614089966,0.022017247509211302,0.015278723556548357,0.0005447845323942602,0.021310781128704548,0.015419610310345888,0.0005702514026779681,0.021025070920586586,0.018826670944690704,0.0005966093158349395
1689,0.1383952870965004,0.9586502909660339,0.022755037061870098,0.016171221155673265,0.0006304620765149593,0.021982578560709953,0.0325746014714241,0.0006435056711779907,0.02152451127767563,0.01565494784153998,0.0006591284909518436
1690,0.2635926306247711,1.1941893100738525,0.058109283447265625,0.03714493848383427,0.0005811888113385066,0.05681112874299288,0.023262103088200092,0.0006132025882834569,0.05610513221472502,0.024797862395644188,0.0006461549201048911
1691,0.08319704234600067,4.0914435386657715,0.019553049933165312,0.01120259240269661,0.0003558822354534641,0.01694765640422702,0.007835884345695376,0.0003879595024045557,0.014634355437010527,0.008353309240192175,0.00042370700975880027
1692,0.08977930620312691,1.672684907913208,0.017455464228987694,0.012184608727693558,0.0004190542967990041,0.016413945704698563,0.01147014694288373,0.00043791590724140406,0.015740481670945883,0.011246468406170607,0.00046007733908481896
1693,0.16076170653104782,2.9702746868133545,0.029005187563598156,0.024670133367180824,0.00043957609159406275,0.026480487547814846,0.024758778046816587,0.000472213898319751,0.024453651160001755,0.025692487601190805,0.0005134563252795488
1694,0.46573926508426666,6.709931373596191,0.10367275029420853,0.027187256142497063,0.001054846798069775,0.10082441195845604,0.058970734011381865,0.001039109833072871,0.09866097010672092,0.06391179747879505,0.001033875858411193
1695,0.11652562767267227,1.5815848112106323,0.022028579376637936,0.015673359856009483,0.0005602986493613571,0.018616147339344025,0.018164594192057848,0.0005990946374367923,0.017483238596469164,0.01734847156330943,0.0006434157839976251
1696,0.05392302758991718,2.7974932193756104,0.008756372379139066,0.007455673534423113,0.00037569378037005663,0.007946138503029943,0.007674215128645301,0.0004212417989037931,0.009121723705902696,0.007920200005173683,0.000465241217170842
1697,0.08949696272611618,2.0526208877563477,0.016142150852829218,0.010482706595212221,0.0005070011538919061,0.01608130242675543,0.011908642016351223,0.0005431846366263926,0.01658963691443205,0.011768242344260216,0.0005808862624689937
1698,0.11924590542912483,0.6299195885658264,0.020734526682645082,0.017289762385189533,0.0005402818787842989,0.019790278282016516,0.017076794058084488,0.0005754636076744646,0.01959239784628153,0.017848412040621042,0.0006126878433860838
1699,0.07308796420693398,0.9428962469100952,0.013367744628340006,0.009770141914486885,0.0005046335863880813,0.012516752118244767,0.009036886971443892,0.0005465435679070652,0.01241292618215084,0.00943677918985486,0.0005855070194229484
1700,0.08289837092161179,3.051947593688965,0.019952929578721523,0.010873585008084774,0.00038490939186885953,0.01635863445699215,0.0079879320692271,0.0004209429462207481,0.014498069416731596,0.008151341928169131,0.0004631171759683639
1701,0.03857810981571674,2.954430341720581,0.005767291644588113,0.005020631710067391,0.00026367422833573073,0.006274710409343243,0.005014609079807997,0.00028959225164726377,0.007525911787524819,0.005502512212842703,0.00031484468490816653
1702,0.11712993681430817,1.698024034500122,0.022630611434578896,0.017202919349074364,0.00039971998194232583,0.02164455410093069,0.014307136181741953,0.0004262570873834193,0.020922443829476833,0.01529597956687212,0.00045559534919448197
1703,0.08150739967823029,1.764687180519104,0.014932845253497362,0.010150938294827938,0.0005294647999107838,0.01394476043060422,0.010514562483876944,0.0005474890349432826,0.01336764171719551,0.01201796717941761,0.0005677171284332871
1704,0.16326843947172165,1.1451137065887451,0.028701343573629856,0.016221235040575266,0.0006789856415707618,0.02704185899347067,0.027824037708342075,0.000712847599061206,0.02587276231497526,0.029050619807094336,0.0007473118603229523
1705,0.05466451868414879,2.1296825408935547,0.008198758820071816,0.007382173789665103,0.00039951124927029014,0.008084208704531193,0.007853286108002067,0.00043240207014605403,0.008986248401924968,0.00896097905933857,0.00046780249977018684
1706,0.12053137272596359,1.1432945728302002,0.023105130530893803,0.014852112159132957,0.0006571204867213964,0.022205828689038754,0.014885610435158014,0.0007083308009896427,0.02229485660791397,0.014701377600431442,0.0007561624806839973
1707,0.11175879836082458,0.9201167821884155,0.01675076223909855,0.01741493260487914,0.0006442239100579172,0.01613481855019927,0.018259262200444937,0.0006529188249260187,0.016042191069573164,0.0193034908734262,0.0006661932857241482
1708,0.10283805429935455,2.542351245880127,0.01844352576881647,0.013958285097032785,0.0005008069856557995,0.01888648048043251,0.012640527449548244,0.0005308368417900056,0.019882384687662125,0.012654933612793684,0.0005613353569060564
1709,0.1276865303516388,1.2032498121261597,0.019118505530059338,0.021161739714443684,0.000717457733117044,0.018381751142442226,0.019610862247645855,0.0007417438609991223,0.01844291388988495,0.022060440853238106,0.0007683777075726539
1710,0.06388437375426292,1.04642915725708,0.010105548426508904,0.010221968404948711,0.0004213752690702677,0.009906077291816473,0.008872540667653084,0.0004410661058500409,0.010509648360311985,0.00897184619680047,0.0004617445811163634
1711,0.0640641376376152,1.255387783050537,0.011150036472827196,0.0075707994401454926,0.000329874106682837,0.011084004770964384,0.010606710333377123,0.00036136145354248583,0.011326136533170938,0.00798998842947185,0.0003928793885279447
1712,0.4293969124555588,1.9639555215835571,0.10435065580531955,0.04219300206750631,0.0010563545220065862,0.10294067766517401,0.02303400496020913,0.0010624122805893421,0.10213660122826695,0.0419782935641706,0.0010721550788730383
1713,0.6207028329372406,3.6974217891693115,0.15654079150408506,0.03142064530402422,0.001138201856520027,0.15481688547879457,0.07942338660359383,0.0011154843086842448,0.15345042943954468,0.031618897803127766,0.001104276510886848
1714,0.08276001363992691,0.5098590850830078,0.014733550604432821,0.011114312568679452,0.0006181323260534555,0.013328693341463804,0.010794844711199403,0.0006622816727031022,0.012721282429993153,0.012120015919208527,0.000706415536114946
1715,0.09120387770235538,2.0547585487365723,0.01388313202187419,0.016333566512912512,0.00045581674203276634,0.013524620328098536,0.017285938374698162,0.0004954772593919188,0.014143689069896936,0.010084562469273806,0.0005357982590794563
1716,0.09392384067177773,2.028606414794922,0.017199820838868618,0.012870995560660958,0.00048357740161009133,0.01625550491735339,0.01327078090980649,0.0005006948485970497,0.015572760254144669,0.012736385455355048,0.0005201264284551144
1717,0.10301828756928444,1.2305958271026611,0.01496614282950759,0.01725393906235695,0.0005338785704225302,0.014303935226053,0.017251569777727127,0.0005444026319310069,0.013834550976753235,0.01886273780837655,0.0005580717988777906
1718,0.0695674866437912,1.8339124917984009,0.010909645352512598,0.009760692249983549,0.0004579280794132501,0.010846326127648354,0.00991238933056593,0.0004897969920421019,0.011345598846673965,0.010922462213784456,0.0005198684957576916
1719,0.07510731369256973,1.2314987182617188,0.013164707459509373,0.00981201883405447,0.00042076372483279556,0.012719358783215284,0.011891981586813927,0.0004346593050286174,0.012455337680876255,0.009844920132309198,0.00044932377932127565
1720,0.09956466406583786,1.3400171995162964,0.018530750181525946,0.01338280038908124,0.00042200167081318796,0.018302854150533676,0.011820522602647543,0.0004605450667440891,0.018618072383105755,0.013399672694504261,0.0004949514986947179
1721,0.07846125215291977,2.389417886734009,0.01683396939188242,0.009884138591587543,0.00042554365063551813,0.014312706422060728,0.009608550928533077,0.00045975323882885277,0.012592196930199862,0.009698260109871626,0.0004975601186743006
1722,0.09560839831829071,1.2146965265274048,0.016826667357236147,0.013264263747259974,0.0005221501050982624,0.016108399722725153,0.01408674893900752,0.0005383443494793028,0.015744376927614212,0.013110659783706069,0.0005563251907005906
1723,0.12349089980125427,0.7803133130073547,0.02194019127637148,0.01982831722125411,0.0004749240761157125,0.021303008310496807,0.018670068122446537,0.000496703723911196,0.02104161214083433,0.0147560965269804,0.000516273663379252
1724,0.11489421874284744,1.246251106262207,0.026045824866741896,0.012086630798876286,0.00038420090277213603,0.025051435455679893,0.011761157773435116,0.00041205006709787995,0.024382765870541334,0.010612395126372576,0.0004422492493176833
1725,0.03189447708427906,1.1851108074188232,0.005846725543960929,0.004015251528471708,0.0002835621125996113,0.004939987091347575,0.004219200927764177,0.0003153538564220071,0.0049733740743249655,0.004121092497371137,0.0003457953571341932
1726,0.07987527549266815,2.856123208999634,0.013330369023606181,0.006574023514986038,0.00037721218541264534,0.013826634036377072,0.00673550576902926,0.0004060231149196625,0.015348422573879361,0.019178068498149514,0.0004373277479317039
1727,0.08630874752998352,1.8428192138671875,0.018156652804464102,0.009128485340625048,0.00037768659240100533,0.01747624296694994,0.009800986154004931,0.00040345512388739735,0.01733217528089881,0.00955888838507235,0.0004326871858211234
1728,0.126710694283247,2.3594777584075928,0.014746695756912231,0.025217270012944937,0.0005047420563641936,0.014929383527487516,0.02457098290324211,0.0005349255225155503,0.015843679197132587,0.024984405608847737,0.0005649005470331758
1729,0.5983786378055811,4.3611555099487305,0.15028146794065833,0.09318619850091636,0.0009022949525387958,0.13263295870274305,0.021231742692179978,0.0009001623257063329,0.13138117012567818,0.058826619759202003,0.0009071600652532652
1730,0.11530939489603043,1.4271762371063232,0.02380769234150648,0.014772617258131504,0.00047789819655008614,0.021857326850295067,0.014471366768702865,0.0005380176444305107,0.022052367217838764,0.011894134804606438,0.000597556383581832
1731,0.5484061203896999,2.9219655990600586,0.13382701249793172,0.0593854112084955,0.0008694432326592505,0.13237792486324906,0.021447094157338142,0.0008662373147672042,0.13119293749332428,0.05973624810576439,0.000874193458002992
1732,0.10433312132954597,1.4750162363052368,0.016354504507035017,0.01833504345268011,0.0005721284542232752,0.015180561691522598,0.01600916078314185,0.0005895172507734969,0.014741722960025072,0.01661402778699994,0.0006128794047981501
1733,0.07892050966620445,0.8027706742286682,0.013166940305382013,0.01293102651834488,0.0004845602379646152,0.012431489303708076,0.0087647819891572,0.000517998996656388,0.012331961654126644,0.013085625134408474,0.0005496122466865927
1734,0.11067726090550423,0.8970045447349548,0.019155011978000402,0.015867637936025858,0.0006155670271255076,0.018564146477729082,0.015549104195088148,0.0006454099202528596,0.018868809565901756,0.014908983372151852,0.0006799162656534463
1735,0.09956825897097588,2.5698912143707275,0.018084834329783916,0.012306914199143648,0.00045129047066438943,0.018802111502736807,0.01241388265043497,0.0004728998173959553,0.019803622271865606,0.012470740359276533,0.0004973483155481517
1736,0.07183524034917355,1.0508146286010742,0.01435758383013308,0.007941179210320115,0.00046142024802975357,0.013654287671670318,0.008321151020936668,0.0004975852061761543,0.013358090072870255,0.008220316609367728,0.0005366526311263442
1737,0.043445054441690445,0.8653553128242493,0.007871182868257165,0.005691331345587969,0.0003033711254829541,0.007374132983386517,0.005423583090305328,0.00032496977655682713,0.0072976332157850266,0.005878951633349061,0.0003487187932478264
1738,0.08194664493203163,2.0543861389160156,0.015018629841506481,0.01200733007863164,0.00046062449109740555,0.013858566526323557,0.011399236973375082,0.00047424288641195744,0.012769395485520363,0.01119300676509738,0.0004902526852674782
1739,0.7322220355272293,5.013826370239258,0.16528368927538395,0.11332737654447556,0.001057719870004803,0.14782527834177017,0.07474814914166927,0.0010431869013700634,0.1466227937489748,0.07185157760977745,0.0010398744489066303
1740,0.09537225496023893,1.3395020961761475,0.016281540971249342,0.013493235222995281,0.0005101741262478754,0.01539303653407842,0.013528100913390517,0.0005319626943673939,0.014904961921274662,0.015362529316917062,0.0005600753211183473
1741,0.11534727737307549,1.0413419008255005,0.02262488566339016,0.015147890895605087,0.0005217718717176467,0.021266119554638863,0.014624105766415596,0.0005569026689045131,0.020424586720764637,0.01457284390926361,0.0005930356855969876
1742,0.12318152189254761,2.0761353969573975,0.02086236164905131,0.013806396164000034,0.0005476443911902606,0.02031326899304986,0.026322635356336832,0.0005947567115072161,0.0213131052441895,0.013427901081740856,0.0006415614043362439
1743,0.0948762372136116,0.571022093296051,0.014803689438849688,0.01529945619404316,0.0005893126071896404,0.013768601696938276,0.014922935981303453,0.0006101557228248566,0.01386474072933197,0.014883307740092278,0.0006339072424452752
1744,0.10422895848751068,1.5331755876541138,0.01746221585199237,0.01524626836180687,0.0005198383878450841,0.017342704813927412,0.014403954613953829,0.0005448664887808263,0.01789335859939456,0.015333198942244053,0.0005721085035474971
1745,0.10378310456871986,4.406463623046875,0.024787256494164467,0.010746562387794256,0.0005205704947002232,0.021415188908576965,0.010545999743044376,0.0005607693456113338,0.018587195314466953,0.010957533493638039,0.0006045010813977569
1746,0.08385409042239189,1.0179319381713867,0.013196853920817375,0.011940831318497658,0.0004492612206377089,0.013188475277274847,0.010778916534036398,0.00046415600809268653,0.013467752374708652,0.015706535894423723,0.0004802644398296252
1747,0.09619873203337193,1.901729702949524,0.018389265052974224,0.011105396784842014,0.00039021743577905,0.018723234068602324,0.012045982759445906,0.0004115876363357529,0.019319732673466206,0.011661414988338947,0.0004366225912235677
1748,0.1442023068666458,3.320974349975586,0.029348175041377544,0.022268096450716257,0.00046696905337739736,0.027073228731751442,0.021482939831912518,0.0004954471660312265,0.025104560889303684,0.0129643096588552,0.000527833413798362
1749,0.0799214355647564,2.0087034702301025,0.016143702901899815,0.010000331327319145,0.0004412114794831723,0.015542395878583193,0.00882301339879632,0.0004607066512107849,0.015052346978336573,0.008819929091259837,0.00048301107017323375
1750,0.07804782688617706,1.0236599445343018,0.01298151770606637,0.011145105585455894,0.00042298897460568696,0.01309212390333414,0.011100195813924074,0.0004385376814752817,0.013385859783738852,0.011071399785578251,0.00045638026494998485
1751,0.5039977356791496,7.823026657104492,0.1075560413300991,0.06788300443440676,0.0010313074453733861,0.1040109433233738,0.05513780005276203,0.001012062217341736,0.10136697441339493,0.05583737511187792,0.0010080310457851738
1752,0.15382272750139236,0.41242966055870056,0.026080837473273277,0.023728104308247566,0.0005499886465258896,0.02530708722770214,0.0240275333635509,0.0005634787667077035,0.024994603358209133,0.022900051902979612,0.0005826612177770585
1753,0.02908214181661606,1.9167979955673218,0.005364197539165616,0.00302623666357249,0.00029920722590759397,0.004525662865489721,0.0033820035168901086,0.00034634870826266706,0.004653376527130604,0.003982740337960422,0.00039142514287959784
1754,0.06049109622836113,1.5171116590499878,0.011858145240694284,0.006579688284546137,0.0003379641711944714,0.011851099785417318,0.006855106446892023,0.00036203168565407395,0.01208252552896738,0.0069104216527193785,0.00038853115984238684
1755,0.08554866909980774,2.546520471572876,0.01308015314862132,0.01308869943022728,0.0004890758718829602,0.013138308189809322,0.013080279808491468,0.0005166523915249854,0.014373110141605139,0.01257643848657608,0.0005471907206811011
1756,0.4051723964512348,6.424239158630371,0.09998148423619568,0.06255575735121965,0.0009102518088184297,0.09686158271506429,0.020016321097500622,0.0009009160858113319,0.09450729773379862,0.020369992242194712,0.0009088183578569442
1757,0.11702441424131393,1.4134031534194946,0.020018875133246183,0.017149613238871098,0.0006285936688072979,0.01912569347769022,0.015332896495237947,0.0006404219893738627,0.01853919494897127,0.019142571836709976,0.0006598768522962928
1758,0.08942141197621822,0.8143988847732544,0.018005057703703642,0.011254210723564029,0.0004121249367017299,0.01738332537934184,0.010199151234701276,0.0004285464092390612,0.016973118297755718,0.01044960436411202,0.00044856552267447114
1759,0.08760504797101021,0.8210917711257935,0.014842955861240625,0.011694788932800293,0.0005113834922667593,0.014548530336469412,0.012820595875382423,0.0005248463276075199,0.01440482260659337,0.012983059976249933,0.0005413434701040387
1760,0.4933197908103466,4.529638290405273,0.10474718734622002,0.05171637888997793,0.0008936021768022329,0.10276284720748663,0.05456454283557832,0.0008878890512278304,0.10197385400533676,0.0668488685041666,0.0008950362825999036
1761,0.03765144944190979,1.5302809476852417,0.00669283396564424,0.004280262975953519,0.00026565298321656883,0.00657828408293426,0.004765825346112251,0.00029620945861097425,0.006815018365159631,0.004965099855326116,0.00032666879997123033
1762,0.055235233157873154,1.201311469078064,0.010391045827418566,0.008802881930023432,0.0003539563767844811,0.00968791265040636,0.006052463315427303,0.0003845932078547776,0.00926398066803813,0.0064256147015839815,0.0004142838588450104
1763,0.04711749963462353,1.101081371307373,0.008317067753523588,0.005801886552944779,0.00031263251730706543,0.008202253840863705,0.00616751704365015,0.00033692912256810814,0.008268606616184115,0.006312256213277578,0.00036241626366972923
1764,0.07857869565486908,1.216076374053955,0.012697870843112469,0.011718089692294598,0.0004526392731349915,0.011956737376749516,0.01201201369985938,0.00047836112207733095,0.01227070577442646,0.01216746773570776,0.0005079521797597408
1765,0.0926356241106987,1.255318284034729,0.014046033378690481,0.015268872026354074,0.0005182229215279222,0.014000060502439737,0.014700172003358603,0.0005319713964127004,0.014460609760135412,0.013768497854471207,0.0005476502992678434
1766,0.48225584626197815,6.6313157081604,0.10332059394568205,0.0633125239983201,0.0009460273431614041,0.10065134521573782,0.05258382298052311,0.0009363135322928429,0.09849592763930559,0.05261784652248025,0.0009361117845401168
1767,0.05918833054602146,5.9948530197143555,0.00962844118475914,0.0063627357594668865,0.00034884351771324873,0.010988915804773569,0.0068203958217054605,0.0004127365828026086,0.013414302840828896,0.0070398792158812284,0.0004718347336165607
1768,0.06765523925423622,0.8388140201568604,0.011575160082429647,0.009668141603469849,0.000437188136857003,0.010747697204351425,0.009380945470184088,0.00045557707198895514,0.010430286172777414,0.010383106302469969,0.00047471074503846467
1769,0.09407609701156616,2.2334482669830322,0.01648505125194788,0.0122348852455616,0.00049566276720725,0.016463350970298052,0.01229384122416377,0.000522149755852297,0.016990559175610542,0.013342093210667372,0.0005487674497999251
1770,0.11956429481506348,0.9109393954277039,0.01985949231311679,0.01719437399879098,0.0006163237558212131,0.020005598198622465,0.016992089804261923,0.0006510808016173542,0.020232466515153646,0.017475531436502934,0.0006837797991465777
1771,0.147672763094306,1.5878164768218994,0.025759621988981962,0.022190259769558907,0.0004737944691441953,0.02461227378807962,0.023252158891409636,0.000488910882268101,0.023727447958663106,0.022246582433581352,0.0005083982832729816
1772,0.06710416823625565,1.1167587041854858,0.011969283455982804,0.008302542846649885,0.00042164858314208686,0.011515266494825482,0.00894518312998116,0.00046060566091910005,0.011545360321179032,0.00930672837421298,0.0004976973577868193
1773,0.08129177242517471,1.237004280090332,0.013322005048394203,0.011829282622784376,0.0004510983417276293,0.012798343319445848,0.012179999146610498,0.0004764872428495437,0.013114186469465494,0.01231929799541831,0.0005045791331212968
1774,0.0792384184896946,1.0600556135177612,0.01257416931912303,0.012273828499019146,0.0005036699003539979,0.0118761514313519,0.012222414836287498,0.0005236448487266898,0.011574974283576012,0.012424193788319826,0.0005458562809508294
1775,0.17578453943133354,0.7901379466056824,0.034857396967709064,0.017607789486646652,0.0005723183276131749,0.03424565214663744,0.016476476565003395,0.0005975856329314411,0.03396756015717983,0.031469250563532114,0.0006201981741469353
1776,0.046210408210754395,0.8179044127464294,0.009105125442147255,0.005198503495194018,0.0002777027402771637,0.009042148012667894,0.0052530564134940505,0.00029016980988672003,0.009134585037827492,0.004988312721252441,0.00030429649632424116
1777,0.11066705733537674,1.3479094505310059,0.02101369248703122,0.01683396054431796,0.0004885478119831532,0.01993569964542985,0.014208626933395863,0.0005128616321599111,0.01913684094324708,0.013375293929129839,0.0005393273313529789
1778,0.39347400330007076,5.6639885902404785,0.09642129810526967,0.055129360407590866,0.0008650975942146033,0.09399829944595695,0.023317048093304038,0.000852562632644549,0.09223684458993375,0.022106888936832547,0.0008484054269501939
1779,0.06985011696815491,1.549749732017517,0.010487992316484451,0.011031368281692266,0.0004323207394918427,0.009944939985871315,0.011052030138671398,0.00045706110540777445,0.010652854572981596,0.01117592304944992,0.00048687070375308394
1780,0.09237536415457726,3.5768558979034424,0.015634399373084307,0.020988594042137265,0.00038977660005912185,0.016122944187372923,0.00830209068953991,0.0004295015532989055,0.017333089374005795,0.008846352342516184,0.00046769533946644515
1781,0.06400103121995926,0.703132152557373,0.011684729950502515,0.008629036834463477,0.00039776627090759575,0.010999775491654873,0.008444213308393955,0.00042120585567317903,0.010624873684719205,0.008557618828490376,0.00044622342102229595
1782,0.06122011877596378,0.5125381946563721,0.010510100983083248,0.009506962960585952,0.000448568316642195,0.010049063246697187,0.00795825757086277,0.0004655044322134927,0.009927477687597275,0.007665104465559125,0.00048671491094864905
1783,0.07245178520679474,3.801727533340454,0.016407422721385956,0.009136322885751724,0.00041915425390470773,0.01395028131082654,0.008902544621378183,0.0004352508403826505,0.01164519996382296,0.007155503146350384,0.0004592214827425778
1784,0.055779073387384415,0.8632100820541382,0.0095706672873348,0.0074396750424057245,0.00040133991569746286,0.009214699268341064,0.007813781732693315,0.0004308454954298213,0.009015327086672187,0.007549401372671127,0.00046169490087777376
1785,0.0975346788764,1.1066981554031372,0.01715272618457675,0.013872429728507996,0.00048021081602200866,0.01675419881939888,0.013638989999890327,0.000508015975356102,0.016888131387531757,0.013127090409398079,0.0005370509752538055
1786,0.09624830260872841,0.5958837866783142,0.015339505160227418,0.015477387234568596,0.0005036820948589593,0.014391221338883042,0.014936998020857573,0.0005200201703701168,0.014350739773362875,0.01549556478857994,0.0005405200645327568
1787,0.11651784554123878,0.5773556232452393,0.019295708276331425,0.018664815928786993,0.0005419785738922656,0.01807120954617858,0.016834001056849957,0.0005690061952918768,0.017720321658998728,0.01909355167299509,0.000598574013565667
1788,0.15159833431243896,0.8478600382804871,0.02682718262076378,0.02277281880378723,0.0005725311057176441,0.026923551224172115,0.02047153003513813,0.0005868207372259349,0.02726777270436287,0.020281702745705843,0.0006040885637048632
1789,0.39914458990097046,2.392655849456787,0.10390253132209182,0.021807018434628844,0.001022923126583919,0.1027284050360322,0.021478525828570127,0.00103056087391451,0.1017757928930223,0.035077427281066775,0.0010402349580544978
1790,0.06505480781197548,1.4617770910263062,0.011071816552430391,0.009527184534817934,0.000380220910301432,0.010263280011713505,0.009862736333161592,0.00040225652628578246,0.010208453517407179,0.009285321226343513,0.000426526356022805
1791,0.15756391733884811,0.7522134184837341,0.027369379065930843,0.02247541444376111,0.0006080950552131981,0.026451160199940205,0.021749163046479225,0.000621659797616303,0.02610525395721197,0.025926862377673388,0.0006419151904992759
1792,0.09079417586326599,0.9808936715126038,0.01536280196160078,0.012757420307025313,0.000428345418185927,0.01509505813010037,0.013665782753378153,0.0004399759927764535,0.015172163723036647,0.013448287732899189,0.0004548435244942084
1793,0.5880748890340328,0.8642479181289673,0.1333031803369522,0.0637706178240478,0.0009035512048285455,0.13285383814945817,0.05475546978414059,0.000904182146769017,0.1334199532866478,0.05903948377817869,0.000925355518120341
1794,0.1557169109582901,1.7384004592895508,0.02832164242863655,0.021521725691854954,0.0006253017927519977,0.02733119996264577,0.022786946967244148,0.000632245559245348,0.02670467644929886,0.021450775675475597,0.0006424396415241063
1795,0.1406637504696846,0.49900248646736145,0.0233587808907032,0.020740289241075516,0.0006193213630467653,0.022467058151960373,0.022590553387999535,0.0006382820138242096,0.022148340474814177,0.021677549928426743,0.0006626926478929818
1796,0.07296793907880783,0.587013840675354,0.013140729162842035,0.009237939026206732,0.0004391563998069614,0.012591748498380184,0.010588730219751596,0.0004553948238026351,0.01252163015305996,0.009414976462721825,0.0004734960093628615
1797,0.059234850108623505,1.6289230585098267,0.011488630436360836,0.007011443376541138,0.00035134261997882277,0.010216222843155265,0.007890778593719006,0.00037428917130455375,0.010639348300173879,0.007482042303308845,0.0004009640251751989
1798,0.06365177035331726,1.0047873258590698,0.0123704276047647,0.008071438875049353,0.00035536426003091037,0.011624667793512344,0.008065722417086363,0.0003763232089113444,0.011291855946183205,0.007707722019404173,0.0003982962516602129
1799,0.15413863956928253,1.4529165029525757,0.024071786552667618,0.027306845411658287,0.0005343080556485802,0.023627079091966152,0.016066755168139935,0.0005712040583603084,0.023941215127706528,0.03228532336652279,0.0006043953471817076
1800,0.16184555366635323,1.4154046773910522,0.029491224326193333,0.024662422481924295,0.0005073644133517519,0.0277042044326663,0.02346192207187414,0.0005343077791621909,0.02680261619389057,0.023291725665330887,0.0005661849281750619
1801,0.21461249515414238,1.1764698028564453,0.04998496826738119,0.017265374306589365,0.0007346891216002405,0.048491204623132944,0.022251239977777004,0.0007799624581821263,0.047757809050381184,0.01953364908695221,0.0008174122776836157
1802,0.07322914898395538,1.152014136314392,0.011328529566526413,0.01349282031878829,0.00034281563421245664,0.010472518391907215,0.014029489364475012,0.0003603594668675214,0.010074373800307512,0.009501790162175894,0.00037923132185824215
1803,0.47138569690287113,2.7184207439422607,0.12067206809297204,0.02379512879997492,0.0008990720962174237,0.11916294181719422,0.02423055376857519,0.0009083922341233119,0.11813717754557729,0.05446316907182336,0.0009237074700649828
1804,0.12705770134925842,1.2975895404815674,0.019670938141644,0.0184970460832119,0.0005802750238217413,0.020003714598715305,0.02200243156403303,0.000595189951127395,0.020596283487975597,0.01913079060614109,0.0006136590673122555
1805,0.0888163410127163,0.46355095505714417,0.014449670910835266,0.013986591715365648,0.0005664521886501461,0.013712808024138212,0.013303862884640694,0.0005862749821972102,0.01339205028489232,0.01291180169209838,0.0006121617625467479
1806,0.11308860406279564,2.5074758529663086,0.01892818510532379,0.01590443658642471,0.0005694984865840524,0.018635047366842628,0.016108842100948095,0.0006110893446020782,0.019473643507808447,0.016700739739462733,0.0006538393208757043
1807,0.1473817192018032,0.612654447555542,0.024081718642264605,0.025778335984796286,0.0005135640676598996,0.02302450966089964,0.025442531798034906,0.0005294280417729169,0.022781613748520613,0.019909492693841457,0.0005478891980601475
1808,0.07719281688332558,0.5249003171920776,0.01227178005501628,0.012207390740513802,0.00045284513907972723,0.01132690766826272,0.012346376664936543,0.00047669427294749767,0.011169659439474344,0.012144160456955433,0.0005020959943067282
1809,0.09088387340307236,1.2211962938308716,0.018504639621824026,0.01152647309936583,0.0004587535950122401,0.016764198429882526,0.010743434075266123,0.0004947203269694,0.015828596893697977,0.011572119547054172,0.0005326297832652926
1810,0.10006923228502274,3.008831262588501,0.023313213139772415,0.010715775657445192,0.0005030429747421294,0.019010677933692932,0.011695641092956066,0.0005547615874093026,0.016432646196335554,0.012237661518156528,0.0006081005267333239
1811,0.0837734118103981,2.317667007446289,0.013115738052874804,0.012157092802226543,0.0005093574582133442,0.013436631299555302,0.012091444339603186,0.0005350476130843163,0.014403062406927347,0.012140490114688873,0.0005628328071907163
1812,0.10869953781366348,0.9343129992485046,0.014221174642443657,0.017392710782587528,0.0006873045931570232,0.013475110288709402,0.020635580644011497,0.0006959261954762042,0.013437971472740173,0.021169783547520638,0.000708570732967928
1813,0.18670461140573025,1.9123553037643433,0.04585783719085157,0.016010987339541316,0.0006247134297154844,0.044140698155388236,0.014984483132138848,0.0006732911278959364,0.043020194163545966,0.014654139522463083,0.0007110628066584468
1814,0.1728445142507553,2.0429677963256836,0.030229829251766205,0.02531796135008335,0.0008557967375963926,0.028292298316955566,0.0258864751085639,0.0008794782916083932,0.02734590694308281,0.025197578594088554,0.0009083416662178934
1815,0.12060672417283058,0.7869310975074768,0.016009157057851553,0.022088324651122093,0.0007357686699833721,0.015818615444004536,0.02186220930889249,0.0007405642390949652,0.01593293622136116,0.019997792318463326,0.0007480883941752836
1816,0.07448044791817665,2.243278980255127,0.011357901152223349,0.011180875822901726,0.00046902695612516254,0.011358138639479876,0.010980181861668825,0.000499314526678063,0.012164711020886898,0.01143646752461791,0.0005322012875694782
1817,0.05341207981109619,1.9701511859893799,0.009674398461356759,0.00710262730717659,0.00031261728145182133,0.009700977709144354,0.006064651301130652,0.00033494843228254467,0.010376246180385351,0.0064710264559835196,0.00035797209420707077
1818,0.08930673450231552,1.3076982498168945,0.016933273058384657,0.010880530346184969,0.0004685002350015566,0.016589258331805468,0.011011369060724974,0.0005023074918426573,0.016935879830271006,0.010912176687270403,0.0005402534734457731
1819,0.1344272866845131,1.0780307054519653,0.023499504663050175,0.022395475301891565,0.0005738623149227351,0.023032221477478743,0.01734862197190523,0.0005985051830066368,0.022987291682511568,0.017973267007619143,0.0006253590108826756
1820,0.07287552766501904,4.399908065795898,0.017929089721292257,0.008385864552110434,0.0003836070100078359,0.014528294326737523,0.008106772787868977,0.0004142738180235028,0.0116104690823704,0.007325886515900493,0.0004494072054512799
1821,0.08576087281107903,6.37001371383667,0.014350630342960358,0.010315654100850224,0.0004078497440787032,0.015737554524093866,0.010640910593792796,0.0004775621637236327,0.018541944213211536,0.010466848267242312,0.0005414212355390191
1822,0.11956091597676277,2.3503005504608154,0.019954530522227287,0.014980754349380732,0.0004762014141306281,0.01994964014738798,0.016784307546913624,0.0005059279501438141,0.02097631525248289,0.020832629408687353,0.0005385559634305537
1823,0.11243246495723724,1.5715893507003784,0.017835135105997324,0.017293391283601522,0.000636127486359328,0.01747240498661995,0.017198731191456318,0.0006746844737790525,0.01785663003101945,0.016670649871230125,0.0007155683706514537
1824,0.08125121146440506,1.1858274936676025,0.012818294577300549,0.013166010845452547,0.00046971163828857243,0.012281213887035847,0.01232127845287323,0.00048143009189516306,0.012162241153419018,0.012715213000774384,0.0004955983022227883
1825,0.0916701927781105,5.843033790588379,0.024731121957302094,0.00951078487560153,0.00043034987174905837,0.019377673976123333,0.008956835139542818,0.00047243956942111254,0.014929408673197031,0.008473503403365612,0.000519926572451368
1826,0.10555081814527512,1.0156224966049194,0.016125899739563465,0.01564024481922388,0.0006717973446939141,0.015563872177153826,0.015576683916151524,0.0007075881294440478,0.015664922539144754,0.018511012196540833,0.0007376608555205166
1827,0.06022300384938717,3.3469223976135254,0.010717083234339952,0.00847576092928648,0.00032422144431620836,0.01071175467222929,0.007276143878698349,0.0003428958880249411,0.011190297082066536,0.007727822754532099,0.0003639183269115165
1828,0.14621416106820107,0.37009233236312866,0.02339439932256937,0.026188660878688097,0.0005192915414227173,0.02187704900279641,0.025990460999310017,0.0005429997545434162,0.02206073235720396,0.020171849988400936,0.0005704610666725785
1829,0.059145405888557434,2.8042044639587402,0.009752505924552679,0.007567787077277899,0.00036988541251048446,0.009970307815819979,0.008414045441895723,0.00040401432488579303,0.010650775395333767,0.007952989311888814,0.00043534801807254553
1830,0.13475220277905464,0.6227885484695435,0.02221523830667138,0.020840935176238418,0.0005270147230476141,0.021341275423765182,0.021514594089239836,0.0005476906953845173,0.021202951204031706,0.021053950767964125,0.0005711099074687809
1831,0.11795555613934994,0.8030663728713989,0.021740688243880868,0.013763537630438805,0.0005060092662461102,0.0213503607083112,0.014022640069015324,0.0005342178337741643,0.02141612838022411,0.019239673274569213,0.000565403388463892
1832,0.06827233172953129,0.48970693349838257,0.011602312326431274,0.009743709117174149,0.00040644498949404806,0.010980847291648388,0.009971806546673179,0.0004303858586354181,0.01074005477130413,0.010064534842967987,0.00045543559826910496
1833,0.15893815085291862,7.364566802978516,0.035174332559108734,0.013730573933571577,0.0005185338668525219,0.037406373769044876,0.012451911461539567,0.0006150410190457478,0.039912135573104024,0.012946858769282699,0.000695416412781924
1834,0.3897949531674385,5.6346282958984375,0.09662085073068738,0.02399300877004862,0.0008828043646644801,0.09404624486342072,0.04907604679465294,0.0008617526473244652,0.09209332102909684,0.02356717875227332,0.0008550247148377821
1835,0.1493644081056118,2.3663201332092285,0.03353923140093684,0.0120250026229769,0.0004383903869893402,0.03251542430371046,0.01636029640212655,0.0004693641676567495,0.03161501372233033,0.017672414425760508,0.0005015016067773104
1836,0.13340693712234497,0.9530080556869507,0.021456039510667324,0.01969692623242736,0.000643144638161175,0.021422004327178,0.021201600786298513,0.0006522341718664393,0.021498242393136024,0.02029922977089882,0.0006628467235714197
1837,0.07584098353981972,2.234121561050415,0.011504388879984617,0.012597038177773356,0.0004496242618188262,0.01125011220574379,0.012119370279833674,0.0004584886773955077,0.011098063550889492,0.011755632585845888,0.0004709818313131109
1838,0.10281487181782722,1.6084257364273071,0.017916597425937653,0.017263412941247225,0.000531123747350648,0.017564464826136827,0.012155072763562202,0.000540296285180375,0.01743867597542703,0.013989357277750969,0.0005504020227817819
1839,0.06063526310026646,0.7277211546897888,0.00999681162647903,0.00910393602680415,0.0004208692553220317,0.009220904321409762,0.009189203032292426,0.00044842271017841995,0.009152164333499968,0.00859377277083695,0.00047532477765344083
1840,0.02904977649450302,1.3324934244155884,0.004202636540867388,0.004197872593067586,0.0002662044862518087,0.004150786437094212,0.004257724853232503,0.00028232629119884223,0.004429595544934273,0.004420204670168459,0.0002992081281263381
1841,0.100252291187644,1.4680874347686768,0.014277637237682939,0.017386604566127062,0.0004245469899615273,0.01424668449908495,0.017422265140339732,0.0004361892060842365,0.014835800742730498,0.016848230734467506,0.00044803207856602967
1842,0.13107143342494965,0.6304497122764587,0.02188106905668974,0.020938239293172956,0.0005999000277370214,0.02109119249507785,0.01765882968902588,0.0006245770200621337,0.02094737160950899,0.021046630572527647,0.0006525489152409136
1843,0.0754770990461111,0.6874568462371826,0.014051001984626055,0.009521759115159512,0.0004024313238915056,0.01372067118063569,0.009584376122802496,0.0004205401928629726,0.013608994893729687,0.009934700792655349,0.0004409277462400496
1844,0.180772602558136,0.994531512260437,0.028397022746503353,0.02905306313186884,0.0008304884831886739,0.028136659413576126,0.028866812586784363,0.000832744175568223,0.0281468341127038,0.028165610507130623,0.0008384168322663754
1845,0.13936349004507065,0.674965500831604,0.02463455218821764,0.023357997182756662,0.0004702915030065924,0.024122334085404873,0.016416697297245264,0.0004822205228265375,0.023894724436104298,0.02114501828327775,0.0004955300537403673
1846,0.07287158444523811,1.380262017250061,0.01214036950841546,0.010643817484378815,0.00042028930329252034,0.011965665500611067,0.010383164044469595,0.00043093148269690573,0.011969983112066984,0.010584361851215363,0.0004448351392056793
1847,0.06297332234680653,0.7863523364067078,0.011038056574761868,0.00836415495723486,0.0004255044477758929,0.01026756945066154,0.009016783442348242,0.0004427550302352756,0.009970282902941108,0.008995614713057876,0.000461955409264192
1848,0.07774525508284569,1.4853699207305908,0.012281381990760565,0.007078487775288522,0.00036244709917809814,0.012141261715441942,0.014531583990901709,0.00039514192030765116,0.012473267037421465,0.014494244940578938,0.0004286675248295069
1849,0.055907076224684715,2.781041145324707,0.007815360790118575,0.008424194296821952,0.00042381766252219677,0.008210074389353395,0.008238836657255888,0.00045363808749243617,0.009523487882688642,0.008260047994554043,0.00048131210496649146
1850,0.471788689494133,5.13306999206543,0.10205755801871419,0.0659616943448782,0.0010936810285784304,0.09988602250814438,0.06348227709531784,0.0010758943390101194,0.09826944535598159,0.029170948080718517,0.0010706086177378893
1851,0.1386452503502369,1.7471637725830078,0.028835637494921684,0.01714204717427492,0.0004076383775100112,0.02761369850486517,0.01619034633040428,0.0004246374883223325,0.026456384919583797,0.017300734296441078,0.00044432540016714483
1852,0.07615358382463455,0.8165186643600464,0.01262484397739172,0.011182085145264864,0.00043920366442762315,0.012533883098512888,0.010206776205450296,0.0004504302778514102,0.012793214991688728,0.011395932175219059,0.00046457804273813963
1853,0.05740450881421566,1.1241291761398315,0.010561534203588963,0.007663574535399675,0.00036818858643528074,0.00983373075723648,0.0076312588062137365,0.00038376897282432765,0.009420027956366539,0.007683869451284409,0.0004006706876680255
1854,0.14284144341945648,1.2142558097839355,0.026197977364063263,0.018891679123044014,0.0006420821882784367,0.02518619317561388,0.019798955880105495,0.0006622251821681857,0.024614783935248852,0.020190912298858166,0.0006859262939542532
1855,0.13062454760074615,1.5872242450714111,0.0209353007376194,0.01918912213295698,0.0006631441647186875,0.02012492995709181,0.021147470921278,0.0006709234439767897,0.019633187912404537,0.021523290313780308,0.0006837427790742368
1856,0.4341525435447693,1.421860933303833,0.10463629057630897,0.03991685155779123,0.0010703624575398862,0.10387107357382774,0.04459636611863971,0.0010784641781356186,0.10404748935252428,0.02414710633456707,0.0010855172295123339
1857,0.12161873653531075,1.0955390930175781,0.017821257933974266,0.021718178410083055,0.000728344835806638,0.01678386004641652,0.01990759838372469,0.0007425716612488031,0.016310096252709627,0.02014494314789772,0.000762283627409488
1858,0.1212400309741497,0.9829524755477905,0.0183103010058403,0.019943363033235073,0.000702688266756013,0.017646684776991606,0.01886463211849332,0.0007074543100316077,0.017363911494612694,0.020604454912245274,0.0007165287679526955
1859,0.07544173672795296,0.6862834095954895,0.012587898876518011,0.01140119880437851,0.0005764386442024261,0.011792938690632582,0.010273569729179144,0.0005978823464829475,0.011636857409030199,0.010561731178313494,0.000622565858066082
1860,0.1646205484867096,1.919331669807434,0.025915241800248623,0.02431169804185629,0.0006500318995676935,0.02548119891434908,0.026569576933979988,0.0006750691682100296,0.02623818162828684,0.027971499599516392,0.0007081875228323042
1861,0.0991411954164505,3.092475652694702,0.011736840009689331,0.019129819236695766,0.0006354574579745531,0.01192614296451211,0.018431412987411022,0.0006582662317669019,0.013446102384477854,0.01655116118490696,0.000686205894453451
1862,0.11763237416744232,1.5203466415405273,0.02073406847193837,0.014905824325978756,0.0004427734238561243,0.01985208922997117,0.019936900585889816,0.00047730313963256776,0.020021055359393358,0.016440040897578,0.0005155225371709093
1863,0.0701324250549078,1.140467882156372,0.011405363911762834,0.010499780997633934,0.0004029445117339492,0.01087896921671927,0.009334658039733768,0.00042117176053579897,0.011080848053097725,0.01187628973275423,0.0004400112811708823
1864,0.13206983357667923,1.1952507495880127,0.02321971021592617,0.019942533690482378,0.0006361976702464744,0.022122573107481003,0.01752922497689724,0.0006564515351783484,0.02177664265036583,0.019576125778257847,0.0006831060745753348
1865,0.08065981790423393,1.4593907594680786,0.015187318902462721,0.010323205729946494,0.0004600061511155218,0.014372042380273342,0.010408569360151887,0.00048009210149757564,0.013807938434183598,0.0107964095659554,0.0005009847664041445
1866,0.1279081106185913,0.6337077617645264,0.018246695399284363,0.02111854311078787,0.0007615060021635145,0.017769228667020798,0.022779961582273245,0.0007636938244104385,0.017702516168355942,0.021111518144607544,0.0007697129331063479
1867,0.11684207804501057,1.12307870388031,0.01960735395550728,0.017608565744012594,0.0006746930885128677,0.018611640203744173,0.01655192533507943,0.0006999355682637542,0.01811097515746951,0.017937643453478813,0.0007288649212568998
1868,0.07225260883569717,2.036480188369751,0.011730552185326815,0.01050094934180379,0.0004260576970409602,0.011631239671260118,0.01030857115983963,0.00045235714060254395,0.01231828797608614,0.010304047260433435,0.00048632596735842526
1869,0.07336661219596863,0.7285662889480591,0.014803524129092693,0.008050092263147235,0.000406752253184095,0.014036997221410275,0.008971271105110645,0.0004315898258937523,0.013641264289617538,0.00867106532678008,0.0004597571096383035
1870,0.08690396696329117,2.540351152420044,0.015386240789666772,0.008580564055591822,0.00044659867126028985,0.015085529070347548,0.008919801563024521,0.00048773110029287636,0.01574393780902028,0.017350467387586832,0.0005250276008155197
1871,0.10679324716329575,2.4056949615478516,0.014134129974991083,0.020620994735509157,0.0006648619892075658,0.014432730618864298,0.01585615798830986,0.0006856709660496563,0.0157775548286736,0.017704414669424295,0.0007162825204432011
1872,0.0699206106364727,1.3583266735076904,0.012620089575648308,0.009025239385664463,0.00046704348642379045,0.012330560013651848,0.008957561571151018,0.000481832044897601,0.012219085358083248,0.00896425824612379,0.0005020782700739801
1873,0.09039993211627007,0.7621983289718628,0.017161149065941572,0.010893373284488916,0.00046591737191192806,0.0167162474244833,0.011678476352244616,0.000480107162729837,0.016605864744633436,0.011578623205423355,0.0004955243202857673
1874,0.13395685516297817,1.6696761846542358,0.02788111474364996,0.013340776553377509,0.00040274616912938654,0.02781772054731846,0.016711876494809985,0.0004350144590716809,0.028160635847598314,0.014812648994848132,0.00047026053653098643
1875,0.058115120977163315,0.68669193983078,0.01370901521295309,0.004366455599665642,0.00023783570941304788,0.013532412704080343,0.004781980533152819,0.00025654834462329745,0.013484802562743425,0.00516957719810307,0.0002733358123805374
1876,0.0893426388502121,1.3501590490341187,0.013256285805255175,0.013771574012935162,0.0005042758712079376,0.013127939775586128,0.01528609311208129,0.0005216574354562908,0.013747914228588343,0.013885659165680408,0.0005408591823652387
1877,0.08030438981950283,1.2288891077041626,0.016795754432678223,0.009807451628148556,0.0004157806688454002,0.01566982502117753,0.008947648108005524,0.00044524314580485225,0.014327431563287973,0.009397064568474889,0.0004787802172359079
1878,0.10344285145401955,1.610169768333435,0.023493540938943624,0.008936378639191389,0.00032611780625302345,0.022248852532356977,0.009461903478950262,0.00034403819881845266,0.021261628484353423,0.013904458610340953,0.00036386592546477914
1879,0.07612017169594765,3.2581474781036377,0.014846946112811565,0.007740755332633853,0.00042267907701898366,0.014917748980224133,0.008140262449160218,0.00045856641372665763,0.01636785315349698,0.00860410975292325,0.0004943788517266512
1880,0.06181584112346172,0.35924142599105835,0.010764417704194784,0.008653008844703436,0.0003709929878823459,0.009867855813354254,0.009078196249902248,0.0003943287883885205,0.009631371591240168,0.009073491208255291,0.0004215529188513756
1881,0.07483233138918877,0.9905112385749817,0.015151774045079947,0.008907070150598884,0.0004701444267993793,0.014131374191492796,0.008263659896329045,0.0005029674648540094,0.013565766625106335,0.00876212096773088,0.0005395296757342294
1882,0.04546497203409672,1.6866271495819092,0.007579287048429251,0.005783582106232643,0.00032436929177492857,0.007700948743149638,0.0057268894743174314,0.00035346044751349837,0.008078342536464334,0.0063224551267921925,0.0003905375342583284
1883,0.6212640423327684,2.7515311241149902,0.15323051577433944,0.06805176055058837,0.0009247100970242172,0.15257288701832294,0.06034294213168323,0.0009094597771763802,0.15208854945376515,0.024028425104916096,0.0009030793589772657
1884,0.04148918762803078,1.9142051935195923,0.006198902614414692,0.005701930727809668,0.0003542701597325504,0.006347254384309053,0.005812927382066846,0.0003840372810373083,0.006809476530179381,0.006007221061736345,0.00041456124745309353
1885,0.18397089838981628,2.2141876220703125,0.026371421292424202,0.03670743107795715,0.00043814454693347216,0.026407094672322273,0.024248886853456497,0.0004653081123251468,0.027124381624162197,0.03753475286066532,0.0004907790571451187
1886,0.09240289777517319,1.092975378036499,0.015516829211264849,0.01371376821771264,0.0004922131483908743,0.015119456220418215,0.0131412991322577,0.0005025752470828593,0.014794195536524057,0.01406990410760045,0.0005170720542082563
1887,0.09673969447612762,1.3648035526275635,0.015609676484018564,0.015329155139625072,0.000601227133302018,0.01555284345522523,0.01181160006672144,0.0006273610342759639,0.016072015278041363,0.014831360429525375,0.0006546718068420887
1888,0.1522478125989437,1.07808256149292,0.02956780046224594,0.018109620548784733,0.0005304963560774922,0.029457157477736473,0.017404260113835335,0.0005610063963104039,0.029507559724152088,0.02147481683641672,0.0005901475087739527
1889,0.13172952085733414,1.8475650548934937,0.022530505433678627,0.021462740376591682,0.0005644538905471563,0.021091830916702747,0.019708075560629368,0.0005835312185809016,0.019991319626569748,0.019924167543649673,0.0006072336400393397
1890,0.24934639036655426,4.816720485687256,0.05807419307529926,0.025279682129621506,0.0007478763582184911,0.05526362732052803,0.024064253084361553,0.0007856940501369536,0.052976918406784534,0.02427524421364069,0.0008195499540306628
1891,0.09652392193675041,1.2170124053955078,0.02005900163203478,0.01116432249546051,0.00040225585689768195,0.019260141998529434,0.011396600864827633,0.0004195537476334721,0.018703075125813484,0.010902449488639832,0.0004377727454993874
1892,0.5091148540377617,2.843356132507324,0.12921245070174336,0.06583128916099668,0.000876626669196412,0.12856476986780763,0.023261371068656445,0.0008629456133348867,0.12813140032812953,0.02370499912649393,0.0008625668415334076
1893,0.057802166789770126,2.6133928298950195,0.010214547626674175,0.006999610806815326,0.00032579056278336793,0.010709192603826523,0.006777006667107344,0.00033951243676710874,0.011385023593902588,0.00763357593677938,0.00035549941821955144
1894,0.12033229041844606,1.2557268142700195,0.01976025046315044,0.020129328593611717,0.0004629201430361718,0.01927896321285516,0.01774682174436748,0.0004852987185586244,0.019171635154634714,0.018419163301587105,0.0005083113210275769
1895,0.142009936273098,0.5766512155532837,0.021529680117964745,0.02037331135943532,0.0006759824755135924,0.0210917005315423,0.021335835102945566,0.0006862157315481454,0.02104133740067482,0.028391264379024506,0.0006995041767368093
1896,0.12536950781941414,1.8339191675186157,0.01834232686087489,0.022390488535165787,0.0007120055088307709,0.017000260762870312,0.021427776664495468,0.0007220576226245612,0.016147302463650703,0.02138176141306758,0.000735834299121052
1897,0.4337882921099663,5.005622386932373,0.10124410782009363,0.03106397669762373,0.0010482753277756274,0.09931574296206236,0.06233459152281284,0.0010310104116797447,0.097966224886477,0.029468064196407795,0.0010196145449299365
1898,0.12864771857857704,0.6700764894485474,0.021705089136958122,0.01882556825876236,0.0006589392141904682,0.021364028565585613,0.01867483602836728,0.0006747645675204694,0.021428228355944157,0.018525265157222748,0.0006974731222726405
1899,0.09313493221998215,0.573833167552948,0.01614389568567276,0.013486065901815891,0.0005284118815325201,0.015552941709756851,0.012769196648150682,0.000549273332580924,0.01543632335960865,0.013136321678757668,0.000574861653149128
1900,0.0702557060867548,1.2575984001159668,0.010980051476508379,0.01066242577508092,0.00042318322812207043,0.01089151157066226,0.010988556779921055,0.0004349657683633268,0.011018261313438416,0.01048254081979394,0.0004499403585214168
1901,0.17167861759662628,0.8095168471336365,0.03322329744696617,0.023862991482019424,0.0005996749678160995,0.0320140216499567,0.021632281132042408,0.0006338692328426987,0.03174499608576298,0.02158851269632578,0.0006695847841911018
1902,0.4181958418339491,5.516957759857178,0.10168520454317331,0.06035365769639611,0.0009857200202532113,0.09935343777760863,0.023993804585188627,0.000970305991359055,0.0974660450592637,0.023663682397454977,0.0009639759082347155
1903,0.07906128466129303,1.19684636592865,0.012960027437657118,0.011625522281974554,0.0004476386384340003,0.01203531795181334,0.011938703246414661,0.0004698315024143085,0.012154783122241497,0.012694855220615864,0.0004955493786837906
1904,0.13552777096629143,1.1024333238601685,0.021677715703845024,0.025938997976481915,0.0005344339879229665,0.020598869770765305,0.013911864254623652,0.0005557455879170448,0.019979023840278387,0.02675436669960618,0.0005765534297097474
1905,0.6632732413709164,3.771707534790039,0.15645575150847435,0.09943419881165028,0.0009748919837875292,0.14190095756202936,0.05861470103263855,0.0009614598384359851,0.1410116571933031,0.05426849750801921,0.0009605119994375855
1906,0.09103940986096859,1.6401069164276123,0.017760313116014004,0.010442745871841908,0.0004911692667519674,0.017172211315482855,0.010777825489640236,0.0005283486098051071,0.0174328051507473,0.011117304908111691,0.0005645335331792012
1907,0.17881591245532036,1.9858781099319458,0.030443264171481133,0.024762922897934914,0.0007741428562439978,0.02947573270648718,0.03269352950155735,0.000784894305979833,0.02880585379898548,0.023207123391330242,0.0007978352368809283
1908,0.0655762106180191,2.9849770069122314,0.013191336998715997,0.006331062177196145,0.0003406521718716249,0.0136344984639436,0.0067742797546088696,0.000357989760232158,0.014420106075704098,0.006921829888597131,0.0003771325573325157
1909,0.07150644063949585,0.7900581955909729,0.012974150944501162,0.009854117408394814,0.0004506307013798505,0.011983861215412617,0.009864955907687545,0.00047014898154884577,0.01151098683476448,0.00967046176083386,0.0004911967262160033
1910,0.19055062532424927,1.4267374277114868,0.028906123712658882,0.031155794858932495,0.0007648868195246905,0.027780518401414156,0.03285687416791916,0.0007706070318818092,0.02764170430600643,0.032931406050920486,0.0007840554462745786
1911,0.06393060088157654,2.2079968452453613,0.013773094862699509,0.007803842192515731,0.00031994217715691775,0.011945925652980804,0.007448257878422737,0.000349068664945662,0.011202112305909395,0.0075667856726795435,0.0003786343731917441
1912,0.05175781808793545,2.2180802822113037,0.007748808013275266,0.007398791611194611,0.00037820108991581947,0.008039753185585141,0.00727991946041584,0.0003944217023672536,0.00874134711921215,0.007815344957634807,0.0004108406574232504
1913,0.05527055449783802,0.3438352644443512,0.008876330452039838,0.009060388430953026,0.00033998828439507633,0.008168033324182034,0.008623491041362286,0.0003619231574703008,0.007973578991368413,0.00821672659367323,0.00038608988688793033
1914,0.07298643887042999,1.6148735284805298,0.012992287520319223,0.009655418572947383,0.00036806202842853963,0.012665519956499338,0.009539300110191107,0.0003989726828876883,0.013248411007225513,0.010070583783090115,0.00043669478327501565
1915,0.44447226263582706,6.878439903259277,0.10105043835937977,0.024436526000499725,0.0009151234407909214,0.09781919582746923,0.060738880187273026,0.0008951626077760011,0.0957503286190331,0.05388194229453802,0.0008884518611012027
1916,0.09969663619995117,2.0081400871276855,0.016442751046270132,0.014614701271057129,0.0005473231431096792,0.0160950873978436,0.014111267402768135,0.0005800657090730965,0.016378749627619982,0.015085836872458458,0.0006146719097159803
1917,0.03717185743153095,2.77620530128479,0.004611717420630157,0.0053324478212744,0.0003028913342859596,0.005092972191050649,0.005399734131060541,0.0003358735120855272,0.006303930655121803,0.006407298846170306,0.00036717446346301585
1918,0.1350816860795021,1.064335584640503,0.02706732740625739,0.01760975830256939,0.00044967629946768284,0.026200043503195047,0.016336800064891577,0.0004660639970097691,0.025907556992024183,0.01635404536500573,0.0004857989843003452
1919,0.07692448236048222,2.7863540649414062,0.01793141756206751,0.010651641059666872,0.00041705291368998587,0.014895481523126364,0.0074918430764228106,0.0004503599921008572,0.012549196369946003,0.00797102227807045,0.0004910564894089475
1920,0.06125643663108349,1.920964241027832,0.010927816852927208,0.008604610105976462,0.00038537180807907134,0.010008431039750576,0.008738975040614605,0.00040713304770179093,0.009603925980627537,0.008481266908347607,0.0004303472815081477
1921,0.127119243144989,0.8643940687179565,0.02095468994230032,0.01886794390156865,0.0006854184612166137,0.020179858431220055,0.01917789876461029,0.0007170029857661575,0.02029883023351431,0.019029982388019562,0.0007500895299017429
1922,0.04966055974364281,2.7210636138916016,0.006458895280957222,0.007414416875690222,0.00045829213922843337,0.006623090943321586,0.007485081907361746,0.0005027580191381276,0.007474642712622881,0.008172709494829178,0.0005468808813020587
1923,0.061582718044519424,0.9802387952804565,0.00979687855578959,0.009724585805088282,0.00043250402086414397,0.00871524098329246,0.010200981050729752,0.0004460485652089119,0.00821912894025445,0.009569615125656128,0.0004605196154443547
1924,0.0872986763715744,1.4028445482254028,0.018356500193476677,0.009444985073059797,0.0004357419675216079,0.016454982105642557,0.010690154042094946,0.0004765793710248545,0.015342586673796177,0.01127537153661251,0.0005212037940509617
1925,0.38100294955074787,6.53978157043457,0.09395844582468271,0.022941771894693375,0.0008200268493965268,0.09109366312623024,0.05145034217275679,0.0007947128906380385,0.08875551400706172,0.023218768648803234,0.0007813680713297799
1926,0.04803929477930069,1.2915921211242676,0.008063619025051594,0.00631124502979219,0.000345212290994823,0.007392487023025751,0.0070945946499705315,0.0003627587720984593,0.007460654946044087,0.007364405784755945,0.0003801009588642046
1927,0.20396876335144043,3.6689858436584473,0.050416803918778896,0.01794316084124148,0.0006228136771824211,0.04771440662443638,0.017076788004487753,0.0006644694949500263,0.04567924700677395,0.017202336341142654,0.0006967224762775004
1928,0.20566976629197598,2.915821075439453,0.03311799606308341,0.02736313152126968,0.0005828441062476486,0.03346343105658889,0.02736800955608487,0.0006069690571166575,0.034790059085935354,0.042271798476576805,0.0006340221152640879
1929,0.1569795347750187,0.786065936088562,0.025678648613393307,0.01811631303280592,0.0006348535825964063,0.024664564058184624,0.02348051918670535,0.0006768543680664152,0.024445252493023872,0.03247945010662079,0.0007169901509769261
1930,0.11612223833799362,1.1552298069000244,0.016550101805478334,0.01788081880658865,0.0006619291380047798,0.016436920035630465,0.02057441882789135,0.0006759810785297304,0.01680381502956152,0.019758079200983047,0.0006916119600646198
1931,0.07657745108008385,1.9039149284362793,0.01683148182928562,0.009431438520550728,0.0003534265561029315,0.014392916113138199,0.00980084016919136,0.0003986760857515037,0.0125729413703084,0.008770761080086231,0.00044216540118213743
1932,0.1194797120988369,2.4078047275543213,0.02248708065599203,0.016882827505469322,0.0005288655520416796,0.02126739639788866,0.015438397414982319,0.0005529754707822576,0.020415029022842646,0.016328634228557348,0.0005832470196764916
1933,0.07454051822423935,1.6132546663284302,0.011614277493208647,0.01068915193900466,0.0004487317492021248,0.011982297990471125,0.011031514964997768,0.0004680983838625252,0.012725420761853456,0.010868021752685308,0.0004906280373688787
1934,0.05209165811538696,2.5055692195892334,0.00694410246796906,0.006546543445438147,0.00037631066516041756,0.007272607879713178,0.007391064893454313,0.00039887391903903335,0.008238006848841906,0.010907814372330904,0.0004226949095027521
1935,0.07071023620665073,3.089444875717163,0.01574897486716509,0.010255794506520033,0.0003879048308590427,0.012876430060714483,0.007412911159917712,0.00041228630288969725,0.01078925235196948,0.008664647582918406,0.00044036400504410267
1936,0.0944681465625763,2.3734753131866455,0.015985472593456507,0.014506164006888866,0.000523969967616722,0.014890735503286123,0.014053876046091318,0.0005348767735995352,0.014111137483268976,0.014492400921881199,0.0005482425331138074
1937,0.03966922592371702,0.9543108344078064,0.006977536017075181,0.004799727466888726,0.00031268855673260987,0.006606240523979068,0.005029263091273606,0.00034163576492574066,0.006674411939457059,0.005480150692164898,0.0003711502504302189
1938,0.08684386685490608,0.4251028597354889,0.014316129963845015,0.013718474190682173,0.00045607719221152365,0.013934070710092783,0.01231322530657053,0.0004721349396277219,0.013896354008466005,0.012993898708373308,0.0004897157778032124
1939,0.07908954098820686,1.6804507970809937,0.014999588951468468,0.010691970586776733,0.0004560970119200647,0.013417846988886595,0.011170698329806328,0.0004822703340323642,0.012236388400197029,0.010769782587885857,0.0005124490999151021
1940,0.06843756884336472,1.65889310836792,0.01117590768262744,0.00971941091120243,0.00040933456330094486,0.011384358163923025,0.009529544971883297,0.00042422476690262556,0.011976756155490875,0.009554028511047363,0.0004408317763591185
1941,0.04862745478749275,0.7468816637992859,0.008337955456227064,0.007094636559486389,0.0003505531349219382,0.007847211323678493,0.00651909108273685,0.0003734658093890175,0.007579379715025425,0.0067507680505514145,0.00040058355079963803
1942,0.07088772393763065,1.072893500328064,0.015357427299022675,0.0071039446629583836,0.0003524047206155956,0.014690702315419912,0.007906632963567972,0.00037807997432537377,0.014213630929589272,0.007081589428707957,0.00040296444785781205
1943,0.1435065045952797,0.7100991010665894,0.02528459206223488,0.026909558102488518,0.0005800783983431756,0.025347653776407242,0.01638170937076211,0.0006016639526933432,0.025672112591564655,0.01670091412961483,0.0006207485712366179
1944,0.06191484909504652,1.078480839729309,0.011176819913089275,0.008006834657862782,0.00039529750938527286,0.01087269198615104,0.007631997112184763,0.0004196204972686246,0.010883124195970595,0.008292665937915444,0.00044776043796446174
1945,0.09925951808691025,0.44781118631362915,0.01623325003311038,0.015503145288676023,0.0005460654065245762,0.015146551188081503,0.015478329733014107,0.0005688182427547872,0.014808679465204477,0.015251750126481056,0.0005945692682871595
1946,0.13237933069467545,0.7852652072906494,0.02147330716252327,0.020056425128132105,0.0005337966431397945,0.02061691414564848,0.02026287349872291,0.000558337414986454,0.02048958162777126,0.022778074722737074,0.0005834045878145844
1947,0.5367924347519875,2.2673094272613525,0.1350169121287763,0.07282274076715112,0.0009152372076641768,0.1343814916908741,0.024407688062638044,0.0009174678125418723,0.1337672988884151,0.025373015087097883,0.0009231246367562562
1948,0.04666027054190636,1.887265682220459,0.009015082148835063,0.005358286434784532,0.00033454710501246154,0.007886787177994847,0.005636171437799931,0.00037165952380746603,0.008344137808308005,0.0059582318644970655,0.0004091870359843597
1949,0.10623545199632645,2.20182466506958,0.023939015343785286,0.011185284703969955,0.00040629462455399334,0.02266423311084509,0.011014350224286318,0.00043506584188435227,0.021618002094328403,0.010597414802759886,0.0004629291652236134
1950,0.0700196847319603,2.133958339691162,0.011622798629105091,0.00953354686498642,0.0004132633184781298,0.011055908631533384,0.009871554793789983,0.0004649548645829782,0.012032062280923128,0.01032500620931387,0.0005164834001334384
1951,0.06141039356589317,1.3829967975616455,0.009876645170152187,0.00934176566079259,0.0004228034958941862,0.009255682118237019,0.009271745570003986,0.00043858657591044903,0.008969521149992943,0.009423376293852925,0.00045652451808564365
1952,0.13694104552268982,2.5267231464385986,0.030065374448895454,0.016069379169493914,0.00043521814222913235,0.028029154986143112,0.0178388892672956,0.0004652957140933722,0.026335480622947216,0.013015339616686106,0.0004963422252330929
1953,0.12213746458292007,1.1749290227890015,0.02214683359488845,0.019204602809622884,0.0005170736112631857,0.02089539496228099,0.016947448253631592,0.0005385717668104917,0.020034310407936573,0.016438273014500737,0.0005620069132419303
1954,0.14291708916425705,1.0296211242675781,0.026228195521980524,0.020319373346865177,0.00060745541122742,0.025593992322683334,0.018452531658113003,0.0006329499301500618,0.026006825268268585,0.018704252317547798,0.000662574078887701
1955,0.08528858423233032,2.685668468475342,0.014515165705233812,0.011267061810940504,0.00043282308615744114,0.015120579861104488,0.01191338011994958,0.00046404474414885044,0.016218720003962517,0.010662506334483624,0.0005009251472074538
1956,0.08465757966041565,2.762887477874756,0.017344936728477478,0.008534607710316777,0.00038848366239108145,0.017350485548377037,0.009101787116378546,0.0004054368764627725,0.01751775946468115,0.009933169931173325,0.00042478817340452224
1957,0.10337584093213081,2.149178981781006,0.01989355171099305,0.014558263588696718,0.0005404603434726596,0.01772591331973672,0.013732110615819693,0.000574450270505622,0.01633364614099264,0.014236537273973227,0.000609044567681849
1958,0.06865233555436134,1.52955162525177,0.011515395250171423,0.01010586554184556,0.00046711257891729474,0.0104429021012038,0.010495939292013645,0.0004935186298098415,0.009985137963667512,0.010180659592151642,0.000520977919222787
1959,0.11604468524456024,1.3418978452682495,0.017736474983394146,0.017447044141590595,0.0007192062621470541,0.017284277360886335,0.01743321307003498,0.0007325806946028024,0.017370927147567272,0.019972314592450857,0.000748319667764008
1960,0.042304281145334244,1.8317663669586182,0.007187474751845002,0.005125736352056265,0.00029681320302188396,0.007323344936594367,0.005300161661580205,0.00031621544621884823,0.008061941247433424,0.005506649846211076,0.00033671408891677856
1961,0.1918826550245285,1.4197520017623901,0.03796558268368244,0.02475750632584095,0.0004858589090872556,0.03631085902452469,0.02827152982354164,0.0005094237276352942,0.03583306446671486,0.02262292057275772,0.0005350127903511748
1962,0.14525401964783669,2.328415870666504,0.027970395050942898,0.02184267807751894,0.00047434734005946666,0.026014595292508602,0.01780294394120574,0.0004980387457180768,0.024978199042379856,0.02066308818757534,0.0005231434770394117
1963,0.03621927835047245,0.9953725337982178,0.005413428996689618,0.004751567845232785,0.0003579309704946354,0.005021779565140605,0.006475060363300145,0.00037098920438438654,0.005153737147338688,0.004940801649354398,0.00038680571014992893
1964,0.06218675151467323,0.9364904165267944,0.00903627136722207,0.01006785174831748,0.0004516181070357561,0.008784236386418343,0.010166360531002283,0.00046210482832975686,0.009050576947629452,0.009523692540824413,0.0004757181159220636
1965,0.05940752848982811,3.41434645652771,0.008810821920633316,0.008319091517478228,0.00038615879020653665,0.009416586253792048,0.008615894941613078,0.00042444191058166325,0.010771595872938633,0.008407963439822197,0.00045579284778796136
1966,0.041944876313209534,0.9109346270561218,0.007475739810615778,0.005544289015233517,0.00036923805600963533,0.006118318531662226,0.005752759054303169,0.0004086343396920711,0.005981327849440277,0.006183180259540677,0.00044444252853281796
1967,0.1144731417298317,1.6589103937149048,0.02338998205959797,0.016770613845437765,0.0003868176427204162,0.0221480755135417,0.0132837921846658,0.00040800205897539854,0.02101307362318039,0.012967275455594063,0.00043026280764024705
1968,0.08961980417370796,1.0780853033065796,0.014448929578065872,0.013088659383356571,0.0005006582941859961,0.014482575003057718,0.013177836779505014,0.000513215665705502,0.015038053970783949,0.013210303615778685,0.0005294877337291837
1969,0.05755660682916641,1.47786283493042,0.009114584419876337,0.007956672459840775,0.00040260575769934803,0.008935595164075494,0.008196895010769367,0.0004268428310751915,0.009484857320785522,0.00874896114692092,0.00045031133049633354
1970,0.11209417879581451,2.003234386444092,0.018347743432968855,0.01737535512074828,0.0006012182275298983,0.017193698789924383,0.01696893572807312,0.0006431039073504508,0.01794920628890395,0.016551217529922724,0.0006826838362030685
1971,0.06893038749694824,1.8471217155456543,0.011580632999539375,0.009295328054577112,0.0004673372604884207,0.011462723836302757,0.009081983473151922,0.00048774457536637783,0.012092513963580132,0.009546238463371992,0.0005126593459863216
1972,0.04526906833052635,1.0716884136199951,0.007927382597699761,0.0058158086612820625,0.0002961221180157736,0.007732776692137122,0.005919081624597311,0.00031260876858141273,0.008023119298741221,0.006091724149882793,0.0003310631145723164
1973,0.13050749525427818,1.2809433937072754,0.021856275387108326,0.023480222560465336,0.0005552470393013209,0.020277255214750767,0.022956558503210545,0.0005810544826090336,0.019724097568541765,0.01523013785481453,0.0006094374257372692
1974,0.06357085332274437,3.073261022567749,0.015732727013528347,0.006136805051937699,0.00034451264946255833,0.012412822805345058,0.006889587151817977,0.00037318316753953695,0.010072698816657066,0.007831861265003681,0.0004058916965732351
1975,0.051732731983065605,0.7360123991966248,0.009085545316338539,0.00686180277261883,0.0003904687910107896,0.008375463774427772,0.007295711780898273,0.00042013637721538544,0.008332934696227312,0.006722374237142503,0.0004541195521596819
1976,0.06313985213637352,1.2142283916473389,0.00965547445230186,0.011133031221106648,0.0004192686465103179,0.008933001896366477,0.009291199035942554,0.0004273454105714336,0.008651872165501118,0.010328556876629591,0.0004400658799568191
1977,0.0696619562804699,1.0525641441345215,0.014789747074246407,0.00719104683957994,0.00033393222838640213,0.013879162725061178,0.008869721554219723,0.00035666114126797765,0.01352977380156517,0.0071094834711402655,0.00038266177580226213
1978,0.5458221286535263,7.338414669036865,0.11195913329720497,0.06954452767968178,0.0011043004633393139,0.1089839469641447,0.07233440969139338,0.001084061455912888,0.10688633937388659,0.06305314134806395,0.001076790620572865
1979,0.0639088973402977,0.3116023540496826,0.010204523336142302,0.009507992304861546,0.0004700371064245701,0.00981172826141119,0.00955210905522108,0.00048637468717060983,0.009795049671083689,0.009194123558700085,0.0005044309073127806
1980,0.591969758272171,3.7025716304779053,0.13404739601537585,0.05890515027567744,0.0009158758039120585,0.13280177349224687,0.06869166297838092,0.0009008195484057069,0.13181491382420063,0.05485138390213251,0.0008976808603620157
1981,0.06214491277933121,2.303328037261963,0.014292568201199174,0.007529005641117692,0.0003522897604852915,0.011629171436652541,0.007334657479077578,0.00037301347765605897,0.010251659201458097,0.006624119356274605,0.0003956295986426994
1982,0.11928018927574158,1.6761938333511353,0.016397543251514435,0.02463639061897993,0.0007458979380317032,0.015950479079037905,0.018939129076898098,0.0007493755838368088,0.015729996375739574,0.018617067486047745,0.0007571243913844228
1983,0.10228743590414524,0.6928402781486511,0.0195378604112193,0.01267620618455112,0.0004522055241977796,0.018598059774376452,0.013341336394660175,0.0004975945630576462,0.018273442750796676,0.013899832032620907,0.00054037498193793
1984,0.08423398807644844,1.4475984573364258,0.01877991808578372,0.008514425484463573,0.0003650298167485744,0.01810082932934165,0.008035447681322694,0.0003804727748502046,0.01754920231178403,0.008682861225679517,0.00039732341247145087
1985,0.1354452483355999,2.2901711463928223,0.023587907198816538,0.020511665381491184,0.0005724125221604481,0.02205616980791092,0.020526611246168613,0.0005890196189284325,0.02103007072582841,0.020658839959651232,0.0006070644012652338
1986,0.07865587621927261,1.8411853313446045,0.014036583714187145,0.012305011972784996,0.0004068051348440349,0.013767463155090809,0.009276195894926786,0.0004391836846480146,0.014311656821519136,0.009675420355051756,0.00047489747521467507
1987,0.05428354814648628,2.6199538707733154,0.00967249320819974,0.005887801293283701,0.0003728260053321719,0.009745745453983545,0.006254882551729679,0.0004145068669458851,0.010762714082375169,0.00699746492318809,0.0004532791499514133
1988,0.08753151074051857,2.034877061843872,0.014536229195073247,0.015494234394282103,0.000476395376608707,0.013695482164621353,0.015107187442481518,0.0005315561138559133,0.014242193195968866,0.008101582992821932,0.0005806993285659701
1989,0.06021196022629738,1.7402524948120117,0.010350763332098722,0.007782089989632368,0.00036411268229130656,0.01004326855763793,0.008143598213791847,0.0003910676168743521,0.0105055863969028,0.008683661464601755,0.0004205683944746852
1990,0.09065654128789902,1.4445745944976807,0.01738614635542035,0.011732179671525955,0.0004908068804070354,0.01632760651409626,0.011574562638998032,0.000506640353705734,0.015766656026244164,0.011765142437070608,0.0005286153755150735
1991,0.052700214087963104,0.9652834534645081,0.010365881025791168,0.006421724334359169,0.00030586648790631443,0.009573813993483782,0.0066664249170571566,0.0003244855033699423,0.009188317228108644,0.006590227596461773,0.00034310450428165495
1992,0.0355816874653101,1.2595981359481812,0.006207504775375128,0.00458587531466037,0.0003075907734455541,0.005258764955215156,0.004741767421364784,0.000336925673764199,0.005664302967488766,0.0050819284515455365,0.00036586940404959023
1993,0.12992428429424763,1.2043259143829346,0.026023748330771923,0.018529882188886404,0.00045458669774234295,0.025436573196202517,0.012873901519924402,0.0004883123619947582,0.02566458098590374,0.01552931685000658,0.0005236730066826567
1994,0.07280951738357544,0.660141110420227,0.012485230807214975,0.009219547500833869,0.00047301576705649495,0.011992360465228558,0.010801887139678001,0.0004956421034876257,0.011971528176218271,0.010365700582042336,0.0005246581858955324
1995,0.09784921258687973,4.882322788238525,0.02608665730804205,0.008780999341979623,0.00036165074561722577,0.022272168658673763,0.009659964125603437,0.00039560200821142644,0.01880313828587532,0.007484868168830872,0.0004331023956183344
1996,0.07792224735021591,1.4863989353179932,0.01308938954025507,0.007884572725743055,0.0004238606197759509,0.012835385045036674,0.008753315545618534,0.0004563214461086318,0.013164495350793004,0.016721629537642002,0.0004881831700913608
1997,0.06519088707864285,1.328895926475525,0.010322970803827047,0.008307443466037512,0.0005053697095718235,0.00960724800825119,0.0102736447006464,0.0005115756648592651,0.009413893101736903,0.011112782871350646,0.0005212807445786893
1998,0.08540058135986328,1.9988505840301514,0.013944286154583097,0.011623225174844265,0.000518679094966501,0.014142012689262629,0.01144676934927702,0.0005478268139995635,0.014972889795899391,0.012673279736191034,0.0005830239970237017
1999,0.08127183839678764,0.8677693605422974,0.014625285752117634,0.011727935168892145,0.00044307057396508753,0.01279569324105978,0.011968371458351612,0.0004717906704172492,0.012050063349306583,0.012424699496477842,0.0005050859763287008
2000,0.08903299272060394,4.806833744049072,0.021203652024269104,0.00947205862030387,0.0004295778780942783,0.01777717610821128,0.009304521605372429,0.00045718246838077903,0.014945299830287695,0.010828645899891853,0.0004886502138106152
