step,stage,loss,grad_norm,lr_ssr,lr_heads,lr_backbone,base/k1/edge,base/k1/global,base/k1/local,refined/k1/edge,refined/k1/global,refined/k1/local,refined/k2/edge,refined/k2/global,refined/k2/local,refined/k3/edge,refined/k3/global,refined/k3/local,ssr_max_abs_log_depth_residual,ssr_max_depth_span
1,detached_warmup,0.2241385644301772,0.35899612307548523,2e-05,1e-06,0.0,0.0005816541888634674,0.026640994590707123,0.026344797341153026,0.0005816541888634674,0.026640994590707123,0.027977229678072035,0.0005816541888634674,0.026640994590707123,0.03040230425540358,0.0005816541888634674,0.026640994590707123,0.030523639055900276,0.0,709.0
2,detached_warmup,0.2560637313872576,0.6121200919151306,2e-05,1e-06,0.0,0.0005439276101242285,0.04342684370931238,0.01914729585405439,0.0005446492796181701,0.043425502750324085,0.017751817649696022,0.0005466023503686301,0.04342418917804025,0.021012805722421035,0.0005494602446560748,0.04342295802780427,0.022267678810749203,0.0007549948641099036,600.0
3,detached_warmup,0.20112827140837908,0.34990501403808594,2e-05,1e-06,0.0,0.0005623919496429153,0.02737546182470396,0.022104341886006296,0.0005632325737678912,0.027372404874768108,0.024306112085469067,0.000565525988349691,0.027369570219889283,0.02328364725690335,0.0005688440505764447,0.02736673306208104,0.01969000493409112,0.0005225586355663836,903.0
4,detached_warmup,0.2098785424605012,1.0234427452087402,2e-05,1e-06,0.0,0.0005624689474643674,0.03024167602416128,0.02263219910673797,0.0005635632551275194,0.030246136942878366,0.02075287397019565,0.00056639899048605,0.030250641284510493,0.021434027119539678,0.0005705382245650981,0.030255633406341076,0.021802385221235454,0.0006962766055949032,634.0
5,detached_warmup,0.18453503772616386,0.588043749332428,2e-05,1e-06,0.0,0.0005505420595000032,0.02424133848398924,0.021835441060829908,0.0005516577584785409,0.024240675731562078,0.019272750156233087,0.0005544274499698076,0.024240177124738693,0.021645241824444383,0.0005583035781455692,0.024239769554696977,0.02260471021872945,0.0007999880472198129,701.0
6,detached_warmup,0.19752400275319815,0.678308367729187,2e-05,1e-06,0.0,0.0005258083874650765,0.026328539475798607,0.02009955409448594,0.0005268528002488893,0.026325970131438226,0.02377098484430462,0.000529260010807775,0.02632362354779616,0.02276323758997023,0.0005324738995113876,0.026321309502236545,0.02347638685023412,0.0007749622454866767,565.0
7,detached_warmup,0.2732572425156832,0.8381419777870178,2e-05,1e-06,0.0,0.0007223886532301549,0.03204381471732631,0.04180303690372966,0.0007234487420646474,0.032039532670751214,0.029064698872389272,0.0007259679769049399,0.032035427109804004,0.031423804932273924,0.0007292704976862296,0.0320314850541763,0.039914370368933305,0.0012102015316486359,789.0
8,detached_warmup,0.158733069896698,0.8868589997291565,2e-05,1e-06,0.0,0.000576304901187541,0.021252462407574058,0.018397145555354655,0.0005785993780591525,0.021239501307718456,0.01779555290704593,0.000582975731958868,0.02122658456210047,0.017785184958484024,0.0005882021905563306,0.02121369622182101,0.017496855463832617,0.0011962502030655742,743.0
9,detached_warmup,0.3140594472642988,0.6434307098388672,2e-05,1e-06,0.0,0.000636617047348409,0.03827608303981833,0.03135576282511465,0.0006393339172063861,0.03826483810553327,0.05447044729953632,0.0006445072322094347,0.038254303159192204,0.04008956620236859,0.0006504892080556601,0.03824392409296706,0.03253357941866852,0.001397081883624196,490.0
10,detached_warmup,0.2134970696642995,0.7907389402389526,2e-05,1e-06,0.0,0.000580492996959947,0.028699186979793012,0.022094557178206742,0.0005840414632984903,0.028673667460680008,0.024697316344827414,0.0005902405537199229,0.028648696141317487,0.025052249373402447,0.0005970935235382058,0.028624437982216477,0.024655085580889136,0.001576259732246399,452.0
11,detached_warmup,0.18151376862078905,0.6471120119094849,2e-05,1e-06,0.0,0.0005471903568832204,0.02608816500287503,0.020675061270594597,0.0005536721837415826,0.026078496302943677,0.016972334153251722,0.0005636669120576698,0.026069324696436524,0.02067686087684706,0.0005736303246521857,0.026060870965011418,0.01665449538268149,0.0017313775606453419,495.0
12,detached_warmup,0.12168448651209474,0.8305473923683167,2e-05,1e-06,0.0,0.000494647854793584,0.01476458739489317,0.015133819135371596,0.000500011483381968,0.014777266536839306,0.01617779996013269,0.0005090079284855165,0.014790770830586553,0.01437178993364796,0.0005184955080039799,0.01480502390768379,0.014841267140582204,0.0018742845859378576,457.0
13,detached_warmup,0.1117161673028022,0.5464679598808289,2e-05,1e-06,0.0,0.0004666095810534898,0.013620496785733849,0.013754145620623603,0.00047381807235069573,0.013608992710942402,0.013867832807591185,0.00048468650493305176,0.013599223806522787,0.014105061709415168,0.0004950613147229888,0.013590527989435941,0.013649712142068893,0.0017613591626286507,691.0
14,detached_warmup,0.177714123390615,0.48316285014152527,2e-05,1e-06,0.0,0.0005617920978693292,0.02608725056052208,0.01742212742101401,0.0005659538874169812,0.0260868031764403,0.017018559738062322,0.0005728123942390084,0.026086841127835214,0.01742874039337039,0.0005799704231321812,0.026087345788255334,0.019215923501178622,0.0023849159479141235,578.0
15,detached_warmup,0.15184035478159785,0.6357383728027344,2e-05,1e-06,0.0,0.0006292844846029766,0.01910245220642537,0.01700530160451308,0.0006343758650473319,0.019076654221862555,0.019132595043629408,0.000641674967482686,0.01905131945386529,0.017111536057200283,0.0006486184029199649,0.019026533351279795,0.01978000672534108,0.0016518081538379192,501.0
16,detached_warmup,0.1858748449012637,0.48427316546440125,2e-05,1e-06,0.0,0.0005820442929689307,0.025826424243859947,0.019903971813619137,0.0005865055900358129,0.025816679117269814,0.021367835579439998,0.0005931912855885457,0.025807623518630862,0.018924690084531903,0.0005997037769702729,0.02579912089277059,0.02006705233361572,0.0018057359848171473,735.0
17,detached_warmup,0.18692277581430972,0.4577729105949402,2e-05,1e-06,0.0,0.0005441339599201456,0.025451179913943633,0.02153467875905335,0.0005485898618644569,0.025451051944401115,0.018828662927262485,0.0005545748099393677,0.02545202840701677,0.02067233037087135,0.0005605309488601051,0.025453798851231113,0.021871212346013635,0.0021051422227174044,576.0
18,detached_warmup,0.1328152238857001,0.6945605278015137,2e-05,1e-06,0.0,0.0004694001836469397,0.016307195968693122,0.015972127206623554,0.000474418826343026,0.016317397385137156,0.01672513983794488,0.00048132775555131957,0.016328095691278577,0.017175248969579116,0.0004881160566583276,0.016339103662176058,0.015737650595838204,0.001501861377619207,487.0
19,detached_warmup,0.3092698957771063,0.47584328055381775,2e-05,1e-06,0.0,0.0007698464251006953,0.03918567195069045,0.046030146069824696,0.0007724262904957868,0.03917927446309477,0.03213470766786486,0.0007761178530927282,0.039173660217784345,0.030421421630308032,0.0007800247949489858,0.039167906157672405,0.040878700267057866,0.0023111137561500072,882.0
20,detached_warmup,0.1821342594921589,0.7634176015853882,2e-05,1e-06,0.0,0.0005491495794558432,0.02293933497276157,0.023437056777765974,0.0005516090241144411,0.022952996951062232,0.023388172674458474,0.0005554703711823095,0.02296698885038495,0.01907463333918713,0.0005593225032498594,0.02298128214897588,0.022178243729285896,0.001495719887316227,690.0
21,detached_warmup,0.24756291136145592,0.6254183650016785,2e-05,1e-06,0.0,0.000716783179086633,0.03021818248089403,0.031549013569019735,0.0007185695722000673,0.03022956696804613,0.032499324646778405,0.0007210875555756502,0.03024202713277191,0.030790090677328408,0.0007235392404254526,0.030252822558395565,0.02890190004836768,0.0014706077054142952,805.0
22,detached_warmup,0.25329470075666904,0.36588576436042786,2e-05,1e-06,0.0,0.0005974756495561451,0.033787300693802536,0.03889596660155803,0.000598653012275463,0.033795954775996506,0.03995763836428523,0.0006005574978189543,0.033793374663218856,0.019345183740369976,0.0006025920520187356,0.03379679506178945,0.017523214570246637,0.0013863014755770564,574.0
23,detached_warmup,0.16284600924700499,0.3089451193809509,2e-05,1e-06,0.0,0.0004741191805806011,0.02322748300503008,0.018111215176759288,0.00047562268446199596,0.02322722741519101,0.016762520506745204,0.00047790450480533764,0.023227062891237438,0.016837327129906043,0.0004801636932825204,0.023227036057505757,0.016318326583132148,0.0009858794510364532,584.0
24,detached_warmup,0.20475768856704235,0.38511672616004944,2e-05,1e-06,0.0,0.0007031543136690743,0.026012119837105274,0.021033551078289747,0.0007041512508294545,0.026015021838247776,0.03537819656776264,0.0007056407921481878,0.026022788602858782,0.021949018235318363,0.0007071995023579802,0.0260200931224972,0.01950675150146708,0.0009874713141471148,591.0
25,detached_warmup,0.17474446794949472,0.46084916591644287,2e-05,1e-06,0.0,0.0005321853914210806,0.02515920516452752,0.014566960162483156,0.0005333675544534344,0.025160260818665847,0.014565787889296189,0.000535243256308604,0.025161411409499124,0.014159646845655516,0.0005370244434743654,0.025162625388475135,0.02867075419635512,0.0008423816179856658,591.0
26,detached_warmup,0.1779291946440935,0.49250850081443787,2e-05,1e-06,0.0,0.0006272611717577092,0.01956953771878034,0.024497602600604296,0.0006282858521444723,0.019570852746255696,0.0235073821968399,0.0006298936568782665,0.01957235170993954,0.02490872918860987,0.0006315371865639463,0.0195739155751653,0.024211843381635845,0.000767311779782176,498.0
27,detached_warmup,0.28975353576242924,0.45633259415626526,2e-05,1e-06,0.0,0.0007042165889288299,0.034985339967533946,0.04139153065625578,0.0007051165885059163,0.034985860576853156,0.04197387536987662,0.0007065200479701161,0.03498633368872106,0.02089007035829127,0.0007078554262989201,0.03498684731312096,0.04272996261715889,0.00115560507401824,723.0
28,detached_warmup,0.17058274149894714,0.31250131130218506,2e-05,1e-06,0.0,0.000551238077605376,0.023050392395816743,0.020372075960040092,0.000552316148969112,0.023049808223731816,0.018264761136379093,0.0005540167876461055,0.023049172130413353,0.02019291912438348,0.0005557123477046844,0.023048591800034046,0.017341736529488117,0.0009094335837289691,724.0
29,detached_warmup,0.15921720769256353,0.5150556564331055,2e-05,1e-06,0.0,0.000541613557288656,0.02257020166143775,0.0164227417553775,0.0005424604460131377,0.0225683301105164,0.015743987751193345,0.0005436015417217277,0.02256634965306148,0.01762220950331539,0.0005447113617265131,0.0225642571458593,0.016986741742584854,0.0009768750751391053,473.0
30,detached_warmup,0.18759261164814234,0.4792490005493164,2e-05,1e-06,0.0,0.000562803430511849,0.028364216326735914,0.018472931813448668,0.0005637459271383705,0.028364666970446706,0.01878638530615717,0.0005649554532283219,0.028365187696181238,0.018559042538981885,0.0005661074064846616,0.02836567210033536,0.016056892462074757,0.0010484501253813505,624.0
31,detached_warmup,0.16694271843880415,0.2789560556411743,2e-05,1e-06,0.0,0.0006261452545004431,0.022590111824683845,0.018146726361010224,0.0006267286298680119,0.022588919615373015,0.019959024037234485,0.0006276320818869863,0.02258775260997936,0.018175571924075484,0.0006285464478423819,0.022586633334867656,0.017798923538066447,0.0011855732882395387,549.0
32,detached_warmup,0.2045936957001686,0.4024414122104645,2e-05,1e-06,0.0,0.000634677468042355,0.02900840644724667,0.02135282155359164,0.0006352806522045285,0.0290087906178087,0.02174042782280594,0.0006361217092489824,0.029009219841100276,0.021755273919552565,0.0006368984977598302,0.029009830206632614,0.02116595150437206,0.0010214245412498713,687.0
33,detached_warmup,0.19079553615301847,0.2732405960559845,2e-05,1e-06,0.0,0.0005839955192641355,0.025117778684943914,0.02127258270047605,0.0005846295534865931,0.025114899151958525,0.025326643837615848,0.0005855030976817943,0.025111996452324092,0.021568016847595572,0.0005862807083758526,0.025109172333031893,0.01983403949998319,0.0011929775355383754,687.0
34,detached_warmup,0.171085738344118,0.5099607110023499,2e-05,1e-06,0.0,0.0005762918481195811,0.021136263996595517,0.02111224294640124,0.0005772708391305059,0.021137481002369896,0.021905708039412275,0.0005785594221379142,0.021138845244422555,0.020435260114027187,0.0005796943405584898,0.021140191616723314,0.020767931477166712,0.0010143195977434516,468.0
35,detached_warmup,0.19434869661927223,0.33450472354888916,2e-05,1e-06,0.0,0.0005493556309374981,0.028750717407092452,0.019630700815469027,0.0005500580664374866,0.028750574099831283,0.017364826635457575,0.0005510560768016148,0.028750556171871722,0.021093567891512066,0.0005519522783288267,0.028750549419783056,0.019054791249800473,0.0011140205897390842,514.0
36,detached_warmup,0.19348333915695548,0.430794894695282,2e-05,1e-06,0.0,0.0005499384533322882,0.026405536977108568,0.016667260555550456,0.0005507408823177684,0.026406165794469416,0.02756121414131485,0.00055170612904476,0.026407017197925597,0.02748751634499058,0.0005525524939002935,0.02640826691640541,0.013935424125520512,0.0011345332022756338,532.0
37,detached_warmup,0.2633968433365226,0.5059746503829956,2e-05,1e-06,0.0,0.0006947294277779292,0.03667908941861242,0.030008679896127433,0.0006953389784030151,0.036674592294730246,0.027902766596525908,0.0006961231629247777,0.03667008050251752,0.028419520240277052,0.0006967849985812791,0.036665596999228,0.02759354218142107,0.001214626245200634,803.0
38,detached_warmup,0.23276767320930958,0.45712992548942566,2e-05,1e-06,0.0,0.0005783370579592884,0.02794592871214263,0.02926745091099292,0.0005794129028799944,0.027944649948040023,0.029921587731223553,0.0005805917207908351,0.027943346358370036,0.02943910242174752,0.0005816215088998433,0.027942109300056472,0.030043539736652747,0.0013383351033553481,783.0
39,detached_warmup,0.224672244861722,0.5462604761123657,2e-05,1e-06,0.0,0.0005576810344791738,0.03261955035850406,0.023454270442016423,0.0005586184415733442,0.03262027690652758,0.023571874538902193,0.0005600161093752831,0.03262113139498979,0.021830697543919086,0.0005610916596197058,0.03262198681477457,0.023095051001291722,0.0012810967164114118,553.0
40,detached_warmup,0.23488666769117117,0.7466650009155273,2e-05,1e-06,0.0,0.0006940901803318411,0.031275365385226905,0.027781340410001576,0.0006945321511011571,0.03126785869244486,0.02723056811373681,0.0006951539799047168,0.03126066678669304,0.025611983612179756,0.0006956618053663988,0.031253066030330956,0.02642637607641518,0.001535981660708785,590.0
41,detached_warmup,0.22702022548764944,0.28351670503616333,2e-05,1e-06,0.0,0.0006504493285319768,0.031836681184358895,0.02517718868330121,0.0006511443789349869,0.03183411678764969,0.02490347600542009,0.0006520160168292932,0.03183138556778431,0.02522237249650061,0.0006527823643409647,0.03182915365323424,0.02177945664152503,0.0013615393545478582,530.0
42,detached_warmup,0.26353595592081547,0.43103402853012085,2e-05,1e-06,0.0,0.0006599442058359273,0.03364820091519505,0.03585590119473636,0.0006611916433030274,0.03364429227076471,0.02715405751951039,0.0006627360926358961,0.03364020097069442,0.02600829250877723,0.0006639189923589583,0.033636496285907924,0.03730072872713208,0.0018241028301417828,783.0
43,detached_warmup,0.32151102274656296,0.626003086566925,2e-05,1e-06,0.0,0.0007769959483994171,0.042221593437716365,0.02920906594954431,0.0007781712192809209,0.04222119506448507,0.03858916915487498,0.000779537767812144,0.04221859388053417,0.05269871687050909,0.0007807119109202176,0.042216796427965164,0.029020473244599998,0.0020826617255806923,783.0
44,detached_warmup,0.14487837441265583,0.42614999413490295,2e-05,1e-06,0.0,0.0004900163621641695,0.019453488290309906,0.016613617190159857,0.0004916408397548366,0.019451507716439664,0.01597584818955511,0.0004935726938128937,0.019450184307061136,0.016628883371595293,0.0004952712006343063,0.019449403858743608,0.015884940628893673,0.0017823462840169668,584.0
45,detached_warmup,0.14947371883317828,0.3454624116420746,2e-05,1e-06,0.0,0.0005062820728198858,0.023319406318478286,0.01332527695922181,0.0005094970765640028,0.023315549362450838,0.013497429143171757,0.0005127979056851473,0.02331186947412789,0.013753110426478088,0.0005150054421392269,0.023308506701141596,0.01359899138333276,0.0018863892182707787,589.0
46,detached_warmup,0.29655642062425613,0.33572494983673096,2e-05,1e-06,0.0,0.0006942552863620222,0.043790765572339296,0.02511299424804747,0.0006962209554330911,0.04379215696826577,0.04726749309338629,0.0006982720660744235,0.04379380261525512,0.02471054159104824,0.0006997555610723794,0.04379607061855495,0.021504082717001438,0.0021379219833761454,731.0
47,detached_warmup,0.13681297656148672,0.3403261601924896,2e-05,1e-06,0.0,0.000535497056262102,0.017070768342819065,0.018114202481228858,0.0005385032491176389,0.017065416905097663,0.014065479976125062,0.0005414088227553293,0.0170606846222654,0.01711590914055705,0.0005432898360595573,0.017056769516784698,0.017105047998484224,0.0019373861141502857,546.0
48,detached_warmup,0.2198868680279702,0.3815392255783081,2e-05,1e-06,0.0,0.000543698864930775,0.032126494363183156,0.02174231337266974,0.0005468942545121536,0.03212532345787622,0.02282374960486777,0.0005496373123605736,0.032124607590958476,0.021376913093263283,0.000551741431991104,0.03212412563152611,0.023251368576893583,0.0023868088610470295,800.0
49,detached_warmup,0.15723166801035404,0.5457210540771484,2e-05,1e-06,0.0,0.0005743868823628873,0.020805774140171707,0.01887889252975583,0.0005781414110970218,0.020812277507502586,0.01728446874767542,0.0005814093274238985,0.020819308294449,0.020039361552335322,0.0005834545409015846,0.020826298277825117,0.015447894169483334,0.0022964493837207556,513.0
50,detached_warmup,0.1776090795174241,0.49140411615371704,2e-05,1e-06,0.0,0.0005284907638269942,0.022503373911604285,0.02102031244430691,0.0005302141398715321,0.02248872141353786,0.021385759231634438,0.0005320401360222604,0.022474537137895823,0.02048415318131447,0.0005335888854460791,0.022461188375018537,0.022666702687274665,0.0021371531765908003,731.0
51,detached_warmup,0.22701174207031727,0.7646970152854919,2e-05,1e-06,0.0,0.000655924501188565,0.03228252299595624,0.02573602565098554,0.0006578527718374971,0.03229714336339384,0.024278053897432983,0.0006595958511752542,0.032312076655216515,0.023822051123715937,0.0006608193289139308,0.03232756280340254,0.021322112646885216,0.00216285465285182,582.0
52,detached_warmup,0.1920750280842185,0.915045440196991,2e-05,1e-06,0.0,0.0005604212856269442,0.02360810211393982,0.02390115603338927,0.0005621094242087565,0.02362389850895852,0.023876188264694065,0.0005637446956825443,0.02364008198492229,0.0234552453039214,0.0005648391233989969,0.0236565814120695,0.02406265976605937,0.0021540592424571514,799.0
53,detached_warmup,0.1890028603374958,0.3878042697906494,2e-05,1e-06,0.0,0.0005806157714687288,0.026223382679745555,0.02047173131722957,0.0005823359970236197,0.026215074583888054,0.020709502627141774,0.0005840420417371206,0.026207157410681248,0.020418020547367632,0.0005853424736415036,0.02619994175620377,0.02022570895496756,0.0019698000978678465,528.0
54,detached_warmup,0.2338862642645836,0.3558500111103058,2e-05,1e-06,0.0,0.0005894364730920643,0.03511281148530543,0.020424852147698402,0.0005908945095143281,0.03510524600278586,0.03666748624527827,0.0005923980643274263,0.035097943036817014,0.015323271742090583,0.0005934055952820927,0.035090960445813835,0.018697555758990347,0.0017128689214587212,732.0
55,detached_warmup,0.1283371513709426,0.6425243020057678,2e-05,1e-06,0.0,0.00045783222412865143,0.015759693516884,0.016301102645229548,0.00045927373867016286,0.01574837655061856,0.01653479941887781,0.0004604965724865906,0.015737292414996773,0.01641410047886893,0.000461392461147625,0.015726463228929788,0.014276326051913202,0.0018009296618402004,683.0
56,detached_warmup,0.17827871348708868,0.6571148037910461,2e-05,1e-06,0.0,0.0006189575069583952,0.023189076920971274,0.022761003812775016,0.0006199893177836202,0.023195776739157736,0.021219904301688075,0.0006210185165400617,0.02320235758088529,0.021302870009094477,0.0006216158872121014,0.02320931595750153,0.01771682593971491,0.001734481775201857,513.0
57,detached_warmup,0.23785558808594942,0.40061521530151367,2e-05,1e-06,0.0,0.000576153710426297,0.034425180521793664,0.02340643951902166,0.0005769508243247401,0.03441956581082195,0.027198556752409786,0.0005778098311566282,0.03441415284760296,0.0252786953933537,0.0005783555534435436,0.03440890775527805,0.021994820970576257,0.001706147100776434,733.0
58,detached_warmup,0.281062901718542,0.4801880717277527,2e-05,1e-06,0.0,0.0006853946288174484,0.035417747421888635,0.041466775961453095,0.0006866795738460496,0.03540954747586511,0.04632667277473956,0.0006878478779981378,0.035401550732785836,0.02358232351252809,0.0006886566188768484,0.03539370893849991,0.02531599489157088,0.0017420011572539806,528.0
59,detached_warmup,0.1648686770349741,0.3982169032096863,2e-05,1e-06,0.0,0.0006000244356982876,0.020761089399456978,0.02142985549289733,0.0006013533893565182,0.020754585857503116,0.019190224935300648,0.0006025268667144701,0.020748218521475792,0.01929375799954869,0.000603278760536341,0.02074213937157765,0.019541617715731263,0.0017687245272099972,486.0
60,detached_warmup,0.10117859952151775,0.8418469429016113,2e-05,1e-06,0.0,0.00040842871749191545,0.012849130376707762,0.012391973577905446,0.00041012680958374403,0.012858605128712952,0.01145843230187893,0.00041159857573802583,0.012867397454101592,0.011639893287792802,0.0004125548839510884,0.012877406261395663,0.012593051622388884,0.0019031122792512178,569.0
61,detached_warmup,0.14287814870476723,0.4733840227127075,2e-05,1e-06,0.0,0.0005189701041672379,0.019338935613632202,0.016947437194176018,0.0005198981634748634,0.01933230960275978,0.014804387814365327,0.0005207544818404131,0.01932590513024479,0.01628443133085966,0.0005215192541072611,0.019319941522553563,0.01544365705922246,0.0018814844079315662,587.0
62,detached_warmup,0.1519558085128665,0.5278159976005554,2e-05,1e-06,0.0,0.0005363887357816566,0.018884583027102053,0.021320016821846366,0.0005375864311645273,0.018886417034082115,0.018659738881979138,0.00053855859732721,0.01888844626955688,0.01564013829920441,0.0005393112587626092,0.01889079948887229,0.018633819418027997,0.0016532741719856858,699.0
63,detached_warmup,0.2087053048890084,0.4241590201854706,2e-05,1e-06,0.0,0.0006496582464023959,0.02871960453921929,0.02294737263582647,0.0006510080092994031,0.028726461867336184,0.022260176861891523,0.000652169906970812,0.028733239974826574,0.022772404714487493,0.0006529226520797238,0.028740327747073025,0.023199958814075217,0.0016976090846583247,619.0
64,detached_warmup,0.2081166049465537,0.6711840033531189,2e-05,1e-06,0.0,0.000645849657303188,0.024013300193473697,0.02725149120669812,0.0006468325700552668,0.02400525356642902,0.02764855115674436,0.0006475727059296332,0.023997416370548308,0.026471716351807117,0.0006481900709331967,0.023989264969713986,0.028151162317954004,0.0018336176872253418,683.0
65,detached_warmup,0.19878008123487234,0.4650231599807739,2e-05,1e-06,0.0,0.0005945984848949593,0.028617251751711592,0.020592241955455393,0.0005959302216069773,0.028610384120838717,0.020310497609898448,0.0005970477359369397,0.028604854858713225,0.020141047309152782,0.0005978400295134634,0.028599410376045853,0.02091897718491964,0.001799827441573143,733.0
66,detached_warmup,0.18365666456520557,0.6249246597290039,2e-05,1e-06,0.0,0.0005740582782891579,0.022287799161858857,0.02168323175283149,0.000574696809053421,0.02229771518614143,0.023623961373232305,0.0005752676734118722,0.02230785263236612,0.02189439837820828,0.0005756404134444892,0.02231783978641033,0.024944200413301587,0.001833440037444234,587.0
67,detached_warmup,0.17015337478369474,0.3904810845851898,2e-05,1e-06,0.0,0.0005481460248120129,0.023222449817694724,0.017445905599743128,0.0005491871379490476,0.0232252940768376,0.02089391800109297,0.0005500979023054242,0.023228467674925923,0.019862406770698726,0.0005507083878910635,0.023231989005580544,0.01684480148833245,0.0019741926807910204,725.0
68,detached_warmup,0.21277844905853271,0.3779703676700592,2e-05,1e-06,0.0,0.0005753413061029278,0.028484396170824766,0.022799181228037924,0.0005760315980296582,0.028479742701165378,0.02330584987066686,0.000576676226046402,0.028475296101532876,0.022503488522488624,0.0005771883370471187,0.02847109059803188,0.027954166289418936,0.002009008778259158,852.0
69,detached_warmup,0.23158180247992277,0.4272685945034027,2e-05,1e-06,0.0,0.0007071793152135797,0.029822888900525868,0.02752685034647584,0.000708055384166073,0.029825913137756288,0.023597020539455116,0.0007087187623255886,0.029828932601958513,0.026003247126936913,0.0007090263607096858,0.029832324478775263,0.03231164196040481,0.0018821293488144875,853.0
70,detached_warmup,0.1529644848778844,0.47631630301475525,2e-05,1e-06,0.0,0.00047419194015674293,0.023156989947892725,0.014277802722062916,0.0004757400165544823,0.023146174586145207,0.014163821819238365,0.00047687890037195757,0.023135652183555067,0.01371235930128023,0.0004777032263518777,0.023125512758269906,0.016341658716555685,0.001775588607415557,619.0
71,detached_warmup,0.15593856712803245,0.3706750273704529,2e-05,1e-06,0.0,0.0005260818797978573,0.020384549163281918,0.018089510325808078,0.0005267459928290918,0.02038223948329687,0.01646231405902654,0.000527267297002254,0.02038001350592822,0.019508537254296243,0.0005275601397443097,0.020378151908516884,0.01824559405213222,0.0020036492496728897,570.0
72,detached_warmup,0.23230263125151396,0.4971494972705841,2e-05,1e-06,0.0,0.0006297449726844206,0.03291109262499958,0.021150983404368162,0.0006308040356088895,0.03291160787921399,0.021152012865059078,0.0006316219441941939,0.032907324843108654,0.03514296200592071,0.0006319977364910301,0.03291027550585568,0.020692204125225544,0.002044189255684614,800.0
73,detached_warmup,0.18390771094709635,0.4054478704929352,2e-05,1e-06,0.0,0.0005148453965375666,0.023625019181054085,0.019836705352645367,0.000515951123816194,0.023627875256352127,0.025384977227076888,0.0005168294010218233,0.02363096916815266,0.02272708638338372,0.0005173508398002014,0.023634363955352455,0.019375740608666092,0.002101926365867257,854.0
74,detached_warmup,0.16276562586426735,0.7387553453445435,2e-05,1e-06,0.0,0.0005415116429503541,0.02072741207666695,0.018170101393479854,0.0005424979026429355,0.020733265904709697,0.019665539730340242,0.0005431621284515131,0.020739315659739077,0.02001878304872662,0.0005434994272945914,0.020745711983181536,0.019794823019765317,0.0019461431074887514,701.0
75,detached_warmup,0.13301915489137173,0.3335936963558197,2e-05,1e-06,0.0,0.000616435005213134,0.0156539537711069,0.016500246012583375,0.0006176947426865809,0.015655513969250023,0.017014861456118524,0.0006186484170029871,0.015657343319617212,0.01662297797156498,0.0006191343309183139,0.015659420052543283,0.017782924638595432,0.0018381206318736076,552.0
76,detached_warmup,0.20159993506968021,0.3868858814239502,2e-05,1e-06,0.0,0.0005736248822358903,0.023939629667438567,0.03009201676468365,0.0005755338206654415,0.023940582934301347,0.029388148861471564,0.0005768853625340853,0.02394169513718225,0.02896006769151427,0.0005776090947620105,0.023943997250171378,0.015090137778315693,0.0018217023462057114,545.0
77,detached_warmup,0.1634499980136752,0.49562984704971313,2e-05,1e-06,0.0,0.0005628205253742635,0.023102942388504744,0.01704407436773181,0.0005641543539240956,0.023101386846974492,0.016895767010282725,0.0005650642451655585,0.023099311627447605,0.017036167322658002,0.000565349491807865,0.023097736528143287,0.01781522377859801,0.0018209151457995176,619.0
78,detached_warmup,0.2588051501661539,0.24513186514377594,2e-05,1e-06,0.0,0.0006569420147570781,0.029200168908573687,0.03792041924316436,0.0006576070554729085,0.029195242328569293,0.025416958727873862,0.0006580576882697642,0.029194307164289057,0.03711456654127687,0.000658222892525373,0.029195681447163224,0.03893697925377637,0.0017471940955147147,683.0
79,detached_warmup,0.16900204308331013,0.643109142780304,2e-05,1e-06,0.0,0.0005159766369615681,0.021712859976105392,0.01800957159139216,0.0005170627955521923,0.02170643419958651,0.02053983137011528,0.0005178713981877081,0.021700010169297457,0.02067853370681405,0.0005181681917747483,0.021693755174055696,0.020891967171337456,0.0019296242389827967,553.0
80,detached_warmup,0.14772432413883507,0.4795435965061188,2e-05,1e-06,0.0,0.0005822457314934582,0.018611948587931693,0.018043508171103895,0.0005835074698552489,0.018612556654261425,0.016208074637688696,0.0005843536964675877,0.018613297550473362,0.01818978280061856,0.0005848941291333176,0.018613989726873115,0.01849616115214303,0.0017820216016843915,529.0
81,detached_warmup,0.2607257980853319,0.4186108410358429,2e-05,1e-06,0.0,0.0005758120532846078,0.032811084180139005,0.031978648563381284,0.0005768720075138845,0.032811072771437466,0.017335194861516356,0.0005776653124485165,0.03281116543803364,0.03188099415274337,0.0005781772997579537,0.03281236521434039,0.045976746478118,0.0020393107552081347,699.0
82,detached_warmup,0.1786644645035267,0.44663330912590027,2e-05,1e-06,0.0,0.0005279229189909529,0.02281335328007117,0.020349342783447355,0.000529329881828744,0.02281018963549286,0.02321934816427529,0.0005303433899825905,0.022806965105701238,0.019198445370420814,0.0005307793944666628,0.02280383271863684,0.022544613282661885,0.0019467496313154697,799.0
83,detached_warmup,0.20887577789835632,0.3227618932723999,2e-05,1e-06,0.0,0.0005588519416050985,0.025652985234046355,0.021335585362976417,0.0005602436940534972,0.02565234774374403,0.031586248718667775,0.0005611778724414762,0.02565183222759515,0.020558986579999328,0.0005617739370791242,0.025651330826804042,0.030544417328201234,0.0020618955604732037,780.0
84,detached_warmup,0.2468361472710967,0.3032263517379761,2e-05,1e-06,0.0,0.000657124852295965,0.02850901009514928,0.025621605687774718,0.0006581805901078042,0.028506157803349197,0.03464131976943463,0.0006589021286345087,0.028504851856268942,0.03503461490618065,0.0006593400030396879,0.028503488865680993,0.03488154849037528,0.0022104266099631786,799.0
85,detached_warmup,0.17099662497639656,0.38502442836761475,2e-05,1e-06,0.0,0.0005901481126784347,0.0232441492844373,0.018860354204662144,0.0005911471525905654,0.023243008297868073,0.0175770276109688,0.0005917405251238961,0.023241806658916175,0.019989232532680035,0.0005919547620578669,0.02324072632472962,0.019235328654758632,0.0019958801567554474,496.0
86,detached_warmup,0.21403034823015332,0.2827582359313965,2e-05,1e-06,0.0,0.000548422376596136,0.026857359684072435,0.03431506728520617,0.0005497823331097607,0.026856305543333292,0.02066266193287447,0.000550748263776768,0.026854096562601626,0.01752782688708976,0.0005511271301656961,0.026852841023355722,0.03190411621471867,0.002093801274895668,570.0
87,detached_warmup,0.1996004143729806,0.4345705211162567,2e-05,1e-06,0.0,0.000551245357200969,0.023244416865054518,0.025133202376309782,0.0005531230635824613,0.023241739836521447,0.026681911112973467,0.0005544249288504943,0.023239498841576278,0.02696122054476291,0.000555093076400226,0.02323725970927626,0.025647272064816207,0.0021685585379600525,849.0
88,detached_warmup,0.17945429310202599,0.2801175117492676,2e-05,1e-06,0.0,0.0005071449304523412,0.025353674194775522,0.019645519845653325,0.0005086154487798922,0.025353170407470316,0.019799981964752078,0.0005096674685773905,0.025352711090818048,0.020414046535734087,0.000510134530486539,0.0253523028222844,0.01614732132293284,0.002162287477403879,619.0
89,detached_warmup,0.19591273833066225,0.4343520402908325,2e-05,1e-06,0.0,0.0005924958077230258,0.02279559220187366,0.02252964407671243,0.0005937224959779996,0.022795684286393225,0.02644707914441824,0.0005944105287198909,0.022795786848291755,0.02629272936610505,0.0005944826334598474,0.02279600058682263,0.027085107285529375,0.0022317240945994854,848.0
90,detached_warmup,0.34555992949754,0.3915010988712311,2e-05,1e-06,0.0,0.0007538403842772823,0.052350141981150955,0.023650966642890126,0.000754844459152082,0.052348369325045496,0.04296792717650533,0.0007554639596492052,0.05234663333976641,0.042655481840483844,0.0007557989192719106,0.05234498216304928,0.02387548249680549,0.0021308432333171368,724.0
91,detached_warmup,0.18103519454598427,0.35722288489341736,2e-05,1e-06,0.0,0.0006141886860859813,0.022673984029097483,0.023095622833352536,0.000615416432992788,0.02267206783290021,0.01975979737471789,0.0006162654317449778,0.022670032340101898,0.02444362815003842,0.0006166860293888021,0.022668463148875162,0.020589038060279563,0.002175112022086978,458.0
92,detached_warmup,0.20300012547522783,0.4066237509250641,2e-05,1e-06,0.0,0.000678513511957135,0.026014792383648455,0.03493255760986358,0.0006790542720409576,0.026013353723101318,0.02062405226752162,0.0006793717693653889,0.026012400281615555,0.021028654649853706,0.0006794726286898367,0.02601075964048505,0.019647144130431116,0.0021550077944993973,545.0
93,detached_warmup,0.19067438622005284,0.5632492899894714,2e-05,1e-06,0.0,0.0006052987700968515,0.021973463241010904,0.025145824998617172,0.0006066500718588941,0.021970027562929317,0.025126457738224417,0.0006075773781049065,0.021966655243886635,0.02514752434217371,0.0006080770326661877,0.02196328988065943,0.02495354352868162,0.002416173228994012,398.0
94,detached_warmup,0.22153151221573353,0.4740126132965088,2e-05,1e-06,0.0,0.0006042935892764945,0.026853617164306343,0.02901243991800584,0.0006050782831152901,0.026852970710024238,0.028385399928083643,0.000605618923145812,0.026852544862776995,0.027649918949464336,0.0006058669969206676,0.026852108479943126,0.02665164726204239,0.0022451085969805717,799.0
95,detached_warmup,0.24780921638011932,0.42681068181991577,2e-05,1e-06,0.0,0.0005667186451319139,0.030846977548208088,0.03544104436878115,0.0005675090760632884,0.030844155233353376,0.020503986859694123,0.0005680912072421052,0.030841204163152725,0.03325889603001997,0.00056840988327167,0.030830806063022465,0.032971422537229955,0.0026062349788844585,698.0
96,detached_warmup,0.1354141477495432,0.2920266389846802,2e-05,1e-06,0.0,0.0005288126703817397,0.01609684736467898,0.01766388234682381,0.0005297872849041596,0.01609468215610832,0.017053051735274494,0.0005300266348058358,0.01609152217861265,0.017080661084037274,0.0005300377051753458,0.01608939573634416,0.01712544576730579,0.0023475950583815575,484.0
97,detached_warmup,0.22155606374144554,0.3118755519390106,2e-05,1e-06,0.0,0.0006076859608583618,0.026960867282468826,0.029276844463311136,0.0006088441223255359,0.026957736641634256,0.028260826249606907,0.0006094087984820362,0.0269552351674065,0.026647772057913244,0.0006097367804613896,0.026953016291372478,0.027108089299872518,0.0026482753455638885,799.0
98,detached_warmup,0.15014590322971344,0.4587782919406891,2e-05,1e-06,0.0,0.0004999600605515298,0.019307791953906417,0.018103238311596215,0.0005027156512369402,0.019298847910249606,0.018244767823489383,0.0005045079451519996,0.019286586437374353,0.017137666669441387,0.0005056966474512592,0.01927666610572487,0.017477456509368494,0.002640813123434782,488.0
99,detached_warmup,0.19035868905484676,0.3423443138599396,2e-05,1e-06,0.0,0.0006068870970921125,0.02662939322181046,0.02130705351009965,0.0006086537359806243,0.026629037223756313,0.018097342282999307,0.0006097211880842224,0.026629036176018417,0.019218703731894493,0.0006106480868766084,0.02662914351094514,0.022783067834097892,0.0027444055303931236,620.0
100,detached_warmup,0.222223368473351,0.2789169251918793,2e-05,1e-06,0.0,0.0006142396523500793,0.0349141372134909,0.023061387124471366,0.0006175933667691424,0.034913538955152035,0.020748972427099943,0.0006194309862621594,0.03491333359852433,0.016739960992708802,0.0006208492632140405,0.03491353988647461,0.019546380965039134,0.0029649564530700445,483.0
101,detached_warmup,0.21240046992897987,0.3097419738769531,2e-05,1e-06,0.0,0.000552127505216049,0.026097855996340513,0.015649459906853735,0.0005543351944652386,0.026090906001627445,0.037529101071413606,0.0005556991745834239,0.02608448197133839,0.014479625504463911,0.0005569694585574325,0.026080828276462853,0.0381690877256915,0.0029245621990412474,546.0
102,detached_warmup,0.22101434785872698,0.5294697284698486,2e-05,1e-06,0.0,0.0005865513667231426,0.02769756453926675,0.02929903773474507,0.0005902918346691877,0.027685953915352002,0.028663226024946198,0.0005928319369559176,0.027674865239532664,0.025185212056385353,0.0005948273064859677,0.027664279652526602,0.024779703264357522,0.002915565390139818,848.0
103,detached_warmup,0.18801420368254185,0.392543226480484,2e-05,1e-06,0.0,0.0006577672211278696,0.021014873287640512,0.02609376813052222,0.0006603851506952196,0.021020326879806817,0.026077240880113095,0.0006620091371587478,0.02102667058352381,0.025666385074146092,0.0006632898221141659,0.0210344516672194,0.023437037656549364,0.003176768310368061,582.0
104,detached_warmup,0.16643987107090652,0.4605841636657715,2e-05,1e-06,0.0,0.0005728989563067444,0.01835218127234839,0.02236347459256649,0.0005766037538705859,0.018351947044720873,0.02260886988369748,0.000578776187467156,0.018352257320657372,0.023423479811754078,0.0005807272827951238,0.0183534755196888,0.02232518227538094,0.0031129014678299427,398.0
105,detached_warmup,0.15826686890795827,0.5067303776741028,2e-05,1e-06,0.0,0.000599829334532842,0.018531946931034327,0.018586083548143506,0.000603805085120257,0.018514026945922524,0.02108674668124877,0.0006060122832423076,0.01849712326657027,0.02112214293447323,0.0006077982943679672,0.018480784841813147,0.02103057346539572,0.003575537819415331,554.0
106,detached_warmup,0.16674235742539167,0.46175462007522583,2e-05,1e-06,0.0,0.0005680223184754141,0.02445304556749761,0.016254378424491733,0.000571636719541857,0.024439154658466578,0.017665564315393567,0.000573615099710878,0.02442601672373712,0.017522250942420214,0.0005758889092248864,0.024413307080976665,0.015279477403964847,0.003680205438286066,492.0
107,detached_warmup,0.17992959171533585,0.43801066279411316,2e-05,1e-06,0.0,0.0006223268865142018,0.021850652527064085,0.022832524962723255,0.000624202086328296,0.021840168861672282,0.022972505539655685,0.0006255797197809443,0.021830923855304718,0.022806903638411313,0.0006270363228395581,0.021821997594088316,0.02147477155085653,0.003947687800973654,729.0
108,detached_warmup,0.19144229590892792,0.29085153341293335,2e-05,1e-06,0.0,0.0005085122174932621,0.027966347173787653,0.02023118728538975,0.0005127459808136337,0.027957065496593714,0.020623794640414417,0.0005153455094841775,0.02794879989232868,0.017935894487891346,0.0005184092806302942,0.027941987034864724,0.01878220069920644,0.003674089442938566,620.0
109,detached_warmup,0.2499575326219201,0.5516583919525146,2e-05,1e-06,0.0,0.0006592853533220477,0.034357549622654915,0.022884953184984624,0.0006635684912907891,0.03436643606983125,0.043087308877147734,0.0006661191728198901,0.03437592298723757,0.021718371659517288,0.0006682571947749238,0.03438572387676686,0.022124034934677184,0.003956549800932407,798.0
110,detached_warmup,0.2779350485652685,0.5155633091926575,2e-05,1e-06,0.0,0.0007313565001823008,0.04120932566002011,0.03507261222694069,0.0007349492807406932,0.04122820193879306,0.023532288148999214,0.0007375675777439028,0.04124867240898311,0.025847647804766893,0.000740054681955371,0.04126878431998193,0.025583585374988616,0.004747042432427406,782.0
111,detached_warmup,0.2020648429170251,0.4437670111656189,2e-05,1e-06,0.0,0.0005692072081728838,0.026779812411405146,0.020606342470273376,0.0005727296083932742,0.026775669655762613,0.022779090679250658,0.0005741451350331772,0.02677436312660575,0.024756521452218294,0.0005766104768554214,0.026771456003189087,0.024528885609470308,0.003586976323276758,866.0
112,detached_warmup,0.18310912093147635,0.3809574544429779,2e-05,1e-06,0.0,0.0005483897220983636,0.025299941771663725,0.021396963682491332,0.0005521949315152597,0.025296170846559107,0.021079975413158536,0.0005544454616028816,0.025293808430433273,0.018492391682229936,0.000556905764824478,0.02529234578832984,0.01874558813869953,0.003608370665460825,480.0
113,detached_warmup,0.15507476218044758,0.2957994043827057,2e-05,1e-06,0.0,0.0006172343237267341,0.020795407035620883,0.017489519872469828,0.0006207507030921988,0.020783073967322707,0.01711265026824549,0.0006228973652468994,0.020771577954292297,0.01741404106724076,0.0006246686971280724,0.02076105825835839,0.01746188459219411,0.003629314713180065,684.0
114,detached_warmup,0.20727530401200056,0.47257494926452637,2e-05,1e-06,0.0,0.0006161219062050804,0.028880706522613764,0.022521576029248536,0.0006198733462952077,0.02888726710807532,0.02234609518200159,0.0006219060742296278,0.0288947313092649,0.021110448287799954,0.0006237561974558048,0.028902922058477998,0.02324990031775087,0.0036093932576477528,423.0
115,detached_warmup,0.11466535762883723,0.30330145359039307,2e-05,1e-06,0.0,0.0005742309876950458,0.014364387490786612,0.014294205757323653,0.0005786453220935073,0.01435516361379996,0.01259991675033234,0.0005815359945700038,0.014345986681291834,0.013605034910142422,0.0005843563703820109,0.014338215260067955,0.014443675259826705,0.003763876622542739,572.0
116,detached_warmup,0.17707676999270916,0.3147994875907898,2e-05,1e-06,0.0,0.0006325267931970302,0.022932146792300045,0.020144716021604836,0.0006348341630655341,0.02293312270194292,0.020357618224807084,0.0006360583865898661,0.02293419628404081,0.019813809311017394,0.0006374126460286789,0.022935606306418777,0.022484726272523403,0.003272273577749729,731.0
117,detached_warmup,0.10523671074770391,0.2618426978588104,2e-05,1e-06,0.0,0.00048336570944229607,0.012600358080817387,0.013184987910790369,0.0004888673502136953,0.012588925717864186,0.013340280565898865,0.0004924671156913973,0.012578576541272923,0.013490854384144768,0.0004951351074851118,0.012569140642881393,0.012923752597998828,0.003186311572790146,698.0
118,detached_warmup,0.23905914276838303,0.5916981101036072,2e-05,1e-06,0.0,0.0006425498286262155,0.03533691307529807,0.023025316768325865,0.0006450375585700385,0.03532890533097088,0.022665915836114436,0.0006465831756941043,0.03532107756473124,0.024703332455828786,0.0006483890865638386,0.03531391348224133,0.024781205458566546,0.003422921057790518,493.0
119,detached_warmup,0.2085222494788468,0.4705536365509033,2e-05,1e-06,0.0,0.0005222640611464158,0.03243961377302185,0.029947991744847968,0.000525061615917366,0.03243983621359803,0.015771559556014836,0.0005264857718429994,0.03243696675053798,0.016932284139329568,0.0005284908220346551,0.03243789862608537,0.01401380164315924,0.0030280461069196463,467.0
120,detached_warmup,0.13195519894361496,0.5559983849525452,2e-05,1e-06,0.0,0.0005242311490292195,0.01688854373060167,0.015795625338796526,0.0005273598253552336,0.016895572771318257,0.015851153759285808,0.0005291855813993607,0.016902995528653264,0.013306527573149651,0.0005310491760610603,0.01691072911489755,0.017292227363213897,0.0031665414571762085,583.0
121,detached_warmup,0.21476702205836773,0.39078736305236816,2e-05,1e-06,0.0,0.0006337264931062236,0.02957578527275473,0.02420663449447602,0.0006353563876473345,0.02957741334103048,0.022657810826785862,0.0006366001107380725,0.029579589143395424,0.022939662099815905,0.0006378805155691225,0.029582044342532754,0.024104515789076686,0.0030973206739872694,590.0
122,detached_warmup,0.11042108619585633,0.3877694010734558,2e-05,1e-06,0.0,0.0004038695333292708,0.013977972092106938,0.012293892912566662,0.0004069176720804535,0.013982405769638717,0.01240477041574195,0.000408731651987182,0.013987115351483226,0.01425707881571725,0.0004107774075237103,0.013992207706905901,0.013895347772631794,0.0030271976720541716,447.0
123,detached_warmup,0.2890043295919895,0.3873443603515625,2e-05,1e-06,0.0,0.0007867826134315692,0.037312128115445375,0.02936609904281795,0.0007881042547523975,0.03730302560143173,0.050755297066643834,0.0007886336970841512,0.037294124253094196,0.027910542907193303,0.000789439000072889,0.0372855335008353,0.028624616796150804,0.0032004923559725285,533.0
124,detached_warmup,0.19135966524481773,0.45901986956596375,2e-05,1e-06,0.0,0.0006133631686680019,0.02887355664279312,0.018744557164609432,0.0006149238870420959,0.02886396797839552,0.018680533161386847,0.0006159234690130688,0.02885460900142789,0.01787175692152232,0.0006169573171064258,0.02884547831490636,0.018164037843234837,0.003075759159401059,737.0
125,detached_warmup,0.19989188481122255,0.7140107750892639,2e-05,1e-06,0.0,0.0005463898305606563,0.02258509217062965,0.02967644127784297,0.0005483630302478559,0.022588144114706665,0.017857442842796445,0.0005494637516676448,0.02258768235333264,0.029820135736372322,0.0005507991736521944,0.02258961391635239,0.02999231926514767,0.0029683185275644064,698.0
126,detached_warmup,0.13947188248857856,0.6020321249961853,2e-05,1e-06,0.0,0.0005698267050320283,0.018078331369906664,0.016415279096690938,0.0005743325382354669,0.018076637061312795,0.016047386830905452,0.0005765231107943691,0.01807462447322905,0.016141368600074202,0.0005792333540739492,0.018072931561619043,0.016265406185993925,0.0030714075546711683,697.0
127,detached_warmup,0.18569252640008926,0.7661668658256531,2e-05,1e-06,0.0,0.000572641165490495,0.026991169434040785,0.018621939583681524,0.0005746645874751266,0.026989206206053495,0.018594051129184663,0.0005762208529631607,0.026987431338056922,0.020841679885052145,0.0005777010119345505,0.026985703501850367,0.01738011953420937,0.0031708362512290478,557.0
128,detached_warmup,0.17695836210623384,0.3981928825378418,2e-05,1e-06,0.0,0.0005207591311773285,0.025033582118339837,0.020268974534701556,0.0005239797756075859,0.025033298355992883,0.0176355880103074,0.0005259543395368382,0.025033473561052233,0.018973087368067354,0.0005281579105940182,0.02503390162019059,0.01784760638838634,0.00324598653241992,801.0
129,detached_warmup,0.21242960076779127,0.4666610658168793,2e-05,1e-06,0.0,0.0005841536112711765,0.024918556679040194,0.03150957921752706,0.0005865591883775778,0.02490490663331002,0.031220186734572053,0.000587516125960974,0.024894134723581374,0.016998462670017034,0.0005894160531170201,0.024877942632883787,0.030758186883758754,0.0031871828250586987,490.0
130,detached_warmup,0.20917943492531776,0.32826918363571167,2e-05,1e-06,0.0,0.0006070188101148233,0.026639455347321928,0.02666501235216856,0.0006087591318646446,0.026636116323061287,0.024708456476219,0.0006093828378652688,0.026631453540176153,0.02410848147701472,0.0006109311943873763,0.026627860846929252,0.024726506671868265,0.003295122180134058,584.0
131,detached_warmup,0.21411678660660982,0.3167538344860077,2e-05,1e-06,0.0,0.0006147071144368965,0.026935119996778667,0.034342109924182296,0.0006170789965835866,0.026928696548566222,0.02014270459767431,0.0006180671298352536,0.02692201768513769,0.031098152743652463,0.0006202778822625987,0.026916046044789255,0.018361813679803163,0.003450635354965925,696.0
132,detached_warmup,0.1827767277136445,0.6077447533607483,2e-05,1e-06,0.0,0.0005617415754386457,0.022633379383478314,0.023096543736755848,0.0005650647435686551,0.022631712490692735,0.022974764578975737,0.0005663197443936951,0.022630080755334347,0.020676148415077478,0.0005694570354535244,0.02262889133999124,0.023242625989951193,0.00320878392085433,584.0
133,detached_warmup,0.27233916986733675,0.3462774455547333,2e-05,1e-06,0.0,0.0006376261771947611,0.031302728108130395,0.04565657419152558,0.0006399394842446782,0.031305196112953126,0.04888310597743839,0.0006410783462342806,0.03130801941733807,0.027460365439765155,0.0006436475669033825,0.031310975668020546,0.02254991710651666,0.003537439741194248,856.0
134,detached_warmup,0.20084327273070812,0.7380597591400146,2e-05,1e-06,0.0,0.0006818865585955791,0.024585652980022132,0.026644959929399192,0.0006856000909465365,0.024575954652391374,0.023027984309010208,0.0006871498735563364,0.024566537933424115,0.026446224335813895,0.0006908442555868533,0.024557409924454987,0.023693061200901866,0.0037552653811872005,516.0
135,detached_warmup,0.21205043978989124,0.7613757252693176,2e-05,1e-06,0.0,0.0006401740683941171,0.027529467944987118,0.024376510526053607,0.0006438842974603176,0.027520122122950852,0.02439479297026992,0.0006457452691392973,0.02751055918633938,0.024610120337456465,0.0006497067515738308,0.02750235830899328,0.026026994455605745,0.0036991341039538383,574.0
136,detached_warmup,0.2364381174556911,0.46425241231918335,2e-05,1e-06,0.0,0.0006240590009838343,0.03358134796144441,0.02615892025642097,0.0006276250023802277,0.0335775802959688,0.024837820004904643,0.000629318987193983,0.03357362758833915,0.024775035039056093,0.0006339476458379067,0.033570573083125055,0.023848263517720625,0.0036441097036004066,799.0
137,detached_warmup,0.2573913144879043,0.2731945812702179,2e-05,1e-06,0.0,0.0006275819432630669,0.03179755888413638,0.030947105202358216,0.0006312087425612845,0.03178970469161868,0.034793388040270656,0.0006331485128612258,0.03177862393204123,0.031576993700582534,0.0006375579614541493,0.03176980616990477,0.030408631777390838,0.004118836484849453,851.0
138,detached_warmup,0.1840498331002891,0.28569287061691284,2e-05,1e-06,0.0,0.000567241224416648,0.022653069609077647,0.022827462234999985,0.0005715403312933631,0.02264112257398665,0.022582448087632656,0.0005736598977819085,0.02262968523427844,0.020920936454785988,0.000578960170969367,0.022618932009208947,0.024884779151761904,0.003767973044887185,546.0
139,detached_warmup,0.19786395831033587,0.5291683077812195,2e-05,1e-06,0.0,0.0005833210088894702,0.02422803279478103,0.014487688255030662,0.0005891488617635332,0.024201613618060946,0.02785216481424868,0.0005922672426095232,0.024173594661988318,0.02860932471230626,0.0005983531773381401,0.02414937224239111,0.027799080300610512,0.004031007178127766,481.0
140,detached_warmup,0.19808211689814925,0.45846930146217346,2e-05,1e-06,0.0,0.0006331333424896002,0.02772175380960107,0.02137852302985266,0.0006381335806509014,0.027710391441360116,0.022333784378133714,0.0006409063062164932,0.02769957680720836,0.018381369300186634,0.0006461270713771228,0.02768998232204467,0.022608433093409985,0.0039496831595897675,621.0
141,detached_warmup,0.19794608280062675,0.40794357657432556,2e-05,1e-06,0.0,0.0006256322158151306,0.026109232450835407,0.02265441819326952,0.0006298136759141926,0.026084756827913225,0.021863847330678254,0.0006319634303508792,0.026062299963086843,0.024548309622332454,0.0006363996944855899,0.026042473036795855,0.02205693908035755,0.00409111101180315,726.0
142,detached_warmup,0.1664595203474164,0.45660459995269775,2e-05,1e-06,0.0,0.0006684013787889853,0.02369082800578326,0.01726061850786209,0.0006736923678545281,0.023678748751990497,0.017279551015235484,0.000676438765367493,0.023667926318012178,0.017381058889441192,0.0006816730019636452,0.023658001678995788,0.01714258035644889,0.004578839056193829,545.0
143,detached_warmup,0.2183089517056942,0.5614110231399536,2e-05,1e-06,0.0,0.0006536242690344807,0.02610440761782229,0.031436161312740296,0.000658776505588321,0.026108826510608196,0.02654055948369205,0.0006620395834033843,0.026115163345821202,0.025974389573093504,0.0006668182650173549,0.026123614748939872,0.02726456191157922,0.00421310868114233,844.0
144,detached_warmup,0.17953068483620882,0.4453560709953308,2e-05,1e-06,0.0,0.000605532099143602,0.02189401927171275,0.0221739390399307,0.000611848990956787,0.02188264502910897,0.022451385157182813,0.0006153602807899006,0.021873749850783497,0.022605253325309604,0.0006225943507160991,0.021867465518880635,0.022326894046273082,0.004608387127518654,579.0
145,detached_warmup,0.20784622710198164,0.38200241327285767,2e-05,1e-06,0.0,0.0006771542248316109,0.029085375950671732,0.022382793249562383,0.0006819917252869345,0.02907368924934417,0.02324139024131,0.0006850790450698696,0.029064245987683535,0.021854932070709765,0.0006899106374476105,0.029057885403744876,0.02135177713353187,0.004377252422273159,495.0
146,detached_warmup,0.13854747149161994,0.5690455436706543,2e-05,1e-06,0.0,0.00046590248894062825,0.017898112128023058,0.01554661922273226,0.0004739512187370565,0.01789287436986342,0.017601437837583944,0.00047921047371346503,0.017890111164888367,0.0158500311372336,0.0004865483278990723,0.017889808339532465,0.016072867205366492,0.004348340444266796,723.0
147,detached_warmup,0.16351568326354027,0.3939935564994812,2e-05,1e-06,0.0,0.0005455496320792008,0.023189960629679263,0.017679750395473093,0.0005509712318598758,0.023187743849121034,0.015890754002612084,0.0005543760489672422,0.02318655780982226,0.0177797096548602,0.0005597880808636546,0.023186436970718205,0.017204086761921644,0.0045366790145635605,545.0
148,detached_warmup,0.20470165461301804,0.319905161857605,2e-05,1e-06,0.0,0.000571183001738973,0.023113645263947546,0.028225520974956453,0.0005759727137046866,0.023107163840904832,0.026472015073522925,0.0005790885406895541,0.02310142305213958,0.02831168833654374,0.0005840241865371354,0.023096514749340713,0.026963414740748703,0.0040771011263132095,467.0
149,detached_warmup,0.24144419748336077,0.3517060875892639,2e-05,1e-06,0.0,0.0005964331430732273,0.03411289909854531,0.024231593240983784,0.0005999680288368836,0.03410084906499833,0.026463230955414474,0.0006022189627401531,0.034090085537172854,0.02740873850416392,0.0006059301631466951,0.034081403515301645,0.024550848873332143,0.004062085412442684,687.0
150,detached_warmup,0.14174106996506453,0.4107394218444824,2e-05,1e-06,0.0,0.0005030762549722567,0.019252744124969468,0.01674339355668053,0.0005106055323267356,0.019240657857153565,0.01625786701333709,0.0005154522150405683,0.019230407109716907,0.015075708128279075,0.0005227111578278709,0.01922139953239821,0.014667044510133564,0.004152328707277775,618.0
151,detached_warmup,0.15276664472185075,0.26211389899253845,2e-05,1e-06,0.0,0.0004939005029882537,0.02127203208510764,0.01623832993209362,0.0004992043213860597,0.021259364642901346,0.016706641879864037,0.0005023493904445786,0.021247971337288618,0.016154455195646733,0.0005076704546809196,0.021238250454189256,0.016646478150505573,0.00430925702676177,592.0
152,detached_warmup,0.2580577591434121,0.6068442463874817,2e-05,1e-06,0.0,0.0007380799943348393,0.03290023095905781,0.03213194431737065,0.0007400947433779947,0.0328993268776685,0.03120375913567841,0.0007408928067889065,0.0328988719265908,0.03195147146470845,0.0007434484286932275,0.03289911546744406,0.028210523072630167,0.004365682601928711,737.0
153,detached_warmup,0.21961767855100334,0.28444474935531616,2e-05,1e-06,0.0,0.0006732315723638749,0.028780685795936733,0.024803418840747327,0.0006768475941498764,0.02877987560350448,0.02738370856968686,0.0006789500475861132,0.0287679145403672,0.025112917937804013,0.0006826797616668046,0.028762582427589223,0.02451486757490784,0.004151490982621908,686.0
154,detached_warmup,0.27738452702760696,0.5452446341514587,2e-05,1e-06,0.0,0.0007709545534453355,0.036214475287124515,0.039027807768434286,0.000772274550399743,0.03620253561530262,0.03773340559564531,0.0007731114492344204,0.03619418921880424,0.026004159240983427,0.000775326418079203,0.036179329152219,0.026736960979178548,0.0040579866617918015,592.0
155,detached_warmup,0.2195715717971325,0.28896769881248474,2e-05,1e-06,0.0,0.0006246354878385318,0.029630173230543733,0.020669348305091262,0.0006276234671531711,0.029619634384289384,0.021581210108706728,0.0006293056467256974,0.02960677572991699,0.03575830697081983,0.000632936236797832,0.029596935608424246,0.020594688539858907,0.004308697767555714,683.0
156,detached_warmup,0.17987635964527726,0.26089587807655334,2e-05,1e-06,0.0,0.0005975937965558842,0.02410303766373545,0.020059170143213123,0.0006011441546434071,0.02409419883042574,0.019638122583273798,0.0006033381505403668,0.024086638703010976,0.02330300913308747,0.0006074085358704906,0.024080158153083175,0.01810253778239712,0.004093891941010952,487.0
157,detached_warmup,0.16104989498853683,0.2937788963317871,2e-05,1e-06,0.0,0.0005651164865412284,0.019338447251357138,0.0195180845039431,0.0005676853907061741,0.01933302090037614,0.020022381038870662,0.0005689690078725107,0.019328404043335468,0.020423654990736395,0.0005720457702409476,0.019325014320202172,0.021487065590918064,0.004159559961408377,588.0
158,detached_warmup,0.2373375715687871,0.7790277600288391,2e-05,1e-06,0.0,0.0005632906540995464,0.03270325425546616,0.034905207285191864,0.0005662280163960531,0.0327049873303622,0.01801646064268425,0.0005679693204001524,0.03269429865758866,0.018402375339064747,0.0005710110126528889,0.03269213833846152,0.03295034769689664,0.00427616760134697,478.0
159,detached_warmup,0.19868448888882995,0.568687915802002,2e-05,1e-06,0.0,0.0006007436459185556,0.0266556708374992,0.02302226540632546,0.000602874242758844,0.026648253027815372,0.022092668805271387,0.0006037890889274422,0.02664182271109894,0.022332483087666333,0.0006062144420866389,0.026636997878085822,0.02224071297678165,0.004456209950149059,794.0
160,detached_warmup,0.20012771990150213,0.423693984746933,2e-05,1e-06,0.0,0.0005205347079026978,0.026050082000438124,0.025880207598675042,0.0005236881079326849,0.026052114611957222,0.024061674543190747,0.0005256805561657529,0.02605448686517775,0.022270067885983735,0.0005290346016408876,0.026057299168314785,0.021602861874271184,0.004511425271630287,851.0
161,detached_warmup,0.2513253800570965,0.34260445833206177,2e-05,1e-06,0.0,0.0006887588497193065,0.03750350244808942,0.024439422879368067,0.0006906877570145298,0.03750495857093483,0.02545824379194528,0.0006914716941537336,0.03750793158542365,0.023801879782695323,0.000693511450663209,0.03751267853658646,0.024832330702338368,0.0044839573092758656,483.0
162,detached_warmup,0.19593679066747427,0.3053472936153412,2e-05,1e-06,0.0,0.0006241121227503754,0.023377020959742367,0.023997641634196043,0.0006263580071390606,0.023373154108412564,0.02556922344956547,0.000627568628260633,0.02336974861100316,0.021974064991809428,0.0006297597283264622,0.023366603069007397,0.02840152883436531,0.004579826723784208,858.0
163,detached_warmup,0.22685160674154758,0.4970817565917969,2e-05,1e-06,0.0,0.0006815771412220784,0.03405783465132117,0.02294015884399414,0.0006840166133770254,0.03403996175620705,0.019258392276242375,0.0006852641017758287,0.03402291121892631,0.022728754847776145,0.0006869592325529084,0.0340073254192248,0.023058453807607293,0.004267478361725807,479.0
164,detached_warmup,0.1988675221800804,0.43300896883010864,2e-05,1e-06,0.0,0.0006084439737605862,0.028114954940974712,0.020748144946992397,0.0006109167516115122,0.028105344041250646,0.021540561807341874,0.0006121977094153408,0.02809591474942863,0.021879538078792393,0.0006141984158603009,0.028088163351640105,0.019849147298373282,0.004646611399948597,515.0
165,detached_warmup,0.30231459997594357,0.5793303847312927,2e-05,1e-06,0.0,0.0006423725208151154,0.04204938746988773,0.04237113782437518,0.0006448278363677673,0.042025490663945675,0.022990344441495836,0.0006464831385528669,0.04200222855433822,0.023377039469778538,0.0006487177743110806,0.04198015481233597,0.04293641960248351,0.004918660037219524,555.0
166,detached_warmup,0.14797494560480118,0.3807155191898346,2e-05,1e-06,0.0,0.000532044632564066,0.018401317996904254,0.018125647970009595,0.0005364406679291278,0.018394555838312954,0.01756165496772155,0.0005391409031290095,0.018388147524092346,0.018424398615024984,0.0005419909030024428,0.018382413312792778,0.018147194874472916,0.004672924522310495,593.0
167,detached_warmup,0.1554380627349019,0.42820701003074646,2e-05,1e-06,0.0,0.0005202191023272462,0.021824622992426157,0.015986335347406566,0.0005250711983535439,0.021816550754010677,0.015564221946988255,0.0005280906916595995,0.021809118101373315,0.01855497498763725,0.0005311770364642143,0.021802552742883563,0.015975130547303706,0.004865194670855999,437.0
168,detached_warmup,0.2130739539861679,0.48495572805404663,2e-05,1e-06,0.0,0.0005790237046312541,0.02735743287485093,0.02508361981017515,0.0005821748563903384,0.027345714159309864,0.02583985432283953,0.0005836509772052523,0.02733508450910449,0.02556252374779433,0.0005857360156369396,0.027325028437189758,0.02489411341957748,0.004984315484762192,797.0
169,detached_warmup,0.14263095520436764,0.5793721079826355,2e-05,1e-06,0.0,0.0005466986149258446,0.019007318071089685,0.014939161366783082,0.0005505129811353981,0.018985481408890337,0.016263489902485162,0.0005531642746063881,0.018964391958434135,0.016103023197501898,0.0005557796685025096,0.018946109048556536,0.017215822241269052,0.0053249141201376915,573.0
170,detached_warmup,0.13337263464927673,0.2656141221523285,2e-05,1e-06,0.0,0.0005388415484048892,0.017839078209362924,0.015276824473403394,0.0005415494306362234,0.01782200566958636,0.014692402561195195,0.0005430577875813469,0.017806149437092245,0.014930006116628647,0.0005452040750242304,0.017791430931538343,0.015046082204207778,0.00513131357729435,556.0
171,detached_warmup,0.15649922378361225,0.4294584393501282,2e-05,1e-06,0.0,0.0005510507689905353,0.021196970687014982,0.016936201573116705,0.0005565581668633968,0.021168454986764118,0.01777252447209321,0.0005593766763922758,0.02114081956096925,0.016775748459622264,0.0005627337377518415,0.021114850183948874,0.018163936852943152,0.005784737877547741,590.0
172,detached_warmup,0.18080399092286825,0.5699270367622375,2e-05,1e-06,0.0,0.0005949893893557601,0.026536340941675007,0.018209879170171916,0.0005985948664601892,0.026507262256927788,0.017706637270748615,0.0006005046088830568,0.026478889398276806,0.01833728374913335,0.0006031968223396689,0.026454979553818703,0.018175432458519936,0.0052644843235611916,573.0
173,detached_warmup,0.25048724841326475,0.6260794401168823,2e-05,1e-06,0.0,0.0006821639362897258,0.03241109917871654,0.037309496314264834,0.0006859896602691151,0.032380120479501784,0.022838513425085694,0.0006887823910801671,0.032351766945794225,0.038184468052349985,0.0006916779675520957,0.03232314146589488,0.01994002627907321,0.005608614068478346,690.0
174,detached_warmup,0.1246858355589211,0.8475419878959656,2e-05,1e-06,0.0,0.0005345988356566522,0.016027820529416203,0.015406794555019587,0.0005429314842331223,0.01601378177292645,0.015430006198585033,0.0005479491846926976,0.016001601004973054,0.0142807979718782,0.0005526894747163169,0.015991329797543585,0.01335553324315697,0.00495519582182169,686.0
175,detached_warmup,0.1476301271468401,0.5038517117500305,2e-05,1e-06,0.0,0.0004893001896562055,0.019794404855929315,0.01966011815238744,0.0004948719979438465,0.019786243559792638,0.015893068630248308,0.000498833273013588,0.019781455514021218,0.014495993731543422,0.0005035469730501063,0.019778973888605833,0.016453314223326743,0.005464925430715084,425.0
176,detached_warmup,0.13285572733730078,0.4218752384185791,2e-05,1e-06,0.0,0.0005341418655007146,0.01792613510042429,0.014934568316675723,0.0005391527884057723,0.01790119771612808,0.014649991499027237,0.0005421971400210168,0.01787938200868666,0.014529647014569491,0.0005459234234876931,0.017860292049590498,0.015013094991445541,0.00513477623462677,546.0
177,detached_warmup,0.14301443984732032,0.49063190817832947,2e-05,1e-06,0.0,0.0005573528032982722,0.016540554293897003,0.019429448409937322,0.0005657934161718003,0.016502380254678428,0.018866906961193308,0.0005713529899367131,0.01646822050679475,0.01868385376292281,0.0005764720590377692,0.016439708648249507,0.017812394187785685,0.005391894839704037,572.0
178,detached_warmup,0.1422178945504129,0.3611537516117096,2e-05,1e-06,0.0,0.0005001959361834452,0.01891117013292387,0.014861589355859905,0.0005089389633212704,0.0188947866554372,0.0173009249556344,0.0005154320933797862,0.0188822143827565,0.016984296904411167,0.0005217612269916572,0.018872945103794336,0.015463639225345105,0.006095276214182377,547.0
179,detached_warmup,0.19649153389036655,0.3349398374557495,2e-05,1e-06,0.0,0.00067897445478593,0.02546965517103672,0.02318714198190719,0.0006818636866228189,0.025461797253228724,0.02315813605673611,0.0006834583473391831,0.025456409086473286,0.022715279832482338,0.0006856109030195512,0.025453814305365086,0.02285939361900091,0.0055174268782138824,747.0
180,detached_warmup,0.21744665876030922,0.5777360796928406,2e-05,1e-06,0.0,0.0006121543920016848,0.02943157753907144,0.02103419235209003,0.0006190684725879692,0.029384163091890514,0.024629484163597226,0.0006244676951610018,0.0293401419185102,0.024668976897373796,0.0006296949359239079,0.02929800166748464,0.027174736140295863,0.00545196607708931,547.0
181,detached_warmup,0.15022757556289434,0.3247816264629364,2e-05,1e-06,0.0,0.0005051966199971503,0.02004855321138166,0.018231771915452555,0.0005143829330336303,0.02000920264981687,0.015311123221181333,0.0005212550786382053,0.019976875773863867,0.017027826863341033,0.0005275625335343648,0.019952990813180804,0.01760083614499308,0.005629438906908035,725.0
182,detached_warmup,0.17730107181705534,0.9148431420326233,2e-05,1e-06,0.0,0.0005428460099210497,0.027050507080275565,0.016681643726769835,0.000552444387722062,0.027064686932135373,0.015929683489957824,0.000558907755475957,0.02708434159285389,0.017279061197768897,0.0005646873323712498,0.027110099414130673,0.0168821640254464,0.005414973944425583,517.0
183,detached_warmup,0.17711346223950386,0.5153871178627014,2e-05,1e-06,0.0,0.0004974859039066359,0.027404824504628778,0.017272105324082077,0.0005052212836744729,0.027388800750486553,0.017482593597378582,0.0005104649535496719,0.02737438806798309,0.014835325593594462,0.0005154378013685346,0.027362701599486172,0.01596411195350811,0.005722334608435631,487.0
184,detached_warmup,0.17201897781342268,0.4184150993824005,2e-05,1e-06,0.0,0.000656582327792421,0.020702775567770004,0.022559907636605203,0.0006604421141673811,0.020693754428066313,0.022459698491729796,0.0006632903023273684,0.020690164528787136,0.019458456663414836,0.0006663347958237864,0.020690819597803056,0.022116750362329185,0.005560819525271654,546.0
185,detached_warmup,0.16726654605008662,0.618427038192749,2e-05,1e-06,0.0,0.0005711240046366584,0.02123864777968265,0.020626287325285375,0.0005775537465524394,0.021196991263423115,0.01845719135599211,0.0005823729479743633,0.021156959584914148,0.02176634079660289,0.0005869124397577252,0.02112010435666889,0.0193860626895912,0.00552409328520298,478.0
186,detached_warmup,0.15887441346421838,0.4976312816143036,2e-05,1e-06,0.0,0.0006454420945374295,0.020451893389690667,0.016273471992462873,0.0006506108838948421,0.020418363419594243,0.018754339253064245,0.0006541069160448387,0.0203883750946261,0.018845012178644538,0.0006574539438588545,0.020362153823953122,0.02077318649389781,0.00545097328722477,545.0
187,detached_warmup,0.11009728349745274,0.6259139180183411,2e-05,1e-06,0.0,0.0004883096808043774,0.014154941658489406,0.012848207727074623,0.0004938396741636097,0.014113216195255518,0.013028649089392275,0.0004977992030035239,0.014070281409658492,0.012942319037392735,0.0005013241461711004,0.01403110777027905,0.012927285861223936,0.005432260688394308,545.0
188,detached_warmup,0.2690852452069521,0.26730233430862427,2e-05,1e-06,0.0,0.000683575686707627,0.03685878054238856,0.03249595174565911,0.0006864818278700113,0.03684784541837871,0.029317637206986547,0.0006886671835673042,0.03683880087919533,0.027414745069108903,0.0006911670643603429,0.036831462290138006,0.02973013266455382,0.005445808172225952,545.0
189,detached_warmup,0.14532070886343718,0.33935919404029846,2e-05,1e-06,0.0,0.000536882842425257,0.01975974685046822,0.01749678165651858,0.0005411555866885465,0.019739255192689598,0.016786186897661537,0.0005440919412649237,0.019723087549209595,0.01488841586979106,0.0005471278273034841,0.019709658110514283,0.015048316097818315,0.005720645189285278,571.0
190,detached_warmup,0.12365223094820976,0.5073203444480896,2e-05,1e-06,0.0,0.0004641004270524718,0.016101880988571793,0.01494382502278313,0.0004692705406341702,0.01606145204277709,0.014762481732759625,0.00047291496593970805,0.01602312264731154,0.013231343124061823,0.000476387060189154,0.015987102582585067,0.014658351137768477,0.00557660823687911,683.0
191,detached_warmup,0.213694479316473,0.5837148427963257,2e-05,1e-06,0.0,0.000554218226170633,0.03250507469056174,0.020275243849027902,0.0005593393943854608,0.03245516709284857,0.02016933576669544,0.0005630186933558434,0.032408675528131425,0.021107662876602262,0.0005668041230819654,0.03236542170634493,0.020164515415672213,0.00558830052614212,724.0
192,detached_warmup,0.21606748457998037,0.21371647715568542,2e-05,1e-06,0.0,0.0006492021566373296,0.026203108951449394,0.02599004819057882,0.000652248811093159,0.02618728089146316,0.026458298438228667,0.0006547907178173773,0.02617391326930374,0.028617491479963064,0.0006573901118827052,0.026163179893046618,0.027660527382977307,0.005748883821070194,724.0
193,detached_warmup,0.23894238844513893,0.4798799455165863,2e-05,1e-06,0.0,0.0006368755566654727,0.02880356996320188,0.028793848119676113,0.0006417473268811591,0.02880996558815241,0.032681058160960674,0.000645165655441815,0.02881920407526195,0.02779160626232624,0.0006490903979283758,0.028831180883571506,0.0318390749162063,0.005502693355083466,874.0
194,detached_warmup,0.23713280260562897,0.6225106716156006,2e-05,1e-06,0.0,0.0006718339536746498,0.03535544825717807,0.018518013996072114,0.0006761319491488393,0.035340184113010764,0.020648470846936107,0.00067963580659125,0.03532726049888879,0.03494338400196284,0.0006833767984062433,0.03531740000471473,0.01897166040726006,0.005849890876561403,529.0
195,detached_warmup,0.2738793990574777,0.46024638414382935,2e-05,1e-06,0.0,0.0006714601331623271,0.033631881698966026,0.043049079133197665,0.0006777207854611333,0.033627126715146005,0.030374313151696697,0.0006827800134487916,0.03362744697369635,0.03394106839550659,0.0006877207924844697,0.033628675097133964,0.029280129878316075,0.007683698087930679,781.0
196,detached_warmup,0.2884751511737704,0.6054717898368835,2e-05,1e-06,0.0,0.0006849587989563588,0.03909234833554365,0.038802216964541,0.0006925150737515651,0.03904809465166181,0.029216039925813675,0.0006977662269491702,0.0390091702574864,0.032352987240301445,0.0007031266504782252,0.03897522180341184,0.02920071146218106,0.006999179255217314,873.0
197,detached_warmup,0.19897392764687538,0.5246036648750305,2e-05,1e-06,0.0,0.0005597736053459812,0.030213768826797605,0.01796363777248189,0.0005637177200696897,0.030211435863748193,0.019741236697882414,0.0005667937439284287,0.030211342149414122,0.018723193323239684,0.0005704809373128228,0.030213948688469827,0.019434595596976578,0.006309567019343376,745.0
198,detached_warmup,0.18952271062880754,0.36233845353126526,2e-05,1e-06,0.0,0.0005983646660752129,0.024646198377013206,0.022144863090943545,0.0006031063785485458,0.024605988641269505,0.02174634684342891,0.0006067464200896211,0.024571104324422777,0.02232549001928419,0.000609886472375365,0.024538781843148172,0.022525829263031483,0.005560112185776234,514.0
199,detached_warmup,0.18608377175405622,0.2740092873573303,2e-05,1e-06,0.0,0.0005782004736829549,0.026478975894860923,0.019061049300944433,0.0005846040548931342,0.026429746125359088,0.02103201055433601,0.0005900675205339212,0.026386778394225985,0.0202371355262585,0.0005954225198365748,0.026351181091740727,0.01775860204361379,0.005937373731285334,464.0
200,detached_warmup,0.1765351644717157,0.39994266629219055,2e-05,1e-06,0.0,0.0006134549548733048,0.024122039787471294,0.01878219749778509,0.0006190307794895489,0.024110912811011076,0.01761004835134372,0.0006241014925763011,0.024104796932078898,0.02009270281996578,0.0006294619997788686,0.024104970623739064,0.0211214444716461,0.005745887756347656,613.0
201,detached_warmup,0.1689281058497727,0.30357596278190613,2e-05,1e-06,0.0,0.0005162781963008456,0.02234963796217926,0.020771962619619444,0.0005271672853268683,0.02231820934684947,0.017238771833945066,0.0005346080179151613,0.022292633570032194,0.017874955956358463,0.0005420239176601171,0.022274676186498255,0.021687181084416807,0.0063636889681220055,794.0
202,detached_warmup,0.17649453971534967,0.2926121652126312,2e-05,1e-06,0.0,0.0006427672487916425,0.022004739148542285,0.021060860832221806,0.0006474235051427968,0.021974109462462366,0.02152825880330056,0.0006520488386740908,0.021947984700091183,0.02086684270761907,0.0006572082784259692,0.021927708643488586,0.022584590828046203,0.005938601680099964,528.0
203,detached_warmup,0.2785298880189657,0.5354974865913391,2e-05,1e-06,0.0,0.0006123439452494495,0.03503981960238889,0.027959765255218372,0.0006192462533363141,0.03500889631686732,0.03468088380759582,0.0006246798984648194,0.034981252800207585,0.037054641317809,0.0006297459185589105,0.034957159659825265,0.03636144840857014,0.007163733243942261,794.0
204,detached_warmup,0.19590847194194794,0.4353041648864746,2e-05,1e-06,0.0,0.0006282321628532372,0.025280137895606458,0.020998037420213223,0.0006354681354423519,0.02526215510442853,0.020966580603271723,0.000641241786070168,0.025247913203202188,0.02568673196947202,0.0006469330764957704,0.02523942867992446,0.024675605003722012,0.00804027821868658,868.0
205,detached_warmup,0.15342917758971453,0.4941784143447876,2e-05,1e-06,0.0,0.0005463953712023795,0.020942282280884683,0.016293782158754766,0.0005537599281524308,0.02092000108677894,0.017548383271787316,0.0005591907902271487,0.02090124663664028,0.01639580132905394,0.000565044454560848,0.020885463047306985,0.017317824065685272,0.00576088996604085,719.0
206,detached_warmup,0.17113469168543816,0.39263129234313965,2e-05,1e-06,0.0,0.0005302888166625053,0.021630939561873674,0.017168047721497715,0.0005377078814490233,0.021608020178973675,0.020457709790207446,0.0005436192295746878,0.021589089883491397,0.022770423034671694,0.0005488971182785463,0.021572338533587754,0.02217761368956417,0.005854400806128979,718.0
207,detached_warmup,0.31007074285298586,0.4332929253578186,2e-05,1e-06,0.0,0.0007834945499780588,0.037413910613395274,0.04875549377175048,0.0007873134818510152,0.03737509064376354,0.035581436357460916,0.0007902718862169422,0.03734104475006461,0.03481097175972536,0.0007935005414765328,0.037307831342332065,0.03833037940785289,0.006654528900980949,779.0
208,detached_warmup,0.27951221354305744,0.6346762180328369,2e-05,1e-06,0.0,0.0006219973874976858,0.04351358336862177,0.023796771303750575,0.0006276070525927935,0.043477900326251984,0.02675069752149284,0.0006325820468191523,0.04344361089169979,0.02590066264383495,0.0006370945411617868,0.04341232974547893,0.026697375811636448,0.00660108495503664,717.0
209,detached_warmup,0.12249948270618916,0.3365074098110199,2e-05,1e-06,0.0,0.0004572791040118318,0.017286613292526454,0.013332113128853962,0.0004667510074796155,0.01725512114353478,0.013033575203735381,0.000473865307867527,0.017225775169208646,0.012377916602417827,0.00047968340004445054,0.017200365546159446,0.012910421792184934,0.005716240499168634,481.0
210,detached_warmup,0.14311839872971177,0.8578853607177734,2e-05,1e-06,0.0,0.0005071008890809026,0.021822814596816897,0.012976220052223653,0.0005153229467396159,0.02179708587937057,0.01487703126622364,0.0005217430516495369,0.02177307364763692,0.013068607077002525,0.0005273092610877939,0.021752094966359437,0.012979994324268773,0.006202134303748608,526.0
211,detached_warmup,0.23389178980141878,0.3370577394962311,2e-05,1e-06,0.0,0.0005442673882498639,0.03298648481722921,0.013642995851114392,0.0005559592718782369,0.03295272251125425,0.03555553330807015,0.0005644312950607855,0.032923329330515116,0.015707470971392468,0.0005723378853872418,0.032898184057557955,0.03498807121650316,0.0059433793649077415,589.0
212,detached_warmup,0.23484263569116592,0.361196905374527,2e-05,1e-06,0.0,0.0007135175037547015,0.02885106939356774,0.03363888565218076,0.0007184074747783598,0.028826659312471747,0.025946130277588964,0.000722181037417613,0.028804991743527353,0.030670876090880483,0.000726083671906963,0.028786473209038377,0.026437361957505345,0.005977035034447908,862.0
213,detached_warmup,0.25203903019428253,0.37753498554229736,2e-05,1e-06,0.0,0.0006087459114496596,0.029349336895393208,0.03439894565963186,0.0006148410102468915,0.029344476584810764,0.03106204335927032,0.0006198145420057699,0.029340743116335943,0.03190260933479294,0.0006247249912121333,0.029338732187170535,0.03483401966514066,0.006893903017044067,863.0
214,detached_warmup,0.17054346576333046,0.23819102346897125,2e-05,1e-06,0.0,0.0005850681445735972,0.02417576196603477,0.017550001328345388,0.0005914920038776472,0.024136494961567223,0.017217124928720295,0.0005969343983451836,0.02410109294578433,0.02020113676553592,0.0006019930660841055,0.02406951622106135,0.01671684259781614,0.005668040364980698,714.0
215,detached_warmup,0.2331762087997049,0.47471868991851807,2e-05,1e-06,0.0,0.0006859130662633106,0.029946662252768874,0.024126861826516688,0.0006922569446032867,0.029945646616397426,0.0356687837629579,0.0006971095281187445,0.029950839845696464,0.024717977445106953,0.0007014576258370653,0.02995992373325862,0.02608277866966091,0.005817309021949768,542.0
216,detached_warmup,0.2615539487451315,0.6648306250572205,2e-05,1e-06,0.0,0.0006834908708697185,0.03714175522327423,0.0164099590620026,0.0006870727338537108,0.037092901300638914,0.031051256228238344,0.0006907094757480081,0.03704901598393917,0.030650766333565116,0.0006943802000023425,0.03699910594150424,0.03240353404544294,0.005919916555285454,746.0
217,detached_warmup,0.17730155028402805,0.41379719972610474,2e-05,1e-06,0.0,0.0005258465280348901,0.024917418573750183,0.019112901209155098,0.0005323626792232972,0.02488404852920212,0.01886960567208007,0.0005377000161388423,0.024853362556314096,0.018296788359293714,0.000542389720067149,0.02482776463148184,0.019401357101742178,0.006152076181024313,589.0
218,detached_warmup,0.21384216286242008,0.6135690808296204,2e-05,1e-06,0.0,0.0005689581412298139,0.03394717362243682,0.019641156774014235,0.0005737163410231005,0.033896685810759664,0.020149683114141226,0.0005779852363048121,0.03384861128870398,0.018385364208370447,0.0005816591110487934,0.033803069149143994,0.01786809752229601,0.005822701379656792,462.0
219,detached_warmup,0.20789893250912428,0.5732719302177429,2e-05,1e-06,0.0,0.0006686701817670837,0.026707124197855592,0.026275990181602538,0.000673475289659109,0.02669755183160305,0.023413635208271444,0.000678056116157677,0.026689578196965158,0.02460285637062043,0.0006822231225669384,0.026683050673455,0.024126720847561955,0.005766088142991066,611.0
220,detached_warmup,0.25304267928004265,0.4963509440422058,2e-05,1e-06,0.0,0.000595041063206736,0.035758215468376875,0.03213567426428199,0.0005994850216666237,0.03573268256150186,0.021392325521446764,0.0006043056564521976,0.03570904326625168,0.02230982534820214,0.000608685877523385,0.03568860772065818,0.03190879127942026,0.006438649259507656,783.0
221,detached_warmup,0.23247899673879147,0.5029913783073425,2e-05,1e-06,0.0,0.0006585009105037898,0.030349271255545318,0.027958115213550627,0.0006614557860302739,0.030330118956044316,0.02496286522364244,0.0006644673412665725,0.030314942472614348,0.029636878054589033,0.0006673546631645877,0.030304034473374486,0.025970994553063065,0.006685915403068066,791.0
222,detached_warmup,0.21445083059370518,0.30539363622665405,2e-05,1e-06,0.0,0.000587663846090436,0.029255735949845985,0.02098342962563038,0.0005933164684392978,0.029216559778433293,0.020889844570774585,0.0005985920724924654,0.02917907142546028,0.027203972451388836,0.0006037682578607928,0.029144021653337404,0.02619485600735061,0.005967363715171814,480.0
223,detached_warmup,0.17791191837750375,0.3090140223503113,2e-05,1e-06,0.0,0.0005499723192770034,0.022410006175050512,0.021322354557923973,0.0005575943141593598,0.022357520676450804,0.021802781615406275,0.0005650098428304773,0.022308422485366464,0.021802475879667327,0.0005713657992600929,0.02226123519358225,0.021403177233878523,0.006043939385563135,514.0
224,detached_warmup,0.23031665198504925,0.37230902910232544,2e-05,1e-06,0.0,0.0006205120043887291,0.03187598069780506,0.023651602619793266,0.0006252850362216122,0.03183440343127586,0.025527333898935467,0.0006300942586676683,0.0317967435112223,0.02641421734006144,0.0006349307732307352,0.03176499402616173,0.02494056150317192,0.005974734202027321,677.0
225,detached_warmup,0.23708573915064335,0.7189900279045105,2e-05,1e-06,0.0,0.0006239170361368451,0.03194461518432945,0.023351788753643632,0.0006274282459344249,0.031911191530525684,0.036983138881623745,0.0006316677608992904,0.03188013145700097,0.024004340055398643,0.0006361979685607366,0.031855213339440525,0.022636112524196506,0.006614262238144875,677.0
226,detached_warmup,0.2630612631328404,0.6381557583808899,2e-05,1e-06,0.0,0.0005838051292812452,0.028833428863435984,0.02203687047585845,0.0005924412798776757,0.028777809406165034,0.04142259288346395,0.0006013608508510515,0.02873408651794307,0.040882582776248455,0.0006094211057643406,0.028686077013844624,0.04130079803871922,0.006210045889019966,749.0
227,detached_warmup,0.11577513627707958,0.3689965605735779,2e-05,1e-06,0.0,0.0004832135637116153,0.014694690995384008,0.01430138322757557,0.0004918040322081652,0.014637498592492193,0.013375645590713248,0.0005009125452488661,0.014587904792279005,0.013836204394465312,0.0005099931040604133,0.014548886334523559,0.013806999631924555,0.006268537603318691,750.0
228,detached_warmup,0.11544821783900261,0.5669413208961487,2e-05,1e-06,0.0,0.0004563537222566083,0.013356497220229357,0.014116768259555101,0.00046420455691986717,0.0133411327842623,0.015208433149382472,0.0004732872621389106,0.013330893765669316,0.01599237381014973,0.0004811287435586564,0.013326732150744647,0.014900411246344447,0.006743025965988636,469.0
229,detached_warmup,0.1616963967680931,0.33042362332344055,2e-05,1e-06,0.0,0.0005811075461679138,0.01897452917182818,0.02061723417136818,0.0005881382057850715,0.01891097699990496,0.020347807701909915,0.0005965930540696718,0.018857231712900102,0.020329921884695068,0.0006045960908522829,0.01881524993223138,0.02247301023453474,0.007516996935009956,514.0
230,detached_warmup,0.18751184456050396,0.5235686898231506,2e-05,1e-06,0.0,0.0005250849535514135,0.029873304039938375,0.0144204669049941,0.000533509737579152,0.02983742899959907,0.01599003330920823,0.0005436857245513238,0.029808885185047984,0.01754993840586394,0.0005539517005672678,0.029787796433083713,0.01808776770485565,0.006837719120085239,482.0
231,detached_warmup,0.1763707131613046,0.4785110354423523,2e-05,1e-06,0.0,0.0005437484433059581,0.022140803368529305,0.02076538692926988,0.0005526004169951193,0.02208417863585055,0.021585089911241084,0.0005627920363622252,0.022036133595975116,0.02203015863779001,0.000572188673686469,0.021996367402607575,0.021501261740922928,0.0070182522758841515,793.0
232,detached_warmup,0.17499385587871075,0.4110083281993866,2e-05,1e-06,0.0,0.0004993052389181685,0.023896442959085107,0.018843914207536727,0.0005065954464953393,0.023828903678804636,0.020150978001765907,0.0005148325253685471,0.02376744174398482,0.01871534838574007,0.0005216585741436575,0.023713688598945737,0.02003474225057289,0.007172163110226393,793.0
233,detached_warmup,0.15375793352723122,0.44207218289375305,2e-05,1e-06,0.0,0.0005554702747758711,0.01796664425637573,0.01831711904378608,0.0005606760169030167,0.01791019906522706,0.020896498928777874,0.0005673217892763205,0.017861472791992128,0.01974880465422757,0.0005738345716963522,0.017821955436374992,0.02097793691791594,0.0069390516728162766,751.0
234,detached_warmup,0.2666676347143948,0.4732988774776459,2e-05,1e-06,0.0,0.0006114232055551838,0.031116442172788084,0.035664960159920156,0.0006151187262730673,0.031095390091650188,0.03362865390954539,0.0006212205407791771,0.031082710600458086,0.036202856339514256,0.0006280229754338507,0.031073714373633265,0.03432712989160791,0.006866175681352615,574.0
235,detached_warmup,0.17332602851092815,0.2744428813457489,2e-05,1e-06,0.0,0.0007195839207270183,0.021828636177815497,0.02251957671251148,0.0007237161480588838,0.02177489863242954,0.02239655435550958,0.0007302404483198188,0.021725948667153716,0.018347859964706004,0.0007372405016212724,0.02168261189945042,0.02013915777206421,0.00748517457395792,514.0
236,detached_warmup,0.14854661002755165,0.5276488065719604,2e-05,1e-06,0.0,0.0005380396141845267,0.019485856289975345,0.01722368411719799,0.0005426240750239231,0.019412021152675152,0.016835681395605206,0.0005492029958986677,0.019342651939950883,0.017381115758325905,0.0005556518735829741,0.019280518405139446,0.017399562406353652,0.007426733151078224,485.0
237,detached_warmup,0.22149348305538297,0.4630076289176941,2e-05,1e-06,0.0,0.0005528443798539229,0.026182800414972007,0.028381216689012945,0.0005619297735393047,0.02613279630895704,0.02906492946203798,0.0005734749975090381,0.026092542917467654,0.02852632594294846,0.0005852064641658217,0.02605767094064504,0.0287817491334863,0.007214793935418129,588.0
238,detached_warmup,0.18661951553076506,0.3932824432849884,2e-05,1e-06,0.0,0.000563996867640526,0.02422961057163775,0.019380700920009986,0.0005693626881111413,0.0241422526887618,0.022037534741684794,0.0005766154099546839,0.02406094956677407,0.022697982960380614,0.0005843214858032297,0.02399037277791649,0.023785812023561448,0.008527623489499092,445.0
239,detached_warmup,0.31342713674530387,0.29120323061943054,2e-05,1e-06,0.0,0.0006973222189117223,0.04161837894935161,0.03875477844849229,0.0007017222524154931,0.04158178449142724,0.032694436551537365,0.0007080857030814514,0.04155046318192035,0.036085964005906135,0.0007144208429963328,0.04152625903952867,0.03679351712344214,0.00989023968577385,783.0
240,detached_warmup,0.19344295002520084,0.6620280146598816,2e-05,1e-06,0.0,0.0005319111405697186,0.02897649328224361,0.02018224896164611,0.0005397870627348311,0.028945071739144623,0.0185918741626665,0.0005497596976056229,0.028926788130775094,0.018399877357296646,0.000559467363927979,0.02891929622273892,0.01832037599524483,0.008284094743430614,451.0
241,detached_warmup,0.17984981695190072,0.6165230870246887,2e-05,1e-06,0.0,0.0005477116210386157,0.026173403428401798,0.017328301211819053,0.0005554552772082388,0.026129406469408423,0.014687833318021148,0.0005654772903653793,0.026097621710505337,0.027457198419142514,0.0005754130761488341,0.026077337039168924,0.013654653448611498,0.009312898851931095,482.0
242,detached_warmup,0.13425704278051853,0.5965498089790344,2e-05,1e-06,0.0,0.00046751168338232674,0.018500543665140867,0.013898432604037225,0.000472557389002759,0.0184328542673029,0.014959520136471838,0.0004803128103958443,0.018373344966676086,0.014857752568786964,0.0004879201114817988,0.018323598487768322,0.01500269229291007,0.008827656507492065,750.0
243,detached_warmup,0.11134160216897726,0.38683757185935974,2e-05,1e-06,0.0,0.0004994725641154218,0.013026483065914363,0.015064043633174151,0.0005040896066930145,0.012987013848032802,0.014281670446507633,0.0005110885031172074,0.012955786369275302,0.013703861273825169,0.0005180382904654834,0.012933905702084303,0.01435614947695285,0.00868169590830803,676.0
244,detached_warmup,0.2683504819869995,0.4152117073535919,2e-05,1e-06,0.0,0.0006396674798452295,0.03825017635244876,0.0210181096335873,0.0006432043592212722,0.03818397119175643,0.03626453987089917,0.0006492043030448258,0.0381268240744248,0.03509811102412641,0.0006556656626344193,0.038077269215136766,0.020743740489706397,0.008352173492312431,551.0
245,detached_warmup,0.20579229900613427,0.5044758319854736,2e-05,1e-06,0.0,0.0005601431148534175,0.0272716004983522,0.023169428983237594,0.0005660796850861516,0.027243595191976056,0.024508651316864416,0.0005744210429838859,0.027224380697589368,0.022407951357308775,0.0005832183014717884,0.02721587021369487,0.024466961272992194,0.008326848037540913,574.0
246,detached_warmup,0.13236843538470566,0.3821350932121277,2e-05,1e-06,0.0,0.0005363691307138652,0.016464388434542343,0.015479165653232485,0.0005404918556450866,0.01642006033216603,0.01690931699704379,0.0005477140221046284,0.016384069458581507,0.018575529713416472,0.0005555703610298224,0.01635939284460619,0.013596365024568513,0.007638867478817701,751.0
247,detached_warmup,0.11727237002924085,0.4441651403903961,2e-05,1e-06,0.0,0.0005231783870840445,0.015504068927839398,0.013687853643205017,0.0005279605320538394,0.015432333981152624,0.013642237114254385,0.0005351391446311027,0.015369169763289392,0.013620596437249333,0.0005429608936537988,0.015315025171730667,0.012571841885801405,0.007702874951064587,478.0
248,detached_warmup,0.1850604268256575,0.6251756548881531,2e-05,1e-06,0.0,0.0005653237840306247,0.02464000871987082,0.020674321975093335,0.0005692017875844613,0.024558204575441778,0.019813284307019785,0.0005755806814704556,0.024483388609951362,0.023717255156952888,0.0005816019729536492,0.024416583648417145,0.020465666166273877,0.007760702166706324,752.0
249,detached_warmup,0.24835353437811136,0.3088333308696747,2e-05,1e-06,0.0,0.0006480488846136723,0.03326979966368526,0.027426506741903722,0.0006511528154078405,0.03323670453391969,0.024903916288167238,0.0006565640433109365,0.033208671608008444,0.023786496953107417,0.0006625617752433755,0.03319858142640442,0.036704529891721904,0.007322338409721851,794.0
250,detached_warmup,0.21659388858824968,0.3344162702560425,2e-05,1e-06,0.0,0.0005972283252049237,0.03053627349436283,0.03458801592933014,0.0006011612022120971,0.030477879918180406,0.018915837223175913,0.0006064722401788458,0.030425392324104905,0.019656417367514223,0.0006118504752521403,0.030375423724763095,0.01920193963451311,0.007782975677400827,678.0
251,detached_warmup,0.1695228605531156,0.6931066513061523,2e-05,1e-06,0.0,0.0005804970351164229,0.02491308396565728,0.017325705819530413,0.0005852153262821957,0.024819906160701066,0.01712144527118653,0.0005923080934735481,0.024739522574236616,0.016904382297070697,0.0005994170169287827,0.024674972577486187,0.016666402021655813,0.0072536165826022625,609.0
252,detached_warmup,0.1672255601733923,0.5833021402359009,2e-05,1e-06,0.0,0.0005515822776942514,0.02161221203277819,0.01603491569403559,0.0005552141083171591,0.021539004548685625,0.01654711228911765,0.0005613622124656104,0.021483263204572722,0.03125660424120724,0.000568406016100198,0.02142681338591501,0.015089071617694572,0.007853536866605282,586.0
253,detached_warmup,0.2825594134628773,0.5539738535881042,2e-05,1e-06,0.0,0.0006719285593135282,0.035491898423060775,0.045251487754285336,0.000675734641845338,0.03542797325644642,0.04433736961800605,0.0006821132628829218,0.03537399251945317,0.02495144377462566,0.0006889532378409058,0.03532789088785648,0.023678626865148544,0.0075243087485432625,794.0
254,detached_warmup,0.121521414257586,0.40085288882255554,2e-05,1e-06,0.0,0.00048442193656228483,0.01564194541424513,0.011682908691000193,0.0004914954224659596,0.015582110965624452,0.015087505511473864,0.000501533824717626,0.015536307357251644,0.014411940122954547,0.0005119224624650087,0.015502396854571998,0.016086927033029497,0.00858157780021429,569.0
255,detached_warmup,0.20418433542363346,0.5836194753646851,2e-05,1e-06,0.0,0.0005257793454802595,0.025401038874406368,0.028321493737166747,0.0005347567712306045,0.025295859144534916,0.026999323803465813,0.0005461028740683105,0.025200190459145233,0.01802928835968487,0.0005579666940320749,0.0251200552447699,0.027652482967823744,0.010072164237499237,782.0
256,detached_warmup,0.21502012689597905,0.7966194152832031,2e-05,1e-06,0.0,0.0005888395535293967,0.03226018539862707,0.0181604893587064,0.0005978494118608069,0.032129197992617264,0.01712377608055249,0.0006098211742937565,0.032007743342546746,0.017885659442981705,0.0006216431611392181,0.0319265762809664,0.031108349416172132,0.008325519040226936,589.0
257,detached_warmup,0.14733112649992108,0.4714806377887726,2e-05,1e-06,0.0,0.0005187269125599414,0.020359933958388865,0.01635694003198296,0.000525873798324028,0.02023851848207414,0.015981433272827417,0.0005354255081329029,0.020134411985054612,0.01600456197047606,0.0005463553170557134,0.02004623133689165,0.016082713671494275,0.008350389078259468,485.0
258,detached_warmup,0.2941449908539653,0.3920738101005554,2e-05,1e-06,0.0,0.0006673354728263803,0.03347610298078507,0.04426068041357212,0.0006752086082997266,0.03339219564804807,0.043062053417088464,0.0006860213143227156,0.033326925622532144,0.04604295582976192,0.0006979938116273843,0.03328369971131906,0.024573819391662255,0.011535733938217163,544.0
259,detached_warmup,0.28190923668444157,0.2879399061203003,2e-05,1e-06,0.0,0.0006790138904761989,0.03638573459465988,0.040939189813798293,0.0006886509581818245,0.03627730306470767,0.02687329752370715,0.000701260294590611,0.03619070537388325,0.026051051128888503,0.0007153803344408516,0.036119988799327984,0.04028765656403266,0.017306314781308174,874.0
260,detached_warmup,0.21069839224219322,0.599913477897644,2e-05,1e-06,0.0,0.0006043982411938487,0.026639304793206975,0.03171428566565737,0.0006163475372886751,0.026467299700016156,0.018552485562395304,0.0006303388690866996,0.02632666312274523,0.019072086724918336,0.0006442807971325237,0.026220578962238505,0.03321031428640708,0.010815026238560677,477.0
261,detached_warmup,0.21401099022477865,0.29725444316864014,2e-05,1e-06,0.0,0.0005702097514586058,0.026681002345867455,0.03011856763623655,0.0005791256007796619,0.026541337370872498,0.02921221754513681,0.0005921028314332943,0.026434283005073667,0.031498479074798524,0.0006057855971448589,0.026340607728343457,0.014837278373306617,0.009995101019740105,754.0
262,detached_warmup,0.2087708069011569,0.6529294848442078,2e-05,1e-06,0.0,0.0006504492776002735,0.027778806048445404,0.024469476542435586,0.0006582606147276238,0.02765778999309987,0.02412471198476851,0.0006702593091176823,0.027558516594581306,0.023178441682830453,0.0006837776454631239,0.027485980885103345,0.023854336235672235,0.011135871522128582,676.0
263,detached_warmup,0.36884963884949684,0.5956987738609314,2e-05,1e-06,0.0,0.0007114526888472028,0.047595233540050685,0.05904486123472452,0.0007242503488669172,0.04751107777701691,0.03612902213353664,0.0007392635670839809,0.047458244021981955,0.03508212824817747,0.0007544247055193409,0.04742869356414303,0.04567098629195243,0.009804625064134598,423.0
264,detached_warmup,0.2019235477782786,0.6671387553215027,2e-05,1e-06,0.0,0.0005829251167597249,0.024065681238425896,0.024576414143666625,0.000598934551817365,0.023940323997521773,0.025693016272271052,0.0006150938243081328,0.02385632006917149,0.025803687400184572,0.0006311992619885132,0.023807960067642853,0.02775199239840731,0.009901868179440498,552.0
265,detached_warmup,0.1438043648377061,0.49073827266693115,2e-05,1e-06,0.0,0.0005604444377240725,0.01923357683699578,0.01694810000481084,0.0005751883836637717,0.01912246597930789,0.01594527205452323,0.0005925982113694772,0.019039363018237054,0.015826052287593484,0.0006105767206463497,0.018982314388267696,0.01636840886203572,0.010572612285614014,542.0
266,detached_warmup,0.22845282079651952,0.49473878741264343,2e-05,1e-06,0.0,0.0007190592332335655,0.02813789909123443,0.027925451984629035,0.0007268179615493864,0.02799717104062438,0.027834356675157323,0.0007372342333837878,0.027888433687621728,0.029008386365603656,0.0007488349656341597,0.02780990264727734,0.028919274860527366,0.011960901319980621,576.0
267,detached_warmup,0.3121049730107188,0.6126448512077332,2e-05,1e-06,0.0,0.0007242363826662768,0.03701566788367927,0.03125217312481254,0.0007348179788095877,0.036869813106022775,0.04870458540972322,0.0007479818596038967,0.03673802886623889,0.051662738784216344,0.0007615145441377535,0.03662284335587174,0.030270574614405632,0.011209310963749886,516.0
268,detached_warmup,0.15644946647807956,0.7099266052246094,2e-05,1e-06,0.0,0.0004989716471754946,0.02465559489792213,0.0158289207611233,0.0005124918425281066,0.024442228896077722,0.015836379141546786,0.0005284520666464232,0.024253962212242186,0.012250455969478935,0.0005448612391774077,0.02408883534371853,0.013008311099838465,0.011409646831452847,716.0
269,detached_warmup,0.21175455953925848,0.3768366277217865,2e-05,1e-06,0.0,0.0006060222949599847,0.03133439098019153,0.021548411226831377,0.0006169459811644629,0.031195451971143484,0.02077915787231177,0.0006305792776402086,0.031081836321391165,0.021585395908914506,0.0006442809026339091,0.03099659434519708,0.020735496655106544,0.009997989982366562,794.0
270,detached_warmup,0.1645063702017069,0.6565816402435303,2e-05,1e-06,0.0,0.000518204877153039,0.02425936283543706,0.017064515908714384,0.0005297311763570178,0.024149158329237252,0.016199372592382133,0.0005436433566501364,0.024067795602604747,0.016073060513008386,0.000558270257897675,0.024022528319619596,0.016520726203452796,0.010814238339662552,678.0
271,detached_warmup,0.15125094470568,0.7559183835983276,2e-05,1e-06,0.0,0.000536979379830882,0.018203620769781992,0.02153513621306047,0.0005548458357225172,0.018103724403772503,0.019251644844189286,0.000574024801608175,0.018042485375190154,0.018664368137251586,0.0005923053540755063,0.018020911025814712,0.01717089442536235,0.01447424478828907,878.0
272,detached_warmup,0.16043548379093409,0.5180936455726624,2e-05,1e-06,0.0,0.0005836354102939367,0.02154916283325292,0.01820876734564081,0.0005945750162936747,0.021482694981386885,0.01697677612537518,0.0006065486959414557,0.021440093783894554,0.018361222289968282,0.0006191323336679488,0.02142127451952547,0.01859159575542435,0.009428187273442745,794.0
273,detached_warmup,0.12195375002920628,0.5349417328834534,2e-05,1e-06,0.0,0.00044935523146705236,0.01844643839285709,0.011557093443116173,0.0004632405180018395,0.018283813435118645,0.01196298870490864,0.00047912215086398646,0.018161428393796086,0.01172771755955182,0.0004962505008734297,0.01808193587930873,0.011844365042634308,0.009886808693408966,542.0
274,detached_warmup,0.14964396366849542,0.5878845453262329,2e-05,1e-06,0.0,0.0005133054000907578,0.016793892544228584,0.02064724187948741,0.0005242676961643156,0.016616215085377917,0.0208588914538268,0.00053806220239494,0.016458557569421828,0.019397942494833842,0.000552798457647441,0.01632658878224902,0.020416202751221135,0.011464627459645271,551.0
275,detached_warmup,0.2785020535811782,0.49182313680648804,2e-05,1e-06,0.0,0.0006684339678031392,0.02917943149805069,0.0450499007711187,0.0006763999335817061,0.02910379134118557,0.04461625451222062,0.0006870754150440916,0.02904758194927126,0.02456138574052602,0.0006991949267103337,0.02901658706832677,0.04519601899664849,0.010663658380508423,516.0
276,detached_warmup,0.3271159064024687,0.6860798597335815,2e-05,1e-06,0.0,0.0007963337193359621,0.04189477092586458,0.04636925918748602,0.0008001392234291416,0.0417573438026011,0.038961130543611944,0.0008064804715104401,0.04164070205297321,0.0365221225656569,0.0008143775994540192,0.0415433322195895,0.0352099075098522,0.01319865882396698,886.0
277,detached_warmup,0.14328225329518318,0.6178814768791199,2e-05,1e-06,0.0,0.0005265608015179168,0.02072072241571732,0.014513707457808778,0.0005340684947441332,0.020654655119869858,0.01587982926866971,0.0005448257215903141,0.020610385632608086,0.01422074667061679,0.0005567104162764736,0.02058802585816011,0.013932013069279492,0.008896739222109318,584.0
278,detached_warmup,0.16110736597329378,0.8411410450935364,2e-05,1e-06,0.0,0.000582981389015913,0.020296740578487515,0.01942202413920313,0.0005893798515899107,0.020130672492086887,0.019697906682267785,0.0005995279352646321,0.0199794388609007,0.020094672101549804,0.0006109050154918805,0.0198434516787529,0.019259664928540587,0.01014988124370575,416.0
279,detached_warmup,0.22830123733729124,0.36736682057380676,2e-05,1e-06,0.0,0.000771911654737778,0.02942481846548617,0.02590677933767438,0.000775936699938029,0.029326256015338004,0.030612940434366465,0.0007834198113414459,0.029250164749100804,0.024456246756017208,0.0007917457623989321,0.02919479925185442,0.02700621949043125,0.008747812360525131,675.0
280,detached_warmup,0.21845677634701133,0.6806551814079285,2e-05,1e-06,0.0,0.0005394299951149151,0.02652171126101166,0.017383287602569908,0.0005483461281983182,0.026355930836871266,0.01578107546083629,0.0005597510971711017,0.026212370838038623,0.03817243891535327,0.0005719219734601211,0.026100518298335373,0.0397099886322394,0.009033679962158203,540.0
281,detached_warmup,0.1753318307455629,0.37302082777023315,2e-05,1e-06,0.0,0.0005671603139489889,0.023098711273632944,0.017528041498735547,0.0005755385391239543,0.02296122515690513,0.027907810028409585,0.0005862558646185789,0.022853430855320767,0.01838864223100245,0.0005978591179882642,0.02277811974636279,0.017489034682512283,0.009731100872159004,782.0
282,detached_warmup,0.22385158389806747,0.5171186327934265,2e-05,1e-06,0.0,0.0006231928346096538,0.028497577062807977,0.029045964998658746,0.0006325733629637398,0.028372071450576186,0.026378744281828403,0.0006454128233599477,0.028266644570976496,0.025607884861528873,0.000657993761706166,0.028183434973470867,0.026940083305817097,0.019284291192889214,895.0
283,detached_warmup,0.14080314803868532,0.8580157160758972,2e-05,1e-06,0.0,0.0005432465586636681,0.021135708317160606,0.013430930150207132,0.0005542117469303776,0.0209337102714926,0.01437549979891628,0.0005677228546119295,0.02075252344366163,0.014049935503862798,0.0005822785642521922,0.02058671263512224,0.013290668313857168,0.009693462401628494,675.0
284,detached_warmup,0.2579942629672587,0.4058946669101715,2e-05,1e-06,0.0,0.0005967817196506076,0.03238449111813679,0.0208146043587476,0.0006090867427701596,0.03222239587921649,0.03442298388108611,0.0006234945140022319,0.03208424319745973,0.036398673662915826,0.0006385510860127397,0.031974455108866096,0.03522450884338468,0.011423608288168907,419.0
285,detached_warmup,0.18488143663853407,0.414462685585022,2e-05,1e-06,0.0,0.000553447531274287,0.02694928558776155,0.019314771983772516,0.0005686312179022934,0.026806595211382955,0.01887890772195533,0.0005855843301105779,0.02669285557931289,0.018555565271526575,0.0006021987683197949,0.026610317814629525,0.018763274245429784,0.01550176739692688,548.0
286,detached_warmup,0.22071801126003265,0.8305130004882812,2e-05,1e-06,0.0,0.0006117513948993292,0.028546003566589206,0.02910504353349097,0.0006250823098525871,0.028437245870009065,0.02239716867916286,0.0006408233675756492,0.028379135677823797,0.019820263027213514,0.0006573121972905938,0.028367536375299096,0.03313065262045711,0.014291890896856785,782.0
287,detached_warmup,0.12665740214288235,0.6159653663635254,2e-05,1e-06,0.0,0.0005115294552524574,0.01753598399227485,0.01422291953349486,0.0005265099316602573,0.017267121584154665,0.013742815470322967,0.0005439641245175153,0.017032808915246278,0.014292758365627378,0.0005635908491967712,0.016833672067150474,0.013583723863121122,0.014577435329556465,582.0
288,detached_warmup,0.3598475446924567,1.0463758707046509,2e-05,1e-06,0.0,0.0007089095233823173,0.05159107514191419,0.02244186808820814,0.0007198491366580129,0.051516018458642066,0.04074337845668197,0.0007330727748922072,0.051462522242218256,0.051538359257392585,0.000747612546547316,0.05144516902510077,0.036199700785800815,0.013584579341113567,586.0
289,detached_warmup,0.17504482064396143,0.46064332127571106,2e-05,1e-06,0.0,0.0005324631092662457,0.02386749890865758,0.020586473867297173,0.000544880866073072,0.023634639394003898,0.017419840616639704,0.0005586669140029699,0.023454067821148783,0.019661155063658953,0.0005731551937060431,0.023322993074543774,0.020888986706268042,0.0136619433760643,714.0
290,detached_warmup,0.22092449478805065,1.2429953813552856,2e-05,1e-06,0.0,0.0006335165380733088,0.029643862857483327,0.017539311258587986,0.0006483545621449593,0.02956405107397586,0.030760007502976805,0.0006655240977124777,0.029520182986743748,0.020354315813165158,0.0006832799626863562,0.029518596245907247,0.03139349794946611,0.01370125263929367,487.0
291,detached_warmup,0.2073933775536716,0.5976481437683105,2e-05,1e-06,0.0,0.0005171684315428138,0.03162538126343861,0.02114234588225372,0.0005311619388521649,0.03141344676259905,0.01997428122558631,0.0005467363880597986,0.03125938156154007,0.021731967921368778,0.000563079011044465,0.03116518637398258,0.016923242539633065,0.013566245324909687,673.0
292,detached_warmup,0.16957824304699898,0.5519834160804749,2e-05,1e-06,0.0,0.0005424407790997066,0.024801299790851772,0.01679214194882661,0.0005566340587392915,0.02467882784549147,0.01883494801586494,0.0005733592988690361,0.024586903396993876,0.016673260019160807,0.0005902288467041217,0.0245329684112221,0.016415228601545095,0.014089117757976055,479.0
293,detached_warmup,0.14923668326810002,0.8532066941261292,2e-05,1e-06,0.0,0.000564043835765915,0.019054250500630587,0.017276763857807964,0.0005768536466348451,0.018933964718598872,0.017955159477423877,0.0005921292431594338,0.01885980201768689,0.01671783468918875,0.0006080928615119774,0.018855491449357942,0.019242296286392957,0.01398563478142023,571.0
294,detached_warmup,0.17679429310373962,0.287205308675766,2e-05,1e-06,0.0,0.000537579817319056,0.026252474228385836,0.015626436623279005,0.0005511627859959844,0.026049998530652374,0.017989967513130978,0.0005669774691341445,0.0258801183081232,0.019658930017612875,0.0005838249489897862,0.025763891404494643,0.017332931281998754,0.013655256479978561,539.0
295,detached_warmup,0.26460190769284964,0.5555107593536377,2e-05,1e-06,0.0,0.0006837379114585929,0.03269451286178082,0.03131395881064236,0.0006935130077181384,0.032597046229057014,0.03334015980362892,0.0007068096529110335,0.03251785854808986,0.033114684745669365,0.0007214079305413179,0.03245714760851115,0.0337610743008554,0.015621086582541466,787.0
296,detached_warmup,0.13896166998893023,0.33177006244659424,2e-05,1e-06,0.0,0.000529719254700467,0.018010644213063642,0.015711437037680298,0.0005406464333645999,0.017842163622844964,0.01603321678703651,0.0005538400837394875,0.01771074006683193,0.01831900581601076,0.0005683560739271343,0.017632779228733853,0.01550912531092763,0.013944730162620544,714.0
297,detached_warmup,0.1730780452489853,0.49432557821273804,2e-05,1e-06,0.0,0.0005089234473416582,0.024426087678875774,0.019734675937797874,0.0005191973032196984,0.024231815885286778,0.01776616886490956,0.0005313209221640136,0.024067952996119857,0.017891826224513352,0.0005445291244541295,0.02393238974036649,0.018923153169453144,0.011879520490765572,713.0
298,detached_warmup,0.18051714822649956,0.8189992904663086,2e-05,1e-06,0.0,0.000583721550356131,0.022657347843050957,0.021885116759222,0.0005905728576180991,0.022475770325399935,0.021286652074195445,0.0005990508470858913,0.022308971267193556,0.0225164212170057,0.0006088889240345452,0.022159178042784333,0.02284545701695606,0.010952997021377087,548.0
299,detached_warmup,0.23541876208037138,0.787351667881012,2e-05,1e-06,0.0,0.0006862562331662048,0.0299034311901778,0.03128934558480978,0.0006900053122080863,0.029755791882053018,0.01847459963755682,0.0006973819326958619,0.02962556015700102,0.03219176206039265,0.000705154197930824,0.0295124544063583,0.03188701579347253,0.01093845721334219,759.0
300,detached_warmup,0.3282408555969596,0.5951730608940125,2e-05,1e-06,0.0,0.0007424529831041582,0.040479761897586286,0.044020092813298106,0.0007469408701581415,0.04035832395311445,0.032661551726050675,0.0007542985986219719,0.040257215150631964,0.04219045571517199,0.0007625781290698797,0.04016976407729089,0.04509742744266987,0.010078243911266327,789.0
301,detached_warmup,0.15083323419094086,0.8965502381324768,2e-05,1e-06,0.0,0.0005524555963347666,0.0217276553157717,0.01865144312614575,0.0005581094192166347,0.021520864451304078,0.014421498402953148,0.0005668758858519141,0.02133973641321063,0.014298584777861834,0.000577414390136255,0.02118442242499441,0.015434173634275794,0.011355038732290268,476.0
302,detached_warmup,0.16339096101000905,0.8415464162826538,2e-05,1e-06,0.0,0.0005556042669923045,0.019824096525553614,0.022486409783596173,0.0005621431118925102,0.01964272017357871,0.020471371652092785,0.0005708954013243783,0.019480612012557685,0.019186462450306863,0.0005805658729514107,0.019338220299687237,0.020691860234364867,0.011039726436138153,540.0
303,detached_warmup,0.2954171132296324,0.37969720363616943,2e-05,1e-06,0.0,0.0008131968497764319,0.0319834859110415,0.029663218767382205,0.0008198040668503381,0.03188795584719628,0.05244275869335979,0.0008297188396682031,0.031826269114390016,0.029897821485064924,0.0008402624953305349,0.03179997357074171,0.052612649044021964,0.013511274009943008,916.0
304,detached_warmup,0.21966952458024025,0.45251527428627014,2e-05,1e-06,0.0,0.0006294813683780376,0.02899381099268794,0.023036715399939567,0.0006396033750206698,0.028828825219534338,0.029072435689158738,0.0006516987414215691,0.028690974169876426,0.02627383713843301,0.0006657677040493581,0.02858130173990503,0.023605065362062305,0.01343395747244358,915.0
305,detached_warmup,0.17539422120898962,0.3973708748817444,2e-05,1e-06,0.0,0.0005385102231230121,0.024769590236246586,0.015172630810411647,0.0005589712527580559,0.02452187755261548,0.014965813927119598,0.0005799171558464877,0.024326487386133522,0.02951902346103452,0.0006008014133840334,0.024207080801716074,0.015633516595698893,0.01216454803943634,484.0
306,detached_warmup,0.2091843169182539,0.5390774011611938,2e-05,1e-06,0.0,0.0006489763327408582,0.027461673133075237,0.01997033122461289,0.0006615297752432525,0.0272644521901384,0.02137452398892492,0.0006757985102012753,0.027111939270980656,0.0357217185664922,0.0006915138656040654,0.02699863282032311,0.020603227079845965,0.014489971101284027,443.0
307,detached_warmup,0.2518490683287382,0.7512159943580627,2e-05,1e-06,0.0,0.0006622854634770192,0.033796117757447064,0.0287792079616338,0.0006725393723172601,0.03357766265980899,0.02931706258095801,0.000683896621922031,0.033378008170984685,0.028337623458355665,0.000698386640578974,0.03320390800945461,0.028742368856910616,0.012236338108778,791.0
308,detached_warmup,0.18474294152110815,0.6959756016731262,2e-05,1e-06,0.0,0.0005652857980749104,0.027570360573008657,0.018736510537564754,0.0005807258094137069,0.027254205546341836,0.01899567130021751,0.0005988129778415896,0.02700455900048837,0.018343095784075558,0.0006179448173497804,0.026820213126484305,0.017655555275268853,0.013406161218881607,455.0
309,detached_warmup,0.15007370011880994,0.3706120550632477,2e-05,1e-06,0.0,0.0005518944017239846,0.019129834254272282,0.01836413552518934,0.0005664530253852718,0.01887940790038556,0.017105999228078872,0.0005841163510922343,0.018688221112824976,0.01908444910077378,0.0006024883950885851,0.01855137653183192,0.01796532206935808,0.014832697808742523,715.0
310,detached_warmup,0.1878066174685955,0.9216407537460327,2e-05,1e-06,0.0,0.0005629081460938323,0.026827706838957965,0.01990116835804656,0.0005854309456481133,0.026415196247398853,0.019737817288842052,0.0006077487960283179,0.02604975237045437,0.020978708809707314,0.0006308461452135816,0.025747588369995356,0.019761745003052056,0.01541835255920887,473.0
311,detached_warmup,0.264458978548646,0.403462290763855,2e-05,1e-06,0.0,0.0006915602061781101,0.0340827148174867,0.024676602275576442,0.0007075703397276811,0.033814126858487725,0.038047223119065166,0.000725765319657512,0.03357860166579485,0.03692759736441076,0.0007451731435139664,0.03338613617233932,0.02707590360660106,0.017558105289936066,786.0
312,detached_warmup,0.2189757339656353,0.822365939617157,2e-05,1e-06,0.0,0.00073530033841962,0.022231725975871086,0.03166001255158335,0.0007546487031504512,0.022008296917192638,0.031108901370316744,0.0007758672509226017,0.021882175817154348,0.03301069757435471,0.0007973360989126377,0.021840685745701194,0.03217008349020034,0.02303304150700569,543.0
313,detached_warmup,0.19194034952670336,0.3315630555152893,2e-05,1e-06,0.0,0.0005876131508557592,0.02913872618228197,0.017604761116672307,0.0006089216512918938,0.028837287332862616,0.01698605646379292,0.0006342412743833847,0.028591645183041692,0.01843975600786507,0.0006598232030228246,0.02839493111241609,0.021456588176079094,0.022513657808303833,763.0
314,detached_warmup,0.14401185838505626,0.5983107686042786,2e-05,1e-06,0.0,0.0005982220282021444,0.018696968676522374,0.016671593533828855,0.0006258721768972464,0.018353185325395316,0.017235880077350885,0.0006550985817739274,0.01810525998007506,0.017212368082255125,0.0006841898721177131,0.017957802396267653,0.01721541746519506,0.018175585195422173,475.0
315,detached_warmup,0.249592310981825,0.2987211048603058,2e-05,1e-06,0.0,0.0006193658482516184,0.03130746341776103,0.030756279040360823,0.0006460720869654324,0.030874410178512335,0.030788928648689762,0.0006722174985043239,0.030572744843084365,0.029870211117668077,0.0006982406157476362,0.03039329146849923,0.0323930864688009,0.0202191025018692,787.0
316,detached_warmup,0.2679335568100214,0.4685448110103607,2e-05,1e-06,0.0,0.0007300168836081866,0.03350678097922355,0.039903735276311636,0.0007471962308045477,0.03324123239144683,0.024937981157563627,0.000768778620113153,0.03302912670187652,0.026757374056614935,0.0007914775123936124,0.0328812146326527,0.0406386413378641,0.03145694360136986,763.0
317,detached_warmup,0.23753022123128176,0.4520624279975891,2e-05,1e-06,0.0,0.0006618345796596259,0.034089543274603784,0.02536498848348856,0.0006838057888671756,0.03372277389280498,0.02406299696303904,0.0007068591585266404,0.03342799178790301,0.026439723907969892,0.0007293107701116242,0.03321786015294492,0.024422533926554024,0.018812190741300583,715.0
318,detached_warmup,0.18506250623613596,0.3797055780887604,2e-05,1e-06,0.0,0.0006426499130611774,0.02265816170256585,0.023693495779298246,0.0006666297485935502,0.022324131918139756,0.0212554968893528,0.000692139110469725,0.022073263069614768,0.02372818416915834,0.000718423631042242,0.021914047189056873,0.024695881293155253,0.03425726294517517,894.0
319,detached_warmup,0.21915944572538137,1.1087794303894043,2e-05,1e-06,0.0,0.0005835716765432153,0.02997616957873106,0.031906319956760854,0.0006105374050093815,0.029741135251242667,0.01611592131666839,0.0006383988147717901,0.029596369480714202,0.031950101256370544,0.0006660614162683487,0.029568600351922214,0.01780625816900283,0.015183653682470322,608.0
320,detached_warmup,0.14547887723892927,1.2703787088394165,2e-05,1e-06,0.0,0.000543165959243197,0.019184516015229747,0.016781834448920563,0.0005682878254447132,0.018892984924605116,0.01874529419001192,0.0005950115628365893,0.018761202838504687,0.01523311052005738,0.0006213171145645902,0.018788234272506088,0.016763913445174694,0.01738513447344303,516.0
321,detached_warmup,0.13366759824566543,0.5197939872741699,2e-05,1e-06,0.0,0.0004468105144042056,0.0198462815314997,0.013364961458137259,0.00047608231034246273,0.019383322593057528,0.01286854044883512,0.0005039425814175047,0.0190690137387719,0.013040804769843817,0.0005306251659931149,0.018901535193435848,0.01523567724507302,0.014311844483017921,715.0
322,detached_warmup,0.1973842887673527,0.7255051136016846,2e-05,1e-06,0.0,0.0005623090255539864,0.023736219824058935,0.023915670928545296,0.0005867346408194862,0.023442943464033306,0.023740743519738317,0.0006099662678025197,0.023279541142983362,0.026401600218378007,0.0006328668459900655,0.02323345874901861,0.027242237149039283,0.015883009880781174,897.0
323,detached_warmup,0.14798978995531797,0.4023975133895874,2e-05,1e-06,0.0,0.000551311211893335,0.018722494831308722,0.018737069389317185,0.0005657882720697671,0.018478110432624817,0.016151457093656063,0.0005827952518302482,0.018292025662958622,0.018120269407518208,0.0006003571106703021,0.01816618489101529,0.019021930638700724,0.013926232233643532,575.0
324,detached_warmup,0.25720528326928616,0.8534685373306274,2e-05,1e-06,0.0,0.0007147076175897382,0.03560951491817832,0.031005816534161568,0.0007264462183229625,0.03532117628492415,0.026405443670228124,0.0007413472267217003,0.03507115226238966,0.030695366789586842,0.0007573957700515166,0.03485989198088646,0.025297022657468915,0.013851987197995186,902.0
325,detached_warmup,0.1894009541720152,0.5240105986595154,2e-05,1e-06,0.0,0.0005638756010739598,0.02615209051873535,0.03215110889868811,0.0005757034487032797,0.025854474282823503,0.017571634030900896,0.0005904110439587384,0.025617046805564314,0.0177063342416659,0.0006070066956453957,0.025456598144955933,0.016554665518924594,0.014876080676913261,553.0
326,detached_warmup,0.24483087100088596,0.36410677433013916,2e-05,1e-06,0.0,0.0006272745376918465,0.029483706108294427,0.032284409273415804,0.0006362893109326251,0.029323055292479694,0.032541315886192024,0.0006480495285359211,0.029201363679021597,0.029193049296736717,0.0006612978650082368,0.029111843439750373,0.03111921320669353,0.013790474273264408,794.0
327,detached_warmup,0.2011710787191987,1.135627031326294,2e-05,1e-06,0.0,0.000624346146651078,0.02826421504141763,0.020768549584317952,0.000636711989500327,0.02797268860740587,0.020300022675655782,0.0006506808858830482,0.027712142327800393,0.023135071445722133,0.0006655091128777713,0.027485037688165903,0.022956104890909046,0.012677380815148354,542.0
328,detached_warmup,0.18875438626855612,0.58294677734375,2e-05,1e-06,0.0,0.0007110033911885694,0.022073954925872386,0.02571307134348899,0.0007173322046583053,0.021907625603489578,0.024394376203417778,0.0007268152548931539,0.021777678979560733,0.0242032534442842,0.0007374760425591376,0.021677957731299102,0.02411383797880262,0.012211877852678299,586.0
329,detached_warmup,0.2953291176818311,0.9120964407920837,2e-05,1e-06,0.0,0.0006705834166496061,0.03758516284869984,0.024525698507204652,0.0006821622882853262,0.037334389926400036,0.024926752550527453,0.0006951616378501058,0.03711705928435549,0.04770650714635849,0.000708767183823511,0.03695064195198938,0.046426231681834906,0.01287804264575243,769.0
330,detached_warmup,0.16954439226537943,0.735077440738678,2e-05,1e-06,0.0,0.0004973400536982808,0.022329616418574005,0.020697411615401506,0.0005145504110259935,0.022043632110580802,0.017687209299765527,0.0005325556448951829,0.02183196455007419,0.02105029911035672,0.0005509275324584451,0.021721624943893403,0.02008726290659979,0.02114862948656082,909.0
331,detached_warmup,0.16188910976052284,0.40885087847709656,2e-05,1e-06,0.0,0.0005096052373119164,0.02036018914077431,0.02137147879693657,0.0005220447674219031,0.020104700175579637,0.017369390348903835,0.0005373108724597842,0.019918342353776097,0.018532105023041368,0.0005537478537007701,0.01980099844513461,0.022309196065180004,0.016719907522201538,573.0
332,detached_warmup,0.2803175342269242,0.7373173236846924,2e-05,1e-06,0.0,0.0006155222472443711,0.037009185703936964,0.03544850123580545,0.0006301733847067226,0.03668163271504454,0.032402798358816653,0.0006454522299463861,0.036409947788342834,0.03305587376235053,0.0006623898152611218,0.03620388466515578,0.03055216759094037,0.013512629084289074,787.0
333,detached_warmup,0.08695250283926725,0.289752721786499,2e-05,1e-06,0.0,0.00043359063784009777,0.011730676458682865,0.010012227925471961,0.00045211886026663706,0.01138600631384179,0.009340756223537028,0.00047229849587893113,0.011120440613012761,0.009250401053577662,0.0004932512674713507,0.01097455807030201,0.011286176217254251,0.01863722875714302,474.0
334,detached_warmup,0.2648910852149129,1.0221352577209473,2e-05,1e-06,0.0,0.0006927631329745054,0.033233217895030975,0.0435714271152392,0.0007095089822541922,0.032865088200196624,0.043293569586239755,0.0007290139474207535,0.03253012034110725,0.02136326814070344,0.0007492718868888915,0.03225020121317357,0.022903640870936215,0.018223343417048454,715.0
335,detached_warmup,0.16903064958751202,0.5050508379936218,2e-05,1e-06,0.0,0.0005804558641102631,0.023598192783538252,0.014492509159026667,0.0006063937435101252,0.02320394921116531,0.01590065474738367,0.0006337322411127388,0.02290292628458701,0.014166281674988568,0.0006614642006752547,0.02273677338962443,0.029547316225944087,0.019370771944522858,715.0
336,detached_warmup,0.27608199906535447,0.9227204918861389,2e-05,1e-06,0.0,0.0006690068148600403,0.038581048138439655,0.022813371324446052,0.0006937507423572242,0.03831626792089082,0.026378021691925824,0.0007203033528639935,0.0381611144694034,0.03432909955154173,0.000745959252526518,0.03814815217629075,0.03652591007994488,0.019588865339756012,786.0
337,detached_warmup,0.13614140264689922,0.26802781224250793,2e-05,1e-06,0.0,0.0005487473135872278,0.01768511929549277,0.01636480208253488,0.0005673370396834798,0.0172987641999498,0.016470478498376906,0.0005901394470129162,0.01701942627551034,0.015725159493740648,0.000614313168625813,0.01684941875282675,0.01640769641380757,0.01956494152545929,540.0
338,detached_warmup,0.12541432492434978,0.4092957377433777,2e-05,1e-06,0.0,0.0005056456539023202,0.017308730515651405,0.013284106040373445,0.0005236593715380877,0.016847955994307995,0.014107515686191618,0.0005467540941026527,0.016475601121783257,0.013959331379737705,0.0005716755367757287,0.016213520022574812,0.015069830405991524,0.016646098345518112,467.0
339,detached_warmup,0.18397102691233158,0.495897501707077,2e-05,1e-06,0.0,0.000585026651606313,0.02215245965635404,0.02393195405602455,0.0006068642869649921,0.02171404572436586,0.0228781346231699,0.0006297937579802237,0.021408602013252676,0.02396381343714893,0.0006536290893564001,0.021239537629298866,0.024207163543906063,0.015565327368676662,571.0
340,detached_warmup,0.13912939932197332,0.7899116277694702,2e-05,1e-06,0.0,0.000463417327409843,0.021472795138834044,0.014651187462732196,0.00048765830433694646,0.02107033020001836,0.011919175711227581,0.0005150527249497827,0.020822948863497004,0.013911484478740022,0.000542514131666394,0.02075923405936919,0.012513602472608909,0.015198122709989548,472.0
341,detached_warmup,0.1904247859492898,1.3542509078979492,2e-05,1e-06,0.0,0.0006306792238319758,0.025647989590652287,0.021506651304662228,0.0006548053497681394,0.025414322153665125,0.020583455334417522,0.0006811752937210258,0.0253211582894437,0.02213173155905679,0.0007083053351379931,0.025378615828230977,0.021765902522020042,0.01747208647429943,465.0
342,detached_warmup,0.2363904006779194,0.578331470489502,2e-05,1e-06,0.0,0.0006792569765821099,0.03081920207478106,0.025483687059022486,0.0006989486064412631,0.030364695703610778,0.02932907221838832,0.0007197754603112116,0.030022868420928717,0.027653209632262588,0.0007420899491989985,0.029773258138448,0.0301043443614617,0.019562970846891403,470.0
343,detached_warmup,0.3144471487030387,0.5486663579940796,2e-05,1e-06,0.0,0.0006903213507030159,0.032417348586022854,0.03002153686247766,0.0007083999735186808,0.032124259625561535,0.04851223330479115,0.0007301553487195633,0.03191615641117096,0.04998439771588892,0.0007524801985709928,0.031800115713849664,0.05478974315337837,0.02133731171488762,918.0
344,detached_warmup,0.3191385446116328,0.96211838722229,2e-05,1e-06,0.0,0.0007711976650170982,0.04194532101973891,0.04624169517774135,0.000798362772911787,0.041648201702628285,0.036252298566978425,0.0008265378346550278,0.04146141151431948,0.045003723935224116,0.0008543494041077793,0.04144108603941277,0.02189435949549079,0.019584208726882935,784.0
345,detached_warmup,0.1582135963253677,0.6817972660064697,2e-05,1e-06,0.0,0.0005707816453650594,0.020547541324049234,0.01890199148328975,0.0005898813979001716,0.020199946156935766,0.020737875398481265,0.0006114782954682596,0.019993245805380866,0.016070237761596218,0.0006348206952679902,0.019923821935663,0.019431973720202222,0.016978170722723007,768.0
346,detached_warmup,0.18152168858796358,0.4706524610519409,2e-05,1e-06,0.0,0.0005777232654509135,0.022614491172134876,0.019618775113485754,0.0005936974848737009,0.022279668250121176,0.02535585523582995,0.0006118736819189508,0.022032303269952536,0.02225603413535282,0.0006312987861747388,0.021882204222492874,0.023067762900609523,0.017505565658211708,549.0
347,detached_warmup,0.19043212663382292,0.8123614192008972,2e-05,1e-06,0.0,0.0006849336277809925,0.026009920402429998,0.01975864637643099,0.0006960587052162737,0.02569689752999693,0.019592662225477397,0.0007113569008652121,0.02542767219711095,0.023120441124774516,0.0007286340551218018,0.025224495911970735,0.022780410363338888,0.027458220720291138,539.0
348,detached_warmup,0.15636316128075123,0.3264254629611969,2e-05,1e-06,0.0,0.0005678063389495946,0.02193555631674826,0.01692665193695575,0.0005824460531584918,0.021625376888550818,0.016830703825689852,0.0006012195663060993,0.021376404678449035,0.017112553352490067,0.0006211665458977222,0.021204231306910515,0.01697904907632619,0.02156951278448105,671.0
349,detached_warmup,0.16110642021521926,0.6837734580039978,2e-05,1e-06,0.0,0.0005568531778408214,0.021712196001317352,0.01892307650996372,0.0005706146839656867,0.021409819659311324,0.01670684412238188,0.0005885100581508595,0.0212087404797785,0.019140361808240414,0.0006071542229619808,0.021133193688001484,0.018549059866927564,0.024234268814325333,449.0
350,detached_warmup,0.1855059266090393,0.9448702931404114,2e-05,1e-06,0.0,0.0005969235899101477,0.025940678198821843,0.019949593290220946,0.0006157272582640871,0.02552618959452957,0.020590766915120184,0.0006361179548548535,0.025180528638884425,0.018540088611189276,0.0006573504724656232,0.0249229755718261,0.0223489836207591,0.01589236781001091,569.0
351,detached_warmup,0.17048671282827854,0.35670819878578186,2e-05,1e-06,0.0,0.0005239151032583322,0.02241182586294599,0.02049949363572523,0.0005409172772488091,0.02207963727414608,0.02083282871171832,0.0005610584848909639,0.02181707092677243,0.01878109364770353,0.0005827866007166449,0.0216724704077933,0.020183614222332835,0.017023436725139618,786.0
352,detached_warmup,0.16351906955242157,0.8374756574630737,2e-05,1e-06,0.0,0.0006085876448196359,0.019730905769392848,0.02126975095598027,0.0006223216296348255,0.01936107175424695,0.021196711575612426,0.0006383769032254349,0.019039521692320704,0.021412272995803505,0.0006555904546985403,0.018783274048473686,0.020200681581627578,0.01790078543126583,549.0
353,detached_warmup,0.20445027574896812,1.101733922958374,2e-05,1e-06,0.0,0.0007018450269242749,0.028641919372603297,0.021715979441069067,0.0007125155680114403,0.028250380186364055,0.021602157910820097,0.0007267049586516805,0.027902994537726045,0.0233431460801512,0.0007424265240842942,0.02760126069188118,0.022508949507027864,0.013829262927174568,538.0
354,detached_warmup,0.11985577456653118,0.9497630000114441,2e-05,1e-06,0.0,0.0005036731217842316,0.01618353062076494,0.013534872734453529,0.0005231702816672623,0.015650085697416216,0.0138100853364449,0.0005447381554404274,0.015226818853989244,0.014550590887665749,0.0005676609180227388,0.014952054480090737,0.013808495248667896,0.01607266440987587,671.0
355,detached_warmup,0.14272407768294215,0.4380025565624237,2e-05,1e-06,0.0,0.0005493768039741553,0.019329198461491615,0.015970568812917918,0.0005663609590556007,0.019021584885194898,0.016063328046584502,0.0005859929151483811,0.018804065068252385,0.016062855895143002,0.0006077697471482679,0.01869482424808666,0.016468151879962534,0.01779000274837017,770.0
356,detached_warmup,0.15665640030056238,0.4236740469932556,2e-05,1e-06,0.0,0.0006761521181033459,0.01936011982616037,0.01911168871447444,0.000689938369760057,0.019004783884156495,0.020368289202451706,0.0007069180537655484,0.01874772523296997,0.019699325086548924,0.0007246424429467879,0.018596142414025962,0.01897067960817367,0.014955507591366768,569.0
357,detached_warmup,0.13687409181147814,0.9319160580635071,2e-05,1e-06,0.0,0.0004820046488021035,0.016963490576017648,0.016198827943298966,0.0005055520268797409,0.016581709554884583,0.016963105445029214,0.0005305017439241055,0.01635541074210778,0.015924725448712707,0.0005552447655645665,0.016296543588396162,0.0195169763173908,0.019738705828785896,929.0
358,detached_warmup,0.14917803648859262,0.3362279236316681,2e-05,1e-06,0.0,0.0005545063213503454,0.019872828386723995,0.01809677784331143,0.0005697817650798243,0.01945169537793845,0.017059116275049746,0.0005890378706681076,0.01914966886397451,0.01755526813212782,0.0006095116259530187,0.019008603529073298,0.01666123722679913,0.02526913583278656,464.0
359,detached_warmup,0.14889396540820599,1.0698280334472656,2e-05,1e-06,0.0,0.0005758934748882893,0.020157267688773572,0.01651239686179906,0.000590191368246451,0.01972261827904731,0.016400141350459307,0.0006076908175600693,0.019377254298888147,0.017002574750222266,0.0006278922301135026,0.019127150299027562,0.01819289062405005,0.01948220282793045,569.0
360,detached_warmup,0.1584495920687914,1.3571335077285767,2e-05,1e-06,0.0,0.0005884515630896203,0.01777279330417514,0.021376268356107175,0.000606238823820604,0.017548213596455753,0.019782545161433518,0.0006291112476901617,0.017437922884710133,0.021759800612926483,0.0006538438319694251,0.01748803537338972,0.02280636678915471,0.026059065014123917,569.0
361,detached_warmup,0.14426757581532001,0.6961833238601685,2e-05,1e-06,0.0,0.0006139264805824496,0.018916933215223253,0.016901396098546684,0.0006337461309158243,0.018621654016897082,0.01688559423200786,0.0006571309022547211,0.018398349173367023,0.016891433740966022,0.00068179875597707,0.018274118192493916,0.016791495261713862,0.019296273589134216,540.0
362,detached_warmup,0.174645088147372,0.6659776568412781,2e-05,1e-06,0.0,0.0005562102123803925,0.021000658016419038,0.022028133447747678,0.0005801887928100768,0.020528990833554417,0.021211460552876815,0.000606086690822849,0.020264537364710122,0.02288818929810077,0.00063175001196214,0.02020989404991269,0.024138988956110552,0.026080088689923286,787.0
363,detached_warmup,0.16539491480216384,0.5140774250030518,2e-05,1e-06,0.0,0.0006886444098199718,0.021522166149225086,0.018727759656030685,0.000708437008142937,0.02111741347471252,0.021215857530478388,0.0007313868300116155,0.02083575539290905,0.01921217842027545,0.0007552606730314437,0.020671248144935817,0.01920880301622674,0.020287342369556427,583.0
364,detached_warmup,0.11380036547780037,0.5598286986351013,2e-05,1e-06,0.0,0.0004432785135577433,0.015409610117785633,0.012579887465108186,0.0004629048016795423,0.014938787091523409,0.012719072459731251,0.00048597686327411793,0.01455130340764299,0.01457462937105447,0.0005097469256725162,0.014273810898885131,0.012851354840677232,0.019714929163455963,670.0
365,detached_warmup,0.1538254024926573,0.47924789786338806,2e-05,1e-06,0.0,0.0005684621373802656,0.01995721977436915,0.01825320557691157,0.0005879776799702086,0.01944994879886508,0.01822739717317745,0.0006106848268245813,0.019089174922555685,0.01908594838459976,0.0006347127200569957,0.018896873865742236,0.018463796499418095,0.019750913605093956,570.0
366,detached_warmup,0.15606907289475203,0.36010703444480896,2e-05,1e-06,0.0,0.0006058222134015523,0.02063047478441149,0.019572935299947858,0.0006300589120655786,0.020165518042631447,0.019426422251854092,0.0006576549458259251,0.019789834739640355,0.014554898836649954,0.0006862489171908237,0.019536647712811828,0.019812555983662605,0.017618007957935333,489.0
367,detached_warmup,0.17941032722592354,0.5234795808792114,2e-05,1e-06,0.0,0.0005839440418640152,0.024462702102027833,0.02006950491340831,0.0006017588784743566,0.024126007687300444,0.01870385475922376,0.000621574461547425,0.023874611244536936,0.022381333983503282,0.0006419783530873246,0.023724407656118274,0.019618650781922042,0.021099448204040527,584.0
368,detached_warmup,0.11678729252889752,0.9313668012619019,2e-05,1e-06,0.0,0.0004925853354507126,0.014531352440826595,0.014498786651529372,0.0005118415756442118,0.014068513992242515,0.014959067513700575,0.0005330349049472716,0.013702309806831181,0.01406385056907311,0.0005538875047932379,0.01346571434987709,0.015406348509714007,0.020263932645320892,550.0
369,detached_warmup,0.1847178414463997,0.6381655335426331,2e-05,1e-06,0.0,0.0006492797474493273,0.021964838029816747,0.026183404959738255,0.0006637368605879601,0.021564766066148877,0.0237352050608024,0.0006814216103521176,0.021266690106131136,0.022674355772323906,0.0007005633851804305,0.021061613340862095,0.023571963771246374,0.03786671161651611,525.0
370,detached_warmup,0.1979027735069394,1.0538082122802734,2e-05,1e-06,0.0,0.0005925732184550725,0.021980002842610702,0.02749966288683936,0.0006116840959293768,0.021673714538337663,0.028375357040204108,0.0006331841759674717,0.021536476619075984,0.024900680495193228,0.0006551830701937433,0.021519799600355327,0.027924452093429863,0.027626875787973404,897.0
371,detached_warmup,0.1872665996197611,0.5771429538726807,2e-05,1e-06,0.0,0.0005901969052501954,0.024902956385631114,0.022262124373810366,0.0006112262271926738,0.02430866632494144,0.022081714298110455,0.00063656474230811,0.023863530543167144,0.021177227899897844,0.0006625913338211831,0.02360676700482145,0.022563028382137418,0.024685075506567955,788.0
372,detached_warmup,0.2258443613536656,0.8776279091835022,2e-05,1e-06,0.0,0.000624429729214171,0.027298064262140542,0.032816089544212446,0.0006478241484728642,0.026833560084924102,0.03218554667546414,0.0006736046707374044,0.026609757624100894,0.01755629453691654,0.0006989249668549746,0.02660789227229543,0.03329236278659664,0.027466991916298866,584.0
373,detached_warmup,0.19589182455092669,0.7694200277328491,2e-05,1e-06,0.0,0.0006100506798247807,0.02447192743420601,0.030580197868403047,0.0006313157136901282,0.024051424697972834,0.018217783246655017,0.0006555352774739731,0.02378328621853143,0.030391897133085877,0.0006814619555370882,0.023688460001721978,0.018128481111489236,0.020942620933055878,542.0
374,detached_warmup,0.25312017975375056,0.5892123579978943,2e-05,1e-06,0.0,0.0006508920196210966,0.03240834042662755,0.026188582967733964,0.000673281931085512,0.03196646337164566,0.026002803235314786,0.0006984577703406103,0.03166571576730348,0.03719832736533135,0.0007242825158755295,0.031527944578556344,0.03341508418088779,0.020181329920887947,788.0
375,detached_warmup,0.17552663898095489,1.4800938367843628,2e-05,1e-06,0.0,0.0004637542260752525,0.028280888858716935,0.025689509930089116,0.0004860598382947501,0.02787999447900802,0.012622092210222036,0.0005117436194268521,0.027725950116291642,0.012130726070608944,0.0005371442166506313,0.027809179504401982,0.011389600636903197,0.020710917189717293,443.0
376,detached_warmup,0.20669284742325544,0.8068001866340637,2e-05,1e-06,0.0,0.0006752014305675402,0.026789616560563445,0.01946508011315018,0.0006971865441300906,0.026470909360796213,0.03896626620553434,0.0007222743224701844,0.02627480705268681,0.0200604583369568,0.000748200443922542,0.026216162950731814,0.019606689107604325,0.01987907662987709,539.0
377,detached_warmup,0.2991492613218725,0.4679965674877167,2e-05,1e-06,0.0,0.0006221699768502731,0.033152505435282364,0.03390609158668667,0.0006400018173735589,0.032728196965763345,0.02137421749648638,0.0006602542052860372,0.032466043572640046,0.05424278834834695,0.0006812610226916149,0.032358705677324906,0.05631702925893478,0.020062115043401718,672.0
378,detached_warmup,0.16606019088067114,0.5750584602355957,2e-05,1e-06,0.0,0.0007337674051086651,0.01941159353009425,0.02294983310275711,0.0007484343805117533,0.01912384867318906,0.021132840600330383,0.0007661773634026758,0.018967529729707167,0.021672696981113404,0.0007851055197534151,0.018958718952490017,0.020809640467632562,0.017050934955477715,484.0
379,detached_warmup,0.13428062200546265,0.6692088842391968,2e-05,1e-06,0.0,0.0005855565905221738,0.017330939415842295,0.01604441908420995,0.0005987088225083426,0.016968848532997072,0.01618335011880845,0.0006152930945972912,0.016677046893164515,0.01599226170219481,0.0006334831996355206,0.016470430535264313,0.01618028583470732,0.019201522693037987,491.0
380,detached_warmup,0.11553342896513641,0.4139006733894348,2e-05,1e-06,0.0,0.00047553535841871053,0.016237990086665377,0.012502811208833009,0.0004918210979667492,0.015863457403611392,0.013060124038020149,0.0005106136450194754,0.015620584657881409,0.01312899379990995,0.000530090750544332,0.015499732515309006,0.011611678346525878,0.019152626395225525,572.0
381,detached_warmup,0.16699214791879058,0.6914147138595581,2e-05,1e-06,0.0,0.0005674641652149148,0.02141376817598939,0.01933406398165971,0.0005756801037932746,0.021081659593619406,0.02108793123625219,0.0005875140632269904,0.020817530807107687,0.018721457105129957,0.0006009304015606176,0.02060980664100498,0.021594342426396906,0.017861653119325638,715.0
382,detached_warmup,0.21416073013097048,1.3968855142593384,2e-05,1e-06,0.0,0.0006598693507839926,0.025353137054480612,0.02797054313123226,0.000668384807795519,0.02497695095371455,0.028699418297037482,0.0006797642126912251,0.024651757208630443,0.027353483252227306,0.0006918839644640684,0.024402410723268986,0.02805313019780442,0.022305496037006378,774.0
383,detached_warmup,0.2761390432715416,1.0775601863861084,2e-05,1e-06,0.0,0.0007120331501937471,0.03424043604172766,0.02980971767101437,0.0007218014652607962,0.03389615332707763,0.030330148641951382,0.0007338301293202676,0.03359186777379364,0.030032362905330956,0.0007482536457246169,0.03334470093250275,0.04797773214522749,0.0270302202552557,789.0
384,detached_warmup,0.2811029404401779,1.5786354541778564,2e-05,1e-06,0.0,0.0007584159975522198,0.03404428856447339,0.03952870692592114,0.0007698615700064693,0.033584734541364014,0.039797969337087125,0.000782939801865723,0.03318882087478414,0.02624048077268526,0.0007972718522069044,0.03288113581947982,0.038728315848857164,0.014998623169958591,785.0
385,detached_warmup,0.20186234498396516,1.2793928384780884,2e-05,1e-06,0.0,0.0006136221127235331,0.02654916257597506,0.024357351998332888,0.0006250235601328313,0.026065149635542184,0.02180680015590042,0.000639773625152884,0.02565002557821572,0.025833340507233515,0.0006557902088388801,0.025349626783281565,0.02371667424449697,0.015346698462963104,774.0
386,detached_warmup,0.15026385802775621,0.4832702577114105,2e-05,1e-06,0.0,0.0005134102138981689,0.02228826837381348,0.01706585066858679,0.0005285782826831564,0.021990700101014227,0.013036641263170168,0.0005465830618049949,0.021788073470816016,0.015678539115469903,0.0005654696651617996,0.021690855908673257,0.014570890052709728,0.017125634476542473,603.0
387,detached_warmup,0.2565956162288785,0.42338675260543823,2e-05,1e-06,0.0,0.0005994084276608191,0.0336338056367822,0.035447529109660536,0.0006158333308121655,0.033240629883948714,0.017718126706313342,0.0006355399164021946,0.03299300675280392,0.03192959033185616,0.0006571845879079774,0.032893116876948625,0.03623184055322781,0.026782605797052383,603.0
388,detached_warmup,0.13518932601436973,0.42548272013664246,2e-05,1e-06,0.0,0.0006297726431512274,0.016279869945719838,0.017656318144872785,0.0006482175813289359,0.01581933640409261,0.01812265778426081,0.0006697829558106605,0.015486903779674321,0.016749753849580884,0.0006919127954461146,0.015319831087253988,0.017114965128712356,0.020096270367503166,572.0
389,detached_warmup,0.25317409355193377,1.573083758354187,2e-05,1e-06,0.0,0.0006493552500614896,0.030035079340450466,0.03420420631300658,0.0006684555119136348,0.029378262057434767,0.033125405316241086,0.000689309264998883,0.028810920717660338,0.03168010956142098,0.0007110673541319557,0.0283869550912641,0.03483496489934623,0.018591543659567833,785.0
390,detached_warmup,0.1892488682642579,0.9784732460975647,2e-05,1e-06,0.0,0.0006029045398463495,0.02619279467035085,0.020779684302397072,0.000620943981630262,0.02560664783231914,0.018118820735253394,0.000643881328869611,0.025125550804659724,0.023724885541014373,0.0006680318365397397,0.024771102122031152,0.022393627790734172,0.021778518334031105,514.0
391,detached_warmup,0.2818332267925143,0.7104741930961609,2e-05,1e-06,0.0,0.0006984252395341173,0.030521830485668033,0.03891631052829325,0.0007172589976107702,0.029934994701761752,0.04044262628303841,0.0007388736485154368,0.029501497512683272,0.03936030954355374,0.0007607607294630725,0.029270045517478138,0.04097029470722191,0.03178098797798157,785.0
392,detached_warmup,0.22202246822416782,0.6011779308319092,2e-05,1e-06,0.0,0.0006683423125650734,0.028739393688738346,0.027399088023230433,0.0006869106000522152,0.02813986863475293,0.026781348162330687,0.0007106552075129002,0.027682628482580185,0.025586008210666478,0.0007347865102929063,0.02740169840399176,0.02749173843767494,0.036453936249017715,550.0
393,detached_warmup,0.25312263797968626,0.4666607975959778,2e-05,1e-06,0.0,0.0006561502668773755,0.037140028551220894,0.02556499489583075,0.0006800959308748133,0.036528409691527486,0.02479997742921114,0.0007097757916199043,0.036127455066889524,0.02848742890637368,0.0007412785853375681,0.035987958195619285,0.025699080317281187,0.030687546357512474,468.0
394,detached_warmup,0.1477244896814227,1.04926335811615,2e-05,1e-06,0.0,0.0005963238181720953,0.018861373653635383,0.018060211441479623,0.0006294224767771084,0.018272839835844934,0.018843631318304688,0.0006660556064161938,0.017918742494657636,0.01731777348322794,0.0007029470289126039,0.0178804371971637,0.017974732094444335,0.025077087804675102,571.0
395,detached_warmup,0.2090516546741128,0.532946765422821,2e-05,1e-06,0.0,0.0006201807482284494,0.02636042085941881,0.0339803087990731,0.0006471975793829188,0.02557768882252276,0.019971247878856957,0.0006797602472943254,0.025063319713808596,0.018144965870305896,0.0007125263218767941,0.024875509436242282,0.03241852577775717,0.03578265383839607,675.0
396,detached_warmup,0.2996215191669762,0.8415351510047913,2e-05,1e-06,0.0,0.000733544999093283,0.041131321457214653,0.03910836111754179,0.000773548825236503,0.04020068986574188,0.03877626691246405,0.0008116151802823879,0.03953531431034207,0.02898345305584371,0.0008471804030705243,0.039165202528238297,0.029555023997090757,0.029276710003614426,785.0
397,detached_warmup,0.2373638143762946,1.7864032983779907,2e-05,1e-06,0.0,0.0005472264383570291,0.029888854973251,0.033632478734944016,0.0005878761294297874,0.02906438722857274,0.01835569879040122,0.0006283868169703055,0.028838465455919504,0.03347440529614687,0.0006665984183200635,0.029190065863076597,0.032489373348653316,0.060191720724105835,446.0
398,detached_warmup,0.18370720418170094,1.2321999073028564,2e-05,1e-06,0.0,0.0006930285890121013,0.022669695783406496,0.025045074027730152,0.0007263600746227894,0.02200918586459011,0.021068519563414156,0.0007619758471264504,0.021731656073825434,0.02503935166168958,0.0007958923488331493,0.02172581310151145,0.021440651267766953,0.03251897171139717,491.0
399,detached_warmup,0.1893042642623186,0.5036568641662598,2e-05,1e-06,0.0,0.0006015138424118049,0.024381638737395406,0.024843785329721868,0.0006296331703197211,0.023517358931712806,0.02158880711067468,0.0006638443264819216,0.022954007785301656,0.02427312731742859,0.00069964162321412,0.022778321523219347,0.022372582054231316,0.08104918152093887,514.0
400,detached_warmup,0.23384593799710274,0.4612807333469391,2e-05,1e-06,0.0,0.0006063959554012399,0.03114961925894022,0.03417758893920109,0.0006377007885021158,0.030310134578030556,0.020765001012478024,0.000672900328936521,0.029792122659273446,0.03444541909266263,0.0007085979050316382,0.029556107707321644,0.021024351997766644,0.08445103466510773,541.0
401,detached_warmup,0.1337753552943468,0.9726048707962036,2e-05,1e-06,0.0,0.0005098087094665971,0.020338274829555303,0.013334037619642913,0.0005513461474038195,0.019455364963505417,0.012984209402929991,0.0005939902257523499,0.018980565189849585,0.012951351964147761,0.0006358808386721648,0.018984711437951773,0.014455813739914447,0.040605828166007996,601.0
402,detached_warmup,0.13288216013461351,0.7193542718887329,2e-05,1e-06,0.0,0.0005517962345038541,0.018121177447028458,0.014075522543862462,0.0005805696673633065,0.01739318552426994,0.01848431525286287,0.0006167241481307428,0.016965859453193843,0.013791875797323883,0.0006532334300572984,0.016854825196787715,0.014793077250942588,0.03749789297580719,473.0
403,detached_warmup,0.18698318907991052,0.7325121760368347,2e-05,1e-06,0.0,0.0005270013134577312,0.026458041509613395,0.01949468906968832,0.000557938423298765,0.025599654763936996,0.021126319363247603,0.0005924313009018078,0.02492749848170206,0.021183520962949842,0.00062630619504489,0.024592056055553257,0.02129773033084348,0.04631957411766052,551.0
404,detached_warmup,0.14439994096755981,0.35693952441215515,2e-05,1e-06,0.0,0.0005719369255530182,0.018652385129826143,0.016591803927440196,0.0005970794518361799,0.01792791418847628,0.01714918127981946,0.0006272044338402338,0.01740011526271701,0.01992033881833777,0.0006576987070729956,0.017133403511252254,0.01717088039731607,0.05354023724794388,551.0
405,detached_warmup,0.26055704709142447,0.7145650386810303,2e-05,1e-06,0.0,0.0006917635582794901,0.03304006764665246,0.024704404291696846,0.000715053072781302,0.0323095511412248,0.03998834581580013,0.000743511161999777,0.03181672270875424,0.023454851703718305,0.0007720071298535913,0.03154602681752294,0.04077473364304751,0.03518391400575638,675.0
406,detached_warmup,0.18375826627016068,0.3897663652896881,2e-05,1e-06,0.0,0.0005923170829191804,0.022373465122655034,0.01722633303143084,0.0006146716368675698,0.021639556100126356,0.03097592608537525,0.0006423395607271232,0.021133505390025675,0.016268578823655844,0.0006708351356792264,0.020897307491395622,0.03072342707309872,0.030041007325053215,541.0
407,detached_warmup,0.29054272547364235,1.7775741815567017,2e-05,1e-06,0.0,0.0007154666382120922,0.03890486364252865,0.0317165992455557,0.0007392708430415951,0.037998020416125655,0.03639178245794028,0.000766070414101705,0.03719156514853239,0.0325237805955112,0.0007943410018924624,0.03652381070423871,0.03627715341281146,0.024369169026613235,905.0
408,detached_warmup,0.18948919791728258,0.4876919686794281,2e-05,1e-06,0.0,0.0006129346693342086,0.02410970802884549,0.025067498325370252,0.0006353171265800484,0.023510929429903626,0.02335859287995845,0.0006626819085795432,0.023111956543289125,0.022383047151379287,0.0006905505360919051,0.02289793756790459,0.022448045201599598,0.03378625586628914,538.0
409,detached_warmup,0.10949780722148716,0.7977468371391296,2e-05,1e-06,0.0,0.00043755917067755945,0.017237424530321732,0.010129650065209717,0.00047521418673568405,0.0163884294743184,0.011416947236284614,0.0005115048734296579,0.01596774614881724,0.010087350994581357,0.0005470192845677957,0.015914920310024172,0.010384043358499184,0.03089751861989498,602.0
410,detached_warmup,0.19977143686264753,0.9958450198173523,2e-05,1e-06,0.0,0.0006358465034281835,0.027171888388693333,0.025199445197358727,0.0006592246390937362,0.026311642723158002,0.02257627935614437,0.0006864616516395472,0.0256571612553671,0.022004512953571975,0.0007137309039535467,0.02523850090801716,0.022916739340871572,0.029910868033766747,542.0
411,detached_warmup,0.17169005703181028,0.47037646174430847,2e-05,1e-06,0.0,0.0006029734431649558,0.026028746971860528,0.0179941370151937,0.0006291326499194838,0.025372379983309656,0.01728970732074231,0.000659604869724717,0.02492990717291832,0.015545289148576558,0.0006905344416736625,0.024785631569102407,0.017162014613859355,0.03439151495695114,570.0
412,detached_warmup,0.19696130231022835,0.7436318397521973,2e-05,1e-06,0.0,0.0006194250745465979,0.028418519417755306,0.019417425035499036,0.0006451572553487495,0.027690812712535262,0.022880237316712737,0.0006723162005073391,0.027096091769635677,0.021049247356131673,0.0006993748902459629,0.026662154938094318,0.021110543282702565,0.022105922922492027,774.0
413,detached_warmup,0.23463462479412556,0.5656815767288208,2e-05,1e-06,0.0,0.000623049807472853,0.028110706771258265,0.04175355681218207,0.0006530720929731615,0.02727648854488507,0.018909716833150014,0.0006823660769441631,0.026664195233024657,0.04217503499239683,0.0007109649995982181,0.026396423258120194,0.020679041102994233,0.022952502593398094,491.0
414,detached_warmup,0.15735637955367565,0.43417537212371826,2e-05,1e-06,0.0,0.0006207201513461769,0.01922921452205628,0.01919215510133654,0.000643694460450206,0.018533699796535075,0.018676138599403203,0.0006707551510771737,0.018119191750884056,0.021230418933555484,0.0006977590674068779,0.018019490176811814,0.021723145036958158,0.03527231886982918,468.0
415,detached_warmup,0.1722498801536858,0.8174397945404053,2e-05,1e-06,0.0,0.0006231365914572962,0.019973449205281213,0.02356838184641674,0.000649682835501153,0.01937382636242546,0.022686359530780464,0.0006776809677830897,0.0190887120552361,0.02259931986918673,0.0007049020168778952,0.019065195752773434,0.023239234637003392,0.04290259629487991,775.0
416,detached_warmup,0.1777131394483149,0.9054549932479858,2e-05,1e-06,0.0,0.0005862957623321563,0.022766275447793305,0.022291949077043682,0.0006111741022323258,0.021877347608096898,0.02144642610801384,0.0006377868558047339,0.021185643912758678,0.022033477493096143,0.0006654715652985033,0.020760248124133795,0.022851041809190065,0.050215285271406174,538.0
417,detached_warmup,0.19381427019834518,0.2689279019832611,2e-05,1e-06,0.0,0.0006264929434109945,0.027324906579451635,0.01973814656957984,0.0006568764329131227,0.026518960221437737,0.021523997973417863,0.000687755920807831,0.026080430776346475,0.022164381865877658,0.0007167437506723218,0.025877150474116206,0.021898429869906977,0.025785323232412338,675.0
418,detached_warmup,0.22932419553399086,0.5905253887176514,2e-05,1e-06,0.0,0.0006882641391712241,0.034337963443249464,0.024012904264964163,0.0007178423766163178,0.0335835040314123,0.023063398664817214,0.0007497314363718033,0.03301810787525028,0.02326686168089509,0.000780757975007873,0.032676675473339856,0.022428189171478152,0.027905847877264023,719.0
419,detached_warmup,0.18225511349737644,1.0875619649887085,2e-05,1e-06,0.0,0.0006109581663622521,0.025309379620011896,0.020734448509756476,0.0006376216406351887,0.02447091491194442,0.021747418184531853,0.0006672215240541846,0.023836184525862336,0.02004651410970837,0.000696604260156164,0.02343375899363309,0.02006409238674678,0.039779018610715866,719.0
420,detached_warmup,0.15486233588308096,0.7163439989089966,2e-05,1e-06,0.0,0.0005050836880400311,0.023436825431417674,0.015485893352888525,0.0005478590683196671,0.022369549958966672,0.016827314044348896,0.0005871659450349398,0.021564535069046542,0.016086566756712273,0.000625531542027602,0.021159658092074096,0.01566635287599638,0.03840344399213791,584.0
421,detached_warmup,0.21230708993971348,0.9047074317932129,2e-05,1e-06,0.0,0.0005953376603429206,0.029214205569587648,0.02031993679702282,0.0006256071064854041,0.02845678385347128,0.019851477118209004,0.0006602844150620513,0.028053417685441673,0.035467621055431664,0.0006933364566066302,0.027995276381261647,0.020373804960399866,0.039014577865600586,792.0
422,detached_warmup,0.12088082800619304,1.9332884550094604,2e-05,1e-06,0.0,0.000486132030346198,0.01474774131202139,0.01679764367872849,0.0005325317542883568,0.013969484571134672,0.014475118165137246,0.0005770856332674157,0.013782747642835602,0.015550830634310842,0.0006187917388160713,0.01409535008133389,0.015247371280565858,0.07613392174243927,573.0
423,detached_warmup,0.16031808871775866,0.39103367924690247,2e-05,1e-06,0.0,0.0005596118571702391,0.021162905963137746,0.019321198866236955,0.0005889809690415859,0.020268308755476028,0.01934262679424137,0.00062019831239013,0.019619219237938523,0.019897270889487118,0.0006516453286167234,0.019311044830828905,0.018975078593939543,0.03283911570906639,719.0
424,detached_warmup,0.1550903245806694,0.5798376202583313,2e-05,1e-06,0.0,0.0005974844170850702,0.0225002983934246,0.016024188051233068,0.0006324172900349367,0.021572927304077893,0.01659126701997593,0.0006678702920908108,0.020903236756566912,0.01768919685855508,0.0007039319680188783,0.02052425779402256,0.016683248104527593,0.03194958716630936,427.0
425,detached_warmup,0.2153355956543237,0.757760226726532,2e-05,1e-06,0.0,0.0006027783565514255,0.028283769875997677,0.02605020464397967,0.0006399530429916922,0.02733282162807882,0.021271610050462186,0.0006774183711968362,0.026824589527677745,0.027650381962303072,0.0007141314563341439,0.026714647421613336,0.028573292918736115,0.0472574308514595,901.0
426,detached_warmup,0.24923680536448956,0.9574846029281616,2e-05,1e-06,0.0,0.0007102331364876591,0.0329536241479218,0.021719509386457503,0.0007416242224280722,0.03198714042082429,0.03825767012313008,0.0007744717004243284,0.031197860138490796,0.023576289415359497,0.000806563111837022,0.030695255496539176,0.03581656492315233,0.04315044730901718,718.0
427,detached_warmup,0.2591882897540927,1.1131269931793213,2e-05,1e-06,0.0,0.0006652398296864703,0.034141347859986126,0.03918422554852441,0.0006921743442944717,0.03310637816321105,0.03727581322891638,0.0007241882995003834,0.03228154097450897,0.023695784562733024,0.000756637571612373,0.031819838855881244,0.024845116422511637,0.03874117136001587,572.0
428,detached_warmup,0.07899802457541227,1.1286330223083496,2e-05,1e-06,0.0,0.0004120384983252734,0.011401897703763098,0.008347394817974418,0.0004556492422125302,0.010311344696674496,0.009055397182237357,0.0005029778913012706,0.009658902476076037,0.008795709640253335,0.000548956999409711,0.00970051169861108,0.00980724475812167,0.030680501833558083,572.0
429,detached_warmup,0.16285610338672996,0.9952509999275208,2e-05,1e-06,0.0,0.0006925629677425604,0.0225052546011284,0.018620378396008164,0.0007361514108197298,0.021509484096895903,0.016133676806930453,0.0007788599177729338,0.020917062065564096,0.02030268806265667,0.0008213024484575726,0.02090336731635034,0.018935311469249427,0.03276567533612251,774.0
430,detached_warmup,0.27389274165034294,0.5055816173553467,2e-05,1e-06,0.0,0.0007185404247138649,0.03284391900524497,0.029037491884082556,0.0007457171959686093,0.032075652154162526,0.030736396787688136,0.0007769036819809116,0.031586768571287394,0.053164593409746885,0.000809361386927776,0.03139774384908378,0.02999965741764754,0.05442439764738083,791.0
431,detached_warmup,0.23660630034282804,0.4414888024330139,2e-05,1e-06,0.0,0.0006249776306503918,0.03562010722816922,0.026470082171726972,0.0006587052994291298,0.03471192819415592,0.024554760952014476,0.0006930268100404646,0.0342708884854801,0.020957212458597496,0.0007278067496372387,0.0341167405131273,0.02320006230729632,0.04047239571809769,451.0
432,detached_warmup,0.20953284855931997,0.3990842401981354,2e-05,1e-06,0.0,0.0007629011452081613,0.02687527856323868,0.026983083924278617,0.0007908510233392008,0.025966585846617818,0.02615415584295988,0.0008232883337768726,0.025364672648720443,0.02666751341894269,0.000855949787364807,0.02506707503926009,0.023221492301672697,0.04703343287110329,790.0
433,detached_warmup,0.14219337329268456,1.3551188707351685,2e-05,1e-06,0.0,0.0004621279294951819,0.01806835102615878,0.01861041074153036,0.0005056008958490565,0.01721749024000019,0.018674583290703595,0.0005477248814713676,0.016808593354653567,0.015712506021372974,0.0005877461298950948,0.016937772394157946,0.018060465867165476,0.041367463767528534,676.0
434,detached_warmup,0.15765220648609102,1.1930224895477295,2e-05,1e-06,0.0,0.000544273731065914,0.020876755617791787,0.018320015631616116,0.000583774071856169,0.020066502067493275,0.019938380050007254,0.0006226038858585525,0.019642359751742333,0.01762982946820557,0.0006607846298720688,0.019641841005068272,0.019125085324048996,0.048876889050006866,676.0
435,detached_warmup,0.22516717202961445,0.5802462100982666,2e-05,1e-06,0.0,0.0006330153228191193,0.028095008805394173,0.01828827999997884,0.0006654600074398331,0.027060078224167228,0.018007008475251496,0.0007009871187619865,0.026378034322988242,0.03836103237699717,0.0007364025004790165,0.02615001384401694,0.040091852424666286,0.03793518617749214,483.0
436,detached_warmup,0.14148125424981117,0.8652572631835938,2e-05,1e-06,0.0,0.0005268408203846775,0.018697669496759772,0.01717953209299594,0.0005648888400173746,0.017822425958001986,0.016760980419348925,0.0006015632570779417,0.01741699402919039,0.016196272510569543,0.0006384659136529081,0.01738555112387985,0.01769007110851817,0.036326825618743896,482.0
437,detached_warmup,0.13367498479783535,0.5329326391220093,2e-05,1e-06,0.0,0.0005574534188781399,0.018322349642403424,0.016301894676871598,0.0005847810025443323,0.017384395701810718,0.01666146796196699,0.0006161327873996925,0.016709750168956816,0.015963249083142728,0.0006484426921815611,0.016381559369619936,0.013543510518502444,0.03277180343866348,583.0
438,detached_warmup,0.2836095644161105,1.1626168489456177,2e-05,1e-06,0.0,0.0006381863749993499,0.03490259521640837,0.04624147538561374,0.0006607517716474831,0.03390321112237871,0.019039717153646052,0.0006868276323075406,0.033109422074630857,0.032937234034761786,0.0007140700181480497,0.03261546092107892,0.04816061403835192,0.04515339806675911,712.0
439,detached_warmup,0.1071091671474278,0.3245454728603363,2e-05,1e-06,0.0,0.0005254230709397234,0.014719863538630307,0.012456917902454734,0.0005617184215225279,0.013672574306838214,0.01202365302015096,0.0005983046285109594,0.012932914891280234,0.014290543855167925,0.0006337792292470112,0.012779563723597676,0.011913909635040909,0.02896677330136299,466.0
440,detached_warmup,0.1910072765313089,0.9808704853057861,2e-05,1e-06,0.0,0.0006628777919104323,0.024500836618244648,0.03212864638771862,0.0006837255641585216,0.02394254325190559,0.023255899315699935,0.0007084349235810805,0.02367631980450824,0.020031520980410278,0.0007346177153522149,0.02370807679835707,0.01697377918753773,0.02964506298303604,522.0
441,detached_warmup,0.10214149369858205,0.606879472732544,2e-05,1e-06,0.0,0.00043230949449934997,0.014847562299109995,0.010412416682811454,0.00046932778059272096,0.013782661379082128,0.010317328793462366,0.0005046882142778486,0.013063960679573938,0.011798535037087277,0.0005387147866713349,0.012776097981259227,0.013197891850722954,0.0421474352478981,469.0
442,detached_warmup,0.3568047434091568,2.385507822036743,2e-05,1e-06,0.0,0.00075967148586642,0.04789697623346001,0.04672825080342591,0.0007798668593750335,0.04683986271265894,0.03525405749678612,0.000804071722086519,0.04590545978862792,0.041612274129875004,0.0008295055740745738,0.04515186499338597,0.04424287925940007,0.031110739335417747,786.0
443,detached_warmup,0.17375020496547222,0.6922643184661865,2e-05,1e-06,0.0,0.0006120821562944911,0.020475643570534885,0.024259421974420547,0.0006312653858913109,0.01980734523385763,0.02281418803613633,0.0006534837011713535,0.019333836738951504,0.023417319054715335,0.0006771458574803546,0.01908815943170339,0.021980311488732696,0.06718149036169052,490.0
444,detached_warmup,0.1536738076247275,0.39586326479911804,2e-05,1e-06,0.0,0.0005581017176155001,0.018420740321744233,0.021263384027406573,0.0005947828976786695,0.01749112701509148,0.018662124348338693,0.0006317678926279768,0.016922621696721762,0.02242014039075002,0.0006685494081466459,0.016753599687945098,0.01928686269093305,0.04821884259581566,879.0
445,detached_warmup,0.15567541914060712,0.591219961643219,2e-05,1e-06,0.0,0.0005882683999516303,0.020813672308577225,0.01785844110418111,0.0006204643796081655,0.019985956692835316,0.018374656385276467,0.0006532344486913644,0.019503669667756185,0.018870521103963256,0.0006852709120721556,0.019427872088272125,0.01829339237883687,0.040323156863451004,580.0
446,detached_warmup,0.20882334653288126,1.0440505743026733,2e-05,1e-06,0.0,0.000621825318376068,0.027269926969893277,0.028662129770964384,0.0006477905735664535,0.02629896509461105,0.02366303652524948,0.0006774191206204705,0.02560490253381431,0.023820634931325912,0.0007065538520691916,0.025228712300304323,0.02562145283445716,0.037032026797533035,784.0
447,detached_warmup,0.18603840842843056,1.6065725088119507,2e-05,1e-06,0.0,0.0006414632589439861,0.023141750134527683,0.023930110211949795,0.0006758675153832883,0.022018228482920676,0.02521650167182088,0.000708266525180079,0.021107887791004032,0.024735340324696153,0.0007395468128379434,0.020583007659297436,0.02254043670836836,0.028988681733608246,581.0
448,detached_warmup,0.2113768681883812,0.3731194734573364,2e-05,1e-06,0.0,0.0006785165242035873,0.02590131387114525,0.022060400864575058,0.0007083603704813868,0.024997908272780478,0.03312046569772065,0.0007395710636046715,0.024407725199125707,0.022597264614887536,0.0007715801330050454,0.024168980191461742,0.031224781763739884,0.033231280744075775,782.0
449,detached_warmup,0.16515159350819886,0.6778706312179565,2e-05,1e-06,0.0,0.0005539249250432476,0.01962178258690983,0.022716344392392784,0.0005912479282415006,0.01858389173867181,0.021956896263873205,0.0006281912937993184,0.0180275373859331,0.02318656916031614,0.0006628297342103906,0.017948223394341767,0.020674154977314174,0.04177527129650116,455.0
450,detached_warmup,0.26899208780378103,1.1250486373901367,2e-05,1e-06,0.0,0.000683116028085351,0.03360977245029062,0.03692527941893786,0.000718015588063281,0.032854189281351864,0.0327231275732629,0.0007512202791986056,0.032615977921523154,0.033234069764148444,0.0007838863130018581,0.032748877187259495,0.03134455962572247,0.042642444372177124,520.0
451,detached_warmup,0.10951679991558194,1.423640489578247,2e-05,1e-06,0.0,0.00048048556163848843,0.014155576151097193,0.013043733459198847,0.000515748695761431,0.01329699790221639,0.01255978358676657,0.0005505845765583217,0.01299946938524954,0.014033318817382678,0.0005858472868567333,0.013184895913582295,0.014110356161836535,0.047740042209625244,450.0
452,detached_warmup,0.22396605741232634,0.8313325047492981,2e-05,1e-06,0.0,0.0007427157906931825,0.027940239757299423,0.027970782131887972,0.0007709627534495667,0.026917623355984688,0.026089187245815992,0.0008020625391509384,0.02612928336020559,0.02855779801029712,0.0008340177373611368,0.025647889473475516,0.03156350087374449,0.03409819304943085,893.0
453,detached_warmup,0.18544447049498558,0.8389400243759155,2e-05,1e-06,0.0,0.000544017217180226,0.022114008548669517,0.015344659914262593,0.0005781704530818388,0.021096775657497346,0.026669721235521138,0.0006121061705925968,0.02048837923211977,0.03056433144956827,0.0006448995445680339,0.020387246273458004,0.02640015905490145,0.041013218462467194,568.0
454,detached_warmup,0.24186354503035545,0.389991819858551,2e-05,1e-06,0.0,0.0006533819723699708,0.028719133115373552,0.036286431772168726,0.0006791714913561009,0.02770046202931553,0.03588973212754354,0.0007078074013406876,0.027090024203062057,0.020899430965073407,0.0007374626511591487,0.026951038686092943,0.03554947744123638,0.029084090143442154,669.0
455,detached_warmup,0.18780814297497272,0.5755910277366638,2e-05,1e-06,0.0,0.0005794256358058192,0.023829998506698757,0.031338171975221485,0.0006124781430116855,0.022779704653657973,0.016463394043967128,0.0006471288033935707,0.022154674283228815,0.031164374842774123,0.0006821230199420825,0.022065260622184724,0.01549140433780849,0.03502144291996956,481.0
456,detached_warmup,0.15856758505105972,0.5305396318435669,2e-05,1e-06,0.0,0.0005868047010153532,0.02197691093897447,0.01827047544065863,0.0006101915168983396,0.02120829449268058,0.01687597151612863,0.0006385991291608661,0.020724171597976238,0.01848313689697534,0.0006669701069768053,0.020571248373016715,0.01795481378212571,0.0325041264295578,538.0
457,detached_warmup,0.20208696275949478,1.4431318044662476,2e-05,1e-06,0.0,0.0007002242855378427,0.026228202623315156,0.025061327498406172,0.0007231142953969538,0.025183849851600826,0.02425250574015081,0.0007482756627723575,0.02435498486738652,0.026262248517014086,0.0007743203459540382,0.023862763424403965,0.023935150122269988,0.028898077085614204,784.0
458,detached_warmup,0.16819315776228905,0.5228399038314819,2e-05,1e-06,0.0,0.0006574873550562188,0.02527275978354737,0.01724034734070301,0.0006866370604257099,0.024387708806898445,0.016210458299610764,0.0007170133358158637,0.023804667871445417,0.017474087537266314,0.0007470788877981249,0.02362266433192417,0.017372244969010353,0.04363318905234337,598.0
459,detached_warmup,0.2527811275795102,1.9022856950759888,2e-05,1e-06,0.0,0.0007386844445136376,0.033234368718694896,0.02446059265639633,0.0007608636296936311,0.03210364154074341,0.0395079234149307,0.0007867949170758948,0.03115390770835802,0.022843264159746468,0.0008138973716995679,0.030474930827040225,0.03590225626248866,0.03706901893019676,521.0
460,detached_warmup,0.17283301963470876,0.5989790558815002,2e-05,1e-06,0.0,0.0005367204867070541,0.02481777622597292,0.021013447520090267,0.0005739561675000004,0.0237103154649958,0.017745039716828614,0.0006129250214144122,0.023023737536277622,0.020080727786989883,0.0006511831379611976,0.022738436004146934,0.017328755639027804,0.039408132433891296,423.0
461,detached_warmup,0.18369568651542068,0.3378787934780121,2e-05,1e-06,0.0,0.0006334049903671257,0.024055959307588637,0.020459716906771064,0.0006608372495975345,0.02303812961326912,0.023892443103250116,0.0006936440913705155,0.02241997915552929,0.022937823901884258,0.0007272623479366302,0.022191259893588722,0.02198522537946701,0.042229633778333664,568.0
462,detached_warmup,0.22831280063837767,0.5291178226470947,2e-05,1e-06,0.0,0.0005642684591293801,0.03296075400430709,0.02730472228722647,0.0005984124363749288,0.0321975399274379,0.019494698441121727,0.0006353613207465969,0.031719558930490166,0.026527937618084252,0.0006710724337608553,0.03155992378015071,0.024078552145510912,0.04484614357352257,599.0
463,detached_warmup,0.17915697395801544,0.34831124544143677,2e-05,1e-06,0.0,0.0005243468694970943,0.02483814477454871,0.019065495464019477,0.0005705000839952845,0.02353897044667974,0.02897950043552555,0.0006131058908067644,0.022627309197559953,0.015609997732099146,0.000654667728667846,0.022346415527863428,0.019788516161497682,0.04450657218694687,783.0
464,detached_warmup,0.20984713919460773,0.7108996510505676,2e-05,1e-06,0.0,0.0007150702294893563,0.026935464586131275,0.03445236664265394,0.0007454474180121906,0.02588017808739096,0.02385111036710441,0.0007807065921952017,0.02515409712214023,0.023149550950620323,0.0008153265443979762,0.02481598372105509,0.022551839472725987,0.038746368139982224,783.0
465,detached_warmup,0.12805191753432155,0.518886923789978,2e-05,1e-06,0.0,0.0004893655532214325,0.017376986099407077,0.015613886702340096,0.0005244701242190786,0.01626839116215706,0.016364316805265844,0.000562389257538598,0.015465998323634267,0.014942424779292196,0.0006000460052746348,0.015093492635060102,0.01475014933384955,0.052340272814035416,536.0
466,detached_warmup,0.09848350565880537,1.2472599744796753,2e-05,1e-06,0.0,0.0004854790950048482,0.012999767379369587,0.011127958889119327,0.000534430149855325,0.011900675919605419,0.012439998594345525,0.0005812112794956192,0.011355988535797223,0.011494953680085018,0.0006263798059080727,0.011511929566040635,0.013424732780549675,0.04542595148086548,511.0
467,detached_warmup,0.15819019405171275,0.3831641376018524,2e-05,1e-06,0.0,0.000628037811111426,0.017487887176685035,0.02099629316944629,0.0006533767736982554,0.016675136401318014,0.023302263900404796,0.0006819425543653779,0.016164880886208266,0.022402828559279442,0.0007105306212906726,0.01608555269194767,0.022401465626899153,0.03969727084040642,671.0
468,detached_warmup,0.23241644538939,1.2630125284194946,2e-05,1e-06,0.0,0.000634412033832632,0.0324959778226912,0.027390965551603585,0.0006718375734635629,0.03131472022505477,0.02671481348806992,0.0007104932192305569,0.03036622831132263,0.024110191909130663,0.0007480011481675319,0.029784616199322045,0.02747418562648818,0.0915251299738884,890.0
469,detached_warmup,0.13009752123616636,0.32776743173599243,2e-05,1e-06,0.0,0.0005449494565255009,0.017867646034574136,0.015871872776187956,0.0005886210419703275,0.01654709957074374,0.014620842324802652,0.0006316658036666922,0.015761211921926588,0.015570737683447078,0.0006730498789693229,0.015551908873021603,0.015867917041759938,0.09098472446203232,550.0
470,detached_warmup,0.18261608947068453,1.4400888681411743,2e-05,1e-06,0.0,0.0005477044032886624,0.02785719058010727,0.018147032824344933,0.0005814424730488099,0.02641280827810988,0.01781255513196811,0.0006169465996208601,0.02526712411781773,0.019907757407054305,0.0006519422022392973,0.024574827461037785,0.02023875794839114,0.06943044811487198,550.0
471,detached_warmup,0.13130242424085736,1.412926197052002,2e-05,1e-06,0.0,0.000556743674678728,0.0163393288385123,0.016718895989470184,0.000596623864112189,0.015294240438379347,0.01591825985815376,0.0006376610581355635,0.014799550466705114,0.01727890595793724,0.0006770098480046727,0.014977812767028809,0.017507392447441816,0.07249952107667923,773.0
472,detached_warmup,0.1724592912942171,1.5018434524536133,2e-05,1e-06,0.0,0.0006490156156360172,0.021396307973191142,0.016076074331067502,0.0006985361833358184,0.02016492682741955,0.028072132146917284,0.0007480683561880141,0.019607012916821986,0.016476341639645398,0.0007950964863994159,0.019692368106916547,0.0280834068544209,0.041092678904533386,384.0
473,detached_warmup,0.15279900887981057,0.7028511166572571,2e-05,1e-06,0.0,0.0005654770720866509,0.02056135388556868,0.017183020390802994,0.0006015957005729433,0.01903872675029561,0.019220269401557744,0.0006393344119715039,0.01797669130610302,0.018687324540223926,0.0006757331611879636,0.017648723034653813,0.020000754855573177,0.06709247827529907,489.0
474,detached_warmup,0.2418191833421588,0.45111948251724243,2e-05,1e-06,0.0,0.0006248192039493006,0.03311428724555299,0.029425367480143905,0.0006688655121251941,0.031892617262201384,0.029645230097230524,0.0007111592422006652,0.031167673703748733,0.026079708011820912,0.0007504155910282861,0.03102491149911657,0.026714128151070327,0.04873610660433769,900.0
475,detached_warmup,0.2121393522247672,0.4695683419704437,2e-05,1e-06,0.0,0.0006545435826410539,0.02486146369483322,0.02665331622119993,0.0006935380370123312,0.023540633963420987,0.0291475000558421,0.0007303173988475464,0.022693175356835127,0.027600776928011328,0.0007646853191545233,0.02247138589154929,0.03232801635749638,0.04005047306418419,903.0
476,detached_warmup,0.1855049328878522,0.6817041039466858,2e-05,1e-06,0.0,0.0006685965636279434,0.022845884319394827,0.02349892375059426,0.0006998332028160803,0.021812428545672446,0.02271935809403658,0.0007349829829763621,0.021264081122353673,0.024989143363200128,0.0007694490122958086,0.021207774174399674,0.024294482078403234,0.06653086096048355,669.0
477,detached_warmup,0.19421075796708465,1.3775423765182495,2e-05,1e-06,0.0,0.0005874090420547873,0.028274156677071005,0.01988719281507656,0.0006199323252076283,0.026760749809909612,0.022140065440908074,0.0006546134754898958,0.025584039220120758,0.023172822373453528,0.0006874829850858077,0.024888218322303146,0.02095407643355429,0.05573301762342453,670.0
478,detached_warmup,0.17539891926571727,0.7468407154083252,2e-05,1e-06,0.0,0.000549544161913218,0.023706620268058032,0.023455994407413527,0.0005831788912473712,0.02239152614492923,0.019117088813800365,0.0006188153711264022,0.021459057228639722,0.02002097957301885,0.0006526911602122709,0.021119372628163546,0.021724048885516822,0.04900975525379181,449.0
479,detached_warmup,0.1953269715886563,1.9019705057144165,2e-05,1e-06,0.0,0.0005622147509711795,0.023166028200648725,0.03276988797006197,0.000612011099292431,0.021996082068653777,0.0333088188781403,0.0006595484774152283,0.021683219471015036,0.018352149869315326,0.0007043056539259851,0.021957084187306464,0.01955562678631395,0.06026079133152962,785.0
480,detached_warmup,0.13632118329405785,0.9162859916687012,2e-05,1e-06,0.0,0.0005727437855966855,0.017367000924423337,0.017947852262295783,0.0006140449550002813,0.016104609239846468,0.017440453870221972,0.0006559493922395632,0.015320178354158998,0.017783650022465736,0.0006968714369577356,0.015337976044975221,0.016479852492921054,0.047967612743377686,482.0
481,detached_warmup,0.14434645138680935,0.6869316697120667,2e-05,1e-06,0.0,0.0005045793113822583,0.020101516391150653,0.018086631665937603,0.0005417630090960301,0.018841044104192406,0.015036002092529088,0.0005806380941066891,0.017910103837493807,0.017996902344748378,0.0006199882554938085,0.01754913094919175,0.016578153241425753,0.04887206852436066,535.0
482,detached_warmup,0.12622668920084834,1.4591799974441528,2e-05,1e-06,0.0,0.0004271941397746559,0.020863182318862528,0.012987246445845813,0.0004685106578108389,0.019204896176233888,0.01261891849571839,0.0005100678754388355,0.017876291705761105,0.012401685409713537,0.0005494243014254607,0.01710498466854915,0.011214290221687406,0.04068388044834137,472.0
483,detached_warmup,0.1113378582522273,0.3385935425758362,2e-05,1e-06,0.0,0.00042325315735070035,0.01701473689172417,0.012835916189942509,0.0004707364678324666,0.015553839213680476,0.010315851599443704,0.0005154681093699764,0.014484365587122738,0.011760510096792132,0.000557115905394312,0.014242046454455703,0.013164016825612634,0.04268268123269081,775.0
484,detached_warmup,0.14424615539610386,0.6302573084831238,2e-05,1e-06,0.0,0.0005953970721748192,0.01920387102290988,0.01757887692656368,0.0006231011066120118,0.017894315882585943,0.016926107462495565,0.0006566532902070321,0.017006613372359425,0.018220112891867757,0.0006901981396367773,0.0167088161688298,0.018142090528272092,0.04358489438891411,539.0
485,detached_warmup,0.28275649435818195,1.0423465967178345,2e-05,1e-06,0.0,0.0007126331838662736,0.039150163531303406,0.02589225838892162,0.0007381404211628251,0.03803939966019243,0.038204134441912174,0.0007678819820284843,0.03721747174859047,0.025305002694949508,0.000799206092779059,0.03675463970284909,0.03917556325905025,0.0478455051779747,669.0
486,detached_warmup,0.3068281216546893,0.603985607624054,2e-05,1e-06,0.0,0.0007405193318845704,0.03851524577476084,0.04137266462203115,0.0007629788597114384,0.03742788115050644,0.04167738452088088,0.000787947814387735,0.0366537116933614,0.02625288045965135,0.0008157164556905627,0.036327676265500486,0.04549351881723851,0.06763133406639099,535.0
487,detached_warmup,0.16281735012307763,0.5448094606399536,2e-05,1e-06,0.0,0.0005373733038140927,0.020833385147852823,0.02410094626247883,0.0005886302060389426,0.019409996224567294,0.02387770256609656,0.0006376176897902042,0.018650839454494417,0.010551557264989242,0.0006820698763476685,0.018356134300120175,0.024591099412646145,0.05660922825336456,522.0
488,detached_warmup,0.2171446466818452,0.24520474672317505,2e-05,1e-06,0.0,0.0006279468143475242,0.02704956886009313,0.023194718378363177,0.0006734579001204111,0.025760644144611433,0.032146182347787544,0.0007165522583818529,0.024908413412049413,0.022241590078920126,0.0007578968070447445,0.024633430526591837,0.034434249100741,0.06064115837216377,785.0
489,detached_warmup,0.1283300220966339,1.4953712224960327,2e-05,1e-06,0.0,0.000531922880327329,0.016587594203883782,0.016866930411197245,0.0005778537160949782,0.015396201080875471,0.016393398778745905,0.0006241779992706142,0.01482968995696865,0.017467675439547747,0.0006696907876175828,0.015013097203336656,0.013371791108511388,0.05139440298080444,424.0
490,detached_warmup,0.25462607853114605,0.8291512131690979,2e-05,1e-06,0.0,0.0006616899336222559,0.03109094372484833,0.04322471527848393,0.0006997359887463972,0.02950260485522449,0.023256427375599742,0.0007392739062197506,0.028423385927453637,0.043792030424810946,0.0007773290271870792,0.027985364547930658,0.02447257679887116,0.05512392893433571,455.0
491,detached_warmup,0.16536103747785091,0.3578409254550934,2e-05,1e-06,0.0,0.000505055722896941,0.021658109850250185,0.010992259776685387,0.0005728796095354483,0.019902379310224205,0.031426525325514376,0.0006305844508460723,0.01872278400696814,0.030963025230448693,0.000683535159623716,0.018414407095406204,0.010889490426052362,0.05615115165710449,441.0
492,detached_warmup,0.1439125556498766,0.9154130816459656,2e-05,1e-06,0.0,0.0006287713622441515,0.020882452896330506,0.016481129336170852,0.0006614966114284471,0.019493530737236142,0.016001822077669203,0.000697749503160594,0.018474370008334517,0.01580729120178148,0.0007345940211962443,0.01801709207938984,0.016032254265155643,0.05994130298495293,523.0
493,detached_warmup,0.11996173579245806,0.3186323344707489,2e-05,1e-06,0.0,0.0005279769866319839,0.01771864213515073,0.01412012061337009,0.0005730120028601959,0.01626154180848971,0.013466756383422762,0.0006168353647808544,0.015272114658728242,0.012424794025719166,0.0006583531139767729,0.014913590741343796,0.013407999358605593,0.047766245901584625,583.0
494,detached_warmup,0.1219123424962163,0.9646202325820923,2e-05,1e-06,0.0,0.0005022028053645045,0.01670396374538541,0.014633726270403713,0.0005422852264018729,0.015198580920696259,0.015636517433449626,0.0005840756457473617,0.014189260371495038,0.014630459307227284,0.000625662156380713,0.01386575511423871,0.014799853437580168,0.050563909113407135,569.0
495,detached_warmup,0.19905830966308713,1.5516036748886108,2e-05,1e-06,0.0,0.0006394922311301343,0.03028048330452293,0.0222953197080642,0.0006806065139244311,0.028708823781926185,0.019090502872131765,0.0007202429114840925,0.027480511052999645,0.02033299795584753,0.0007587223444716074,0.026762573688756675,0.02130803104955703,0.056783147156238556,523.0
496,detached_warmup,0.1672661667689681,0.513656497001648,2e-05,1e-06,0.0,0.0005671943945344537,0.020707827352453023,0.021029949362855405,0.0006130594738351647,0.019308427145006135,0.024378284462727606,0.0006593762918782886,0.018534318020101637,0.02253602014388889,0.0007039421907393262,0.018434022029396147,0.019793747982475907,0.07534775882959366,785.0
497,detached_warmup,0.16856000875122845,2.0050911903381348,2e-05,1e-06,0.0,0.00047305121006502304,0.025713775801705196,0.01544240114162676,0.0005243384548521135,0.024562767997849733,0.01549791227444075,0.0005774672863481101,0.024300347256939858,0.019355292461114004,0.0006280371817410924,0.024717351596336812,0.01676726166624576,0.0698854997754097,442.0
498,detached_warmup,0.1407078243792057,1.4490824937820435,2e-05,1e-06,0.0,0.0005419301633082796,0.016279078845400363,0.0194842730415985,0.0005981504473311361,0.014716601464897394,0.019732256507268175,0.0006493622531706933,0.014067574957152829,0.01984493189956993,0.0006970310569158755,0.014414010918699205,0.019682619196828455,0.09335281699895859,540.0
499,detached_warmup,0.17140803905203938,0.8973559737205505,2e-05,1e-06,0.0,0.0006036250269971788,0.02379325352376327,0.019119835866149515,0.0006519912749354262,0.02217672421829775,0.02050185314146802,0.0006988357854424976,0.02091162122087553,0.020154530473519117,0.0007421482732752338,0.02033044383279048,0.02172318025259301,0.07474024593830109,711.0
500,detached_warmup,0.16363473376259208,1.8533859252929688,2e-05,1e-06,0.0,0.0005482254528033081,0.02409502925002016,0.016051789338234812,0.0006054811092326418,0.022738987288903445,0.01553491418599151,0.0006593999423785135,0.022349802165990695,0.016925858188187703,0.0007096563203958794,0.022755772748496383,0.020659820293076336,0.06106220930814743,434.0
501,detached_warmup,0.23054924746975303,0.8741933107376099,2e-05,1e-06,0.0,0.000633668505543028,0.026112004066817462,0.016766257118433714,0.0006913425131642725,0.024530043097911403,0.039067454723408446,0.0007423470669891685,0.02370462816907093,0.03657719027251005,0.0007898334697529208,0.023725590261165053,0.037208888068562374,0.04903385415673256,463.0
502,detached_warmup,0.1668590037152171,0.4895890951156616,2e-05,1e-06,0.0,0.0005432114121504128,0.02531741576967761,0.018024307559244335,0.0005935619701631367,0.023416899202857167,0.01796701323473826,0.0006396762764779851,0.022066740930313244,0.017468246049247682,0.0006823171497671865,0.021650630980730057,0.01848898344906047,0.07678752392530441,465.0
503,detached_warmup,0.18074380280449986,0.4816880226135254,2e-05,1e-06,0.0,0.0005867379768460523,0.023283081216504797,0.02057545562274754,0.000636751592537621,0.021695338044082746,0.03267697582487017,0.0006842629445600323,0.020798167010070756,0.01949856005376205,0.0007264431806106586,0.02062587466207333,0.01895615627290681,0.05082869529724121,420.0
504,detached_warmup,0.21072533493861556,1.1199952363967896,2e-05,1e-06,0.0,0.0007094433422025759,0.028158175642602146,0.026546468259766698,0.0007534327742177993,0.026395470078568906,0.023535473213996738,0.00079594998533139,0.02507570109446533,0.026568541157757863,0.0008351527430932038,0.024574156035669148,0.026777370716445148,0.06292103230953217,783.0
505,detached_warmup,0.18784319516271353,0.2775234878063202,2e-05,1e-06,0.0,0.0005141518013260793,0.026442976319231093,0.02913121524034068,0.000563099962164415,0.024706986150704324,0.015000389539636672,0.0006111453913035803,0.023578992346301675,0.01392330921953544,0.0006574871731572784,0.023284622409846634,0.029428817215375602,0.06675733625888824,469.0
506,detached_warmup,0.1871045776642859,0.31199732422828674,2e-05,1e-06,0.0,0.000648771325359121,0.02323874068679288,0.02436875330749899,0.000695586026267847,0.021718744857935235,0.025744561018655077,0.0007398184752673842,0.020799647230887786,0.023780248418916017,0.0007812140611349605,0.020672257407568395,0.023916239384561777,0.0652322918176651,889.0
507,detached_warmup,0.21620255336165428,0.9450631141662598,2e-05,1e-06,0.0,0.0006099369857111014,0.030220148037187755,0.024976300075650215,0.0006530357386509422,0.028691103565506637,0.03062418766785413,0.000696920593327377,0.027563635492697358,0.0230234086047858,0.0007392372499452904,0.027028518496081233,0.021376123651862144,0.08661884069442749,887.0
508,detached_warmup,0.11531328782439232,1.5706732273101807,2e-05,1e-06,0.0,0.0005148040945641696,0.014682646957226098,0.014984562352765352,0.0005591608642134815,0.013271170319058001,0.01454668230144307,0.0006027921554050408,0.012635574501473457,0.01487611950142309,0.0006434381393773947,0.013054063834715635,0.014942268782760948,0.07555308938026428,767.0
509,detached_warmup,0.11475749406963587,0.8191961646080017,2e-05,1e-06,0.0,0.0004953581301379018,0.01686094974866137,0.013216027698945254,0.0005362144875107333,0.015293009579181671,0.013607026427052915,0.0005786584661109373,0.014227548846974969,0.012710954120848328,0.0006196672620717436,0.013806635804940015,0.012805443140678108,0.06846372783184052,519.0
510,detached_warmup,0.19818513188511133,0.6433542966842651,2e-05,1e-06,0.0,0.000628397614491405,0.025965801149141043,0.03883286251220852,0.0006663226195087191,0.02448465197812766,0.021764333272585645,0.0007062315198709257,0.023620796884642914,0.01798493292881176,0.0007434294457198121,0.023564744245959446,0.019222619477659464,0.0535028800368309,488.0
511,detached_warmup,0.21927715092897415,0.7039493918418884,2e-05,1e-06,0.0,0.0005734139667765703,0.03320898616220802,0.022336170892231166,0.0006082883992348798,0.03187970572616905,0.025212448090314865,0.0006463812824222259,0.030887942702975124,0.0211743040708825,0.0006838911649538204,0.030479995417408645,0.021585622802376747,0.07004277408123016,666.0
512,detached_warmup,0.13122606743127108,0.39991310238838196,2e-05,1e-06,0.0,0.0005962960422039032,0.01697264553513378,0.016071720398031175,0.0006365220542647876,0.015403905184939504,0.01526814594399184,0.0006790549741708674,0.01442439656239003,0.01674793753772974,0.0007196264559752308,0.014375550439581275,0.019330264418385923,0.06189379468560219,665.0
513,detached_warmup,0.15478849480859935,1.425385594367981,2e-05,1e-06,0.0,0.000527796582900919,0.02088268121588044,0.018041176488623023,0.0005831777598359622,0.019734868372324854,0.016414422396337613,0.0006330956384772435,0.019310620438773185,0.01956479178625159,0.0006794372602598742,0.01953868562122807,0.018877739261370152,0.08903834223747253,471.0
514,detached_warmup,0.1392380364704877,0.5330385565757751,2e-05,1e-06,0.0,0.0005678481029463001,0.01791595184477046,0.017911853065015748,0.0006186101381899789,0.016499660938279703,0.016860082978382707,0.000665850609948393,0.015708132414147258,0.019674295239383355,0.0007084691096679308,0.0155789649579674,0.01652832073159516,0.06532097607851028,665.0
515,detached_warmup,0.21448227483779192,0.9666438698768616,2e-05,1e-06,0.0,0.000630742924840888,0.030685845762491226,0.02101851929910481,0.0006661534498562105,0.02941465610638261,0.019487997167743742,0.0007018839969532564,0.028466855641454458,0.03403502469882369,0.0007367301295744255,0.028019031742587686,0.020618829410523176,0.08391328901052475,565.0
516,detached_warmup,0.2424215474165976,0.5954217910766602,2e-05,1e-06,0.0,0.0005549674933718052,0.031860084913205355,0.029970221337862313,0.0006001043111609761,0.030172908096574247,0.031194858340313658,0.0006425075989682227,0.028972096944926307,0.03023837273940444,0.0006828984587627929,0.028676955786067992,0.028855572105385363,0.08057668805122375,566.0
517,detached_warmup,0.13817583350464702,0.6542266011238098,2e-05,1e-06,0.0,0.0005416701606009156,0.01807346334680915,0.018450876814313233,0.000584346882533282,0.01643546874402091,0.017413950350601226,0.0006262423339649104,0.015262450790032744,0.017472606501542032,0.0006651098447036929,0.014845959725789726,0.017803690338041633,0.08625980466604233,781.0
518,detached_warmup,0.1641470449976623,0.757016122341156,2e-05,1e-06,0.0,0.0005575817594944965,0.02129788405727595,0.021326682006474584,0.0006015681683493312,0.019488353340420872,0.021143825782928616,0.0006447320338338614,0.018246298714075238,0.020954506646376103,0.000685894257912878,0.01791958522517234,0.021280133572872728,0.06519628316164017,781.0
519,detached_warmup,0.09459135890938342,0.6516802906990051,2e-05,1e-06,0.0,0.0004831973528780509,0.012793649337254465,0.012360900116618723,0.0005289297987474129,0.011344096245011315,0.011934437701711431,0.0005755642559961416,0.010509091196581721,0.011237682250794023,0.0006193014050950296,0.01047367649152875,0.011730835074558854,0.06837330758571625,415.0
520,detached_warmup,0.1736727252136916,1.078897476196289,2e-05,1e-06,0.0,0.0005231489303696435,0.02649119694251567,0.01390154950786382,0.0005745549678977113,0.025167437095660716,0.01478003934607841,0.0006224097378435545,0.02452207455644384,0.027556177316000685,0.0006673101379419677,0.02474085910944268,0.014125963265541941,0.06904743611812592,592.0
521,detached_warmup,0.2433029394596815,1.3094722032546997,2e-05,1e-06,0.0,0.0007859873512643389,0.02745329076424241,0.03750988026149571,0.0008127693581627682,0.025981647660955787,0.031522820238023996,0.0008418842990067787,0.024943147669546306,0.03254291205666959,0.0008712977432878688,0.024560130666941404,0.03547717072069645,0.04852072522044182,865.0
522,detached_warmup,0.13465801160782576,0.4522590935230255,2e-05,1e-06,0.0,0.0005856999778188765,0.017135143047198653,0.01845129008870572,0.0006284853661782108,0.015638963493984193,0.01769324386259541,0.0006706378262606449,0.014751196547877043,0.017308313981629908,0.0007108266945579089,0.014694651996251196,0.016389557626098394,0.06831251829862595,565.0
523,detached_warmup,0.17768944334238768,0.6768109202384949,2e-05,1e-06,0.0,0.0005942571078776382,0.022721880697645247,0.023050864518154413,0.0006419691853807308,0.021174111374421045,0.023018892505206168,0.0006876061561342794,0.020229693385772407,0.020447016751859337,0.000729925166524481,0.02024287247331813,0.024150350596755743,0.06352576613426208,866.0
524,detached_warmup,0.17740082368254662,0.5058532357215881,2e-05,1e-06,0.0,0.000653855997370556,0.022816729731857777,0.023271011421456933,0.0006912610479048453,0.02109376573935151,0.02157476218417287,0.0007297032643691637,0.019941863080020994,0.02300757495686412,0.0007673797699681018,0.019600494881160557,0.02325241733342409,0.0610884428024292,577.0
525,detached_warmup,0.3359159342944622,1.2928788661956787,2e-05,1e-06,0.0,0.0006784431643609423,0.04513627977576107,0.04002377693541348,0.0007169761811383069,0.04318478237837553,0.05488015152513981,0.0007561663041997235,0.04163092758972198,0.025417787837795913,0.0007932859443826601,0.040962068596854806,0.04173528321553022,0.08841261267662048,864.0
526,detached_warmup,0.13803367805667222,0.6271105408668518,2e-05,1e-06,0.0,0.0005075418284832267,0.018016898568021134,0.017595466459169984,0.0005496947014762554,0.0165826179436408,0.018147947965189815,0.0005931202176725492,0.015586499677738175,0.017860415391623974,0.0006355726327456068,0.015327544009778649,0.01663035963429138,0.0711740031838417,780.0
527,detached_warmup,0.2103304723277688,0.5041254162788391,2e-05,1e-06,0.0,0.0006051759119145572,0.029583521420136094,0.03465998254250735,0.0006529127713292837,0.028133473213529214,0.013415400782832876,0.0006994562754698563,0.0270332062500529,0.013660440279636532,0.0007422162598231807,0.026667459111195058,0.03447722957935184,0.07186803221702576,519.0
528,detached_warmup,0.20923594059422612,1.2463879585266113,2e-05,1e-06,0.0,0.0005971134451101534,0.022274404880590737,0.03669440426165238,0.0006458884708990809,0.02070035319775343,0.015317768673412502,0.0006927395188540686,0.01991207420360297,0.03657362790545449,0.0007361599273281172,0.02002059348160401,0.03507081780117005,0.06606363505125046,666.0
529,detached_warmup,0.3017092812806368,1.2550997734069824,2e-05,1e-06,0.0,0.0007132865866879001,0.03987307782517746,0.033515261602588,0.0007532165764132515,0.038031006581149995,0.055580063723027706,0.0007920838252175599,0.036616075900383294,0.024304849677719176,0.0008286029697046615,0.03589163831202313,0.03481012140400708,0.06686364114284515,780.0
530,detached_warmup,0.14271531999111176,1.1319516897201538,2e-05,1e-06,0.0,0.0005317372015269939,0.019662338425405324,0.018467071000486612,0.0005733298785344232,0.01786309271119535,0.019283095374703407,0.0006152408495836426,0.016478914563776925,0.014550316263921559,0.0006567672753590159,0.015959099808242172,0.018074316321872175,0.06929418444633484,533.0
531,detached_warmup,0.19999761134386063,0.5722616314888,2e-05,1e-06,0.0,0.0005812890085508116,0.029619760694913566,0.023411825299263,0.0006283613947744016,0.027786146791186184,0.02274432242847979,0.0006757235896657221,0.026483180205104873,0.02167098899371922,0.000720013958925847,0.02614884846843779,0.01952715468360111,0.06717788428068161,578.0
532,detached_warmup,0.21596809988841414,0.7221624255180359,2e-05,1e-06,0.0,0.0006385442975442857,0.027794716646894813,0.017801049747504294,0.0006755885842721909,0.025899887667037547,0.02986548317130655,0.00071279879193753,0.024557087512221187,0.030103004770353436,0.000749402359360829,0.024163536785636097,0.03300699678948149,0.07831348478794098,487.0
533,detached_warmup,0.16398757183924317,0.7672914266586304,2e-05,1e-06,0.0,0.000589094684983138,0.02330599306151271,0.017993908084463328,0.0006331918993964791,0.02159609872614965,0.020377590029966086,0.000679815020703245,0.02050740720005706,0.01642268570140004,0.0007230814808281139,0.020336288958787918,0.020822417689487338,0.09257853776216507,480.0
534,detached_warmup,0.22097873222082853,0.3132608234882355,2e-05,1e-06,0.0,0.0006381225430232007,0.027295773732475936,0.03371558853541501,0.0006829188714618795,0.02562351306551136,0.024276684795040637,0.0007276309115695767,0.02457718868390657,0.034339576901402324,0.0007705775205977261,0.02438903570873663,0.023942121653817594,0.08639061450958252,781.0
535,detached_warmup,0.17221001582220197,0.43254151940345764,2e-05,1e-06,0.0,0.0005935144181421492,0.023755246656946838,0.022327706799842417,0.0006572136626346037,0.02158095972845331,0.01929370453581214,0.0007143246766645461,0.020121166249737144,0.019288987852633,0.0007651604537386447,0.019858734332956374,0.023253296734765172,0.06698334962129593,853.0
536,detached_warmup,0.13214052584953606,1.5361329317092896,2e-05,1e-06,0.0,0.0004943070671288297,0.01725552330026403,0.028965889534447342,0.0005567814077949151,0.015533719153609127,0.010484610887942836,0.0006131848895165604,0.014827488601440564,0.012647890980588272,0.00066309883914073,0.015128429338801652,0.014969604788348079,0.0841677337884903,481.0
537,detached_warmup,0.14869685471057892,1.2580708265304565,2e-05,1e-06,0.0,0.0005679486494045705,0.019156629918143153,0.018087476084474474,0.0006278396467678249,0.017467031895648688,0.01762264349963516,0.0006823820440331474,0.01657182737835683,0.02022276958450675,0.0007342000171774998,0.01671439316123724,0.020241713267751038,0.09896315634250641,549.0
538,detached_warmup,0.23104837350547314,0.5574710369110107,2e-05,1e-06,0.0,0.0006729251435899641,0.032118076691403985,0.02774876623880118,0.0007138195214793086,0.03047679999144748,0.02484494139207527,0.000754587548726704,0.029517787683289498,0.026118808600585908,0.0007935620524222031,0.029590636666398495,0.02769766084384173,0.1247001439332962,773.0
539,detached_warmup,0.12836463190615177,0.8476755023002625,2e-05,1e-06,0.0,0.0005496169287653174,0.017515586456283927,0.01738003152422607,0.0006027862182236277,0.01572262914851308,0.015696773189119995,0.0006531344333779998,0.014763139886781573,0.014438903192058206,0.0006997089440119453,0.01492729235906154,0.015415032277815044,0.09314298629760742,668.0
540,detached_warmup,0.18548602564260364,1.155521273612976,2e-05,1e-06,0.0,0.0006208085906109773,0.027211926761083305,0.02152841363567859,0.0006716291973134503,0.025147663487587124,0.02056908787926659,0.0007190321630332619,0.023614839650690556,0.021124039019923657,0.0007616348957526498,0.022760953230317682,0.02075599890667945,0.06637825816869736,595.0
541,detached_warmup,0.17492878530174494,0.9245524406433105,2e-05,1e-06,0.0,0.0005991420475766063,0.022924149117898196,0.023926249879878014,0.0006426929394365288,0.021058769430965185,0.02133427152875811,0.0006867206902825274,0.019858837826177478,0.021947460831142962,0.0007277685290318914,0.01945527078351006,0.021767449215985835,0.08467192202806473,579.0
542,detached_warmup,0.1719795921817422,1.3893612623214722,2e-05,1e-06,0.0,0.0005920821276959032,0.025091000250540674,0.02073550212662667,0.0006340190448099747,0.023247522651217878,0.019656228367239237,0.000677196127071511,0.021860256209038198,0.01873095380142331,0.0007196749647846445,0.02114626031834632,0.018888899707235396,0.1092931404709816,594.0
543,detached_warmup,0.15655723959207535,0.7893299460411072,2e-05,1e-06,0.0,0.0006633658595092129,0.02168933121720329,0.02117580862250179,0.0007126396012608893,0.019588066439609975,0.01785970205673948,0.0007583243423141539,0.018072469625622034,0.01950734161073342,0.0007999592780834064,0.017507110256701708,0.01822311873547733,0.07528211176395416,667.0
544,detached_warmup,0.12026260001584888,0.36617231369018555,2e-05,1e-06,0.0,0.0005932006388320588,0.01534040563274175,0.016581730684265494,0.0006409110465028789,0.013603403815068305,0.015263615001458675,0.0006886516130180098,0.012567969388328493,0.01571501331636682,0.000734984059818089,0.012455717485863715,0.016076996107585728,0.0937395766377449,460.0
545,detached_warmup,0.2113800053484738,0.4067816436290741,2e-05,1e-06,0.0,0.0006322059380181599,0.026158993248827755,0.029937755345599726,0.0006749017957190517,0.024294743197970092,0.029020879796007648,0.0007161949215515051,0.0231255728576798,0.026967179001076147,0.0007556295313406736,0.02289044059580192,0.026205509202554822,0.11790456622838974,483.0
546,detached_warmup,0.12201979150995612,0.5854917764663696,2e-05,1e-06,0.0,0.0005071226951258723,0.018389870412647724,0.014362685615196824,0.0005661881405103486,0.01619055011542514,0.01302272581961006,0.000622186969849281,0.014764290710445493,0.015378347306977957,0.0006717853102600202,0.014336549618747085,0.013207489741034806,0.07677734643220901,713.0
547,detached_warmup,0.11639960017055273,1.4480576515197754,2e-05,1e-06,0.0,0.0005411545971583109,0.014369233918841928,0.015393776935525239,0.0005977118562441319,0.012727283261483535,0.016423976427176967,0.0006516050088976044,0.011995947890682146,0.015580483275698498,0.0007013793001533486,0.012396630074363202,0.015020418271888047,0.1003987044095993,666.0
548,detached_warmup,0.22204629704356194,1.3135288953781128,2e-05,1e-06,0.0,0.0006157189054647461,0.03174733917694539,0.027804231154732406,0.0006637008555117063,0.029449465218931437,0.027314460487104952,0.0007101629671524279,0.027842945186421275,0.02359879680443555,0.0007526885528932326,0.027080519474111497,0.024466271279379725,0.07952697575092316,781.0
549,detached_warmup,0.17791736498475075,0.5826489329338074,2e-05,1e-06,0.0,0.0006532318839163054,0.02364530903287232,0.022454290301539004,0.0006972830306040123,0.02151725796284154,0.02196686720708385,0.000738453229132574,0.020126866293139756,0.022625667101237923,0.0007764148867863696,0.01995961827924475,0.02275610330980271,0.07591850310564041,466.0
550,detached_warmup,0.1151367980055511,0.36424219608306885,2e-05,1e-06,0.0,0.00048709073962527327,0.018250522611197084,0.011924477876164019,0.0005428564873000141,0.015794571489095688,0.013766193529590964,0.0005960814778518397,0.014220104378182441,0.011148740304633975,0.0006473256289609708,0.013964986137580127,0.013793847989290953,0.08315674215555191,465.0
551,detached_warmup,0.27104959823191166,1.7111767530441284,2e-05,1e-06,0.0,0.0007268927874974906,0.036469953367486596,0.041538496501743793,0.0007739904322079383,0.03391161421313882,0.04057856020517647,0.000819677414256148,0.03188027476426214,0.025903664296492934,0.0008625203045085073,0.030934544862248003,0.02664940617978573,0.09355390071868896,880.0
552,detached_warmup,0.19650086155161262,0.35310089588165283,2e-05,1e-06,0.0,0.0006423281593015417,0.02533458871766925,0.025008589815115556,0.00069152117066551,0.023596494662342593,0.02416736719897017,0.0007417773049382959,0.022585342696402222,0.025823747157119215,0.0007894248410593718,0.02232112450292334,0.024798550584819168,0.09798859804868698,585.0
553,detached_warmup,0.13008890114724636,1.489421010017395,2e-05,1e-06,0.0,0.0005120481291669421,0.0165809090831317,0.017222226655576378,0.0005705217699869536,0.01427140983287245,0.017150596948340535,0.0006237509660422802,0.013120378833264112,0.016534060647245497,0.0006731517278240062,0.013807893032208085,0.019021955144125968,0.0786951333284378,570.0
554,detached_warmup,0.29163987608626485,0.9281789660453796,2e-05,1e-06,0.0,0.0006805045195505954,0.038118079741252586,0.05200427968520671,0.0007370232815446798,0.03565885001444258,0.033185569453053176,0.0007880283374106511,0.03413902746979147,0.037218652956653386,0.0008339043051819317,0.03345241415081546,0.024823543382808566,0.09238357096910477,782.0
555,detached_warmup,0.1736993002705276,0.4013482332229614,2e-05,1e-06,0.0,0.0006657738194917329,0.025194592133630067,0.01971297326963395,0.0007287644912139513,0.02310105401556939,0.019686668179929256,0.0007857545861043036,0.021778131107566878,0.01857543917139992,0.0008397363926633261,0.02168130746576935,0.020949102588929236,0.10997002571821213,426.0
556,detached_warmup,0.15531822526827455,0.36480605602264404,2e-05,1e-06,0.0,0.0005647839498124085,0.021265476942062378,0.01915520481998101,0.0006395168820745312,0.01916566610452719,0.01838421495631337,0.000704541576851625,0.017813426500651985,0.01964773767394945,0.0007612010376760736,0.01739152817754075,0.0198249266250059,0.08291489630937576,469.0
557,detached_warmup,0.1592299910262227,0.5418529510498047,2e-05,1e-06,0.0,0.0006287680371315219,0.020535907591693103,0.023561666952446103,0.0006800754345022142,0.018276736547704786,0.022001382138114423,0.0007304647588171065,0.01669769996078685,0.020159416657406837,0.0007767201750539243,0.016160807805135846,0.01902034820523113,0.13551850616931915,581.0
558,detached_warmup,0.1967990854755044,0.747655987739563,2e-05,1e-06,0.0,0.0006001419933454599,0.026738850283436477,0.01935575282550417,0.0006626002395933028,0.024385125434491783,0.019421494042035192,0.0007190057876869105,0.022861894249217585,0.01873598337988369,0.000770039034250658,0.02255921415053308,0.03998897864948958,0.13642026484012604,782.0
559,detached_warmup,0.19838666822761297,0.8278225660324097,2e-05,1e-06,0.0,0.0006711878377245739,0.028623768128454685,0.022556448820978403,0.000719191251846496,0.02624790894333273,0.021218290086835623,0.0007674210719414987,0.02469666738761589,0.023248380690347403,0.0008103102227323689,0.024288985936436802,0.024538109079003334,0.10383675992488861,711.0
560,detached_warmup,0.1050087024923414,2.4112162590026855,2e-05,1e-06,0.0,0.00047632758287363686,0.014303446747362614,0.014827521867118776,0.0005543893385038245,0.01201207732083276,0.01241250429302454,0.0006200352545420174,0.011355461494531482,0.0120651708857622,0.0006769302563043311,0.01239446020917967,0.013310376147273928,0.08437463641166687,667.0
561,detached_warmup,0.17100237915292382,1.6104352474212646,2e-05,1e-06,0.0,0.0005857793294126168,0.024167972936993465,0.01957571375533007,0.0006457953350036405,0.022344910772517323,0.017443844175431877,0.0007022679346846417,0.02170138302608393,0.019890492170816287,0.0007549018046120182,0.02238100685644895,0.020808313856832683,0.12289880961179733,534.0
562,detached_warmup,0.14055469445884228,0.6408622860908508,2e-05,1e-06,0.0,0.0005970094680378679,0.01944891852326691,0.01794027118012309,0.0006585784431081265,0.01730167551431805,0.017527990392409265,0.0007194215286290273,0.016110506374388933,0.016224128077737987,0.0007728345735813491,0.016137438011355698,0.017115923226810992,0.14561405777931213,573.0
563,detached_warmup,0.14829783327877522,1.0762604475021362,2e-05,1e-06,0.0,0.0005542215585592203,0.02123930986272171,0.018879466166254133,0.0006117216544225812,0.018769363465253264,0.015888704161625355,0.0006645885005127639,0.017443527904106304,0.018753264332190156,0.0007120675654732622,0.017714407527819276,0.017067189095541835,0.11717648804187775,775.0
564,detached_warmup,0.1699978052638471,0.7136490345001221,2e-05,1e-06,0.0,0.0005639336959575303,0.027080679195933044,0.018743730848655105,0.0006153284375614021,0.024835152726154774,0.01801093516405672,0.0006677346464130096,0.023286442388780415,0.017357294971589,0.000714425797923468,0.022928531048819423,0.015193620696663857,0.12382117658853531,567.0
565,detached_warmup,0.16688130144029856,0.38594844937324524,2e-05,1e-06,0.0,0.000649950685328804,0.02344605268444866,0.020633638952858746,0.0007081213479978032,0.02133761323057115,0.02053247857838869,0.0007608118976349942,0.01997007755562663,0.019538219436071813,0.0008077310121734627,0.01977156475186348,0.018725040135905147,0.11023955047130585,567.0
566,detached_warmup,0.2015329571440816,1.244759440422058,2e-05,1e-06,0.0,0.0005740733904531226,0.026187203591689467,0.030910855275578797,0.0006293406477198005,0.024397450062679127,0.016872210428118706,0.0006815947635914199,0.023632924450794235,0.019191364583093673,0.0007304619757633191,0.02384495607111603,0.033880520379170775,0.13756543397903442,421.0
567,detached_warmup,0.169034362770617,0.6099293231964111,2e-05,1e-06,0.0,0.000582090207899455,0.025974502554163337,0.018846891005523503,0.0006366013549268246,0.023907947819679976,0.01723271398805082,0.0006877884952700697,0.022616595029830933,0.01791219034930691,0.0007326121631194837,0.022494852193631232,0.017409578431397676,0.079253651201725,579.0
568,detached_warmup,0.2177065797150135,0.49441462755203247,2e-05,1e-06,0.0,0.0006328403615043499,0.03180453658569604,0.020815381198190153,0.0006757269220543094,0.030093960813246667,0.025495613575913012,0.0007205420988611877,0.029166418011300266,0.02195255330298096,0.0007624067293363623,0.029152024071663618,0.026434581144712865,0.1482916921377182,489.0
569,detached_warmup,0.13733473047614098,0.7868779897689819,2e-05,1e-06,0.0,0.0005576763505814597,0.017996885464526713,0.020276744849979877,0.0006163418729556724,0.01641977287363261,0.01782548992196098,0.0006691133748972788,0.015483014867641032,0.013904637889936566,0.0007138458240660839,0.01553916686680168,0.017332040355540812,0.13140709698200226,466.0
570,detached_warmup,0.14750553388148546,0.39503300189971924,2e-05,1e-06,0.0,0.0005511935087270103,0.020567219995427877,0.015417285670991987,0.0006196661743160803,0.018286817183252424,0.019887111702701077,0.0006764878999092616,0.016814161353977397,0.01727461352129467,0.0007260687125381082,0.016496461001224816,0.020188443653751165,0.07821662724018097,581.0
571,detached_warmup,0.27438630745746195,0.2580057382583618,2e-05,1e-06,0.0,0.0005929231956542935,0.031649153534090146,0.03924654651200399,0.0006494533845398109,0.030124215350952,0.03561715010437183,0.0007016728741291445,0.02918969208258204,0.03737274321611039,0.0007502698499592952,0.029032693040790036,0.039459787076339126,0.1332361251115799,511.0
572,detached_warmup,0.14524349849671125,1.6459205150604248,2e-05,1e-06,0.0,0.00057697025113157,0.01976874773390591,0.019624670268967748,0.0006230436629266478,0.017754880827851593,0.018618182744830847,0.0006669887807220221,0.01615988544654101,0.01708273950498551,0.0007068358609103598,0.015259871142916381,0.018400681030470878,0.1046513244509697,666.0
573,detached_warmup,0.10740935849025846,0.7908080220222473,2e-05,1e-06,0.0,0.0004340483537816908,0.015281083527952433,0.01143448706716299,0.0004944374995830003,0.013279341626912355,0.014314013125840575,0.0005499621729541104,0.012035884254146367,0.013240896339993924,0.0006007643460179679,0.011988311307504773,0.013756130414549261,0.10063779354095459,710.0
574,detached_warmup,0.28817772306501865,0.5810436606407166,2e-05,1e-06,0.0,0.0006546755612362176,0.03284467072808184,0.04687675755121745,0.0007004662766121328,0.031485963525483385,0.02429888944607228,0.0007447103198501281,0.030579217069316655,0.046712206676602364,0.000786134522059001,0.030384925194084644,0.04210908996174112,0.09609884023666382,567.0
575,detached_warmup,0.10489120823331177,1.024214267730713,2e-05,1e-06,0.0,0.0004694525050581433,0.014610650221584365,0.01238646821002476,0.0005438161897473037,0.013027312379563227,0.01200952020008117,0.0006042707755113952,0.012183624901808798,0.011758078297134489,0.0006633748198510148,0.01233046007109806,0.014304181095212698,0.11888721585273743,510.0
576,detached_warmup,0.22285222448408604,1.6345878839492798,2e-05,1e-06,0.0,0.0005532573159143794,0.036167824757285416,0.021662338986061513,0.0006063802356948145,0.033939952845685184,0.021370272792410105,0.0006515858331113122,0.03223918812000193,0.021131607296410948,0.0006918820145074278,0.03139315385487862,0.022444789006840438,0.07608974725008011,579.0
577,detached_warmup,0.2409219373948872,1.3311718702316284,2e-05,1e-06,0.0,0.0005701676018361468,0.038564816844882444,0.020124359289184213,0.0006271683123486582,0.03654268936952576,0.014197272481396794,0.000676565476169344,0.035083597351331264,0.02839793750899844,0.0007226270463434048,0.03434754750924185,0.03106718504568562,0.0928289145231247,595.0
578,detached_warmup,0.26287273596972227,1.2790626287460327,2e-05,1e-06,0.0,0.0007076700239849743,0.030232232878915966,0.039699188608210534,0.0007494639648939483,0.028110618761274964,0.04205850133439526,0.0007872272981330752,0.026607347885146737,0.027944715053308755,0.0008226887512137182,0.02609093621140346,0.03906214813468978,0.08782798796892166,665.0
579,detached_warmup,0.17265848023816943,1.4675596952438354,2e-05,1e-06,0.0,0.0005396374472184107,0.027613388607278466,0.018216152500826865,0.0006026193368597887,0.025144193990854546,0.018291568499989808,0.0006528510348289274,0.02334545541089028,0.0170355006121099,0.0007002654529060237,0.022703259892296046,0.017813589714933187,0.08693084120750427,595.0
580,detached_warmup,0.15733880922198296,0.6317170858383179,2e-05,1e-06,0.0,0.0006016948827891611,0.02117733543855138,0.02040336697245948,0.0006573571154149249,0.019132253743009642,0.019527817727066576,0.0007058503106236458,0.017591101001016796,0.0183840797690209,0.0007515857068938203,0.01707074244040996,0.02133561990922317,0.10107413679361343,518.0
581,detached_warmup,0.18116321973502636,0.2531563639640808,2e-05,1e-06,0.0,0.0005624041841656435,0.026291129004675895,0.032719127455493435,0.000615051500062691,0.024029603315284476,0.014645626011770219,0.0006641541367571335,0.02269965023151599,0.017683739599306136,0.000710159947630018,0.022674797743093222,0.017867783142719418,0.09173499047756195,462.0
582,detached_warmup,0.1094463518820703,1.710500717163086,2e-05,1e-06,0.0,0.0004522801737039117,0.014237234514439479,0.014995711884694174,0.0005179782456252724,0.01213282541721128,0.014109033509157598,0.0005736495404562447,0.011309741792501882,0.013863913191016763,0.0006240799120860174,0.011885076703038067,0.014744830317795277,0.12095165252685547,666.0
583,detached_warmup,0.2739542415365577,0.8544334173202515,2e-05,1e-06,0.0,0.0007156762221711688,0.031221351702697575,0.04430265515111387,0.000756357068894431,0.028891243506222963,0.04545290011446923,0.0007975163316586986,0.027366332476958632,0.023053625831380486,0.0008346798276761547,0.0269167727092281,0.04364513501059264,0.08698727190494537,571.0
584,detached_warmup,0.3135616835206747,2.145017385482788,2e-05,1e-06,0.0,0.0007891240966273472,0.04177897411864251,0.02977804304100573,0.0008351665892405435,0.03915790282189846,0.049872102099470794,0.000874883437063545,0.037033030996099114,0.04612465586978942,0.000911716851987876,0.03574829921126366,0.03065778373274952,0.0985637679696083,464.0
585,detached_warmup,0.16924750013276935,0.38107630610466003,2e-05,1e-06,0.0,0.0005619052935799118,0.022520033875480294,0.022448688687290996,0.0006121231890574563,0.020263799524400383,0.020950517151504755,0.0006602824942092411,0.01883870706660673,0.01836108398856595,0.0007068329177855048,0.01874182070605457,0.024581703823059797,0.11051786690950394,444.0
586,detached_warmup,0.2651755027472973,0.422722727060318,2e-05,1e-06,0.0,0.000662808830384165,0.03798929849290289,0.022421791160013527,0.0007165744682424702,0.036018600076204166,0.05435001966543496,0.0007641463889740407,0.034530778240878135,0.01970421540318057,0.0008083160064416006,0.03407853955286555,0.02313041896559298,0.14834964275360107,667.0
587,detached_warmup,0.15909937769174576,0.7425611019134521,2e-05,1e-06,0.0,0.0006402969447663054,0.022526374203152955,0.01795045204926282,0.0006986624575802125,0.01983951951842755,0.023443753249011934,0.0007514790922868997,0.01787178567610681,0.018753726151771843,0.0007987455173861235,0.017317324527539313,0.018507261644117534,0.1469944566488266,666.0
588,detached_warmup,0.12137537635862827,1.5527403354644775,2e-05,1e-06,0.0,0.000566271432035137,0.014885717129800469,0.017667984182480723,0.0006187999642861541,0.012490765133406967,0.017756901681423187,0.0006678140416624956,0.011451803817180917,0.01639186270767823,0.0007129820878617465,0.012153685267549008,0.016010790830478072,0.12928687036037445,579.0
589,detached_warmup,0.30253477953374386,1.0158658027648926,2e-05,1e-06,0.0,0.0007065009995130822,0.03710938699077815,0.0539757686201483,0.0007784130866639316,0.0345634741242975,0.03200915898196399,0.0008368169364985079,0.033172136754728854,0.03188509296160191,0.0008884432463673875,0.03344714094419032,0.04316245368681848,0.13843828439712524,782.0
590,detached_warmup,0.172920323908329,1.644469141960144,2e-05,1e-06,0.0,0.0005919762261328287,0.026389002217911184,0.019149921310599893,0.0006592787685804069,0.023872518620919436,0.017652250360697508,0.0007156090796343051,0.022573935304535553,0.01878337253583595,0.0007666634119232185,0.02309273323044181,0.018673058890271932,0.2025613933801651,426.0
591,detached_warmup,0.24030677787959576,0.7338178157806396,2e-05,1e-06,0.0,0.0006237222260097042,0.02567717293277383,0.037774631986394525,0.0006734410308126826,0.023345317371422425,0.03363094013184309,0.0007213994467747398,0.02213725497131236,0.03536550118587911,0.0007677506509935483,0.022442523622885346,0.03714712930377573,0.14094868302345276,510.0
592,detached_warmup,0.22151199774816632,0.5018184781074524,2e-05,1e-06,0.0,0.0006536450382554904,0.031239922216627747,0.02134152821963653,0.0007194491845439188,0.029018096276558936,0.021491331863217056,0.0007761389642837457,0.027575397689361125,0.029957783175632358,0.0008246857396443374,0.027110878669191152,0.03080313582904637,0.13560669124126434,782.0
593,detached_warmup,0.10984519263729453,1.0086042881011963,2e-05,1e-06,0.0,0.00046400688734138384,0.013388136110734195,0.015948455373290926,0.0005243294035608415,0.0113098130968865,0.01539677064283751,0.0005789763163193129,0.010312504426110536,0.01492438220884651,0.0006300340755842626,0.010789965745061636,0.015577815123833716,0.15816442668437958,482.0
594,detached_warmup,0.1892762091010809,0.8494932055473328,2e-05,1e-06,0.0,0.0006517676956718788,0.02535200910642743,0.024986124713905156,0.0006953122356208041,0.02302145806606859,0.024399041780270636,0.0007380233437288553,0.02148889738600701,0.02236312092281878,0.000778355090005789,0.02117894997354597,0.023623144952580333,0.13841108977794647,482.0
595,detached_warmup,0.162013185210526,1.0556678771972656,2e-05,1e-06,0.0,0.0006275836276472546,0.020014416833873838,0.022482416359707713,0.0006849338897154666,0.018071483733365312,0.02279142918996513,0.0007336501403187867,0.016517265554284677,0.021078386111184955,0.0007839228856028058,0.015846658730879426,0.022381035349098966,0.15279650688171387,490.0
596,detached_warmup,0.16879961732774973,1.776280164718628,2e-05,1e-06,0.0,0.0005463058478198946,0.023047722410410643,0.021202204457949847,0.0006022099987603724,0.020490606548264623,0.02326432103291154,0.0006494891567854211,0.018553417990915477,0.019772473606280982,0.0006909506191732362,0.01752714137546718,0.022452775854617357,0.11861508339643478,779.0
597,detached_warmup,0.09667416382580996,0.7522745728492737,2e-05,1e-06,0.0,0.00040604022797197104,0.014998579921666533,0.010459398676175624,0.0004785703531524632,0.01258050138130784,0.009950266889063641,0.0005410521625890397,0.011328897322528064,0.013366381812375039,0.0005939666043559555,0.011406545294448733,0.01056396251078695,0.15543590486049652,427.0
598,detached_warmup,0.2011371108237654,0.6149475574493408,2e-05,1e-06,0.0,0.0006606709503103048,0.02450312042492442,0.031311637023463845,0.0007162125075410586,0.021946409047814086,0.019789207726716995,0.0007634161665919237,0.020345240220194682,0.02995686448412016,0.000805435462098103,0.019963524740887806,0.03037536673946306,0.13846798241138458,509.0
599,detached_warmup,0.16477759135887027,0.45482951402664185,2e-05,1e-06,0.0,0.0006283634647843428,0.02383237553294748,0.018113134952727705,0.0006843520604888909,0.02162835793569684,0.02017752270330675,0.0007328607352974359,0.020384150906465948,0.018880947085563093,0.0007769908042973839,0.020223103114403784,0.018715429701842368,0.13363364338874817,578.0
600,detached_warmup,0.20865026116371155,1.6258608102798462,2e-05,1e-06,0.0,0.0007437339663738385,0.029227924533188343,0.024336258182302117,0.000787782104453072,0.026567756081931293,0.027496659895405173,0.0008305705559905618,0.02449406497180462,0.025009175529703498,0.0008696535223862156,0.023465504171326756,0.02482117898762226,0.09074710309505463,491.0
601,detached_warmup,0.20023784413933754,1.1567533016204834,2e-05,1e-06,0.0,0.0007356858368439134,0.026854743366129696,0.023775487032253295,0.0007900671917013824,0.02424063195940107,0.02239147323416546,0.0008354535239050165,0.022471607837360352,0.023191305110231042,0.0008793372471700422,0.02183659194270149,0.032235462160315365,0.16227266192436218,783.0
602,detached_warmup,0.2166999550536275,0.45257413387298584,2e-05,1e-06,0.0,0.0006231914085219614,0.03189937910065055,0.02416511403862387,0.0006776966438337695,0.029570606886409223,0.025793807639274746,0.0007303527818294242,0.02822096843738109,0.02359574136789888,0.0007751671801088378,0.027828137448523194,0.022819797974079847,0.1339912861585617,480.0
603,detached_warmup,0.15497411042451859,1.4967842102050781,2e-05,1e-06,0.0,0.0005308126856107265,0.023184515041066334,0.015796168998349458,0.0005947696154180449,0.02085848228307441,0.018048847530735657,0.0006511652281915303,0.01989420974859968,0.018826479034032673,0.0007014365000941325,0.02040523011237383,0.01548198948148638,0.12311215698719025,593.0
604,detached_warmup,0.14891092665493488,0.6170757412910461,2e-05,1e-06,0.0,0.0006091562026995234,0.01926599646685645,0.02225693454965949,0.0006621851280215196,0.016629387508146465,0.018286836566403508,0.0007128504730644636,0.015095765818841755,0.01986522294464521,0.0007598559677717276,0.01515128166647628,0.019615454017184675,0.12825362384319305,536.0
605,detached_warmup,0.17963070329278708,0.5011801719665527,2e-05,1e-06,0.0,0.0005741739714721916,0.02691583160776645,0.02210604041465558,0.000653152910672361,0.024035265756538138,0.01905900627025403,0.0007149323610065039,0.02254495519446209,0.01813165223575197,0.0007733692691545002,0.022820164362201467,0.021302158129401505,0.1452193260192871,885.0
606,detached_warmup,0.10398921743035316,0.5081650614738464,2e-05,1e-06,0.0,0.0005328593251761049,0.01521467906422913,0.013678442919626832,0.00059030265401816,0.012331694830209017,0.012828006409108639,0.0006460839722421952,0.010676622448954731,0.012282919022254646,0.0007029928819974884,0.010585599287878722,0.013919016579166055,0.13500413298606873,463.0
607,detached_warmup,0.17105289082974195,1.112531065940857,2e-05,1e-06,0.0,0.000591469190112548,0.02516532753361389,0.020467148278839886,0.0006448726380767766,0.022101182083133608,0.021672028466127813,0.0006963880987314042,0.019998238247353584,0.020340705814305693,0.0007438471438945271,0.01923093927325681,0.0194007403915748,0.14869298040866852,670.0
608,detached_warmup,0.2252026218920946,0.5453988313674927,2e-05,1e-06,0.0,0.0005928867758484557,0.028458422544645146,0.0306108717340976,0.000659025419736281,0.02567540085874498,0.04388867865782231,0.0007128719153115526,0.023790778446709737,0.01568700381903909,0.0007635252732143272,0.023458071780623868,0.0309050913201645,0.1536407768726349,468.0
609,detached_warmup,0.1281319041736424,0.9854589700698853,2e-05,1e-06,0.0,0.0005644535231112968,0.015278638747986406,0.01869049423839897,0.0006269460973271634,0.013230127398855984,0.017063310951925814,0.0006811765924794599,0.012102658103685826,0.017736111651174724,0.000731403604731895,0.012224955309648067,0.019201627874281257,0.21659240126609802,467.0
610,detached_warmup,0.1630606590770185,1.2884924411773682,2e-05,1e-06,0.0,0.0005834396943100728,0.025760561955394223,0.014527966879541054,0.0006487029531854205,0.0230334403750021,0.01532265916466713,0.000704260281054303,0.020855119597399607,0.013340849662199616,0.0007518390484619886,0.019895244913641363,0.027636578131932765,0.1315148025751114,721.0
611,detached_warmup,0.20270528085529804,1.4773147106170654,2e-05,1e-06,0.0,0.000650111905997619,0.027930692886002362,0.02704729454126209,0.0007137736974982545,0.025008469761814922,0.025326197617687285,0.000767187935707625,0.022862879850436002,0.02360518043860793,0.0008140613717841916,0.021969622233882546,0.02600980462739244,0.12108181416988373,577.0
612,detached_warmup,0.23664997913874686,0.47625991702079773,2e-05,1e-06,0.0,0.0006753425222996157,0.032967225852189586,0.02175186079693958,0.0007459484113496728,0.030571413110010326,0.03317422547843307,0.0008026124378375243,0.02898516770801507,0.033067457494325936,0.0008548185433028266,0.028526462381705642,0.02452744566835463,0.17066612839698792,785.0
613,detached_warmup,0.22202928690239787,0.41403114795684814,2e-05,1e-06,0.0,0.0006664945212833118,0.031865745258983225,0.02681742125423625,0.0007245257147587836,0.028920367651153356,0.028038472693879157,0.00077719111868646,0.026966625824570656,0.02568410593084991,0.0008243748161476105,0.026626860781107098,0.02411709778243676,0.1280137598514557,902.0
614,detached_warmup,0.1193383855279535,1.1904441118240356,2e-05,1e-06,0.0,0.00046425742948486004,0.01792310777818784,0.014831348322331905,0.0005523498439288232,0.015420680807437748,0.01320736258639954,0.000620029131823685,0.014079235217650421,0.013366777682676911,0.0006747054649167694,0.014472136652329937,0.013726391625823453,0.1917853206396103,577.0
615,detached_warmup,0.24511594232171774,0.9550203084945679,2e-05,1e-06,0.0,0.0005475969810504466,0.026069510087836534,0.02170300667057745,0.0006313614903774578,0.02379781848867424,0.04031533337547444,0.0006950333263375796,0.022455311176599935,0.04299960486241616,0.0007526983536081389,0.02265039848862216,0.04249825770966709,0.275406152009964,781.0
616,detached_warmup,0.1297765476629138,1.183374285697937,2e-05,1e-06,0.0,0.0005434061713458505,0.016375872364733368,0.016865331679582596,0.0006080306120566092,0.014207647182047367,0.016490079055074602,0.0006608584226341918,0.013235987920779735,0.01785984740126878,0.0007105330660124309,0.013765553827397525,0.018453400291036814,0.272805780172348,566.0
617,detached_warmup,0.13471106067299843,0.8296436667442322,2e-05,1e-06,0.0,0.0006263639006647281,0.019490232691168785,0.016201718244701624,0.000676372495945543,0.017022935498971492,0.016317786590661854,0.0007277659569808748,0.015742561605293304,0.014491813140921295,0.0007724055976723321,0.015900368976872414,0.016740737948566675,0.23526132106781006,780.0
618,detached_warmup,0.11943230824545026,0.9581003785133362,2e-05,1e-06,0.0,0.0005242382649157662,0.016470771486638114,0.014978758816141635,0.000590789280977333,0.013946887716883793,0.01441154326312244,0.0006526564538944513,0.012596083135576919,0.016437123966170475,0.0007081652438500896,0.01297457778127864,0.015140714531298727,0.16678057610988617,577.0
619,detached_warmup,0.22810123953968287,1.8575705289840698,2e-05,1e-06,0.0,0.0006028956231602933,0.03401234815828502,0.03294764249585569,0.0006592029021703638,0.03086108749266714,0.017678297590464354,0.0007089487044140697,0.028725474723614752,0.020629851729609072,0.0007512825759476982,0.02773827814962715,0.032785926130600274,0.15676239132881165,574.0
620,detached_warmup,0.15539092803373933,0.7169233560562134,2e-05,1e-06,0.0,0.0006046218550181948,0.019410435983445495,0.02211072522914037,0.0006604566588066518,0.016886302269995213,0.02123794989893213,0.0007085402103257366,0.01520260440884158,0.02051634358940646,0.0007544992949988227,0.015018866572063416,0.02227957855211571,0.19335542619228363,552.0
621,detached_warmup,0.21724440716207027,1.7050682306289673,2e-05,1e-06,0.0,0.0006310273747658357,0.030316924210637808,0.021729580912506208,0.0006934482880751602,0.027288420940749347,0.03229491555248387,0.000744522189052077,0.025190394662786275,0.02214515834930353,0.0007912793807918206,0.024009057349758223,0.03140967324725352,0.25969499349594116,788.0
622,detached_warmup,0.22681112214922905,2.332867383956909,2e-05,1e-06,0.0,0.0006637196529482026,0.037673264276236296,0.023995188530534506,0.0007215047589852475,0.03431802545674145,0.021222997456789017,0.0007689254271099344,0.03180391469504684,0.021175561181735247,0.0008101041094050743,0.03033752483315766,0.023320395732298493,0.1159815788269043,725.0
623,detached_warmup,0.1784701452124864,0.8188115358352661,2e-05,1e-06,0.0,0.0006116182448749896,0.021619437029585242,0.026075640867929906,0.0006641432628384791,0.019389263645280153,0.023079933802364394,0.0007098784699337557,0.01799740770366043,0.023342033353401348,0.0007530358343501575,0.018098162108799443,0.026129590696655214,0.16811257600784302,922.0
624,detached_warmup,0.11766517581418157,0.43498557806015015,2e-05,1e-06,0.0,0.0005001627796445973,0.016513662791112438,0.015505325980484486,0.00056737878912827,0.013905289000831544,0.01504298989311792,0.0006281058085733093,0.012193224509246647,0.015063000901136547,0.0006802543211961165,0.011991290404694155,0.01507449202472344,0.2023676186800003,671.0
625,detached_warmup,0.22364393761381507,0.3764762580394745,2e-05,1e-06,0.0,0.0006555329528055154,0.030358798219822347,0.027034415630623698,0.0006953067422728054,0.02822016825666651,0.02779492537956685,0.0007325904589379206,0.026896325347479433,0.027308709686622024,0.0007683705516683403,0.026748839765787125,0.026429958583321422,0.16801007091999054,671.0
626,detached_warmup,0.21513008372858167,0.4889533817768097,2e-05,1e-06,0.0,0.0006553297134814784,0.026006779284216464,0.029474440729245543,0.0007138652581488714,0.023303099151235074,0.028926321305334568,0.0007649256076547317,0.02159091894282028,0.0302380706416443,0.0008100230479612947,0.021378616511356086,0.031267700367607176,0.181515172123909,924.0
627,detached_warmup,0.16401821793988347,1.20528244972229,2e-05,1e-06,0.0,0.0005828367684443947,0.023127452295739204,0.021141894278116524,0.0006331399563350715,0.020335549488663673,0.019554556463845074,0.0006788479840906803,0.01835264719557017,0.019254310696851462,0.0007185217182268389,0.01763771678088233,0.02200074156280607,0.1565334051847458,580.0
628,detached_warmup,0.22055102605372667,0.45337262749671936,2e-05,1e-06,0.0,0.0005817548335471656,0.025026101153343916,0.01633150127599947,0.0006416996620828286,0.023188355669844896,0.03771971835521981,0.0006910371739650145,0.022034145978977904,0.035121774999424815,0.0007398734815069474,0.022105807438492775,0.0363692594692111,0.17138437926769257,465.0
629,detached_warmup,0.16847616527229548,0.510489284992218,2e-05,1e-06,0.0,0.0006362822496157605,0.021586173912510276,0.020974517916329205,0.0006938172373338602,0.0196680361405015,0.02237823186442256,0.0007420953843393363,0.018643230490852147,0.02182447223458439,0.0007867837048252113,0.018550948123447597,0.02199157595168799,0.1964305192232132,585.0
630,detached_warmup,0.11324818525463343,0.7376974821090698,2e-05,1e-06,0.0,0.00046697439393028617,0.014809150743531063,0.015749076032079756,0.0005320774180290755,0.012455877178581432,0.01398121821694076,0.0005888542436878197,0.011057461437303573,0.015878927748417482,0.0006387567918864079,0.011351666587870568,0.015738141431938857,0.16882827877998352,668.0
631,detached_warmup,0.11658592522144318,0.8076956868171692,2e-05,1e-06,0.0,0.0005033430679759476,0.015667722705984488,0.016737640340579674,0.0005642431933665648,0.013089136074995622,0.0145185052533634,0.0006196091635501944,0.011784519272623584,0.015553260629530996,0.0006704598490614444,0.011986368102952838,0.014891116879880428,0.19172757863998413,580.0
632,detached_warmup,0.18300602538511157,0.4739324152469635,2e-05,1e-06,0.0,0.0005352077132556587,0.02349078533006832,0.03331632644403726,0.0006028441057424061,0.020676661748439074,0.032207278651185334,0.0006626028989558108,0.018866231490392238,0.01659664505859837,0.0007143813199945726,0.01858223753515631,0.016754824726376683,0.1387663036584854,918.0
633,detached_warmup,0.19316485710442066,1.179669976234436,2e-05,1e-06,0.0,0.000675266986945644,0.025588021031580865,0.02515377232339233,0.0007283672894118354,0.02308669069316238,0.024252741946838796,0.0007794447374180891,0.02123589685652405,0.0239917803555727,0.0008256792716565542,0.020549999899230897,0.026297194650396705,0.15000656247138977,565.0
634,detached_warmup,0.2512936955317855,0.51157546043396,2e-05,1e-06,0.0,0.0006914055375091266,0.028726228163577616,0.039135274244472384,0.0007502033913624473,0.02628548431675881,0.037417829618789256,0.0008033319973037578,0.024798788654152304,0.028051791072357446,0.0008500483963871375,0.024496075056958944,0.039287226216401905,0.2265251874923706,915.0
635,detached_warmup,0.1497614469844848,0.683922290802002,2e-05,1e-06,0.0,0.0004877970422967337,0.022042238735593855,0.016039239562815055,0.0005517683239304461,0.01953412836883217,0.0175748681940604,0.0006093923839216586,0.017812729347497225,0.017873903590952978,0.0006606393908441532,0.01733637831057422,0.01923836430069059,0.1516447514295578,565.0
636,detached_warmup,0.08920848928391933,0.7339136600494385,2e-05,1e-06,0.0,0.00042294182276236825,0.012338500178884715,0.011843819462228566,0.0004827696429856587,0.010145106294658035,0.011978367576375604,0.0005382769049901981,0.008932483906392008,0.011038692609872669,0.0005888500454602763,0.009178253094432876,0.01172042841790244,0.15602265298366547,668.0
637,detached_warmup,0.13489379757083952,0.5309690237045288,2e-05,1e-06,0.0,0.0005564659659285098,0.018204899359261617,0.018245235842186958,0.0006225820688996464,0.015806569921551272,0.017618551733903587,0.0006764845711586531,0.01417691246024333,0.01705062316614203,0.000728863240510691,0.013809112046146765,0.017397495510522276,0.20567387342453003,781.0
638,detached_warmup,0.15016549522988498,1.0727506875991821,2e-05,1e-06,0.0,0.0006434655297198333,0.02205305002280511,0.018454543023835868,0.0007097450907167513,0.019383929495234042,0.01783055003033951,0.0007618226445629261,0.01731489776284434,0.017865765345050022,0.0008076788217294961,0.01666104214382358,0.017679005686659366,0.22129984200000763,665.0
639,detached_warmup,0.19718753919005394,0.473601758480072,2e-05,1e-06,0.0,0.0006326702059595846,0.030891620088368654,0.014958905929233879,0.0006987323868088424,0.027690854331012815,0.014266089769080281,0.0007560455087514129,0.025662852363893762,0.027120508661027998,0.0008068934839684516,0.025238511501811445,0.028463854803703725,0.16186371445655823,593.0
640,detached_warmup,0.08799582556821406,2.0227110385894775,2e-05,1e-06,0.0,0.00046655599180667195,0.012429053953383118,0.01143435196718201,0.0005507968453457579,0.009999259636970237,0.010846794757526368,0.0006119807439972647,0.0090718025167007,0.01061992862378247,0.0006683013052679598,0.00994319113669917,0.011353808455169201,0.25803855061531067,482.0
641,detached_warmup,0.09998496528714895,0.6145105361938477,2e-05,1e-06,0.0,0.0005284578328428324,0.013650712964590639,0.014472579292487353,0.0005954674597887788,0.010846327466424555,0.012711217161267996,0.0006514186461572535,0.009380658972077072,0.013359942531678826,0.0007000776677159593,0.009641999495215714,0.013446106109768152,0.16872309148311615,536.0
642,detached_warmup,0.22254785522818565,1.6059811115264893,2e-05,1e-06,0.0,0.0006872919548186474,0.033266175421886146,0.02729543310124427,0.0007475544844055548,0.029796541901305318,0.023964329273439944,0.0008001638925634325,0.027254884713329375,0.028025170788168907,0.0008452607798972167,0.026236112462356687,0.023628934286534786,0.09440267086029053,591.0
643,detached_warmup,0.26857865508645773,0.34918373823165894,2e-05,1e-06,0.0,0.0006643092419835739,0.029395594727247953,0.044718430552165955,0.0007195493744802661,0.026936418988043442,0.04494798820815049,0.0007696033353568055,0.025496834481600672,0.023796772409696132,0.00082037035463145,0.025250208156649023,0.04506257164757699,0.23439332842826843,779.0
644,detached_warmup,0.12969408929347992,0.8121252059936523,2e-05,1e-06,0.0,0.0005936156703683082,0.018433817313052714,0.015907685738056898,0.0006544242351083085,0.01525948365451768,0.016165373846888542,0.000705730817571748,0.013822087843436748,0.015973922796547413,0.0007530484508606605,0.013966756174340844,0.017458145157434046,0.2408323884010315,462.0
645,detached_warmup,0.1669638818129897,0.4497717618942261,2e-05,1e-06,0.0,0.0006423822305805515,0.023706093430519104,0.021821967733558267,0.0007118766297935508,0.02082400320796296,0.020927950565237552,0.0007664145668968558,0.01909845884074457,0.020305304205976427,0.0008141341968439519,0.018755553930532187,0.0185897434130311,0.21989062428474426,591.0
646,detached_warmup,0.1297682556323707,0.6563379168510437,2e-05,1e-06,0.0,0.0005310945125529543,0.01930064641055651,0.017040176404407248,0.0006042526110832114,0.016844203375512734,0.014319269102998078,0.0006663114145339932,0.015115749469259754,0.014542036835337058,0.0007191759141278453,0.014419763552723452,0.015665579674532637,0.19465535879135132,579.0
647,detached_warmup,0.13408715836703777,1.1414941549301147,2e-05,1e-06,0.0,0.0004955415897711646,0.020759545819601044,0.01318146358244121,0.0005654170672642067,0.01872183012892492,0.014488114131381735,0.0006218390517460648,0.017658111741184257,0.015484853211091831,0.0006729061060468666,0.017971610388485715,0.01346592462505214,0.18215735256671906,779.0
648,detached_warmup,0.14688491728156805,0.40715476870536804,2e-05,1e-06,0.0,0.0005710211335099302,0.021615952835418284,0.017599833256099373,0.0006548464007209986,0.018605692486744374,0.017668108688667417,0.000720298590749735,0.01685106527293101,0.017589802795555443,0.0007739088759990409,0.016778493125457317,0.017455893219448626,0.16973824799060822,424.0
649,detached_warmup,0.13023957749828696,0.7183057069778442,2e-05,1e-06,0.0,0.00044909277130500413,0.021246694901492447,0.015311481722164899,0.0005173216777620837,0.018862079363316298,0.014499055861961097,0.0005739585685660131,0.017417079710867256,0.011083473276812583,0.0006225579854799435,0.017431864398531616,0.012224917532876134,0.17217685282230377,590.0
650,detached_warmup,0.15926997736096382,0.6750589609146118,2e-05,1e-06,0.0,0.0005546478751057293,0.02261916274437681,0.020556850591674447,0.0006255975386011414,0.019859585619997233,0.019147154584061354,0.000681208934111055,0.017923881678143516,0.020003240962978452,0.0007299478238564916,0.017577146063558757,0.018991554796230048,0.13098423182964325,578.0
651,detached_warmup,0.1332988003268838,0.43202412128448486,2e-05,1e-06,0.0,0.0005951434723101556,0.018059107940644026,0.019300118670798838,0.00065381149033783,0.015454193810001016,0.016375928942579776,0.0007012518763076514,0.013936979696154594,0.017585335415787995,0.0007471894059563056,0.013928837259300053,0.01596089982194826,0.1501646339893341,457.0
652,detached_warmup,0.1554495133459568,0.33391937613487244,2e-05,1e-06,0.0,0.0006970909380470403,0.019176704226993024,0.02297142834868282,0.0007525315595557913,0.016750582843087614,0.020055995555594563,0.0008002393515198492,0.015394085668958724,0.02247198228724301,0.0008443232582067139,0.015326341148465872,0.020208203815855086,0.17862121760845184,468.0
653,detached_warmup,0.2418758082203567,0.9153509140014648,2e-05,1e-06,0.0,0.0005947349782218225,0.03575698134955019,0.031094936246518046,0.0006651230760326143,0.03310046246042475,0.02829495130572468,0.0007192047669377644,0.03171763714635745,0.03040689608315006,0.0007649158869753592,0.03174088359810412,0.017019081278704107,0.13232704997062683,713.0
654,detached_warmup,0.12004226399585605,0.31098243594169617,2e-05,1e-06,0.0,0.0005986974938423373,0.016810044180601835,0.016366686148103327,0.0006554331703227945,0.014191736525390297,0.014713051845319569,0.0007060688658384606,0.012794665904948488,0.015002153813838959,0.0007541528248111717,0.012682927830610424,0.014766646083444357,0.1526106297969818,468.0
655,detached_warmup,0.19535738322883844,1.1407768726348877,2e-05,1e-06,0.0,0.0005584578575508203,0.030645994993392378,0.022212709009181708,0.0006252338753256481,0.027559761598240584,0.020607694692444056,0.0006802620591770392,0.02554251058609225,0.02000202878843993,0.0007270309943123721,0.024922706885263324,0.021272990037687123,0.15346428751945496,590.0
656,detached_warmup,0.09664418082684278,0.7205478549003601,2e-05,1e-06,0.0,0.0004515866130532231,0.015202740847598761,0.011494784790556878,0.0005317019858921412,0.012501523538958281,0.011059914279030636,0.0005953996515017934,0.010829869017470628,0.01082017202861607,0.0006483382239821367,0.010767863190267235,0.011740287358406931,0.2674744427204132,547.0
657,detached_warmup,0.23756838869303465,0.7929172515869141,2e-05,1e-06,0.0,0.0006519723938254174,0.02954320691060275,0.035661586123751476,0.0007124503899831325,0.027093009237432852,0.027834839711431414,0.000759524577006232,0.025283397393650375,0.02788445181795396,0.0008017608888621908,0.024783527391264215,0.036558660794980824,0.2361474633216858,785.0
658,detached_warmup,0.11095928587019444,0.533550500869751,2e-05,1e-06,0.0,0.0004881821441813372,0.017131543456343934,0.012608691555215046,0.0005614852452708874,0.014393117191502824,0.01214917324250564,0.0006201558935572393,0.012867562443716452,0.01414878005743958,0.0006701146194245666,0.012582256633322686,0.012738222314510494,0.22856515645980835,507.0
659,detached_warmup,0.20631748903542757,1.7951594591140747,2e-05,1e-06,0.0,0.000568448467674898,0.031894500250928104,0.024796784040518105,0.0006246223092603032,0.029066402174066752,0.022849381726700813,0.0006727412255713716,0.027020950336009264,0.01934695156523958,0.0007143566763261333,0.02572940569370985,0.02303294063312933,0.1948111355304718,664.0
660,detached_warmup,0.2118371524848044,1.0262190103530884,2e-05,1e-06,0.0,0.000522226509929169,0.03480193635914475,0.029828691855072975,0.0005874425623915158,0.031863609387073666,0.0183516230317764,0.0006380557533702813,0.02992221317254007,0.018480615108273923,0.0006790508559788577,0.029165374347940087,0.016996316146105528,0.18245451152324677,778.0
661,detached_warmup,0.16894803382456303,0.4863916337490082,2e-05,1e-06,0.0,0.0005638807342620566,0.021390709734987468,0.023668654030188918,0.0006254889813135378,0.019173675682395697,0.022009425214491785,0.0006728840089635924,0.018032955122180283,0.024087609665002674,0.0007140234192775097,0.01777918788138777,0.020229538262356073,0.23423747718334198,714.0
662,detached_warmup,0.1742269448004663,0.7358483672142029,2e-05,1e-06,0.0,0.0006299779161054175,0.024171648605260998,0.034194790467154235,0.0006829132398706861,0.021773209737148136,0.015893132076598704,0.000727684426237829,0.02044761530123651,0.017256787337828428,0.0007712831647950225,0.020573391811922193,0.017104513943195343,0.2101755440235138,661.0
663,detached_warmup,0.18532427679747343,0.33834144473075867,2e-05,1e-06,0.0,0.0006178982475830708,0.024390527745708823,0.02571015915600583,0.0006745781356585212,0.021813684346852824,0.02290381761849858,0.0007218053724500351,0.020304061006754637,0.023302511021029204,0.0007632814813405275,0.02012104942696169,0.024000898527447134,0.16658714413642883,778.0
664,detached_warmup,0.2184243742376566,1.285801649093628,2e-05,1e-06,0.0,0.0006835378590039909,0.03146317432401702,0.018500208505429327,0.0007454686019627843,0.02871099696494639,0.04196780693018809,0.0007972022940521128,0.026807623042259365,0.020583358185831457,0.0008409734473389108,0.025891090335790068,0.021432939043734223,0.18511532247066498,574.0
665,detached_warmup,0.20199090242385864,0.8327767252922058,2e-05,1e-06,0.0,0.0006246863995329477,0.029282718198373914,0.03445383405778557,0.000696489165420644,0.0263124086195603,0.013079072232358158,0.0007569067238364369,0.024542161147110164,0.03411131427856162,0.0008118750192807056,0.023858051863498986,0.013461381080560386,0.20861321687698364,477.0
666,detached_warmup,0.2921474063768983,0.8458987474441528,2e-05,1e-06,0.0,0.0007145675699575804,0.04894272470846772,0.025853636325336993,0.0007673702639294788,0.04618368134833872,0.024870564113371074,0.000812646685517393,0.04448259109631181,0.027417518431320786,0.0008525665689376183,0.04459175269585103,0.026657784124836326,0.08803904056549072,481.0
667,detached_warmup,0.11663535796105862,1.3889843225479126,2e-05,1e-06,0.0,0.0005203654436627403,0.017882721207570285,0.013214105507358909,0.0005810137081425637,0.015400047181174159,0.013399973220657557,0.0006317905281321146,0.014134806871879846,0.012478043034207076,0.000676775882311631,0.014708705653902143,0.013007009052671492,0.1870909333229065,661.0
668,detached_warmup,0.13015738781541586,1.3026950359344482,2e-05,1e-06,0.0,0.0006387633984559216,0.016200284706428647,0.019024367909878492,0.0006949612070457079,0.01380444731330499,0.016773498384281993,0.000745487843232695,0.012753052520565689,0.015565116540528834,0.0007894711088738404,0.013252599979750812,0.019915333832614124,0.16070795059204102,581.0
669,detached_warmup,0.11854262184351683,1.1361578702926636,2e-05,1e-06,0.0,0.0005512387724593282,0.017504260875284672,0.015328883717302233,0.0006318004925560672,0.014489203924313188,0.015464795200387016,0.000693075213348493,0.013031318027060479,0.012870576931163669,0.0007471653807442635,0.013539206818677485,0.013691095053218305,0.12248840183019638,530.0
670,detached_warmup,0.17784994328394532,1.097057580947876,2e-05,1e-06,0.0,0.0005820736223540734,0.023402259655995294,0.023626892099855468,0.0006562970665981993,0.021548459015320987,0.02200207661371678,0.0007114783584256656,0.020553206064505503,0.018431634234730154,0.0007655071240151301,0.021096891054185107,0.024473166733514518,0.21987853944301605,897.0
671,detached_warmup,0.24654711782932281,0.9413202404975891,2e-05,1e-06,0.0,0.0007028202307992615,0.029305103002116084,0.045598448603414,0.000751552011934109,0.026949234190396965,0.03112676739692688,0.0007914672969491221,0.025339143758174032,0.030663945362903178,0.0008266969380201772,0.024806672940030694,0.029685266315937042,0.17941367626190186,897.0
672,detached_warmup,0.15776166645810008,0.5761509537696838,2e-05,1e-06,0.0,0.0005488387323566712,0.021349116344936192,0.016187372646527365,0.000620010934653692,0.019226823933422565,0.014458194287726656,0.0006771947664674371,0.018063008377794176,0.013200391957070678,0.000728072140191216,0.018064255185890943,0.03463839128380641,0.21493886411190033,448.0
673,detached_warmup,0.23793745739385486,0.807162344455719,2e-05,1e-06,0.0,0.0006123070052126423,0.03001142048742622,0.0436034687445499,0.000668591459543677,0.02677816612413153,0.027543204312678427,0.0007153962214943022,0.02466371061746031,0.04478753503644839,0.0007572515605716035,0.024224942782893777,0.01357146812370047,0.13912685215473175,509.0
674,detached_warmup,0.11486159591004252,1.119144320487976,2e-05,1e-06,0.0,0.0005488515380420722,0.01858664967585355,0.013845263805706054,0.0006047708811820485,0.015648733300622553,0.01320172066334635,0.0006581804882443976,0.013577137608081102,0.012661900487728417,0.0007039473966869991,0.012647030351217836,0.012177404423709959,0.17005473375320435,783.0
675,detached_warmup,0.16001082863658667,0.3585883677005768,2e-05,1e-06,0.0,0.000650972273433581,0.019893815566319972,0.024122791073750705,0.0007026243038126267,0.017489175428636372,0.023923210916109383,0.000745659908716334,0.016071298538008705,0.01985230576246977,0.0007864960134611465,0.016098419961053878,0.019674057490192354,0.164280965924263,486.0
676,detached_warmup,0.21542492788285017,1.195412516593933,2e-05,1e-06,0.0,0.0006864093084004708,0.029593006300274283,0.022054155124351382,0.0007381977084151004,0.0262649308424443,0.02502012677723542,0.0007859299876145087,0.02419458734220825,0.023376218014163896,0.0008279402100015432,0.023513882071711123,0.038369546935427934,0.18297985196113586,483.0
677,detached_warmup,0.2378283478319645,0.6281059980392456,2e-05,1e-06,0.0,0.0006852564984001219,0.02819033490959555,0.023560730507597327,0.0007360886374954134,0.02603839768562466,0.04108011908829212,0.0007825922730262391,0.024869716144166887,0.02205298957414925,0.0008277213273686357,0.024943231022916734,0.04406116728205234,0.17254777252674103,549.0
678,detached_warmup,0.3013657182455063,0.49246522784233093,2e-05,1e-06,0.0,0.0006153746726340614,0.044200861477293074,0.04477757471613586,0.0006787865495425649,0.04127067298395559,0.030688389437273145,0.0007276558826561086,0.03957850352162495,0.028882723883725703,0.0007672987267142162,0.03918891737703234,0.0299889660673216,0.13271628320217133,592.0
679,detached_warmup,0.1586220469325781,0.6672818660736084,2e-05,1e-06,0.0,0.0006351088450173847,0.021075781900435686,0.023100917460396886,0.0006865222167107277,0.018243455968331546,0.021784664771985263,0.0007310164073714986,0.016360370442271233,0.019875015132129192,0.0007692672734265216,0.01594935735920444,0.019410572829656303,0.1845797449350357,511.0
680,detached_warmup,0.19831190630793571,2.591224193572998,2e-05,1e-06,0.0,0.0005877788098587189,0.03240148408804089,0.023523688490968198,0.0006536769869853742,0.02842050470644608,0.02340941096190363,0.0007078995113261044,0.025217559130396694,0.02135340147651732,0.0007541854720329866,0.023238612338900566,0.01804370596073568,0.18044345080852509,511.0
681,detached_warmup,0.17220327584072948,0.467722088098526,2e-05,1e-06,0.0,0.0006724841223331168,0.021700113196857274,0.023980153317097574,0.0007199040192062967,0.01903020718600601,0.023397000157274306,0.000760404349421151,0.017416687682271004,0.022521599545143545,0.0008010355741134845,0.01714071404421702,0.024062976764980704,0.23641283810138702,788.0
682,detached_warmup,0.10541260009631515,0.5873607993125916,2e-05,1e-06,0.0,0.0005389653633756097,0.014221435703802854,0.014081271481700242,0.0006007993506500497,0.01135233958484605,0.014755944779608399,0.0006525914213852957,0.009606082865502685,0.014225931256078184,0.0006943234875507187,0.009554586955346167,0.015128327533602715,0.21453332901000977,538.0
683,detached_warmup,0.14924444118514657,0.5046078562736511,2e-05,1e-06,0.0,0.0005981025533401407,0.01758644822984934,0.021602307446300983,0.0006542752671521157,0.01553344851708971,0.021188295911997557,0.0007002293568802997,0.014284016710007563,0.01856368445442058,0.0007443134163622744,0.014246368780732155,0.02354294917313382,0.16996082663536072,565.0
684,detached_warmup,0.12130253482609987,1.241368293762207,2e-05,1e-06,0.0,0.000562818931939546,0.015808395110070705,0.01767371967434883,0.0006232889099919703,0.013710400962736458,0.014889708312693983,0.0006710782035952434,0.012964895373443142,0.015395265480037779,0.0007172652767621912,0.013467446522554383,0.014818251656834036,0.1972174346446991,482.0
685,detached_warmup,0.13255721936002374,0.5842404365539551,2e-05,1e-06,0.0,0.0005966125863778871,0.01836695204838179,0.01703714276663959,0.0006677779165329412,0.015598015306750312,0.01796594384359196,0.00072440425719833,0.013823376910295337,0.017681337310932577,0.0007684450756642036,0.013680934673175216,0.01564628054620698,0.23208336532115936,485.0
686,detached_warmup,0.12396242003887892,0.7346071004867554,2e-05,1e-06,0.0,0.0005188065006223042,0.01641291327541694,0.01637527602724731,0.0005835164774907753,0.014131077216006815,0.01498700276715681,0.0006399843114195392,0.012943329405970871,0.016875223140232265,0.0006868296040920541,0.013131863554008305,0.016676602652296424,0.2045818716287613,668.0
687,detached_warmup,0.14236748218536377,0.44274717569351196,2e-05,1e-06,0.0,0.0005527573084691539,0.02333323855418712,0.014703911961987615,0.0006272410646488424,0.020476333796977997,0.01489142281934619,0.0006850723730167374,0.018678244668990374,0.01364285487215966,0.0007338576615438797,0.0182027819682844,0.015839766710996628,0.27858245372772217,518.0
688,detached_warmup,0.20442940527573228,0.32754087448120117,2e-05,1e-06,0.0,0.0006520222304970957,0.02581289643421769,0.028631897002924234,0.0007125947304302827,0.023003294714726508,0.026788598450366408,0.0007630970249010716,0.02138515206752345,0.026798822917044163,0.0008036798899411224,0.021532224433030933,0.027545121090952307,0.27026697993278503,920.0
689,detached_warmup,0.22186458948999643,0.44698184728622437,2e-05,1e-06,0.0,0.0007052303844830021,0.028383731259964406,0.023784713121131063,0.0007601907236676197,0.025702376442495733,0.023930477094836533,0.0008072531636571512,0.02390807354822755,0.025036832434125245,0.0008484003701596521,0.023706948442850262,0.044290358549915254,0.2504464089870453,917.0
690,detached_warmup,0.15877524763345718,0.9414587020874023,2e-05,1e-06,0.0,0.000634345367870992,0.02270614414010197,0.019256981962826103,0.0006973765339353122,0.019208046374842525,0.02168112064828165,0.0007471074131899513,0.017130077409092337,0.020391955942614004,0.0007903445875854231,0.016610733116976917,0.01892101380508393,0.2184034138917923,564.0
691,detached_warmup,0.08878728188574314,0.6548845767974854,2e-05,1e-06,0.0,0.00044014325976604596,0.013860023056622595,0.012061396904755384,0.0005075525914435275,0.010668595408787951,0.01071736280573532,0.0005642277101287618,0.008806246245512739,0.010935540427453816,0.0006142682977952063,0.008417962933890522,0.011193962360266596,0.2676198482513428,538.0
692,detached_warmup,0.12959436513483524,0.40386682748794556,2e-05,1e-06,0.0,0.0005836142299813218,0.016997401224216446,0.01771310789627023,0.0006351533884298988,0.0145000277843792,0.018169703107560053,0.0006823528310633264,0.012865675729699433,0.01707835029810667,0.0007256671306095086,0.012516461225459352,0.01712685148231685,0.2033117562532425,667.0
693,detached_warmup,0.11605013813823462,0.7637766599655151,2e-05,1e-06,0.0,0.0005758030674769543,0.017145232937764376,0.013552209304179996,0.0006488722719950601,0.014803304657107219,0.012498931668233126,0.0007033710171526764,0.01351356931263581,0.014990453142672777,0.0007510702998843044,0.013782466150587425,0.01308485580375418,0.25430864095687866,465.0
694,detached_warmup,0.12066266033798456,1.4587503671646118,2e-05,1e-06,0.0,0.0005589478787442204,0.019701051525771618,0.015448888763785362,0.0006337624909065198,0.015860049752518535,0.01466092379996553,0.0006930695526534691,0.013223679387010634,0.01268073491519317,0.0007465471571777016,0.012082076806109399,0.014372928824741393,0.1980832815170288,579.0
695,detached_warmup,0.27695281617343426,0.922728955745697,2e-05,1e-06,0.0,0.000677765958243981,0.03833349369233474,0.031287093384889886,0.0007374472334049642,0.03548539863550104,0.042316392500652,0.0007887857100286055,0.03338278706360143,0.030546391906682402,0.0008341860957443714,0.03252459506620653,0.030038481228984892,0.21668705344200134,869.0
696,detached_warmup,0.09763351082801819,1.0716125965118408,2e-05,1e-06,0.0,0.0005045110701757949,0.012364636844722554,0.013901108934078366,0.0005638672555505764,0.010068499715998769,0.01385296366061084,0.000616851648373995,0.008986391709186137,0.012969966570381075,0.0006631374344578944,0.00949977507116273,0.013641797529999167,0.2620428204536438,483.0
697,detached_warmup,0.11703378753736615,0.9193159341812134,2e-05,1e-06,0.0,0.0004911610776616726,0.01523588623967953,0.016662447655107826,0.0005606607373920269,0.012753329705446959,0.015010326111223549,0.0006141493176983204,0.011629069238551892,0.015954551694449037,0.0006663361455139238,0.012101198895834386,0.01535466918721795,0.25026094913482666,510.0
698,detached_warmup,0.28422947879880667,0.6044647097587585,2e-05,1e-06,0.0,0.0006906938542670105,0.03759003832237795,0.03353836195310578,0.0007439888104272541,0.03430161520373076,0.03284950091619976,0.0007903770965640433,0.03227603653795086,0.032223328278632835,0.000828451884444803,0.031818166200537235,0.04657891410170123,0.2443014532327652,779.0
699,detached_warmup,0.18396096164360642,0.4109513461589813,2e-05,1e-06,0.0,0.0006439127973862924,0.021863891219254583,0.02746074361493811,0.0007029467960819602,0.01949928904650733,0.02455346967326477,0.000750087208871264,0.017980529664782807,0.023984463361557573,0.0007938219350762665,0.01768026454374194,0.02804753609234467,0.27743640542030334,842.0
700,detached_warmup,0.11483376193791628,0.9111343026161194,2e-05,1e-06,0.0,0.0004905497371510137,0.01481650467030704,0.015596406999975443,0.000544397160410881,0.012052139441948384,0.01527907489798963,0.0005918794304307085,0.010735271207522601,0.015341566235292703,0.0006350585681502707,0.010992820374667645,0.01775809610262513,0.25608882308006287,510.0
701,detached_warmup,0.24199698772281408,0.6162554621696472,2e-05,1e-06,0.0,0.0006554834690177813,0.033431039249990135,0.029281524010002613,0.0007121628150343895,0.030356967181432992,0.030043539416510612,0.0007557351054856554,0.02844079933129251,0.03095739532727748,0.0007948828497319482,0.027857069799210876,0.028710392769426107,0.18012648820877075,837.0
702,detached_warmup,0.18533483892679214,0.4100172519683838,2e-05,1e-06,0.0,0.0006559774919878691,0.02761186473071575,0.018800268415361643,0.0007081202056724578,0.024494633660651743,0.032322269631549716,0.0007563488252344541,0.02270727592986077,0.01774418307468295,0.0007980062655406073,0.022336331312544644,0.016399556770920753,0.16821609437465668,589.0
703,detached_warmup,0.1558705847710371,0.2521541714668274,2e-05,1e-06,0.0,0.0005814885662402958,0.022502452979097143,0.019928563648136333,0.0006402842154784594,0.019977270043455064,0.016294699802529067,0.0006912016651767772,0.018745000037597492,0.019096077943686396,0.0007373076587100513,0.018620011251186952,0.01805622858228162,0.21302303671836853,579.0
704,detached_warmup,0.14995768712833524,1.3161122798919678,2e-05,1e-06,0.0,0.0005877457224414684,0.022364726231899112,0.017398947733454406,0.0006508248698082753,0.01982945593772456,0.01677185157313943,0.0007030540036794264,0.018886860401835293,0.016383217996917665,0.0007494048986700363,0.019627981004305184,0.01600361440796405,0.23051172494888306,662.0
705,detached_warmup,0.29128185799345374,0.8781235218048096,2e-05,1e-06,0.0,0.0007622855191584677,0.03206393419532105,0.04863511445000768,0.0008117798424791545,0.028226462251041085,0.04766958666732535,0.0008555288004572503,0.025658155442215502,0.047925226332154125,0.0008943699867813848,0.025314456783235073,0.032464946911204606,0.14364729821681976,838.0
706,detached_warmup,0.18627455830574036,1.0309182405471802,2e-05,1e-06,0.0,0.00055450661238865,0.03099560592090711,0.020000109128886834,0.0006357481943268795,0.027819906448712572,0.01942930300720036,0.000699444608471822,0.02565898181637749,0.016445059358375147,0.0007514923490816727,0.02469150398974307,0.018592896725749597,0.3108047842979431,561.0
707,detached_warmup,0.13684701640158892,0.8251694440841675,2e-05,1e-06,0.0,0.0005972655890218448,0.0217593404231593,0.0162057604175061,0.0006719641714880709,0.01814665540587157,0.015863661537878215,0.0007283140002982691,0.015700783813372254,0.015073521295562387,0.000777538210968487,0.015153895015828311,0.016168315312825143,0.2216559648513794,662.0
708,detached_warmup,0.10527367098256946,1.055690884590149,2e-05,1e-06,0.0,0.0005045021825935692,0.014606517273932695,0.01320785831194371,0.0005749347546952777,0.01167903741588816,0.015158145863097161,0.0006292055441008415,0.010304385185008869,0.012687815848039463,0.0006758497256669216,0.010762286838144064,0.014483133680187166,0.1642468422651291,547.0
709,detached_warmup,0.3444894440472126,0.7893142700195312,2e-05,1e-06,0.0,0.0007092025516612921,0.04188489471562207,0.053266581264324486,0.0007753793106530793,0.03870096371974796,0.05425329925492406,0.0008301606576424092,0.03646967315580696,0.029663193738088012,0.0008771907087066211,0.03589447366539389,0.051164435455575585,0.18737755715847015,518.0
710,detached_warmup,0.23175599053502083,1.7270628213882446,2e-05,1e-06,0.0,0.0007372866966761649,0.03604764409828931,0.03652702528052032,0.000795860672951676,0.032335526309907436,0.022360987029969692,0.0008391370429308154,0.02983691170811653,0.020826805965043604,0.0008790727297309786,0.028518956736661494,0.022050787461921573,0.2603277862071991,711.0
711,detached_warmup,0.1496342292521149,0.396466463804245,2e-05,1e-06,0.0,0.0005814473679492949,0.020579332922352478,0.020056807523360476,0.0006512286854558624,0.017813172860769555,0.020662705413997173,0.0007062296208459884,0.016470404079882428,0.018841541052097455,0.000756396031647455,0.016580534167587757,0.015934432682115585,0.2691029906272888,538.0
712,detached_warmup,0.13592290645465255,0.4141928553581238,2e-05,1e-06,0.0,0.0006380467748385854,0.020475352299399674,0.015506392752286047,0.0007050842032185756,0.01747333607636392,0.015896137396339327,0.000756657864258159,0.01582014880841598,0.015295606281142682,0.0008037545230763499,0.015557555190753192,0.016994831850752234,0.2823461592197418,662.0
713,detached_warmup,0.16713311849161983,0.7317181825637817,2e-05,1e-06,0.0,0.0005220412494963966,0.027426583343185484,0.016493208007887006,0.0005820203114126343,0.0238055614172481,0.01624301547417417,0.0006292252110142726,0.021617896331008524,0.018765931425150484,0.0006703781255055219,0.021248420525807887,0.0191288375062868,0.20412945747375488,549.0
714,detached_warmup,0.15904615726321936,0.3695994019508362,2e-05,1e-06,0.0,0.0006415078423742671,0.02022808464244008,0.025516856811009347,0.0007006683117651846,0.016778518387582153,0.022896369569934905,0.0007459926928277127,0.01492741925176233,0.020999142492655665,0.0007847072774893604,0.014994786528404802,0.019832099904306233,0.21011823415756226,580.0
715,detached_warmup,0.16763408039696515,1.281548261642456,2e-05,1e-06,0.0,0.0005909938736294862,0.027052022458519787,0.018547569517977536,0.0006637163860432338,0.02338189972215332,0.01880725214141421,0.0007147077049012296,0.021125570085132495,0.016994401958072558,0.000759322130761575,0.01997445581946522,0.019022170454263687,0.33628368377685547,468.0
716,detached_warmup,0.174893484916538,0.40926694869995117,2e-05,1e-06,0.0,0.000573032557440456,0.026765595248434693,0.021224233641987666,0.0006566899901372381,0.023500974231865257,0.01743457082193345,0.0007197358063422143,0.02140299679012969,0.02086408925242722,0.0007676045352127403,0.02076961996499449,0.02021434041671455,0.21049821376800537,663.0
717,detached_warmup,0.16670832270756364,0.8329095840454102,2e-05,1e-06,0.0,0.0006527793666464277,0.021628055517794564,0.023238014633534476,0.0007168526535679121,0.018852505716495216,0.02155061738449149,0.0007744709437247366,0.017581723514012992,0.019745669065741822,0.0008253612322732806,0.017871113668661565,0.02327115897787735,0.2825872004032135,488.0
718,detached_warmup,0.09718608972616494,0.8458752036094666,2e-05,1e-06,0.0,0.00046082122207735665,0.014210319932317361,0.013360188895603642,0.0005541410137084313,0.011012094997568056,0.012279378977837041,0.000625974869763013,0.009210879768943414,0.011764459050027654,0.0006916351849213243,0.009488157025771216,0.01352803866029717,0.3231603801250458,488.0
719,detached_warmup,0.1398074682801962,1.1839619874954224,2e-05,1e-06,0.0,0.0005623225188173819,0.01943370804656297,0.01689551296294667,0.0006303788541117683,0.0172562719671987,0.016135535843204707,0.0006821748647780623,0.016531558765564114,0.017161171010229737,0.0007349683510256,0.017284764151554555,0.01649910194100812,0.17859601974487305,662.0
720,detached_warmup,0.3432890078984201,0.9655686616897583,2e-05,1e-06,0.0,0.0007382409312413074,0.04561678081518039,0.04187394701875746,0.0008053217097767629,0.04273654593271203,0.04924349655630067,0.0008557084074709564,0.040682989929337054,0.03978284832555801,0.000904163985978812,0.0400788210099563,0.03997013985645026,0.2512005567550659,788.0
721,detached_warmup,0.13715975917875767,0.9282042384147644,2e-05,1e-06,0.0,0.0005728850737796165,0.021082137594930828,0.016698925232049078,0.0006593553771381266,0.01769970718305558,0.014989067742135376,0.0007273699011420831,0.015616079268511385,0.01583353540627286,0.0007845176151022315,0.014834464469458908,0.017661714577116072,0.19442738592624664,576.0
722,detached_warmup,0.21657026326283813,0.8482248187065125,2e-05,1e-06,0.0,0.0006068437796784565,0.0356579432846047,0.020948650548234582,0.00068192580511095,0.031920071807689965,0.02116296428721398,0.0007354168628808111,0.029825627279933542,0.022472511744126678,0.0007803920343576465,0.029236727685201913,0.022541188925970346,0.22481462359428406,866.0
723,detached_warmup,0.15029861591756344,0.36087554693222046,2e-05,1e-06,0.0,0.0006203241209732369,0.02268026676028967,0.019193802261725068,0.0006909767398610711,0.018914655898697674,0.01791860966477543,0.0007455232989741489,0.016514574526809156,0.017164878896437585,0.0007929001294542104,0.016123153851367533,0.01893895142711699,0.23178526759147644,588.0
724,detached_warmup,0.11411535553634167,1.136474609375,2e-05,1e-06,0.0,0.0004990089910279494,0.016017751913750544,0.0156797076924704,0.0005783565866295248,0.012941945635247976,0.014487991691567004,0.000634239269857062,0.011408138816477731,0.01373055309522897,0.0006842599032097496,0.011715113621903583,0.01573828887194395,0.24381481111049652,661.0
725,detached_warmup,0.14630515035241842,0.7554450035095215,2e-05,1e-06,0.0,0.0005239601305220276,0.02224299925728701,0.017952224210603163,0.00062165642157197,0.01971951307496056,0.014063556853216141,0.0006868527161714155,0.018344322306802496,0.016318234673235565,0.0007513824748457409,0.01829278774675913,0.016787655738880858,0.39441853761672974,589.0
726,detached_warmup,0.2289271974004805,0.5327072739601135,2e-05,1e-06,0.0,0.0005957571374892723,0.033433837816119194,0.021448649087687954,0.0006761194817954674,0.029994407232152298,0.030547051544999704,0.0007364698831224814,0.027836123015731573,0.020035335066495463,0.0007903839650680311,0.02729227874078788,0.03554078927845694,0.25188079476356506,786.0
727,detached_warmup,0.1870875614695251,0.4500397741794586,2e-05,1e-06,0.0,0.0007374465712928213,0.025545093696564436,0.023775013047270477,0.0008108583788271062,0.022169743780978024,0.02381908189272508,0.0008629778676549904,0.020045484969159588,0.022961389244301245,0.000911574243218638,0.019309904717374593,0.026138993678614497,0.35462114214897156,486.0
728,detached_warmup,0.1463652360253036,0.686151921749115,2e-05,1e-06,0.0,0.000501445991176297,0.026018607954028994,0.01451975991949439,0.000607387933996506,0.02258874147082679,0.01381288780248724,0.0006656546029262245,0.020547397376503795,0.01290694493218325,0.0007167974690673873,0.019899959763279185,0.013579653430497274,0.25480347871780396,574.0
729,detached_warmup,0.1312288623303175,0.6320746541023254,2e-05,1e-06,0.0,0.0005502903222804889,0.02011598797980696,0.014283903641626239,0.0006228709535207599,0.017644831270445138,0.0133236080291681,0.0006762015982531011,0.016681919514667243,0.013275866745971143,0.0007228998656501062,0.016863204073160887,0.016467276436742395,0.36286449432373047,778.0
730,detached_warmup,0.15745166735723615,0.697977602481842,2e-05,1e-06,0.0,0.0006031993852957385,0.01911597984144464,0.027088393457233906,0.0006765126527170651,0.015685311460401863,0.011898918135557324,0.0007386319412034936,0.01383775201975368,0.025993220828240737,0.0007923278317321092,0.014067104493733495,0.02695431382744573,0.2890438139438629,462.0
731,detached_warmup,0.2787461709231138,0.7042917609214783,2e-05,1e-06,0.0,0.0007164138005464338,0.036669314838945866,0.05597183131612837,0.000787679004133679,0.032860620063729584,0.043826104840263724,0.0008420069643761963,0.030393898952752352,0.022518871468491852,0.0008928813404054381,0.02998434251639992,0.02328220591880381,0.22799070179462433,784.0
732,detached_warmup,0.13097435422241688,0.6092696189880371,2e-05,1e-06,0.0,0.0005657377769239247,0.019045647874008864,0.018508302920963615,0.0006504868615593296,0.015699239796958864,0.015502578287851065,0.0007118017601897009,0.014171833405271173,0.014532616653013974,0.0007722987938905135,0.014256220019888133,0.016557590279262513,0.3393489718437195,529.0
733,detached_warmup,0.15573179977945983,0.41224387288093567,2e-05,1e-06,0.0,0.00055496342247352,0.020816567790461704,0.020929781050654128,0.0006406744578271173,0.01742724410723895,0.0218750779167749,0.0007078315684339032,0.015240375709254295,0.02191230159951374,0.0007630312902620062,0.014967340481234714,0.019896605459507555,0.25413423776626587,468.0
734,detached_warmup,0.18348281341604888,0.6486178040504456,2e-05,1e-06,0.0,0.0006345951478579082,0.027169390756171197,0.023577666812343523,0.0007076165420585312,0.023890240234322846,0.01900792957167141,0.0007645706500625238,0.02212691042223014,0.02161297990824096,0.0008116518220049329,0.022461108077550307,0.020718154264613986,0.19690965116024017,546.0
735,detached_warmup,0.1689700991846621,0.2721554934978485,2e-05,1e-06,0.0,0.0006076981881051324,0.024648659862577915,0.021087660803459585,0.0006991746377025265,0.021822353708557785,0.01907212272635661,0.0007615499489475042,0.020095437997952104,0.019218190689571202,0.0008179851793101989,0.01977788141812198,0.020361379109090194,0.3313884735107422,783.0
736,detached_warmup,0.29322241991758347,2.434053421020508,2e-05,1e-06,0.0,0.000747218175092712,0.041417066124267876,0.03548665239941329,0.0008098599209915847,0.037187299807555974,0.03307052131276578,0.0008579589703003876,0.03398213780019432,0.03241105598863214,0.0008982172585092485,0.03235915442928672,0.04399528726935387,0.16949138045310974,783.0
737,detached_warmup,0.19701925106346607,1.3333444595336914,2e-05,1e-06,0.0,0.0006304843991529197,0.029747230000793934,0.0251141915214248,0.0006986726148170419,0.026299293036572635,0.022882550139911473,0.0007547342174802907,0.02404109132476151,0.020379304711241275,0.0008036563885980286,0.02339222008595243,0.022275818861089647,0.23575067520141602,529.0
738,detached_warmup,0.088996812235564,0.9340680837631226,2e-05,1e-06,0.0,0.0004828760320378933,0.014200494333636016,0.011124992684926838,0.0005816926131956279,0.010741597303422168,0.01032508973730728,0.0006509070590254851,0.009151236503385007,0.01067121489904821,0.0007074093373375945,0.009524389693979174,0.010834910674020648,0.3645792305469513,493.0
739,detached_warmup,0.10919421026483178,0.9589216113090515,2e-05,1e-06,0.0,0.0005727042698708829,0.015230624470859766,0.014837474387604743,0.0006729841334163211,0.012550568586448207,0.012206491082906723,0.0007367576690739952,0.011253759119426832,0.014395409729331732,0.0007950091894599609,0.01147053751628846,0.014471889822743833,0.34288516640663147,463.0
740,detached_warmup,0.13471485767513514,1.7450133562088013,2e-05,1e-06,0.0,0.0006145912993815728,0.017627545457798988,0.02022818964906037,0.0006903510584379546,0.01457547047175467,0.01712821377441287,0.0007458877444150858,0.013437319721560925,0.017481962218880653,0.0007939508650451899,0.01438897498883307,0.017002401291392744,0.19086803495883942,463.0
741,detached_warmup,0.12455437611788511,1.4517499208450317,2e-05,1e-06,0.0,0.0005334630186553113,0.014824792160652578,0.018426978000206873,0.0006074064876884222,0.012153560383012518,0.01846917439252138,0.0006632965305470861,0.011229823547182605,0.017736494657583535,0.0007113144674804062,0.012072825280483812,0.017125248559750617,0.2635048031806946,508.0
742,detached_warmup,0.10489280801266432,0.5108728408813477,2e-05,1e-06,0.0,0.00046199141434044577,0.014705103647429496,0.0124492532631848,0.0005530874950636644,0.012200873636174947,0.01466477132635191,0.0006106476648710668,0.01073763458407484,0.012973598029930145,0.0006600164924748242,0.010604770592181012,0.014271061751060188,0.3321339786052704,658.0
743,detached_warmup,0.26892122393473983,1.7238998413085938,2e-05,1e-06,0.0,0.000600820334511809,0.03752396837808192,0.028832254640292376,0.0006772162450943142,0.03385182732017711,0.031614548177458346,0.0007317204763239715,0.031446830194909126,0.0434240284957923,0.0007770554366288707,0.029949408257380128,0.029491552733816206,0.16051343083381653,468.0
744,detached_warmup,0.1561296610161662,0.6150694489479065,2e-05,1e-06,0.0,0.0006902584718773142,0.019160813360940665,0.02197478589368984,0.0007569200461148284,0.016541380435228348,0.02174293849384412,0.0008045699214562774,0.015153120330069214,0.022843411832582206,0.0008495235597365536,0.01499859630712308,0.02061333996243775,0.3579697012901306,662.0
745,detached_warmup,0.12691714335232973,0.5040822625160217,2e-05,1e-06,0.0,0.0005156872794032097,0.020526848878944293,0.012441520142601803,0.0006004029455652926,0.0183823753031902,0.01316453464096412,0.0006549635145347565,0.017421290453057736,0.011982704978436232,0.0007017275856924243,0.01752667810069397,0.012998411140870303,0.31519609689712524,460.0
746,detached_warmup,0.19339366303756833,1.4317008256912231,2e-05,1e-06,0.0,0.0005755681559094228,0.03036337677622214,0.020575486647430807,0.0006356339727062732,0.027336824859958142,0.020030459680128843,0.0006838063418399543,0.02533543447498232,0.02121860161423683,0.0007272669899975881,0.02444417990045622,0.021467024402227253,0.22928132116794586,659.0
747,detached_warmup,0.17048738012090325,1.385813593864441,2e-05,1e-06,0.0,0.0006766806618543342,0.023017802042886615,0.024346610181964934,0.0007340576266869903,0.019426351762376726,0.022961174487136304,0.0007791906973579898,0.01721286866813898,0.022774371202103794,0.0008186679187929258,0.016587601450737566,0.021152000757865608,0.2085660994052887,491.0
748,detached_warmup,0.15091268997639418,0.7899444699287415,2e-05,1e-06,0.0,0.0005372293562686536,0.02009555493714288,0.020042500051204115,0.0006031173943483736,0.017321231600362808,0.020428743999218568,0.0006609557385672815,0.01595487687154673,0.01883927671588026,0.0007073088127071969,0.01618398181744851,0.019537914777174592,0.2833617627620697,706.0
749,detached_warmup,0.11926585948094726,1.400250792503357,2e-05,1e-06,0.0,0.0005254205534583889,0.01532955255242996,0.014210772409569472,0.0006032511155353859,0.0125664169609081,0.017630109563469887,0.000664717925246805,0.01135140168480575,0.015408824518090114,0.0007150372912292369,0.011971061874646693,0.018289293278940022,0.2836267650127411,461.0
750,detached_warmup,0.134111562743783,0.4314625561237335,2e-05,1e-06,0.0,0.0005436071842268575,0.018897380447015166,0.017857860424555838,0.0006131760455900803,0.015436545014381409,0.016372599231544882,0.0006713933653372806,0.013367998821195215,0.018364402349106967,0.0007191494223661721,0.013085269718430936,0.018182179308496416,0.20970802009105682,583.0
751,detached_warmup,0.19443798810243607,0.37436458468437195,2e-05,1e-06,0.0,0.000672143985866569,0.029343522735871375,0.021813110797666013,0.0007440535628120415,0.026030810200609267,0.021803098963573575,0.0007982453244039789,0.02422799461055547,0.021546908770687878,0.0008425746855209582,0.024199953651987016,0.022415572428144515,0.24093595147132874,574.0
752,detached_warmup,0.18660300783813,1.4639347791671753,2e-05,1e-06,0.0,0.0007126832570065744,0.03069049003534019,0.02122829493600875,0.0007784411573084071,0.02661228715442121,0.020210683811455965,0.0008316528401337564,0.02378789777867496,0.019253269187174737,0.0008767643885221332,0.022490276489406824,0.019130269181914628,0.1765878051519394,578.0
753,detached_warmup,0.1722634956240654,0.6355112195014954,2e-05,1e-06,0.0,0.0006859625427750871,0.022482250817120075,0.02485057682497427,0.0007478308252757415,0.01939567760564387,0.02396178152412176,0.0007972607854753733,0.017468113568611443,0.022075023618526757,0.0008408252178924158,0.017217019689269364,0.021741175558418036,0.3170568346977234,481.0
754,detached_warmup,0.17416230449452996,0.7772347331047058,2e-05,1e-06,0.0,0.0006591635428776499,0.023706576321274042,0.02572168444748968,0.0007189385869423859,0.02044237678637728,0.020273562287911773,0.0007689127669436857,0.0184524180367589,0.02353733981726691,0.0008106861787382513,0.01790463167708367,0.021166013437323272,0.1955329179763794,514.0
755,detached_warmup,0.13063286896795034,0.4517926275730133,2e-05,1e-06,0.0,0.0005972067665425129,0.018793730821926147,0.017218162189237773,0.000660597434034571,0.015167936275247484,0.01666834414936602,0.0007153504848247394,0.013317534001544118,0.016768966102972627,0.0007618151867063716,0.012997783196624368,0.016965442220680416,0.2283371239900589,572.0
756,detached_warmup,0.1639188639819622,1.5457714796066284,2e-05,1e-06,0.0,0.0005519787955563515,0.027260786446277052,0.01982617299654521,0.0006253238025237806,0.022603634686674923,0.016590465587796643,0.0006792599451728165,0.01958449836820364,0.02017943828832358,0.0007233864234876819,0.018339462636504322,0.01695445622317493,0.2256985604763031,780.0
757,detached_warmup,0.20224001351743937,0.6949958801269531,2e-05,1e-06,0.0,0.0006805317752878182,0.02427274704677984,0.030856535071507096,0.0007383698612102307,0.020798463840037584,0.02845857001375407,0.0007846706357668154,0.019065778411459178,0.028969476697966456,0.0008255416614701971,0.01901249261572957,0.02777683234307915,0.21826358139514923,777.0
758,detached_warmup,0.16282312525436282,0.7098484039306641,2e-05,1e-06,0.0,0.0005824452127853874,0.02459457702934742,0.019336835364811122,0.0006544369825860485,0.021686563617549837,0.017008711554808542,0.0007028417967376299,0.020454889599932358,0.01866496610455215,0.0007482177679776214,0.020717766718007624,0.017670868546701968,0.2308495193719864,485.0
759,detached_warmup,0.16248889779672027,0.6511340737342834,2e-05,1e-06,0.0,0.0006536651126225479,0.020374596497276798,0.023545435251435265,0.0007146439056668896,0.017543147288961336,0.021581195760518312,0.000765634911658708,0.01624862037715502,0.021256315027130768,0.0008103479776764289,0.01657571690157056,0.02241958334343508,0.41255536675453186,485.0
760,detached_warmup,0.21771861100569367,0.7174451947212219,2e-05,1e-06,0.0,0.0006084498672862537,0.02810098128975369,0.033144495042506605,0.0006896218292240519,0.024601438315585256,0.031633295002393425,0.000739061099011451,0.022444906207965687,0.017748994403518736,0.0007838338933652267,0.021804000076372176,0.035419529071077704,0.31662583351135254,468.0
761,detached_warmup,0.109067443292588,1.1450505256652832,2e-05,1e-06,0.0,0.0006679510806861799,0.014620135858422145,0.015458530222531408,0.000739897175662918,0.011450530175352469,0.013758357090409845,0.0007960410584928468,0.010012269078288227,0.014544438279699534,0.000838052699691616,0.01045439310837537,0.015726846118923277,0.46130165457725525,489.0
762,detached_warmup,0.136481748893857,0.42909571528434753,2e-05,1e-06,0.0,0.0005929077524342574,0.017799544089939445,0.020162029890343547,0.0006613036166527309,0.014566651254426688,0.018732450320385396,0.0007137568245525472,0.012958582083228976,0.018718356383033097,0.0007695515887462534,0.012876541295554489,0.01793007622472942,0.3283723294734955,534.0
763,detached_warmup,0.13669602712616324,0.467399537563324,2e-05,1e-06,0.0,0.0005676692053384613,0.018310282670427114,0.019276371342130005,0.0006514760971185751,0.015033622476039454,0.018811399466358125,0.0007130394369596615,0.013218896725447848,0.01771147223189473,0.0007673080108361319,0.012964071007445455,0.01867041690275073,0.4286259412765503,467.0
764,detached_warmup,0.13145486917346716,0.6504135131835938,2e-05,1e-06,0.0,0.0005650320526910946,0.018152944336179644,0.01930758624803275,0.0006503657641587779,0.015222855843603611,0.015505879186093807,0.000712932840542635,0.01375547531642951,0.017117624287493527,0.0007675589986320119,0.013711407373193651,0.015985206293407828,0.2565774917602539,414.0
765,detached_warmup,0.17068268591538072,0.3761715590953827,2e-05,1e-06,0.0,0.0006383609907061327,0.02326318045379594,0.023552807862870395,0.0007178017149271909,0.019347253517480567,0.023437690164428204,0.0007728822529315948,0.0172173508326523,0.021091668866574764,0.0008230847306549549,0.01684608357027173,0.02297451818594709,0.37060004472732544,708.0
766,detached_warmup,0.11579340696334839,0.9777852892875671,2e-05,1e-06,0.0,0.0005079053007648326,0.017472994630225003,0.016203731123823673,0.0005770264324382879,0.013525919814128429,0.014869356353301555,0.0006303462942014448,0.011171850957907736,0.013638588134199381,0.0006768468811060302,0.010425314656458795,0.016093525395262986,0.20587925612926483,479.0
767,detached_warmup,0.1726957317441702,0.39254969358444214,2e-05,1e-06,0.0,0.0005400018708314747,0.02520488976733759,0.01698895823210478,0.0006185544261825271,0.021498168061953038,0.01558941084658727,0.0006731824614689685,0.019609275506809354,0.014594911539461464,0.0007208589304354973,0.019532779813744128,0.03712473914492875,0.32349640130996704,662.0
768,detached_warmup,0.1739694681018591,0.7400075793266296,2e-05,1e-06,0.0,0.0005695987638318911,0.02955793507862836,0.018083271046634763,0.0006531808685394935,0.02600451634498313,0.019029920920729637,0.0007190818578237668,0.02360702375881374,0.016080502711702138,0.000779311747464817,0.022750098258256912,0.016135028679855168,0.17086456716060638,588.0
769,detached_warmup,0.11818216694518924,1.052367091178894,2e-05,1e-06,0.0,0.0005714703802368604,0.01666393899358809,0.01548962783999741,0.0006533053929160815,0.013656840485055,0.014547215861966833,0.0007190073920355644,0.012121738865971565,0.01454225875204429,0.0007732514495728537,0.01238847296917811,0.01605503461905755,0.3372188210487366,660.0
770,detached_warmup,0.18399333860725164,0.35423600673675537,2e-05,1e-06,0.0,0.00061715751508018,0.023648208007216454,0.026355519308708608,0.0006878547719679773,0.020590406144037843,0.024575415765866637,0.0007421780828735791,0.018768704030662775,0.02403565007261932,0.0007910537387942895,0.018598547321744263,0.024582643643952906,0.20306488871574402,843.0
771,detached_warmup,0.15138885658234358,1.2010761499404907,2e-05,1e-06,0.0,0.0006000368266541045,0.01997196121374145,0.02100581768900156,0.00066729204627336,0.016747043991927058,0.020950890670064837,0.000716257251042407,0.015117949049454182,0.019697754411026835,0.000759011076297611,0.01562199427280575,0.019532843900378793,0.27815189957618713,660.0
772,detached_warmup,0.16087149642407894,0.3774099349975586,2e-05,1e-06,0.0,0.0005054432913311757,0.02553195325890556,0.01755754090845585,0.0005821834020025562,0.022377494751708582,0.016490157519001514,0.0006355770201480482,0.02073147354531102,0.018739348102826625,0.0006822755531175062,0.02030402611126192,0.016734021715819836,0.3766823709011078,591.0
773,detached_warmup,0.09683988615870476,0.6915263533592224,2e-05,1e-06,0.0,0.0005086254168418236,0.013887426815927029,0.01417275087442249,0.0005864310296601616,0.01027497579343617,0.013563533371780068,0.0006441375953727402,0.008528955921065062,0.011887763976119459,0.0006961475082789548,0.009164126415271312,0.012925013608764857,0.17617179453372955,414.0
774,detached_warmup,0.12273727403953671,0.4036414623260498,2e-05,1e-06,0.0,0.0005405894589785021,0.017169076949357986,0.019397247349843383,0.0006071197312849108,0.014242493372876197,0.014359884313307703,0.0006599660628126003,0.01258577240514569,0.013852605654392391,0.0007057032707962207,0.012251398788066581,0.01636541628977284,0.4156126379966736,583.0
775,detached_warmup,0.150822292547673,1.3132284879684448,2e-05,1e-06,0.0,0.0006049318326404318,0.021141944162081927,0.019497354922350496,0.0006784985234844498,0.01722670759772882,0.02064598276047036,0.0007339146504818927,0.014424329332541674,0.02036358159966767,0.0007796255813445896,0.013244701141957194,0.021480723284184933,0.3944397270679474,479.0
776,detached_warmup,0.1326166200451553,0.47388023138046265,2e-05,1e-06,0.0,0.0005392153980210423,0.021698081342037767,0.01487886271206662,0.0006070834097045008,0.018862280005123466,0.014288039994426072,0.0006628622431890108,0.016950904828263447,0.013323794293683022,0.0007128113684302662,0.016377316031139344,0.013715369859710336,0.24599580466747284,660.0
777,detached_warmup,0.1347851052414626,0.4646770656108856,2e-05,1e-06,0.0,0.0005425357521744445,0.020553443726385012,0.014273028762545437,0.0006127433589426801,0.017894638935104012,0.01612686543376185,0.0006690225891361479,0.016468441448523663,0.01711465499829501,0.0007217837774078362,0.01626147420029156,0.013546473113819957,0.26097536087036133,588.0
778,detached_warmup,0.22562351264059544,1.2272619009017944,2e-05,1e-06,0.0,0.0007517497288063169,0.03368873876752332,0.03232748876325786,0.0008236257344833575,0.029262357740662992,0.01982633420266211,0.0008765047678025439,0.02697688841726631,0.021230268699582666,0.0009211324359057471,0.027704357518814504,0.03123406314989552,0.3657720386981964,783.0
779,detached_warmup,0.16840964229777455,0.5522566437721252,2e-05,1e-06,0.0,0.0005686419899575412,0.022185907408129424,0.027157372300280258,0.0006433801972889341,0.018647606833837926,0.015606659755576402,0.0007006138839642517,0.01670159268542193,0.024166992458049208,0.00075770408147946,0.016721447405871004,0.02455172361806035,0.15667369961738586,783.0
780,detached_warmup,0.2131268149241805,1.4336515665054321,2e-05,1e-06,0.0,0.0007176728395279497,0.02739634527824819,0.03342494321987033,0.0007859176985220984,0.023477187613025308,0.03290929726790637,0.0008292515340144746,0.021226632874459028,0.018021504511125386,0.0008716641605133191,0.020445761503651738,0.03302063106093556,0.43050479888916016,575.0
781,detached_warmup,0.1267620197031647,0.6480988264083862,2e-05,1e-06,0.0,0.0005772710192104569,0.016842331358930096,0.016948850505286828,0.0006615314050577581,0.01395544919068925,0.017787041288102046,0.0007120335576473735,0.012372978613711894,0.01705208938801661,0.0007578867880511098,0.012389665876980871,0.016704892157576978,0.32537126541137695,492.0
782,detached_warmup,0.2048273254185915,0.8711097836494446,2e-05,1e-06,0.0,0.0006310796343313996,0.026249042886774987,0.019448384817223996,0.0006876300249132328,0.02308443479705602,0.03531540173571557,0.0007310745859285817,0.021361549966968596,0.020575200847815722,0.0007709119090577587,0.020888742874376476,0.03508386801695451,0.2101556807756424,461.0
783,detached_warmup,0.19145729392766953,1.6559170484542847,2e-05,1e-06,0.0,0.0006408094996004365,0.027624026872217655,0.024475771468132734,0.0006971746333874762,0.024133366998285055,0.023358554462902248,0.0007436269661411643,0.021606526686809957,0.024210462113842368,0.0007885183222242631,0.02036209823563695,0.022816356969997287,0.24934598803520203,560.0
784,detached_warmup,0.20554224960505962,0.5790889859199524,2e-05,1e-06,0.0,0.0006701113998133224,0.025503269396722317,0.02582138672005385,0.0007267899854923598,0.02281637443229556,0.025832528015598655,0.000775866377807688,0.021386499458458275,0.034062912105582654,0.000819775348645635,0.02137328963726759,0.02575344278011471,0.2199963629245758,784.0
785,detached_warmup,0.13702341867610812,0.39708518981933594,2e-05,1e-06,0.0,0.0005118997687532101,0.023420520534273237,0.012871174665633589,0.0005963342991890386,0.02003566364874132,0.01222105888882652,0.0006579488108400255,0.018105190829373896,0.01518809184199199,0.0007123795803636312,0.017710064130369574,0.01499309460632503,0.19578902423381805,514.0
786,detached_warmup,0.1582398796454072,0.784338653087616,2e-05,1e-06,0.0,0.0006156358504085802,0.025597112369723618,0.016598671092651784,0.0006788149621570483,0.02261252049356699,0.016928912256844342,0.0007270110727404244,0.021083160070702434,0.016004638047888875,0.0007706734977546148,0.02130911371205002,0.015313612704630941,0.26612696051597595,777.0
787,detached_warmup,0.11569834919646382,1.422467589378357,2e-05,1e-06,0.0,0.0005818404388264753,0.015046639600768685,0.017268490744754672,0.0006539271453220863,0.012446567881852388,0.014080196910072118,0.000708467916410882,0.011351389868650585,0.015361180121544749,0.000754808985220734,0.011852475290652364,0.015592362324241549,0.28291037678718567,459.0
788,detached_warmup,0.13901803898625076,1.0077189207077026,2e-05,1e-06,0.0,0.0005453108897199854,0.02114520999020897,0.017703995341435075,0.0006245720214792527,0.017190719197969884,0.016936773085035384,0.0006832124636275694,0.014962145098252222,0.017354881536448374,0.0007319735159398988,0.014257092348998412,0.01688215581816621,0.3646717071533203,776.0
789,detached_warmup,0.1646791510283947,0.3847324848175049,2e-05,1e-06,0.0,0.0005960903799859807,0.0239864110480994,0.016089355805888772,0.000675735849654302,0.02022775448858738,0.03572251042351127,0.0007318355637835339,0.01809119846438989,0.014715231722220778,0.0007829953683540225,0.01819745497778058,0.014862577721942216,0.41434741020202637,479.0
790,detached_warmup,0.14935838896781206,0.32517990469932556,2e-05,1e-06,0.0,0.0006467336934292689,0.019590356620028615,0.021019569830968976,0.000707693696313072,0.01605629629921168,0.019330450682900846,0.0007594850540044717,0.014338135253638029,0.020728344446979463,0.0008048378876992501,0.014428079826757312,0.020948407822288573,0.26631656289100647,546.0
791,detached_warmup,0.24556060368195176,0.5772837400436401,2e-05,1e-06,0.0,0.0006520811875816435,0.03346033371053636,0.03449272346915677,0.0007190435353550129,0.029787413019221276,0.03255545985302888,0.0007713102895650081,0.02749840376782231,0.0333808095601853,0.000817640706372913,0.02707207400817424,0.024353316985070705,0.2748086154460907,783.0
792,detached_warmup,0.18842026451602578,1.5218316316604614,2e-05,1e-06,0.0,0.0006696739146718755,0.026569758192636073,0.025379071827046573,0.0007269611742231064,0.022245749307330698,0.023073414457030594,0.00077469307143474,0.01917647384107113,0.026086816273164004,0.0008159700955729932,0.017991760396398604,0.024909923609811813,0.25625571608543396,777.0
793,detached_warmup,0.10663951374590397,0.3586350083351135,2e-05,1e-06,0.0,0.0004841323461732827,0.014985338144470006,0.015074035007273778,0.0005691814585588872,0.01191308710258454,0.014979649626184255,0.0006283390175667591,0.010378728635259904,0.012968203867785633,0.0006783397766412236,0.010317059379303828,0.013663420046214014,0.4035591185092926,468.0
794,detached_warmup,0.15651669818907976,1.0686343908309937,2e-05,1e-06,0.0,0.0006608614494325593,0.022943789139389992,0.021358494646847248,0.0007101039445842616,0.018735250225290656,0.020038326270878315,0.0007520285362261347,0.016148922964930534,0.017542711459100246,0.000791302059951704,0.015263624372892082,0.021571280900388956,0.22810052335262299,463.0
795,detached_warmup,0.12275473307818174,0.642021119594574,2e-05,1e-06,0.0,0.000621587096247822,0.02075523667735979,0.015149620827287436,0.00070205037627602,0.01630104932701215,0.012961929256562144,0.0007637083472218364,0.01337003568187356,0.01326346059795469,0.0008158518903655931,0.01256417075637728,0.015486030140891671,0.2817070484161377,514.0
796,detached_warmup,0.16205218899995089,0.7972915768623352,2e-05,1e-06,0.0,0.000587011018069461,0.021935845608823,0.021192862070165575,0.0006502044707303867,0.017947632411960512,0.01997889846097678,0.0006996896991040558,0.01603767496999353,0.023201380274258554,0.0007465473172487691,0.016536086390260607,0.022538357763551176,0.24801728129386902,546.0
797,detached_warmup,0.2136687897145748,0.3810659646987915,2e-05,1e-06,0.0,0.0006645885368925519,0.03085258905775845,0.019044681394007057,0.0007439123364747502,0.026604605256579816,0.03589250898221508,0.0008017125219339505,0.02389752015005797,0.018095540930517018,0.0008560124406358227,0.023673001560382545,0.03254211705643684,0.39017072319984436,839.0
798,detached_warmup,0.2525301123969257,0.5410570502281189,2e-05,1e-06,0.0,0.0006804086442571133,0.03229974926216528,0.03798186709173024,0.0007506873553211335,0.028036102594342083,0.03154689323855564,0.0008015063431230374,0.025698823912534863,0.046327427902724594,0.0008448191147181205,0.0258775285910815,0.02168429607991129,0.23069947957992554,784.0
799,detached_warmup,0.13448083959519863,1.0802708864212036,2e-05,1e-06,0.0,0.0006322720910247881,0.019546661293134093,0.01637859910260886,0.0007021412820904516,0.015987121441867203,0.018847230123355985,0.0007546892229584046,0.0144962994963862,0.01553293620236218,0.0008048697782214731,0.014967039751354605,0.015830981195904315,0.4376058578491211,778.0
800,detached_warmup,0.20472850953228772,0.3373871147632599,2e-05,1e-06,0.0,0.0006154023139970377,0.025840106885880232,0.03957845366676338,0.0006971484581299592,0.022632346983300522,0.017333511175820604,0.0007681910210521892,0.020740327425301075,0.016897780500585213,0.0008245625867857598,0.020533609058475122,0.03826706774998456,0.4399360716342926,512.0
