id,split,scene,frame,k0_point_rel,k0_depth_rel,k0_depth_delta_1.01,k0_depth_delta_1.25,k0_boundary_f1,k1_point_rel,k1_depth_rel,k1_depth_delta_1.01,k1_depth_delta_1.25,k1_boundary_f1,k3_point_rel,k3_depth_rel,k3_depth_delta_1.01,k3_depth_delta_1.25,k3_boundary_f1,k5_point_rel,k5_depth_rel,k5_depth_delta_1.01,k5_depth_delta_1.25,k5_boundary_f1
ai_001_001_cam_00_frame.0000,train,ai_001_001,0,0.019033344462513924,0.01733360067009926,0.5545603632926941,0.9998931884765625,0.8451493382453918,0.019033344462513924,0.01733360067009926,0.5545603632926941,0.9998931884765625,0.8451493382453918,0.019033344462513924,0.01733360067009926,0.5545603632926941,0.9998931884765625,0.8451493382453918,0.019033344462513924,0.01733360067009926,0.5545603632926941,0.9998931884765625,0.8451493382453918
ai_001_001_cam_00_frame.0006,train,ai_001_001,6,0.022681696340441704,0.018773343414068222,0.4241587519645691,0.9996083974838257,0.8874740600585938,0.022681696340441704,0.018773343414068222,0.4241587519645691,0.9996083974838257,0.8874740600585938,0.022681696340441704,0.018773343414068222,0.4241587519645691,0.9996083974838257,0.8874740600585938,0.022681696340441704,0.018773343414068222,0.4241587519645691,0.9996083974838257,0.8874740600585938
ai_001_001_cam_00_frame.0013,train,ai_001_001,13,0.010531919077038765,0.009407821111381054,0.69219970703125,0.9989980459213257,0.856866180896759,0.010531919077038765,0.009407821111381054,0.69219970703125,0.9989980459213257,0.856866180896759,0.010531919077038765,0.009407821111381054,0.69219970703125,0.9989980459213257,0.856866180896759,0.010531919077038765,0.009407821111381054,0.69219970703125,0.9989980459213257,0.856866180896759
ai_001_001_cam_00_frame.0019,train,ai_001_001,19,0.01250222697854042,0.011619525030255318,0.6942495107650757,0.9992574453353882,0.8980407118797302,0.01250222697854042,0.011619525030255318,0.6942495107650757,0.9992574453353882,0.8980407118797302,0.01250222697854042,0.011619525030255318,0.6942495107650757,0.9992574453353882,0.8980407118797302,0.01250222697854042,0.011619525030255318,0.6942495107650757,0.9992574453353882,0.8980407118797302
ai_001_001_cam_00_frame.0026,train,ai_001_001,26,0.013128489255905151,0.011580700986087322,0.6790924072265625,0.9925944209098816,0.899315595626831,0.013128489255905151,0.011580700986087322,0.6790924072265625,0.9925944209098816,0.899315595626831,0.013128489255905151,0.011580700986087322,0.6790924072265625,0.9925944209098816,0.899315595626831,0.013128489255905151,0.011580700986087322,0.6790924072265625,0.9925944209098816,0.899315595626831
ai_001_001_cam_00_frame.0032,train,ai_001_001,32,0.043592147529125214,0.03140924498438835,0.2020518034696579,0.9853414297103882,0.9159255623817444,0.043592147529125214,0.03140924498438835,0.2020518034696579,0.9853414297103882,0.9159255623817444,0.043592147529125214,0.03140924498438835,0.2020518034696579,0.9853414297103882,0.9159255623817444,0.043592147529125214,0.03140924498438835,0.2020518034696579,0.9853414297103882,0.9159255623817444
ai_001_001_cam_00_frame.0040,train,ai_001_001,40,0.024814099073410034,0.020638488233089447,0.4336954951286316,0.9977671504020691,0.7952151298522949,0.024814099073410034,0.020638488233089447,0.4336954951286316,0.9977671504020691,0.7952151298522949,0.024814099073410034,0.020638488233089447,0.4336954951286316,0.9977671504020691,0.7952151298522949,0.024814099073410034,0.020638488233089447,0.4336954951286316,0.9977671504020691,0.7952151298522949
ai_001_001_cam_00_frame.0046,train,ai_001_001,46,0.01680442877113819,0.013806235045194626,0.6461029052734375,0.9971262812614441,0.8222308158874512,0.01680442877113819,0.013806235045194626,0.6461029052734375,0.9971262812614441,0.8222308158874512,0.01680442877113819,0.013806235045194626,0.6461029052734375,0.9971262812614441,0.8222308158874512,0.01680442877113819,0.013806235045194626,0.6461029052734375,0.9971262812614441,0.8222308158874512
ai_001_001_cam_00_frame.0053,train,ai_001_001,53,0.00888412818312645,0.007884174585342407,0.7574310302734375,0.9993947744369507,0.9059992432594299,0.00888412818312645,0.007884174585342407,0.7574310302734375,0.9993947744369507,0.9059992432594299,0.00888412818312645,0.007884174585342407,0.7574310302734375,0.9993947744369507,0.9059992432594299,0.00888412818312645,0.007884174585342407,0.7574310302734375,0.9993947744369507,0.9059992432594299
ai_001_001_cam_00_frame.0059,train,ai_001_001,59,0.015483522787690163,0.01252042781561613,0.583709716796875,0.9997609853744507,0.7671406269073486,0.015483522787690163,0.01252042781561613,0.583709716796875,0.9997609853744507,0.7671406269073486,0.015483522787690163,0.01252042781561613,0.583709716796875,0.9997609853744507,0.7671406269073486,0.015483522787690163,0.01252042781561613,0.583709716796875,0.9997609853744507,0.7671406269073486
ai_001_001_cam_00_frame.0067,train,ai_001_001,67,0.010961605235934258,0.009847636334598064,0.6380056142807007,1.0,0.8628117442131042,0.010961605235934258,0.009847636334598064,0.6380056142807007,1.0,0.8628117442131042,0.010961605235934258,0.009847636334598064,0.6380056142807007,1.0,0.8628117442131042,0.010961605235934258,0.009847636334598064,0.6380056142807007,1.0,0.8628117442131042
ai_001_001_cam_00_frame.0073,train,ai_001_001,73,0.020545732229948044,0.019696304574608803,0.3399607539176941,0.9995473623275757,0.843585193157196,0.020545732229948044,0.019696304574608803,0.3399607539176941,0.9995473623275757,0.843585193157196,0.020545732229948044,0.019696304574608803,0.3399607539176941,0.9995473623275757,0.843585193157196,0.020545732229948044,0.019696304574608803,0.3399607539176941,0.9995473623275757,0.843585193157196
ai_001_001_cam_00_frame.0080,train,ai_001_001,80,0.006878545042127371,0.005801163613796234,0.8506927490234375,0.9992879629135132,0.9047551155090332,0.006878545042127371,0.005801163613796234,0.8506927490234375,0.9992879629135132,0.9047551155090332,0.006878545042127371,0.005801163613796234,0.8506927490234375,0.9992879629135132,0.9047551155090332,0.006878545042127371,0.005801163613796234,0.8506927490234375,0.9992879629135132,0.9047551155090332
ai_001_001_cam_00_frame.0086,train,ai_001_001,86,0.009127134457230568,0.008047282695770264,0.88525390625,0.9989420771598816,0.8047142028808594,0.009127134457230568,0.008047282695770264,0.88525390625,0.9989420771598816,0.8047142028808594,0.009127134457230568,0.008047282695770264,0.88525390625,0.9989420771598816,0.8047142028808594,0.009127134457230568,0.008047282695770264,0.88525390625,0.9989420771598816,0.8047142028808594
ai_001_001_cam_00_frame.0093,train,ai_001_001,93,0.012035000137984753,0.010780148208141327,0.5559896230697632,0.9997915029525757,0.8334853649139404,0.012035000137984753,0.010780148208141327,0.5559896230697632,0.9997915029525757,0.8334853649139404,0.012035000137984753,0.010780148208141327,0.5559896230697632,0.9997915029525757,0.8334853649139404,0.012035000137984753,0.010780148208141327,0.5559896230697632,0.9997915029525757,0.8334853649139404
ai_001_001_cam_00_frame.0099,train,ai_001_001,99,0.02054808847606182,0.013925053179264069,0.7536367177963257,0.9960429072380066,0.9147796630859375,0.02054808847606182,0.013925053179264069,0.7536367177963257,0.9960429072380066,0.9147796630859375,0.02054808847606182,0.013925053179264069,0.7536367177963257,0.9960429072380066,0.9147796630859375,0.02054808847606182,0.013925053179264069,0.7536367177963257,0.9960429072380066,0.9147796630859375
ai_003_001_cam_00_frame.0000,train,ai_003_001,0,0.18639355897903442,0.16978880763053894,0.0357666015625,0.67822265625,1.0,0.18639355897903442,0.16978880763053894,0.0357666015625,0.67822265625,1.0,0.18639355897903442,0.16978880763053894,0.0357666015625,0.67822265625,1.0,0.18639355897903442,0.16978880763053894,0.0357666015625,0.67822265625,1.0
ai_003_001_cam_00_frame.0007,train,ai_003_001,7,0.689443051815033,0.6247484683990479,0.012552897445857525,0.2216644287109375,0.0,0.689443051815033,0.6247484683990479,0.012552897445857525,0.2216644287109375,0.0,0.689443051815033,0.6247484683990479,0.012552897445857525,0.2216644287109375,0.0,0.689443051815033,0.6247484683990479,0.012552897445857525,0.2216644287109375,0.0
ai_003_001_cam_00_frame.0013,train,ai_003_001,13,0.45032331347465515,0.42331790924072266,0.014826457016170025,0.3052317500114441,0.0,0.45032331347465515,0.42331790924072266,0.014826457016170025,0.3052317500114441,0.0,0.45032331347465515,0.42331790924072266,0.014826457016170025,0.3052317500114441,0.0,0.45032331347465515,0.42331790924072266,0.014826457016170025,0.3052317500114441,0.0
ai_003_001_cam_00_frame.0020,train,ai_003_001,20,0.12611860036849976,0.1128983348608017,0.0539093017578125,0.862335205078125,1.0,0.12611860036849976,0.1128983348608017,0.0539093017578125,0.862335205078125,1.0,0.12611860036849976,0.1128983348608017,0.0539093017578125,0.862335205078125,1.0,0.12611860036849976,0.1128983348608017,0.0539093017578125,0.862335205078125,1.0
ai_003_001_cam_00_frame.0026,train,ai_003_001,26,0.3901267647743225,0.35621342062950134,0.015619914047420025,0.3463033139705658,0.0,0.3901267647743225,0.35621342062950134,0.015619914047420025,0.3463033139705658,0.0,0.3901267647743225,0.35621342062950134,0.015619914047420025,0.3463033139705658,0.0,0.3901267647743225,0.35621342062950134,0.015619914047420025,0.3463033139705658,0.0
ai_003_001_cam_00_frame.0033,train,ai_003_001,33,0.44542521238327026,0.41838788986206055,0.014689127914607525,0.3099009394645691,0.0,0.44542521238327026,0.41838788986206055,0.014689127914607525,0.3099009394645691,0.0,0.44542521238327026,0.41838788986206055,0.014689127914607525,0.3099009394645691,0.0,0.44542521238327026,0.41838788986206055,0.014689127914607525,0.3099009394645691,0.0
ai_003_001_cam_00_frame.0040,train,ai_003_001,40,0.5100911259651184,0.4723002314567566,0.00955708883702755,0.2183888852596283,0.0,0.5100911259651184,0.4723002314567566,0.00955708883702755,0.2183888852596283,0.0,0.5100911259651184,0.4723002314567566,0.00955708883702755,0.2183888852596283,0.0,0.5100911259651184,0.4723002314567566,0.00955708883702755,0.2183888852596283,0.0
ai_003_001_cam_00_frame.0046,train,ai_003_001,46,0.5501477122306824,0.5017615556716919,0.01283772848546505,0.246551513671875,0.0,0.5501477122306824,0.5017615556716919,0.01283772848546505,0.246551513671875,0.0,0.5501477122306824,0.5017615556716919,0.01283772848546505,0.246551513671875,0.0,0.5501477122306824,0.5017615556716919,0.01283772848546505,0.246551513671875,0.0
ai_003_001_cam_00_frame.0053,train,ai_003_001,53,0.42853987216949463,0.40401625633239746,0.01453145407140255,0.3273366391658783,0.0,0.42853987216949463,0.40401625633239746,0.01453145407140255,0.3273366391658783,0.0,0.42853987216949463,0.40401625633239746,0.01453145407140255,0.3273366391658783,0.0,0.42853987216949463,0.40401625633239746,0.01453145407140255,0.3273366391658783,0.0
ai_003_001_cam_00_frame.0059,train,ai_003_001,59,0.4514123797416687,0.42412060499191284,0.014582316391170025,0.3001302182674408,0.0,0.4514123797416687,0.42412060499191284,0.014582316391170025,0.3001302182674408,0.0,0.4514123797416687,0.42412060499191284,0.014582316391170025,0.3001302182674408,0.0,0.4514123797416687,0.42412060499191284,0.014582316391170025,0.3001302182674408,0.0
ai_003_001_cam_00_frame.0066,train,ai_003_001,66,0.5681824088096619,0.5274473428726196,0.00830078125,0.1858367919921875,0.0,0.5681824088096619,0.5274473428726196,0.00830078125,0.1858367919921875,0.0,0.5681824088096619,0.5274473428726196,0.00830078125,0.1858367919921875,0.0,0.5681824088096619,0.5274473428726196,0.00830078125,0.1858367919921875,0.0
ai_003_001_cam_00_frame.0073,train,ai_003_001,73,0.41571831703186035,0.3889385163784027,0.01425679586827755,0.3193410336971283,0.0,0.41571831703186035,0.3889385163784027,0.01425679586827755,0.3193410336971283,0.0,0.41571831703186035,0.3889385163784027,0.01425679586827755,0.3193410336971283,0.0,0.41571831703186035,0.3889385163784027,0.01425679586827755,0.3193410336971283,0.0
ai_003_001_cam_00_frame.0079,train,ai_003_001,79,0.42702600359916687,0.39870867133140564,0.0135345458984375,0.2999471127986908,0.0,0.42702600359916687,0.39870867133140564,0.0135345458984375,0.2999471127986908,0.0,0.42702600359916687,0.39870867133140564,0.0135345458984375,0.2999471127986908,0.0,0.42702600359916687,0.39870867133140564,0.0135345458984375,0.2999471127986908,0.0
ai_003_001_cam_00_frame.0086,train,ai_003_001,86,0.6520627737045288,0.6070306897163391,0.00653076171875,0.1491343230009079,0.0,0.6520627737045288,0.6070306897163391,0.00653076171875,0.1491343230009079,0.0,0.6520627737045288,0.6070306897163391,0.00653076171875,0.1491343230009079,0.0,0.6520627737045288,0.6070306897163391,0.00653076171875,0.1491343230009079,0.0
ai_003_001_cam_00_frame.0092,train,ai_003_001,92,0.4396686255931854,0.41375571489334106,0.0145416259765625,0.307647705078125,0.0,0.4396686255931854,0.41375571489334106,0.0145416259765625,0.307647705078125,0.0,0.4396686255931854,0.41375571489334106,0.0145416259765625,0.307647705078125,0.0,0.4396686255931854,0.41375571489334106,0.0145416259765625,0.307647705078125,0.0
ai_003_001_cam_00_frame.0099,train,ai_003_001,99,0.4260460138320923,0.3896028995513916,0.013727824203670025,0.3030242919921875,1.0,0.4260460138320923,0.3896028995513916,0.013727824203670025,0.3030242919921875,1.0,0.4260460138320923,0.3896028995513916,0.013727824203670025,0.3030242919921875,1.0,0.4260460138320923,0.3896028995513916,0.013727824203670025,0.3030242919921875,1.0
ai_005_001_cam_00_frame.0000,train,ai_005_001,0,0.03677964210510254,0.032300807535648346,0.3370697498321533,0.982038676738739,0.8838261365890503,0.03677964210510254,0.032300807535648346,0.3370697498321533,0.982038676738739,0.8838261365890503,0.03677964210510254,0.032300807535648346,0.3370697498321533,0.982038676738739,0.8838261365890503,0.03677964210510254,0.032300807535648346,0.3370697498321533,0.982038676738739,0.8838261365890503
ai_005_001_cam_00_frame.0007,train,ai_005_001,7,0.044277776032686234,0.038808222860097885,0.24020496010780334,0.984637439250946,0.8711099028587341,0.044277776032686234,0.038808222860097885,0.24020496010780334,0.984637439250946,0.8711099028587341,0.044277776032686234,0.038808222860097885,0.24020496010780334,0.984637439250946,0.8711099028587341,0.044277776032686234,0.038808222860097885,0.24020496010780334,0.984637439250946,0.8711099028587341
ai_005_001_cam_00_frame.0013,train,ai_005_001,13,0.05407322198152542,0.049725525081157684,0.16550667583942413,0.9846644401550293,0.8205577731132507,0.05407322198152542,0.049725525081157684,0.16550667583942413,0.9846644401550293,0.8205577731132507,0.05407322198152542,0.049725525081157684,0.16550667583942413,0.9846644401550293,0.8205577731132507,0.05407322198152542,0.049725525081157684,0.16550667583942413,0.9846644401550293,0.8205577731132507
ai_005_001_cam_00_frame.0020,train,ai_005_001,20,0.03835096210241318,0.029332950711250305,0.39385437965393066,0.9893631339073181,0.8495364189147949,0.03835096210241318,0.029332950711250305,0.39385437965393066,0.9893631339073181,0.8495364189147949,0.03835096210241318,0.029332950711250305,0.39385437965393066,0.9893631339073181,0.8495364189147949,0.03835096210241318,0.029332950711250305,0.39385437965393066,0.9893631339073181,0.8495364189147949
ai_005_001_cam_00_frame.0026,train,ai_005_001,26,0.03680671378970146,0.034022293984889984,0.333963543176651,0.9749907851219177,0.8401290774345398,0.03680671378970146,0.034022293984889984,0.333963543176651,0.9749907851219177,0.8401290774345398,0.03680671378970146,0.034022293984889984,0.333963543176651,0.9749907851219177,0.8401290774345398,0.03680671378970146,0.034022293984889984,0.333963543176651,0.9749907851219177,0.8401290774345398
ai_005_001_cam_00_frame.0033,train,ai_005_001,33,0.03591657057404518,0.030719490721821785,0.31891587376594543,0.9872085452079773,0.828659176826477,0.03591657057404518,0.030719490721821785,0.31891587376594543,0.9872085452079773,0.828659176826477,0.03591657057404518,0.030719490721821785,0.31891587376594543,0.9872085452079773,0.828659176826477,0.03591657057404518,0.030719490721821785,0.31891587376594543,0.9872085452079773,0.828659176826477
ai_005_001_cam_00_frame.0040,train,ai_005_001,40,0.033908117562532425,0.03040386736392975,0.26189282536506653,0.9853087067604065,0.8452280759811401,0.033908117562532425,0.03040386736392975,0.26189282536506653,0.9853087067604065,0.8452280759811401,0.033908117562532425,0.03040386736392975,0.26189282536506653,0.9853087067604065,0.8452280759811401,0.033908117562532425,0.03040386736392975,0.26189282536506653,0.9853087067604065,0.8452280759811401
ai_005_001_cam_00_frame.0046,train,ai_005_001,46,0.043432243168354034,0.03689465671777725,0.270367294549942,0.9837746024131775,0.7986451983451843,0.043432243168354034,0.03689465671777725,0.270367294549942,0.9837746024131775,0.7986451983451843,0.043432243168354034,0.03689465671777725,0.270367294549942,0.9837746024131775,0.7986451983451843,0.043432243168354034,0.03689465671777725,0.270367294549942,0.9837746024131775,0.7986451983451843
ai_005_001_cam_00_frame.0053,train,ai_005_001,53,0.039096757769584656,0.036134157329797745,0.25181281566619873,0.9819025993347168,0.8248224258422852,0.039096757769584656,0.036134157329797745,0.25181281566619873,0.9819025993347168,0.8248224258422852,0.039096757769584656,0.036134157329797745,0.25181281566619873,0.9819025993347168,0.8248224258422852,0.039096757769584656,0.036134157329797745,0.25181281566619873,0.9819025993347168,0.8248224258422852
ai_005_001_cam_00_frame.0059,train,ai_005_001,59,0.04013471677899361,0.0360647514462471,0.28825461864471436,0.9759382009506226,0.84208744764328,0.04013471677899361,0.0360647514462471,0.28825461864471436,0.9759382009506226,0.84208744764328,0.04013471677899361,0.0360647514462471,0.28825461864471436,0.9759382009506226,0.84208744764328,0.04013471677899361,0.0360647514462471,0.28825461864471436,0.9759382009506226,0.84208744764328
ai_005_001_cam_00_frame.0066,train,ai_005_001,66,0.050238706171512604,0.028932372108101845,0.37594619393348694,0.9893913269042969,0.8514801263809204,0.050238706171512604,0.028932372108101845,0.37594619393348694,0.9893913269042969,0.8514801263809204,0.050238706171512604,0.028932372108101845,0.37594619393348694,0.9893913269042969,0.8514801263809204,0.050238706171512604,0.028932372108101845,0.37594619393348694,0.9893913269042969,0.8514801263809204
ai_005_001_cam_00_frame.0073,train,ai_005_001,73,0.026293259114027023,0.02329995110630989,0.3981051445007324,0.987611711025238,0.7827425003051758,0.026293259114027023,0.02329995110630989,0.3981051445007324,0.987611711025238,0.7827425003051758,0.026293259114027023,0.02329995110630989,0.3981051445007324,0.987611711025238,0.7827425003051758,0.026293259114027023,0.02329995110630989,0.3981051445007324,0.987611711025238,0.7827425003051758
ai_005_001_cam_00_frame.0079,train,ai_005_001,79,0.04333189129829407,0.03229226544499397,0.3046681582927704,0.9897776246070862,0.8238998055458069,0.04333189129829407,0.03229226544499397,0.3046681582927704,0.9897776246070862,0.8238998055458069,0.04333189129829407,0.03229226544499397,0.3046681582927704,0.9897776246070862,0.8238998055458069,0.04333189129829407,0.03229226544499397,0.3046681582927704,0.9897776246070862,0.8238998055458069
ai_005_001_cam_00_frame.0086,train,ai_005_001,86,0.03824911266565323,0.0348493754863739,0.26883208751678467,0.9877805709838867,0.8422671556472778,0.03824911266565323,0.0348493754863739,0.26883208751678467,0.9877805709838867,0.8422671556472778,0.03824911266565323,0.0348493754863739,0.26883208751678467,0.9877805709838867,0.8422671556472778,0.03824911266565323,0.0348493754863739,0.26883208751678467,0.9877805709838867,0.8422671556472778
ai_005_001_cam_00_frame.0092,train,ai_005_001,92,0.02964877150952816,0.02693074196577072,0.4142201840877533,0.9865926504135132,0.8377345204353333,0.02964877150952816,0.02693074196577072,0.4142201840877533,0.9865926504135132,0.8377345204353333,0.02964877150952816,0.02693074196577072,0.4142201840877533,0.9865926504135132,0.8377345204353333,0.02964877150952816,0.02693074196577072,0.4142201840877533,0.9865926504135132,0.8377345204353333
ai_005_001_cam_00_frame.0099,train,ai_005_001,99,0.030177561566233635,0.027134757488965988,0.4485117793083191,0.9919891357421875,0.8895816206932068,0.030177561566233635,0.027134757488965988,0.4485117793083191,0.9919891357421875,0.8895816206932068,0.030177561566233635,0.027134757488965988,0.4485117793083191,0.9919891357421875,0.8895816206932068,0.030177561566233635,0.027134757488965988,0.4485117793083191,0.9919891357421875,0.8895816206932068
ai_007_001_cam_00_frame.0000,train,ai_007_001,0,0.018405599519610405,0.016870327293872833,0.4466145932674408,0.9948984980583191,0.9249202013015747,0.018405599519610405,0.016870327293872833,0.4466145932674408,0.9948984980583191,0.9249202013015747,0.018405599519610405,0.016870327293872833,0.4466145932674408,0.9948984980583191,0.9249202013015747,0.018405599519610405,0.016870327293872833,0.4466145932674408,0.9948984980583191,0.9249202013015747
ai_007_001_cam_00_frame.0007,train,ai_007_001,7,0.024130044505000114,0.02126811258494854,0.4840850830078125,0.9921773672103882,0.8543765544891357,0.024130044505000114,0.02126811258494854,0.4840850830078125,0.9921773672103882,0.8543765544891357,0.024130044505000114,0.02126811258494854,0.4840850830078125,0.9921773672103882,0.8543765544891357,0.024130044505000114,0.02126811258494854,0.4840850830078125,0.9921773672103882,0.8543765544891357
ai_007_001_cam_00_frame.0013,train,ai_007_001,13,0.028278764337301254,0.02299210987985134,0.3162740170955658,0.9960988759994507,0.8854076862335205,0.028278764337301254,0.02299210987985134,0.3162740170955658,0.9960988759994507,0.8854076862335205,0.028278764337301254,0.02299210987985134,0.3162740170955658,0.9960988759994507,0.8854076862335205,0.028278764337301254,0.02299210987985134,0.3162740170955658,0.9960988759994507,0.8854076862335205
ai_007_001_cam_00_frame.0020,train,ai_007_001,20,0.011823523789644241,0.010244548320770264,0.707977294921875,0.9958140254020691,0.9049619436264038,0.011823523789644241,0.010244548320770264,0.707977294921875,0.9958140254020691,0.9049619436264038,0.011823523789644241,0.010244548320770264,0.707977294921875,0.9958140254020691,0.9049619436264038,0.011823523789644241,0.010244548320770264,0.707977294921875,0.9958140254020691,0.9049619436264038
ai_007_001_cam_00_frame.0026,train,ai_007_001,26,0.015529698692262173,0.012332409620285034,0.6160125732421875,0.994293212890625,0.8799653053283691,0.015529698692262173,0.012332409620285034,0.6160125732421875,0.994293212890625,0.8799653053283691,0.015529698692262173,0.012332409620285034,0.6160125732421875,0.994293212890625,0.8799653053283691,0.015529698692262173,0.012332409620285034,0.6160125732421875,0.994293212890625,0.8799653053283691
ai_007_001_cam_00_frame.0033,train,ai_007_001,33,0.014823295176029205,0.011782009154558182,0.7365519404411316,0.9955088496208191,0.8673743605613708,0.014823295176029205,0.011782009154558182,0.7365519404411316,0.9955088496208191,0.8673743605613708,0.014823295176029205,0.011782009154558182,0.7365519404411316,0.9955088496208191,0.8673743605613708,0.014823295176029205,0.011782009154558182,0.7365519404411316,0.9955088496208191,0.8673743605613708
ai_007_001_cam_00_frame.0040,train,ai_007_001,40,0.030307158827781677,0.02458404377102852,0.3213755488395691,0.9985097646713257,0.7996554970741272,0.030307158827781677,0.02458404377102852,0.3213755488395691,0.9985097646713257,0.7996554970741272,0.030307158827781677,0.02458404377102852,0.3213755488395691,0.9985097646713257,0.7996554970741272,0.030307158827781677,0.02458404377102852,0.3213755488395691,0.9985097646713257,0.7996554970741272
ai_007_001_cam_00_frame.0046,train,ai_007_001,46,0.016578707844018936,0.012690926901996136,0.5333048701286316,0.9984283447265625,0.8649441003799438,0.016578707844018936,0.012690926901996136,0.5333048701286316,0.9984283447265625,0.8649441003799438,0.016578707844018936,0.012690926901996136,0.5333048701286316,0.9984283447265625,0.8649441003799438,0.016578707844018936,0.012690926901996136,0.5333048701286316,0.9984283447265625,0.8649441003799438
ai_007_001_cam_00_frame.0053,train,ai_007_001,53,0.024759968742728233,0.021078355610370636,0.3428802490234375,0.9966888427734375,0.8767997622489929,0.024759968742728233,0.021078355610370636,0.3428802490234375,0.9966888427734375,0.8767997622489929,0.024759968742728233,0.021078355610370636,0.3428802490234375,0.9966888427734375,0.8767997622489929,0.024759968742728233,0.021078355610370636,0.3428802490234375,0.9966888427734375,0.8767997622489929
ai_007_001_cam_00_frame.0059,train,ai_007_001,59,0.030035432428121567,0.024497967213392258,0.5174204707145691,0.9966176748275757,0.9349787831306458,0.030035432428121567,0.024497967213392258,0.5174204707145691,0.9966176748275757,0.9349787831306458,0.030035432428121567,0.024497967213392258,0.5174204707145691,0.9966176748275757,0.9349787831306458,0.030035432428121567,0.024497967213392258,0.5174204707145691,0.9966176748275757,0.9349787831306458
ai_007_001_cam_00_frame.0066,train,ai_007_001,66,0.02739810012280941,0.020919382572174072,0.359527587890625,0.9905650019645691,0.8897224068641663,0.02739810012280941,0.020919382572174072,0.359527587890625,0.9905650019645691,0.8897224068641663,0.02739810012280941,0.020919382572174072,0.359527587890625,0.9905650019645691,0.8897224068641663,0.02739810012280941,0.020919382572174072,0.359527587890625,0.9905650019645691,0.8897224068641663
ai_007_001_cam_00_frame.0073,train,ai_007_001,73,0.011570315808057785,0.01050560362637043,0.6725870966911316,0.9979909658432007,0.8428311347961426,0.011570315808057785,0.01050560362637043,0.6725870966911316,0.9979909658432007,0.8428311347961426,0.011570315808057785,0.01050560362637043,0.6725870966911316,0.9979909658432007,0.8428311347961426,0.011570315808057785,0.01050560362637043,0.6725870966911316,0.9979909658432007,0.8428311347961426
ai_007_001_cam_00_frame.0079,train,ai_007_001,79,0.04220116138458252,0.031158266589045525,0.2591451108455658,0.9957784414291382,0.8648223876953125,0.04220116138458252,0.031158266589045525,0.2591451108455658,0.9957784414291382,0.8648223876953125,0.04220116138458252,0.031158266589045525,0.2591451108455658,0.9957784414291382,0.8648223876953125,0.04220116138458252,0.031158266589045525,0.2591451108455658,0.9957784414291382,0.8648223876953125
ai_007_001_cam_00_frame.0086,train,ai_007_001,86,0.08385078608989716,0.05429396033287048,0.1915639340877533,0.9542388916015625,0.8156050443649292,0.08385078608989716,0.05429396033287048,0.1915639340877533,0.9542388916015625,0.8156050443649292,0.08385078608989716,0.05429396033287048,0.1915639340877533,0.9542388916015625,0.8156050443649292,0.08385078608989716,0.05429396033287048,0.1915639340877533,0.9542388916015625,0.8156050443649292
ai_007_001_cam_00_frame.0092,train,ai_007_001,92,0.012989923357963562,0.010830093175172806,0.5194498896598816,0.9999186396598816,0.9592223763465881,0.012989923357963562,0.010830093175172806,0.5194498896598816,0.9999186396598816,0.9592223763465881,0.012989923357963562,0.010830093175172806,0.5194498896598816,0.9999186396598816,0.9592223763465881,0.012989923357963562,0.010830093175172806,0.5194498896598816,0.9999186396598816,0.9592223763465881
ai_007_001_cam_00_frame.0099,train,ai_007_001,99,0.05557049438357353,0.03777535259723663,0.1413116455078125,0.9973043203353882,0.8749374151229858,0.05557049438357353,0.03777535259723663,0.1413116455078125,0.9973043203353882,0.8749374151229858,0.05557049438357353,0.03777535259723663,0.1413116455078125,0.9973043203353882,0.8749374151229858,0.05557049438357353,0.03777535259723663,0.1413116455078125,0.9973043203353882,0.8749374151229858
ai_009_001_cam_00_frame.0000,train,ai_009_001,0,0.04740607365965843,0.04402155429124832,0.24843516945838928,0.9704918265342712,0.8244531750679016,0.04740607365965843,0.04402155429124832,0.24843516945838928,0.9704918265342712,0.8244531750679016,0.04740607365965843,0.04402155429124832,0.24843516945838928,0.9704918265342712,0.8244531750679016,0.04740607365965843,0.04402155429124832,0.24843516945838928,0.9704918265342712,0.8244531750679016
ai_009_001_cam_00_frame.0007,train,ai_009_001,7,0.054794397205114365,0.04511954262852669,0.2975945770740509,0.9643503427505493,0.7874323129653931,0.054794397205114365,0.04511954262852669,0.2975945770740509,0.9643503427505493,0.7874323129653931,0.054794397205114365,0.04511954262852669,0.2975945770740509,0.9643503427505493,0.7874323129653931,0.054794397205114365,0.04511954262852669,0.2975945770740509,0.9643503427505493,0.7874323129653931
ai_009_001_cam_00_frame.0013,train,ai_009_001,13,0.05887696146965027,0.05298718437552452,0.17827455699443817,0.9626984596252441,0.7604241371154785,0.05887696146965027,0.05298718437552452,0.17827455699443817,0.9626984596252441,0.7604241371154785,0.05887696146965027,0.05298718437552452,0.17827455699443817,0.9626984596252441,0.7604241371154785,0.05887696146965027,0.05298718437552452,0.17827455699443817,0.9626984596252441,0.7604241371154785
ai_009_001_cam_00_frame.0020,train,ai_009_001,20,0.051440149545669556,0.046851422637701035,0.2750609517097473,0.9591755270957947,0.7490312457084656,0.051440149545669556,0.046851422637701035,0.2750609517097473,0.9591755270957947,0.7490312457084656,0.051440149545669556,0.046851422637701035,0.2750609517097473,0.9591755270957947,0.7490312457084656,0.051440149545669556,0.046851422637701035,0.2750609517097473,0.9591755270957947,0.7490312457084656
ai_009_001_cam_00_frame.0026,train,ai_009_001,26,0.04533043131232262,0.041154466569423676,0.38282522559165955,0.9685801863670349,0.8605819940567017,0.04533043131232262,0.041154466569423676,0.38282522559165955,0.9685801863670349,0.8605819940567017,0.04533043131232262,0.041154466569423676,0.38282522559165955,0.9685801863670349,0.8605819940567017,0.04533043131232262,0.041154466569423676,0.38282522559165955,0.9685801863670349,0.8605819940567017
ai_009_001_cam_00_frame.0033,train,ai_009_001,33,0.04270678758621216,0.03847556561231613,0.37920352816581726,0.9771220088005066,0.7722719311714172,0.04270678758621216,0.03847556561231613,0.37920352816581726,0.9771220088005066,0.7722719311714172,0.04270678758621216,0.03847556561231613,0.37920352816581726,0.9771220088005066,0.7722719311714172,0.04270678758621216,0.03847556561231613,0.37920352816581726,0.9771220088005066,0.7722719311714172
ai_009_001_cam_00_frame.0040,train,ai_009_001,40,0.06146739795804024,0.04479677602648735,0.1926083117723465,0.9764010906219482,0.8692638278007507,0.06146739795804024,0.04479677602648735,0.1926083117723465,0.9764010906219482,0.8692638278007507,0.06146739795804024,0.04479677602648735,0.1926083117723465,0.9764010906219482,0.8692638278007507,0.06146739795804024,0.04479677602648735,0.1926083117723465,0.9764010906219482,0.8692638278007507
ai_009_001_cam_00_frame.0046,train,ai_009_001,46,0.07312615215778351,0.06773246079683304,0.18838314712047577,0.9662564396858215,0.7705262899398804,0.07312615215778351,0.06773246079683304,0.18838314712047577,0.9662564396858215,0.7705262899398804,0.07312615215778351,0.06773246079683304,0.18838314712047577,0.9662564396858215,0.7705262899398804,0.07312615215778351,0.06773246079683304,0.18838314712047577,0.9662564396858215,0.7705262899398804
ai_009_001_cam_00_frame.0053,train,ai_009_001,53,0.058793824166059494,0.04916233941912651,0.2751063406467438,0.9735825657844543,0.8007035851478577,0.058793824166059494,0.04916233941912651,0.2751063406467438,0.9735825657844543,0.8007035851478577,0.058793824166059494,0.04916233941912651,0.2751063406467438,0.9735825657844543,0.8007035851478577,0.058793824166059494,0.04916233941912651,0.2751063406467438,0.9735825657844543,0.8007035851478577
ai_009_001_cam_00_frame.0059,train,ai_009_001,59,0.05016414821147919,0.04356994852423668,0.2116812765598297,0.9786686301231384,0.821078360080719,0.05016414821147919,0.04356994852423668,0.2116812765598297,0.9786686301231384,0.821078360080719,0.05016414821147919,0.04356994852423668,0.2116812765598297,0.9786686301231384,0.821078360080719,0.05016414821147919,0.04356994852423668,0.2116812765598297,0.9786686301231384,0.821078360080719
ai_009_001_cam_00_frame.0066,train,ai_009_001,66,0.04297690838575363,0.040185052901506424,0.2819864749908447,0.9703223705291748,0.8464521169662476,0.04297690838575363,0.040185052901506424,0.2819864749908447,0.9703223705291748,0.8464521169662476,0.04297690838575363,0.040185052901506424,0.2819864749908447,0.9703223705291748,0.8464521169662476,0.04297690838575363,0.040185052901506424,0.2819864749908447,0.9703223705291748,0.8464521169662476
ai_009_001_cam_00_frame.0073,train,ai_009_001,73,0.03760811686515808,0.03466267138719559,0.3328951299190521,0.9738397598266602,0.8250072598457336,0.03760811686515808,0.03466267138719559,0.3328951299190521,0.9738397598266602,0.8250072598457336,0.03760811686515808,0.03466267138719559,0.3328951299190521,0.9738397598266602,0.8250072598457336,0.03760811686515808,0.03466267138719559,0.3328951299190521,0.9738397598266602,0.8250072598457336
ai_009_001_cam_00_frame.0079,train,ai_009_001,79,0.05024202913045883,0.04399699717760086,0.2501095235347748,0.9719506502151489,0.7195454835891724,0.05024202913045883,0.04399699717760086,0.2501095235347748,0.9719506502151489,0.7195454835891724,0.05024202913045883,0.04399699717760086,0.2501095235347748,0.9719506502151489,0.7195454835891724,0.05024202913045883,0.04399699717760086,0.2501095235347748,0.9719506502151489,0.7195454835891724
ai_009_001_cam_00_frame.0086,train,ai_009_001,86,0.037356339395046234,0.034333422780036926,0.3761190176010132,0.9715893864631653,0.7590143084526062,0.037356339395046234,0.034333422780036926,0.3761190176010132,0.9715893864631653,0.7590143084526062,0.037356339395046234,0.034333422780036926,0.3761190176010132,0.9715893864631653,0.7590143084526062,0.037356339395046234,0.034333422780036926,0.3761190176010132,0.9715893864631653,0.7590143084526062
ai_009_001_cam_00_frame.0092,train,ai_009_001,92,0.043289173394441605,0.04057764634490013,0.318786084651947,0.9716455340385437,0.8139596581459045,0.043289173394441605,0.04057764634490013,0.318786084651947,0.9716455340385437,0.8139596581459045,0.043289173394441605,0.04057764634490013,0.318786084651947,0.9716455340385437,0.8139596581459045,0.043289173394441605,0.04057764634490013,0.318786084651947,0.9716455340385437,0.8139596581459045
ai_009_001_cam_00_frame.0099,train,ai_009_001,99,0.04249778762459755,0.039115313440561295,0.33676937222480774,0.9716063141822815,0.7747114300727844,0.04249778762459755,0.039115313440561295,0.33676937222480774,0.9716063141822815,0.7747114300727844,0.04249778762459755,0.039115313440561295,0.33676937222480774,0.9716063141822815,0.7747114300727844,0.04249778762459755,0.039115313440561295,0.33676937222480774,0.9716063141822815,0.7747114300727844
ai_011_001_cam_00_frame.0000,train,ai_011_001,0,0.04836469516158104,0.04340239614248276,0.2588399350643158,0.9670308828353882,0.8885369300842285,0.04836469516158104,0.04340239614248276,0.2588399350643158,0.9670308828353882,0.8885369300842285,0.04836469516158104,0.04340239614248276,0.2588399350643158,0.9670308828353882,0.8885369300842285,0.04836469516158104,0.04340239614248276,0.2588399350643158,0.9670308828353882,0.8885369300842285
ai_011_001_cam_00_frame.0007,train,ai_011_001,7,0.05749138444662094,0.04439684376120567,0.23570342361927032,0.9754988551139832,0.839658796787262,0.05749138444662094,0.04439684376120567,0.23570342361927032,0.9754988551139832,0.839658796787262,0.05749138444662094,0.04439684376120567,0.23570342361927032,0.9754988551139832,0.839658796787262,0.05749138444662094,0.04439684376120567,0.23570342361927032,0.9754988551139832,0.839658796787262
ai_011_001_cam_00_frame.0013,train,ai_011_001,13,0.03115537203848362,0.026218507438898087,0.4854080379009247,0.9841018915176392,0.9227966666221619,0.03115537203848362,0.026218507438898087,0.4854080379009247,0.9841018915176392,0.9227966666221619,0.03115537203848362,0.026218507438898087,0.4854080379009247,0.9841018915176392,0.9227966666221619,0.03115537203848362,0.026218507438898087,0.4854080379009247,0.9841018915176392,0.9227966666221619
ai_011_001_cam_00_frame.0020,train,ai_011_001,20,0.026056556031107903,0.02341058850288391,0.49645042419433594,0.9842885732650757,0.8336993455886841,0.026056556031107903,0.02341058850288391,0.49645042419433594,0.9842885732650757,0.8336993455886841,0.026056556031107903,0.02341058850288391,0.49645042419433594,0.9842885732650757,0.8336993455886841,0.026056556031107903,0.02341058850288391,0.49645042419433594,0.9842885732650757,0.8336993455886841
ai_011_001_cam_00_frame.0026,train,ai_011_001,26,0.025498270988464355,0.023666495457291603,0.424854576587677,0.9916744828224182,0.7633501291275024,0.025498270988464355,0.023666495457291603,0.424854576587677,0.9916744828224182,0.7633501291275024,0.025498270988464355,0.023666495457291603,0.424854576587677,0.9916744828224182,0.7633501291275024,0.025498270988464355,0.023666495457291603,0.424854576587677,0.9916744828224182,0.7633501291275024
ai_011_001_cam_00_frame.0033,train,ai_011_001,33,0.019063886255025864,0.017428360879421234,0.6105761528015137,0.9922313094139099,0.672832727432251,0.019063886255025864,0.017428360879421234,0.6105761528015137,0.9922313094139099,0.672832727432251,0.019063886255025864,0.017428360879421234,0.6105761528015137,0.9922313094139099,0.672832727432251,0.019063886255025864,0.017428360879421234,0.6105761528015137,0.9922313094139099,0.672832727432251
ai_011_001_cam_00_frame.0040,train,ai_011_001,40,0.018881557509303093,0.017109276726841927,0.5907742381095886,0.9925493001937866,0.6969403624534607,0.018881557509303093,0.017109276726841927,0.5907742381095886,0.9925493001937866,0.6969403624534607,0.018881557509303093,0.017109276726841927,0.5907742381095886,0.9925493001937866,0.6969403624534607,0.018881557509303093,0.017109276726841927,0.5907742381095886,0.9925493001937866,0.6969403624534607
ai_011_001_cam_00_frame.0046,train,ai_011_001,46,0.022729314863681793,0.02120920829474926,0.41863518953323364,0.9883317947387695,0.7371997237205505,0.022729314863681793,0.02120920829474926,0.41863518953323364,0.9883317947387695,0.7371997237205505,0.022729314863681793,0.02120920829474926,0.41863518953323364,0.9883317947387695,0.7371997237205505,0.022729314863681793,0.02120920829474926,0.41863518953323364,0.9883317947387695,0.7371997237205505
ai_011_001_cam_00_frame.0053,train,ai_011_001,53,0.02755030244588852,0.025335822254419327,0.42487964034080505,0.9851926565170288,0.6706304550170898,0.02755030244588852,0.025335822254419327,0.42487964034080505,0.9851926565170288,0.6706304550170898,0.02755030244588852,0.025335822254419327,0.42487964034080505,0.9851926565170288,0.6706304550170898,0.02755030244588852,0.025335822254419327,0.42487964034080505,0.9851926565170288,0.6706304550170898
ai_011_001_cam_00_frame.0059,train,ai_011_001,59,0.019243165850639343,0.017848936840891838,0.523518979549408,0.9909047484397888,0.6598672866821289,0.019243165850639343,0.017848936840891838,0.523518979549408,0.9909047484397888,0.6598672866821289,0.019243165850639343,0.017848936840891838,0.523518979549408,0.9909047484397888,0.6598672866821289,0.019243165850639343,0.017848936840891838,0.523518979549408,0.9909047484397888,0.6598672866821289
ai_011_001_cam_00_frame.0066,train,ai_011_001,66,0.024291623383760452,0.02242235280573368,0.5097214579582214,0.9901909232139587,0.7887573838233948,0.024291623383760452,0.02242235280573368,0.5097214579582214,0.9901909232139587,0.7887573838233948,0.024291623383760452,0.02242235280573368,0.5097214579582214,0.9901909232139587,0.7887573838233948,0.024291623383760452,0.02242235280573368,0.5097214579582214,0.9901909232139587,0.7887573838233948
ai_011_001_cam_00_frame.0073,train,ai_011_001,73,0.023403475061058998,0.02176373451948166,0.46073079109191895,0.9920405149459839,0.7591376304626465,0.023403475061058998,0.02176373451948166,0.46073079109191895,0.9920405149459839,0.7591376304626465,0.023403475061058998,0.02176373451948166,0.46073079109191895,0.9920405149459839,0.7591376304626465,0.023403475061058998,0.02176373451948166,0.46073079109191895,0.9920405149459839,0.7591376304626465
ai_011_001_cam_00_frame.0079,train,ai_011_001,79,0.021824773401021957,0.019814589992165565,0.5376830101013184,0.9897552728652954,0.6285842061042786,0.021824773401021957,0.019814589992165565,0.5376830101013184,0.9897552728652954,0.6285842061042786,0.021824773401021957,0.019814589992165565,0.5376830101013184,0.9897552728652954,0.6285842061042786,0.021824773401021957,0.019814589992165565,0.5376830101013184,0.9897552728652954,0.6285842061042786
ai_011_001_cam_00_frame.0086,train,ai_011_001,86,0.020092148333787918,0.018096964806318283,0.5444259643554688,0.9906549453735352,0.6523656249046326,0.020092148333787918,0.018096964806318283,0.5444259643554688,0.9906549453735352,0.6523656249046326,0.020092148333787918,0.018096964806318283,0.5444259643554688,0.9906549453735352,0.6523656249046326,0.020092148333787918,0.018096964806318283,0.5444259643554688,0.9906549453735352,0.6523656249046326
ai_011_001_cam_00_frame.0092,train,ai_011_001,92,0.02195160835981369,0.020372850820422173,0.42793065309524536,0.9908297061920166,0.6370846629142761,0.02195160835981369,0.020372850820422173,0.42793065309524536,0.9908297061920166,0.6370846629142761,0.02195160835981369,0.020372850820422173,0.42793065309524536,0.9908297061920166,0.6370846629142761,0.02195160835981369,0.020372850820422173,0.42793065309524536,0.9908297061920166,0.6370846629142761
ai_011_001_cam_00_frame.0099,train,ai_011_001,99,0.022301888093352318,0.020683106034994125,0.5229473114013672,0.9869944453239441,0.6284907460212708,0.022301888093352318,0.020683106034994125,0.5229473114013672,0.9869944453239441,0.6284907460212708,0.022301888093352318,0.020683106034994125,0.5229473114013672,0.9869944453239441,0.6284907460212708,0.022301888093352318,0.020683106034994125,0.5229473114013672,0.9869944453239441,0.6284907460212708
ai_013_001_cam_00_frame.0000,train,ai_013_001,0,0.07225677371025085,0.06584560126066208,0.12237548828125,0.9874624013900757,0.9249786734580994,0.07225677371025085,0.06584560126066208,0.12237548828125,0.9874624013900757,0.9249786734580994,0.07225677371025085,0.06584560126066208,0.12237548828125,0.9874624013900757,0.9249786734580994,0.07225677371025085,0.06584560126066208,0.12237548828125,0.9874624013900757,0.9249786734580994
ai_013_001_cam_00_frame.0007,train,ai_013_001,7,0.07155142724514008,0.06572864204645157,0.1121063232421875,0.9898630976676941,0.9365078806877136,0.07155142724514008,0.06572864204645157,0.1121063232421875,0.9898630976676941,0.9365078806877136,0.07155142724514008,0.06572864204645157,0.1121063232421875,0.9898630976676941,0.9365078806877136,0.07155142724514008,0.06572864204645157,0.1121063232421875,0.9898630976676941,0.9365078806877136
ai_013_001_cam_00_frame.0013,train,ai_013_001,13,0.06766319274902344,0.06253444403409958,0.1021270751953125,0.9897054433822632,0.9284613728523254,0.06766319274902344,0.06253444403409958,0.1021270751953125,0.9897054433822632,0.9284613728523254,0.06766319274902344,0.06253444403409958,0.1021270751953125,0.9897054433822632,0.9284613728523254,0.06766319274902344,0.06253444403409958,0.1021270751953125,0.9897054433822632,0.9284613728523254
ai_013_001_cam_00_frame.0020,train,ai_013_001,20,0.07316400110721588,0.06629666686058044,0.1039530485868454,0.9888051748275757,0.931904673576355,0.07316400110721588,0.06629666686058044,0.1039530485868454,0.9888051748275757,0.931904673576355,0.07316400110721588,0.06629666686058044,0.1039530485868454,0.9888051748275757,0.931904673576355,0.07316400110721588,0.06629666686058044,0.1039530485868454,0.9888051748275757,0.931904673576355
ai_013_001_cam_00_frame.0026,train,ai_013_001,26,0.06716328114271164,0.06212412565946579,0.1450246274471283,0.9899546504020691,0.9301862716674805,0.06716328114271164,0.06212412565946579,0.1450246274471283,0.9899546504020691,0.9301862716674805,0.06716328114271164,0.06212412565946579,0.1450246274471283,0.9899546504020691,0.9301862716674805,0.06716328114271164,0.06212412565946579,0.1450246274471283,0.9899546504020691,0.9301862716674805
ai_013_001_cam_00_frame.0033,train,ai_013_001,33,0.06399469077587128,0.05929341912269592,0.1256612241268158,0.9890645742416382,0.9346967935562134,0.06399469077587128,0.05929341912269592,0.1256612241268158,0.9890645742416382,0.9346967935562134,0.06399469077587128,0.05929341912269592,0.1256612241268158,0.9890645742416382,0.9346967935562134,0.06399469077587128,0.05929341912269592,0.1256612241268158,0.9890645742416382,0.9346967935562134
ai_013_001_cam_00_frame.0040,train,ai_013_001,40,0.060066841542720795,0.05508577823638916,0.1252797544002533,0.9904429316520691,0.9360485672950745,0.060066841542720795,0.05508577823638916,0.1252797544002533,0.9904429316520691,0.9360485672950745,0.060066841542720795,0.05508577823638916,0.1252797544002533,0.9904429316520691,0.9360485672950745,0.060066841542720795,0.05508577823638916,0.1252797544002533,0.9904429316520691,0.9360485672950745
ai_013_001_cam_00_frame.0046,train,ai_013_001,46,0.05909128487110138,0.05341342091560364,0.13104248046875,0.9912261962890625,0.9344729781150818,0.05909128487110138,0.05341342091560364,0.13104248046875,0.9912261962890625,0.9344729781150818,0.05909128487110138,0.05341342091560364,0.13104248046875,0.9912261962890625,0.9344729781150818,0.05909128487110138,0.05341342091560364,0.13104248046875,0.9912261962890625,0.9344729781150818
ai_013_001_cam_00_frame.0053,train,ai_013_001,53,0.05803418904542923,0.0532398596405983,0.1093495711684227,0.9922943115234375,0.9391586780548096,0.05803418904542923,0.0532398596405983,0.1093495711684227,0.9922943115234375,0.9391586780548096,0.05803418904542923,0.0532398596405983,0.1093495711684227,0.9922943115234375,0.9391586780548096,0.05803418904542923,0.0532398596405983,0.1093495711684227,0.9922943115234375,0.9391586780548096
ai_013_001_cam_00_frame.0059,train,ai_013_001,59,0.07425208389759064,0.06807684898376465,0.1003926619887352,0.9914093017578125,0.9440117478370667,0.07425208389759064,0.06807684898376465,0.1003926619887352,0.9914093017578125,0.9440117478370667,0.07425208389759064,0.06807684898376465,0.1003926619887352,0.9914093017578125,0.9440117478370667,0.07425208389759064,0.06807684898376465,0.1003926619887352,0.9914093017578125,0.9440117478370667
ai_013_001_cam_00_frame.0066,train,ai_013_001,66,0.07539443671703339,0.06876279413700104,0.0774688720703125,0.9918569326400757,0.9427606463432312,0.07539443671703339,0.06876279413700104,0.0774688720703125,0.9918569326400757,0.9427606463432312,0.07539443671703339,0.06876279413700104,0.0774688720703125,0.9918569326400757,0.9427606463432312,0.07539443671703339,0.06876279413700104,0.0774688720703125,0.9918569326400757,0.9427606463432312
ai_013_001_cam_00_frame.0073,train,ai_013_001,73,0.06179337948560715,0.05643492192029953,0.1656595915555954,0.9910329580307007,0.9346020817756653,0.06179337948560715,0.05643492192029953,0.1656595915555954,0.9910329580307007,0.9346020817756653,0.06179337948560715,0.05643492192029953,0.1656595915555954,0.9910329580307007,0.9346020817756653,0.06179337948560715,0.05643492192029953,0.1656595915555954,0.9910329580307007,0.9346020817756653
ai_013_001_cam_00_frame.0079,train,ai_013_001,79,0.07336607575416565,0.06769893318414688,0.0865071639418602,0.9907023310661316,0.9440855979919434,0.07336607575416565,0.06769893318414688,0.0865071639418602,0.9907023310661316,0.9440855979919434,0.07336607575416565,0.06769893318414688,0.0865071639418602,0.9907023310661316,0.9440855979919434,0.07336607575416565,0.06769893318414688,0.0865071639418602,0.9907023310661316,0.9440855979919434
ai_013_001_cam_00_frame.0086,train,ai_013_001,86,0.0792461410164833,0.07202710211277008,0.0948384627699852,0.9898122549057007,0.938381016254425,0.0792461410164833,0.07202710211277008,0.0948384627699852,0.9898122549057007,0.938381016254425,0.0792461410164833,0.07202710211277008,0.0948384627699852,0.9898122549057007,0.938381016254425,0.0792461410164833,0.07202710211277008,0.0948384627699852,0.9898122549057007,0.938381016254425
ai_013_001_cam_00_frame.0092,train,ai_013_001,92,0.06423678249120712,0.05946587771177292,0.1375376433134079,0.9897613525390625,0.9248434901237488,0.06423678249120712,0.05946587771177292,0.1375376433134079,0.9897613525390625,0.9248434901237488,0.06423678249120712,0.05946587771177292,0.1375376433134079,0.9897613525390625,0.9248434901237488,0.06423678249120712,0.05946587771177292,0.1375376433134079,0.9897613525390625,0.9248434901237488
ai_013_001_cam_00_frame.0099,train,ai_013_001,99,0.06515860557556152,0.06024318188428879,0.1659495085477829,0.9897410273551941,0.9205843210220337,0.06515860557556152,0.06024318188428879,0.1659495085477829,0.9897410273551941,0.9205843210220337,0.06515860557556152,0.06024318188428879,0.1659495085477829,0.9897410273551941,0.9205843210220337,0.06515860557556152,0.06024318188428879,0.1659495085477829,0.9897410273551941,0.9205843210220337
ai_015_001_cam_00_frame.0000,train,ai_015_001,0,0.023394113406538963,0.022053604945540428,0.3433888852596283,0.9973093867301941,0.7921303510665894,0.023394113406538963,0.022053604945540428,0.3433888852596283,0.9973093867301941,0.7921303510665894,0.023394113406538963,0.022053604945540428,0.3433888852596283,0.9973093867301941,0.7921303510665894,0.023394113406538963,0.022053604945540428,0.3433888852596283,0.9973093867301941,0.7921303510665894
ai_015_001_cam_00_frame.0007,train,ai_015_001,7,0.02094610594213009,0.019220100715756416,0.3516082763671875,0.9949493408203125,0.7983237504959106,0.02094610594213009,0.019220100715756416,0.3516082763671875,0.9949493408203125,0.7983237504959106,0.02094610594213009,0.019220100715756416,0.3516082763671875,0.9949493408203125,0.7983237504959106,0.02094610594213009,0.019220100715756416,0.3516082763671875,0.9949493408203125,0.7983237504959106
ai_015_001_cam_00_frame.0013,train,ai_015_001,13,0.02740633115172386,0.02180153876543045,0.3999532163143158,0.9962412714958191,0.8580650091171265,0.02740633115172386,0.02180153876543045,0.3999532163143158,0.9962412714958191,0.8580650091171265,0.02740633115172386,0.02180153876543045,0.3999532163143158,0.9962412714958191,0.8580650091171265,0.02740633115172386,0.02180153876543045,0.3999532163143158,0.9962412714958191,0.8580650091171265
ai_015_001_cam_00_frame.0020,train,ai_015_001,20,0.016803033649921417,0.01512247882783413,0.5761515498161316,0.9963938593864441,0.8660479187965393,0.016803033649921417,0.01512247882783413,0.5761515498161316,0.9963938593864441,0.8660479187965393,0.016803033649921417,0.01512247882783413,0.5761515498161316,0.9963938593864441,0.8660479187965393,0.016803033649921417,0.01512247882783413,0.5761515498161316,0.9963938593864441,0.8660479187965393
ai_015_001_cam_00_frame.0026,train,ai_015_001,26,0.025505218654870987,0.02013685368001461,0.3928375244140625,0.9945424795150757,0.90790194272995,0.025505218654870987,0.02013685368001461,0.3928375244140625,0.9945424795150757,0.90790194272995,0.025505218654870987,0.02013685368001461,0.3928375244140625,0.9945424795150757,0.90790194272995,0.025505218654870987,0.02013685368001461,0.3928375244140625,0.9945424795150757,0.90790194272995
ai_015_001_cam_00_frame.0033,train,ai_015_001,33,0.04359840601682663,0.03081221878528595,0.2364501953125,0.9923197627067566,0.8248178362846375,0.04359840601682663,0.03081221878528595,0.2364501953125,0.9923197627067566,0.8248178362846375,0.04359840601682663,0.03081221878528595,0.2364501953125,0.9923197627067566,0.8248178362846375,0.04359840601682663,0.03081221878528595,0.2364501953125,0.9923197627067566,0.8248178362846375
ai_015_001_cam_00_frame.0040,train,ai_015_001,40,0.03149619698524475,0.027846749871969223,0.3354288935661316,0.9889068603515625,0.824781596660614,0.03149619698524475,0.027846749871969223,0.3354288935661316,0.9889068603515625,0.824781596660614,0.03149619698524475,0.027846749871969223,0.3354288935661316,0.9889068603515625,0.824781596660614,0.03149619698524475,0.027846749871969223,0.3354288935661316,0.9889068603515625,0.824781596660614
ai_015_001_cam_00_frame.0046,train,ai_015_001,46,0.02758646570146084,0.02592846378684044,0.2916463315486908,0.9976959228515625,0.7902210354804993,0.02758646570146084,0.02592846378684044,0.2916463315486908,0.9976959228515625,0.7902210354804993,0.02758646570146084,0.02592846378684044,0.2916463315486908,0.9976959228515625,0.7902210354804993,0.02758646570146084,0.02592846378684044,0.2916463315486908,0.9976959228515625,0.7902210354804993
ai_015_001_cam_00_frame.0053,train,ai_015_001,53,0.021605316549539566,0.01866277866065502,0.3703359067440033,0.9973602294921875,0.8633720874786377,0.021605316549539566,0.01866277866065502,0.3703359067440033,0.9973602294921875,0.8633720874786377,0.021605316549539566,0.01866277866065502,0.3703359067440033,0.9973602294921875,0.8633720874786377,0.021605316549539566,0.01866277866065502,0.3703359067440033,0.9973602294921875,0.8633720874786377
ai_015_001_cam_00_frame.0059,train,ai_015_001,59,0.032810527831315994,0.029661646112799644,0.2033589780330658,0.9927266836166382,0.8175663948059082,0.032810527831315994,0.029661646112799644,0.2033589780330658,0.9927266836166382,0.8175663948059082,0.032810527831315994,0.029661646112799644,0.2033589780330658,0.9927266836166382,0.8175663948059082,0.032810527831315994,0.029661646112799644,0.2033589780330658,0.9927266836166382,0.8175663948059082
ai_015_001_cam_00_frame.0066,train,ai_015_001,66,0.01797703094780445,0.012419939041137695,0.7347005605697632,0.9987691640853882,0.9822072982788086,0.01797703094780445,0.012419939041137695,0.7347005605697632,0.9987691640853882,0.9822072982788086,0.01797703094780445,0.012419939041137695,0.7347005605697632,0.9987691640853882,0.9822072982788086,0.01797703094780445,0.012419939041137695,0.7347005605697632,0.9987691640853882,0.9822072982788086
ai_015_001_cam_00_frame.0073,train,ai_015_001,73,0.057203635573387146,0.048368148505687714,0.160552978515625,0.995269775390625,0.9539217352867126,0.057203635573387146,0.048368148505687714,0.160552978515625,0.995269775390625,0.9539217352867126,0.057203635573387146,0.048368148505687714,0.160552978515625,0.995269775390625,0.9539217352867126,0.057203635573387146,0.048368148505687714,0.160552978515625,0.995269775390625,0.9539217352867126
ai_015_001_cam_00_frame.0079,train,ai_015_001,79,0.026970908045768738,0.021219942718744278,0.3661906123161316,0.9960276484489441,0.8016887903213501,0.026970908045768738,0.021219942718744278,0.3661906123161316,0.9960276484489441,0.8016887903213501,0.026970908045768738,0.021219942718744278,0.3661906123161316,0.9960276484489441,0.8016887903213501,0.026970908045768738,0.021219942718744278,0.3661906123161316,0.9960276484489441,0.8016887903213501
ai_015_001_cam_00_frame.0086,train,ai_015_001,86,0.04500819370150566,0.04104151949286461,0.2457377165555954,0.9994100332260132,0.8261809349060059,0.04500819370150566,0.04104151949286461,0.2457377165555954,0.9994100332260132,0.8261809349060059,0.04500819370150566,0.04104151949286461,0.2457377165555954,0.9994100332260132,0.8261809349060059,0.04500819370150566,0.04104151949286461,0.2457377165555954,0.9994100332260132,0.8261809349060059
ai_015_001_cam_00_frame.0092,train,ai_015_001,92,0.02255033515393734,0.017910178750753403,0.4003957211971283,0.9971923828125,0.7948334217071533,0.02255033515393734,0.017910178750753403,0.4003957211971283,0.9971923828125,0.7948334217071533,0.02255033515393734,0.017910178750753403,0.4003957211971283,0.9971923828125,0.7948334217071533,0.02255033515393734,0.017910178750753403,0.4003957211971283,0.9971923828125,0.7948334217071533
ai_015_001_cam_00_frame.0099,train,ai_015_001,99,0.04145292937755585,0.021724440157413483,0.5433909296989441,0.9922129511833191,0.8532586097717285,0.04145292937755585,0.021724440157413483,0.5433909296989441,0.9922129511833191,0.8532586097717285,0.04145292937755585,0.021724440157413483,0.5433909296989441,0.9922129511833191,0.8532586097717285,0.04145292937755585,0.021724440157413483,0.5433909296989441,0.9922129511833191,0.8532586097717285
ai_017_001_cam_00_frame.0000,train,ai_017_001,0,0.02727453224360943,0.02505108341574669,0.1879323422908783,0.9926300048828125,0.8174049854278564,0.02727453224360943,0.02505108341574669,0.1879323422908783,0.9926300048828125,0.8174049854278564,0.02727453224360943,0.02505108341574669,0.1879323422908783,0.9926300048828125,0.8174049854278564,0.02727453224360943,0.02505108341574669,0.1879323422908783,0.9926300048828125,0.8174049854278564
ai_017_001_cam_00_frame.0007,train,ai_017_001,7,0.02819121442735195,0.026703238487243652,0.2900645136833191,0.9925944209098816,0.7894031405448914,0.02819121442735195,0.026703238487243652,0.2900645136833191,0.9925944209098816,0.7894031405448914,0.02819121442735195,0.026703238487243652,0.2900645136833191,0.9925944209098816,0.7894031405448914,0.02819121442735195,0.026703238487243652,0.2900645136833191,0.9925944209098816,0.7894031405448914
ai_017_001_cam_00_frame.0013,train,ai_017_001,13,0.01948823779821396,0.016596496105194092,0.4635264277458191,0.9944254755973816,0.780455470085144,0.01948823779821396,0.016596496105194092,0.4635264277458191,0.9944254755973816,0.780455470085144,0.01948823779821396,0.016596496105194092,0.4635264277458191,0.9944254755973816,0.780455470085144,0.01948823779821396,0.016596496105194092,0.4635264277458191,0.9944254755973816,0.780455470085144
ai_017_001_cam_00_frame.0020,train,ai_017_001,20,0.025703076273202896,0.023475006222724915,0.2987620234489441,0.9945068359375,0.755416989326477,0.025703076273202896,0.023475006222724915,0.2987620234489441,0.9945068359375,0.755416989326477,0.025703076273202896,0.023475006222724915,0.2987620234489441,0.9945068359375,0.755416989326477,0.025703076273202896,0.023475006222724915,0.2987620234489441,0.9945068359375,0.755416989326477
ai_017_001_cam_00_frame.0026,train,ai_017_001,26,0.023823734372854233,0.019519757479429245,0.2842254638671875,0.9939473867416382,0.876092791557312,0.023823734372854233,0.019519757479429245,0.2842254638671875,0.9939473867416382,0.876092791557312,0.023823734372854233,0.019519757479429245,0.2842254638671875,0.9939473867416382,0.876092791557312,0.023823734372854233,0.019519757479429245,0.2842254638671875,0.9939473867416382,0.876092791557312
ai_017_001_cam_00_frame.0033,train,ai_017_001,33,0.022332554683089256,0.019568100571632385,0.402801513671875,0.9960378408432007,0.8546088337898254,0.022332554683089256,0.019568100571632385,0.402801513671875,0.9960378408432007,0.8546088337898254,0.022332554683089256,0.019568100571632385,0.402801513671875,0.9960378408432007,0.8546088337898254,0.022332554683089256,0.019568100571632385,0.402801513671875,0.9960378408432007,0.8546088337898254
ai_017_001_cam_00_frame.0040,train,ai_017_001,40,0.021708300337195396,0.017796196043491364,0.4581095576286316,0.9956868886947632,0.8037271499633789,0.021708300337195396,0.017796196043491364,0.4581095576286316,0.9956868886947632,0.8037271499633789,0.021708300337195396,0.017796196043491364,0.4581095576286316,0.9956868886947632,0.8037271499633789,0.021708300337195396,0.017796196043491364,0.4581095576286316,0.9956868886947632,0.8037271499633789
ai_017_001_cam_00_frame.0046,train,ai_017_001,46,0.03419232740998268,0.029890256002545357,0.47540876269340515,0.9812480211257935,0.8073340654373169,0.03419232740998268,0.029890256002545357,0.47540876269340515,0.9812480211257935,0.8073340654373169,0.03419232740998268,0.029890256002545357,0.47540876269340515,0.9812480211257935,0.8073340654373169,0.03419232740998268,0.029890256002545357,0.47540876269340515,0.9812480211257935,0.8073340654373169
ai_017_001_cam_00_frame.0053,train,ai_017_001,53,0.030754810199141502,0.028436675667762756,0.48195621371269226,0.9799564480781555,0.8381043076515198,0.030754810199141502,0.028436675667762756,0.48195621371269226,0.9799564480781555,0.8381043076515198,0.030754810199141502,0.028436675667762756,0.48195621371269226,0.9799564480781555,0.8381043076515198,0.030754810199141502,0.028436675667762756,0.48195621371269226,0.9799564480781555,0.8381043076515198
ai_017_001_cam_00_frame.0059,train,ai_017_001,59,0.0322236530482769,0.028592539951205254,0.4200533330440521,0.9896892309188843,0.75449138879776,0.0322236530482769,0.028592539951205254,0.4200533330440521,0.9896892309188843,0.75449138879776,0.0322236530482769,0.028592539951205254,0.4200533330440521,0.9896892309188843,0.75449138879776,0.0322236530482769,0.028592539951205254,0.4200533330440521,0.9896892309188843,0.75449138879776
ai_017_001_cam_00_frame.0066,train,ai_017_001,66,0.02247709035873413,0.021343307569622993,0.5284968018531799,0.9903174042701721,0.7930412888526917,0.02247709035873413,0.021343307569622993,0.5284968018531799,0.9903174042701721,0.7930412888526917,0.02247709035873413,0.021343307569622993,0.5284968018531799,0.9903174042701721,0.7930412888526917,0.02247709035873413,0.021343307569622993,0.5284968018531799,0.9903174042701721,0.7930412888526917
ai_017_001_cam_00_frame.0073,train,ai_017_001,73,0.028789499774575233,0.026500381529331207,0.6150563359260559,0.9844567775726318,0.8100153803825378,0.028789499774575233,0.026500381529331207,0.6150563359260559,0.9844567775726318,0.8100153803825378,0.028789499774575233,0.026500381529331207,0.6150563359260559,0.9844567775726318,0.8100153803825378,0.028789499774575233,0.026500381529331207,0.6150563359260559,0.9844567775726318,0.8100153803825378
ai_017_001_cam_00_frame.0079,train,ai_017_001,79,0.02333245240151882,0.021935472264885902,0.575117290019989,0.9847539067268372,0.8039757609367371,0.02333245240151882,0.021935472264885902,0.575117290019989,0.9847539067268372,0.8039757609367371,0.02333245240151882,0.021935472264885902,0.575117290019989,0.9847539067268372,0.8039757609367371,0.02333245240151882,0.021935472264885902,0.575117290019989,0.9847539067268372,0.8039757609367371
ai_017_001_cam_00_frame.0086,train,ai_017_001,86,0.026296084746718407,0.024106411263346672,0.3277435302734375,0.9875081777572632,0.7437036037445068,0.026296084746718407,0.024106411263346672,0.3277435302734375,0.9875081777572632,0.7437036037445068,0.026296084746718407,0.024106411263346672,0.3277435302734375,0.9875081777572632,0.7437036037445068,0.026296084746718407,0.024106411263346672,0.3277435302734375,0.9875081777572632,0.7437036037445068
ai_017_001_cam_00_frame.0092,train,ai_017_001,92,0.02241525612771511,0.018807072192430496,0.4405110776424408,0.992828369140625,0.7293375134468079,0.02241525612771511,0.018807072192430496,0.4405110776424408,0.992828369140625,0.7293375134468079,0.02241525612771511,0.018807072192430496,0.4405110776424408,0.992828369140625,0.7293375134468079,0.02241525612771511,0.018807072192430496,0.4405110776424408,0.992828369140625,0.7293375134468079
ai_017_001_cam_00_frame.0099,train,ai_017_001,99,0.03043169341981411,0.025256231427192688,0.4756673276424408,0.9878743886947632,0.7978682518005371,0.03043169341981411,0.025256231427192688,0.4756673276424408,0.9878743886947632,0.7978682518005371,0.03043169341981411,0.025256231427192688,0.4756673276424408,0.9878743886947632,0.7978682518005371,0.03043169341981411,0.025256231427192688,0.4756673276424408,0.9878743886947632,0.7978682518005371
ai_018_003_cam_00_frame.0000,train,ai_018_003,0,0.016437657177448273,0.01471531018614769,0.5070444941520691,0.9942626953125,0.8894361257553101,0.016437657177448273,0.01471531018614769,0.5070444941520691,0.9942626953125,0.8894361257553101,0.016437657177448273,0.01471531018614769,0.5070444941520691,0.9942626953125,0.8894361257553101,0.016437657177448273,0.01471531018614769,0.5070444941520691,0.9942626953125,0.8894361257553101
ai_018_003_cam_00_frame.0007,train,ai_018_003,7,0.016290221363306046,0.014153329655528069,0.5311330556869507,0.9961446523666382,0.7828903198242188,0.016290221363306046,0.014153329655528069,0.5311330556869507,0.9961446523666382,0.7828903198242188,0.016290221363306046,0.014153329655528069,0.5311330556869507,0.9961446523666382,0.7828903198242188,0.016290221363306046,0.014153329655528069,0.5311330556869507,0.9961446523666382,0.7828903198242188
ai_018_003_cam_00_frame.0013,train,ai_018_003,13,0.02079544961452484,0.018647469580173492,0.479461669921875,0.9954274892807007,0.7899895906448364,0.02079544961452484,0.018647469580173492,0.479461669921875,0.9954274892807007,0.7899895906448364,0.02079544961452484,0.018647469580173492,0.479461669921875,0.9954274892807007,0.7899895906448364,0.02079544961452484,0.018647469580173492,0.479461669921875,0.9954274892807007,0.7899895906448364
ai_018_003_cam_00_frame.0020,train,ai_018_003,20,0.04728236421942711,0.03197481483221054,0.1475321501493454,0.9924418330192566,0.8672489523887634,0.04728236421942711,0.03197481483221054,0.1475321501493454,0.9924418330192566,0.8672489523887634,0.04728236421942711,0.03197481483221054,0.1475321501493454,0.9924418330192566,0.8672489523887634,0.04728236421942711,0.03197481483221054,0.1475321501493454,0.9924418330192566,0.8672489523887634
ai_018_003_cam_00_frame.0026,train,ai_018_003,26,0.02096845768392086,0.017026938498020172,0.4788665771484375,0.995361328125,0.8700888752937317,0.02096845768392086,0.017026938498020172,0.4788665771484375,0.995361328125,0.8700888752937317,0.02096845768392086,0.017026938498020172,0.4788665771484375,0.995361328125,0.8700888752937317,0.02096845768392086,0.017026938498020172,0.4788665771484375,0.995361328125,0.8700888752937317
ai_018_003_cam_00_frame.0033,train,ai_018_003,33,0.01754460111260414,0.015399215742945671,0.6302337646484375,0.9947459101676941,0.7571241855621338,0.01754460111260414,0.015399215742945671,0.6302337646484375,0.9947459101676941,0.7571241855621338,0.01754460111260414,0.015399215742945671,0.6302337646484375,0.9947459101676941,0.7571241855621338,0.01754460111260414,0.015399215742945671,0.6302337646484375,0.9947459101676941,0.7571241855621338
ai_018_003_cam_00_frame.0040,train,ai_018_003,40,0.012575739994645119,0.011106640100479126,0.6792246699333191,0.9965718984603882,0.9510820508003235,0.012575739994645119,0.011106640100479126,0.6792246699333191,0.9965718984603882,0.9510820508003235,0.012575739994645119,0.011106640100479126,0.6792246699333191,0.9965718984603882,0.9510820508003235,0.012575739994645119,0.011106640100479126,0.6792246699333191,0.9965718984603882,0.9510820508003235
ai_018_003_cam_00_frame.0046,train,ai_018_003,46,0.021527647972106934,0.017500033602118492,0.3581644892692566,0.9948781728744507,0.7858185768127441,0.021527647972106934,0.017500033602118492,0.3581644892692566,0.9948781728744507,0.7858185768127441,0.021527647972106934,0.017500033602118492,0.3581644892692566,0.9948781728744507,0.7858185768127441,0.021527647972106934,0.017500033602118492,0.3581644892692566,0.9948781728744507,0.7858185768127441
ai_018_003_cam_00_frame.0053,train,ai_018_003,53,0.030155979096889496,0.02790026366710663,0.2457326352596283,0.9938761591911316,0.9207172393798828,0.030155979096889496,0.02790026366710663,0.2457326352596283,0.9938761591911316,0.9207172393798828,0.030155979096889496,0.02790026366710663,0.2457326352596283,0.9938761591911316,0.9207172393798828,0.030155979096889496,0.02790026366710663,0.2457326352596283,0.9938761591911316,0.9207172393798828
ai_018_003_cam_00_frame.0059,train,ai_018_003,59,0.019775167107582092,0.017933811992406845,0.5341593623161316,0.9946035146713257,0.8758586645126343,0.019775167107582092,0.017933811992406845,0.5341593623161316,0.9946035146713257,0.8758586645126343,0.019775167107582092,0.017933811992406845,0.5341593623161316,0.9946035146713257,0.8758586645126343,0.019775167107582092,0.017933811992406845,0.5341593623161316,0.9946035146713257,0.8758586645126343
ai_018_003_cam_00_frame.0066,train,ai_018_003,66,0.023337554186582565,0.020864218473434448,0.7214609980583191,0.9921213984489441,0.9121027588844299,0.023337554186582565,0.020864218473434448,0.7214609980583191,0.9921213984489441,0.9121027588844299,0.023337554186582565,0.020864218473434448,0.7214609980583191,0.9921213984489441,0.9121027588844299,0.023337554186582565,0.020864218473434448,0.7214609980583191,0.9921213984489441,0.9121027588844299
ai_018_003_cam_00_frame.0073,train,ai_018_003,73,0.061059754341840744,0.055535025894641876,0.6077372431755066,0.9512888789176941,0.5156294703483582,0.061059754341840744,0.055535025894641876,0.6077372431755066,0.9512888789176941,0.5156294703483582,0.061059754341840744,0.055535025894641876,0.6077372431755066,0.9512888789176941,0.5156294703483582,0.061059754341840744,0.055535025894641876,0.6077372431755066,0.9512888789176941,0.5156294703483582
ai_018_003_cam_00_frame.0079,train,ai_018_003,79,0.011536865495145321,0.0101992292329669,0.7522939443588257,0.996917724609375,0.9065590500831604,0.011536865495145321,0.0101992292329669,0.7522939443588257,0.996917724609375,0.9065590500831604,0.011536865495145321,0.0101992292329669,0.7522939443588257,0.996917724609375,0.9065590500831604,0.011536865495145321,0.0101992292329669,0.7522939443588257,0.996917724609375,0.9065590500831604
ai_018_003_cam_00_frame.0086,train,ai_018_003,86,0.03719402477145195,0.029519513249397278,0.1439615935087204,0.9963582754135132,0.8118856549263,0.03719402477145195,0.029519513249397278,0.1439615935087204,0.9963582754135132,0.8118856549263,0.03719402477145195,0.029519513249397278,0.1439615935087204,0.9963582754135132,0.8118856549263,0.03719402477145195,0.029519513249397278,0.1439615935087204,0.9963582754135132,0.8118856549263
ai_018_003_cam_00_frame.0092,train,ai_018_003,92,0.015924103558063507,0.01453851442784071,0.7276510000228882,0.9949544668197632,0.9350951313972473,0.015924103558063507,0.01453851442784071,0.7276510000228882,0.9949544668197632,0.9350951313972473,0.015924103558063507,0.01453851442784071,0.7276510000228882,0.9949544668197632,0.9350951313972473,0.015924103558063507,0.01453851442784071,0.7276510000228882,0.9949544668197632,0.9350951313972473
ai_018_003_cam_00_frame.0099,train,ai_018_003,99,0.02193169854581356,0.019782766699790955,0.4015859067440033,0.9971262812614441,0.9339388608932495,0.02193169854581356,0.019782766699790955,0.4015859067440033,0.9971262812614441,0.9339388608932495,0.02193169854581356,0.019782766699790955,0.4015859067440033,0.9971262812614441,0.9339388608932495,0.02193169854581356,0.019782766699790955,0.4015859067440033,0.9971262812614441,0.9339388608932495
ai_021_001_cam_00_frame.0000,train,ai_021_001,0,0.06200963258743286,0.05629323050379753,0.1259358823299408,0.947723388671875,0.8933987617492676,0.06200963258743286,0.05629323050379753,0.1259358823299408,0.947723388671875,0.8933987617492676,0.06200963258743286,0.05629323050379753,0.1259358823299408,0.947723388671875,0.8933987617492676,0.06200963258743286,0.05629323050379753,0.1259358823299408,0.947723388671875,0.8933987617492676
ai_021_001_cam_00_frame.0007,train,ai_021_001,7,0.03622083365917206,0.03322213515639305,0.168792724609375,0.9901072382926941,0.8987977504730225,0.03622083365917206,0.03322213515639305,0.168792724609375,0.9901072382926941,0.8987977504730225,0.03622083365917206,0.03322213515639305,0.168792724609375,0.9901072382926941,0.8987977504730225,0.03622083365917206,0.03322213515639305,0.168792724609375,0.9901072382926941,0.8987977504730225
ai_021_001_cam_00_frame.0013,train,ai_021_001,13,0.027284279465675354,0.023845424875617027,0.3397878110408783,0.9940236806869507,0.8830485939979553,0.027284279465675354,0.023845424875617027,0.3397878110408783,0.9940236806869507,0.8830485939979553,0.027284279465675354,0.023845424875617027,0.3397878110408783,0.9940236806869507,0.8830485939979553,0.027284279465675354,0.023845424875617027,0.3397878110408783,0.9940236806869507,0.8830485939979553
ai_021_001_cam_00_frame.0020,train,ai_021_001,20,0.05347815155982971,0.04537568613886833,0.170654296875,0.990509033203125,0.9200437664985657,0.05347815155982971,0.04537568613886833,0.170654296875,0.990509033203125,0.9200437664985657,0.05347815155982971,0.04537568613886833,0.170654296875,0.990509033203125,0.9200437664985657,0.05347815155982971,0.04537568613886833,0.170654296875,0.990509033203125,0.9200437664985657
ai_021_001_cam_00_frame.0026,train,ai_021_001,26,0.038664817810058594,0.0357954204082489,0.2827911376953125,0.98846435546875,0.9183327555656433,0.038664817810058594,0.0357954204082489,0.2827911376953125,0.98846435546875,0.9183327555656433,0.038664817810058594,0.0357954204082489,0.2827911376953125,0.98846435546875,0.9183327555656433,0.038664817810058594,0.0357954204082489,0.2827911376953125,0.98846435546875,0.9183327555656433
ai_021_001_cam_00_frame.0033,train,ai_021_001,33,0.05938580632209778,0.05419459193944931,0.1175944060087204,0.9673258662223816,0.9177970290184021,0.05938580632209778,0.05419459193944931,0.1175944060087204,0.9673258662223816,0.9177970290184021,0.05938580632209778,0.05419459193944931,0.1175944060087204,0.9673258662223816,0.9177970290184021,0.05938580632209778,0.05419459193944931,0.1175944060087204,0.9673258662223816,0.9177970290184021
ai_021_001_cam_00_frame.0040,train,ai_021_001,40,0.05693351477384567,0.05211297422647476,0.1270192563533783,0.9870046377182007,0.9192989468574524,0.05693351477384567,0.05211297422647476,0.1270192563533783,0.9870046377182007,0.9192989468574524,0.05693351477384567,0.05211297422647476,0.1270192563533783,0.9870046377182007,0.9192989468574524,0.05693351477384567,0.05211297422647476,0.1270192563533783,0.9870046377182007,0.9192989468574524
ai_021_001_cam_00_frame.0046,train,ai_021_001,46,0.04972343146800995,0.0465334877371788,0.1218414306640625,0.9865824580192566,0.9041062593460083,0.04972343146800995,0.0465334877371788,0.1218414306640625,0.9865824580192566,0.9041062593460083,0.04972343146800995,0.0465334877371788,0.1218414306640625,0.9865824580192566,0.9041062593460083,0.04972343146800995,0.0465334877371788,0.1218414306640625,0.9865824580192566,0.9041062593460083
ai_021_001_cam_00_frame.0053,train,ai_021_001,53,0.05275646969676018,0.048599787056446075,0.1259613037109375,0.9902140498161316,0.9081423282623291,0.05275646969676018,0.048599787056446075,0.1259613037109375,0.9902140498161316,0.9081423282623291,0.05275646969676018,0.048599787056446075,0.1259613037109375,0.9902140498161316,0.9081423282623291,0.05275646969676018,0.048599787056446075,0.1259613037109375,0.9902140498161316,0.9081423282623291
ai_021_001_cam_00_frame.0059,train,ai_021_001,59,0.04152698814868927,0.03964594379067421,0.1749521940946579,0.9888255000114441,0.8932983875274658,0.04152698814868927,0.03964594379067421,0.1749521940946579,0.9888255000114441,0.8932983875274658,0.04152698814868927,0.03964594379067421,0.1749521940946579,0.9888255000114441,0.8932983875274658,0.04152698814868927,0.03964594379067421,0.1749521940946579,0.9888255000114441,0.8932983875274658
ai_021_001_cam_00_frame.0066,train,ai_021_001,66,0.045999061316251755,0.043282680213451385,0.1247456893324852,0.9917501211166382,0.9073545932769775,0.045999061316251755,0.043282680213451385,0.1247456893324852,0.9917501211166382,0.9073545932769775,0.045999061316251755,0.043282680213451385,0.1247456893324852,0.9917501211166382,0.9073545932769775,0.045999061316251755,0.043282680213451385,0.1247456893324852,0.9917501211166382,0.9073545932769775
ai_021_001_cam_00_frame.0073,train,ai_021_001,73,0.03897362947463989,0.03687117621302605,0.1764119565486908,0.9910939931869507,0.8970370888710022,0.03897362947463989,0.03687117621302605,0.1764119565486908,0.9910939931869507,0.8970370888710022,0.03897362947463989,0.03687117621302605,0.1764119565486908,0.9910939931869507,0.8970370888710022,0.03897362947463989,0.03687117621302605,0.1764119565486908,0.9910939931869507,0.8970370888710022
ai_021_001_cam_00_frame.0079,train,ai_021_001,79,0.036810945719480515,0.03126541152596474,0.3131001889705658,0.98846435546875,0.909558892250061,0.036810945719480515,0.03126541152596474,0.3131001889705658,0.98846435546875,0.909558892250061,0.036810945719480515,0.03126541152596474,0.3131001889705658,0.98846435546875,0.909558892250061,0.036810945719480515,0.03126541152596474,0.3131001889705658,0.98846435546875,0.909558892250061
ai_021_001_cam_00_frame.0086,train,ai_021_001,86,0.03519802540540695,0.03042067401111126,0.3066914975643158,0.9632517695426941,0.92104172706604,0.03519802540540695,0.03042067401111126,0.3066914975643158,0.9632517695426941,0.92104172706604,0.03519802540540695,0.03042067401111126,0.3066914975643158,0.9632517695426941,0.92104172706604,0.03519802540540695,0.03042067401111126,0.3066914975643158,0.9632517695426941,0.92104172706604
ai_021_001_cam_00_frame.0092,train,ai_021_001,92,0.04692678153514862,0.04108211025595665,0.2020111083984375,0.9912770986557007,0.9195184707641602,0.04692678153514862,0.04108211025595665,0.2020111083984375,0.9912770986557007,0.9195184707641602,0.04692678153514862,0.04108211025595665,0.2020111083984375,0.9912770986557007,0.9195184707641602,0.04692678153514862,0.04108211025595665,0.2020111083984375,0.9912770986557007,0.9195184707641602
ai_021_001_cam_00_frame.0099,train,ai_021_001,99,0.03622450307011604,0.03434592857956886,0.2749277949333191,0.9911855459213257,0.8987690806388855,0.03622450307011604,0.03434592857956886,0.2749277949333191,0.9911855459213257,0.8987690806388855,0.03622450307011604,0.03434592857956886,0.2749277949333191,0.9911855459213257,0.8987690806388855,0.03622450307011604,0.03434592857956886,0.2749277949333191,0.9911855459213257,0.8987690806388855
ai_023_001_cam_00_frame.0000,train,ai_023_001,0,0.022141052410006523,0.02071555331349373,0.3827667236328125,0.99493408203125,0.7861179709434509,0.022141052410006523,0.02071555331349373,0.3827667236328125,0.99493408203125,0.7861179709434509,0.022141052410006523,0.02071555331349373,0.3827667236328125,0.99493408203125,0.7861179709434509,0.022141052410006523,0.02071555331349373,0.3827667236328125,0.99493408203125,0.7861179709434509
ai_023_001_cam_00_frame.0007,train,ai_023_001,7,0.022264646366238594,0.02007836289703846,0.3848208487033844,0.9949783086776733,0.8125178813934326,0.022264646366238594,0.02007836289703846,0.3848208487033844,0.9949783086776733,0.8125178813934326,0.022264646366238594,0.02007836289703846,0.3848208487033844,0.9949783086776733,0.8125178813934326,0.022264646366238594,0.02007836289703846,0.3848208487033844,0.9949783086776733,0.8125178813934326
ai_023_001_cam_00_frame.0013,train,ai_023_001,13,0.024733833968639374,0.023283125832676888,0.3362677991390228,0.9957282543182373,0.801697850227356,0.024733833968639374,0.023283125832676888,0.3362677991390228,0.9957282543182373,0.801697850227356,0.024733833968639374,0.023283125832676888,0.3362677991390228,0.9957282543182373,0.801697850227356,0.024733833968639374,0.023283125832676888,0.3362677991390228,0.9957282543182373,0.801697850227356
ai_023_001_cam_00_frame.0020,train,ai_023_001,20,0.03203312307596207,0.029913943260908127,0.3159739375114441,0.9948222041130066,0.7975522875785828,0.03203312307596207,0.029913943260908127,0.3159739375114441,0.9948222041130066,0.7975522875785828,0.03203312307596207,0.029913943260908127,0.3159739375114441,0.9948222041130066,0.7975522875785828,0.03203312307596207,0.029913943260908127,0.3159739375114441,0.9948222041130066,0.7975522875785828
ai_023_001_cam_00_frame.0026,train,ai_023_001,26,0.02621498703956604,0.02389531396329403,0.36402004957199097,0.9944250583648682,0.7569803595542908,0.02621498703956604,0.02389531396329403,0.36402004957199097,0.9944250583648682,0.7569803595542908,0.02621498703956604,0.02389531396329403,0.36402004957199097,0.9944250583648682,0.7569803595542908,0.02621498703956604,0.02389531396329403,0.36402004957199097,0.9944250583648682,0.7569803595542908
ai_023_001_cam_00_frame.0033,train,ai_023_001,33,0.024040324613451958,0.021299956366419792,0.4538504481315613,0.9941413402557373,0.7793521881103516,0.024040324613451958,0.021299956366419792,0.4538504481315613,0.9941413402557373,0.7793521881103516,0.024040324613451958,0.021299956366419792,0.4538504481315613,0.9941413402557373,0.7793521881103516,0.024040324613451958,0.021299956366419792,0.4538504481315613,0.9941413402557373,0.7793521881103516
ai_023_001_cam_00_frame.0040,train,ai_023_001,40,0.02412918396294117,0.021700114011764526,0.3832625448703766,0.9956507086753845,0.7604438662528992,0.02412918396294117,0.021700114011764526,0.3832625448703766,0.9956507086753845,0.7604438662528992,0.02412918396294117,0.021700114011764526,0.3832625448703766,0.9956507086753845,0.7604438662528992,0.02412918396294117,0.021700114011764526,0.3832625448703766,0.9956507086753845,0.7604438662528992
ai_023_001_cam_00_frame.0046,train,ai_023_001,46,0.03630150854587555,0.03320465236902237,0.2554759383201599,0.9956876635551453,0.8248099088668823,0.03630150854587555,0.03320465236902237,0.2554759383201599,0.9956876635551453,0.8248099088668823,0.03630150854587555,0.03320465236902237,0.2554759383201599,0.9956876635551453,0.8248099088668823,0.03630150854587555,0.03320465236902237,0.2554759383201599,0.9956876635551453,0.8248099088668823
ai_023_001_cam_00_frame.0053,train,ai_023_001,53,0.02171492390334606,0.01932833530008793,0.47466111183166504,0.9954832792282104,0.7911280989646912,0.02171492390334606,0.01932833530008793,0.47466111183166504,0.9954832792282104,0.7911280989646912,0.02171492390334606,0.01932833530008793,0.47466111183166504,0.9954832792282104,0.7911280989646912,0.02171492390334606,0.01932833530008793,0.47466111183166504,0.9954832792282104,0.7911280989646912
ai_023_001_cam_00_frame.0059,train,ai_023_001,59,0.043917495757341385,0.03608781099319458,0.2251211404800415,0.9859882593154907,0.7993505597114563,0.043917495757341385,0.03608781099319458,0.2251211404800415,0.9859882593154907,0.7993505597114563,0.043917495757341385,0.03608781099319458,0.2251211404800415,0.9859882593154907,0.7993505597114563,0.043917495757341385,0.03608781099319458,0.2251211404800415,0.9859882593154907,0.7993505597114563
ai_023_001_cam_00_frame.0066,train,ai_023_001,66,0.032616280019283295,0.029304541647434235,0.16421307623386383,0.9953258633613586,0.7664281725883484,0.032616280019283295,0.029304541647434235,0.16421307623386383,0.9953258633613586,0.7664281725883484,0.032616280019283295,0.029304541647434235,0.16421307623386383,0.9953258633613586,0.7664281725883484,0.032616280019283295,0.029304541647434235,0.16421307623386383,0.9953258633613586,0.7664281725883484
ai_023_001_cam_00_frame.0073,train,ai_023_001,73,0.02870168350636959,0.026536963880062103,0.3306558430194855,0.9952120780944824,0.7966801524162292,0.02870168350636959,0.026536963880062103,0.3306558430194855,0.9952120780944824,0.7966801524162292,0.02870168350636959,0.026536963880062103,0.3306558430194855,0.9952120780944824,0.7966801524162292,0.02870168350636959,0.026536963880062103,0.3306558430194855,0.9952120780944824,0.7966801524162292
ai_023_001_cam_00_frame.0079,train,ai_023_001,79,0.030994614586234093,0.02858218178153038,0.25487324595451355,0.9951916933059692,0.7745364308357239,0.030994614586234093,0.02858218178153038,0.25487324595451355,0.9951916933059692,0.7745364308357239,0.030994614586234093,0.02858218178153038,0.25487324595451355,0.9951916933059692,0.7745364308357239,0.030994614586234093,0.02858218178153038,0.25487324595451355,0.9951916933059692,0.7745364308357239
ai_023_001_cam_00_frame.0086,train,ai_023_001,86,0.021265530958771706,0.018644362688064575,0.49569976329803467,0.9944806098937988,0.720055341720581,0.021265530958771706,0.018644362688064575,0.49569976329803467,0.9944806098937988,0.720055341720581,0.021265530958771706,0.018644362688064575,0.49569976329803467,0.9944806098937988,0.720055341720581,0.021265530958771706,0.018644362688064575,0.49569976329803467,0.9944806098937988,0.720055341720581
ai_023_001_cam_00_frame.0092,train,ai_023_001,92,0.03532255440950394,0.033126577734947205,0.1543528288602829,1.0,0.5472986102104187,0.03532255440950394,0.033126577734947205,0.1543528288602829,1.0,0.5472986102104187,0.03532255440950394,0.033126577734947205,0.1543528288602829,1.0,0.5472986102104187,0.03532255440950394,0.033126577734947205,0.1543528288602829,1.0,0.5472986102104187
ai_023_001_cam_00_frame.0099,train,ai_023_001,99,0.03188738971948624,0.027959465980529785,0.3207119107246399,0.9959938526153564,0.679591715335846,0.03188738971948624,0.027959465980529785,0.3207119107246399,0.9959938526153564,0.679591715335846,0.03188738971948624,0.027959465980529785,0.3207119107246399,0.9959938526153564,0.679591715335846,0.03188738971948624,0.027959465980529785,0.3207119107246399,0.9959938526153564,0.679591715335846
ai_027_001_cam_00_frame.0000,train,ai_027_001,0,0.05217275023460388,0.048279426991939545,0.1078694686293602,0.9666341543197632,0.8382474184036255,0.05217275023460388,0.048279426991939545,0.1078694686293602,0.9666341543197632,0.8382474184036255,0.05217275023460388,0.048279426991939545,0.1078694686293602,0.9666341543197632,0.8382474184036255,0.05217275023460388,0.048279426991939545,0.1078694686293602,0.9666341543197632,0.8382474184036255
ai_027_001_cam_00_frame.0007,train,ai_027_001,7,0.045802246779203415,0.04134818911552429,0.3073577880859375,0.9725138545036316,0.8640785217285156,0.045802246779203415,0.04134818911552429,0.3073577880859375,0.9725138545036316,0.8640785217285156,0.045802246779203415,0.04134818911552429,0.3073577880859375,0.9725138545036316,0.8640785217285156,0.045802246779203415,0.04134818911552429,0.3073577880859375,0.9725138545036316,0.8640785217285156
ai_027_001_cam_00_frame.0013,train,ai_027_001,13,0.07598622888326645,0.06812448799610138,0.171478271484375,0.9549611806869507,0.8620756268501282,0.07598622888326645,0.06812448799610138,0.171478271484375,0.9549611806869507,0.8620756268501282,0.07598622888326645,0.06812448799610138,0.171478271484375,0.9549611806869507,0.8620756268501282,0.07598622888326645,0.06812448799610138,0.171478271484375,0.9549611806869507,0.8620756268501282
ai_027_001_cam_00_frame.0020,train,ai_027_001,20,0.09526091814041138,0.08714556694030762,0.1389312744140625,0.923797607421875,0.7251260876655579,0.09526091814041138,0.08714556694030762,0.1389312744140625,0.923797607421875,0.7251260876655579,0.09526091814041138,0.08714556694030762,0.1389312744140625,0.923797607421875,0.7251260876655579,0.09526091814041138,0.08714556694030762,0.1389312744140625,0.923797607421875,0.7251260876655579
ai_027_001_cam_00_frame.0026,train,ai_027_001,26,0.11145251989364624,0.10247142612934113,0.1330413818359375,0.8884531855583191,0.7555868625640869,0.11145251989364624,0.10247142612934113,0.1330413818359375,0.8884531855583191,0.7555868625640869,0.11145251989364624,0.10247142612934113,0.1330413818359375,0.8884531855583191,0.7555868625640869,0.11145251989364624,0.10247142612934113,0.1330413818359375,0.8884531855583191,0.7555868625640869
ai_027_001_cam_00_frame.0033,train,ai_027_001,33,0.0994463562965393,0.09128560870885849,0.1634368896484375,0.9467977285385132,0.8675556778907776,0.0994463562965393,0.09128560870885849,0.1634368896484375,0.9467977285385132,0.8675556778907776,0.0994463562965393,0.09128560870885849,0.1634368896484375,0.9467977285385132,0.8675556778907776,0.0994463562965393,0.09128560870885849,0.1634368896484375,0.9467977285385132,0.8675556778907776
ai_027_001_cam_00_frame.0040,train,ai_027_001,40,0.08899301290512085,0.07909601926803589,0.2170664519071579,0.9526011347770691,0.8509803414344788,0.08899301290512085,0.07909601926803589,0.2170664519071579,0.9526011347770691,0.8509803414344788,0.08899301290512085,0.07909601926803589,0.2170664519071579,0.9526011347770691,0.8509803414344788,0.08899301290512085,0.07909601926803589,0.2170664519071579,0.9526011347770691,0.8509803414344788
ai_027_001_cam_00_frame.0046,train,ai_027_001,46,0.053187333047389984,0.04859667271375656,0.2549591064453125,0.9606527090072632,0.7117642760276794,0.053187333047389984,0.04859667271375656,0.2549591064453125,0.9606527090072632,0.7117642760276794,0.053187333047389984,0.04859667271375656,0.2549591064453125,0.9606527090072632,0.7117642760276794,0.053187333047389984,0.04859667271375656,0.2549591064453125,0.9606527090072632,0.7117642760276794
ai_027_001_cam_00_frame.0053,train,ai_027_001,53,0.12788991630077362,0.11255567520856857,0.1884307861328125,0.8799285888671875,0.7290421724319458,0.12788991630077362,0.11255567520856857,0.1884307861328125,0.8799285888671875,0.7290421724319458,0.12788991630077362,0.11255567520856857,0.1884307861328125,0.8799285888671875,0.7290421724319458,0.12788991630077362,0.11255567520856857,0.1884307861328125,0.8799285888671875,0.7290421724319458
ai_027_001_cam_00_frame.0059,train,ai_027_001,59,0.05017601698637009,0.046666182577610016,0.263946533203125,0.9692026972770691,0.7066231966018677,0.05017601698637009,0.046666182577610016,0.263946533203125,0.9692026972770691,0.7066231966018677,0.05017601698637009,0.046666182577610016,0.263946533203125,0.9692026972770691,0.7066231966018677,0.05017601698637009,0.046666182577610016,0.263946533203125,0.9692026972770691,0.7066231966018677
ai_027_001_cam_00_frame.0066,train,ai_027_001,66,0.07275712490081787,0.059039294719696045,0.1755422055721283,0.9820404052734375,0.5090773105621338,0.07275712490081787,0.059039294719696045,0.1755422055721283,0.9820404052734375,0.5090773105621338,0.07275712490081787,0.059039294719696045,0.1755422055721283,0.9820404052734375,0.5090773105621338,0.07275712490081787,0.059039294719696045,0.1755422055721283,0.9820404052734375,0.5090773105621338
ai_027_001_cam_00_frame.0073,train,ai_027_001,73,0.07033078372478485,0.06430620700120926,0.361358642578125,0.9394480586051941,0.8130844831466675,0.07033078372478485,0.06430620700120926,0.361358642578125,0.9394480586051941,0.8130844831466675,0.07033078372478485,0.06430620700120926,0.361358642578125,0.9394480586051941,0.8130844831466675,0.07033078372478485,0.06430620700120926,0.361358642578125,0.9394480586051941,0.8130844831466675
ai_027_001_cam_00_frame.0079,train,ai_027_001,79,0.02206212840974331,0.02022942528128624,0.3945770263671875,0.9942271113395691,0.9291444420814514,0.02206212840974331,0.02022942528128624,0.3945770263671875,0.9942271113395691,0.9291444420814514,0.02206212840974331,0.02022942528128624,0.3945770263671875,0.9942271113395691,0.9291444420814514,0.02206212840974331,0.02022942528128624,0.3945770263671875,0.9942271113395691,0.9291444420814514
ai_027_001_cam_00_frame.0086,train,ai_027_001,86,0.045633599162101746,0.042102113366127014,0.1839548796415329,0.9829966425895691,0.4893091320991516,0.045633599162101746,0.042102113366127014,0.1839548796415329,0.9829966425895691,0.4893091320991516,0.045633599162101746,0.042102113366127014,0.1839548796415329,0.9829966425895691,0.4893091320991516,0.045633599162101746,0.042102113366127014,0.1839548796415329,0.9829966425895691,0.4893091320991516
ai_027_001_cam_00_frame.0092,train,ai_027_001,92,0.08858510106801987,0.08114229142665863,0.1119232177734375,0.95361328125,0.8400378227233887,0.08858510106801987,0.08114229142665863,0.1119232177734375,0.95361328125,0.8400378227233887,0.08858510106801987,0.08114229142665863,0.1119232177734375,0.95361328125,0.8400378227233887,0.08858510106801987,0.08114229142665863,0.1119232177734375,0.95361328125,0.8400378227233887
ai_027_001_cam_00_frame.0099,train,ai_027_001,99,0.01879294589161873,0.01235160231590271,0.5285238027572632,0.9997507929801941,0.9015095233917236,0.01879294589161873,0.01235160231590271,0.5285238027572632,0.9997507929801941,0.9015095233917236,0.01879294589161873,0.01235160231590271,0.5285238027572632,0.9997507929801941,0.9015095233917236,0.01879294589161873,0.01235160231590271,0.5285238027572632,0.9997507929801941,0.9015095233917236
ai_029_001_cam_00_frame.0000,train,ai_029_001,0,0.034921564161777496,0.031207863241434097,0.1924235075712204,0.9933624267578125,0.8595719933509827,0.034921564161777496,0.031207863241434097,0.1924235075712204,0.9933624267578125,0.8595719933509827,0.034921564161777496,0.031207863241434097,0.1924235075712204,0.9933624267578125,0.8595719933509827,0.034921564161777496,0.031207863241434097,0.1924235075712204,0.9933624267578125,0.8595719933509827
ai_029_001_cam_00_frame.0006,train,ai_029_001,6,0.027327001094818115,0.024736154824495316,0.4015960693359375,0.9926605224609375,0.8524499535560608,0.027327001094818115,0.024736154824495316,0.4015960693359375,0.9926605224609375,0.8524499535560608,0.027327001094818115,0.024736154824495316,0.4015960693359375,0.9926605224609375,0.8524499535560608,0.027327001094818115,0.024736154824495316,0.4015960693359375,0.9926605224609375,0.8524499535560608
ai_029_001_cam_00_frame.0014,train,ai_029_001,14,0.021511688828468323,0.018889527767896652,0.6579539179801941,0.9928334951400757,0.7274356484413147,0.021511688828468323,0.018889527767896652,0.6579539179801941,0.9928334951400757,0.7274356484413147,0.021511688828468323,0.018889527767896652,0.6579539179801941,0.9928334951400757,0.7274356484413147,0.021511688828468323,0.018889527767896652,0.6579539179801941,0.9928334951400757,0.7274356484413147
ai_029_001_cam_00_frame.0019,train,ai_029_001,19,0.03236813843250275,0.028942501172423363,0.2830607295036316,0.9927215576171875,0.854467511177063,0.03236813843250275,0.028942501172423363,0.2830607295036316,0.9927215576171875,0.854467511177063,0.03236813843250275,0.028942501172423363,0.2830607295036316,0.9927215576171875,0.854467511177063,0.03236813843250275,0.028942501172423363,0.2830607295036316,0.9927215576171875,0.854467511177063
ai_029_001_cam_00_frame.0026,train,ai_029_001,26,0.031213659793138504,0.028843173757195473,0.34140869975090027,0.9875283241271973,0.7848016023635864,0.031213659793138504,0.028843173757195473,0.34140869975090027,0.9875283241271973,0.7848016023635864,0.031213659793138504,0.028843173757195473,0.34140869975090027,0.9875283241271973,0.7848016023635864,0.031213659793138504,0.028843173757195473,0.34140869975090027,0.9875283241271973,0.7848016023635864
ai_029_001_cam_00_frame.0035,train,ai_029_001,35,0.02063571847975254,0.01888347789645195,0.5029932856559753,0.9950816035270691,0.8243696093559265,0.02063571847975254,0.01888347789645195,0.5029932856559753,0.9950816035270691,0.8243696093559265,0.02063571847975254,0.01888347789645195,0.5029932856559753,0.9950816035270691,0.8243696093559265,0.02063571847975254,0.01888347789645195,0.5029932856559753,0.9950816035270691,0.8243696093559265
ai_029_001_cam_00_frame.0042,train,ai_029_001,42,0.02358289062976837,0.02170686051249504,0.5237223505973816,0.9947408437728882,0.7690324187278748,0.02358289062976837,0.02170686051249504,0.5237223505973816,0.9947408437728882,0.7690324187278748,0.02358289062976837,0.02170686051249504,0.5237223505973816,0.9947408437728882,0.7690324187278748,0.02358289062976837,0.02170686051249504,0.5237223505973816,0.9947408437728882,0.7690324187278748
ai_029_001_cam_00_frame.0048,train,ai_029_001,48,0.03402039036154747,0.02718547359108925,0.27008056640625,0.9932149648666382,0.9474886655807495,0.03402039036154747,0.02718547359108925,0.27008056640625,0.9932149648666382,0.9474886655807495,0.03402039036154747,0.02718547359108925,0.27008056640625,0.9932149648666382,0.9474886655807495,0.03402039036154747,0.02718547359108925,0.27008056640625,0.9932149648666382,0.9474886655807495
ai_029_001_cam_00_frame.0056,train,ai_029_001,56,0.018214603886008263,0.0166245698928833,0.626861572265625,0.995025634765625,0.8616723418235779,0.018214603886008263,0.0166245698928833,0.626861572265625,0.995025634765625,0.8616723418235779,0.018214603886008263,0.0166245698928833,0.626861572265625,0.995025634765625,0.8616723418235779,0.018214603886008263,0.0166245698928833,0.626861572265625,0.995025634765625,0.8616723418235779
ai_029_001_cam_00_frame.0064,train,ai_029_001,64,0.04188818857073784,0.0325801856815815,0.2526296079158783,0.9917551875114441,0.7856947779655457,0.04188818857073784,0.0325801856815815,0.2526296079158783,0.9917551875114441,0.7856947779655457,0.04188818857073784,0.0325801856815815,0.2526296079158783,0.9917551875114441,0.7856947779655457,0.04188818857073784,0.0325801856815815,0.2526296079158783,0.9917551875114441,0.7856947779655457
ai_029_001_cam_00_frame.0069,train,ai_029_001,69,0.06436165422201157,0.057977281510829926,0.332611083984375,0.9134267568588257,0.8084204792976379,0.06436165422201157,0.057977281510829926,0.332611083984375,0.9134267568588257,0.8084204792976379,0.06436165422201157,0.057977281510829926,0.332611083984375,0.9134267568588257,0.8084204792976379,0.06436165422201157,0.057977281510829926,0.332611083984375,0.9134267568588257,0.8084204792976379
ai_029_001_cam_00_frame.0075,train,ai_029_001,75,0.03470814228057861,0.031471267342567444,0.5347341299057007,0.9906718134880066,0.8438149690628052,0.03470814228057861,0.031471267342567444,0.5347341299057007,0.9906718134880066,0.8438149690628052,0.03470814228057861,0.031471267342567444,0.5347341299057007,0.9906718134880066,0.8438149690628052,0.03470814228057861,0.031471267342567444,0.5347341299057007,0.9906718134880066,0.8438149690628052
ai_029_001_cam_00_frame.0080,train,ai_029_001,80,0.041405029594898224,0.03549109399318695,0.3158671259880066,0.9901021718978882,0.8047652840614319,0.041405029594898224,0.03549109399318695,0.3158671259880066,0.9901021718978882,0.8047652840614319,0.041405029594898224,0.03549109399318695,0.3158671259880066,0.9901021718978882,0.8047652840614319,0.041405029594898224,0.03549109399318695,0.3158671259880066,0.9901021718978882,0.8047652840614319
ai_029_001_cam_00_frame.0088,train,ai_029_001,88,0.028213074430823326,0.024923548102378845,0.4739176630973816,0.9871114492416382,0.8900449275970459,0.028213074430823326,0.024923548102378845,0.4739176630973816,0.9871114492416382,0.8900449275970459,0.028213074430823326,0.024923548102378845,0.4739176630973816,0.9871114492416382,0.8900449275970459,0.028213074430823326,0.024923548102378845,0.4739176630973816,0.9871114492416382,0.8900449275970459
ai_029_001_cam_00_frame.0093,train,ai_029_001,93,0.02519182488322258,0.02308659814298153,0.5706634521484375,0.9895426630973816,0.887712299823761,0.02519182488322258,0.02308659814298153,0.5706634521484375,0.9895426630973816,0.887712299823761,0.02519182488322258,0.02308659814298153,0.5706634521484375,0.9895426630973816,0.887712299823761,0.02519182488322258,0.02308659814298153,0.5706634521484375,0.9895426630973816,0.887712299823761
ai_029_001_cam_00_frame.0099,train,ai_029_001,99,0.021291133016347885,0.018716808408498764,0.4848124384880066,0.9939066767692566,0.8625373244285583,0.021291133016347885,0.018716808408498764,0.4848124384880066,0.9939066767692566,0.8625373244285583,0.021291133016347885,0.018716808408498764,0.4848124384880066,0.9939066767692566,0.8625373244285583,0.021291133016347885,0.018716808408498764,0.4848124384880066,0.9939066767692566,0.8625373244285583
ai_031_001_cam_00_frame.0000,train,ai_031_001,0,0.057384781539440155,0.04923629015684128,0.2412923276424408,0.9406687617301941,0.627731204032898,0.057384781539440155,0.04923629015684128,0.2412923276424408,0.9406687617301941,0.627731204032898,0.057384781539440155,0.04923629015684128,0.2412923276424408,0.9406687617301941,0.627731204032898,0.057384781539440155,0.04923629015684128,0.2412923276424408,0.9406687617301941,0.627731204032898
ai_031_001_cam_00_frame.0007,train,ai_031_001,7,0.09902478754520416,0.07930564880371094,0.146759033203125,0.8915303945541382,0.7515766024589539,0.09902478754520416,0.07930564880371094,0.146759033203125,0.8915303945541382,0.7515766024589539,0.09902478754520416,0.07930564880371094,0.146759033203125,0.8915303945541382,0.7515766024589539,0.09902478754520416,0.07930564880371094,0.146759033203125,0.8915303945541382,0.7515766024589539
ai_031_001_cam_00_frame.0013,train,ai_031_001,13,0.08623409271240234,0.07678288221359253,0.1010996550321579,0.9117025136947632,0.7479864358901978,0.08623409271240234,0.07678288221359253,0.1010996550321579,0.9117025136947632,0.7479864358901978,0.08623409271240234,0.07678288221359253,0.1010996550321579,0.9117025136947632,0.7479864358901978,0.08623409271240234,0.07678288221359253,0.1010996550321579,0.9117025136947632,0.7479864358901978
ai_031_001_cam_00_frame.0020,train,ai_031_001,20,0.12632568180561066,0.09596462547779083,0.05941342934966087,0.9085240364074707,0.6283071637153625,0.12632568180561066,0.09596462547779083,0.05941342934966087,0.9085240364074707,0.6283071637153625,0.12632568180561066,0.09596462547779083,0.05941342934966087,0.9085240364074707,0.6283071637153625,0.12632568180561066,0.09596462547779083,0.05941342934966087,0.9085240364074707,0.6283071637153625
ai_031_001_cam_00_frame.0026,train,ai_031_001,26,0.04720589146018028,0.038931332528591156,0.21358968317508698,0.9775342345237732,0.7541763782501221,0.04720589146018028,0.038931332528591156,0.21358968317508698,0.9775342345237732,0.7541763782501221,0.04720589146018028,0.038931332528591156,0.21358968317508698,0.9775342345237732,0.7541763782501221,0.04720589146018028,0.038931332528591156,0.21358968317508698,0.9775342345237732,0.7541763782501221
ai_031_001_cam_00_frame.0033,train,ai_031_001,33,0.09511233866214752,0.08530636131763458,0.18890173733234406,0.8659936189651489,0.7242955565452576,0.09511233866214752,0.08530636131763458,0.18890173733234406,0.8659936189651489,0.7242955565452576,0.09511233866214752,0.08530636131763458,0.18890173733234406,0.8659936189651489,0.7242955565452576,0.09511233866214752,0.08530636131763458,0.18890173733234406,0.8659936189651489,0.7242955565452576
ai_031_001_cam_00_frame.0040,train,ai_031_001,40,0.04880573973059654,0.04319947585463524,0.37516653537750244,0.9324824213981628,0.572495698928833,0.04880573973059654,0.04319947585463524,0.37516653537750244,0.9324824213981628,0.572495698928833,0.04880573973059654,0.04319947585463524,0.37516653537750244,0.9324824213981628,0.572495698928833,0.04880573973059654,0.04319947585463524,0.37516653537750244,0.9324824213981628,0.572495698928833
ai_031_001_cam_00_frame.0046,train,ai_031_001,46,0.07621877640485764,0.06681892275810242,0.1413116455078125,0.9381815791130066,0.7264891266822815,0.07621877640485764,0.06681892275810242,0.1413116455078125,0.9381815791130066,0.7264891266822815,0.07621877640485764,0.06681892275810242,0.1413116455078125,0.9381815791130066,0.7264891266822815,0.07621877640485764,0.06681892275810242,0.1413116455078125,0.9381815791130066,0.7264891266822815
ai_031_001_cam_00_frame.0053,train,ai_031_001,53,0.0551476776599884,0.045523952692747116,0.1910848617553711,0.9626640677452087,0.5798721313476562,0.0551476776599884,0.045523952692747116,0.1910848617553711,0.9626640677452087,0.5798721313476562,0.0551476776599884,0.045523952692747116,0.1910848617553711,0.9626640677452087,0.5798721313476562,0.0551476776599884,0.045523952692747116,0.1910848617553711,0.9626640677452087,0.5798721313476562
ai_031_001_cam_00_frame.0059,train,ai_031_001,59,0.10415836423635483,0.06576122343540192,0.2150849848985672,0.9223217368125916,0.47936317324638367,0.10415836423635483,0.06576122343540192,0.2150849848985672,0.9223217368125916,0.47936317324638367,0.10415836423635483,0.06576122343540192,0.2150849848985672,0.9223217368125916,0.47936317324638367,0.10415836423635483,0.06576122343540192,0.2150849848985672,0.9223217368125916,0.47936317324638367
ai_031_001_cam_00_frame.0066,train,ai_031_001,66,0.06997504830360413,0.06434574723243713,0.1209513396024704,0.9704386591911316,0.5951111912727356,0.06997504830360413,0.06434574723243713,0.1209513396024704,0.9704386591911316,0.5951111912727356,0.06997504830360413,0.06434574723243713,0.1209513396024704,0.9704386591911316,0.5951111912727356,0.06997504830360413,0.06434574723243713,0.1209513396024704,0.9704386591911316,0.5951111912727356
ai_031_001_cam_00_frame.0073,train,ai_031_001,73,0.07920541614294052,0.07518625259399414,0.10327936708927155,0.9784427881240845,0.763051450252533,0.07920541614294052,0.07518625259399414,0.10327936708927155,0.9784427881240845,0.763051450252533,0.07920541614294052,0.07518625259399414,0.10327936708927155,0.9784427881240845,0.763051450252533,0.07920541614294052,0.07518625259399414,0.10327936708927155,0.9784427881240845,0.763051450252533
ai_031_001_cam_00_frame.0079,train,ai_031_001,79,0.06448066979646683,0.05754494294524193,0.17907153069972992,0.9654989838600159,0.7488685846328735,0.06448066979646683,0.05754494294524193,0.17907153069972992,0.9654989838600159,0.7488685846328735,0.06448066979646683,0.05754494294524193,0.17907153069972992,0.9654989838600159,0.7488685846328735,0.06448066979646683,0.05754494294524193,0.17907153069972992,0.9654989838600159,0.7488685846328735
ai_031_001_cam_00_frame.0086,train,ai_031_001,86,0.08361393213272095,0.07885031402111053,0.1741739958524704,0.91180419921875,0.6751419305801392,0.08361393213272095,0.07885031402111053,0.1741739958524704,0.91180419921875,0.6751419305801392,0.08361393213272095,0.07885031402111053,0.1741739958524704,0.91180419921875,0.6751419305801392,0.08361393213272095,0.07885031402111053,0.1741739958524704,0.91180419921875,0.6751419305801392
ai_031_001_cam_00_frame.0092,train,ai_031_001,92,0.09425628930330276,0.08883753418922424,0.33211320638656616,0.8975446224212646,0.6353868842124939,0.09425628930330276,0.08883753418922424,0.33211320638656616,0.8975446224212646,0.6353868842124939,0.09425628930330276,0.08883753418922424,0.33211320638656616,0.8975446224212646,0.6353868842124939,0.09425628930330276,0.08883753418922424,0.33211320638656616,0.8975446224212646,0.6353868842124939
ai_031_001_cam_00_frame.0099,train,ai_031_001,99,0.06114929914474487,0.054132889956235886,0.3250885009765625,0.9265798330307007,0.7742060422897339,0.06114929914474487,0.054132889956235886,0.3250885009765625,0.9265798330307007,0.7742060422897339,0.06114929914474487,0.054132889956235886,0.3250885009765625,0.9265798330307007,0.7742060422897339,0.06114929914474487,0.054132889956235886,0.3250885009765625,0.9265798330307007,0.7742060422897339
ai_033_001_cam_00_frame.0000,train,ai_033_001,0,0.02034333534538746,0.01799263060092926,0.6587819457054138,0.9959172606468201,0.8209986686706543,0.02034333534538746,0.01799263060092926,0.6587819457054138,0.9959172606468201,0.8209986686706543,0.02034333534538746,0.01799263060092926,0.6587819457054138,0.9959172606468201,0.8209986686706543,0.02034333534538746,0.01799263060092926,0.6587819457054138,0.9959172606468201,0.8209986686706543
ai_033_001_cam_00_frame.0007,train,ai_033_001,7,0.03652246296405792,0.033057935535907745,0.4491693377494812,0.9929636120796204,0.8505852222442627,0.03652246296405792,0.033057935535907745,0.4491693377494812,0.9929636120796204,0.8505852222442627,0.03652246296405792,0.033057935535907745,0.4491693377494812,0.9929636120796204,0.8505852222442627,0.03652246296405792,0.033057935535907745,0.4491693377494812,0.9929636120796204,0.8505852222442627
ai_033_001_cam_00_frame.0013,train,ai_033_001,13,0.024920092895627022,0.022138768807053566,0.5876734852790833,0.9889264702796936,0.8107584714889526,0.024920092895627022,0.022138768807053566,0.5876734852790833,0.9889264702796936,0.8107584714889526,0.024920092895627022,0.022138768807053566,0.5876734852790833,0.9889264702796936,0.8107584714889526,0.024920092895627022,0.022138768807053566,0.5876734852790833,0.9889264702796936,0.8107584714889526
ai_033_001_cam_00_frame.0020,train,ai_033_001,20,0.01425164844840765,0.013047348707914352,0.49503645300865173,0.9991156458854675,0.7943705320358276,0.01425164844840765,0.013047348707914352,0.49503645300865173,0.9991156458854675,0.7943705320358276,0.01425164844840765,0.013047348707914352,0.49503645300865173,0.9991156458854675,0.7943705320358276,0.01425164844840765,0.013047348707914352,0.49503645300865173,0.9991156458854675,0.7943705320358276
ai_033_001_cam_00_frame.0026,train,ai_033_001,26,0.011617670767009258,0.01042870432138443,0.7129415273666382,0.9947103261947632,0.7525144815444946,0.011617670767009258,0.01042870432138443,0.7129415273666382,0.9947103261947632,0.7525144815444946,0.011617670767009258,0.01042870432138443,0.7129415273666382,0.9947103261947632,0.7525144815444946,0.011617670767009258,0.01042870432138443,0.7129415273666382,0.9947103261947632,0.7525144815444946
ai_033_001_cam_00_frame.0033,train,ai_033_001,33,0.021678518503904343,0.0196521133184433,0.3937886655330658,0.998443603515625,0.7866722345352173,0.021678518503904343,0.0196521133184433,0.3937886655330658,0.998443603515625,0.7866722345352173,0.021678518503904343,0.0196521133184433,0.3937886655330658,0.998443603515625,0.7866722345352173,0.021678518503904343,0.0196521133184433,0.3937886655330658,0.998443603515625,0.7866722345352173
ai_033_001_cam_00_frame.0040,train,ai_033_001,40,0.018614916130900383,0.016814429312944412,0.5095164179801941,0.9996490478515625,0.696257472038269,0.018614916130900383,0.016814429312944412,0.5095164179801941,0.9996490478515625,0.696257472038269,0.018614916130900383,0.016814429312944412,0.5095164179801941,0.9996490478515625,0.696257472038269,0.018614916130900383,0.016814429312944412,0.5095164179801941,0.9996490478515625,0.696257472038269
ai_033_001_cam_00_frame.0046,train,ai_033_001,46,0.024218592792749405,0.02087247557938099,0.309940904378891,0.9892778396606445,0.7442278861999512,0.024218592792749405,0.02087247557938099,0.309940904378891,0.9892778396606445,0.7442278861999512,0.024218592792749405,0.02087247557938099,0.309940904378891,0.9892778396606445,0.7442278861999512,0.024218592792749405,0.02087247557938099,0.309940904378891,0.9892778396606445,0.7442278861999512
ai_033_001_cam_00_frame.0053,train,ai_033_001,53,0.01613708958029747,0.0146260354667902,0.4143168330192566,0.9993082880973816,0.7964071035385132,0.01613708958029747,0.0146260354667902,0.4143168330192566,0.9993082880973816,0.7964071035385132,0.01613708958029747,0.0146260354667902,0.4143168330192566,0.9993082880973816,0.7964071035385132,0.01613708958029747,0.0146260354667902,0.4143168330192566,0.9993082880973816,0.7964071035385132
ai_033_001_cam_00_frame.0059,train,ai_033_001,59,0.010386324487626553,0.008811513893306255,0.8085705637931824,0.9987526535987854,0.7726807594299316,0.010386324487626553,0.008811513893306255,0.8085705637931824,0.9987526535987854,0.7726807594299316,0.010386324487626553,0.008811513893306255,0.8085705637931824,0.9987526535987854,0.7726807594299316,0.010386324487626553,0.008811513893306255,0.8085705637931824,0.9987526535987854,0.7726807594299316
ai_033_001_cam_00_frame.0066,train,ai_033_001,66,0.021664798259735107,0.018924834206700325,0.4296976923942566,0.99761962890625,0.7819921374320984,0.021664798259735107,0.018924834206700325,0.4296976923942566,0.99761962890625,0.7819921374320984,0.021664798259735107,0.018924834206700325,0.4296976923942566,0.99761962890625,0.7819921374320984,0.021664798259735107,0.018924834206700325,0.4296976923942566,0.99761962890625,0.7819921374320984
ai_033_001_cam_00_frame.0073,train,ai_033_001,73,0.02798004075884819,0.024370675906538963,0.4676412045955658,0.9942067861557007,0.8340351581573486,0.02798004075884819,0.024370675906538963,0.4676412045955658,0.9942067861557007,0.8340351581573486,0.02798004075884819,0.024370675906538963,0.4676412045955658,0.9942067861557007,0.8340351581573486,0.02798004075884819,0.024370675906538963,0.4676412045955658,0.9942067861557007,0.8340351581573486
ai_033_001_cam_00_frame.0079,train,ai_033_001,79,0.016775114461779594,0.014352744445204735,0.6220601797103882,0.9978587031364441,0.8320071697235107,0.016775114461779594,0.014352744445204735,0.6220601797103882,0.9978587031364441,0.8320071697235107,0.016775114461779594,0.014352744445204735,0.6220601797103882,0.9978587031364441,0.8320071697235107,0.016775114461779594,0.014352744445204735,0.6220601797103882,0.9978587031364441,0.8320071697235107
ai_033_001_cam_00_frame.0086,train,ai_033_001,86,0.04199647530913353,0.035698600113391876,0.6731058955192566,0.9883270263671875,0.8096368908882141,0.04199647530913353,0.035698600113391876,0.6731058955192566,0.9883270263671875,0.8096368908882141,0.04199647530913353,0.035698600113391876,0.6731058955192566,0.9883270263671875,0.8096368908882141,0.04199647530913353,0.035698600113391876,0.6731058955192566,0.9883270263671875,0.8096368908882141
ai_033_001_cam_00_frame.0092,train,ai_033_001,92,0.0812973901629448,0.074827179312706,0.16515913605690002,0.9590408802032471,0.8695206046104431,0.0812973901629448,0.074827179312706,0.16515913605690002,0.9590408802032471,0.8695206046104431,0.0812973901629448,0.074827179312706,0.16515913605690002,0.9590408802032471,0.8695206046104431,0.0812973901629448,0.074827179312706,0.16515913605690002,0.9590408802032471,0.8695206046104431
ai_033_001_cam_00_frame.0099,train,ai_033_001,99,0.028945326805114746,0.026911955326795578,0.3700103759765625,0.9957377314567566,0.8475291132926941,0.028945326805114746,0.026911955326795578,0.3700103759765625,0.9957377314567566,0.8475291132926941,0.028945326805114746,0.026911955326795578,0.3700103759765625,0.9957377314567566,0.8475291132926941,0.028945326805114746,0.026911955326795578,0.3700103759765625,0.9957377314567566,0.8475291132926941
ai_035_001_cam_00_frame.0000,train,ai_035_001,0,0.049565862864255905,0.04318268597126007,0.20159912109375,0.9112548828125,0.7502797245979309,0.049565862864255905,0.04318268597126007,0.20159912109375,0.9112548828125,0.7502797245979309,0.049565862864255905,0.04318268597126007,0.20159912109375,0.9112548828125,0.7502797245979309,0.049565862864255905,0.04318268597126007,0.20159912109375,0.9112548828125,0.7502797245979309
ai_035_001_cam_00_frame.0007,train,ai_035_001,7,0.006513625383377075,0.005909251980483532,0.9248301386833191,0.999420166015625,0.8894142508506775,0.006513625383377075,0.005909251980483532,0.9248301386833191,0.999420166015625,0.8894142508506775,0.006513625383377075,0.005909251980483532,0.9248301386833191,0.999420166015625,0.8894142508506775,0.006513625383377075,0.005909251980483532,0.9248301386833191,0.999420166015625,0.8894142508506775
ai_035_001_cam_00_frame.0013,train,ai_035_001,13,0.029501674696803093,0.02856508269906044,0.5347036123275757,0.9973602294921875,0.46102234721183777,0.029501674696803093,0.02856508269906044,0.5347036123275757,0.9973602294921875,0.46102234721183777,0.029501674696803093,0.02856508269906044,0.5347036123275757,0.9973602294921875,0.46102234721183777,0.029501674696803093,0.02856508269906044,0.5347036123275757,0.9973602294921875,0.46102234721183777
ai_035_001_cam_00_frame.0020,train,ai_035_001,20,0.040043994784355164,0.023004569113254547,0.3234507441520691,0.9909159541130066,0.7214263677597046,0.040043994784355164,0.023004569113254547,0.3234507441520691,0.9909159541130066,0.7214263677597046,0.040043994784355164,0.023004569113254547,0.3234507441520691,0.9909159541130066,0.7214263677597046,0.040043994784355164,0.023004569113254547,0.3234507441520691,0.9909159541130066,0.7214263677597046
ai_035_001_cam_00_frame.0026,train,ai_035_001,26,0.01869709976017475,0.016853217035531998,0.6817525625228882,0.9874624013900757,0.506355881690979,0.01869709976017475,0.016853217035531998,0.6817525625228882,0.9874624013900757,0.506355881690979,0.01869709976017475,0.016853217035531998,0.6817525625228882,0.9874624013900757,0.506355881690979,0.01869709976017475,0.016853217035531998,0.6817525625228882,0.9874624013900757,0.506355881690979
ai_035_001_cam_00_frame.0033,train,ai_035_001,33,0.017127614468336105,0.01451700460165739,0.7473195791244507,0.9863027334213257,0.5053380131721497,0.017127614468336105,0.01451700460165739,0.7473195791244507,0.9863027334213257,0.5053380131721497,0.017127614468336105,0.01451700460165739,0.7473195791244507,0.9863027334213257,0.5053380131721497,0.017127614468336105,0.01451700460165739,0.7473195791244507,0.9863027334213257,0.5053380131721497
ai_035_001_cam_00_frame.0040,train,ai_035_001,40,0.042237408459186554,0.040943607687950134,0.1156819686293602,0.9950002431869507,0.7647412419319153,0.042237408459186554,0.040943607687950134,0.1156819686293602,0.9950002431869507,0.7647412419319153,0.042237408459186554,0.040943607687950134,0.1156819686293602,0.9950002431869507,0.7647412419319153,0.042237408459186554,0.040943607687950134,0.1156819686293602,0.9950002431869507,0.7647412419319153
ai_035_001_cam_00_frame.0046,train,ai_035_001,46,0.010840971022844315,0.009580293670296669,0.76171875,0.9972178339958191,0.7059763669967651,0.010840971022844315,0.009580293670296669,0.76171875,0.9972178339958191,0.7059763669967651,0.010840971022844315,0.009580293670296669,0.76171875,0.9972178339958191,0.7059763669967651,0.010840971022844315,0.009580293670296669,0.76171875,0.9972178339958191,0.7059763669967651
ai_035_001_cam_00_frame.0053,train,ai_035_001,53,0.01661083474755287,0.015488751232624054,0.5719655752182007,0.9927775263786316,0.7613791823387146,0.01661083474755287,0.015488751232624054,0.5719655752182007,0.9927775263786316,0.7613791823387146,0.01661083474755287,0.015488751232624054,0.5719655752182007,0.9927775263786316,0.7613791823387146,0.01661083474755287,0.015488751232624054,0.5719655752182007,0.9927775263786316,0.7613791823387146
ai_035_001_cam_00_frame.0059,train,ai_035_001,59,0.004639932420104742,0.0034396720584481955,0.9641851782798767,0.9995511770248413,0.9131706953048706,0.004639932420104742,0.0034396720584481955,0.9641851782798767,0.9995511770248413,0.9131706953048706,0.004639932420104742,0.0034396720584481955,0.9641851782798767,0.9995511770248413,0.9131706953048706,0.004639932420104742,0.0034396720584481955,0.9641851782798767,0.9995511770248413,0.9131706953048706
ai_035_001_cam_00_frame.0066,train,ai_035_001,66,0.04911802336573601,0.047262679785490036,0.1267751157283783,0.9888814687728882,0.7924652695655823,0.04911802336573601,0.047262679785490036,0.1267751157283783,0.9888814687728882,0.7924652695655823,0.04911802336573601,0.047262679785490036,0.1267751157283783,0.9888814687728882,0.7924652695655823,0.04911802336573601,0.047262679785490036,0.1267751157283783,0.9888814687728882,0.7924652695655823
ai_035_001_cam_00_frame.0073,train,ai_035_001,73,0.042928777635097504,0.040980707854032516,0.092559814453125,0.9927114248275757,0.7150693535804749,0.042928777635097504,0.040980707854032516,0.092559814453125,0.9927114248275757,0.7150693535804749,0.042928777635097504,0.040980707854032516,0.092559814453125,0.9927114248275757,0.7150693535804749,0.042928777635097504,0.040980707854032516,0.092559814453125,0.9927114248275757,0.7150693535804749
ai_035_001_cam_00_frame.0079,train,ai_035_001,79,0.04080897197127342,0.03276754543185234,0.2751973569393158,0.9996694326400757,0.6719940900802612,0.04080897197127342,0.03276754543185234,0.2751973569393158,0.9996694326400757,0.6719940900802612,0.04080897197127342,0.03276754543185234,0.2751973569393158,0.9996694326400757,0.6719940900802612,0.04080897197127342,0.03276754543185234,0.2751973569393158,0.9996694326400757,0.6719940900802612
ai_035_001_cam_00_frame.0086,train,ai_035_001,86,0.00616634264588356,0.005286220461130142,0.8566793203353882,0.9992167353630066,0.7290614247322083,0.00616634264588356,0.005286220461130142,0.8566793203353882,0.9992167353630066,0.7290614247322083,0.00616634264588356,0.005286220461130142,0.8566793203353882,0.9992167353630066,0.7290614247322083,0.00616634264588356,0.005286220461130142,0.8566793203353882,0.9992167353630066,0.7290614247322083
ai_035_001_cam_00_frame.0092,train,ai_035_001,92,0.015448960475623608,0.012675976380705833,0.5208190083503723,0.9962552189826965,0.6963965892791748,0.015448960475623608,0.012675976380705833,0.5208190083503723,0.9962552189826965,0.6963965892791748,0.015448960475623608,0.012675976380705833,0.5208190083503723,0.9962552189826965,0.6963965892791748,0.015448960475623608,0.012675976380705833,0.5208190083503723,0.9962552189826965,0.6963965892791748
ai_035_001_cam_00_frame.0099,train,ai_035_001,99,0.02569442242383957,0.02094409056007862,0.7312594056129456,0.9375699758529663,0.748327374458313,0.02569442242383957,0.02094409056007862,0.7312594056129456,0.9375699758529663,0.748327374458313,0.02569442242383957,0.02094409056007862,0.7312594056129456,0.9375699758529663,0.748327374458313,0.02569442242383957,0.02094409056007862,0.7312594056129456,0.9375699758529663,0.748327374458313
ai_036_002_cam_00_frame.0000,train,ai_036_002,0,0.06882836669683456,0.05899583920836449,0.2542317807674408,0.9565175771713257,0.8717377781867981,0.06882836669683456,0.05899583920836449,0.2542317807674408,0.9565175771713257,0.8717377781867981,0.06882836669683456,0.05899583920836449,0.2542317807674408,0.9565175771713257,0.8717377781867981,0.06882836669683456,0.05899583920836449,0.2542317807674408,0.9565175771713257,0.8717377781867981
ai_036_002_cam_00_frame.0007,train,ai_036_002,7,0.069057896733284,0.059301525354385376,0.176116943359375,0.9585368037223816,0.8598886132240295,0.069057896733284,0.059301525354385376,0.176116943359375,0.9585368037223816,0.8598886132240295,0.069057896733284,0.059301525354385376,0.176116943359375,0.9585368037223816,0.8598886132240295,0.069057896733284,0.059301525354385376,0.176116943359375,0.9585368037223816,0.8598886132240295
ai_036_002_cam_00_frame.0013,train,ai_036_002,13,0.07551365345716476,0.06514060497283936,0.1098276823759079,0.9689077138900757,0.8989584445953369,0.07551365345716476,0.06514060497283936,0.1098276823759079,0.9689077138900757,0.8989584445953369,0.07551365345716476,0.06514060497283936,0.1098276823759079,0.9689077138900757,0.8989584445953369,0.07551365345716476,0.06514060497283936,0.1098276823759079,0.9689077138900757,0.8989584445953369
ai_036_002_cam_00_frame.0020,train,ai_036_002,20,0.03228086978197098,0.028716251254081726,0.3223775327205658,0.991424560546875,0.8242993354797363,0.03228086978197098,0.028716251254081726,0.3223775327205658,0.991424560546875,0.8242993354797363,0.03228086978197098,0.028716251254081726,0.3223775327205658,0.991424560546875,0.8242993354797363,0.03228086978197098,0.028716251254081726,0.3223775327205658,0.991424560546875,0.8242993354797363
ai_036_002_cam_00_frame.0026,train,ai_036_002,26,0.05161416530609131,0.046548306941986084,0.2002970427274704,0.9650370478630066,0.7275107502937317,0.05161416530609131,0.046548306941986084,0.2002970427274704,0.9650370478630066,0.7275107502937317,0.05161416530609131,0.046548306941986084,0.2002970427274704,0.9650370478630066,0.7275107502937317,0.05161416530609131,0.046548306941986084,0.2002970427274704,0.9650370478630066,0.7275107502937317
ai_036_002_cam_00_frame.0033,train,ai_036_002,33,0.033120814710855484,0.03007843904197216,0.2404378354549408,0.9962667226791382,0.7235172390937805,0.033120814710855484,0.03007843904197216,0.2404378354549408,0.9962667226791382,0.7235172390937805,0.033120814710855484,0.03007843904197216,0.2404378354549408,0.9962667226791382,0.7235172390937805,0.033120814710855484,0.03007843904197216,0.2404378354549408,0.9962667226791382,0.7235172390937805
ai_036_002_cam_00_frame.0040,train,ai_036_002,40,0.03721611574292183,0.031768109649419785,0.2579270005226135,0.9943846464157104,0.8688070774078369,0.03721611574292183,0.031768109649419785,0.2579270005226135,0.9943846464157104,0.8688070774078369,0.03721611574292183,0.031768109649419785,0.2579270005226135,0.9943846464157104,0.8688070774078369,0.03721611574292183,0.031768109649419785,0.2579270005226135,0.9943846464157104,0.8688070774078369
ai_036_002_cam_00_frame.0046,train,ai_036_002,46,0.0684674084186554,0.04415323585271835,0.2072194516658783,0.9703267812728882,0.8729093670845032,0.0684674084186554,0.04415323585271835,0.2072194516658783,0.9703267812728882,0.8729093670845032,0.0684674084186554,0.04415323585271835,0.2072194516658783,0.9703267812728882,0.8729093670845032,0.0684674084186554,0.04415323585271835,0.2072194516658783,0.9703267812728882,0.8729093670845032
ai_036_002_cam_00_frame.0053,train,ai_036_002,53,0.03284232318401337,0.029848143458366394,0.2706248164176941,0.9985758662223816,0.8025621175765991,0.03284232318401337,0.029848143458366394,0.2706248164176941,0.9985758662223816,0.8025621175765991,0.03284232318401337,0.029848143458366394,0.2706248164176941,0.9985758662223816,0.8025621175765991,0.03284232318401337,0.029848143458366394,0.2706248164176941,0.9985758662223816,0.8025621175765991
ai_036_002_cam_00_frame.0059,train,ai_036_002,59,0.06902161240577698,0.06369289010763168,0.0726827010512352,0.9839732050895691,0.8277857899665833,0.06902161240577698,0.06369289010763168,0.0726827010512352,0.9839732050895691,0.8277857899665833,0.06902161240577698,0.06369289010763168,0.0726827010512352,0.9839732050895691,0.8277857899665833,0.06902161240577698,0.06369289010763168,0.0726827010512352,0.9839732050895691,0.8277857899665833
ai_036_002_cam_00_frame.0066,train,ai_036_002,66,0.06503839045763016,0.06183978170156479,0.1461283415555954,0.9253286123275757,0.7117758989334106,0.06503839045763016,0.06183978170156479,0.1461283415555954,0.9253286123275757,0.7117758989334106,0.06503839045763016,0.06183978170156479,0.1461283415555954,0.9253286123275757,0.7117758989334106,0.06503839045763016,0.06183978170156479,0.1461283415555954,0.9253286123275757,0.7117758989334106
ai_036_002_cam_00_frame.0073,train,ai_036_002,73,0.04206386208534241,0.03846193104982376,0.2282562255859375,0.98223876953125,0.7848806381225586,0.04206386208534241,0.03846193104982376,0.2282562255859375,0.98223876953125,0.7848806381225586,0.04206386208534241,0.03846193104982376,0.2282562255859375,0.98223876953125,0.7848806381225586,0.04206386208534241,0.03846193104982376,0.2282562255859375,0.98223876953125,0.7848806381225586
ai_036_002_cam_00_frame.0079,train,ai_036_002,79,0.05658526346087456,0.047511495649814606,0.2586314082145691,0.9456838369369507,0.6965518593788147,0.05658526346087456,0.047511495649814606,0.2586314082145691,0.9456838369369507,0.6965518593788147,0.05658526346087456,0.047511495649814606,0.2586314082145691,0.9456838369369507,0.6965518593788147,0.05658526346087456,0.047511495649814606,0.2586314082145691,0.9456838369369507,0.6965518593788147
ai_036_002_cam_00_frame.0086,train,ai_036_002,86,0.04826613888144493,0.04107203334569931,0.2709554135799408,0.9919027090072632,0.7407503128051758,0.04826613888144493,0.04107203334569931,0.2709554135799408,0.9919027090072632,0.7407503128051758,0.04826613888144493,0.04107203334569931,0.2709554135799408,0.9919027090072632,0.7407503128051758,0.04826613888144493,0.04107203334569931,0.2709554135799408,0.9919027090072632,0.7407503128051758
ai_036_002_cam_00_frame.0092,train,ai_036_002,92,0.05740153789520264,0.05388277769088745,0.1589711606502533,0.964874267578125,0.7620904445648193,0.05740153789520264,0.05388277769088745,0.1589711606502533,0.964874267578125,0.7620904445648193,0.05740153789520264,0.05388277769088745,0.1589711606502533,0.964874267578125,0.7620904445648193,0.05740153789520264,0.05388277769088745,0.1589711606502533,0.964874267578125,0.7620904445648193
ai_036_002_cam_00_frame.0099,train,ai_036_002,99,0.034679826349020004,0.029522310942411423,0.3271484375,0.9870809316635132,0.6816154718399048,0.034679826349020004,0.029522310942411423,0.3271484375,0.9870809316635132,0.6816154718399048,0.034679826349020004,0.029522310942411423,0.3271484375,0.9870809316635132,0.6816154718399048,0.034679826349020004,0.029522310942411423,0.3271484375,0.9870809316635132,0.6816154718399048
ai_037_001_cam_00_frame.0000,train,ai_037_001,0,0.0334242582321167,0.030053894966840744,0.5543619990348816,0.9767659902572632,0.8640600442886353,0.0334242582321167,0.030053894966840744,0.5543619990348816,0.9767659902572632,0.8640600442886353,0.0334242582321167,0.030053894966840744,0.5543619990348816,0.9767659902572632,0.8640600442886353,0.0334242582321167,0.030053894966840744,0.5543619990348816,0.9767659902572632,0.8640600442886353
ai_037_001_cam_00_frame.0007,train,ai_037_001,7,0.028378020972013474,0.024019107222557068,0.6931508779525757,0.9834238886833191,0.8187913298606873,0.028378020972013474,0.024019107222557068,0.6931508779525757,0.9834238886833191,0.8187913298606873,0.028378020972013474,0.024019107222557068,0.6931508779525757,0.9834238886833191,0.8187913298606873,0.028378020972013474,0.024019107222557068,0.6931508779525757,0.9834238886833191,0.8187913298606873
ai_037_001_cam_00_frame.0013,train,ai_037_001,13,0.023960217833518982,0.018223030492663383,0.4541727900505066,0.996673583984375,0.7685544490814209,0.023960217833518982,0.018223030492663383,0.4541727900505066,0.996673583984375,0.7685544490814209,0.023960217833518982,0.018223030492663383,0.4541727900505066,0.996673583984375,0.7685544490814209,0.023960217833518982,0.018223030492663383,0.4541727900505066,0.996673583984375,0.7685544490814209
ai_037_001_cam_00_frame.0020,train,ai_037_001,20,0.02055012807250023,0.015684086829423904,0.55987548828125,0.9954376220703125,0.7885598540306091,0.02055012807250023,0.015684086829423904,0.55987548828125,0.9954376220703125,0.7885598540306091,0.02055012807250023,0.015684086829423904,0.55987548828125,0.9954376220703125,0.7885598540306091,0.02055012807250023,0.015684086829423904,0.55987548828125,0.9954376220703125,0.7885598540306091
ai_037_001_cam_00_frame.0026,train,ai_037_001,26,0.09730449318885803,0.08472447097301483,0.1775868833065033,0.8553975820541382,0.8810304403305054,0.09730449318885803,0.08472447097301483,0.1775868833065033,0.8553975820541382,0.8810304403305054,0.09730449318885803,0.08472447097301483,0.1775868833065033,0.8553975820541382,0.8810304403305054,0.09730449318885803,0.08472447097301483,0.1775868833065033,0.8553975820541382,0.8810304403305054
ai_037_001_cam_00_frame.0033,train,ai_037_001,33,0.05058369040489197,0.04565123841166496,0.42532625794410706,0.9502633213996887,0.8185312151908875,0.05058369040489197,0.04565123841166496,0.42532625794410706,0.9502633213996887,0.8185312151908875,0.05058369040489197,0.04565123841166496,0.42532625794410706,0.9502633213996887,0.8185312151908875,0.05058369040489197,0.04565123841166496,0.42532625794410706,0.9502633213996887,0.8185312151908875
ai_037_001_cam_00_frame.0040,train,ai_037_001,40,0.0238923579454422,0.01925479620695114,0.5503082275390625,0.990966796875,0.8060300350189209,0.0238923579454422,0.01925479620695114,0.5503082275390625,0.990966796875,0.8060300350189209,0.0238923579454422,0.01925479620695114,0.5503082275390625,0.990966796875,0.8060300350189209,0.0238923579454422,0.01925479620695114,0.5503082275390625,0.990966796875,0.8060300350189209
ai_037_001_cam_00_frame.0046,train,ai_037_001,46,0.04163771867752075,0.037651896476745605,0.4743017554283142,0.9597604870796204,0.8114814162254333,0.04163771867752075,0.037651896476745605,0.4743017554283142,0.9597604870796204,0.8114814162254333,0.04163771867752075,0.037651896476745605,0.4743017554283142,0.9597604870796204,0.8114814162254333,0.04163771867752075,0.037651896476745605,0.4743017554283142,0.9597604870796204,0.8114814162254333
ai_037_001_cam_00_frame.0053,train,ai_037_001,53,0.03710684925317764,0.030096828937530518,0.5469716787338257,0.97265625,0.8388092517852783,0.03710684925317764,0.030096828937530518,0.5469716787338257,0.97265625,0.8388092517852783,0.03710684925317764,0.030096828937530518,0.5469716787338257,0.97265625,0.8388092517852783,0.03710684925317764,0.030096828937530518,0.5469716787338257,0.97265625,0.8388092517852783
ai_037_001_cam_00_frame.0059,train,ai_037_001,59,0.0532679446041584,0.05035178363323212,0.5536012053489685,0.9413450956344604,0.6694244742393494,0.0532679446041584,0.05035178363323212,0.5536012053489685,0.9413450956344604,0.6694244742393494,0.0532679446041584,0.05035178363323212,0.5536012053489685,0.9413450956344604,0.6694244742393494,0.0532679446041584,0.05035178363323212,0.5536012053489685,0.9413450956344604,0.6694244742393494
ai_037_001_cam_00_frame.0066,train,ai_037_001,66,0.03646168112754822,0.03210953623056412,0.5658518671989441,0.9728139638900757,0.8537787795066833,0.03646168112754822,0.03210953623056412,0.5658518671989441,0.9728139638900757,0.8537787795066833,0.03646168112754822,0.03210953623056412,0.5658518671989441,0.9728139638900757,0.8537787795066833,0.03646168112754822,0.03210953623056412,0.5658518671989441,0.9728139638900757,0.8537787795066833
ai_037_001_cam_00_frame.0073,train,ai_037_001,73,0.2101718634366989,0.1740656942129135,0.014475504867732525,0.6809794306755066,0.7235375642776489,0.2101718634366989,0.1740656942129135,0.014475504867732525,0.6809794306755066,0.7235375642776489,0.2101718634366989,0.1740656942129135,0.014475504867732525,0.6809794306755066,0.7235375642776489,0.2101718634366989,0.1740656942129135,0.014475504867732525,0.6809794306755066,0.7235375642776489
ai_037_001_cam_00_frame.0079,train,ai_037_001,79,0.06974524259567261,0.06386137753725052,0.3476322591304779,0.9344518184661865,0.835961103439331,0.06974524259567261,0.06386137753725052,0.3476322591304779,0.9344518184661865,0.835961103439331,0.06974524259567261,0.06386137753725052,0.3476322591304779,0.9344518184661865,0.835961103439331,0.06974524259567261,0.06386137753725052,0.3476322591304779,0.9344518184661865,0.835961103439331
ai_037_001_cam_00_frame.0086,train,ai_037_001,86,0.03029021807014942,0.027319325134158134,0.5153778195381165,0.9853307008743286,0.7398232817649841,0.03029021807014942,0.027319325134158134,0.5153778195381165,0.9853307008743286,0.7398232817649841,0.03029021807014942,0.027319325134158134,0.5153778195381165,0.9853307008743286,0.7398232817649841,0.03029021807014942,0.027319325134158134,0.5153778195381165,0.9853307008743286,0.7398232817649841
ai_037_001_cam_00_frame.0092,train,ai_037_001,92,0.03210639953613281,0.029433967545628548,0.5610538125038147,0.9754666090011597,0.8749372363090515,0.03210639953613281,0.029433967545628548,0.5610538125038147,0.9754666090011597,0.8749372363090515,0.03210639953613281,0.029433967545628548,0.5610538125038147,0.9754666090011597,0.8749372363090515,0.03210639953613281,0.029433967545628548,0.5610538125038147,0.9754666090011597,0.8749372363090515
ai_037_001_cam_00_frame.0099,train,ai_037_001,99,0.03619619086384773,0.03430835157632828,0.3902755677700043,0.9594094157218933,0.8612605929374695,0.03619619086384773,0.03430835157632828,0.3902755677700043,0.9594094157218933,0.8612605929374695,0.03619619086384773,0.03430835157632828,0.3902755677700043,0.9594094157218933,0.8612605929374695,0.03619619086384773,0.03430835157632828,0.3902755677700043,0.9594094157218933,0.8612605929374695
ai_041_001_cam_00_frame.0000,train,ai_041_001,0,0.05011472851037979,0.04782199114561081,0.2207997739315033,0.969390869140625,0.7942193150520325,0.05011472851037979,0.04782199114561081,0.2207997739315033,0.969390869140625,0.7942193150520325,0.05011472851037979,0.04782199114561081,0.2207997739315033,0.969390869140625,0.7942193150520325,0.05011472851037979,0.04782199114561081,0.2207997739315033,0.969390869140625,0.7942193150520325
ai_041_001_cam_00_frame.0007,train,ai_041_001,7,0.02369414083659649,0.018434355035424232,0.4602806866168976,0.9995452165603638,0.9147488474845886,0.02369414083659649,0.018434355035424232,0.4602806866168976,0.9995452165603638,0.9147488474845886,0.02369414083659649,0.018434355035424232,0.4602806866168976,0.9995452165603638,0.9147488474845886,0.02369414083659649,0.018434355035424232,0.4602806866168976,0.9995452165603638,0.9147488474845886
ai_041_001_cam_00_frame.0013,train,ai_041_001,13,0.03872193768620491,0.034967754036188126,0.34681370854377747,0.9903081059455872,0.8463082313537598,0.03872193768620491,0.034967754036188126,0.34681370854377747,0.9903081059455872,0.8463082313537598,0.03872193768620491,0.034967754036188126,0.34681370854377747,0.9903081059455872,0.8463082313537598,0.03872193768620491,0.034967754036188126,0.34681370854377747,0.9903081059455872,0.8463082313537598
ai_041_001_cam_00_frame.0020,train,ai_041_001,20,0.029254630208015442,0.024674028158187866,0.46820664405822754,0.989154040813446,0.8869749307632446,0.029254630208015442,0.024674028158187866,0.46820664405822754,0.989154040813446,0.8869749307632446,0.029254630208015442,0.024674028158187866,0.46820664405822754,0.989154040813446,0.8869749307632446,0.029254630208015442,0.024674028158187866,0.46820664405822754,0.989154040813446,0.8869749307632446
ai_041_001_cam_00_frame.0026,train,ai_041_001,26,0.04285108670592308,0.03889264166355133,0.30076050758361816,0.9826835989952087,0.8755038976669312,0.04285108670592308,0.03889264166355133,0.30076050758361816,0.9826835989952087,0.8755038976669312,0.04285108670592308,0.03889264166355133,0.30076050758361816,0.9826835989952087,0.8755038976669312,0.04285108670592308,0.03889264166355133,0.30076050758361816,0.9826835989952087,0.8755038976669312
ai_041_001_cam_00_frame.0033,train,ai_041_001,33,0.04011636972427368,0.036954354494810104,0.29903945326805115,0.9776087999343872,0.8734480142593384,0.04011636972427368,0.036954354494810104,0.29903945326805115,0.9776087999343872,0.8734480142593384,0.04011636972427368,0.036954354494810104,0.29903945326805115,0.9776087999343872,0.8734480142593384,0.04011636972427368,0.036954354494810104,0.29903945326805115,0.9776087999343872,0.8734480142593384
ai_041_001_cam_00_frame.0040,train,ai_041_001,40,0.05038052797317505,0.04380390793085098,0.2119247168302536,0.9925411343574524,0.8975780606269836,0.05038052797317505,0.04380390793085098,0.2119247168302536,0.9925411343574524,0.8975780606269836,0.05038052797317505,0.04380390793085098,0.2119247168302536,0.9925411343574524,0.8975780606269836,0.05038052797317505,0.04380390793085098,0.2119247168302536,0.9925411343574524,0.8975780606269836
ai_041_001_cam_00_frame.0046,train,ai_041_001,46,0.03754705563187599,0.034204162657260895,0.40863484144210815,0.9749554395675659,0.860647976398468,0.03754705563187599,0.034204162657260895,0.40863484144210815,0.9749554395675659,0.860647976398468,0.03754705563187599,0.034204162657260895,0.40863484144210815,0.9749554395675659,0.860647976398468,0.03754705563187599,0.034204162657260895,0.40863484144210815,0.9749554395675659,0.860647976398468
ai_041_001_cam_00_frame.0053,train,ai_041_001,53,0.029355764389038086,0.02658715285360813,0.31446918845176697,0.9945268034934998,0.8734758496284485,0.029355764389038086,0.02658715285360813,0.31446918845176697,0.9945268034934998,0.8734758496284485,0.029355764389038086,0.02658715285360813,0.31446918845176697,0.9945268034934998,0.8734758496284485,0.029355764389038086,0.02658715285360813,0.31446918845176697,0.9945268034934998,0.8734758496284485
ai_041_001_cam_00_frame.0059,train,ai_041_001,59,0.03581792488694191,0.032757699489593506,0.18863214552402496,0.9876620769500732,0.9296972751617432,0.03581792488694191,0.032757699489593506,0.18863214552402496,0.9876620769500732,0.9296972751617432,0.03581792488694191,0.032757699489593506,0.18863214552402496,0.9876620769500732,0.9296972751617432,0.03581792488694191,0.032757699489593506,0.18863214552402496,0.9876620769500732,0.9296972751617432
ai_041_001_cam_00_frame.0066,train,ai_041_001,66,0.03512847423553467,0.032183483242988586,0.3498048782348633,0.9872174859046936,0.8764089345932007,0.03512847423553467,0.032183483242988586,0.3498048782348633,0.9872174859046936,0.8764089345932007,0.03512847423553467,0.032183483242988586,0.3498048782348633,0.9872174859046936,0.8764089345932007,0.03512847423553467,0.032183483242988586,0.3498048782348633,0.9872174859046936,0.8764089345932007
ai_041_001_cam_00_frame.0073,train,ai_041_001,73,0.03715367987751961,0.034633710980415344,0.2851334512233734,0.9882602691650391,0.8565515279769897,0.03715367987751961,0.034633710980415344,0.2851334512233734,0.9882602691650391,0.8565515279769897,0.03715367987751961,0.034633710980415344,0.2851334512233734,0.9882602691650391,0.8565515279769897,0.03715367987751961,0.034633710980415344,0.2851334512233734,0.9882602691650391,0.8565515279769897
ai_041_001_cam_00_frame.0079,train,ai_041_001,79,0.04853063076734543,0.03986433148384094,0.2400439828634262,0.9440951347351074,0.8349945545196533,0.04853063076734543,0.03986433148384094,0.2400439828634262,0.9440951347351074,0.8349945545196533,0.04853063076734543,0.03986433148384094,0.2400439828634262,0.9440951347351074,0.8349945545196533,0.04853063076734543,0.03986433148384094,0.2400439828634262,0.9440951347351074,0.8349945545196533
ai_041_001_cam_00_frame.0086,train,ai_041_001,86,0.02583727240562439,0.022924624383449554,0.5428672432899475,0.9889378547668457,0.8501301407814026,0.02583727240562439,0.022924624383449554,0.5428672432899475,0.9889378547668457,0.8501301407814026,0.02583727240562439,0.022924624383449554,0.5428672432899475,0.9889378547668457,0.8501301407814026,0.02583727240562439,0.022924624383449554,0.5428672432899475,0.9889378547668457,0.8501301407814026
ai_041_001_cam_00_frame.0092,train,ai_041_001,92,0.03284112364053726,0.02903086505830288,0.6550946831703186,0.9769207239151001,0.8769580721855164,0.03284112364053726,0.02903086505830288,0.6550946831703186,0.9769207239151001,0.8769580721855164,0.03284112364053726,0.02903086505830288,0.6550946831703186,0.9769207239151001,0.8769580721855164,0.03284112364053726,0.02903086505830288,0.6550946831703186,0.9769207239151001,0.8769580721855164
ai_041_001_cam_00_frame.0099,train,ai_041_001,99,0.03323457017540932,0.029985211789608,0.513938844203949,0.9800494313240051,0.8574660420417786,0.03323457017540932,0.029985211789608,0.513938844203949,0.9800494313240051,0.8574660420417786,0.03323457017540932,0.029985211789608,0.513938844203949,0.9800494313240051,0.8574660420417786,0.03323457017540932,0.029985211789608,0.513938844203949,0.9800494313240051,0.8574660420417786
ai_043_002_cam_00_frame.0000,val,ai_043_002,0,0.017218325287103653,0.015730947256088257,0.5054728388786316,0.9937489032745361,0.871231198310852,0.017218325287103653,0.015730947256088257,0.5054728388786316,0.9937489032745361,0.871231198310852,0.017218325287103653,0.015730947256088257,0.5054728388786316,0.9937489032745361,0.871231198310852,0.017218325287103653,0.015730947256088257,0.5054728388786316,0.9937489032745361,0.871231198310852
ai_043_002_cam_00_frame.0007,val,ai_043_002,7,0.023474693298339844,0.02203899249434471,0.41265869140625,0.9917094111442566,0.8807621598243713,0.023474693298339844,0.02203899249434471,0.41265869140625,0.9917094111442566,0.8807621598243713,0.023474693298339844,0.02203899249434471,0.41265869140625,0.9917094111442566,0.8807621598243713,0.023474693298339844,0.02203899249434471,0.41265869140625,0.9917094111442566,0.8807621598243713
ai_043_002_cam_00_frame.0013,val,ai_043_002,13,0.00814809650182724,0.00638328492641449,0.8373515009880066,0.9993082880973816,0.9041059613227844,0.00814809650182724,0.00638328492641449,0.8373515009880066,0.9993082880973816,0.9041059613227844,0.00814809650182724,0.00638328492641449,0.8373515009880066,0.9993082880973816,0.9041059613227844,0.00814809650182724,0.00638328492641449,0.8373515009880066,0.9993082880973816,0.9041059613227844
ai_043_002_cam_00_frame.0020,val,ai_043_002,20,0.014490027911961079,0.013245707377791405,0.506253719329834,0.9952086210250854,0.8169580698013306,0.014490027911961079,0.013245707377791405,0.506253719329834,0.9952086210250854,0.8169580698013306,0.014490027911961079,0.013245707377791405,0.506253719329834,0.9952086210250854,0.8169580698013306,0.014490027911961079,0.013245707377791405,0.506253719329834,0.9952086210250854,0.8169580698013306
ai_043_002_cam_00_frame.0026,val,ai_043_002,26,0.014378837309777737,0.012605085037648678,0.7035853862762451,0.9937691688537598,0.8702427744865417,0.014378837309777737,0.012605085037648678,0.7035853862762451,0.9937691688537598,0.8702427744865417,0.014378837309777737,0.012605085037648678,0.7035853862762451,0.9937691688537598,0.8702427744865417,0.014378837309777737,0.012605085037648678,0.7035853862762451,0.9937691688537598,0.8702427744865417
ai_043_002_cam_00_frame.0033,val,ai_043_002,33,0.017480429261922836,0.016370316967368126,0.4809997081756592,0.9947653412818909,0.7861385941505432,0.017480429261922836,0.016370316967368126,0.4809997081756592,0.9947653412818909,0.7861385941505432,0.017480429261922836,0.016370316967368126,0.4809997081756592,0.9947653412818909,0.7861385941505432,0.017480429261922836,0.016370316967368126,0.4809997081756592,0.9947653412818909,0.7861385941505432
ai_043_002_cam_00_frame.0040,val,ai_043_002,40,0.017278144136071205,0.01608780212700367,0.39036136865615845,0.995254397392273,0.8022982478141785,0.017278144136071205,0.01608780212700367,0.39036136865615845,0.995254397392273,0.8022982478141785,0.017278144136071205,0.01608780212700367,0.39036136865615845,0.995254397392273,0.8022982478141785,0.017278144136071205,0.01608780212700367,0.39036136865615845,0.995254397392273,0.8022982478141785
ai_043_002_cam_00_frame.0046,val,ai_043_002,46,0.02033793181180954,0.018620265647768974,0.5571545362472534,0.9919066429138184,0.7469155192375183,0.02033793181180954,0.018620265647768974,0.5571545362472534,0.9919066429138184,0.7469155192375183,0.02033793181180954,0.018620265647768974,0.5571545362472534,0.9919066429138184,0.7469155192375183,0.02033793181180954,0.018620265647768974,0.5571545362472534,0.9919066429138184,0.7469155192375183
ai_043_002_cam_00_frame.0053,val,ai_043_002,53,0.01532054878771305,0.0140385078266263,0.6907473206520081,0.99160236120224,0.8014485239982605,0.01532054878771305,0.0140385078266263,0.6907473206520081,0.99160236120224,0.8014485239982605,0.01532054878771305,0.0140385078266263,0.6907473206520081,0.99160236120224,0.8014485239982605,0.01532054878771305,0.0140385078266263,0.6907473206520081,0.99160236120224,0.8014485239982605
ai_043_002_cam_00_frame.0059,val,ai_043_002,59,0.010720600374042988,0.00936996191740036,0.5936479568481445,0.9999949336051941,0.66413813829422,0.010720600374042988,0.00936996191740036,0.5936479568481445,0.9999949336051941,0.66413813829422,0.010720600374042988,0.00936996191740036,0.5936479568481445,0.9999949336051941,0.66413813829422,0.010720600374042988,0.00936996191740036,0.5936479568481445,0.9999949336051941,0.66413813829422
ai_043_002_cam_00_frame.0066,val,ai_043_002,66,0.03595207631587982,0.03264614939689636,0.288848876953125,0.9951528310775757,0.8891823291778564,0.03595207631587982,0.03264614939689636,0.288848876953125,0.9951528310775757,0.8891823291778564,0.03595207631587982,0.03264614939689636,0.288848876953125,0.9951528310775757,0.8891823291778564,0.03595207631587982,0.03264614939689636,0.288848876953125,0.9951528310775757,0.8891823291778564
ai_043_002_cam_00_frame.0073,val,ai_043_002,73,0.01693863421678543,0.01555461436510086,0.5098165273666382,0.9970906972885132,0.8978239893913269,0.01693863421678543,0.01555461436510086,0.5098165273666382,0.9970906972885132,0.8978239893913269,0.01693863421678543,0.01555461436510086,0.5098165273666382,0.9970906972885132,0.8978239893913269,0.01693863421678543,0.01555461436510086,0.5098165273666382,0.9970906972885132,0.8978239893913269
ai_043_002_cam_00_frame.0079,val,ai_043_002,79,0.0188275333493948,0.01616453006863594,0.6110789179801941,0.9958394765853882,0.8776789903640747,0.0188275333493948,0.01616453006863594,0.6110789179801941,0.9958394765853882,0.8776789903640747,0.0188275333493948,0.01616453006863594,0.6110789179801941,0.9958394765853882,0.8776789903640747,0.0188275333493948,0.01616453006863594,0.6110789179801941,0.9958394765853882,0.8776789903640747
ai_043_002_cam_00_frame.0086,val,ai_043_002,86,0.016212275251746178,0.014697771519422531,0.5001017451286316,0.9982959628105164,0.7861926555633545,0.016212275251746178,0.014697771519422531,0.5001017451286316,0.9982959628105164,0.7861926555633545,0.016212275251746178,0.014697771519422531,0.5001017451286316,0.9982959628105164,0.7861926555633545,0.016212275251746178,0.014697771519422531,0.5001017451286316,0.9982959628105164,0.7861926555633545
ai_043_002_cam_00_frame.0092,val,ai_043_002,92,0.06552882492542267,0.055469028651714325,0.5047760009765625,0.9266154170036316,0.6119366884231567,0.06552882492542267,0.055469028651714325,0.5047760009765625,0.9266154170036316,0.6119366884231567,0.06552882492542267,0.055469028651714325,0.5047760009765625,0.9266154170036316,0.6119366884231567,0.06552882492542267,0.055469028651714325,0.5047760009765625,0.9266154170036316,0.6119366884231567
ai_043_002_cam_00_frame.0099,val,ai_043_002,99,0.021214986220002174,0.019331911578774452,0.6135132908821106,0.9911295771598816,0.8546677827835083,0.021214986220002174,0.019331911578774452,0.6135132908821106,0.9911295771598816,0.8546677827835083,0.021214986220002174,0.019331911578774452,0.6135132908821106,0.9911295771598816,0.8546677827835083,0.021214986220002174,0.019331911578774452,0.6135132908821106,0.9911295771598816,0.8546677827835083
ai_045_001_cam_00_frame.0000,val,ai_045_001,0,0.010320981033146381,0.008612554520368576,0.7998250722885132,0.9962362051010132,0.6706170439720154,0.010320981033146381,0.008612554520368576,0.7998250722885132,0.9962362051010132,0.6706170439720154,0.010320981033146381,0.008612554520368576,0.7998250722885132,0.9962362051010132,0.6706170439720154,0.010320981033146381,0.008612554520368576,0.7998250722885132,0.9962362051010132,0.6706170439720154
ai_045_001_cam_00_frame.0007,val,ai_045_001,7,0.04789070785045624,0.04396446794271469,0.2957763671875,0.9422353506088257,0.7728068828582764,0.04789070785045624,0.04396446794271469,0.2957763671875,0.9422353506088257,0.7728068828582764,0.04789070785045624,0.04396446794271469,0.2957763671875,0.9422353506088257,0.7728068828582764,0.04789070785045624,0.04396446794271469,0.2957763671875,0.9422353506088257,0.7728068828582764
ai_045_001_cam_00_frame.0013,val,ai_045_001,13,0.014899304136633873,0.013046419247984886,0.6863810420036316,0.9993947744369507,0.7234795689582825,0.014899304136633873,0.013046419247984886,0.6863810420036316,0.9993947744369507,0.7234795689582825,0.014899304136633873,0.013046419247984886,0.6863810420036316,0.9993947744369507,0.7234795689582825,0.014899304136633873,0.013046419247984886,0.6863810420036316,0.9993947744369507,0.7234795689582825
ai_045_001_cam_00_frame.0020,val,ai_045_001,20,0.018578730523586273,0.016432590782642365,0.4297943115234375,0.9986776113510132,0.6476597785949707,0.018578730523586273,0.016432590782642365,0.4297943115234375,0.9986776113510132,0.6476597785949707,0.018578730523586273,0.016432590782642365,0.4297943115234375,0.9986776113510132,0.6476597785949707,0.018578730523586273,0.016432590782642365,0.4297943115234375,0.9986776113510132,0.6476597785949707
ai_045_001_cam_00_frame.0026,val,ai_045_001,26,0.028513148427009583,0.025049639865756035,0.6446089744567871,0.9777168035507202,0.8229507207870483,0.028513148427009583,0.025049639865756035,0.6446089744567871,0.9777168035507202,0.8229507207870483,0.028513148427009583,0.025049639865756035,0.6446089744567871,0.9777168035507202,0.8229507207870483,0.028513148427009583,0.025049639865756035,0.6446089744567871,0.9777168035507202,0.8229507207870483
ai_045_001_cam_00_frame.0033,val,ai_045_001,33,0.06054610013961792,0.055305056273937225,0.5653025507926941,0.909576416015625,0.7300163507461548,0.06054610013961792,0.055305056273937225,0.5653025507926941,0.909576416015625,0.7300163507461548,0.06054610013961792,0.055305056273937225,0.5653025507926941,0.909576416015625,0.7300163507461548,0.06054610013961792,0.055305056273937225,0.5653025507926941,0.909576416015625,0.7300163507461548
ai_045_001_cam_00_frame.0040,val,ai_045_001,40,0.17337638139724731,0.0904930830001831,0.0755666121840477,0.9943796992301941,0.8655192255973816,0.17337638139724731,0.0904930830001831,0.0755666121840477,0.9943796992301941,0.8655192255973816,0.17337638139724731,0.0904930830001831,0.0755666121840477,0.9943796992301941,0.8655192255973816,0.17337638139724731,0.0904930830001831,0.0755666121840477,0.9943796992301941,0.8655192255973816
ai_045_001_cam_00_frame.0046,val,ai_045_001,46,0.0208906102925539,0.018286945298314095,0.5831074118614197,0.9956309199333191,0.8569998741149902,0.0208906102925539,0.018286945298314095,0.5831074118614197,0.9956309199333191,0.8569998741149902,0.0208906102925539,0.018286945298314095,0.5831074118614197,0.9956309199333191,0.8569998741149902,0.0208906102925539,0.018286945298314095,0.5831074118614197,0.9956309199333191,0.8569998741149902
ai_045_001_cam_00_frame.0053,val,ai_045_001,53,0.0886986032128334,0.07566472887992859,0.3307206928730011,0.8952224850654602,0.550021231174469,0.0886986032128334,0.07566472887992859,0.3307206928730011,0.8952224850654602,0.550021231174469,0.0886986032128334,0.07566472887992859,0.3307206928730011,0.8952224850654602,0.550021231174469,0.0886986032128334,0.07566472887992859,0.3307206928730011,0.8952224850654602,0.550021231174469
ai_045_001_cam_00_frame.0059,val,ai_045_001,59,0.018436584621667862,0.016274044290184975,0.5420203804969788,0.9973551630973816,0.8466234803199768,0.018436584621667862,0.016274044290184975,0.5420203804969788,0.9973551630973816,0.8466234803199768,0.018436584621667862,0.016274044290184975,0.5420203804969788,0.9973551630973816,0.8466234803199768,0.018436584621667862,0.016274044290184975,0.5420203804969788,0.9973551630973816,0.8466234803199768
ai_045_001_cam_00_frame.0066,val,ai_045_001,66,0.02497287653386593,0.02130507491528988,0.2765974998474121,0.996795654296875,0.7251854538917542,0.02497287653386593,0.02130507491528988,0.2765974998474121,0.996795654296875,0.7251854538917542,0.02497287653386593,0.02130507491528988,0.2765974998474121,0.996795654296875,0.7251854538917542,0.02497287653386593,0.02130507491528988,0.2765974998474121,0.996795654296875,0.7251854538917542
ai_045_001_cam_00_frame.0073,val,ai_045_001,73,0.015711937099695206,0.012415273115038872,0.7680601477622986,0.9892730712890625,0.7774057984352112,0.015711937099695206,0.012415273115038872,0.7680601477622986,0.9892730712890625,0.7774057984352112,0.015711937099695206,0.012415273115038872,0.7680601477622986,0.9892730712890625,0.7774057984352112,0.015711937099695206,0.012415273115038872,0.7680601477622986,0.9892730712890625,0.7774057984352112
ai_045_001_cam_00_frame.0079,val,ai_045_001,79,0.06952045857906342,0.030959000810980797,0.39105224609375,0.9890950918197632,0.7392396330833435,0.06952045857906342,0.030959000810980797,0.39105224609375,0.9890950918197632,0.7392396330833435,0.06952045857906342,0.030959000810980797,0.39105224609375,0.9890950918197632,0.7392396330833435,0.06952045857906342,0.030959000810980797,0.39105224609375,0.9890950918197632,0.7392396330833435
ai_045_001_cam_00_frame.0086,val,ai_045_001,86,0.01565135270357132,0.014061260037124157,0.6134666800498962,0.9935453534126282,0.8138221502304077,0.01565135270357132,0.014061260037124157,0.6134666800498962,0.9935453534126282,0.8138221502304077,0.01565135270357132,0.014061260037124157,0.6134666800498962,0.9935453534126282,0.8138221502304077,0.01565135270357132,0.014061260037124157,0.6134666800498962,0.9935453534126282,0.8138221502304077
ai_045_001_cam_00_frame.0092,val,ai_045_001,92,0.06999136507511139,0.023120924830436707,0.5569610595703125,0.9861094355583191,0.7814123034477234,0.06999136507511139,0.023120924830436707,0.5569610595703125,0.9861094355583191,0.7814123034477234,0.06999136507511139,0.023120924830436707,0.5569610595703125,0.9861094355583191,0.7814123034477234,0.06999136507511139,0.023120924830436707,0.5569610595703125,0.9861094355583191,0.7814123034477234
ai_045_001_cam_00_frame.0099,val,ai_045_001,99,0.01717616431415081,0.014996051788330078,0.549573540687561,0.9971110224723816,0.8070768117904663,0.01717616431415081,0.014996051788330078,0.549573540687561,0.9971110224723816,0.8070768117904663,0.01717616431415081,0.014996051788330078,0.549573540687561,0.9971110224723816,0.8070768117904663,0.01717616431415081,0.014996051788330078,0.549573540687561,0.9971110224723816,0.8070768117904663
ai_047_001_cam_00_frame.0000,val,ai_047_001,0,0.1126968264579773,0.10322229564189911,0.0690460205078125,0.9186248779296875,0.8729747533798218,0.1126968264579773,0.10322229564189911,0.0690460205078125,0.9186248779296875,0.8729747533798218,0.1126968264579773,0.10322229564189911,0.0690460205078125,0.9186248779296875,0.8729747533798218,0.1126968264579773,0.10322229564189911,0.0690460205078125,0.9186248779296875,0.8729747533798218
ai_047_001_cam_00_frame.0007,val,ai_047_001,7,0.14836463332176208,0.13900096714496613,0.064483642578125,0.8489227294921875,0.8991097211837769,0.14836463332176208,0.13900096714496613,0.064483642578125,0.8489227294921875,0.8991097211837769,0.14836463332176208,0.13900096714496613,0.064483642578125,0.8489227294921875,0.8991097211837769,0.14836463332176208,0.13900096714496613,0.064483642578125,0.8489227294921875,0.8991097211837769
ai_047_001_cam_00_frame.0013,val,ai_047_001,13,0.11309727281332016,0.10694431513547897,0.0758616179227829,0.8782755732536316,0.8356643915176392,0.11309727281332016,0.10694431513547897,0.0758616179227829,0.8782755732536316,0.8356643915176392,0.11309727281332016,0.10694431513547897,0.0758616179227829,0.8782755732536316,0.8356643915176392,0.11309727281332016,0.10694431513547897,0.0758616179227829,0.8782755732536316,0.8356643915176392
ai_047_001_cam_00_frame.0020,val,ai_047_001,20,0.13486367464065552,0.1287948191165924,0.0484771728515625,0.7649332880973816,0.8555210828781128,0.13486367464065552,0.1287948191165924,0.0484771728515625,0.7649332880973816,0.8555210828781128,0.13486367464065552,0.1287948191165924,0.0484771728515625,0.7649332880973816,0.8555210828781128,0.13486367464065552,0.1287948191165924,0.0484771728515625,0.7649332880973816,0.8555210828781128
ai_047_001_cam_00_frame.0026,val,ai_047_001,26,0.06692526489496231,0.060677360743284225,0.1484781950712204,0.9652659296989441,0.8733299970626831,0.06692526489496231,0.060677360743284225,0.1484781950712204,0.9652659296989441,0.8733299970626831,0.06692526489496231,0.060677360743284225,0.1484781950712204,0.9652659296989441,0.8733299970626831,0.06692526489496231,0.060677360743284225,0.1484781950712204,0.9652659296989441,0.8733299970626831
ai_047_001_cam_00_frame.0033,val,ai_047_001,33,0.1688450574874878,0.1593971848487854,0.0472971610724926,0.6776835322380066,0.8907082676887512,0.1688450574874878,0.1593971848487854,0.0472971610724926,0.6776835322380066,0.8907082676887512,0.1688450574874878,0.1593971848487854,0.0472971610724926,0.6776835322380066,0.8907082676887512,0.1688450574874878,0.1593971848487854,0.0472971610724926,0.6776835322380066,0.8907082676887512
ai_047_001_cam_00_frame.0040,val,ai_047_001,40,0.15392577648162842,0.1423378884792328,0.0419718436896801,0.73150634765625,0.89398592710495,0.15392577648162842,0.1423378884792328,0.0419718436896801,0.73150634765625,0.89398592710495,0.15392577648162842,0.1423378884792328,0.0419718436896801,0.73150634765625,0.89398592710495,0.15392577648162842,0.1423378884792328,0.0419718436896801,0.73150634765625,0.89398592710495
ai_047_001_cam_00_frame.0046,val,ai_047_001,46,0.10573415458202362,0.10100466012954712,0.0746663436293602,0.9647725820541382,0.8789372444152832,0.10573415458202362,0.10100466012954712,0.0746663436293602,0.9647725820541382,0.8789372444152832,0.10573415458202362,0.10100466012954712,0.0746663436293602,0.9647725820541382,0.8789372444152832,0.10573415458202362,0.10100466012954712,0.0746663436293602,0.9647725820541382,0.8789372444152832
ai_047_001_cam_00_frame.0053,val,ai_047_001,53,0.14371389150619507,0.1336115449666977,0.0497334823012352,0.8267924189567566,0.8695011734962463,0.14371389150619507,0.1336115449666977,0.0497334823012352,0.8267924189567566,0.8695011734962463,0.14371389150619507,0.1336115449666977,0.0497334823012352,0.8267924189567566,0.8695011734962463,0.14371389150619507,0.1336115449666977,0.0497334823012352,0.8267924189567566,0.8695011734962463
ai_047_001_cam_00_frame.0059,val,ai_047_001,59,0.13581281900405884,0.12767329812049866,0.0557607039809227,0.8979594111442566,0.8404697179794312,0.13581281900405884,0.12767329812049866,0.0557607039809227,0.8979594111442566,0.8404697179794312,0.13581281900405884,0.12767329812049866,0.0557607039809227,0.8979594111442566,0.8404697179794312,0.13581281900405884,0.12767329812049866,0.0557607039809227,0.8979594111442566,0.8404697179794312
ai_047_001_cam_00_frame.0066,val,ai_047_001,66,0.1547972857952118,0.14641734957695007,0.0433451347053051,0.7374216914176941,0.8998045921325684,0.1547972857952118,0.14641734957695007,0.0433451347053051,0.7374216914176941,0.8998045921325684,0.1547972857952118,0.14641734957695007,0.0433451347053051,0.7374216914176941,0.8998045921325684,0.1547972857952118,0.14641734957695007,0.0433451347053051,0.7374216914176941,0.8998045921325684
ai_047_001_cam_00_frame.0073,val,ai_047_001,73,0.09967774152755737,0.09234637022018433,0.0714365690946579,0.9605611562728882,0.8806896209716797,0.09967774152755737,0.09234637022018433,0.0714365690946579,0.9605611562728882,0.8806896209716797,0.09967774152755737,0.09234637022018433,0.0714365690946579,0.9605611562728882,0.8806896209716797,0.09967774152755737,0.09234637022018433,0.0714365690946579,0.9605611562728882,0.8806896209716797
ai_047_001_cam_00_frame.0079,val,ai_047_001,79,0.10621299594640732,0.1025487631559372,0.0537974052131176,0.9386037588119507,0.887078046798706,0.10621299594640732,0.1025487631559372,0.0537974052131176,0.9386037588119507,0.887078046798706,0.10621299594640732,0.1025487631559372,0.0537974052131176,0.9386037588119507,0.887078046798706,0.10621299594640732,0.1025487631559372,0.0537974052131176,0.9386037588119507,0.887078046798706
ai_047_001_cam_00_frame.0086,val,ai_047_001,86,0.11180192232131958,0.10604768991470337,0.073150634765625,0.9149627685546875,0.878410816192627,0.11180192232131958,0.10604768991470337,0.073150634765625,0.9149627685546875,0.878410816192627,0.11180192232131958,0.10604768991470337,0.073150634765625,0.9149627685546875,0.878410816192627,0.11180192232131958,0.10604768991470337,0.073150634765625,0.9149627685546875,0.878410816192627
ai_047_001_cam_00_frame.0092,val,ai_047_001,92,0.12275764346122742,0.1115960106253624,0.0681559294462204,0.88677978515625,0.8893184065818787,0.12275764346122742,0.1115960106253624,0.0681559294462204,0.88677978515625,0.8893184065818787,0.12275764346122742,0.1115960106253624,0.0681559294462204,0.88677978515625,0.8893184065818787,0.12275764346122742,0.1115960106253624,0.0681559294462204,0.88677978515625,0.8893184065818787
ai_047_001_cam_00_frame.0099,val,ai_047_001,99,0.1416902393102646,0.13547098636627197,0.0598856620490551,0.7486776113510132,0.9155722856521606,0.1416902393102646,0.13547098636627197,0.0598856620490551,0.7486776113510132,0.9155722856521606,0.1416902393102646,0.13547098636627197,0.0598856620490551,0.7486776113510132,0.9155722856521606,0.1416902393102646,0.13547098636627197,0.0598856620490551,0.7486776113510132,0.9155722856521606
ai_055_003_cam_00_frame.0000,val,ai_055_003,0,0.06423362344503403,0.05852240324020386,0.193756103515625,0.9490814208984375,0.8555976152420044,0.06423362344503403,0.05852240324020386,0.193756103515625,0.9490814208984375,0.8555976152420044,0.06423362344503403,0.05852240324020386,0.193756103515625,0.9490814208984375,0.8555976152420044,0.06423362344503403,0.05852240324020386,0.193756103515625,0.9490814208984375,0.8555976152420044
ai_055_003_cam_00_frame.0007,val,ai_055_003,7,0.06173764914274216,0.0539306104183197,0.268646240234375,0.9639384150505066,0.7957512140274048,0.06173764914274216,0.0539306104183197,0.268646240234375,0.9639384150505066,0.7957512140274048,0.06173764914274216,0.0539306104183197,0.268646240234375,0.9639384150505066,0.7957512140274048,0.06173764914274216,0.0539306104183197,0.268646240234375,0.9639384150505066,0.7957512140274048
ai_055_003_cam_00_frame.0013,val,ai_055_003,13,0.07864056527614594,0.07238639891147614,0.1069437712430954,0.9247894287109375,0.9002607464790344,0.07864056527614594,0.07238639891147614,0.1069437712430954,0.9247894287109375,0.9002607464790344,0.07864056527614594,0.07238639891147614,0.1069437712430954,0.9247894287109375,0.9002607464790344,0.07864056527614594,0.07238639891147614,0.1069437712430954,0.9247894287109375,0.9002607464790344
ai_055_003_cam_00_frame.0020,val,ai_055_003,20,0.06710908561944962,0.06097259745001793,0.3067474365234375,0.9238790273666382,0.8553687334060669,0.06710908561944962,0.06097259745001793,0.3067474365234375,0.9238790273666382,0.8553687334060669,0.06710908561944962,0.06097259745001793,0.3067474365234375,0.9238790273666382,0.8553687334060669,0.06710908561944962,0.06097259745001793,0.3067474365234375,0.9238790273666382,0.8553687334060669
ai_055_003_cam_00_frame.0026,val,ai_055_003,26,0.08433674275875092,0.06578219681978226,0.09146635234355927,0.9531632661819458,0.881931722164154,0.08433674275875092,0.06578219681978226,0.09146635234355927,0.9531632661819458,0.881931722164154,0.08433674275875092,0.06578219681978226,0.09146635234355927,0.9531632661819458,0.881931722164154,0.08433674275875092,0.06578219681978226,0.09146635234355927,0.9531632661819458,0.881931722164154
ai_055_003_cam_00_frame.0033,val,ai_055_003,33,0.05900327488780022,0.054406650364398956,0.32248300313949585,0.9252363443374634,0.9224108457565308,0.05900327488780022,0.054406650364398956,0.32248300313949585,0.9252363443374634,0.9224108457565308,0.05900327488780022,0.054406650364398956,0.32248300313949585,0.9252363443374634,0.9224108457565308,0.05900327488780022,0.054406650364398956,0.32248300313949585,0.9252363443374634,0.9224108457565308
ai_055_003_cam_00_frame.0040,val,ai_055_003,40,0.06187152862548828,0.05684792995452881,0.1172739714384079,0.9710109829902649,0.8282293081283569,0.06187152862548828,0.05684792995452881,0.1172739714384079,0.9710109829902649,0.8282293081283569,0.06187152862548828,0.05684792995452881,0.1172739714384079,0.9710109829902649,0.8282293081283569,0.06187152862548828,0.05684792995452881,0.1172739714384079,0.9710109829902649,0.8282293081283569
ai_055_003_cam_00_frame.0046,val,ai_055_003,46,0.06091463938355446,0.05475661903619766,0.21821734309196472,0.9723844528198242,0.8348487019538879,0.06091463938355446,0.05475661903619766,0.21821734309196472,0.9723844528198242,0.8348487019538879,0.06091463938355446,0.05475661903619766,0.21821734309196472,0.9723844528198242,0.8348487019538879,0.06091463938355446,0.05475661903619766,0.21821734309196472,0.9723844528198242,0.8348487019538879
ai_055_003_cam_00_frame.0053,val,ai_055_003,53,0.13591566681861877,0.08125265687704086,0.05728578194975853,0.9765951037406921,0.8215072751045227,0.13591566681861877,0.08125265687704086,0.05728578194975853,0.9765951037406921,0.8215072751045227,0.13591566681861877,0.08125265687704086,0.05728578194975853,0.9765951037406921,0.8215072751045227,0.13591566681861877,0.08125265687704086,0.05728578194975853,0.9765951037406921,0.8215072751045227
ai_055_003_cam_00_frame.0059,val,ai_055_003,59,0.03089635632932186,0.025461934506893158,0.2784186601638794,0.9939857721328735,0.8121185898780823,0.03089635632932186,0.025461934506893158,0.2784186601638794,0.9939857721328735,0.8121185898780823,0.03089635632932186,0.025461934506893158,0.2784186601638794,0.9939857721328735,0.8121185898780823,0.03089635632932186,0.025461934506893158,0.2784186601638794,0.9939857721328735,0.8121185898780823
ai_055_003_cam_00_frame.0066,val,ai_055_003,66,0.06394417583942413,0.05781180411577225,0.24848788976669312,0.9715085029602051,0.8441362380981445,0.06394417583942413,0.05781180411577225,0.24848788976669312,0.9715085029602051,0.8441362380981445,0.06394417583942413,0.05781180411577225,0.24848788976669312,0.9715085029602051,0.8441362380981445,0.06394417583942413,0.05781180411577225,0.24848788976669312,0.9715085029602051,0.8441362380981445
ai_055_003_cam_00_frame.0073,val,ai_055_003,73,0.05621454119682312,0.051517195999622345,0.26612237095832825,0.9641173481941223,0.836510419845581,0.05621454119682312,0.051517195999622345,0.26612237095832825,0.9641173481941223,0.836510419845581,0.05621454119682312,0.051517195999622345,0.26612237095832825,0.9641173481941223,0.836510419845581,0.05621454119682312,0.051517195999622345,0.26612237095832825,0.9641173481941223,0.836510419845581
ai_055_003_cam_00_frame.0079,val,ai_055_003,79,0.042031966149806976,0.0371679812669754,0.32426661252975464,0.9840530753135681,0.827785313129425,0.042031966149806976,0.0371679812669754,0.32426661252975464,0.9840530753135681,0.827785313129425,0.042031966149806976,0.0371679812669754,0.32426661252975464,0.9840530753135681,0.827785313129425,0.042031966149806976,0.0371679812669754,0.32426661252975464,0.9840530753135681,0.827785313129425
ai_055_003_cam_00_frame.0086,val,ai_055_003,86,0.07780624181032181,0.058745574206113815,0.20953740179538727,0.9693436622619629,0.7836324572563171,0.07780624181032181,0.058745574206113815,0.20953740179538727,0.9693436622619629,0.7836324572563171,0.07780624181032181,0.058745574206113815,0.20953740179538727,0.9693436622619629,0.7836324572563171,0.07780624181032181,0.058745574206113815,0.20953740179538727,0.9693436622619629,0.7836324572563171
ai_055_003_cam_00_frame.0092,val,ai_055_003,92,0.05725592374801636,0.04825083538889885,0.29392221570014954,0.9554790258407593,0.8208357691764832,0.05725592374801636,0.04825083538889885,0.29392221570014954,0.9554790258407593,0.8208357691764832,0.05725592374801636,0.04825083538889885,0.29392221570014954,0.9554790258407593,0.8208357691764832,0.05725592374801636,0.04825083538889885,0.29392221570014954,0.9554790258407593,0.8208357691764832
ai_055_003_cam_00_frame.0099,val,ai_055_003,99,0.053734686225652695,0.04879331216216087,0.24108143150806427,0.972834050655365,0.8283370733261108,0.053734686225652695,0.04879331216216087,0.24108143150806427,0.972834050655365,0.8283370733261108,0.053734686225652695,0.04879331216216087,0.24108143150806427,0.972834050655365,0.8283370733261108,0.053734686225652695,0.04879331216216087,0.24108143150806427,0.972834050655365,0.8283370733261108
ai_044_001_cam_00_frame.0000,test,ai_044_001,0,0.022819772362709045,0.020663093775510788,0.4354349970817566,0.9947001338005066,0.8133857250213623,0.022819772362709045,0.020663093775510788,0.4354349970817566,0.9947001338005066,0.8133857250213623,0.022819772362709045,0.020663093775510788,0.4354349970817566,0.9947001338005066,0.8133857250213623,0.022819772362709045,0.020663093775510788,0.4354349970817566,0.9947001338005066,0.8133857250213623
ai_044_001_cam_00_frame.0007,test,ai_044_001,7,0.02126651257276535,0.01752908155322075,0.5120748281478882,0.993255615234375,0.8122978210449219,0.02126651257276535,0.01752908155322075,0.5120748281478882,0.993255615234375,0.8122978210449219,0.02126651257276535,0.01752908155322075,0.5120748281478882,0.993255615234375,0.8122978210449219,0.02126651257276535,0.01752908155322075,0.5120748281478882,0.993255615234375,0.8122978210449219
ai_044_001_cam_00_frame.0013,test,ai_044_001,13,0.021184297278523445,0.018684035167098045,0.49183398485183716,0.9938303828239441,0.7933343052864075,0.021184297278523445,0.018684035167098045,0.49183398485183716,0.9938303828239441,0.7933343052864075,0.021184297278523445,0.018684035167098045,0.49183398485183716,0.9938303828239441,0.7933343052864075,0.021184297278523445,0.018684035167098045,0.49183398485183716,0.9938303828239441,0.7933343052864075
ai_044_001_cam_00_frame.0020,test,ai_044_001,20,0.021373700350522995,0.019463859498500824,0.3465474545955658,0.9939066767692566,0.8471181392669678,0.021373700350522995,0.019463859498500824,0.3465474545955658,0.9939066767692566,0.8471181392669678,0.021373700350522995,0.019463859498500824,0.3465474545955658,0.9939066767692566,0.8471181392669678,0.021373700350522995,0.019463859498500824,0.3465474545955658,0.9939066767692566,0.8471181392669678
ai_044_001_cam_00_frame.0026,test,ai_044_001,26,0.023656677454710007,0.021443454548716545,0.35875630378723145,0.9929962158203125,0.8121079206466675,0.023656677454710007,0.021443454548716545,0.35875630378723145,0.9929962158203125,0.8121079206466675,0.023656677454710007,0.021443454548716545,0.35875630378723145,0.9929962158203125,0.8121079206466675,0.023656677454710007,0.021443454548716545,0.35875630378723145,0.9929962158203125,0.8121079206466675
ai_044_001_cam_00_frame.0033,test,ai_044_001,33,0.027493596076965332,0.023863475769758224,0.4376932978630066,0.990081787109375,0.7812949419021606,0.027493596076965332,0.023863475769758224,0.4376932978630066,0.990081787109375,0.7812949419021606,0.027493596076965332,0.023863475769758224,0.4376932978630066,0.990081787109375,0.7812949419021606,0.027493596076965332,0.023863475769758224,0.4376932978630066,0.990081787109375,0.7812949419021606
ai_044_001_cam_00_frame.0039,test,ai_044_001,39,0.029172038659453392,0.02201598696410656,0.4811299741268158,0.9924723505973816,0.7672418355941772,0.029172038659453392,0.02201598696410656,0.4811299741268158,0.9924723505973816,0.7672418355941772,0.029172038659453392,0.02201598696410656,0.4811299741268158,0.9924723505973816,0.7672418355941772,0.029172038659453392,0.02201598696410656,0.4811299741268158,0.9924723505973816,0.7672418355941772
ai_044_001_cam_00_frame.0046,test,ai_044_001,46,0.017399867996573448,0.015538663603365421,0.5995493531227112,0.993021547794342,0.8008842468261719,0.017399867996573448,0.015538663603365421,0.5995493531227112,0.993021547794342,0.8008842468261719,0.017399867996573448,0.015538663603365421,0.5995493531227112,0.993021547794342,0.8008842468261719,0.017399867996573448,0.015538663603365421,0.5995493531227112,0.993021547794342,0.8008842468261719
ai_044_001_cam_00_frame.0052,test,ai_044_001,52,0.017217887565493584,0.015427120961248875,0.5571368336677551,0.9899545907974243,0.7688734531402588,0.017217887565493584,0.015427120961248875,0.5571368336677551,0.9899545907974243,0.7688734531402588,0.017217887565493584,0.015427120961248875,0.5571368336677551,0.9899545907974243,0.7688734531402588,0.017217887565493584,0.015427120961248875,0.5571368336677551,0.9899545907974243,0.7688734531402588
ai_044_001_cam_00_frame.0059,test,ai_044_001,59,0.023460259661078453,0.02100338041782379,0.5845723152160645,0.9884287118911743,0.740170419216156,0.023460259661078453,0.02100338041782379,0.5845723152160645,0.9884287118911743,0.740170419216156,0.023460259661078453,0.02100338041782379,0.5845723152160645,0.9884287118911743,0.740170419216156,0.023460259661078453,0.02100338041782379,0.5845723152160645,0.9884287118911743,0.740170419216156
ai_044_001_cam_00_frame.0065,test,ai_044_001,65,0.02661328762769699,0.02300058677792549,0.35480427742004395,0.9886423349380493,0.8041467070579529,0.02661328762769699,0.02300058677792549,0.35480427742004395,0.9886423349380493,0.8041467070579529,0.02661328762769699,0.02300058677792549,0.35480427742004395,0.9886423349380493,0.8041467070579529,0.02661328762769699,0.02300058677792549,0.35480427742004395,0.9886423349380493,0.8041467070579529
ai_044_001_cam_00_frame.0072,test,ai_044_001,72,0.032120876014232635,0.02874777838587761,0.25604888796806335,0.9896087646484375,0.7174677848815918,0.032120876014232635,0.02874777838587761,0.25604888796806335,0.9896087646484375,0.7174677848815918,0.032120876014232635,0.02874777838587761,0.25604888796806335,0.9896087646484375,0.7174677848815918,0.032120876014232635,0.02874777838587761,0.25604888796806335,0.9896087646484375,0.7174677848815918
ai_044_001_cam_00_frame.0078,test,ai_044_001,78,0.01663854345679283,0.014611825346946716,0.53009033203125,0.992584228515625,0.7801819443702698,0.01663854345679283,0.014611825346946716,0.53009033203125,0.992584228515625,0.7801819443702698,0.01663854345679283,0.014611825346946716,0.53009033203125,0.992584228515625,0.7801819443702698,0.01663854345679283,0.014611825346946716,0.53009033203125,0.992584228515625,0.7801819443702698
ai_044_001_cam_00_frame.0085,test,ai_044_001,85,0.030660903081297874,0.027687279507517815,0.0981852263212204,0.9980723261833191,0.9262452721595764,0.030660903081297874,0.027687279507517815,0.0981852263212204,0.9980723261833191,0.9262452721595764,0.030660903081297874,0.027687279507517815,0.0981852263212204,0.9980723261833191,0.9262452721595764,0.030660903081297874,0.027687279507517815,0.0981852263212204,0.9980723261833191,0.9262452721595764
ai_044_001_cam_00_frame.0091,test,ai_044_001,91,0.026017755270004272,0.02362320013344288,0.3723112642765045,0.9876810312271118,0.7799590826034546,0.026017755270004272,0.02362320013344288,0.3723112642765045,0.9876810312271118,0.7799590826034546,0.026017755270004272,0.02362320013344288,0.3723112642765045,0.9876810312271118,0.7799590826034546,0.026017755270004272,0.02362320013344288,0.3723112642765045,0.9876810312271118,0.7799590826034546
ai_044_001_cam_00_frame.0099,test,ai_044_001,99,0.021193543449044228,0.01657772809267044,0.5226163864135742,0.9984028339385986,0.7245168089866638,0.021193543449044228,0.01657772809267044,0.5226163864135742,0.9984028339385986,0.7245168089866638,0.021193543449044228,0.01657772809267044,0.5226163864135742,0.9984028339385986,0.7245168089866638,0.021193543449044228,0.01657772809267044,0.5226163864135742,0.9984028339385986,0.7245168089866638
ai_046_001_cam_00_frame.0000,test,ai_046_001,0,0.06102646887302399,0.05664410442113876,0.2293141782283783,0.95989990234375,0.8155784010887146,0.06102646887302399,0.05664410442113876,0.2293141782283783,0.95989990234375,0.8155784010887146,0.06102646887302399,0.05664410442113876,0.2293141782283783,0.95989990234375,0.8155784010887146,0.06102646887302399,0.05664410442113876,0.2293141782283783,0.95989990234375,0.8155784010887146
ai_046_001_cam_00_frame.0007,test,ai_046_001,7,0.04357602447271347,0.03992056846618652,0.4782155454158783,0.9664052724838257,0.8405195474624634,0.04357602447271347,0.03992056846618652,0.4782155454158783,0.9664052724838257,0.8405195474624634,0.04357602447271347,0.03992056846618652,0.4782155454158783,0.9664052724838257,0.8405195474624634,0.04357602447271347,0.03992056846618652,0.4782155454158783,0.9664052724838257,0.8405195474624634
ai_046_001_cam_00_frame.0013,test,ai_046_001,13,0.0757787823677063,0.06826501339673996,0.3951924741268158,0.9071502685546875,0.8536716103553772,0.0757787823677063,0.06826501339673996,0.3951924741268158,0.9071502685546875,0.8536716103553772,0.0757787823677063,0.06826501339673996,0.3951924741268158,0.9071502685546875,0.8536716103553772,0.0757787823677063,0.06826501339673996,0.3951924741268158,0.9071502685546875,0.8536716103553772
ai_046_001_cam_00_frame.0020,test,ai_046_001,20,0.10621922463178635,0.09745317697525024,0.2230733335018158,0.9034067988395691,0.6699569821357727,0.10621922463178635,0.09745317697525024,0.2230733335018158,0.9034067988395691,0.6699569821357727,0.10621922463178635,0.09745317697525024,0.2230733335018158,0.9034067988395691,0.6699569821357727,0.10621922463178635,0.09745317697525024,0.2230733335018158,0.9034067988395691,0.6699569821357727
ai_046_001_cam_00_frame.0026,test,ai_046_001,26,0.02237572893500328,0.019715441390872,0.493988037109375,0.9939321279525757,0.8325601816177368,0.02237572893500328,0.019715441390872,0.493988037109375,0.9939321279525757,0.8325601816177368,0.02237572893500328,0.019715441390872,0.493988037109375,0.9939321279525757,0.8325601816177368,0.02237572893500328,0.019715441390872,0.493988037109375,0.9939321279525757,0.8325601816177368
ai_046_001_cam_00_frame.0033,test,ai_046_001,33,0.018804626539349556,0.016568131744861603,0.576873779296875,0.9946848750114441,0.856513261795044,0.018804626539349556,0.016568131744861603,0.576873779296875,0.9946848750114441,0.856513261795044,0.018804626539349556,0.016568131744861603,0.576873779296875,0.9946848750114441,0.856513261795044,0.018804626539349556,0.016568131744861603,0.576873779296875,0.9946848750114441,0.856513261795044
ai_046_001_cam_00_frame.0040,test,ai_046_001,40,0.04404006525874138,0.03366456553339958,0.19390869140625,0.9944712519645691,0.8602727651596069,0.04404006525874138,0.03366456553339958,0.19390869140625,0.9944712519645691,0.8602727651596069,0.04404006525874138,0.03366456553339958,0.19390869140625,0.9944712519645691,0.8602727651596069,0.04404006525874138,0.03366456553339958,0.19390869140625,0.9944712519645691,0.8602727651596069
ai_046_001_cam_00_frame.0046,test,ai_046_001,46,0.020476674661040306,0.018149927258491516,0.6379038691520691,0.9840545654296875,0.8512927293777466,0.020476674661040306,0.018149927258491516,0.6379038691520691,0.9840545654296875,0.8512927293777466,0.020476674661040306,0.018149927258491516,0.6379038691520691,0.9840545654296875,0.8512927293777466,0.020476674661040306,0.018149927258491516,0.6379038691520691,0.9840545654296875,0.8512927293777466
ai_046_001_cam_00_frame.0053,test,ai_046_001,53,0.09854980558156967,0.08929942548274994,0.33544921875,0.894439697265625,0.8258665800094604,0.09854980558156967,0.08929942548274994,0.33544921875,0.894439697265625,0.8258665800094604,0.09854980558156967,0.08929942548274994,0.33544921875,0.894439697265625,0.8258665800094604,0.09854980558156967,0.08929942548274994,0.33544921875,0.894439697265625,0.8258665800094604
ai_046_001_cam_00_frame.0059,test,ai_046_001,59,0.06061742454767227,0.05428703874349594,0.3773651123046875,0.9407247304916382,0.8038356304168701,0.06061742454767227,0.05428703874349594,0.3773651123046875,0.9407247304916382,0.8038356304168701,0.06061742454767227,0.05428703874349594,0.3773651123046875,0.9407247304916382,0.8038356304168701,0.06061742454767227,0.05428703874349594,0.3773651123046875,0.9407247304916382,0.8038356304168701
ai_046_001_cam_00_frame.0066,test,ai_046_001,66,0.05003462731838226,0.04744993895292282,0.2265218198299408,0.968902587890625,0.7531583905220032,0.05003462731838226,0.04744993895292282,0.2265218198299408,0.968902587890625,0.7531583905220032,0.05003462731838226,0.04744993895292282,0.2265218198299408,0.968902587890625,0.7531583905220032,0.05003462731838226,0.04744993895292282,0.2265218198299408,0.968902587890625,0.7531583905220032
ai_046_001_cam_00_frame.0073,test,ai_046_001,73,0.04851143807172775,0.04512396082282066,0.2402598112821579,0.9624074697494507,0.7174776196479797,0.04851143807172775,0.04512396082282066,0.2402598112821579,0.9624074697494507,0.7174776196479797,0.04851143807172775,0.04512396082282066,0.2402598112821579,0.9624074697494507,0.7174776196479797,0.04851143807172775,0.04512396082282066,0.2402598112821579,0.9624074697494507,0.7174776196479797
ai_046_001_cam_00_frame.0079,test,ai_046_001,79,0.04480826109647751,0.04203798621892929,0.5842692255973816,0.9561716914176941,0.8353372812271118,0.04480826109647751,0.04203798621892929,0.5842692255973816,0.9561716914176941,0.8353372812271118,0.04480826109647751,0.04203798621892929,0.5842692255973816,0.9561716914176941,0.8353372812271118,0.04480826109647751,0.04203798621892929,0.5842692255973816,0.9561716914176941,0.8353372812271118
ai_046_001_cam_00_frame.0086,test,ai_046_001,86,0.08669877052307129,0.07963359355926514,0.3222859799861908,0.9168803095817566,0.8109155297279358,0.08669877052307129,0.07963359355926514,0.3222859799861908,0.9168803095817566,0.8109155297279358,0.08669877052307129,0.07963359355926514,0.3222859799861908,0.9168803095817566,0.8109155297279358,0.08669877052307129,0.07963359355926514,0.3222859799861908,0.9168803095817566,0.8109155297279358
ai_046_001_cam_00_frame.0092,test,ai_046_001,92,0.02402755431830883,0.02215535007417202,0.53607177734375,0.9871368408203125,0.8536927103996277,0.02402755431830883,0.02215535007417202,0.53607177734375,0.9871368408203125,0.8536927103996277,0.02402755431830883,0.02215535007417202,0.53607177734375,0.9871368408203125,0.8536927103996277,0.02402755431830883,0.02215535007417202,0.53607177734375,0.9871368408203125,0.8536927103996277
ai_046_001_cam_00_frame.0099,test,ai_046_001,99,0.03284108266234398,0.028333401307463646,0.64593505859375,0.9769134521484375,0.8788189888000488,0.03284108266234398,0.028333401307463646,0.64593505859375,0.9769134521484375,0.8788189888000488,0.03284108266234398,0.028333401307463646,0.64593505859375,0.9769134521484375,0.8788189888000488,0.03284108266234398,0.028333401307463646,0.64593505859375,0.9769134521484375,0.8788189888000488
ai_048_001_cam_00_frame.0000,test,ai_048_001,0,0.04869082197546959,0.04325571656227112,0.2702128291130066,0.9816335439682007,0.8681785464286804,0.04869082197546959,0.04325571656227112,0.2702128291130066,0.9816335439682007,0.8681785464286804,0.04869082197546959,0.04325571656227112,0.2702128291130066,0.9816335439682007,0.8681785464286804,0.04869082197546959,0.04325571656227112,0.2702128291130066,0.9816335439682007,0.8681785464286804
ai_048_001_cam_00_frame.0007,test,ai_048_001,7,0.04115406796336174,0.033523738384246826,0.3123677670955658,0.9888916015625,0.8490210771560669,0.04115406796336174,0.033523738384246826,0.3123677670955658,0.9888916015625,0.8490210771560669,0.04115406796336174,0.033523738384246826,0.3123677670955658,0.9888916015625,0.8490210771560669,0.04115406796336174,0.033523738384246826,0.3123677670955658,0.9888916015625,0.8490210771560669
ai_048_001_cam_00_frame.0013,test,ai_048_001,13,0.046194612979888916,0.04033353179693222,0.2420857846736908,0.9848226308822632,0.8131662607192993,0.046194612979888916,0.04033353179693222,0.2420857846736908,0.9848226308822632,0.8131662607192993,0.046194612979888916,0.04033353179693222,0.2420857846736908,0.9848226308822632,0.8131662607192993,0.046194612979888916,0.04033353179693222,0.2420857846736908,0.9848226308822632,0.8131662607192993
ai_048_001_cam_00_frame.0020,test,ai_048_001,20,0.03555680438876152,0.028849206864833832,0.4473978877067566,0.9819590449333191,0.8411831855773926,0.03555680438876152,0.028849206864833832,0.4473978877067566,0.9819590449333191,0.8411831855773926,0.03555680438876152,0.028849206864833832,0.4473978877067566,0.9819590449333191,0.8411831855773926,0.03555680438876152,0.028849206864833832,0.4473978877067566,0.9819590449333191,0.8411831855773926
ai_048_001_cam_00_frame.0026,test,ai_048_001,26,0.04270549118518829,0.03832711651921272,0.2549998164176941,0.9929606318473816,0.8547255992889404,0.04270549118518829,0.03832711651921272,0.2549998164176941,0.9929606318473816,0.8547255992889404,0.04270549118518829,0.03832711651921272,0.2549998164176941,0.9929606318473816,0.8547255992889404,0.04270549118518829,0.03832711651921272,0.2549998164176941,0.9929606318473816,0.8547255992889404
ai_048_001_cam_00_frame.0033,test,ai_048_001,33,0.05261833965778351,0.050796981900930405,0.172393798828125,0.9809367060661316,0.8734118938446045,0.05261833965778351,0.050796981900930405,0.172393798828125,0.9809367060661316,0.8734118938446045,0.05261833965778351,0.050796981900930405,0.172393798828125,0.9809367060661316,0.8734118938446045,0.05261833965778351,0.050796981900930405,0.172393798828125,0.9809367060661316,0.8734118938446045
ai_048_001_cam_00_frame.0040,test,ai_048_001,40,0.03611789643764496,0.030759580433368683,0.3677622675895691,0.9873911738395691,0.8222671151161194,0.03611789643764496,0.030759580433368683,0.3677622675895691,0.9873911738395691,0.8222671151161194,0.03611789643764496,0.030759580433368683,0.3677622675895691,0.9873911738395691,0.8222671151161194,0.03611789643764496,0.030759580433368683,0.3677622675895691,0.9873911738395691,0.8222671151161194
ai_048_001_cam_00_frame.0046,test,ai_048_001,46,0.0582224503159523,0.05359141528606415,0.1551157683134079,0.9838511347770691,0.8382840752601624,0.0582224503159523,0.05359141528606415,0.1551157683134079,0.9838511347770691,0.8382840752601624,0.0582224503159523,0.05359141528606415,0.1551157683134079,0.9838511347770691,0.8382840752601624,0.0582224503159523,0.05359141528606415,0.1551157683134079,0.9838511347770691,0.8382840752601624
ai_048_001_cam_00_frame.0053,test,ai_048_001,53,0.06832144409418106,0.06051027029752731,0.1139475554227829,0.9601389765739441,0.8701923489570618,0.06832144409418106,0.06051027029752731,0.1139475554227829,0.9601389765739441,0.8701923489570618,0.06832144409418106,0.06051027029752731,0.1139475554227829,0.9601389765739441,0.8701923489570618,0.06832144409418106,0.06051027029752731,0.1139475554227829,0.9601389765739441,0.8701923489570618
ai_048_001_cam_00_frame.0059,test,ai_048_001,59,0.04543520510196686,0.03792274743318558,0.3627578020095825,0.9828132390975952,0.838758111000061,0.04543520510196686,0.03792274743318558,0.3627578020095825,0.9828132390975952,0.838758111000061,0.04543520510196686,0.03792274743318558,0.3627578020095825,0.9828132390975952,0.838758111000061,0.04543520510196686,0.03792274743318558,0.3627578020095825,0.9828132390975952,0.838758111000061
ai_048_001_cam_00_frame.0066,test,ai_048_001,66,0.06974861770868301,0.060258474200963974,0.24503198266029358,0.9208523035049438,0.8034211993217468,0.06974861770868301,0.060258474200963974,0.24503198266029358,0.9208523035049438,0.8034211993217468,0.06974861770868301,0.060258474200963974,0.24503198266029358,0.9208523035049438,0.8034211993217468,0.06974861770868301,0.060258474200963974,0.24503198266029358,0.9208523035049438,0.8034211993217468
ai_048_001_cam_00_frame.0073,test,ai_048_001,73,0.0940362960100174,0.07040566205978394,0.1851755827665329,0.9271087646484375,0.8363067507743835,0.0940362960100174,0.07040566205978394,0.1851755827665329,0.9271087646484375,0.8363067507743835,0.0940362960100174,0.07040566205978394,0.1851755827665329,0.9271087646484375,0.8363067507743835,0.0940362960100174,0.07040566205978394,0.1851755827665329,0.9271087646484375,0.8363067507743835
ai_048_001_cam_00_frame.0079,test,ai_048_001,79,0.04987918585538864,0.04321042820811272,0.1344808042049408,0.9866485595703125,0.8308901786804199,0.04987918585538864,0.04321042820811272,0.1344808042049408,0.9866485595703125,0.8308901786804199,0.04987918585538864,0.04321042820811272,0.1344808042049408,0.9866485595703125,0.8308901786804199,0.04987918585538864,0.04321042820811272,0.1344808042049408,0.9866485595703125,0.8308901786804199
ai_048_001_cam_00_frame.0086,test,ai_048_001,86,0.03716057166457176,0.03260178491473198,0.219329833984375,0.993133544921875,0.7755320072174072,0.03716057166457176,0.03260178491473198,0.219329833984375,0.993133544921875,0.7755320072174072,0.03716057166457176,0.03260178491473198,0.219329833984375,0.993133544921875,0.7755320072174072,0.03716057166457176,0.03260178491473198,0.219329833984375,0.993133544921875,0.7755320072174072
ai_048_001_cam_00_frame.0092,test,ai_048_001,92,0.04205977916717529,0.03372243046760559,0.1483408659696579,0.9991048574447632,0.862729012966156,0.04205977916717529,0.03372243046760559,0.1483408659696579,0.9991048574447632,0.862729012966156,0.04205977916717529,0.03372243046760559,0.1483408659696579,0.9991048574447632,0.862729012966156,0.04205977916717529,0.03372243046760559,0.1483408659696579,0.9991048574447632,0.862729012966156
ai_048_001_cam_00_frame.0099,test,ai_048_001,99,0.0659351646900177,0.06236947700381279,0.2060801237821579,0.973052978515625,0.8580850958824158,0.0659351646900177,0.06236947700381279,0.2060801237821579,0.973052978515625,0.8580850958824158,0.0659351646900177,0.06236947700381279,0.2060801237821579,0.973052978515625,0.8580850958824158,0.0659351646900177,0.06236947700381279,0.2060801237821579,0.973052978515625,0.8580850958824158
ai_052_001_cam_00_frame.0000,test,ai_052_001,0,0.039458803832530975,0.03609108924865723,0.1981353759765625,0.9858856201171875,0.8061373829841614,0.039458803832530975,0.03609108924865723,0.1981353759765625,0.9858856201171875,0.8061373829841614,0.039458803832530975,0.03609108924865723,0.1981353759765625,0.9858856201171875,0.8061373829841614,0.039458803832530975,0.03609108924865723,0.1981353759765625,0.9858856201171875,0.8061373829841614
ai_052_001_cam_00_frame.0007,test,ai_052_001,7,0.03724489361047745,0.03308863192796707,0.2820281982421875,0.9853872060775757,0.8274464011192322,0.03724489361047745,0.03308863192796707,0.2820281982421875,0.9853872060775757,0.8274464011192322,0.03724489361047745,0.03308863192796707,0.2820281982421875,0.9853872060775757,0.8274464011192322,0.03724489361047745,0.03308863192796707,0.2820281982421875,0.9853872060775757,0.8274464011192322
ai_052_001_cam_00_frame.0013,test,ai_052_001,13,0.04110773652791977,0.036191489547491074,0.2321624755859375,0.985260009765625,0.8153082728385925,0.04110773652791977,0.036191489547491074,0.2321624755859375,0.985260009765625,0.8153082728385925,0.04110773652791977,0.036191489547491074,0.2321624755859375,0.985260009765625,0.8153082728385925,0.04110773652791977,0.036191489547491074,0.2321624755859375,0.985260009765625,0.8153082728385925
ai_052_001_cam_00_frame.0020,test,ai_052_001,20,0.029069246724247932,0.02655203826725483,0.31719064712524414,0.990971565246582,0.8180677890777588,0.029069246724247932,0.02655203826725483,0.31719064712524414,0.990971565246582,0.8180677890777588,0.029069246724247932,0.02655203826725483,0.31719064712524414,0.990971565246582,0.8180677890777588,0.029069246724247932,0.02655203826725483,0.31719064712524414,0.990971565246582,0.8180677890777588
ai_052_001_cam_00_frame.0026,test,ai_052_001,26,0.03584222123026848,0.02824496477842331,0.25504568219184875,0.9889422059059143,0.861512303352356,0.03584222123026848,0.02824496477842331,0.25504568219184875,0.9889422059059143,0.861512303352356,0.03584222123026848,0.02824496477842331,0.25504568219184875,0.9889422059059143,0.861512303352356,0.03584222123026848,0.02824496477842331,0.25504568219184875,0.9889422059059143,0.861512303352356
ai_052_001_cam_00_frame.0033,test,ai_052_001,33,0.08722920715808868,0.06526096910238266,0.3113810420036316,0.955657958984375,0.7684997916221619,0.08722920715808868,0.06526096910238266,0.3113810420036316,0.955657958984375,0.7684997916221619,0.08722920715808868,0.06526096910238266,0.3113810420036316,0.955657958984375,0.7684997916221619,0.08722920715808868,0.06526096910238266,0.3113810420036316,0.955657958984375,0.7684997916221619
ai_052_001_cam_00_frame.0040,test,ai_052_001,40,0.030195973813533783,0.024280797690153122,0.282135009765625,0.992523193359375,0.913473904132843,0.030195973813533783,0.024280797690153122,0.282135009765625,0.992523193359375,0.913473904132843,0.030195973813533783,0.024280797690153122,0.282135009765625,0.992523193359375,0.913473904132843,0.030195973813533783,0.024280797690153122,0.282135009765625,0.992523193359375,0.913473904132843
ai_052_001_cam_00_frame.0046,test,ai_052_001,46,0.0316275916993618,0.029262814670801163,0.2434743344783783,0.9893850088119507,0.8691236972808838,0.0316275916993618,0.029262814670801163,0.2434743344783783,0.9893850088119507,0.8691236972808838,0.0316275916993618,0.029262814670801163,0.2434743344783783,0.9893850088119507,0.8691236972808838,0.0316275916993618,0.029262814670801163,0.2434743344783783,0.9893850088119507,0.8691236972808838
ai_052_001_cam_00_frame.0053,test,ai_052_001,53,0.045739300549030304,0.04126443713903427,0.2077585905790329,0.9799296259880066,0.8334680795669556,0.045739300549030304,0.04126443713903427,0.2077585905790329,0.9799296259880066,0.8334680795669556,0.045739300549030304,0.04126443713903427,0.2077585905790329,0.9799296259880066,0.8334680795669556,0.045739300549030304,0.04126443713903427,0.2077585905790329,0.9799296259880066,0.8334680795669556
ai_052_001_cam_00_frame.0059,test,ai_052_001,59,0.03891395032405853,0.034075431525707245,0.2203521728515625,0.9829203486442566,0.8186563849449158,0.03891395032405853,0.034075431525707245,0.2203521728515625,0.9829203486442566,0.8186563849449158,0.03891395032405853,0.034075431525707245,0.2203521728515625,0.9829203486442566,0.8186563849449158,0.03891395032405853,0.034075431525707245,0.2203521728515625,0.9829203486442566,0.8186563849449158
ai_052_001_cam_00_frame.0066,test,ai_052_001,66,0.03092784248292446,0.028216151520609856,0.3222402036190033,0.9890493154525757,0.8187119364738464,0.03092784248292446,0.028216151520609856,0.3222402036190033,0.9890493154525757,0.8187119364738464,0.03092784248292446,0.028216151520609856,0.3222402036190033,0.9890493154525757,0.8187119364738464,0.03092784248292446,0.028216151520609856,0.3222402036190033,0.9890493154525757,0.8187119364738464
ai_052_001_cam_00_frame.0073,test,ai_052_001,73,0.04727404937148094,0.040021494030952454,0.1800689697265625,0.9874166250228882,0.8050352931022644,0.04727404937148094,0.040021494030952454,0.1800689697265625,0.9874166250228882,0.8050352931022644,0.04727404937148094,0.040021494030952454,0.1800689697265625,0.9874166250228882,0.8050352931022644,0.04727404937148094,0.040021494030952454,0.1800689697265625,0.9874166250228882,0.8050352931022644
ai_052_001_cam_00_frame.0079,test,ai_052_001,79,0.045987337827682495,0.037756022065877914,0.2078908383846283,0.9860484004020691,0.8247361779212952,0.045987337827682495,0.037756022065877914,0.2078908383846283,0.9860484004020691,0.8247361779212952,0.045987337827682495,0.037756022065877914,0.2078908383846283,0.9860484004020691,0.8247361779212952,0.045987337827682495,0.037756022065877914,0.2078908383846283,0.9860484004020691,0.8247361779212952
ai_052_001_cam_00_frame.0086,test,ai_052_001,86,0.03896605595946312,0.034805119037628174,0.2399074286222458,0.9891456961631775,0.8464850783348083,0.03896605595946312,0.034805119037628174,0.2399074286222458,0.9891456961631775,0.8464850783348083,0.03896605595946312,0.034805119037628174,0.2399074286222458,0.9891456961631775,0.8464850783348083,0.03896605595946312,0.034805119037628174,0.2399074286222458,0.9891456961631775,0.8464850783348083
ai_052_001_cam_00_frame.0092,test,ai_052_001,92,0.047388069331645966,0.04202839732170105,0.1595865935087204,0.9819082021713257,0.8100734353065491,0.047388069331645966,0.04202839732170105,0.1595865935087204,0.9819082021713257,0.8100734353065491,0.047388069331645966,0.04202839732170105,0.1595865935087204,0.9819082021713257,0.8100734353065491,0.047388069331645966,0.04202839732170105,0.1595865935087204,0.9819082021713257,0.8100734353065491
ai_052_001_cam_00_frame.0099,test,ai_052_001,99,0.037021197378635406,0.03356737270951271,0.2541351318359375,0.9863433837890625,0.8193149566650391,0.037021197378635406,0.03356737270951271,0.2541351318359375,0.9863433837890625,0.8193149566650391,0.037021197378635406,0.03356737270951271,0.2541351318359375,0.9863433837890625,0.8193149566650391,0.037021197378635406,0.03356737270951271,0.2541351318359375,0.9863433837890625,0.8193149566650391
