id,split,scene,frame,k0_point_rel,k0_depth_rel,k0_depth_delta_1.01,k0_depth_delta_1.25,k0_alignment_scale,k0_alignment_z_shift,k0_boundary_f1,k1_point_rel,k1_depth_rel,k1_depth_delta_1.01,k1_depth_delta_1.25,k1_alignment_scale,k1_alignment_z_shift,k1_boundary_f1,k3_point_rel,k3_depth_rel,k3_depth_delta_1.01,k3_depth_delta_1.25,k3_alignment_scale,k3_alignment_z_shift,k3_boundary_f1,k5_point_rel,k5_depth_rel,k5_depth_delta_1.01,k5_depth_delta_1.25,k5_alignment_scale,k5_alignment_z_shift,k5_boundary_f1,k0_crop_point_rel,k0_crop_depth_rel,k0_crop_depth_delta_1.01,k0_crop_depth_delta_1.25,k0_crop_boundary_f1,k0_structure_point_rel,k0_structure_depth_rel,k0_structure_depth_delta_1.01,k0_structure_depth_delta_1.25,k0_structure_boundary_f1,k1_crop_point_rel,k1_crop_depth_rel,k1_crop_depth_delta_1.01,k1_crop_depth_delta_1.25,k1_crop_boundary_f1,k1_structure_point_rel,k1_structure_depth_rel,k1_structure_depth_delta_1.01,k1_structure_depth_delta_1.25,k1_structure_boundary_f1,k3_crop_point_rel,k3_crop_depth_rel,k3_crop_depth_delta_1.01,k3_crop_depth_delta_1.25,k3_crop_boundary_f1,k3_structure_point_rel,k3_structure_depth_rel,k3_structure_depth_delta_1.01,k3_structure_depth_delta_1.25,k3_structure_boundary_f1,k5_crop_point_rel,k5_crop_depth_rel,k5_crop_depth_delta_1.01,k5_crop_depth_delta_1.25,k5_crop_boundary_f1,k5_structure_point_rel,k5_structure_depth_rel,k5_structure_depth_delta_1.01,k5_structure_depth_delta_1.25,k5_structure_boundary_f1
ai_001_001_cam_00_frame.0000,train,ai_001_001,0,0.015143867582082748,0.013398188166320324,0.5213216543197632,0.9998626708984375,2.375182867050171,0.020506858825683594,0.8539453148841858,0.00929749384522438,0.00812947191298008,0.7614390254020691,0.9998423457145691,2.434763193130493,0.0108489990234375,0.8443946838378906,0.012201359495520592,0.01052057184278965,0.72100830078125,0.9989166259765625,2.518932580947876,0.025192737579345703,0.8218724131584167,0.020467005670070648,0.017912283539772034,0.4258626401424408,0.9933980703353882,2.602128744125366,0.03809618949890137,0.7500280141830444,,,,,,,,,,,,,,,,,,,,,,,,,,,,,,,,,,,,,,,,
ai_001_001_cam_00_frame.0014,train,ai_001_001,14,0.007504054345190525,0.006356716156005859,0.8680318593978882,0.9989522695541382,2.084052562713623,-0.01754581928253174,0.8891149163246155,0.008136022835969925,0.006781873293220997,0.8887838125228882,0.9991404414176941,2.125778913497925,-0.019428253173828125,0.8604591488838196,0.0073442826978862286,0.005815820302814245,0.9211680293083191,0.9991302490234375,2.207848310470581,-0.021035194396972656,0.8446304202079773,0.007861584424972534,0.00626119552180171,0.885467529296875,0.9990234375,2.293401002883911,-0.021903157234191895,0.856847882270813,,,,,,,,,,,,,,,,,,,,,,,,,,,,,,,,,,,,,,,,
ai_001_001_cam_00_frame.0028,train,ai_001_001,28,0.007128773257136345,0.00609563197940588,0.8666433095932007,0.9999186396598816,2.2590043544769287,0.015695571899414062,0.9221713542938232,0.005662447772920132,0.004726841114461422,0.918792724609375,0.9988505244255066,2.297464370727539,0.017732858657836914,0.9241796135902405,0.005039413925260305,0.004382968880236149,0.9484456777572632,0.9984945058822632,2.386841058731079,0.022136211395263672,0.8991754055023193,0.008762779645621777,0.007937759160995483,0.8713633418083191,0.997467041015625,2.482600450515747,0.019365549087524414,0.8593581318855286,,,,,,,,,,,,,,,,,,,,,,,,,,,,,,,,,,,,,,,,
ai_001_001_cam_00_frame.0043,train,ai_001_001,43,0.005710942670702934,0.004800293128937483,0.9289398193359375,0.9999542236328125,1.9568144083023071,0.0058858394622802734,0.9122350811958313,0.004961580038070679,0.0040681022219359875,0.9549662470817566,0.99993896484375,1.9913709163665771,0.005797624588012695,0.9153107404708862,0.004282592795789242,0.003613788401708007,0.96142578125,0.9999440908432007,2.0617053508758545,0.006790637969970703,0.8237817287445068,0.006400976330041885,0.005530997179448605,0.8897603750228882,0.9991862177848816,2.137367010116577,0.0077402591705322266,0.7616661787033081,,,,,,,,,,,,,,,,,,,,,,,,,,,,,,,,,,,,,,,,
ai_001_001_cam_00_frame.0056,train,ai_001_001,56,0.007214350625872612,0.00622177217155695,0.8363749384880066,0.9998983144760132,1.7264277935028076,0.013072729110717773,0.8851439952850342,0.004955164156854153,0.004175683483481407,0.9505462646484375,0.9999135732650757,1.7542743682861328,0.01024770736694336,0.9019374847412109,0.005087424069643021,0.004266794305294752,0.9445852041244507,0.9987996816635132,1.8207169771194458,0.011069774627685547,0.8804364204406738,0.00883565191179514,0.007669653277844191,0.8401947021484375,0.9983622431755066,1.8903945684432983,0.011963605880737305,0.8515802025794983,,,,,,,,,,,,,,,,,,,,,,,,,,,,,,,,,,,,,,,,
ai_001_001_cam_00_frame.0071,train,ai_001_001,71,0.012856538407504559,0.010379180312156677,0.63043212890625,0.9996592402458191,1.67726731300354,0.03162384033203125,0.8932819962501526,0.007231277879327536,0.005867942236363888,0.8541972041130066,0.9996490478515625,1.7207660675048828,0.019414424896240234,0.877920925617218,0.008142037317156792,0.007198909297585487,0.9126027822494507,0.9964498281478882,1.8010259866714478,0.009354591369628906,0.819327175617218,0.018146581947803497,0.015782013535499573,0.4828338623046875,0.9907684326171875,1.8914570808410645,-0.012918591499328613,0.7837424874305725,,,,,,,,,,,,,,,,,,,,,,,,,,,,,,,,,,,,,,,,
ai_001_001_cam_00_frame.0085,train,ai_001_001,85,0.009475240483880043,0.008315414190292358,0.8034108877182007,0.9995371699333191,2.1834757328033447,0.015693187713623047,0.9118930697441101,0.005730804055929184,0.004954934120178223,0.9044393301010132,0.9994303584098816,2.21703839302063,0.01767563819885254,0.9151711463928223,0.007043134421110153,0.006132002919912338,0.9112294912338257,0.9947561025619507,2.2910706996917725,0.017377138137817383,0.8385428190231323,0.010292901657521725,0.009086744859814644,0.8378804922103882,0.9935455322265625,2.374424695968628,0.015706300735473633,0.81389981508255,,,,,,,,,,,,,,,,,,,,,,,,,,,,,,,,,,,,,,,,
ai_001_001_cam_00_frame.0099,train,ai_001_001,99,0.020020918920636177,0.015412375330924988,0.6312001943588257,0.9931742548942566,2.2747349739074707,-0.08388185501098633,0.9309347867965698,0.014563295058906078,0.010040190070867538,0.8547109365463257,0.9967295527458191,2.3115227222442627,-0.07738423347473145,0.9378932118415833,0.011311991140246391,0.0092098917812109,0.823760986328125,0.9966888427734375,2.3654849529266357,-0.03248786926269531,0.9092086553573608,0.014775708317756653,0.012820316478610039,0.681427001953125,0.9933522939682007,2.447366237640381,-0.024115562438964844,0.8993952870368958,,,,,,,,,,,,,,,,,,,,,,,,,,,,,,,,,,,,,,,,
ai_018_003_cam_00_frame.0000,train,ai_018_003,0,0.018509577959775925,0.016101842746138573,0.41455078125,0.9954122304916382,3.4547247886657715,-0.011181354522705078,0.893461287021637,0.013048115186393261,0.011314896866679192,0.7074839472770691,0.99542236328125,3.510324001312256,0.008535385131835938,0.8927373290061951,0.013352151028811932,0.011408163234591484,0.7531789541244507,0.994537353515625,3.6345808506011963,0.02647113800048828,0.8872153759002686,0.018528703600168228,0.01588592305779457,0.6404215693473816,0.9889678955078125,3.7697670459747314,0.04599452018737793,0.882794201374054,,,,,,,,,,,,,,,,,,,,,,,,,,,,,,,,,,,,,,,,
ai_018_003_cam_00_frame.0014,train,ai_018_003,14,0.017119091004133224,0.015187214128673077,0.5063883662223816,0.9961649775505066,3.469848155975342,0.03492450714111328,0.8305282592773438,0.012483219616115093,0.011304005980491638,0.6135355830192566,0.9963633418083191,3.5512328147888184,0.017032146453857422,0.8233515024185181,0.011659986339509487,0.010497614741325378,0.8056640625,0.9919382929801941,3.6996889114379883,0.0013051033020019531,0.8063967227935791,0.014375276863574982,0.012736231088638306,0.751007080078125,0.9886932373046875,3.853165626525879,-0.01355886459350586,0.7734056115150452,,,,,,,,,,,,,,,,,,,,,,,,,,,,,,,,,,,,,,,,
ai_018_003_cam_00_frame.0028,train,ai_018_003,28,0.036864541471004486,0.03402578830718994,0.5022074580192566,0.9822540283203125,3.3781824111938477,-0.023288726806640625,0.7206331491470337,0.027532335370779037,0.025231145322322845,0.6307169795036316,0.9835917353630066,3.4392733573913574,-0.022028684616088867,0.7139571905136108,0.019928282126784325,0.017425015568733215,0.7259063720703125,0.9876149892807007,3.5554299354553223,-0.018709421157836914,0.7020980715751648,0.022106260061264038,0.01918802037835121,0.5682017207145691,0.9940389394760132,3.685940980911255,-0.02700519561767578,0.7017983794212341,,,,,,,,,,,,,,,,,,,,,,,,,,,,,,,,,,,,,,,,
ai_018_003_cam_00_frame.0042,train,ai_018_003,42,0.01677393540740013,0.01477842591702938,0.6775665283203125,0.9941558837890625,2.8642423152923584,0.019836068153381348,0.9236889481544495,0.012068340554833412,0.010373620316386223,0.7685292959213257,0.9966329336166382,2.9052343368530273,0.023611068725585938,0.9196643233299255,0.009614542126655579,0.007817503996193409,0.882080078125,0.9963480830192566,2.9956045150756836,0.0353773832321167,0.9060347676277161,0.017829328775405884,0.014526399783790112,0.7006072998046875,0.9957427978515625,3.0531704425811768,0.08305931091308594,0.8864127993583679,,,,,,,,,,,,,,,,,,,,,,,,,,,,,,,,,,,,,,,,
ai_018_003_cam_00_frame.0057,train,ai_018_003,57,0.01861254870891571,0.017331384122371674,0.3626251220703125,0.996551513671875,4.116530418395996,-0.07853555679321289,0.937976598739624,0.013817206025123596,0.012726030312478542,0.5573984980583191,0.9965566396713257,4.204694747924805,-0.07782840728759766,0.9378846883773804,0.012580583803355694,0.010740215890109539,0.7344920039176941,0.9963124990463257,4.377981662750244,-0.08957576751708984,0.9242799878120422,0.017155997455120087,0.014759717509150505,0.6310068964958191,0.9929046630859375,4.548307418823242,-0.09766411781311035,0.9121780395507812,,,,,,,,,,,,,,,,,,,,,,,,,,,,,,,,,,,,,,,,
ai_018_003_cam_00_frame.0071,train,ai_018_003,71,0.013492252677679062,0.011931265704333782,0.736083984375,0.9978536367416382,2.9216647148132324,0.014296650886535645,0.9571012258529663,0.008829079568386078,0.007637903094291687,0.8054301142692566,0.9979095458984375,2.9918432235717773,0.011221885681152344,0.9539574980735779,0.009749442338943481,0.007971109822392464,0.9011739492416382,0.9979960322380066,3.1308929920196533,0.0024394989013671875,0.9437320232391357,0.017880087718367577,0.015172870829701424,0.7291158437728882,0.9888255000114441,3.281569480895996,-0.0007290840148925781,0.9240165948867798,,,,,,,,,,,,,,,,,,,,,,,,,,,,,,,,,,,,,,,,
ai_018_003_cam_00_frame.0085,train,ai_018_003,85,0.025625472888350487,0.021179554983973503,0.2892507016658783,0.996185302734375,3.466593027114868,-0.052384376525878906,0.8337841033935547,0.015175878070294857,0.012721387669444084,0.5236460566520691,0.9961039423942566,3.5105137825012207,-0.018851757049560547,0.8380327820777893,0.01221011858433485,0.009692064486443996,0.7715861201286316,0.9961344599723816,3.615507125854492,0.03113079071044922,0.836222767829895,0.01928788796067238,0.01500221248716116,0.6288706660270691,0.9889984130859375,3.728933095932007,0.06010246276855469,0.8143629431724548,,,,,,,,,,,,,,,,,,,,,,,,,,,,,,,,,,,,,,,,
ai_018_003_cam_00_frame.0099,train,ai_018_003,99,0.015336970798671246,0.014279790222644806,0.5853933095932007,0.9979909658432007,3.6468634605407715,0.026572227478027344,0.9428582787513733,0.00980858039110899,0.008914142847061157,0.7681071162223816,0.997955322265625,3.7252421379089355,0.018595218658447266,0.9472665190696716,0.00979978684335947,0.008320435881614685,0.8633931875228882,0.9947408437728882,3.872321367263794,0.012616276741027832,0.9325329661369324,0.014738721773028374,0.01256819348782301,0.69146728515625,0.9946543574333191,4.026703357696533,0.006581306457519531,0.9007290601730347,,,,,,,,,,,,,,,,,,,,,,,,,,,,,,,,,,,,,,,,
ai_036_002_cam_00_frame.0000,train,ai_036_002,0,0.058839164674282074,0.049507446587085724,0.355743408203125,0.9641164541244507,3.6718125343322754,-0.30270081758499146,0.8831793069839478,0.048370759934186935,0.039865002036094666,0.4467926025390625,0.9708201289176941,3.7174220085144043,-0.2922792434692383,0.8831891417503357,0.03708949685096741,0.029607858508825302,0.6288808584213257,0.9738515615463257,3.798940420150757,-0.23853778839111328,0.8822463750839233,0.03578194975852966,0.028780905529856682,0.5341237783432007,0.9733632802963257,3.854386806488037,-0.14449787139892578,0.8757843971252441,,,,,,,,,,,,,,,,,,,,,,,,,,,,,,,,,,,,,,,,
ai_036_002_cam_00_frame.0014,train,ai_036_002,14,0.09203576296567917,0.07655372470617294,0.22357177734375,0.9490509033203125,3.827192783355713,-0.5733752250671387,0.8712195158004761,0.07286854833364487,0.05507686734199524,0.4355061948299408,0.9493204951286316,3.9329490661621094,-0.7012662887573242,0.8665722608566284,0.05216357856988907,0.034513067454099655,0.5776265859603882,0.9760793447494507,4.025365829467773,-0.5900669097900391,0.8133779168128967,0.049464087933301926,0.034679289907217026,0.5399526357650757,0.9721425771713257,4.126260280609131,-0.4837484359741211,0.8026536107063293,,,,,,,,,,,,,,,,,,,,,,,,,,,,,,,,,,,,,,,,
ai_036_002_cam_00_frame.0028,train,ai_036_002,28,0.02416965365409851,0.02135343849658966,0.328155517578125,0.9940389394760132,3.6832077503204346,-0.13229942321777344,0.6959103345870972,0.018620291724801064,0.015280492603778839,0.509765625,0.9942220449447632,3.7623281478881836,-0.13002586364746094,0.7107198238372803,0.017980264499783516,0.013300301507115364,0.6857096552848816,0.990447998046875,3.913536787033081,-0.12686777114868164,0.7245137691497803,0.022301990538835526,0.015656091272830963,0.6986083984375,0.9883067011833191,4.097354888916016,-0.15355443954467773,0.7370973229408264,,,,,,,,,,,,,,,,,,,,,,,,,,,,,,,,,,,,,,,,
ai_036_002_cam_00_frame.0042,train,ai_036_002,42,0.023329030722379684,0.02183046191930771,0.4489085078239441,0.9966176748275757,3.578925609588623,-0.4320363998413086,0.7858769297599792,0.0170932374894619,0.0149510707706213,0.5794423818588257,0.9972585439682007,3.651613473892212,-0.41223907470703125,0.7967467904090881,0.015887854620814323,0.011718357913196087,0.7202047109603882,0.9949849843978882,3.8060829639434814,-0.41877222061157227,0.8056418895721436,0.01986783742904663,0.013636810705065727,0.7659708857536316,0.9872792959213257,3.962050676345825,-0.4227333068847656,0.8040916323661804,,,,,,,,,,,,,,,,,,,,,,,,,,,,,,,,,,,,,,,,
ai_036_002_cam_00_frame.0057,train,ai_036_002,57,0.019986899569630623,0.013510061427950859,0.7015737295150757,0.9907379150390625,3.0880119800567627,-0.18400192260742188,0.8521386384963989,0.01598954200744629,0.009578591212630272,0.8007151484489441,0.9979349970817566,3.139470338821411,-0.18621182441711426,0.8435400724411011,0.01770790107548237,0.011082528159022331,0.7646738886833191,0.9935201406478882,3.246267318725586,-0.18728971481323242,0.7923669815063477,0.02057354897260666,0.013481108471751213,0.7093557119369507,0.9933421015739441,3.3757941722869873,-0.20370066165924072,0.7854000926017761,,,,,,,,,,,,,,,,,,,,,,,,,,,,,,,,,,,,,,,,
ai_036_002_cam_00_frame.0071,train,ai_036_002,71,0.028988361358642578,0.025746390223503113,0.3717975616455078,0.9892069101333618,3.8875787258148193,-0.32944202423095703,0.7992287278175354,0.02205359749495983,0.018427561968564987,0.5141221284866333,0.9893747568130493,3.9534459114074707,-0.32511091232299805,0.8098127841949463,0.020374566316604614,0.015247088856995106,0.7344550490379333,0.9896596074104309,4.095393657684326,-0.3249692916870117,0.8248094916343689,0.02515045367181301,0.018449557945132256,0.7462756037712097,0.9833627939224243,4.260534286499023,-0.33224964141845703,0.8301905393600464,,,,,,,,,,,,,,,,,,,,,,,,,,,,,,,,,,,,,,,,
ai_036_002_cam_00_frame.0085,train,ai_036_002,85,0.047379981726408005,0.04205835983157158,0.274566650390625,0.9853159785270691,3.5463345050811768,-0.5157289505004883,0.7641639113426208,0.036088086664676666,0.031111106276512146,0.3403218686580658,0.9907989501953125,3.6234359741210938,-0.5069289207458496,0.7619595527648926,0.022397276014089584,0.015061257407069206,0.6629689931869507,0.9914703369140625,3.740295648574829,-0.44370460510253906,0.7537274956703186,0.03622300550341606,0.02626911923289299,0.4498799741268158,0.9885762929916382,3.924818754196167,-0.46002960205078125,0.7522083520889282,,,,,,,,,,,,,,,,,,,,,,,,,,,,,,,,,,,,,,,,
ai_036_002_cam_00_frame.0099,train,ai_036_002,99,0.024931233376264572,0.019427550956606865,0.5016734004020691,0.9882456660270691,3.9357597827911377,-0.14471864700317383,0.7200011014938354,0.020220596343278885,0.014777664095163345,0.6497955322265625,0.9919332265853882,4.005515098571777,-0.13341188430786133,0.7344834208488464,0.019039765000343323,0.013706576079130173,0.6903635859489441,0.9918670654296875,4.139785289764404,-0.09457635879516602,0.7419713735580444,0.026231680065393448,0.020351063460111618,0.4739990234375,0.9915059804916382,4.28512716293335,-0.058890342712402344,0.7373924851417542,,,,,,,,,,,,,,,,,,,,,,,,,,,,,,,,,,,,,,,,
ai_019_007_cam_00_frame.0000,train,ai_019_007,0,0.1364160180091858,0.12851467728614807,0.035186767578125,0.8102773427963257,2.8161299228668213,-0.27655088901519775,0.753689706325531,0.12355735152959824,0.1132708340883255,0.0586700439453125,0.841522216796875,2.8558216094970703,-0.25010061264038086,0.7381674647331238,0.10658782720565796,0.09117653220891953,0.1643015593290329,0.8905181884765625,2.993844985961914,-0.24480271339416504,0.7095658779144287,0.10015424340963364,0.08043686300516129,0.2429656982421875,0.902923583984375,3.19844388961792,-0.297177791595459,0.6951490044593811,,,,,,,,,,,,,,,,,,,,,,,,,,,,,,,,,,,,,,,,
ai_024_008_cam_00_frame.0099,train,ai_024_008,99,0.11242666095495224,0.10640137642621994,0.0576578788459301,0.8877360224723816,11.778260231018066,0.451934814453125,0.7822511792182922,0.09977313131093979,0.09202577918767929,0.1095530241727829,0.891510009765625,12.141007423400879,0.36646366119384766,0.7999779582023621,0.08627881854772568,0.07430920004844666,0.2149302214384079,0.8957672119140625,12.76266098022461,0.27877140045166016,0.8028964400291443,0.08517231792211533,0.06928538531064987,0.2148946225643158,0.8966064453125,13.257204055786133,0.3049306869506836,0.7769498825073242,,,,,,,,,,,,,,,,,,,,,,,,,,,,,,,,,,,,,,,,
ai_019_004_cam_00_frame.0000,train,ai_019_004,0,0.07968233525753021,0.07328073680400848,0.166290283203125,0.9429931640625,2.1167428493499756,-0.027137160301208496,0.9123586416244507,0.06750345230102539,0.06246072053909302,0.2633311152458191,0.9455515742301941,2.1769347190856934,-0.04659128189086914,0.9127705693244934,0.05281733721494675,0.04876193031668663,0.4675140380859375,0.9462178945541382,2.2792837619781494,-0.04488015174865723,0.9058936834335327,0.056868210434913635,0.05255121737718582,0.3607177734375,0.9463602900505066,2.3863277435302734,-0.04924440383911133,0.897007942199707,,,,,,,,,,,,,,,,,,,,,,,,,,,,,,,,,,,,,,,,
ai_019_004_cam_00_frame.0099,train,ai_019_004,99,0.07611390948295593,0.06983792781829834,0.389923095703125,0.9313100576400757,2.5735952854156494,-0.11804723739624023,0.8447932600975037,0.06892945617437363,0.06300647556781769,0.4765065610408783,0.935272216796875,2.6223976612091064,-0.12303352355957031,0.8458878397941589,0.06590685993432999,0.05969319865107536,0.512054443359375,0.935089111328125,2.725893497467041,-0.13587522506713867,0.8414983153343201,0.07531339675188065,0.06857166439294815,0.3237813413143158,0.9338124990463257,2.8243846893310547,-0.13715791702270508,0.8337911367416382,,,,,,,,,,,,,,,,,,,,,,,,,,,,,,,,,,,,,,,,
ai_052_008_cam_01_frame.0099,train,ai_052_008,99,0.03344079852104187,0.029208913445472717,0.3493552803993225,0.9815033078193665,3.790811061859131,-0.04544639587402344,0.8599691987037659,0.02804308384656906,0.023763608187437057,0.46093058586120605,0.9835488796234131,3.8719210624694824,-0.048686981201171875,0.8600427508354187,0.023340322077274323,0.01817069575190544,0.7059565782546997,0.9842053055763245,4.028893947601318,-0.04545783996582031,0.8690297603607178,0.027356088161468506,0.02139977365732193,0.6951791644096375,0.9779159426689148,4.202814102172852,-0.054569244384765625,0.8871695399284363,,,,,,,,,,,,,,,,,,,,,,,,,,,,,,,,,,,,,,,,
ai_026_013_cam_00_frame.0000,train,ai_026_013,0,0.06168732792139053,0.04241381585597992,0.1585642546415329,0.9832204580307007,19.933698654174805,0.21746158599853516,0.8349705934524536,0.056126516312360764,0.03576171398162842,0.2331441342830658,0.9851430654525757,20.390161514282227,0.1442584991455078,0.8387925028800964,0.05182430148124695,0.03176861256361008,0.3246917724609375,0.9858652949333191,21.597965240478516,-0.37708282470703125,0.8448112607002258,0.059502046555280685,0.040502794086933136,0.1758321225643158,0.9856058955192566,22.785118103027344,-0.8059368133544922,0.848157525062561,,,,,,,,,,,,,,,,,,,,,,,,,,,,,,,,,,,,,,,,
ai_055_006_cam_00_frame.0000,train,ai_055_006,0,0.06303994357585907,0.054398320615291595,0.2217610776424408,0.9560343623161316,4.505159854888916,0.1437060832977295,0.8040070533752441,0.053862314671278,0.04714515432715416,0.3202413022518158,0.9568125605583191,4.634673118591309,0.10210990905761719,0.8043829798698425,0.04355808347463608,0.03990509733557701,0.45831298828125,0.9580332636833191,4.888291358947754,0.02672123908996582,0.7967642545700073,0.04728364944458008,0.04401133954524994,0.395660400390625,0.9573822021484375,5.117028713226318,-0.012473106384277344,0.7818039059638977,,,,,,,,,,,,,,,,,,,,,,,,,,,,,,,,,,,,,,,,
ai_054_008_cam_00_frame.0000,train,ai_054_008,0,0.07764063775539398,0.07338782399892807,0.38282233476638794,0.8844731450080872,4.805347919464111,-0.08901596069335938,0.4702131152153015,0.07010071724653244,0.06618333607912064,0.45840901136398315,0.8847326040267944,4.878645420074463,-0.08507442474365234,0.4733317792415619,0.06641633808612823,0.06273558735847473,0.5050389766693115,0.8853074908256531,5.039886951446533,-0.06694602966308594,0.4787452220916748,0.07156223058700562,0.06771934032440186,0.4027288258075714,0.8820414543151855,5.218466281890869,-0.06289434432983398,0.4724055528640747,0.09098809957504272,0.08888599276542664,0.11902240663766861,0.9242362380027771,0.7242017984390259,0.08976026624441147,0.08666519075632095,0.056264594197273254,0.9731168150901794,0.48025476932525635,0.07149931788444519,0.06981699168682098,0.1909572333097458,0.9246979355812073,0.7239204049110413,0.06118997558951378,0.058830808848142624,0.13409003615379333,0.9733883142471313,0.4785606563091278,0.06161239743232727,0.06029754504561424,0.2977868318557739,0.9254854321479797,0.7385347485542297,0.044746898114681244,0.04313453286886215,0.30999836325645447,0.9743115901947021,0.4755805432796478,0.08101872354745865,0.07951845228672028,0.17941616475582123,0.9049015641212463,0.7396083474159241,0.05871766060590744,0.05695556849241257,0.16808776557445526,0.9733883142471313,0.4671573340892792
ai_044_009_cam_00_frame.0000,train,ai_044_009,0,0.12322191894054413,0.11296834796667099,0.2105051726102829,0.8557586669921875,4.940235137939453,-0.3195352554321289,0.3729570209980011,0.11068447679281235,0.10210967063903809,0.3739217221736908,0.8557332754135132,4.992366313934326,-0.2614450454711914,0.3677515685558319,0.10272090137004852,0.09622996300458908,0.4843343198299408,0.8555247187614441,5.138770580291748,-0.1721639633178711,0.35314449667930603,0.11154278367757797,0.10451553761959076,0.2884674072265625,0.8550567626953125,5.359205722808838,-0.13361477851867676,0.35615935921669006,,,,,,,,,,,,,,,,,,,,,,,,,,,,,,,,,,,,,,,,
ai_052_010_cam_00_frame.0000,train,ai_052_010,0,0.05284745618700981,0.04598609730601311,0.1299794614315033,0.9799652099609375,3.1546919345855713,-0.10877752304077148,0.8212088942527771,0.04167720675468445,0.036707259714603424,0.1958465576171875,0.9825439453125,3.194140911102295,-0.07991242408752441,0.8201134204864502,0.028439706191420555,0.026418205350637436,0.3978932797908783,0.9821879267692566,3.286644697189331,-0.02545309066772461,0.8102102279663086,0.035331398248672485,0.032115887850522995,0.3904469907283783,0.9813995361328125,3.407006025314331,0.008956193923950195,0.8000416159629822,,,,,,,,,,,,,,,,,,,,,,,,,,,,,,,,,,,,,,,,
ai_052_004_cam_00_frame.0000,train,ai_052_004,0,0.05069960281252861,0.047073543071746826,0.4175822138786316,0.9506327509880066,5.141470909118652,0.04521322250366211,0.7644561529159546,0.046289246529340744,0.04274330660700798,0.5324859619140625,0.9537608027458191,5.24525785446167,0.04588031768798828,0.7607459425926208,0.04671994969248772,0.04247352480888367,0.5266367793083191,0.9569600820541382,5.446895122528076,0.052034854888916016,0.7487751245498657,0.053468771278858185,0.048814188688993454,0.3130289912223816,0.95587158203125,5.663745880126953,0.059543609619140625,0.7374585866928101,,,,,,,,,,,,,,,,,,,,,,,,,,,,,,,,,,,,,,,,
ai_053_018_cam_00_frame.0000,train,ai_053_018,0,0.14558686316013336,0.12154697626829147,0.051488395780324936,0.8417248725891113,4.414933204650879,-0.25956296920776367,0.9476383924484253,0.1224289983510971,0.09963099658489227,0.2525332272052765,0.8418062329292297,4.495290756225586,-0.26930856704711914,0.9473446011543274,0.09521108120679855,0.07560468465089798,0.25334709882736206,0.8589944839477539,4.610682010650635,-0.2685689926147461,0.9399923086166382,0.08125629276037216,0.06171032041311264,0.20749995112419128,0.9537510275840759,4.746910095214844,-0.2967519760131836,0.9280630946159363,,,,,,,,,,,,,,,,,,,,,,,,,,,,,,,,,,,,,,,,
ai_054_006_cam_00_frame.0000,train,ai_054_006,0,0.035545386373996735,0.031866416335105896,0.4802602231502533,0.971771240234375,3.296546459197998,0.03090667724609375,0.7885097861289978,0.0304427407681942,0.02701656147837639,0.6178792715072632,0.9735819697380066,3.3604230880737305,0.024773120880126953,0.7928115129470825,0.026702329516410828,0.02296518348157406,0.6738332509994507,0.9763540029525757,3.5031635761260986,0.009559154510498047,0.8050392866134644,0.029615163803100586,0.02512652799487114,0.5630747675895691,0.9761505126953125,3.6565234661102295,-0.00864267349243164,0.8055188655853271,,,,,,,,,,,,,,,,,,,,,,,,,,,,,,,,,,,,,,,,
ai_008_004_cam_00_frame.0000,train,ai_008_004,0,0.016788285225629807,0.015713918954133987,0.6529744863510132,0.99456787109375,2.0457310676574707,0.031035423278808594,0.8806471824645996,0.011152086779475212,0.010432640090584755,0.7620086669921875,0.9939473867416382,2.0772366523742676,0.02937769889831543,0.8774257302284241,0.011896118521690369,0.010751282796263695,0.8289591670036316,0.9930827021598816,2.1488795280456543,0.034653663635253906,0.8570027947425842,0.020063146948814392,0.018395565450191498,0.58489990234375,0.9894816279411316,2.2189583778381348,0.044647932052612305,0.8309878706932068,,,,,,,,,,,,,,,,,,,,,,,,,,,,,,,,,,,,,,,,
ai_027_009_cam_02_frame.0099,train,ai_027_009,99,0.03395581617951393,0.030936866998672485,0.3335825800895691,0.9806773066520691,1.984639048576355,0.004193782806396484,0.908973753452301,0.027025632560253143,0.02481929585337639,0.466827392578125,0.9807637929916382,2.0297999382019043,-0.0017120838165283203,0.9138177037239075,0.021591929718852043,0.01977255940437317,0.6853078603744507,0.9789683222770691,2.119185447692871,-0.010852336883544922,0.9116055965423584,0.03238072618842125,0.028322739526629448,0.3724314570426941,0.9786275625228882,2.2250936031341553,-0.029571533203125,0.9031115770339966,,,,,,,,,,,,,,,,,,,,,,,,,,,,,,,,,,,,,,,,
ai_048_007_cam_00_frame.0001,train,ai_048_007,1,0.03447222709655762,0.032117024064064026,0.3671875,0.97943115234375,2.4423182010650635,-0.04738020896911621,0.9110771417617798,0.02769828960299492,0.025742724537849426,0.4400278925895691,0.9814402461051941,2.492098331451416,-0.04897350072860718,0.9158569574356079,0.02200019732117653,0.01998090371489525,0.7067515254020691,0.9826253652572632,2.590562343597412,-0.04968547821044922,0.9109104871749878,0.03049439750611782,0.027800340205430984,0.5036570429801941,0.9809367060661316,2.6991019248962402,-0.05470418930053711,0.9064463973045349,,,,,,,,,,,,,,,,,,,,,,,,,,,,,,,,,,,,,,,,
ai_002_003_cam_00_frame.0000,train,ai_002_003,0,0.036233242601156235,0.03392084687948227,0.4778289794921875,0.9690755605697632,3.740361452102661,-0.04843175411224365,0.8476970195770264,0.030896123498678207,0.028903475031256676,0.5824788808822632,0.9684244990348816,3.8008196353912354,-0.04670906066894531,0.8507640957832336,0.02705000713467598,0.025405792519450188,0.7043609619140625,0.9676666259765625,3.933185577392578,-0.04155445098876953,0.845632791519165,0.033777426928281784,0.031891122460365295,0.4807942807674408,0.9661407470703125,4.070682048797607,-0.03762960433959961,0.8254958391189575,,,,,,,,,,,,,,,,,,,,,,,,,,,,,,,,,,,,,,,,
ai_044_006_cam_01_frame.0099,train,ai_044_006,99,0.04723314195871353,0.042153798043727875,0.23886427283287048,0.9805693626403809,5.329730033874512,-0.22762012481689453,0.7433211207389832,0.037681713700294495,0.03257802501320839,0.33173444867134094,0.9810068011283875,5.4225382804870605,-0.21925067901611328,0.7565352320671082,0.02831873670220375,0.021250789985060692,0.559820294380188,0.9827463626861572,5.605025291442871,-0.18356609344482422,0.7513594627380371,0.03837922587990761,0.03025519847869873,0.28849372267723083,0.9849234223365784,5.7788262367248535,-0.10401606559753418,0.7253939509391785,,,,,,,,,,,,,,,,,,,,,,,,,,,,,,,,,,,,,,,,
ai_027_005_cam_00_frame.0000,train,ai_027_005,0,0.06789571046829224,0.0603303387761116,0.3523101806640625,0.9260457754135132,9.022056579589844,-0.40348148345947266,0.8303540945053101,0.06259448081254959,0.05513448640704155,0.4627431333065033,0.9292653799057007,9.223320960998535,-0.45398902893066406,0.8288326263427734,0.05845164507627487,0.050393637269735336,0.61956787109375,0.9397329092025757,9.60417366027832,-0.5199394226074219,0.8351600766181946,0.06201790273189545,0.0532972514629364,0.4856211543083191,0.940460205078125,9.995223999023438,-0.565216064453125,0.8331353664398193,,,,,,,,,,,,,,,,,,,,,,,,,,,,,,,,,,,,,,,,
ai_034_003_cam_00_frame.0000,train,ai_034_003,0,0.03149395063519478,0.02893492393195629,0.3349711298942566,0.982574462890625,5.758544445037842,-0.17699050903320312,0.8508821129798889,0.02498798444867134,0.022631017491221428,0.5449981689453125,0.9822540283203125,5.87739896774292,-0.18190813064575195,0.8499549627304077,0.023199966177344322,0.02086658775806427,0.67822265625,0.9809061884880066,6.096261024475098,-0.16349124908447266,0.8405871391296387,0.03294946253299713,0.029639199376106262,0.348541259765625,0.9798635244369507,6.297759532928467,-0.10969853401184082,0.8299810290336609,,,,,,,,,,,,,,,,,,,,,,,,,,,,,,,,,,,,,,,,
ai_045_005_cam_03_frame.0099,train,ai_045_005,99,0.08648612350225449,0.07721909880638123,0.16583251953125,0.9179534912109375,2.0227487087249756,-0.06146407127380371,0.9112001061439514,0.08129905164241791,0.07299697399139404,0.1943359375,0.9177144765853882,2.0716261863708496,-0.08153867721557617,0.9160637259483337,0.06926470249891281,0.05756118893623352,0.3863881528377533,0.9173533320426941,2.129532814025879,-0.06804347038269043,0.9149593114852905,0.06309442222118378,0.04942230507731438,0.4958547055721283,0.93182373046875,2.2120583057403564,-0.07300770282745361,0.9065452814102173,,,,,,,,,,,,,,,,,,,,,,,,,,,,,,,,,,,,,,,,
ai_009_001_cam_00_frame.0099,train,ai_009_001,99,0.036844272166490555,0.0341438464820385,0.3976272642612457,0.976309597492218,5.310385227203369,-0.045755863189697266,0.7761706709861755,0.029428644105792046,0.02713213488459587,0.5365373492240906,0.9758613705635071,5.4133734703063965,-0.052489280700683594,0.7738522291183472,0.02641121856868267,0.024051453918218613,0.6137881875038147,0.9746645092964172,5.62045955657959,-0.05820417404174805,0.772150456905365,0.03246772289276123,0.029624396935105324,0.47968152165412903,0.9741266965866089,5.8468122482299805,-0.0762176513671875,0.7706117630004883,,,,,,,,,,,,,,,,,,,,,,,,,,,,,,,,,,,,,,,,
ai_055_002_cam_01_frame.0099,train,ai_055_002,99,0.03727756068110466,0.033517103642225266,0.3688812255859375,0.9786173701286316,3.2915945053100586,0.009064674377441406,0.5476677417755127,0.028428426012396812,0.025936592370271683,0.4563242793083191,0.9790853261947632,3.3630218505859375,-0.007719993591308594,0.5496683716773987,0.024012040346860886,0.021387644112110138,0.5064443349838257,0.9799041748046875,3.5028622150421143,-0.03500556945800781,0.544513463973999,0.03581273555755615,0.03050294890999794,0.3328043818473816,0.9810231924057007,3.66818904876709,-0.07489395141601562,0.5394346714019775,,,,,,,,,,,,,,,,,,,,,,,,,,,,,,,,,,,,,,,,
ai_044_002_cam_01_frame.0099,train,ai_044_002,99,0.07728506624698639,0.023469092324376106,0.36246955394744873,0.9936308264732361,6.312255382537842,-0.15576839447021484,0.8000786900520325,0.07424955815076828,0.017959287390112877,0.486256867647171,0.9952027797698975,6.408854961395264,-0.1377859115600586,0.8034632205963135,0.07413730770349503,0.019078070297837257,0.4886478781700134,0.994861900806427,6.601748466491699,-0.09354019165039062,0.7939409017562866,0.07842355966567993,0.028313305228948593,0.2832309901714325,0.9925421476364136,6.770401477813721,-0.0175323486328125,0.7691717743873596,,,,,,,,,,,,,,,,,,,,,,,,,,,,,,,,,,,,,,,,
ai_043_002_cam_00_frame.0000,val,ai_043_002,0,0.017125023528933525,0.015781667083501816,0.48805221915245056,0.994186282157898,3.277914047241211,0.030341148376464844,0.8729099631309509,0.01715364120900631,0.015676910057663918,0.5043386220932007,0.994064211845398,3.329965829849243,0.039391517639160156,0.8657153844833374,0.021204423159360886,0.01930636167526245,0.4528854489326477,0.9926502108573914,3.4415998458862305,0.05213594436645508,0.8489918112754822,0.025492312386631966,0.023171108216047287,0.4020426571369171,0.991709291934967,3.563185214996338,0.059763431549072266,0.8289141058921814,,,,,,,,,,,,,,,,,,,,,,,,,,,,,,,,,,,,,,,,
ai_043_002_cam_00_frame.0014,val,ai_043_002,14,0.01547449640929699,0.013851635158061981,0.5770372748374939,0.9941099882125854,3.950791120529175,0.020669937133789062,0.911017656326294,0.015116767957806587,0.013365625403821468,0.6257947087287903,0.994430422782898,4.039306640625,0.005183696746826172,0.9025381207466125,0.01912873052060604,0.017038533464074135,0.5604152083396912,0.9935047626495361,4.210277557373047,-0.007230281829833984,0.8773703575134277,0.02402827888727188,0.021553603932261467,0.4783933162689209,0.9936573505401611,4.379401683807373,-0.007096052169799805,0.853348433971405,,,,,,,,,,,,,,,,,,,,,,,,,,,,,,,,,,,,,,,,
ai_043_002_cam_00_frame.0028,val,ai_043_002,28,0.033904314041137695,0.031036293134093285,0.3397118151187897,0.990376353263855,2.9751064777374268,-0.056212425231933594,0.7978900074958801,0.035251881927251816,0.03254637122154236,0.2163795381784439,0.9905238747596741,3.013461112976074,-0.03549766540527344,0.7988055348396301,0.04117562994360924,0.037944480776786804,0.12607897818088531,0.990498423576355,3.1359634399414062,0.0009016990661621094,0.7908358573913574,0.04716653749346733,0.04317593574523926,0.1429864913225174,0.9897507429122925,3.2604336738586426,0.022607088088989258,0.7672891020774841,,,,,,,,,,,,,,,,,,,,,,,,,,,,,,,,,,,,,,,,
ai_043_002_cam_00_frame.0042,val,ai_043_002,42,0.021413354203104973,0.020191289484500885,0.23461253941059113,0.994094729423523,3.815425157546997,0.021911144256591797,0.8217293620109558,0.022321702912449837,0.020962907001376152,0.2729075849056244,0.9942371249198914,3.8910422325134277,0.008662700653076172,0.8195199966430664,0.02935539186000824,0.02725221961736679,0.2581368684768677,0.994125247001648,4.038378715515137,-0.010487556457519531,0.8003900051116943,0.03672151267528534,0.03406175598502159,0.23458710312843323,0.9932351112365723,4.198663234710693,-0.016445159912109375,0.785509467124939,,,,,,,,,,,,,,,,,,,,,,,,,,,,,,,,,,,,,,,,
ai_043_002_cam_00_frame.0057,val,ai_043_002,57,0.05382842943072319,0.04812195897102356,0.24738429486751556,0.9824263453483582,1.775354266166687,0.0726468563079834,0.8000993728637695,0.05326807498931885,0.04731310158967972,0.2863159477710724,0.9829655289649963,1.8044776916503906,0.07874512672424316,0.7932653427124023,0.05151159316301346,0.04526899382472038,0.28757739067077637,0.987446665763855,1.8686842918395996,0.07442140579223633,0.7790200114250183,0.052371419966220856,0.04638000950217247,0.2639762759208679,0.9854883551597595,1.9371994733810425,0.06217837333679199,0.7586969137191772,,,,,,,,,,,,,,,,,,,,,,,,,,,,,,,,,,,,,,,,
ai_043_002_cam_00_frame.0071,val,ai_043_002,71,0.2954651713371277,0.06603439897298813,0.077789306640625,0.9875692129135132,2.3136022090911865,-0.31658875942230225,0.8911376595497131,0.3039727807044983,0.06891763210296631,0.0553029403090477,0.98675537109375,2.3703083992004395,-0.32389238476753235,0.890906810760498,0.3275476396083832,0.07871533930301666,0.0419464111328125,0.9830881953239441,2.4854021072387695,-0.3432903289794922,0.8721622228622437,0.3543645143508911,0.08878253400325775,0.0393168143928051,0.9730021357536316,2.6205573081970215,-0.3672249913215637,0.8554039597511292,,,,,,,,,,,,,,,,,,,,,,,,,,,,,,,,,,,,,,,,
ai_043_002_cam_00_frame.0085,val,ai_043_002,85,0.026652831584215164,0.023193828761577606,0.3411661982536316,0.99530029296875,2.902491807937622,-0.10911047458648682,0.8450196981430054,0.02637503668665886,0.02307431772351265,0.3353322446346283,0.99462890625,2.958195209503174,-0.10731840133666992,0.8462197780609131,0.02791595458984375,0.02448420040309429,0.3694254755973816,0.994110107421875,3.080777883529663,-0.10498833656311035,0.826163649559021,0.029841242358088493,0.026120778173208237,0.3960927426815033,0.9933370351791382,3.2090322971343994,-0.10673046112060547,0.8156936764717102,,,,,,,,,,,,,,,,,,,,,,,,,,,,,,,,,,,,,,,,
ai_043_002_cam_00_frame.0099,val,ai_043_002,99,0.02623533457517624,0.023257313296198845,0.36164534091949463,0.9919230341911316,3.344165086746216,-0.029371976852416992,0.8610747456550598,0.02714124321937561,0.024314112961292267,0.2427075356245041,0.9914143681526184,3.405518054962158,-0.025907516479492188,0.8566519618034363,0.03017353266477585,0.027348782867193222,0.3442247807979584,0.989654541015625,3.522789716720581,-0.009284019470214844,0.8392682671546936,0.03386703133583069,0.030839554965496063,0.3720569610595703,0.9888661503791809,3.6399824619293213,0.011950969696044922,0.8099827766418457,,,,,,,,,,,,,,,,,,,,,,,,,,,,,,,,,,,,,,,,
ai_047_001_cam_00_frame.0000,val,ai_047_001,0,0.09772995114326477,0.08801865577697754,0.0953877791762352,0.9541982412338257,3.506412982940674,-0.0809774398803711,0.862591564655304,0.0991634726524353,0.08895421028137207,0.0804290771484375,0.9476572871208191,3.559476852416992,-0.060420989990234375,0.8572347164154053,0.10285304486751556,0.09162488579750061,0.09539794921875,0.9426931142807007,3.6764111518859863,-0.030518531799316406,0.8468174934387207,0.10766982287168503,0.09518003463745117,0.1007080078125,0.93487548828125,3.790895938873291,0.007658481597900391,0.8340709805488586,,,,,,,,,,,,,,,,,,,,,,,,,,,,,,,,,,,,,,,,
ai_047_001_cam_00_frame.0014,val,ai_047_001,14,0.10284197330474854,0.08353795856237411,0.0785725936293602,0.9466959834098816,3.111940383911133,0.022138595581054688,0.8339341282844543,0.10285856574773788,0.08429613709449768,0.0734608992934227,0.9450785517692566,3.1650941371917725,0.027936220169067383,0.819564700126648,0.1046714037656784,0.0872468650341034,0.0741831511259079,0.9484660029411316,3.2774085998535156,0.04469621181488037,0.7686333656311035,0.10893397033214569,0.09251247346401215,0.0798899382352829,0.950469970703125,3.3891775608062744,0.06559097766876221,0.7315816283226013,,,,,,,,,,,,,,,,,,,,,,,,,,,,,,,,,,,,,,,,
ai_047_001_cam_00_frame.0028,val,ai_047_001,28,0.1147814393043518,0.11146514117717743,0.0546162948012352,0.9398600459098816,3.6936724185943604,0.3351379632949829,0.8595552444458008,0.11360745131969452,0.11024513095617294,0.05596923828125,0.9382833242416382,3.772486686706543,0.3346872329711914,0.8513994216918945,0.1130053848028183,0.10930471122264862,0.0548350028693676,0.932373046875,3.92649245262146,0.3281857967376709,0.8121303915977478,0.11490409076213837,0.1108551025390625,0.0551605224609375,0.92547607421875,4.057481288909912,0.3347477912902832,0.783057689666748,,,,,,,,,,,,,,,,,,,,,,,,,,,,,,,,,,,,,,,,
ai_047_001_cam_00_frame.0042,val,ai_047_001,42,0.13187822699546814,0.12231578677892685,0.0345560722053051,0.9574127197265625,3.43461012840271,0.3723897933959961,0.8760395050048828,0.13158917427062988,0.12134548276662827,0.0362396240234375,0.9532216787338257,3.4846906661987305,0.3899860382080078,0.8738083839416504,0.13244985044002533,0.12030892819166183,0.0390879325568676,0.9335429072380066,3.5993692874908447,0.4504566192626953,0.857896089553833,0.13370797038078308,0.12125005573034286,0.0442454032599926,0.9272715449333191,3.742069959640503,0.44484853744506836,0.8368861675262451,0.06728290021419525,0.06628545373678207,0.037353515625,0.9814995527267456,0.8538358211517334,0.08108149468898773,0.07978402823209763,0.0464952252805233,0.9826931357383728,0.7584583163261414,0.06607834994792938,0.06494847685098648,0.0439995676279068,0.9827473759651184,0.8506157398223877,0.08186859637498856,0.08047420531511307,0.0528971366584301,0.9827473759651184,0.7683095335960388,0.07263839989900589,0.07133270800113678,0.0385470911860466,0.9830729365348816,0.8423063158988953,0.0890543982386589,0.08759007602930069,0.02631293423473835,0.9824761152267456,0.8052463531494141,0.08357062190771103,0.08212965726852417,0.0642361119389534,0.970079243183136,0.78509920835495,0.09275826066732407,0.09124747663736343,0.01920572854578495,0.9818251132965088,0.778954803943634
ai_047_001_cam_00_frame.0057,val,ai_047_001,57,0.09885740280151367,0.08998223394155502,0.0649159774184227,0.9483999013900757,3.1352906227111816,0.00594782829284668,0.857309877872467,0.09646520018577576,0.08810709416866302,0.0696360319852829,0.9472147822380066,3.187363386154175,0.034456491470336914,0.8569151163101196,0.09711682796478271,0.08924310654401779,0.0711313933134079,0.9406789541244507,3.2727057933807373,0.08891773223876953,0.8439093232154846,0.1016714796423912,0.09290769696235657,0.0741068571805954,0.9261525869369507,3.3789961338043213,0.10056376457214355,0.8218488097190857,,,,,,,,,,,,,,,,,,,,,,,,,,,,,,,,,,,,,,,,
ai_047_001_cam_00_frame.0071,val,ai_047_001,71,0.11447465419769287,0.10879087448120117,0.0605316162109375,0.909912109375,3.1954855918884277,0.0913996696472168,0.8694890737533569,0.11756934970617294,0.11185812205076218,0.0569508895277977,0.912689208984375,3.2577269077301025,0.08161759376525879,0.8678680062294006,0.12114445865154266,0.11427895724773407,0.0502827987074852,0.9096578359603882,3.358027219772339,0.09022855758666992,0.8486623764038086,0.12373991310596466,0.11580276489257812,0.045989990234375,0.9062347412109375,3.470135450363159,0.09792184829711914,0.8220163583755493,,,,,,,,,,,,,,,,,,,,,,,,,,,,,,,,,,,,,,,,
ai_047_001_cam_00_frame.0085,val,ai_047_001,85,0.10332189500331879,0.09814401715993881,0.0762736052274704,0.929351806640625,3.6201303005218506,0.05609464645385742,0.8053218126296997,0.10491126030683517,0.09959733486175537,0.0702616423368454,0.9282023310661316,3.687418222427368,0.06268978118896484,0.800246000289917,0.10891487449407578,0.1032838374376297,0.0628611296415329,0.9250742793083191,3.8334641456604004,0.0486292839050293,0.7793967127799988,0.11308485269546509,0.10682334750890732,0.0570882186293602,0.9236196279525757,3.966257095336914,0.05755901336669922,0.7625208497047424,,,,,,,,,,,,,,,,,,,,,,,,,,,,,,,,,,,,,,,,
ai_047_001_cam_00_frame.0099,val,ai_047_001,99,0.13065189123153687,0.12409913539886475,0.0617116317152977,0.78851318359375,2.9480667114257812,0.19604110717773438,0.9164124131202698,0.12817823886871338,0.12187069654464722,0.0629679411649704,0.7951406240463257,2.994046926498413,0.21750235557556152,0.9138836860656738,0.12266506999731064,0.11573409289121628,0.06060791015625,0.8427378535270691,3.108396291732788,0.2361469268798828,0.9032028317451477,0.1183026060461998,0.11032287776470184,0.0584971122443676,0.860809326171875,3.2386436462402344,0.27130627632141113,0.8743859529495239,,,,,,,,,,,,,,,,,,,,,,,,,,,,,,,,,,,,,,,,
ai_046_001_cam_00_frame.0000,test,ai_046_001,0,0.05675405263900757,0.052413519471883774,0.2591298520565033,0.9619089961051941,4.554825305938721,0.052883148193359375,0.8150812983512878,0.058033064007759094,0.05371382459998131,0.2743784785270691,0.9616851806640625,4.6584978103637695,0.041593074798583984,0.8090022206306458,0.06148241087794304,0.05697060748934746,0.2485504150390625,0.9622853994369507,4.857591152191162,0.036757469177246094,0.8037455081939697,0.06619612127542496,0.06142561137676239,0.2096608579158783,0.9561869502067566,5.055444240570068,0.038327693939208984,0.7983677387237549,0.08117280155420303,0.07850915938615799,0.1107855886220932,0.90966796875,0.9078150987625122,0.09067538380622864,0.0874801054596901,0.1553819477558136,0.87890625,0.8518447875976562,0.08390450477600098,0.08120231330394745,0.1213921457529068,0.908311665058136,0.905434787273407,0.09297719597816467,0.08969046920537949,0.1840277761220932,0.8762478232383728,0.8513334393501282,0.08838127553462982,0.08562339097261429,0.1129557266831398,0.918809711933136,0.899376630783081,0.09983237832784653,0.0962965339422226,0.1952582448720932,0.8744032382965088,0.8547239303588867,0.0969860851764679,0.09407413750886917,0.0885416641831398,0.8959147334098816,0.8937965035438538,0.11131506413221359,0.10743873566389084,0.1624348908662796,0.8291015625,0.8460095524787903
ai_046_001_cam_00_frame.0014,test,ai_046_001,14,0.05806684494018555,0.05206848680973053,0.2267303466796875,0.9557342529296875,4.12278413772583,0.09577345848083496,0.7947311997413635,0.05842089653015137,0.05231691524386406,0.2497355192899704,0.9582316279411316,4.199145317077637,0.09919095039367676,0.7895646691322327,0.062394287437200546,0.05690465867519379,0.238861083984375,0.9578450918197632,4.3934712409973145,0.06774210929870605,0.7753665447235107,0.06912688165903091,0.0633278638124466,0.201995849609375,0.9553477168083191,4.570987701416016,0.06906843185424805,0.768692135810852,,,,,,,,,,,,,,,,,,,,,,,,,,,,,,,,,,,,,,,,
ai_046_001_cam_00_frame.0028,test,ai_046_001,28,0.026389991864562035,0.022091422230005264,0.4256032407283783,0.9983978271484375,3.3000495433807373,0.11285543441772461,0.8231861591339111,0.030178016051650047,0.024768192321062088,0.3945516049861908,0.9983775019645691,3.3661763668060303,0.13585472106933594,0.8110342621803284,0.037037573754787445,0.03139077126979828,0.2978363037109375,0.9982554316520691,3.536574363708496,0.12132740020751953,0.7240366339683533,0.04226915165781975,0.03769039362668991,0.1931915283203125,0.9939727783203125,3.7142791748046875,0.06691694259643555,0.6584510803222656,,,,,,,,,,,,,,,,,,,,,,,,,,,,,,,,,,,,,,,,
ai_046_001_cam_00_frame.0042,test,ai_046_001,42,0.01867104321718216,0.01678432524204254,0.5944976806640625,0.9930216670036316,3.667832851409912,-0.022457361221313477,0.846092939376831,0.02042146399617195,0.018439702689647675,0.4813588559627533,0.9927825927734375,3.728559970855713,-0.018764019012451172,0.8243452906608582,0.027724310755729675,0.02504429779946804,0.3831990659236908,0.9916738271713257,3.8716111183166504,-0.019840717315673828,0.7878240346908569,0.0366993322968483,0.033215686678886414,0.2647908627986908,0.9910380244255066,4.0253987312316895,-0.021776199340820312,0.7720653414726257,,,,,,,,,,,,,,,,,,,,,,,,,,,,,,,,,,,,,,,,
ai_046_001_cam_00_frame.0057,test,ai_046_001,57,0.13113008439540863,0.11944705247879028,0.13970947265625,0.8675079345703125,2.4198763370513916,-0.23584270477294922,0.7742809653282166,0.12758418917655945,0.11666574329137802,0.1807963103055954,0.86767578125,2.453815221786499,-0.21158337593078613,0.7733514904975891,0.12491440773010254,0.11518131196498871,0.1680806577205658,0.8663432002067566,2.4892232418060303,-0.15615558624267578,0.7733048796653748,0.1252007931470871,0.11606782674789429,0.1340179443359375,0.86077880859375,2.5342259407043457,-0.13149964809417725,0.7710214257240295,,,,,,,,,,,,,,,,,,,,,,,,,,,,,,,,,,,,,,,,
ai_046_001_cam_00_frame.0071,test,ai_046_001,71,0.044504325836896896,0.04026876017451286,0.1082967147231102,0.9741007685661316,3.8320071697235107,-0.07973480224609375,0.7387630939483643,0.04133868217468262,0.03765669837594032,0.1618601530790329,0.9734344482421875,3.892322301864624,-0.060126304626464844,0.734977126121521,0.03956187516450882,0.0358971543610096,0.3124644160270691,0.9726664423942566,4.037039756774902,-0.04279327392578125,0.7310609817504883,0.040780529379844666,0.03737886995077133,0.330230712890625,0.9703267812728882,4.196066856384277,-0.022940874099731445,0.7387300133705139,,,,,,,,,,,,,,,,,,,,,,,,,,,,,,,,,,,,,,,,
ai_046_001_cam_00_frame.0085,test,ai_046_001,85,0.10770570486783981,0.09848587214946747,0.26531982421875,0.891998291015625,2.6561036109924316,-0.1751612424850464,0.7307823896408081,0.10985340923070908,0.10093256086111069,0.2041269987821579,0.88787841796875,2.693939685821533,-0.16536998748779297,0.7323406934738159,0.11692621558904648,0.1085352748632431,0.1207427978515625,0.88262939453125,2.758002519607544,-0.11697864532470703,0.7339589595794678,0.1270274966955185,0.11813013255596161,0.0732879638671875,0.8754984736442566,2.8187546730041504,-0.05774962902069092,0.7236345410346985,,,,,,,,,,,,,,,,,,,,,,,,,,,,,,,,,,,,,,,,
ai_046_001_cam_00_frame.0099,test,ai_046_001,99,0.03338225185871124,0.028678666800260544,0.7166087031364441,0.9747314453125,3.59236478805542,-0.07349872589111328,0.878513753414154,0.03832259029150009,0.030745085328817368,0.5498911738395691,0.9746145009994507,3.709185838699341,-0.1371002197265625,0.8722903728485107,0.05210950970649719,0.039798304438591,0.1917978972196579,0.9735565185546875,3.937295436859131,-0.24306941032409668,0.8597291707992554,0.06781310588121414,0.049916453659534454,0.1199290007352829,0.9696807861328125,4.167550086975098,-0.3584446907043457,0.8462785482406616,,,,,,,,,,,,,,,,,,,,,,,,,,,,,,,,,,,,,,,,
ai_050_001_cam_00_frame.0000,test,ai_050_001,0,0.09292417764663696,0.09083867073059082,0.03081258200109005,0.9918619990348816,2.9791476726531982,0.1568460464477539,0.8790075182914734,0.09312232583761215,0.09099604189395905,0.0264892578125,0.99127197265625,3.0357377529144287,0.1660323143005371,0.8659740090370178,0.09452083706855774,0.09178125858306885,0.02553304098546505,0.9902750849723816,3.1674065589904785,0.19139432907104492,0.8204596042633057,0.09612952172756195,0.09228169918060303,0.0348561629652977,0.988311767578125,3.3150808811187744,0.18911123275756836,0.7682573795318604,,,,,,,,,,,,,,,,,,,,,,,,,,,,,,,,,,,,,,,,
ai_050_001_cam_00_frame.0014,test,ai_050_001,14,0.08596907556056976,0.08434079587459564,0.0770111083984375,0.9725087881088257,3.159705638885498,0.40058469772338867,0.8705061078071594,0.08588328212499619,0.08419432491064072,0.0768330916762352,0.972808837890625,3.2194840908050537,0.40515708923339844,0.8551223874092102,0.08665882050991058,0.08408832550048828,0.0793965682387352,0.971282958984375,3.3522706031799316,0.4050281047821045,0.8060656189918518,0.08716706931591034,0.08355239033699036,0.1007843017578125,0.9682261347770691,3.4879262447357178,0.41097354888916016,0.7462783455848694,,,,,,,,,,,,,,,,,,,,,,,,,,,,,,,,,,,,,,,,
ai_050_001_cam_00_frame.0028,test,ai_050_001,28,0.14250962436199188,0.12980619072914124,0.027801513671875,0.9580841064453125,2.5181074142456055,-0.008007645606994629,0.8679590225219727,0.14390181005001068,0.13131068646907806,0.0205230712890625,0.9560140371322632,2.572169065475464,-0.014084696769714355,0.8591859936714172,0.14769040048122406,0.13519246876239777,0.0162150077521801,0.9375254511833191,2.679594039916992,-0.0215146541595459,0.8244759440422058,0.15222151577472687,0.13939814269542694,0.01198323629796505,0.9294382929801941,2.804684638977051,-0.03291267156600952,0.8204430937767029,,,,,,,,,,,,,,,,,,,,,,,,,,,,,,,,,,,,,,,,
ai_050_001_cam_00_frame.0042,test,ai_050_001,42,0.044454775750637054,0.03997711092233658,0.2890726923942566,0.988372802734375,2.754270076751709,0.4282255172729492,0.7916865944862366,0.04403429478406906,0.039452873170375824,0.3249766230583191,0.9877370595932007,2.8025095462799072,0.4264066219329834,0.7856871485710144,0.0440542995929718,0.03905940800905228,0.3520050048828125,0.9848684072494507,2.9091715812683105,0.42183518409729004,0.7710505127906799,0.044406697154045105,0.038751330226659775,0.3417816162109375,0.9829559326171875,3.020352363586426,0.4196045398712158,0.7642406821250916,,,,,,,,,,,,,,,,,,,,,,,,,,,,,,,,,,,,,,,,
ai_050_001_cam_00_frame.0057,test,ai_050_001,57,0.05664030835032463,0.054873988032341,0.1309611052274704,0.9980723261833191,2.6855077743530273,0.38431882858276367,0.889880895614624,0.0582447275519371,0.05670100450515747,0.1278228759765625,0.99652099609375,2.7360196113586426,0.3999307155609131,0.8789076805114746,0.06318274140357971,0.061189185827970505,0.1339772641658783,0.9934183955192566,2.8365771770477295,0.4277975559234619,0.8399534225463867,0.0680723786354065,0.06498419493436813,0.14300537109375,0.9902750849723816,2.9471471309661865,0.4420633316040039,0.7975569367408752,,,,,,,,,,,,,,,,,,,,,,,,,,,,,,,,,,,,,,,,
ai_050_001_cam_00_frame.0071,test,ai_050_001,71,0.08032340556383133,0.07560959458351135,0.002532958984375,0.9934133291244507,2.8026177883148193,0.00461125373840332,0.8262184262275696,0.08461441099643707,0.07976026833057404,0.0039265952073037624,0.9850108027458191,2.8636891841888428,0.015609502792358398,0.8127988576889038,0.09452039003372192,0.08911842107772827,0.0020192465744912624,0.9675700068473816,2.988795042037964,-0.006371617317199707,0.7859193682670593,0.10218775272369385,0.09385710954666138,0.0042572021484375,0.9699249267578125,3.149904727935791,-0.07398223876953125,0.7565144300460815,,,,,,,,,,,,,,,,,,,,,,,,,,,,,,,,,,,,,,,,
ai_050_001_cam_00_frame.0085,test,ai_050_001,85,0.05868668481707573,0.051615603268146515,0.17547607421875,0.97906494140625,3.4324283599853516,-0.14026832580566406,0.8329591751098633,0.056693121790885925,0.04963120073080063,0.209686279296875,0.9797821044921875,3.4925448894500732,-0.12668967247009277,0.8303546905517578,0.057291097939014435,0.05034051463007927,0.1485748291015625,0.9785207509994507,3.6136038303375244,-0.0916365385055542,0.8064322471618652,0.06150917336344719,0.05350787937641144,0.187835693359375,0.9747568964958191,3.7375330924987793,-0.06842994689941406,0.7539677023887634,,,,,,,,,,,,,,,,,,,,,,,,,,,,,,,,,,,,,,,,
ai_050_001_cam_00_frame.0099,test,ai_050_001,99,0.05924566835165024,0.05255310982465744,0.12310791015625,0.9828745722770691,3.322300672531128,0.017716526985168457,0.8122484683990479,0.06097794696688652,0.05428400635719299,0.1283162534236908,0.9828643798828125,3.384998083114624,0.023403167724609375,0.8054533004760742,0.06436517089605331,0.05700838565826416,0.1617991179227829,0.9780833125114441,3.5192625522613525,0.026731491088867188,0.7968049645423889,0.06835910677909851,0.060459576547145844,0.1708628386259079,0.9777476191520691,3.654367208480835,0.02716350555419922,0.7837663292884827,,,,,,,,,,,,,,,,,,,,,,,,,,,,,,,,,,,,,,,,
ai_052_005_cam_01_frame.0099,train,ai_052_005,99,0.2032129019498825,0.1874934732913971,0.0972696989774704,0.789794921875,7.098677158355713,0.1805877685546875,0.6145869493484497,0.18996183574199677,0.17713187634944916,0.1212972030043602,0.792999267578125,7.328047275543213,0.0054225921630859375,0.6215730905532837,0.17354469001293182,0.16246247291564941,0.2440134733915329,0.79437255859375,7.506013870239258,-0.09049415588378906,0.6298606395721436,0.18719899654388428,0.17212530970573425,0.0820668563246727,0.7925974726676941,7.894608497619629,-0.35791587829589844,0.6406144499778748,0.2377251535654068,0.22592619061470032,0.0599772147834301,0.7250434160232544,0.529064416885376,0.1427057683467865,0.13462947309017181,0.1086697056889534,0.8806965947151184,0.2879634499549866,0.22786813974380493,0.21653497219085693,0.0692545548081398,0.7325575351715088,0.5400540232658386,0.1318027377128601,0.12420226633548737,0.1203342005610466,0.8900282382965088,0.2935403287410736,0.21060529351234436,0.19966697692871094,0.0704752579331398,0.742784321308136,0.5540512800216675,0.10290942341089249,0.09602195769548416,0.1180013045668602,0.9135199785232544,0.3058796525001526,0.20795661211013794,0.1972847282886505,0.078369140625,0.7437065839767456,0.5754047632217407,0.10004284232854843,0.09340241551399231,0.0993381068110466,0.923828125,0.33317214250564575
ai_028_001_cam_00_frame.0099,train,ai_028_001,99,0.032822709530591965,0.03089134395122528,0.1617787778377533,0.9976908564567566,2.080629587173462,0.07761263847351074,0.8817973136901855,0.022811254486441612,0.021706854924559593,0.3227895200252533,0.9976094961166382,2.1307592391967773,0.057469844818115234,0.8841086626052856,0.0178552083671093,0.013422733172774315,0.6500600576400757,0.9970042109489441,2.230592727661133,0.02244710922241211,0.8803629279136658,0.029115989804267883,0.020878177136182785,0.4488677978515625,0.9967600703239441,2.3536248207092285,-0.02625250816345215,0.8761353492736816,0.04996959865093231,0.04795319586992264,0.0301378034055233,0.999376118183136,0.9073813557624817,0.05632007122039795,0.05551226809620857,0.003634982742369175,0.9989149570465088,0.0702403336763382,0.03907300531864166,0.036782871931791306,0.0879177525639534,0.9994845986366272,0.9062884449958801,0.042780552059412,0.0417286641895771,0.01079644076526165,0.9989691972732544,0.06799592822790146,0.027453869581222534,0.02216387540102005,0.4535861611366272,0.9973686933517456,0.9035311937332153,0.022262969985604286,0.017500482499599457,0.4615885317325592,0.999131977558136,0.06552465260028839,0.03131719306111336,0.027009639889001846,0.2779405415058136,0.9972873330116272,0.904935896396637,0.021596644073724747,0.016926441341638565,0.4320746660232544,0.999131977558136,0.06484490633010864
ai_036_006_cam_00_frame.0000,train,ai_036_006,0,0.0462677888572216,0.04233141988515854,0.3174947202205658,0.9722747802734375,5.229203701019287,-0.17057323455810547,0.8152371644973755,0.03605750575661659,0.032875798642635345,0.4605967402458191,0.973388671875,5.330789566040039,-0.1559298038482666,0.814082682132721,0.03059558942914009,0.027731411159038544,0.6050822138786316,0.9738871455192566,5.501651287078857,-0.0928354263305664,0.7976017594337463,0.042519353330135345,0.037621065974235535,0.3727467954158783,0.97149658203125,5.6570916175842285,-0.027835369110107422,0.7837198376655579,0.05441628023982048,0.05193536356091499,0.1439344584941864,0.9674208164215088,0.7802675366401672,0.07078902423381805,0.06669480353593826,0.1488715261220932,0.953721821308136,0.6301339268684387,0.041671596467494965,0.03968746215105057,0.388671875,0.9677734375,0.780119001865387,0.05253748968243599,0.04946407303214073,0.3817274272441864,0.954210102558136,0.6231478452682495,0.037316400557756424,0.03556114435195923,0.4044867753982544,0.9681803584098816,0.7690651416778564,0.04421373829245567,0.041731126606464386,0.3845486044883728,0.9548611044883728,0.6129308342933655,0.053897228091955185,0.05174015089869499,0.1458604633808136,0.9702419638633728,0.7592536211013794,0.06655977666378021,0.06338760256767273,0.1971571147441864,0.958984375,0.6006084680557251
ai_011_009_cam_01_frame.0099,train,ai_011_009,99,0.09335305541753769,0.08244331181049347,0.10324135422706604,0.9225881695747375,1.3215652704238892,-0.11069852113723755,0.8309969902038574,0.08101224899291992,0.07167211174964905,0.19469085335731506,0.9245321750640869,1.3344703912734985,-0.09303927421569824,0.8332087993621826,0.06328295171260834,0.05866263434290886,0.3371190130710602,0.927402138710022,1.3475688695907593,-0.04352778196334839,0.8304761052131653,0.06568364053964615,0.06097704917192459,0.25214606523513794,0.9260157346725464,1.3668779134750366,-0.02112114429473877,0.8291568756103516,0.10865197330713272,0.09721604734659195,0.09063411504030228,0.9080851078033447,0.7835461497306824,0.10914988070726395,0.09239678829908371,0.05847730115056038,0.9558559060096741,0.7016906142234802,0.09876880794763565,0.08912485837936401,0.12229882180690765,0.9080033898353577,0.7911416888237,0.09335815161466599,0.0795920118689537,0.08098533749580383,0.9584718346595764,0.7124640941619873,0.08604850620031357,0.08139945566654205,0.1462789922952652,0.9071858525276184,0.79580157995224,0.07051705569028854,0.06534958630800247,0.12987083196640015,0.9627772569656372,0.7194983959197998,0.08241350203752518,0.07873449474573135,0.2012971043586731,0.9030983448028564,0.8023657202720642,0.05540422350168228,0.0527787022292614,0.22813232243061066,0.9686086773872375,0.7236946821212769
ai_024_018_cam_00_frame.0099,train,ai_024_018,99,0.06421628594398499,0.05958307906985283,0.1423136442899704,0.9677938222885132,7.616650581359863,0.13608407974243164,0.4768698513507843,0.053226351737976074,0.0491158626973629,0.2047322690486908,0.9675089716911316,7.761898040771484,0.14982032775878906,0.4897492825984955,0.0399397537112236,0.035869475454092026,0.4056600034236908,0.9648997187614441,8.11487102508545,0.09412670135498047,0.5260893702507019,0.04805583879351616,0.042248159646987915,0.284088134765625,0.9615987539291382,8.362112998962402,0.16710853576660156,0.5442585349082947,0.10873962938785553,0.10259156674146652,0.0359157994389534,0.9415419101715088,0.3859466016292572,0.10916919261217117,0.10321653634309769,0.012532551772892475,0.9930555820465088,0.24940063059329987,0.0913560539484024,0.08619946241378784,0.0549858957529068,0.9440375566482544,0.4091912806034088,0.08303741365671158,0.07927063852548599,0.0206163190305233,0.993272602558136,0.28354910016059875,0.06460007280111313,0.05964124947786331,0.1494954377412796,0.9366862177848816,0.47369807958602905,0.03830751031637192,0.035032059997320175,0.1821831613779068,0.9930555820465088,0.35794883966445923,0.07346438616514206,0.06355565786361694,0.1375868022441864,0.9248318076133728,0.5188508629798889,0.0494169220328331,0.03818280249834061,0.1624891459941864,0.9928928017616272,0.4352203607559204
ai_017_009_cam_03_frame.0099,train,ai_017_009,99,0.07889164984226227,0.07081523537635803,0.0932413786649704,0.9651438593864441,0.7087162137031555,-0.03898286819458008,0.8395439386367798,0.06560572236776352,0.05563431978225708,0.1432698667049408,0.9658406972885132,0.7296152710914612,-0.04110437631607056,0.8661370873451233,0.05282341688871384,0.031058987602591515,0.5266520380973816,0.9660543203353882,0.7655901908874512,-0.044281005859375,0.8924658298492432,0.06872062385082245,0.045351237058639526,0.1985524594783783,0.9656168818473816,0.7809651494026184,-0.024118363857269287,0.902512788772583,0.08284202218055725,0.07888500392436981,0.116943359375,0.9462348222732544,0.9493944644927979,0.06210478022694588,0.0609559491276741,0.1033528670668602,0.9969075322151184,0.22242499887943268,0.06808780133724213,0.06386768817901611,0.160427525639534,0.9471028447151184,0.9630535840988159,0.04670104756951332,0.045378003269433975,0.1445855051279068,0.996690571308136,0.24542345106601715,0.0471104271709919,0.038248538970947266,0.533067524433136,0.947618305683136,0.970146656036377,0.021156523376703262,0.013825898990035057,0.5777994990348816,0.996690571308136,0.24786634743213654,0.05872219055891037,0.04325057938694954,0.3853895366191864,0.9469401240348816,0.9739088416099548,0.030917257070541382,0.012962010689079762,0.5615776777267456,0.9967990517616272,0.22855231165885925
ai_031_009_cam_00_frame.0000,train,ai_031_009,0,0.06969046592712402,0.06498083472251892,0.3105010986328125,0.94122314453125,6.536470413208008,-0.0282135009765625,0.8968297243118286,0.06229680776596069,0.058143675327301025,0.4637603759765625,0.9412689208984375,6.6618332862854,-0.024539947509765625,0.904820442199707,0.057106759399175644,0.05316922068595886,0.6016489863395691,0.9419403076171875,6.930595397949219,-0.03115081787109375,0.9046735763549805,0.05584613233804703,0.051875751465559006,0.6087545156478882,0.94281005859375,7.213071823120117,-0.029310226440429688,0.9022939801216125,0.055182576179504395,0.05034857243299484,0.2331271767616272,0.9619683027267456,0.9215846657752991,0.03187894821166992,0.028508232906460762,0.3327365517616272,0.9812825322151184,0.1371946483850479,0.046425603330135345,0.042317453771829605,0.4624837338924408,0.961669921875,0.9400033950805664,0.026046844199299812,0.023181289434432983,0.6287977695465088,0.9811198115348816,0.1652746945619583,0.042072594165802,0.03821839392185211,0.560546875,0.9618869423866272,0.9475018978118896,0.023014243692159653,0.020174792036414146,0.7958984375,0.98095703125,0.1924666166305542,0.04077662527561188,0.03710433468222618,0.5855305790901184,0.9622395634651184,0.9526029229164124,0.022816969081759453,0.020169761031866074,0.8343641757965088,0.9804145097732544,0.2432202398777008
ai_002_002_cam_00_frame.0099,train,ai_002_002,99,0.07110767066478729,0.06546500325202942,0.3033599853515625,0.9026031494140625,3.224788188934326,-0.05465269088745117,0.8681381344795227,0.06317462772130966,0.05805852264165878,0.400604248046875,0.9105173945426941,3.28827166557312,-0.04831886291503906,0.8726909160614014,0.05370950698852539,0.04896167665719986,0.5652313232421875,0.9446818232536316,3.4210128784179688,-0.0398564338684082,0.8723570108413696,0.04967794939875603,0.045734845101833344,0.466094970703125,0.9444020986557007,3.554748773574829,-0.022801876068115234,0.8624106645584106,0.12331703305244446,0.11866114288568497,0.1330295205116272,0.8258192539215088,0.9113215804100037,0.13305997848510742,0.1283862143754959,0.1595052033662796,0.8530815839767456,0.7254871129989624,0.11815094947814941,0.11361775547266006,0.2134602814912796,0.826280415058136,0.9082606434822083,0.12688611447811127,0.12233588844537735,0.27783203125,0.8546549677848816,0.722161591053009,0.1116199791431427,0.10715470463037491,0.3378363847732544,0.8276638388633728,0.9031099677085876,0.11856603622436523,0.114044189453125,0.4044053852558136,0.8584526777267456,0.7088073492050171,0.1102234274148941,0.1058703288435936,0.3418239951133728,0.8266330361366272,0.897136926651001,0.11493657529354095,0.11073598265647888,0.4192165732383728,0.858506977558136,0.6985366344451904
ai_027_003_cam_00_frame.0000,train,ai_027_003,0,0.04755157232284546,0.04400037229061127,0.527923583984375,0.9336802363395691,3.8137378692626953,-0.02176976203918457,0.913311779499054,0.04108470678329468,0.037993740290403366,0.6999257802963257,0.9397837519645691,3.881798505783081,-0.013287544250488281,0.9128291606903076,0.03590909391641617,0.032704588025808334,0.7847188711166382,0.9480642080307007,4.014624118804932,-0.006800174713134766,0.9017043709754944,0.03681306540966034,0.033766310662031174,0.6912485957145691,0.9532674551010132,4.162429332733154,-0.0002269744873046875,0.8793314099311829,0.040148455649614334,0.0384792722761631,0.6154242753982544,0.9554036259651184,0.9450420141220093,0.017389148473739624,0.015272962860763073,0.7161070108413696,0.9946292042732239,0.6918116211891174,0.03698788210749626,0.03559710457921028,0.7185600996017456,0.9554579257965088,0.9469307065010071,0.014197077602148056,0.012567223981022835,0.7806650996208191,0.9946292042732239,0.7019317150115967,0.03728165104985237,0.036160945892333984,0.6681315302848816,0.9557834267616272,0.9439699053764343,0.013522333465516567,0.012357952073216438,0.7939022779464722,0.9944664835929871,0.7037391066551208,0.03957340493798256,0.03853924944996834,0.5548231601715088,0.95556640625,0.936920166015625,0.015515543520450592,0.014522228389978409,0.6443877816200256,0.9939782023429871,0.7020745277404785
ai_055_004_cam_00_frame.0099,train,ai_055_004,99,0.16658402979373932,0.1560954600572586,0.3874652683734894,0.7912501096725464,4.601128101348877,-0.18254566192626953,0.350498765707016,0.15988321602344513,0.14972759783267975,0.4493442475795746,0.7919729948043823,4.6706390380859375,-0.16737794876098633,0.35001885890960693,0.1570705622434616,0.14679621160030365,0.5045169591903687,0.7923165559768677,4.8578619956970215,-0.17308878898620605,0.35286444425582886,0.16431818902492523,0.15381081402301788,0.32988280057907104,0.7928497195243835,5.043867588043213,-0.1933431625366211,0.35192859172821045,0.3639674186706543,0.3377138376235962,0.30712655186653137,0.5116152763366699,0.23842360079288483,0.023642340674996376,0.021380089223384857,0.6057316660881042,0.9934324622154236,0.7087042927742004,0.36170729994773865,0.3356196880340576,0.3455818295478821,0.5118866562843323,0.23855756223201752,0.01973324827849865,0.017864961177110672,0.6712982654571533,0.9939209222793579,0.7127717137336731,0.3608010709285736,0.33494406938552856,0.30601388216018677,0.5118866562843323,0.2523898482322693,0.0202444139868021,0.018688425421714783,0.5930308103561401,0.9939209222793579,0.7621812224388123,0.36379608511924744,0.33792534470558167,0.16828592121601105,0.5114795565605164,0.2531468868255615,0.02772880345582962,0.025934137403964996,0.3253907859325409,0.9931067824363708,0.771452784538269
ai_039_006_cam_00_frame.0000,train,ai_039_006,0,0.17995664477348328,0.1652749478816986,0.3918965756893158,0.8074595332145691,2.816439628601074,0.016730308532714844,0.5258287787437439,0.16735927760601044,0.15343204140663147,0.5417836904525757,0.8077189326286316,2.8764047622680664,-0.000823974609375,0.5215581059455872,0.1524958312511444,0.14105172455310822,0.5999400019645691,0.808746337890625,2.968604564666748,0.01909160614013672,0.5067612528800964,0.1481257826089859,0.1374775916337967,0.4100545346736908,0.8111369013786316,3.083505868911743,0.014926433563232422,0.4911721646785736,0.40218019485473633,0.3700139820575714,0.248318150639534,0.5133192539215088,0.45716241002082825,0.02584780752658844,0.021141013130545616,0.496636301279068,0.976671040058136,0.6727287173271179,0.4004233777523041,0.3677924573421478,0.2960069477558136,0.514268696308136,0.45278361439704895,0.024438053369522095,0.01858876459300518,0.5910373330116272,0.976182758808136,0.681370198726654,0.3994661569595337,0.36697354912757874,0.2557237446308136,0.5192599892616272,0.4421907067298889,0.02605794370174408,0.02049211971461773,0.4765625,0.9769965410232544,0.7028125524520874,0.4027335047721863,0.3701251447200775,0.1357964426279068,0.521484375,0.43646833300590515,0.03507709875702858,0.029033469036221504,0.2703450620174408,0.9769965410232544,0.7173348665237427
ai_005_006_cam_00_frame.0099,train,ai_005_006,99,0.03883344307541847,0.034289564937353134,0.2550150752067566,0.9815775752067566,3.21398663520813,-0.05263805389404297,0.902599573135376,0.02820741757750511,0.025246091187000275,0.4705251157283783,0.9881235957145691,3.250631332397461,-0.024216890335083008,0.9110438823699951,0.017445318400859833,0.01487542875111103,0.7381591796875,0.989593505859375,3.341663122177124,0.0078277587890625,0.9050520658493042,0.02646886371076107,0.02122684381902218,0.5201162099838257,0.9894663691520691,3.401768684387207,0.08156585693359375,0.8892549872398376,0.07122242450714111,0.06378325074911118,0.1506890207529068,0.9461805820465088,0.9147151708602905,0.0836888775229454,0.07351939380168915,0.154296875,0.947862446308136,0.6652883291244507,0.05454292893409729,0.04911712184548378,0.3196885883808136,0.9619954228401184,0.9166855812072754,0.0637882724404335,0.05655217170715332,0.2849392294883728,0.96533203125,0.6941055059432983,0.0354260578751564,0.03185153007507324,0.5071071982383728,0.966796875,0.9054062962532043,0.04008268192410469,0.03597420081496239,0.3741861879825592,0.9759657382965088,0.7129618525505066,0.04283296689391136,0.038404930382966995,0.3456760048866272,0.9659559726715088,0.883487343788147,0.043295860290527344,0.038073137402534485,0.2609049379825592,0.9763997197151184,0.7254241704940796
ai_041_001_cam_00_frame.0000,train,ai_041_001,0,0.03956862539052963,0.03726191073656082,0.216583251953125,0.9905294179916382,3.3520987033843994,-0.1725482940673828,0.7777597308158875,0.03095565363764763,0.028879439458251,0.297515869140625,0.9902903437614441,3.426631450653076,-0.16544628143310547,0.7706568241119385,0.02269238792359829,0.019074220210313797,0.4749196469783783,0.9901021718978882,3.557797431945801,-0.13864994049072266,0.7548059821128845,0.02440783381462097,0.017762744799256325,0.6185506582260132,0.9906972646713257,3.6959755420684814,-0.13245153427124023,0.7452214956283569,0.022169826552271843,0.021721042692661285,0.1998969167470932,1.0,0.8513750433921814,0.02673950418829918,0.026171807199716568,0.19140625,1.0,0.7198249101638794,0.017467262223362923,0.01666460558772087,0.309380441904068,1.0,0.840239942073822,0.021557852625846863,0.020456619560718536,0.2220594584941864,1.0,0.7152906656265259,0.013860773295164108,0.01084240060299635,0.5585395097732544,1.0,0.8273050785064697,0.017862742766737938,0.014156677760183811,0.3886176347732544,1.0,0.6950472593307495,0.015647592023015022,0.009861920960247517,0.6639540195465088,1.0,0.8279953598976135,0.0179893858730793,0.010106432251632214,0.6393229365348816,1.0,0.70243901014328
ai_015_005_cam_00_frame.0000,train,ai_015_005,0,0.048174016177654266,0.03957616165280342,0.4907307028770447,0.9724560379981995,3.5770599842071533,-0.08388853073120117,0.8367648720741272,0.04176360368728638,0.03561665862798691,0.487594336271286,0.9740241765975952,3.6125552654266357,-0.06288957595825195,0.844130277633667,0.03644327446818352,0.032405223697423935,0.5864101648330688,0.9734342098236084,3.693582534790039,-0.0269012451171875,0.8443527221679688,0.04363751783967018,0.03865677863359451,0.42412200570106506,0.9716538190841675,3.7757444381713867,0.008702278137207031,0.8382382392883301,0.11764849722385406,0.10549894720315933,0.2483723908662796,0.9153103232383728,0.882569432258606,0.1581088751554489,0.13720528781414032,0.0652669295668602,0.9106987714767456,0.788105309009552,0.10335857421159744,0.09433342516422272,0.2735731303691864,0.9158257246017456,0.8965330719947815,0.13363763689994812,0.11890385299921036,0.0832790806889534,0.9118923544883728,0.8147605061531067,0.09484834223985672,0.08953259885311127,0.3362630307674408,0.9111599326133728,0.9022343754768372,0.11842090636491776,0.11107486486434937,0.1442057341337204,0.9033203125,0.8381019234657288,0.11208409816026688,0.10298646241426468,0.2234971821308136,0.904296875,0.8992019295692444,0.15061871707439423,0.135462686419487,0.0705295130610466,0.8899196982383728,0.8417173027992249
ai_009_003_cam_00_frame.0000,train,ai_009_003,0,0.047359611839056015,0.043016474694013596,0.2973276972770691,0.9651998281478882,4.305834770202637,0.014888763427734375,0.9244508147239685,0.04032185301184654,0.036666139960289,0.3896077573299408,0.9653066396713257,4.396280765533447,0.0006101131439208984,0.9207740426063538,0.03575022891163826,0.03261017054319382,0.5449015498161316,0.9646657705307007,4.567609786987305,-0.0071258544921875,0.9054179191589355,0.03795607015490532,0.03499547764658928,0.4639231562614441,0.9632467031478882,4.754932403564453,-0.013533353805541992,0.8943570256233215,0.07034499943256378,0.06498625129461288,0.423095703125,0.92626953125,0.9449145197868347,0.04037018120288849,0.035002700984478,0.6117079257965088,0.9720051884651184,0.8366230726242065,0.06461465358734131,0.06010117754340172,0.5072157382965088,0.9266493320465088,0.9463462829589844,0.03456360846757889,0.03050159476697445,0.7289496660232544,0.9730360507965088,0.8376960158348083,0.06300178915262222,0.05904493108391762,0.4749620258808136,0.925889790058136,0.9365896582603455,0.032639797776937485,0.02938193455338478,0.67578125,0.9733073115348816,0.8441222310066223,0.06606604903936386,0.06222507730126381,0.384765625,0.9242350459098816,0.9298754334449768,0.03527330234646797,0.03213365375995636,0.5696614384651184,0.9734700322151184,0.8375433683395386
ai_003_005_cam_00_frame.0000,train,ai_003_005,0,0.10969384759664536,0.09931941330432892,0.2844187617301941,0.8483022451400757,4.064685344696045,-0.10488748550415039,0.5881816744804382,0.10416461527347565,0.09412795305252075,0.4049937129020691,0.8514862060546875,4.157385349273682,-0.09855842590332031,0.5882740616798401,0.09879686683416367,0.08916330337524414,0.62353515625,0.856475830078125,4.3388447761535645,-0.0784921646118164,0.5893846750259399,0.10345317423343658,0.09328412264585495,0.4455718994140625,0.85980224609375,4.520970821380615,-0.031105518341064453,0.5921466946601868,0.1305045783519745,0.11816363781690598,0.193142369389534,0.8362358808517456,0.8922319412231445,0.16277585923671722,0.14569857716560364,0.1937934011220932,0.8186848759651184,0.8180631995201111,0.12600727379322052,0.11380423605442047,0.328125,0.8378092646598816,0.8908031582832336,0.16034290194511414,0.14319057762622833,0.279839426279068,0.8210720419883728,0.8180939555168152,0.12230711430311203,0.11015307158231735,0.5081380009651184,0.8420952558517456,0.8844481706619263,0.16124916076660156,0.14409282803535461,0.317925363779068,0.829698383808136,0.8103024959564209,0.12956316769123077,0.11753649264574051,0.1640625,0.8501790165901184,0.8785945177078247,0.1694520264863968,0.15234817564487457,0.1246202290058136,0.8455946445465088,0.8037881851196289
ai_044_007_cam_01_frame.0099,train,ai_044_007,99,0.05920528247952461,0.05355630815029144,0.45278170704841614,0.9427530169487,13.947616577148438,-0.47663211822509766,0.7693115472793579,0.05285299941897392,0.047698166221380234,0.4855661690235138,0.9494472742080688,14.225401878356934,-0.4629669189453125,0.7719188928604126,0.045479245483875275,0.04096738621592522,0.49755576252937317,0.9637411832809448,14.83442497253418,-0.4580116271972656,0.7616709470748901,0.04686509817838669,0.04231175407767296,0.36220094561576843,0.9667881727218628,15.484262466430664,-0.46124267578125,0.7489562630653381,0.1091926097869873,0.10122830420732498,0.1636555939912796,0.8957790732383728,0.7155736684799194,0.15773917734622955,0.14536169171333313,0.0750325545668602,0.8463541865348816,0.6652581095695496,0.10333505272865295,0.09576878696680069,0.1588541716337204,0.9030219316482544,0.7192909717559814,0.14714351296424866,0.13552738726139069,0.0751953125,0.8583984375,0.6611093282699585,0.09576957672834396,0.08861780911684036,0.176784947514534,0.9088541865348816,0.7233392596244812,0.13322140276432037,0.12239298969507217,0.1700846403837204,0.8672417402267456,0.6492109298706055,0.09748286008834839,0.09028831124305725,0.1361490935087204,0.9095594882965088,0.7304888963699341,0.1379278302192688,0.12678487598896027,0.1148003488779068,0.867784321308136,0.6417216658592224
ai_053_020_cam_00_frame.0000,train,ai_053_020,0,0.02785150334239006,0.025954699143767357,0.4267730712890625,0.9842326045036316,4.582140922546387,0.07681703567504883,0.6500579714775085,0.021447649225592613,0.02001047506928444,0.6496022939682007,0.9842529296875,4.67633581161499,0.0658416748046875,0.6390593647956848,0.022064391523599625,0.020123803988099098,0.661041259765625,0.9828593134880066,4.870359897613525,0.06721687316894531,0.635799765586853,0.027465134859085083,0.025034315884113312,0.5212860107421875,0.9778188467025757,5.0592875480651855,0.07792425155639648,0.6327908039093018,0.05628681182861328,0.0525994747877121,0.4152018129825592,0.9386935830116272,0.39976203441619873,0.011536126025021076,0.010738980956375599,0.6638454794883728,0.9992404580116272,0.3203687369823456,0.052418023347854614,0.04869719594717026,0.550401508808136,0.9368489384651184,0.37951940298080444,0.00768911000341177,0.006752193905413151,0.863389790058136,0.9992404580116272,0.3205225169658661,0.05583413317799568,0.05126761272549629,0.6217448115348816,0.9317762851715088,0.39166733622550964,0.009351301938295364,0.007773889694362879,0.808702290058136,0.999131977558136,0.32154345512390137,0.06895384937524796,0.06383015960454941,0.6110297441482544,0.9081217646598816,0.41353926062583923,0.011620298027992249,0.009928540326654911,0.7942708134651184,0.9990776777267456,0.32337355613708496
ai_033_010_cam_00_frame.0000,train,ai_033_010,0,0.068155936896801,0.06161211058497429,0.2636515498161316,0.93328857421875,7.850268840789795,-0.6005501747131348,0.7772402167320251,0.059363991022109985,0.053521133959293365,0.3748321533203125,0.934326171875,7.992111682891846,-0.5503735542297363,0.7757311463356018,0.05243679881095886,0.04610861465334892,0.5097198486328125,0.9361013174057007,8.240080833435059,-0.35328102111816406,0.7739654779434204,0.061774786561727524,0.05225585028529167,0.3313395380973816,0.9385274648666382,8.417875289916992,-0.08908987045288086,0.7703381776809692,0.11312995851039886,0.10376539081335068,0.087782122194767,0.8615451455116272,0.6607808470726013,0.0526011660695076,0.04701227694749832,0.1071506068110466,0.9734700322151184,0.7780463099479675,0.10333161056041718,0.09439335018396378,0.230712890625,0.861083984375,0.6585509181022644,0.0406547375023365,0.03585508093237877,0.2961696982383728,0.9727104902267456,0.7790595889091492,0.10385484248399734,0.09306219220161438,0.220947265625,0.8597005009651184,0.6577826142311096,0.042780306190252304,0.034030914306640625,0.3827582597732544,0.9705946445465088,0.7830384373664856,0.11741765588521957,0.10265864431858063,0.0830078125,0.8595106601715088,0.6574638485908508,0.062069788575172424,0.04551537707448006,0.1217447891831398,0.970703125,0.7771847248077393
ai_013_004_cam_00_frame.0000,train,ai_013_004,0,0.025832688435912132,0.02352488413453102,0.5602569580078125,0.99017333984375,2.5300676822662354,0.016726255416870117,0.724265992641449,0.017518077045679092,0.015863100066781044,0.6854095458984375,0.989959716796875,2.5623326301574707,0.023956298828125,0.7182401418685913,0.01616128906607628,0.014296873472630978,0.7609609365463257,0.9874471426010132,2.631000518798828,0.040900230407714844,0.6420823335647583,0.023085668683052063,0.020447876304388046,0.5987498164176941,0.9842122793197632,2.706148624420166,0.05413484573364258,0.5743335485458374,0.05145156383514404,0.046977490186691284,0.3189832866191864,0.9800618290901184,0.8465542197227478,0.0686924159526825,0.062482696026563644,0.2352973073720932,0.9851345419883728,0.7834779024124146,0.03230445086956024,0.02924627810716629,0.463623046875,0.9788140058517456,0.8405677676200867,0.03920484706759453,0.03523673489689827,0.3449435830116272,0.9841579794883728,0.7527142763137817,0.0338556207716465,0.0297101940959692,0.4727918803691864,0.9649794101715088,0.820500910282135,0.0429387241601944,0.036542560905218124,0.3361545205116272,0.9595268964767456,0.7001913189888,0.04648089408874512,0.04020984470844269,0.3604600727558136,0.947998046875,0.7966989278793335,0.06254936754703522,0.052401963621377945,0.3333875834941864,0.9290907382965088,0.6699895262718201
ai_030_009_cam_00_frame.0000,train,ai_030_009,0,0.015678470954298973,0.014225468039512634,0.726654052734375,0.9895274043083191,3.440247058868408,0.00281524658203125,0.8744834661483765,0.01307002268731594,0.011841151863336563,0.8285421133041382,0.989532470703125,3.508784770965576,0.00015926361083984375,0.8714631795883179,0.015091149136424065,0.01371896080672741,0.8406728506088257,0.9842275381088257,3.645033121109009,-0.004581451416015625,0.8613494634628296,0.01867762953042984,0.01704154722392559,0.78436279296875,0.9819132685661316,3.798358201980591,-0.010614871978759766,0.8587580919265747,0.02932835929095745,0.026618096977472305,0.5502658486366272,0.974853515625,0.9718499183654785,0.020191827788949013,0.0180827509611845,0.6591796875,0.9890407919883728,0.5713421702384949,0.024561205878853798,0.02232358604669571,0.6845160722732544,0.974962055683136,0.9692635536193848,0.017010794952511787,0.015257645398378372,0.7714301347732544,0.9888237714767456,0.5823846459388733,0.024812279269099236,0.022608226165175438,0.6640082597732544,0.9741482138633728,0.971123993396759,0.016734713688492775,0.015011267736554146,0.76220703125,0.9884440302848816,0.6013299226760864,0.02832905389368534,0.025664564222097397,0.5322536826133728,0.9740939736366272,0.9694467782974243,0.02032662369310856,0.01788630150258541,0.5959201455116272,0.9880642294883728,0.5997707843780518
ai_036_008_cam_00_frame.0000,train,ai_036_008,0,0.2140185832977295,0.036207884550094604,0.457550048828125,0.9485626220703125,5.697648525238037,-0.0692291259765625,0.7810613512992859,0.21204976737499237,0.03016745112836361,0.5272166132926941,0.9493459463119507,5.806257724761963,-0.05161714553833008,0.7854454517364502,0.2105042189359665,0.027843408286571503,0.6178792715072632,0.9494578242301941,6.013949871063232,-0.004201412200927734,0.7819007635116577,0.21160809695720673,0.0361856184899807,0.4072113037109375,0.9492747187614441,6.221792221069336,0.04094409942626953,0.7651134729385376,0.21702374517917633,0.05179480090737343,0.2394476979970932,0.9165581464767456,0.7519234418869019,0.20738066732883453,0.03763904795050621,0.105360247194767,0.98876953125,0.7078315615653992,0.21605636179447174,0.04533476382493973,0.2912326455116272,0.9163954257965088,0.7553133368492126,0.20634303987026215,0.02794244885444641,0.1971571147441864,0.9891493320465088,0.7135286331176758,0.21559400856494904,0.04018732160329819,0.4381781816482544,0.9163954257965088,0.7494121193885803,0.2056318074464798,0.020527103915810585,0.4493272602558136,0.989366352558136,0.707130491733551,0.2167089581489563,0.04495716094970703,0.381890207529068,0.9160427451133728,0.7461264729499817,0.20690086483955383,0.02432110346853733,0.4683702290058136,0.989366352558136,0.70643550157547
ai_008_010_cam_00_frame.0000,train,ai_008_010,0,0.030109301209449768,0.02788153849542141,0.24368081986904144,0.9840415716171265,8.336989402770996,0.01698160171508789,0.8217751979827881,0.021954622119665146,0.019954325631260872,0.5150134563446045,0.9836833477020264,8.518467903137207,0.02779865264892578,0.815524697303772,0.019394509494304657,0.016923563554883003,0.7633506059646606,0.9824159145355225,8.821735382080078,0.059073448181152344,0.7915675044059753,0.02571299858391285,0.023000575602054596,0.5127596259117126,0.9804156422615051,9.161266326904297,0.08324813842773438,0.7660764455795288,0.05772166699171066,0.053642649203538895,0.3278266191482544,0.941162109375,0.843440592288971,0.07662079483270645,0.07102099806070328,0.1115451380610466,0.9230143427848816,0.7490112781524658,0.0495583675801754,0.04600575193762779,0.3958604633808136,0.9407551884651184,0.8354861736297607,0.06442564725875854,0.059715721756219864,0.1568467915058136,0.9221462607383728,0.7568063735961914,0.04817526414990425,0.044819992035627365,0.58154296875,0.9344889521598816,0.8197205662727356,0.06319021433591843,0.05874021723866463,0.4930013120174408,0.90673828125,0.7507118582725525,0.05172663927078247,0.04828310012817383,0.4720865786075592,0.9324001669883728,0.8107374906539917,0.0693494901061058,0.06477274000644684,0.3838975727558136,0.9012044072151184,0.7583566308021545
ai_026_019_cam_00_frame.0000,train,ai_026_019,0,0.040382497012615204,0.03630563244223595,0.23461979627609253,0.9815783500671387,21.653003692626953,-0.1531047821044922,0.9033645987510681,0.03066222369670868,0.02780284732580185,0.3405478894710541,0.9811151623725891,21.979360580444336,0.011663436889648438,0.9053121209144592,0.024334929883480072,0.020394593477249146,0.6301220655441284,0.9832785129547119,22.735319137573242,0.25368499755859375,0.9019086360931396,0.034668318927288055,0.02793598547577858,0.35985520482063293,0.9817667007446289,23.232118606567383,0.758453369140625,0.8989824056625366,0.03705643117427826,0.031703826040029526,0.4026242196559906,0.9767460823059082,0.9227333068847656,0.03186874836683273,0.028056982904672623,0.4225252568721771,0.9816907644271851,0.8155575394630432,0.0315718799829483,0.027470339089632034,0.4954497516155243,0.9768276214599609,0.9231480360031128,0.02491643652319908,0.022674230858683586,0.5908399224281311,0.9808757901191711,0.8182862997055054,0.02994103915989399,0.025996090844273567,0.5897693634033203,0.9763386249542236,0.9167879223823547,0.024911891669034958,0.022227171808481216,0.650331437587738,0.980060875415802,0.8227507472038269,0.03937840461730957,0.03344065696001053,0.3066202998161316,0.9730243682861328,0.9085828065872192,0.03757775202393532,0.029681198298931122,0.3652069866657257,0.9797348976135254,0.8214589953422546
ai_038_002_cam_00_frame.0099,train,ai_038_002,99,0.06945031881332397,0.05908637121319771,0.11720624566078186,0.9955395460128784,3.3706212043762207,-0.0690460205078125,0.6608110666275024,0.059189457446336746,0.0451207272708416,0.17354074120521545,0.9960254430770874,3.439577102661133,-0.07467889785766602,0.6539934873580933,0.04931602627038956,0.021585699170827866,0.43929964303970337,0.9973247647285461,3.5938234329223633,-0.09721207618713379,0.6081779599189758,0.055297352373600006,0.020475156605243683,0.4009862542152405,0.9979027509689331,3.7831199169158936,-0.16033554077148438,0.5774011015892029,0.05944846197962761,0.05190688744187355,0.1829155832529068,0.9895561933517456,0.34901365637779236,0.06479550898075104,0.05481644347310066,0.072265625,1.0,0.25987708568573,0.05139128491282463,0.041688255965709686,0.2379557341337204,0.9896376132965088,0.3222043216228485,0.05878334492444992,0.045447394251823425,0.0696614608168602,1.0,0.2540385127067566,0.04148722440004349,0.02146691083908081,0.4011501669883728,0.9964192509651184,0.2822584807872772,0.05346333235502243,0.022165630012750626,0.286187082529068,1.0,0.251156747341156,0.049636323004961014,0.01631283573806286,0.509765625,0.9997016191482544,0.24543160200119019,0.06796959787607193,0.015415715053677559,0.4876844584941864,1.0,0.21645613014698029
ai_012_010_cam_00_frame.0099,train,ai_012_010,99,0.037955254316329956,0.034167733043432236,0.3947575092315674,0.981798529624939,3.5751004219055176,0.03501605987548828,0.859495222568512,0.028425902128219604,0.025331633165478706,0.5291125178337097,0.9839208722114563,3.641005754470825,0.03083491325378418,0.8587923049926758,0.023653293028473854,0.02043529599905014,0.6221330761909485,0.9843786358833313,3.791480541229248,0.013387680053710938,0.8551294207572937,0.029858822003006935,0.02571854181587696,0.4778372645378113,0.9805864691734314,3.9456472396850586,0.006038665771484375,0.8522290587425232,0.03210267797112465,0.029464395716786385,0.41223612427711487,0.9817979335784912,0.9156520366668701,0.013803906738758087,0.012049619108438492,0.5875033736228943,0.9989133477210999,0.6838688254356384,0.025538548827171326,0.023207059130072594,0.5976527333259583,0.982096791267395,0.9141503572463989,0.01058874186128378,0.008809803985059261,0.7951099872589111,0.9989676475524902,0.6759835481643677,0.023756323382258415,0.020765649154782295,0.6268032193183899,0.982096791267395,0.9167315363883972,0.012035495601594448,0.009008301421999931,0.8008149862289429,0.9990220069885254,0.6789941787719727,0.029494646936655045,0.025184379890561104,0.44747209548950195,0.9821510910987854,0.910800039768219,0.016297494992613792,0.01160520315170288,0.6342841386795044,0.998695969581604,0.6837236881256104
ai_029_005_cam_00_frame.0000,train,ai_029_005,0,0.04665902256965637,0.041777145117521286,0.2382253110408783,0.9715220332145691,4.966186046600342,0.051735877990722656,0.9008757472038269,0.03851586580276489,0.033811479806900024,0.3652140498161316,0.9715728759765625,5.060788631439209,0.05676126480102539,0.9058369994163513,0.03618812561035156,0.0305898766964674,0.4910634458065033,0.9710744619369507,5.223562717437744,0.10472321510314941,0.8994951248168945,0.04283813759684563,0.035553522408008575,0.3807118833065033,0.96307373046875,5.341048717498779,0.17340946197509766,0.8757519125938416,0.0854051411151886,0.07748878747224808,0.0952690988779068,0.9216850996017456,0.8948971629142761,0.08473579585552216,0.07537060230970383,0.093641497194767,0.9490017294883728,0.6251723766326904,0.07593533396720886,0.06849662214517593,0.260064035654068,0.9218478798866272,0.8940386772155762,0.07322898507118225,0.06476850062608719,0.3407660722732544,0.9489474892616272,0.6108627319335938,0.07275963574647903,0.06581710278987885,0.3693305253982544,0.92138671875,0.8807142376899719,0.06685596704483032,0.0611027367413044,0.3762478232383728,0.948839008808136,0.5838271975517273,0.08107529580593109,0.07294254750013351,0.2216254323720932,0.9198947548866272,0.8707459568977356,0.07494265586137772,0.06822343915700912,0.1388346403837204,0.94921875,0.5713157653808594
ai_051_002_cam_00_frame.0000,train,ai_051_002,0,0.034248292446136475,0.03028121590614319,0.2557373046875,0.9873453974723816,3.218918800354004,-0.0995640754699707,0.8369148373603821,0.024263575673103333,0.021719148382544518,0.436614990234375,0.9872283935546875,3.263268232345581,-0.06637716293334961,0.8369715809822083,0.018705356866121292,0.016911648213863373,0.6421254873275757,0.9870198965072632,3.3471550941467285,-0.011403918266296387,0.8377984166145325,0.03151319548487663,0.027565788477659225,0.3259124755859375,0.985748291015625,3.429965019226074,0.039786338806152344,0.8217085599899292,0.03430812433362007,0.029816919937729836,0.3268771767616272,0.984483540058136,0.8668950200080872,0.031000498682260513,0.02419791929423809,0.3614908754825592,0.994249165058136,0.5424482822418213,0.025223853066563606,0.022482767701148987,0.5407172441482544,0.9837782382965088,0.8720439672470093,0.022006019949913025,0.017940262332558632,0.6091579794883728,0.9938693642616272,0.5544828176498413,0.024617021903395653,0.02330777421593666,0.4414333701133728,0.9835883378982544,0.8736322522163391,0.02199862152338028,0.02075406350195408,0.395073801279068,0.9933810830116272,0.56807941198349,0.03626671060919762,0.03231966495513916,0.218288853764534,0.9838324785232544,0.855258047580719,0.033585693687200546,0.02863375097513199,0.2077365517616272,0.992784321308136,0.545482337474823
ai_048_004_cam_00_frame.0000,train,ai_048_004,0,0.030501987785100937,0.02430088445544243,0.4754893183708191,0.9906107783317566,3.674701690673828,0.027963638305664062,0.8727989792823792,0.024550652131438255,0.01818976178765297,0.58929443359375,0.990753173828125,3.7561099529266357,0.018649578094482422,0.8643806576728821,0.022322792559862137,0.015477089211344719,0.6998189687728882,0.9912109375,3.9261746406555176,-0.0017063617706298828,0.8540549874305725,0.028039466589689255,0.02163872681558132,0.4775594174861908,0.9893595576286316,4.098592758178711,-0.01825547218322754,0.8203118443489075,0.04770825430750847,0.042457275092601776,0.350640207529068,0.9660102128982544,0.8982089161872864,0.044888634234666824,0.03830644115805626,0.4689670205116272,0.9735785722732544,0.8129613399505615,0.04297398403286934,0.03754878416657448,0.4047580361366272,0.9657660722732544,0.8883612751960754,0.03938993439078331,0.03275272622704506,0.517686665058136,0.9727104902267456,0.8013158440589905,0.04244968667626381,0.0369577594101429,0.5187174677848816,0.9675564169883728,0.876217246055603,0.04231491684913635,0.03656277433037758,0.5265842080116272,0.9727104902267456,0.7987636923789978,0.05052479729056358,0.045666471123695374,0.3818630576133728,0.9574381709098816,0.8528714776039124,0.054358694702386856,0.049035314470529556,0.4566514790058136,0.9515516757965088,0.7732699513435364
ai_013_001_cam_00_frame.0000,train,ai_013_001,0,0.054876115173101425,0.05018051713705063,0.2717437744140625,0.9909414052963257,370.97003173828125,-7.134033203125,0.9248903393745422,0.03875308111310005,0.035521671175956726,0.3756307065486908,0.9919484853744507,382.65869140625,-8.11700439453125,0.920647919178009,0.014971967786550522,0.011396018788218498,0.7728424072265625,0.9922637939453125,403.1134948730469,-7.986572265625,0.9085555672645569,0.0381523035466671,0.0322800949215889,0.363067626953125,0.992279052734375,426.6035461425781,-10.925537109375,0.8936536908149719,0.026765873655676842,0.025541776791214943,0.374321848154068,0.9803602695465088,0.9037903547286987,0.02079942263662815,0.020013952627778053,0.4576280415058136,0.9885525107383728,0.0,0.021616194397211075,0.020448705181479454,0.570176899433136,0.980577290058136,0.9024327993392944,0.01798877865076065,0.017293130978941917,0.5657551884651184,0.9881184697151184,0.0,0.018573302775621414,0.017182566225528717,0.753662109375,0.9803602695465088,0.901228129863739,0.013336463831365108,0.011867028661072254,0.8724501132965088,0.98779296875,0.0,0.026127135381102562,0.02518552541732788,0.4627549946308136,0.980224609375,0.8904149532318115,0.01554866787046194,0.014335297979414463,0.75732421875,0.9876301884651184,0.0
ai_018_007_cam_00_frame.0000,train,ai_018_007,0,0.030666565522551537,0.0275067538022995,0.2606964111328125,0.9971160888671875,3.6203806400299072,0.012521743774414062,0.8076602220535278,0.01971512660384178,0.017947405576705933,0.3841094970703125,0.9970144033432007,3.6819756031036377,0.03162050247192383,0.8079842925071716,0.014551597647368908,0.01240532286465168,0.6442362666130066,0.9969482421875,3.834373950958252,0.06849527359008789,0.8102279305458069,0.026590002700686455,0.022772712633013725,0.4134725034236908,0.9966481924057007,3.96868896484375,0.10863304138183594,0.7924186587333679,0.031598176807165146,0.030928635969758034,0.199951171875,0.9928928017616272,0.7258914709091187,0.036277126520872116,0.0357988066971302,0.1317816823720932,0.9911566972732544,0.7015949487686157,0.02316834218800068,0.02268696203827858,0.2855902910232544,0.992919921875,0.7250444889068604,0.024066084995865822,0.023708920925855637,0.3050130307674408,0.9912109375,0.7170354127883911,0.018650416284799576,0.017257770523428917,0.5078667402267456,0.9927571415901184,0.7164416313171387,0.023458249866962433,0.022654825821518898,0.3632270097732544,0.9907768964767456,0.7602197527885437,0.029237860813736916,0.02815147303044796,0.2880588173866272,0.9919704794883728,0.6806071996688843,0.040036097168922424,0.03910579904913902,0.1612955778837204,0.9891493320465088,0.7345039248466492
ai_016_006_cam_00_frame.0099,train,ai_016_006,99,0.0595976747572422,0.053691089153289795,0.33858081698417664,0.9188058376312256,3.669528007507324,0.038633108139038086,0.6971135139465332,0.050821784883737564,0.04543342813849449,0.40923216938972473,0.9578748345375061,3.7295517921447754,0.036919593811035156,0.6914375424385071,0.039642248302698135,0.034154608845710754,0.48460623621940613,0.9590286016464233,3.861924171447754,0.022759437561035156,0.6719448566436768,0.0447373203933239,0.037062231451272964,0.449249804019928,0.9561775326728821,3.960155487060547,0.04346919059753418,0.6377761960029602,0.05276201292872429,0.049582868814468384,0.262749582529068,0.9337565302848816,0.8144170045852661,0.03356551378965378,0.032046347856521606,0.1461046040058136,0.9890950322151184,0.7564032673835754,0.04878899082541466,0.0457012914121151,0.3735622763633728,0.9338650107383728,0.8133506178855896,0.028609680011868477,0.027235204353928566,0.2543402910232544,0.9890407919883728,0.7605504989624023,0.04604140296578407,0.04331075772643089,0.5179850459098816,0.9339735507965088,0.8066388964653015,0.02442093752324581,0.02289111167192459,0.5635308027267456,0.9892578125,0.7674998641014099,0.04786978289484978,0.045122548937797546,0.4784071147441864,0.9336751103401184,0.8008389472961426,0.027375519275665283,0.025671590119600296,0.54541015625,0.9888237714767456,0.7630574703216553
ai_032_002_cam_00_frame.0099,train,ai_032_002,99,0.08605499565601349,0.0780152752995491,0.3115692138671875,0.90899658203125,3.9836313724517822,-0.16583847999572754,0.9112401008605957,0.07247502356767654,0.06588920950889587,0.4084269404411316,0.943023681640625,4.083232402801514,-0.14318633079528809,0.9119464159011841,0.05173517391085625,0.04809906333684921,0.44488525390625,0.9652099609375,4.29313850402832,-0.10296130180358887,0.9001436233520508,0.042456112802028656,0.0398719385266304,0.3551279902458191,0.9699300527572632,4.522803783416748,-0.07524418830871582,0.8828105926513672,0.07972943037748337,0.07478492707014084,0.3667806088924408,0.8221028447151184,0.9087275862693787,0.02759019285440445,0.020710518583655357,0.4650065004825592,0.9949001669883728,0.8505638241767883,0.07090190798044205,0.06659781187772751,0.4874131977558136,0.8765190839767456,0.9005263447761536,0.021814564242959023,0.015846090391278267,0.6510959267616272,0.9950087070465088,0.8498269319534302,0.05963778495788574,0.05684183910489082,0.4258897602558136,0.9364963173866272,0.8919299244880676,0.0202434491366148,0.016643868759274483,0.5946723222732544,0.9944118857383728,0.8382532000541687,0.05839235335588455,0.05648733675479889,0.2978786826133728,0.9470757246017456,0.8781244158744812,0.023969203233718872,0.022112015634775162,0.4289821982383728,0.9931098222732544,0.8242011070251465
ai_042_002_cam_00_frame.0000,train,ai_042_002,0,0.02992520108819008,0.025845564901828766,0.3364885449409485,0.9901173710823059,3.599308490753174,-0.11203837394714355,0.8585801124572754,0.020971117541193962,0.017848452553153038,0.5275041460990906,0.9922230839729309,3.6587977409362793,-0.09469985961914062,0.8606864809989929,0.01714128442108631,0.015501879155635834,0.6886835694313049,0.9929606318473816,3.7718417644500732,-0.05011463165283203,0.8487676978111267,0.026465287432074547,0.02337045595049858,0.45636218786239624,0.9912821650505066,3.8899717330932617,-0.008622169494628906,0.8405513763427734,0.05149911344051361,0.04586406052112579,0.1281467080116272,0.9694281816482544,0.9261304140090942,0.06715316325426102,0.05820547416806221,0.0354275181889534,0.9665798544883728,0.6712737679481506,0.03620414063334465,0.031595874577760696,0.3289659321308136,0.9802788496017456,0.9263613820075989,0.043950844556093216,0.03679549694061279,0.1788194477558136,0.9857313632965088,0.6849105954170227,0.027339419350028038,0.024613801389932632,0.59521484375,0.9829372763633728,0.9022897481918335,0.029040899127721786,0.025638001039624214,0.5303276777267456,0.9866536259651184,0.6924979090690613,0.0379122830927372,0.03402915224432945,0.4115668535232544,0.9765625,0.884543776512146,0.0427255854010582,0.03805350139737129,0.2984483540058136,0.9833441972732544,0.6654983758926392
ai_034_001_cam_00_frame.0000,train,ai_034_001,0,0.044697266072034836,0.041401855647563934,0.3291117548942566,0.9718221426010132,2.8298585414886475,-0.027549266815185547,0.6973004937171936,0.03562482073903084,0.03266777843236923,0.431365966796875,0.97125244140625,2.874455213546753,-0.021396160125732422,0.7078078985214233,0.027074895799160004,0.023884475231170654,0.506439208984375,0.9702047109603882,2.974900722503662,-0.021181106567382812,0.7182475328445435,0.0313156358897686,0.027367105707526207,0.4215952754020691,0.9696502685546875,3.0897319316864014,-0.020262718200683594,0.7071766257286072,0.049641139805316925,0.043932512402534485,0.3434787392616272,0.9515516757965088,0.8438255190849304,0.031012827530503273,0.02567281760275364,0.3782552182674408,0.9967990517616272,0.6274751424789429,0.04145875945687294,0.03639519214630127,0.4979654848575592,0.951524555683136,0.8457571864128113,0.022853722795844078,0.01808604784309864,0.6003146767616272,0.9967448115348816,0.6453534364700317,0.03853801265358925,0.03391869738698006,0.4357367753982544,0.9517143964767456,0.8323071599006653,0.019224781543016434,0.015540874563157558,0.5182291865348816,0.99658203125,0.6328187584877014,0.04449237510561943,0.03914054483175278,0.3610568642616272,0.9517143964767456,0.8247182369232178,0.027393419295549393,0.022919978946447372,0.3656684160232544,0.996202290058136,0.6322154402732849
ai_045_004_cam_01_frame.0099,train,ai_045_004,99,0.03223413974046707,0.027990935370326042,0.5858999490737915,0.9698015451431274,2.1778690814971924,-0.07847845554351807,0.7830591797828674,0.02890629880130291,0.02446211315691471,0.7118780016899109,0.9697405099868774,2.215857982635498,-0.07690978050231934,0.7857001423835754,0.02494608424603939,0.020461874082684517,0.8118546009063721,0.9750974774360657,2.2998008728027344,-0.07708549499511719,0.780332088470459,0.022834377363324165,0.01860058307647705,0.7780745625495911,0.9843208193778992,2.395526647567749,-0.08035051822662354,0.7570478320121765,0.10588132590055466,0.0984455943107605,0.48883819580078125,0.8445222973823547,0.7172825932502747,0.023815833032131195,0.018361998721957207,0.48308077454566956,0.9994568228721619,0.5437116026878357,0.0985620766878128,0.09132737666368484,0.5255281925201416,0.8441692590713501,0.7167954444885254,0.020998647436499596,0.01578771509230137,0.540709376335144,0.9987507462501526,0.5599848628044128,0.08452317863702774,0.07824485003948212,0.5575742721557617,0.8727391362190247,0.683027446269989,0.018451550975441933,0.0136679382994771,0.5907338261604309,0.9979360103607178,0.5599093437194824,0.06989438086748123,0.06475964188575745,0.5483134984970093,0.9219488501548767,0.631584644317627,0.017688065767288208,0.013459479436278343,0.5767747759819031,0.9977730512619019,0.5465419888496399
ai_035_009_cam_00_frame.0000,train,ai_035_009,0,0.03125376999378204,0.027807343751192093,0.40908902883529663,0.9966636300086975,2.444000482559204,-0.1383070945739746,0.8602672219276428,0.024384526535868645,0.020801493898034096,0.5360729694366455,0.9965872168540955,2.481006383895874,-0.12609481811523438,0.8749196529388428,0.021233802661299706,0.014706222340464592,0.6012254953384399,0.9960371255874634,2.573699712753296,-0.1118021011352539,0.8824489712715149,0.03251377493143082,0.025348834693431854,0.32149404287338257,0.9960269331932068,2.6847381591796875,-0.11841118335723877,0.8738127946853638,0.011004257947206497,0.010098883882164955,0.7189127802848816,0.9992946982383728,0.7892845273017883,0.012474553659558296,0.011278101243078709,0.6999240517616272,0.9997287392616272,0.6278149485588074,0.008913450874388218,0.007863913662731647,0.811143696308136,0.999267578125,0.8038274049758911,0.00979446992278099,0.00845332257449627,0.826768696308136,0.9997287392616272,0.6561827063560486,0.01210782304406166,0.011006693355739117,0.6468098759651184,0.9992404580116272,0.8461852669715881,0.01488029770553112,0.013515735045075417,0.5705295205116272,0.9996744990348816,0.695804238319397,0.01874883659183979,0.01790623553097248,0.4138454794883728,0.9991862177848816,0.8547214865684509,0.020947903394699097,0.01976986788213253,0.4032118022441864,0.999620258808136,0.7209665775299072
ai_019_001_cam_00_frame.0000,train,ai_019_001,0,0.048383474349975586,0.04582713544368744,0.2034352719783783,0.9933522939682007,5.610344886779785,0.3649106025695801,0.8881287574768066,0.03574280068278313,0.03384479880332947,0.2683156430721283,0.9937490224838257,5.691625118255615,0.3918027877807617,0.8997915983200073,0.022541556507349014,0.016668669879436493,0.4905853271484375,0.9946238398551941,5.922853469848633,0.3283700942993164,0.8955107927322388,0.032349973917007446,0.021590275689959526,0.3674723505973816,0.9943288564682007,5.994600296020508,0.5046401023864746,0.8875725269317627,0.04352014511823654,0.0416703037917614,0.230712890625,0.9760199785232544,0.9696823954582214,0.03272316977381706,0.029721731320023537,0.4495442807674408,0.9847005009651184,0.6569234132766724,0.03388230875134468,0.031881093978881836,0.30908203125,0.9760470986366272,0.9709308743476868,0.025822734460234642,0.022980470210313797,0.5697699785232544,0.9847548007965088,0.6766816973686218,0.027465542778372765,0.02291332371532917,0.551133930683136,0.980089008808136,0.9713491201400757,0.026065506041049957,0.02270965278148651,0.4690212607383728,0.98486328125,0.6911488175392151,0.03681245073676109,0.03326214477419853,0.2119954377412796,0.9790852665901184,0.9657449126243591,0.036626093089580536,0.033470384776592255,0.291069895029068,0.9844292402267456,0.6982783675193787
ai_004_008_cam_00_frame.0000,train,ai_004_008,0,0.028773363679647446,0.026171501725912094,0.6301981806755066,0.9736785888671875,3.126307964324951,0.04946112632751465,0.7683197259902954,0.02723415568470955,0.024670273065567017,0.7571818232536316,0.9732005000114441,3.1819615364074707,0.053461551666259766,0.767525851726532,0.02628273330628872,0.023280665278434753,0.8403066396713257,0.9708099365234375,3.300682783126831,0.059285640716552734,0.7586729526519775,0.029658034443855286,0.02635035291314125,0.7447866201400757,0.9701284170150757,3.420520067214966,0.06667613983154297,0.7505988478660583,0.01592102274298668,0.01507935393601656,0.5959743857383728,0.998779296875,0.9766139388084412,0.021763691678643227,0.020733287557959557,0.3385959267616272,0.99853515625,0.7222785949707031,0.012704809196293354,0.012059208936989307,0.7017958164215088,0.9987250566482544,0.9767252802848816,0.016461944207549095,0.015725335106253624,0.51171875,0.99853515625,0.7200185060501099,0.009439997375011444,0.008985704742372036,0.861436665058136,0.9986979365348816,0.9770497679710388,0.011173265986144543,0.010699227452278137,0.8076714277267456,0.9984809160232544,0.7153536081314087,0.01208941824734211,0.011514684185385704,0.7898220419883728,0.9986708164215088,0.9786593317985535,0.015924012288451195,0.015092439018189907,0.6742621660232544,0.9984809160232544,0.7196305394172668
ai_039_007_cam_00_frame.0099,train,ai_039_007,99,0.04070788994431496,0.03650972247123718,0.6158098578453064,0.9627407193183899,3.2922239303588867,-0.037583351135253906,0.6391283273696899,0.033834848552942276,0.030048886314034462,0.6825745701789856,0.966600775718689,3.3451783657073975,-0.03972959518432617,0.631967306137085,0.030491605401039124,0.026679083704948425,0.7319775223731995,0.9643523693084717,3.4698128700256348,-0.050158023834228516,0.6163126230239868,0.03310459479689598,0.029279381036758423,0.6282352805137634,0.9621940851211548,3.594318151473999,-0.05109095573425293,0.6106514930725098,0.12147160619497299,0.11106593161821365,0.19892536103725433,0.8562234044075012,0.6615285277366638,0.11326982825994492,0.10181330889463425,0.09358762204647064,0.9497519731521606,0.26912784576416016,0.10702068358659744,0.09770555049180984,0.2784305512905121,0.8570500612258911,0.6509026288986206,0.08915688842535019,0.07954413443803787,0.12269721180200577,0.9509919285774231,0.26119354367256165,0.0976179912686348,0.08901733160018921,0.325696736574173,0.8479570150375366,0.6370738744735718,0.07316926121711731,0.06447875499725342,0.20276333391666412,0.9433159828186035,0.26949867606163025,0.10103568434715271,0.09261058270931244,0.25811880826950073,0.8415210247039795,0.626559853553772,0.07730630785226822,0.06905052065849304,0.16461974382400513,0.9368209838867188,0.28223928809165955
ai_006_003_cam_00_frame.0000,train,ai_006_003,0,0.018715616315603256,0.016905423253774643,0.6084645986557007,0.9914652705192566,4.022511959075928,0.0502166748046875,0.8368937969207764,0.014215245842933655,0.012735094875097275,0.7402903437614441,0.991363525390625,4.1132965087890625,0.04338240623474121,0.8533159494400024,0.014184318482875824,0.012769339606165886,0.8076578974723816,0.9900411367416382,4.285650253295898,0.03166341781616211,0.8550560474395752,0.017201950773596764,0.015516005456447601,0.6605326533317566,0.9876047968864441,4.449916839599609,0.03531312942504883,0.850428581237793,0.024340452626347542,0.022545775398612022,0.3520236611366272,0.989366352558136,0.8976976871490479,0.02514534443616867,0.022339530289173126,0.2561849057674408,0.9928928017616272,0.694027304649353,0.017467839643359184,0.01597338728606701,0.6596950888633728,0.9894748330116272,0.8979171514511108,0.016682112589478493,0.014439920894801617,0.719346821308136,0.9932183027267456,0.7048714756965637,0.015217913314700127,0.014154580421745777,0.7661404013633728,0.9897189736366272,0.884885847568512,0.013076686300337315,0.01182590238749981,0.8228081464767456,0.9938151240348816,0.7028736472129822,0.018717749044299126,0.01749681867659092,0.6650390625,0.9902072548866272,0.8598772287368774,0.016207512468099594,0.014743930660188198,0.69873046875,0.9948459267616272,0.6911019086837769
ai_010_009_cam_00_frame.0000,train,ai_010_009,0,0.04466327279806137,0.04163581505417824,0.2879599332809448,0.9509783983230591,3.527324914932251,0.026456832885742188,0.83859783411026,0.04027235135436058,0.03710637614130974,0.4474506676197052,0.951344907283783,3.594221591949463,0.028100013732910156,0.8258148431777954,0.039016980677843094,0.034352514892816544,0.6433131098747253,0.9508765935897827,3.7362122535705566,0.029619216918945312,0.8007605075836182,0.043301887810230255,0.03707100823521614,0.5553439855575562,0.9519302845001221,3.8945822715759277,0.021780014038085938,0.7805444002151489,0.08471859991550446,0.07834134995937347,0.256890207529068,0.8712836503982544,0.8137388825416565,0.0888885110616684,0.08184846490621567,0.1917860209941864,0.8763563632965088,0.5988532304763794,0.08351700752973557,0.07717286050319672,0.346245676279068,0.8744032382965088,0.7938557267189026,0.0894089862704277,0.08260849118232727,0.255425363779068,0.8848198652267456,0.5668328404426575,0.08555693924427032,0.07874897122383118,0.4410535991191864,0.8671061396598816,0.7787247896194458,0.09691960364580154,0.08946043998003006,0.332085520029068,0.8727213740348816,0.5259220004081726,0.09043967723846436,0.08293183892965317,0.3941514790058136,0.8649631142616272,0.7577455043792725,0.10579727590084076,0.0969768762588501,0.3180881142616272,0.873643696308136,0.49495166540145874
ai_001_002_cam_00_frame.0000,train,ai_001_002,0,0.0465489998459816,0.031055942177772522,0.5110015869140625,0.9750213623046875,1.6952177286148071,0.16672658920288086,0.7936335206031799,0.03762747347354889,0.024711210280656815,0.618316650390625,0.9751231074333191,1.7632923126220703,0.13599896430969238,0.7917368412017822,0.025949742645025253,0.01882549189031124,0.8148549795150757,0.9757792353630066,1.9330726861953735,0.04812753200531006,0.7725414633750916,0.04219070076942444,0.03855389356613159,0.1652374267578125,0.9765879511833191,2.0386264324188232,0.005484342575073242,0.7502066493034363,0.0875522643327713,0.06298699229955673,0.1937934011220932,0.9300944209098816,0.757172167301178,0.048876598477363586,0.019793812185525894,0.2804361879825592,0.9991862177848816,0.683139443397522,0.07373978197574615,0.05353398248553276,0.312554270029068,0.9301486611366272,0.7461425065994263,0.03779290243983269,0.014141140505671501,0.449273020029068,0.9991862177848816,0.6609642505645752,0.04981619119644165,0.042311668395996094,0.6730685830116272,0.9303114414215088,0.7079412341117859,0.013145612552762032,0.008101660758256912,0.7190212607383728,0.9991862177848816,0.5493545532226562,0.05928323045372963,0.052673935890197754,0.2739529013633728,0.9305012822151184,0.6924183964729309,0.014252549968659878,0.012718705460429192,0.5029839277267456,0.9994032382965088,0.5200009942054749
ai_038_006_cam_00_frame.0000,train,ai_038_006,0,0.1081673875451088,0.0949007198214531,0.1256086826324463,0.9362630248069763,8.865184783935547,-0.4923419952392578,0.7689177393913269,0.09603098034858704,0.08486754447221756,0.1660640835762024,0.9368691444396973,8.971831321716309,-0.4221973419189453,0.7659922242164612,0.07710020989179611,0.07001365721225739,0.19421513378620148,0.9378148317337036,9.236247062683105,-0.30326080322265625,0.762884795665741,0.07414929568767548,0.06729381531476974,0.17058873176574707,0.9394867420196533,9.621658325195312,-0.1925973892211914,0.75687575340271,0.1522652953863144,0.1438015103340149,0.0819336473941803,0.8480035662651062,0.7998673915863037,0.15957032144069672,0.15013495087623596,0.07022690027952194,0.8940232396125793,0.6678060293197632,0.147128164768219,0.1388660967350006,0.10501120984554291,0.8498851656913757,0.7997558116912842,0.1541798710823059,0.14505569636821747,0.08904261142015457,0.8964582085609436,0.6613562107086182,0.13760344684123993,0.12990154325962067,0.09424721449613571,0.8516284823417664,0.7992947697639465,0.14326271414756775,0.1349707543849945,0.07149972766637802,0.894465982913971,0.6492499709129333,0.13029155135154724,0.12303557991981506,0.11082210391759872,0.8548383116722107,0.7980722784996033,0.13191522657871246,0.1240934506058693,0.08007747679948807,0.891698956489563,0.6464850902557373
ai_032_005_cam_00_frame.0000,train,ai_032_005,0,0.021138055250048637,0.01930764876306057,0.4841410517692566,0.9947408437728882,3.0682523250579834,0.021319866180419922,0.8796346783638,0.016182150691747665,0.014591386541724205,0.5849965810775757,0.9952392578125,3.118481397628784,0.023217201232910156,0.8837214708328247,0.016025137156248093,0.013999374583363533,0.6535695791244507,0.996551513671875,3.2287073135375977,0.0390167236328125,0.8733847737312317,0.022118449211120605,0.01943407766520977,0.4840087890625,0.9952799677848816,3.3372232913970947,0.05561017990112305,0.8506329655647278,0.025037700310349464,0.022458620369434357,0.5218098759651184,0.9986165165901184,0.9339437484741211,0.03379655256867409,0.030095743015408516,0.4324001669883728,0.9992404580116272,0.8012802004814148,0.017302053049206734,0.015350467525422573,0.6549750566482544,0.998399555683136,0.9353902339935303,0.020541876554489136,0.018108602613210678,0.5913628339767456,0.9990234375,0.7963829636573792,0.01865735836327076,0.01659148931503296,0.6589626669883728,0.9975043535232544,0.9101260304450989,0.0215262733399868,0.01881924644112587,0.5941298007965088,0.9983181357383728,0.7903063297271729,0.026095695793628693,0.02317136339843273,0.4551866352558136,0.9947916865348816,0.8683491349220276,0.031436555087566376,0.027124449610710144,0.4289821982383728,0.9963107705116272,0.7883252501487732
ai_022_002_cam_00_frame.0000,train,ai_022_002,0,0.027076106518507004,0.024893958121538162,0.3346201777458191,0.9956461787223816,3.562673568725586,-0.12787246704101562,0.8089626431465149,0.020925816148519516,0.018605083227157593,0.5268911123275757,0.99560546875,3.6207752227783203,-0.11145806312561035,0.8180656433105469,0.02092481032013893,0.017258554697036743,0.5338541865348816,0.9947561025619507,3.7156145572662354,-0.0329442024230957,0.7990813851356506,0.032568417489528656,0.026969220489263535,0.3158213496208191,0.994384765625,3.807131052017212,0.018008708953857422,0.7572559118270874,0.03043898567557335,0.02862262725830078,0.3697102963924408,0.9953342080116272,0.7689959406852722,0.025953635573387146,0.02398695982992649,0.2572157084941864,0.997667133808136,0.884844958782196,0.02587251178920269,0.023624105378985405,0.517686665058136,0.9956325888633728,0.7786298990249634,0.018970072269439697,0.016259128227829933,0.5264214277267456,0.9972873330116272,0.8949918150901794,0.03145423159003258,0.024849841371178627,0.4857313334941864,0.9960123896598816,0.7654110193252563,0.027137083932757378,0.016815248876810074,0.5378689169883728,0.9974501132965088,0.856295108795166,0.04502033069729805,0.03442198038101196,0.2942979633808136,0.995361328125,0.7622316479682922,0.04767874255776405,0.030505472794175148,0.2065972238779068,0.9971245527267456,0.809338390827179
ai_023_008_cam_00_frame.0000,train,ai_023_008,0,0.017814045771956444,0.015090912580490112,0.6715975999832153,0.9831846952438354,13.608591079711914,0.008737564086914062,0.6908590197563171,0.012110240757465363,0.010074207559227943,0.85633784532547,0.9831846952438354,13.891997337341309,-0.03226470947265625,0.7336035370826721,0.01142203714698553,0.009900897741317749,0.7362422943115234,0.9960572123527527,14.450462341308594,-0.08577728271484375,0.738405704498291,0.018379125744104385,0.016627928242087364,0.49925583600997925,0.9973234534263611,15.0202054977417,-0.10222053527832031,0.6810092926025391,0.014718207530677319,0.011284297332167625,0.5838602781295776,0.9999999403953552,0.5993576645851135,0.012293788604438305,0.007313783746212721,0.7355637550354004,1.0,0.7637811303138733,0.010188178159296513,0.00806343462318182,0.7545919418334961,0.9999999403953552,0.6484254002571106,0.007718315348029137,0.004820322617888451,0.9176313281059265,1.0,0.7989373207092285,0.009911670349538326,0.009184849448502064,0.7362574338912964,0.9999999403953552,0.7025424838066101,0.0065093147568404675,0.005848560947924852,0.8418200612068176,1.0,0.85661381483078,0.016728108748793602,0.015618346631526947,0.4791729152202606,0.9999999403953552,0.7052739262580872,0.014457391574978828,0.013147476129233837,0.4720642566680908,1.0,0.8211073875427246
ai_002_008_cam_00_frame.0099,train,ai_002_008,99,0.03160049021244049,0.029343459755182266,0.5253587961196899,0.9735649228096008,2.6453003883361816,-0.1417255401611328,0.7088200449943542,0.02505139261484146,0.023174194619059563,0.6095510125160217,0.9806534051895142,2.691612720489502,-0.14301037788391113,0.7006028890609741,0.01829947903752327,0.016501417383551598,0.6887692809104919,0.9901717901229858,2.790849447250366,-0.14698529243469238,0.688544750213623,0.019810721278190613,0.017117012292146683,0.6830071806907654,0.9902533292770386,2.8986082077026367,-0.1562497615814209,0.6761255264282227,0.024981822818517685,0.023384351283311844,0.6169975996017456,0.9868435263633728,0.8197383880615234,0.013691015541553497,0.013043580576777458,0.716417133808136,0.994249165058136,0.5702856779098511,0.020740581676363945,0.019251612946391106,0.7186686396598816,0.9880099892616272,0.8106257319450378,0.01122377347201109,0.01060707587748766,0.7961154580116272,0.99560546875,0.5655629634857178,0.017629671841859818,0.016485681757330894,0.7462294101715088,0.9883626103401184,0.7927724719047546,0.009734096005558968,0.009233379736542702,0.8402777910232544,0.9963107705116272,0.563614547252655,0.018832558766007423,0.017935339361429214,0.6560600996017456,0.9879828691482544,0.7744050621986389,0.010360121726989746,0.009929065592586994,0.7995334267616272,0.996202290058136,0.5579313039779663
ai_055_005_cam_01_frame.0099,train,ai_055_005,99,0.12769579887390137,0.04009983688592911,0.2462945431470871,0.9796746969223022,2.9913384914398193,-0.023012161254882812,0.7005207538604736,0.1265467405319214,0.03579909726977348,0.3004343807697296,0.9795780181884766,3.0690817832946777,-0.04524850845336914,0.6811038255691528,0.12622135877609253,0.029566578567028046,0.37020477652549744,0.9789931178092957,3.231574773788452,-0.10393714904785156,0.657625138759613,0.128009632229805,0.028820425271987915,0.40769168734550476,0.9779961705207825,3.398517608642578,-0.15840578079223633,0.6476381421089172,0.1440538913011551,0.07020939141511917,0.1956922709941864,0.911973774433136,0.6244441270828247,0.12837406992912292,0.045289892703294754,0.1832139790058136,0.9772135615348816,0.4047490656375885,0.14312757551670074,0.06722324341535568,0.2193467915058136,0.9111328125,0.5937073230743408,0.1284773200750351,0.04407186806201935,0.2204318642616272,0.9774305820465088,0.37689727544784546,0.14356844127178192,0.06563419103622437,0.2903645932674408,0.9083930253982544,0.5611864328384399,0.12970903515815735,0.045507412403821945,0.2789171040058136,0.9768337607383728,0.35279422998428345,0.14653179049491882,0.07170139253139496,0.2061903178691864,0.9050564169883728,0.547173023223877,0.13346555829048157,0.05403338372707367,0.1287977397441864,0.9758029580116272,0.3367074131965637
ai_028_002_cam_00_frame.0000,train,ai_028_002,0,0.057380542159080505,0.052066054195165634,0.4356576204299927,0.9135168790817261,3.0883049964904785,0.05454754829406738,0.48839595913887024,0.05001210421323776,0.04590627923607826,0.5659888982772827,0.9201231598854065,3.1783812046051025,0.03226804733276367,0.5030282735824585,0.042516402900218964,0.03973326459527016,0.69343501329422,0.9242266416549683,3.3544442653656006,-0.0016196966171264648,0.509583592414856,0.0462048165500164,0.04318639636039734,0.5539997220039368,0.9225444793701172,3.4969723224639893,-0.008419990539550781,0.5194916129112244,0.16533614695072174,0.16071836650371552,0.12109236419200897,0.6578452587127686,0.4553096890449524,0.036166612058877945,0.03425198793411255,0.23296630382537842,0.9867000579833984,0.8869213461875916,0.151884064078331,0.14800925552845,0.1352647840976715,0.6869804859161377,0.4769185483455658,0.03008234314620495,0.028582775965332985,0.2550419569015503,0.9865910410881042,0.8902732729911804,0.13438047468662262,0.13116455078125,0.24109454452991486,0.7040418982505798,0.4844205975532532,0.023634597659111023,0.022279448807239532,0.45377737283706665,0.9865365624427795,0.8692468404769897,0.13189832866191864,0.12843815982341766,0.23267287015914917,0.7140443325042725,0.4856252670288086,0.02479456551373005,0.023230014368891716,0.42963042855262756,0.9862639904022217,0.8486688733100891
ai_044_008_cam_01_frame.0099,train,ai_044_008,99,0.08986004441976547,0.0776161327958107,0.1476033627986908,0.8674113154411316,5.660243034362793,-0.2782468795776367,0.7999057769775391,0.08033428341150284,0.06871965527534485,0.2163340300321579,0.952972412109375,5.786459922790527,-0.3010845184326172,0.8040403723716736,0.06506098806858063,0.054137345403432846,0.3187103271484375,0.9540863037109375,6.025602340698242,-0.33030128479003906,0.8081533312797546,0.05942634865641594,0.04710998758673668,0.3256378173828125,0.95379638671875,6.275344371795654,-0.36038637161254883,0.8035110235214233,0.07739850133657455,0.06515008956193924,0.1624891459941864,0.9524468183517456,0.7278757691383362,0.05250592902302742,0.03748801723122597,0.26123046875,0.9944118857383728,0.33831843733787537,0.0719153881072998,0.06020580604672432,0.1942545622587204,0.952501118183136,0.727399468421936,0.04542921483516693,0.031552236527204514,0.3240559995174408,0.9944661259651184,0.32728320360183716,0.06433621048927307,0.05366041138768196,0.1789008229970932,0.9527180790901184,0.7356513738632202,0.037877608090639114,0.02801232598721981,0.2194010466337204,0.9945746660232544,0.3034258484840393,0.06212970241904259,0.05110659450292587,0.2366536408662796,0.9525824785232544,0.7248395085334778,0.03819892928004265,0.030348381027579308,0.1886935830116272,0.9945746660232544,0.27524980902671814
ai_033_008_cam_00_frame.0000,train,ai_033_008,0,0.03599065914750099,0.032194968312978745,0.3118979036808014,0.9876605868339539,4.262291431427002,-0.01407623291015625,0.8576388955116272,0.028592552989721298,0.025066625326871872,0.4491927921772003,0.9877979159355164,4.354535102844238,-0.018851280212402344,0.8584529757499695,0.025634851306676865,0.02291025035083294,0.49545788764953613,0.9883878827095032,4.542433738708496,-0.025392770767211914,0.8513566255569458,0.03324313461780548,0.03065008670091629,0.35081836581230164,0.9872791171073914,4.736893653869629,-0.01798701286315918,0.8389437794685364,0.0447685681283474,0.04230518266558647,0.2314578741788864,0.9845369458198547,0.8305845260620117,0.048995714634656906,0.045660339295864105,0.12413867563009262,0.9844284057617188,0.7464786171913147,0.03906342759728432,0.03635498508810997,0.3271390497684479,0.9828820824623108,0.8364147543907166,0.04139486327767372,0.03744504973292351,0.23048125207424164,0.9844284057617188,0.7507482767105103,0.03858419135212898,0.035659704357385635,0.37377244234085083,0.9788942337036133,0.8304756283760071,0.03990193456411362,0.0353788323700428,0.27388638257980347,0.9842113852500916,0.7403077483177185,0.04550471156835556,0.04226004704833031,0.25291627645492554,0.9782431721687317,0.8163043856620789,0.04849860444664955,0.04330935701727867,0.17134176194667816,0.9819868803024292,0.7283660769462585
