id,split,scene,frame,k0_point_rel,k0_depth_rel,k0_depth_delta_1.01,k0_depth_delta_1.25,k0_boundary_f1,k1_point_rel,k1_depth_rel,k1_depth_delta_1.01,k1_depth_delta_1.25,k1_boundary_f1,k3_point_rel,k3_depth_rel,k3_depth_delta_1.01,k3_depth_delta_1.25,k3_boundary_f1,k5_point_rel,k5_depth_rel,k5_depth_delta_1.01,k5_depth_delta_1.25,k5_boundary_f1
ai_001_001_cam_00_frame.0000,train,ai_001_001,0,0.019033344462513924,0.01733360067009926,0.5545603632926941,0.9998931884765625,0.8451493382453918,0.015885015949606895,0.014471601694822311,0.490753173828125,0.9999237060546875,0.8360448479652405,0.02603578194975853,0.02327767387032509,0.2854207456111908,0.9995219111442566,0.788185179233551,0.038195110857486725,0.034134961664676666,0.2365315854549408,0.996002197265625,0.7578492164611816
ai_001_001_cam_00_frame.0006,train,ai_001_001,6,0.022681696340441704,0.018773343414068222,0.4241587519645691,0.9996083974838257,0.8874740600585938,0.02319902740418911,0.01914072223007679,0.4074554443359375,0.9995880126953125,0.8867220878601074,0.032664332538843155,0.02754412218928337,0.28662109375,0.9995321035385132,0.8624109029769897,0.044706642627716064,0.03817888721823692,0.1937459409236908,0.9994659423828125,0.8199314475059509
ai_001_001_cam_00_frame.0013,train,ai_001_001,13,0.010531919077038765,0.009407821111381054,0.69219970703125,0.9989980459213257,0.856866180896759,0.010706084780395031,0.00931278895586729,0.710723876953125,0.9989725947380066,0.8241339325904846,0.021739937365055084,0.018604297190904617,0.4214579463005066,0.9989166259765625,0.6819955110549927,0.03905048221349716,0.031658414751291275,0.1613871306180954,0.9988912343978882,0.6333326101303101
ai_001_001_cam_00_frame.0019,train,ai_001_001,19,0.01250222697854042,0.011619525030255318,0.6942495107650757,0.9992574453353882,0.8980407118797302,0.014351647347211838,0.013172568753361702,0.5543975830078125,0.9994405508041382,0.896388590335846,0.02384362183511257,0.02119586616754532,0.3035481870174408,0.9995371699333191,0.8943597674369812,0.03616662323474884,0.03231382369995117,0.2586771845817566,0.99957275390625,0.8796821236610413
ai_001_001_cam_00_frame.0026,train,ai_001_001,26,0.013128489255905151,0.011580700986087322,0.6790924072265625,0.9925944209098816,0.899315595626831,0.011302094906568527,0.01015915721654892,0.7824605703353882,0.999267578125,0.8958485126495361,0.015306971967220306,0.013853736221790314,0.5444082021713257,0.9997100830078125,0.8767670392990112,0.0206088125705719,0.018705349415540695,0.3597819209098816,0.9997609853744507,0.8595924973487854
ai_001_001_cam_00_frame.0032,train,ai_001_001,32,0.043592147529125214,0.03140924498438835,0.2020518034696579,0.9853414297103882,0.9159255623817444,0.04873120039701462,0.03252077102661133,0.1483510434627533,0.9865163564682007,0.9159777760505676,0.06363090127706528,0.03884926438331604,0.1766459196805954,0.9903157949447632,0.9075798392295837,0.08231382071971893,0.049596380442380905,0.1878662109375,0.9883524775505066,0.8642334342002869
ai_001_001_cam_00_frame.0040,train,ai_001_001,40,0.024814099073410034,0.020638488233089447,0.4336954951286316,0.9977671504020691,0.7952151298522949,0.02235693298280239,0.012469647452235222,0.5406494140625,0.9976806640625,0.8213419914245605,0.051783643662929535,0.027258366346359253,0.3186798095703125,0.9976298213005066,0.8238640427589417,0.1102561354637146,0.08226381242275238,0.101348876953125,0.887786865234375,0.1632653772830963
ai_001_001_cam_00_frame.0046,train,ai_001_001,46,0.01680442877113819,0.013806235045194626,0.6461029052734375,0.9971262812614441,0.8222308158874512,0.020875461399555206,0.016038255766034126,0.5496928095817566,0.9967753291130066,0.8482156991958618,0.03716829791665077,0.02858903259038925,0.1717631071805954,0.9961141347885132,0.8744316101074219,0.05496726557612419,0.04254480451345444,0.0811665877699852,0.9952647089958191,0.8703171610832214
ai_001_001_cam_00_frame.0053,train,ai_001_001,53,0.00888412818312645,0.007884174585342407,0.7574310302734375,0.9993947744369507,0.9059992432594299,0.00801640935242176,0.007064306177198887,0.7901153564453125,0.9993388056755066,0.9084511399269104,0.014776553027331829,0.013232032768428326,0.4581197202205658,0.9993184804916382,0.8957586884498596,0.02269439771771431,0.020658282563090324,0.2634786069393158,0.9992777705192566,0.8745602965354919
ai_001_001_cam_00_frame.0059,train,ai_001_001,59,0.015483522787690163,0.01252042781561613,0.583709716796875,0.9997609853744507,0.7671406269073486,0.015782726928591728,0.01277124509215355,0.52423095703125,0.9997609853744507,0.7884873151779175,0.022468289360404015,0.018112102523446083,0.3504130244255066,0.9997813105583191,0.7890011072158813,0.033464059233665466,0.027849389240145683,0.2085774838924408,0.9998372793197632,0.7869090437889099
ai_001_001_cam_00_frame.0067,train,ai_001_001,67,0.010961605235934258,0.009847636334598064,0.6380056142807007,1.0,0.8628117442131042,0.008172251284122467,0.00723620317876339,0.7659047842025757,1.0,0.8245218396186829,0.009858878329396248,0.008845269680023193,0.7061971426010132,1.0,0.779187798500061,0.016786154359579086,0.015293757431209087,0.4456380307674408,1.0,0.7539591789245605
ai_001_001_cam_00_frame.0073,train,ai_001_001,73,0.020545732229948044,0.019696304574608803,0.3399607539176941,0.9995473623275757,0.843585193157196,0.009493370540440083,0.008087985217571259,0.7265421748161316,0.9995015859603882,0.8166303634643555,0.029088076204061508,0.02435031533241272,0.2109171599149704,0.9994913935661316,0.7456649541854858,0.0560055673122406,0.048625439405441284,0.0800374373793602,0.9994761347770691,0.6620479226112366
ai_001_001_cam_00_frame.0080,train,ai_001_001,80,0.006878545042127371,0.005801163613796234,0.8506927490234375,0.9992879629135132,0.9047551155090332,0.005801912397146225,0.004725185688585043,0.9301401972770691,0.9993438720703125,0.9018697738647461,0.016483750194311142,0.014905234798789024,0.3040415644645691,0.9993795156478882,0.9040417671203613,0.027211975306272507,0.024849694222211838,0.176910400390625,0.9994100332260132,0.8932969570159912
ai_001_001_cam_00_frame.0086,train,ai_001_001,86,0.009127134457230568,0.008047282695770264,0.88525390625,0.9989420771598816,0.8047142028808594,0.010723408311605453,0.009502964094281197,0.7391764521598816,0.9962565302848816,0.833338737487793,0.018305934965610504,0.01639718748629093,0.4818064570426941,0.9908599853515625,0.8749793171882629,0.0243887510150671,0.021945346146821976,0.4178568720817566,0.9878031611442566,0.8531314730644226
ai_001_001_cam_00_frame.0093,train,ai_001_001,93,0.012035000137984753,0.010780148208141327,0.5559896230697632,0.9997915029525757,0.8334853649139404,0.016337472945451736,0.014930469915270805,0.339019775390625,0.9997762441635132,0.8262723088264465,0.02685493603348732,0.024664223194122314,0.2946726679801941,0.9997406005859375,0.816158652305603,0.035848818719387054,0.0329095795750618,0.297454833984375,0.9997355341911316,0.794769287109375
ai_001_001_cam_00_frame.0099,train,ai_001_001,99,0.02054808847606182,0.013925053179264069,0.7536367177963257,0.9960429072380066,0.9147796630859375,0.02223777584731579,0.014116342179477215,0.620025634765625,0.9961141347885132,0.9148097634315491,0.03835689648985863,0.026227932423353195,0.3588918149471283,0.9949747920036316,0.9103179574012756,0.05596325546503067,0.04065641015768051,0.24066162109375,0.9919077754020691,0.8887292146682739
ai_003_001_cam_00_frame.0000,train,ai_003_001,0,0.18639355897903442,0.16978880763053894,0.0357666015625,0.67822265625,1.0,0.19210943579673767,0.17485466599464417,0.033477783203125,0.6637471914291382,1.0,0.20413246750831604,0.18546263873577118,0.031768798828125,0.629119873046875,1.0,0.2116285264492035,0.19199663400650024,0.02769978903234005,0.606719970703125,1.0
ai_003_001_cam_00_frame.0007,train,ai_003_001,7,0.689443051815033,0.6247484683990479,0.012552897445857525,0.2216644287109375,0.0,0.7059438228607178,0.6394479274749756,0.0120086669921875,0.2282206267118454,0.0,0.7176381945610046,0.6488337516784668,0.012049357406795025,0.227142333984375,0.0,0.7264546751976013,0.655985951423645,0.012237548828125,0.227294921875,0.0
ai_003_001_cam_00_frame.0013,train,ai_003_001,13,0.45032331347465515,0.42331790924072266,0.014826457016170025,0.3052317500114441,0.0,0.45145636796951294,0.42421621084213257,0.014689127914607525,0.3026377558708191,0.0,0.45606309175491333,0.4280371069908142,0.01451619528234005,0.295745849609375,0.0,0.4601433277130127,0.43164917826652527,0.01489766500890255,0.2908376157283783,0.0
ai_003_001_cam_00_frame.0020,train,ai_003_001,20,0.12611860036849976,0.1128983348608017,0.0539093017578125,0.862335205078125,1.0,0.12023308128118515,0.10717640817165375,0.0577901229262352,0.8707224726676941,1.0,0.1116187572479248,0.09890425205230713,0.0613962821662426,0.8853607177734375,1.0,0.10917121171951294,0.09682794660329819,0.0633697509765625,0.881744384765625,1.0
ai_003_001_cam_00_frame.0026,train,ai_003_001,26,0.3901267647743225,0.35621342062950134,0.015619914047420025,0.3463033139705658,0.0,0.38395223021507263,0.350259006023407,0.016632080078125,0.3546295166015625,0.0,0.3747752904891968,0.3409341275691986,0.01657613180577755,0.3675333857536316,0.0,0.3708120584487915,0.3366994559764862,0.016693115234375,0.3726755976676941,0.0
ai_003_001_cam_00_frame.0033,train,ai_003_001,33,0.44542521238327026,0.41838788986206055,0.014689127914607525,0.3099009394645691,0.0,0.4456309676170349,0.41837984323501587,0.014643351547420025,0.3092803955078125,0.0,0.44746479392051697,0.4197772443294525,0.014567057602107525,0.3091380000114441,0.0,0.45023059844970703,0.42209741473197937,0.01469930075109005,0.309783935546875,0.0
ai_003_001_cam_00_frame.0040,train,ai_003_001,40,0.5100911259651184,0.4723002314567566,0.00955708883702755,0.2183888852596283,0.0,0.5056800842285156,0.46837472915649414,0.00993855856359005,0.2245635986328125,0.0,0.4974401891231537,0.46091246604919434,0.01048787496984005,0.2328338623046875,0.0,0.49301087856292725,0.4568883180618286,0.0106353759765625,0.2331899106502533,0.0
ai_003_001_cam_00_frame.0046,train,ai_003_001,46,0.5501477122306824,0.5017615556716919,0.01283772848546505,0.246551513671875,0.0,0.5385972261428833,0.4927210807800293,0.013086955063045025,0.2437795102596283,0.0,0.514814019203186,0.474845826625824,0.012278239242732525,0.23895263671875,0.0,0.49238890409469604,0.45783981680870056,0.0101776123046875,0.2035878598690033,0.0
ai_003_001_cam_00_frame.0053,train,ai_003_001,53,0.42853987216949463,0.40401625633239746,0.01453145407140255,0.3273366391658783,0.0,0.42703160643577576,0.40257105231285095,0.014521281234920025,0.3265228271484375,0.0,0.42563164234161377,0.40121304988861084,0.014414469711482525,0.3236491084098816,0.0,0.4259170889854431,0.4015331268310547,0.01430257223546505,0.3198191523551941,0.0
ai_003_001_cam_00_frame.0059,train,ai_003_001,59,0.4514123797416687,0.42412060499191284,0.014582316391170025,0.3001302182674408,0.0,0.45271801948547363,0.425240159034729,0.014780680648982525,0.2961883544921875,0.0,0.4578774869441986,0.4295189380645752,0.0146942138671875,0.2890421748161316,0.0,0.46234309673309326,0.43337440490722656,0.015131632797420025,0.2839864194393158,0.0
ai_003_001_cam_00_frame.0066,train,ai_003_001,66,0.5681824088096619,0.5274473428726196,0.00830078125,0.1858367919921875,0.0,0.5639222860336304,0.5237157940864563,0.0086517333984375,0.1917216032743454,0.0,0.5563284158706665,0.516801118850708,0.009028117172420025,0.196990966796875,0.0,0.5525785684585571,0.5133281350135803,0.00922139547765255,0.1976877897977829,0.0
ai_003_001_cam_00_frame.0073,train,ai_003_001,73,0.41571831703186035,0.3889385163784027,0.01425679586827755,0.3193410336971283,0.0,0.4168423116207123,0.3897201418876648,0.01418050192296505,0.3191477656364441,0.0,0.42074811458587646,0.3930951952934265,0.014190673828125,0.31536865234375,0.0,0.42473483085632324,0.396593302488327,0.014094035141170025,0.3109995722770691,0.0
ai_003_001_cam_00_frame.0079,train,ai_003_001,79,0.42702600359916687,0.39870867133140564,0.0135345458984375,0.2999471127986908,0.0,0.42847055196762085,0.3998842239379883,0.013427734375,0.297943115234375,0.0,0.432481050491333,0.4032641351222992,0.01306661032140255,0.2940572202205658,0.0,0.43643075227737427,0.40657228231430054,0.013214111328125,0.2910258173942566,0.0
ai_003_001_cam_00_frame.0086,train,ai_003_001,86,0.6520627737045288,0.6070306897163391,0.00653076171875,0.1491343230009079,0.0,0.6490998864173889,0.6043960452079773,0.0066579184494912624,0.1511891782283783,0.0,0.6439707279205322,0.5997194051742554,0.0068105063401162624,0.1526591032743454,0.0,0.6411343812942505,0.5971463322639465,0.0067799887619912624,0.1521860808134079,0.0
ai_003_001_cam_00_frame.0092,train,ai_003_001,92,0.4396686255931854,0.41375571489334106,0.0145416259765625,0.307647705078125,0.0,0.44064658880233765,0.4145164489746094,0.0143890380859375,0.305084228515625,0.0,0.44385796785354614,0.41713589429855347,0.01427205465734005,0.3007659912109375,0.0,0.4470413625240326,0.41976624727249146,0.0144500732421875,0.299591064453125,0.0
ai_003_001_cam_00_frame.0099,train,ai_003_001,99,0.4260460138320923,0.3896028995513916,0.013727824203670025,0.3030242919921875,1.0,0.4292982518672943,0.39220261573791504,0.01355489157140255,0.299835205078125,1.0,0.43613752722740173,0.3981192708015442,0.013209025375545025,0.2932688593864441,1.0,0.44008272886276245,0.40102463960647583,0.01335652731359005,0.290435791015625,1.0
ai_005_001_cam_00_frame.0000,train,ai_005_001,0,0.03677964210510254,0.032300807535648346,0.3370697498321533,0.982038676738739,0.8838261365890503,0.038128506392240524,0.03170112147927284,0.34848347306251526,0.9818853139877319,0.8843214511871338,0.04694579169154167,0.036879464983940125,0.22111816704273224,0.9815632700920105,0.874050498008728,0.05790937691926956,0.04487576335668564,0.1647396832704544,0.9809039235115051,0.866890013217926
ai_005_001_cam_00_frame.0007,train,ai_005_001,7,0.044277776032686234,0.038808222860097885,0.24020496010780334,0.984637439250946,0.8711099028587341,0.03939376771450043,0.03331110253930092,0.2647501826286316,0.9843555688858032,0.876470148563385,0.041183117777109146,0.033069685101509094,0.2436177283525467,0.9838995337486267,0.8785971403121948,0.046286772936582565,0.03508925437927246,0.24598513543605804,0.9838482737541199,0.8764940500259399
ai_005_001_cam_00_frame.0013,train,ai_005_001,13,0.05407322198152542,0.049725525081157684,0.16550667583942413,0.9846644401550293,0.8205577731132507,0.04812692850828171,0.04379827156662941,0.24616482853889465,0.984372079372406,0.8287962079048157,0.04796997457742691,0.042346321046352386,0.21670402586460114,0.9839566349983215,0.8270026445388794,0.053387708961963654,0.044576551765203476,0.24017418920993805,0.9837104082107544,0.8188002109527588
ai_005_001_cam_00_frame.0020,train,ai_005_001,20,0.03835096210241318,0.029332950711250305,0.39385437965393066,0.9893631339073181,0.8495364189147949,0.033226050436496735,0.02750159241259098,0.31654030084609985,0.989608883857727,0.8349990248680115,0.028924359008669853,0.02637711726129055,0.3043576180934906,0.9894911050796509,0.8195409178733826,0.03091566450893879,0.028303813189268112,0.2904498875141144,0.9888717532157898,0.8036497831344604
ai_005_001_cam_00_frame.0026,train,ai_005_001,26,0.03680671378970146,0.034022293984889984,0.333963543176651,0.9749907851219177,0.8401290774345398,0.03563184291124344,0.03243936598300934,0.3979750871658325,0.9752008318901062,0.8337406516075134,0.04031885415315628,0.034399308264255524,0.3150824010372162,0.9761077761650085,0.8222578763961792,0.04942498728632927,0.03911935165524483,0.23170806467533112,0.979709804058075,0.8081259727478027
ai_005_001_cam_00_frame.0033,train,ai_005_001,33,0.03591657057404518,0.030719490721821785,0.31891587376594543,0.9872085452079773,0.828659176826477,0.028981678187847137,0.026045965030789375,0.4056202471256256,0.9872085452079773,0.8044294118881226,0.028968896716833115,0.0264644306153059,0.34925395250320435,0.9869014024734497,0.7978756427764893,0.03848342224955559,0.03407655656337738,0.22129859030246735,0.9867683053016663,0.7774320840835571
ai_005_001_cam_00_frame.0040,train,ai_005_001,40,0.033908117562532425,0.03040386736392975,0.26189282536506653,0.9853087067604065,0.8452280759811401,0.029492376372218132,0.024633722379803658,0.4820724427700043,0.9851909875869751,0.8334926962852478,0.03610200434923172,0.028758687898516655,0.3005642890930176,0.9850885272026062,0.8163172006607056,0.04596386104822159,0.03550872951745987,0.21296969056129456,0.98497074842453,0.7889623641967773
ai_005_001_cam_00_frame.0046,train,ai_005_001,46,0.043432243168354034,0.03689465671777725,0.270367294549942,0.9837746024131775,0.7986451983451843,0.03584369271993637,0.028765873983502388,0.4186941981315613,0.9837694764137268,0.791587233543396,0.03501952067017555,0.027161303907632828,0.42303016781806946,0.9834936857223511,0.7684014439582825,0.04244299232959747,0.03201393783092499,0.30865049362182617,0.9832587838172913,0.7552374601364136
ai_005_001_cam_00_frame.0053,train,ai_005_001,53,0.039096757769584656,0.036134157329797745,0.25181281566619873,0.9819025993347168,0.8248224258422852,0.03886209800839424,0.03405579924583435,0.34282758831977844,0.982261061668396,0.8184806108474731,0.047656018286943436,0.03905215486884117,0.2196429818868637,0.983208417892456,0.8135056495666504,0.06112302094697952,0.0477299727499485,0.15588705241680145,0.9838024377822876,0.7959744930267334
ai_005_001_cam_00_frame.0059,train,ai_005_001,59,0.04013471677899361,0.0360647514462471,0.28825461864471436,0.9759382009506226,0.84208744764328,0.04106928035616875,0.03509732708334923,0.2976302206516266,0.9772299528121948,0.8399178385734558,0.04754065349698067,0.03850797191262245,0.22006756067276,0.9783013463020325,0.8332632780075073,0.05779391527175903,0.04516224563121796,0.17545531690120697,0.9790856242179871,0.8284654021263123
ai_005_001_cam_00_frame.0066,train,ai_005_001,66,0.050238706171512604,0.028932372108101845,0.37594619393348694,0.9893913269042969,0.8514801263809204,0.04698922857642174,0.026863887906074524,0.3755491375923157,0.989167332649231,0.8364214301109314,0.05234832689166069,0.0263996422290802,0.2683221101760864,0.9884750247001648,0.8137893676757812,0.1018790528178215,0.052652012556791306,0.1163238137960434,0.9872023463249207,0.49378931522369385
ai_005_001_cam_00_frame.0073,train,ai_005_001,73,0.026293259114027023,0.02329995110630989,0.3981051445007324,0.987611711025238,0.7827425003051758,0.02358129993081093,0.01929859071969986,0.6126495003700256,0.9876629114151001,0.7742495536804199,0.03209773451089859,0.025570668280124664,0.42574962973594666,0.9876014590263367,0.7507597804069519,0.042685359716415405,0.03266875818371773,0.2750774621963501,0.9873505234718323,0.7347565293312073
ai_005_001_cam_00_frame.0079,train,ai_005_001,79,0.04333189129829407,0.03229226544499397,0.3046681582927704,0.9897776246070862,0.8238998055458069,0.036364562809467316,0.025230223312973976,0.40215563774108887,0.9896246790885925,0.8073990345001221,0.038347769528627396,0.024249324575066566,0.46184322237968445,0.9892882108688354,0.7781108021736145,0.051553238183259964,0.03173764422535896,0.2900508940219879,0.9888803362846375,0.743999719619751
ai_005_001_cam_00_frame.0086,train,ai_005_001,86,0.03824911266565323,0.0348493754863739,0.26883208751678467,0.9877805709838867,0.8422671556472778,0.030595965683460236,0.027774376794695854,0.3163905143737793,0.9878467917442322,0.8422097563743591,0.03720390424132347,0.03131096437573433,0.27869319915771484,0.9881625771522522,0.8141582608222961,0.053269583731889725,0.04374581575393677,0.18552210927009583,0.988142192363739,0.7821915149688721
ai_005_001_cam_00_frame.0092,train,ai_005_001,92,0.02964877150952816,0.02693074196577072,0.4142201840877533,0.9865926504135132,0.8377345204353333,0.02555868588387966,0.023308223113417625,0.4791463315486908,0.9867655634880066,0.8279722332954407,0.03049323335289955,0.02779763750731945,0.2799835205078125,0.9870961904525757,0.7978917956352234,0.04011780023574829,0.035861968994140625,0.2217661589384079,0.9873148798942566,0.7752681374549866
ai_005_001_cam_00_frame.0099,train,ai_005_001,99,0.030177561566233635,0.027134757488965988,0.4485117793083191,0.9919891357421875,0.8895816206932068,0.025955921038985252,0.02273549698293209,0.4141438901424408,0.992034912109375,0.8680630922317505,0.030391216278076172,0.026993390172719955,0.2149505615234375,0.9871775507926941,0.8029804229736328,0.038994938135147095,0.034386295825242996,0.1724497526884079,0.9867604970932007,0.7574173212051392
ai_007_001_cam_00_frame.0000,train,ai_007_001,0,0.018405599519610405,0.016870327293872833,0.4466145932674408,0.9948984980583191,0.9249202013015747,0.022120146080851555,0.019840553402900696,0.4023335874080658,0.9948476552963257,0.9068403244018555,0.033767350018024445,0.02931801974773407,0.3249053955078125,0.9946696162223816,0.8800817131996155,0.04673764854669571,0.04186181351542473,0.2391357421875,0.9908447265625,0.8588055968284607
ai_007_001_cam_00_frame.0007,train,ai_007_001,7,0.024130044505000114,0.02126811258494854,0.4840850830078125,0.9921773672103882,0.8543765544891357,0.022344082593917847,0.01913519576191902,0.6117045283317566,0.9922943115234375,0.8350934982299805,0.030907003208994865,0.0255451500415802,0.3891042172908783,0.9917144775390625,0.8475940227508545,0.04432405158877373,0.035693272948265076,0.2622833251953125,0.9863637685775757,0.8291267156600952
ai_007_001_cam_00_frame.0013,train,ai_007_001,13,0.028278764337301254,0.02299210987985134,0.3162740170955658,0.9960988759994507,0.8854076862335205,0.028042253106832504,0.022794900462031364,0.3818308711051941,0.996124267578125,0.8743764162063599,0.038696058094501495,0.0337156280875206,0.2207387387752533,0.9961599111557007,0.8515773415565491,0.05355215072631836,0.04809580370783806,0.1421966552734375,0.9961599111557007,0.8457173705101013
ai_007_001_cam_00_frame.0020,train,ai_007_001,20,0.011823523789644241,0.010244548320770264,0.707977294921875,0.9958140254020691,0.9049619436264038,0.01608368754386902,0.013187114149332047,0.6264597773551941,0.9956563711166382,0.8614592552185059,0.031146807596087456,0.02566741406917572,0.2936299741268158,0.9965006709098816,0.8482190370559692,0.044315703213214874,0.03718601167201996,0.1887410581111908,0.996551513671875,0.8173394799232483
ai_007_001_cam_00_frame.0026,train,ai_007_001,26,0.015529698692262173,0.012332409620285034,0.6160125732421875,0.994293212890625,0.8799653053283691,0.012933610938489437,0.011377440765500069,0.6808115839958191,0.9947764277458191,0.7438887357711792,0.01993788219988346,0.018093952909111977,0.365264892578125,0.9949493408203125,0.7607672214508057,0.029513856396079063,0.026961958035826683,0.2683359980583191,0.9950408935546875,0.7535272836685181
ai_007_001_cam_00_frame.0033,train,ai_007_001,33,0.014823295176029205,0.011782009154558182,0.7365519404411316,0.9955088496208191,0.8673743605613708,0.016115043312311172,0.013908810913562775,0.5971527099609375,0.9955241084098816,0.8352176547050476,0.023525184020400047,0.021184725686907768,0.2928365170955658,0.99554443359375,0.8389578461647034,0.031033039093017578,0.027765393257141113,0.2351277768611908,0.9955800771713257,0.8263648152351379
ai_007_001_cam_00_frame.0040,train,ai_007_001,40,0.030307158827781677,0.02458404377102852,0.3213755488395691,0.9985097646713257,0.7996554970741272,0.032753076404333115,0.026457345113158226,0.3570811152458191,0.9985606074333191,0.7971974611282349,0.03985046595335007,0.033780183643102646,0.3132426142692566,0.9986470937728882,0.7897000908851624,0.04832356795668602,0.04163936525583267,0.2635294795036316,0.9986369013786316,0.7814901471138
ai_007_001_cam_00_frame.0046,train,ai_007_001,46,0.016578707844018936,0.012690926901996136,0.5333048701286316,0.9984283447265625,0.8649441003799438,0.017960038036108017,0.014796687290072441,0.3487345576286316,0.9984792470932007,0.8576117157936096,0.027733083814382553,0.02509581670165062,0.2173716276884079,0.99853515625,0.8284423351287842,0.039404790848493576,0.03630511462688446,0.1947886198759079,0.9985809326171875,0.7847900986671448
ai_007_001_cam_00_frame.0053,train,ai_007_001,53,0.024759968742728233,0.021078355610370636,0.3428802490234375,0.9966888427734375,0.8767997622489929,0.02628609538078308,0.023020241409540176,0.3244883418083191,0.9966278076171875,0.8447015881538391,0.041131407022476196,0.03685454651713371,0.1630045622587204,0.9965769648551941,0.7644080519676208,0.057641759514808655,0.051508765667676926,0.1342671811580658,0.9965464472770691,0.700943648815155
ai_007_001_cam_00_frame.0059,train,ai_007_001,59,0.030035432428121567,0.024497967213392258,0.5174204707145691,0.9966176748275757,0.9349787831306458,0.026846295222640038,0.02293846569955349,0.4335581660270691,0.9966837763786316,0.8991127014160156,0.03628859668970108,0.0329773984849453,0.2241312712430954,0.9967397451400757,0.7773038744926453,0.0564691424369812,0.05090969800949097,0.0938059538602829,0.9967498779296875,0.7177590131759644
ai_007_001_cam_00_frame.0066,train,ai_007_001,66,0.02739810012280941,0.020919382572174072,0.359527587890625,0.9905650019645691,0.8897224068641663,0.025971373543143272,0.020221984013915062,0.3715108335018158,0.9905904531478882,0.8216918706893921,0.030022334307432175,0.025321170687675476,0.298492431640625,0.9906362295150757,0.8356383442878723,0.03807888552546501,0.03371090441942215,0.2187703549861908,0.990631103515625,0.826896607875824
ai_007_001_cam_00_frame.0073,train,ai_007_001,73,0.011570315808057785,0.01050560362637043,0.6725870966911316,0.9979909658432007,0.8428311347961426,0.013165904209017754,0.01187983900308609,0.5801290273666382,0.9980825185775757,0.820061981678009,0.023775987327098846,0.020310156047344208,0.3295339047908783,0.9982045888900757,0.8034464716911316,0.036015454679727554,0.03126440569758415,0.204620361328125,0.9983571767807007,0.7797236442565918
ai_007_001_cam_00_frame.0079,train,ai_007_001,79,0.04220116138458252,0.031158266589045525,0.2591451108455658,0.9957784414291382,0.8648223876953125,0.03575894981622696,0.03049170970916748,0.3823038935661316,0.9957631826400757,0.6178618669509888,0.05568690225481987,0.04688568040728569,0.2089487761259079,0.9924978017807007,0.5875952243804932,0.09292291104793549,0.07398127764463425,0.06103515625,0.9400736689567566,0.4653254747390747
ai_007_001_cam_00_frame.0086,train,ai_007_001,86,0.08385078608989716,0.05429396033287048,0.1915639340877533,0.9542388916015625,0.8156050443649292,0.07385280728340149,0.04749608784914017,0.1646474301815033,0.9625295400619507,0.6893049478530884,0.06279295682907104,0.044317975640296936,0.1802012175321579,0.9878082275390625,0.6464477777481079,0.057193219661712646,0.047329798340797424,0.1536967009305954,0.9882151484489441,0.5789010524749756
ai_007_001_cam_00_frame.0092,train,ai_007_001,92,0.012989923357963562,0.010830093175172806,0.5194498896598816,0.9999186396598816,0.9592223763465881,0.011453693732619286,0.006481175776571035,0.7683207392692566,0.9999237060546875,0.9611055850982666,0.02246340736746788,0.012134041637182236,0.4249064326286316,0.9999237060546875,0.9359102845191956,0.03958778828382492,0.023184947669506073,0.2582957148551941,0.9999491572380066,0.9186394214630127
ai_007_001_cam_00_frame.0099,train,ai_007_001,99,0.05557049438357353,0.03777535259723663,0.1413116455078125,0.9973043203353882,0.8749374151229858,0.05014459043741226,0.03564984351396561,0.2067515105009079,0.9973704218864441,0.7257745862007141,0.0487777441740036,0.03771549463272095,0.1703643798828125,0.9974416494369507,0.6904282569885254,0.05173191428184509,0.044417183846235275,0.0955708846449852,0.9974822998046875,0.7260270118713379
ai_009_001_cam_00_frame.0000,train,ai_009_001,0,0.04740607365965843,0.04402155429124832,0.24843516945838928,0.9704918265342712,0.8244531750679016,0.043029315769672394,0.03900034353137016,0.34406188130378723,0.9719050526618958,0.8218908905982971,0.0454307459294796,0.03937444090843201,0.3648543059825897,0.9702194333076477,0.8140234351158142,0.05273064598441124,0.04549705609679222,0.27768129110336304,0.9674906134605408,0.803523063659668
ai_009_001_cam_00_frame.0007,train,ai_009_001,7,0.054794397205114365,0.04511954262852669,0.2975945770740509,0.9643503427505493,0.7874323129653931,0.053639475256204605,0.04185787960886955,0.35649698972702026,0.9649103283882141,0.789996325969696,0.06520771980285645,0.04925419017672539,0.16754691302776337,0.9643040895462036,0.7942179441452026,0.08439545333385468,0.06330960988998413,0.09546145796775818,0.9637081027030945,0.7972410321235657
ai_009_001_cam_00_frame.0013,train,ai_009_001,13,0.05887696146965027,0.05298718437552452,0.17827455699443817,0.9626984596252441,0.7604241371154785,0.05098801851272583,0.045419853180646896,0.2892818748950958,0.9630362391471863,0.7637639045715332,0.05338354408740997,0.04701003432273865,0.23583117127418518,0.9602285623550415,0.7602295875549316,0.06228214129805565,0.05525936558842659,0.15862636268138885,0.9571940302848816,0.7554154992103577
ai_009_001_cam_00_frame.0020,train,ai_009_001,20,0.051440149545669556,0.046851422637701035,0.2750609517097473,0.9591755270957947,0.7490312457084656,0.04748772457242012,0.04298872873187065,0.30299264192581177,0.9600058197975159,0.7473341226577759,0.052986931055784225,0.047803569585084915,0.23553676903247833,0.9589614272117615,0.7454878687858582,0.06364382803440094,0.05766904354095459,0.16350656747817993,0.9581259489059448,0.7493041753768921
ai_009_001_cam_00_frame.0026,train,ai_009_001,26,0.04533043131232262,0.041154466569423676,0.38282522559165955,0.9685801863670349,0.8605819940567017,0.04384594410657883,0.03973562642931938,0.3722322881221771,0.9693405628204346,0.8577245473861694,0.0498322919011116,0.0451163724064827,0.27847450971603394,0.9695253968238831,0.8520634174346924,0.058169640600681305,0.0528252087533474,0.21581973135471344,0.9671966433525085,0.846983015537262
ai_009_001_cam_00_frame.0033,train,ai_009_001,33,0.04270678758621216,0.03847556561231613,0.37920352816581726,0.9771220088005066,0.7722719311714172,0.041584987193346024,0.03707350045442581,0.4197428822517395,0.9767124652862549,0.7731775045394897,0.051875777542591095,0.04685257747769356,0.2452429234981537,0.972309947013855,0.7732207775115967,0.06309041380882263,0.0574900358915329,0.15227729082107544,0.9662333726882935,0.772807240486145
ai_009_001_cam_00_frame.0040,train,ai_009_001,40,0.06146739795804024,0.04479677602648735,0.1926083117723465,0.9764010906219482,0.8692638278007507,0.057487085461616516,0.04177895188331604,0.2539821267127991,0.9757822751998901,0.8676740527153015,0.06139014661312103,0.04589131474494934,0.18341420590877533,0.9749606251716614,0.8504279851913452,0.07751335203647614,0.059804726392030716,0.08819170296192169,0.9730105400085449,0.8299364447593689
ai_009_001_cam_00_frame.0046,train,ai_009_001,46,0.07312615215778351,0.06773246079683304,0.18838314712047577,0.9662564396858215,0.7705262899398804,0.06612417846918106,0.061259713023900986,0.2768092453479767,0.9685760736465454,0.764955997467041,0.06504745781421661,0.06012442708015442,0.22323477268218994,0.9676907062530518,0.7630096673965454,0.06593276560306549,0.06083287298679352,0.1335659921169281,0.9644908308982849,0.764833927154541
ai_009_001_cam_00_frame.0053,train,ai_009_001,53,0.058793824166059494,0.04916233941912651,0.2751063406467438,0.9735825657844543,0.8007035851478577,0.057581305503845215,0.04825824499130249,0.2602604031562805,0.9736186265945435,0.7961050271987915,0.06234751641750336,0.053562138229608536,0.1604795604944229,0.9732937812805176,0.7842981219291687,0.06946004927158356,0.06015244126319885,0.11930900812149048,0.9716694355010986,0.7791896462440491
ai_009_001_cam_00_frame.0059,train,ai_009_001,59,0.05016414821147919,0.04356994852423668,0.2116812765598297,0.9786686301231384,0.821078360080719,0.049399834126234055,0.042754802852869034,0.2390330284833908,0.9785346984863281,0.8159184455871582,0.05339444428682327,0.046476930379867554,0.23853348195552826,0.9780506491661072,0.7977471947669983,0.06128309294581413,0.05395430698990822,0.20703595876693726,0.9753777384757996,0.7796945571899414
ai_009_001_cam_00_frame.0066,train,ai_009_001,66,0.04297690838575363,0.040185052901506424,0.2819864749908447,0.9703223705291748,0.8464521169662476,0.04182542860507965,0.03825531154870987,0.34335964918136597,0.9705803394317627,0.8476343154907227,0.059877585619688034,0.05509161576628685,0.14958065748214722,0.9666993618011475,0.8486324548721313,0.07791537046432495,0.07127019017934799,0.10701613128185272,0.9628814458847046,0.8489795327186584
ai_009_001_cam_00_frame.0073,train,ai_009_001,73,0.03760811686515808,0.03466267138719559,0.3328951299190521,0.9738397598266602,0.8250072598457336,0.03650685027241707,0.03375000134110451,0.304911345243454,0.9733838438987732,0.8241565823554993,0.044135019183158875,0.0411374568939209,0.23946036398410797,0.9732036590576172,0.8208248019218445,0.053375761955976486,0.04947284236550331,0.15724243223667145,0.9730976223945618,0.8206701278686523
ai_009_001_cam_00_frame.0079,train,ai_009_001,79,0.05024202913045883,0.04399699717760086,0.2501095235347748,0.9719506502151489,0.7195454835891724,0.0454552099108696,0.03943999856710434,0.2512582242488861,0.9741892218589783,0.7172269225120544,0.04478204995393753,0.03861583024263382,0.2162793129682541,0.9765186905860901,0.7218630313873291,0.05046969652175903,0.043554045259952545,0.16472725570201874,0.9774483442306519,0.7288334369659424
ai_009_001_cam_00_frame.0086,train,ai_009_001,86,0.037356339395046234,0.034333422780036926,0.3761190176010132,0.9715893864631653,0.7590143084526062,0.03378479555249214,0.030963759869337082,0.48576897382736206,0.9713630080223083,0.7592530846595764,0.04602421820163727,0.0419674776494503,0.24495276808738708,0.9711520671844482,0.7594687938690186,0.05992802977561951,0.05418211594223976,0.15181823074817657,0.9708176255226135,0.7668758034706116
ai_009_001_cam_00_frame.0092,train,ai_009_001,92,0.043289173394441605,0.04057764634490013,0.318786084651947,0.9716455340385437,0.8139596581459045,0.04208444431424141,0.03939438611268997,0.30809712409973145,0.9725314378738403,0.8121176362037659,0.048040688037872314,0.04467702656984329,0.22599729895591736,0.9735755324363708,0.8089110255241394,0.05603252351284027,0.05194370076060295,0.18339967727661133,0.9733118414878845,0.8086181879043579
ai_009_001_cam_00_frame.0099,train,ai_009_001,99,0.04249778762459755,0.039115313440561295,0.33676937222480774,0.9716063141822815,0.7747114300727844,0.041719771921634674,0.03822866082191467,0.33503466844558716,0.9719701409339905,0.778032660484314,0.04939093440771103,0.04519347473978996,0.2470749467611313,0.9726924896240234,0.7822774648666382,0.059497516602277756,0.0546538345515728,0.17480160295963287,0.9699401259422302,0.7892611622810364
ai_011_001_cam_00_frame.0000,train,ai_011_001,0,0.04836469516158104,0.04340239614248276,0.2588399350643158,0.9670308828353882,0.8885369300842285,0.049930721521377563,0.04308659955859184,0.29718017578125,0.9671427607536316,0.8891062140464783,0.06302189826965332,0.05120519548654556,0.2118326872587204,0.9668528437614441,0.8874847888946533,0.08119823038578033,0.061722271144390106,0.1613413542509079,0.9663187861442566,0.8783177733421326
ai_011_001_cam_00_frame.0007,train,ai_011_001,7,0.05749138444662094,0.04439684376120567,0.23570342361927032,0.9754988551139832,0.839658796787262,0.05888383090496063,0.043228380382061005,0.31812331080436707,0.9754073023796082,0.8473768830299377,0.06868235766887665,0.04812756925821304,0.27869361639022827,0.9748579263687134,0.8504794239997864,0.08734072744846344,0.05938902124762535,0.17931059002876282,0.9734337329864502,0.8525018692016602
ai_011_001_cam_00_frame.0013,train,ai_011_001,13,0.03115537203848362,0.026218507438898087,0.4854080379009247,0.9841018915176392,0.9227966666221619,0.031106455251574516,0.026028182357549667,0.5367689728736877,0.9840611219406128,0.9176592230796814,0.03644135221838951,0.030801814049482346,0.4014156758785248,0.9821922779083252,0.9003207683563232,0.04476551711559296,0.03852218762040138,0.2759261727333069,0.9818612933158875,0.8894782662391663
ai_011_001_cam_00_frame.0020,train,ai_011_001,20,0.026056556031107903,0.02341058850288391,0.49645042419433594,0.9842885732650757,0.8336993455886841,0.026425790041685104,0.023933347314596176,0.45311200618743896,0.9846220016479492,0.8290902972221375,0.03310756757855415,0.03030453994870186,0.36755335330963135,0.9848015308380127,0.8136157393455505,0.04218623787164688,0.0386616550385952,0.28204602003097534,0.9845604300498962,0.8037678003311157
ai_011_001_cam_00_frame.0026,train,ai_011_001,26,0.025498270988464355,0.023666495457291603,0.424854576587677,0.9916744828224182,0.7633501291275024,0.021068327128887177,0.019322175532579422,0.481576144695282,0.9920493364334106,0.7468571662902832,0.02340351790189743,0.02124270424246788,0.4370746612548828,0.9920181035995483,0.7285842299461365,0.03268688544631004,0.029684122651815414,0.2885228991508484,0.9918463230133057,0.7167208194732666
ai_011_001_cam_00_frame.0033,train,ai_011_001,33,0.019063886255025864,0.017428360879421234,0.6105761528015137,0.9922313094139099,0.672832727432251,0.014822850003838539,0.013805024325847626,0.7075262069702148,0.9921721816062927,0.6667376160621643,0.023062724620103836,0.021394122391939163,0.49061575531959534,0.9921184182167053,0.6563832759857178,0.03385214880108833,0.031258270144462585,0.3386988341808319,0.9921130537986755,0.6433783173561096
ai_011_001_cam_00_frame.0040,train,ai_011_001,40,0.018881557509303093,0.017109276726841927,0.5907742381095886,0.9925493001937866,0.6969403624534607,0.01792793534696102,0.01644371822476387,0.6028956770896912,0.9925010800361633,0.6907092332839966,0.027097368612885475,0.024944137781858444,0.43489882349967957,0.9923297166824341,0.6864868402481079,0.037262432277202606,0.03432481735944748,0.30896010994911194,0.9922171831130981,0.6766481399536133
ai_011_001_cam_00_frame.0046,train,ai_011_001,46,0.022729314863681793,0.02120920829474926,0.41863518953323364,0.9883317947387695,0.7371997237205505,0.017267048358917236,0.01618952304124832,0.6038325428962708,0.9882788062095642,0.7268327474594116,0.028703315183520317,0.026354053989052773,0.38738057017326355,0.9883635640144348,0.7090586423873901,0.04189804941415787,0.038359977304935455,0.24784432351589203,0.9884006381034851,0.6821610927581787
ai_011_001_cam_00_frame.0053,train,ai_011_001,53,0.02755030244588852,0.025335822254419327,0.42487964034080505,0.9851926565170288,0.6706304550170898,0.02530834451317787,0.023444045335054398,0.48751670122146606,0.9857297539710999,0.6568745970726013,0.03947921097278595,0.03645896539092064,0.29297545552253723,0.9855315089225769,0.6335180401802063,0.05342866852879524,0.049266472458839417,0.1743825525045395,0.9850648045539856,0.6287647485733032
ai_011_001_cam_00_frame.0059,train,ai_011_001,59,0.019243165850639343,0.017848936840891838,0.523518979549408,0.9909047484397888,0.6598672866821289,0.017952730879187584,0.016661712899804115,0.5317514538764954,0.9908652901649475,0.6632182598114014,0.027548763900995255,0.025259975343942642,0.4175284206867218,0.9907694458961487,0.6617105603218079,0.0390629880130291,0.03582596033811569,0.3073088526725769,0.9908483624458313,0.6440389752388
ai_011_001_cam_00_frame.0066,train,ai_011_001,66,0.024291623383760452,0.02242235280573368,0.5097214579582214,0.9901909232139587,0.7887573838233948,0.018964452669024467,0.01749800518155098,0.6406087279319763,0.9900929927825928,0.772594153881073,0.022435441613197327,0.020711828023195267,0.45229923725128174,0.9899848103523254,0.7381995320320129,0.03491639718413353,0.03219949081540108,0.30054712295532227,0.989814817905426,0.7238675951957703
ai_011_001_cam_00_frame.0073,train,ai_011_001,73,0.023403475061058998,0.02176373451948166,0.46073079109191895,0.9920405149459839,0.7591376304626465,0.01820690743625164,0.017002349719405174,0.5722317695617676,0.9919155836105347,0.7478946447372437,0.02210654318332672,0.020513813942670822,0.46622800827026367,0.9915355443954468,0.7348361611366272,0.03378591686487198,0.031074723228812218,0.26745864748954773,0.9914210438728333,0.7228420972824097
ai_011_001_cam_00_frame.0079,train,ai_011_001,79,0.021824773401021957,0.019814589992165565,0.5376830101013184,0.9897552728652954,0.6285842061042786,0.018591662868857384,0.01688496209681034,0.5854367017745972,0.9897729754447937,0.6250874996185303,0.031785763800144196,0.02913517691195011,0.33654171228408813,0.9897080659866333,0.6123219132423401,0.04559208080172539,0.04190385341644287,0.2265879064798355,0.9896136522293091,0.5999917387962341
ai_011_001_cam_00_frame.0086,train,ai_011_001,86,0.020092148333787918,0.018096964806318283,0.5444259643554688,0.9906549453735352,0.6523656249046326,0.01721549592912197,0.015554968267679214,0.6032145023345947,0.9906787276268005,0.6454446315765381,0.03128943219780922,0.028740206733345985,0.4373895525932312,0.9910653829574585,0.6342412829399109,0.04737737402319908,0.04363900050520897,0.24537357687950134,0.9912319183349609,0.6156026124954224
ai_011_001_cam_00_frame.0092,train,ai_011_001,92,0.02195160835981369,0.020372850820422173,0.42793065309524536,0.9908297061920166,0.6370846629142761,0.023950878530740738,0.022172847762703896,0.43505409359931946,0.9906302094459534,0.6296941637992859,0.033972036093473434,0.03132079169154167,0.3874881863594055,0.989750862121582,0.6154743432998657,0.04623490571975708,0.042693160474300385,0.24271400272846222,0.9888789057731628,0.6039251685142517
ai_011_001_cam_00_frame.0099,train,ai_011_001,99,0.022301888093352318,0.020683106034994125,0.5229473114013672,0.9869944453239441,0.6284907460212708,0.026370998471975327,0.024211963638663292,0.42782095074653625,0.9871911406517029,0.6271489858627319,0.03930208459496498,0.03579658269882202,0.34247973561286926,0.9871401786804199,0.6234647035598755,0.052549879997968674,0.04794492572546005,0.2309306412935257,0.982316792011261,0.6089299917221069
ai_013_001_cam_00_frame.0000,train,ai_013_001,0,0.07225677371025085,0.06584560126066208,0.12237548828125,0.9874624013900757,0.9249786734580994,0.06158324331045151,0.055873870849609375,0.1734364926815033,0.9889170527458191,0.9181593656539917,0.05754603073000908,0.05214882642030716,0.1948954313993454,0.9890187978744507,0.912068247795105,0.06376925110816956,0.05735495686531067,0.1662953794002533,0.9891611933708191,0.9096471667289734
ai_013_001_cam_00_frame.0007,train,ai_013_001,7,0.07155142724514008,0.06572864204645157,0.1121063232421875,0.9898630976676941,0.9365078806877136,0.058355074375867844,0.054526880383491516,0.0832621306180954,0.9902191162109375,0.9355260729789734,0.04445262998342514,0.038729049265384674,0.2190755307674408,0.990203857421875,0.9312913417816162,0.045741006731987,0.03920251131057739,0.1752370297908783,0.990020751953125,0.9203242063522339
ai_013_001_cam_00_frame.0013,train,ai_013_001,13,0.06766319274902344,0.06253444403409958,0.1021270751953125,0.9897054433822632,0.9284613728523254,0.05216743052005768,0.048911791294813156,0.1569620817899704,0.99017333984375,0.9200490117073059,0.03893250226974487,0.03461615741252899,0.2055511474609375,0.9901784658432007,0.9079487919807434,0.04226386547088623,0.03681054338812828,0.2185109555721283,0.9899038076400757,0.896253764629364
ai_013_001_cam_00_frame.0020,train,ai_013_001,20,0.07316400110721588,0.06629666686058044,0.1039530485868454,0.9888051748275757,0.931904673576355,0.061457037925720215,0.05496087297797203,0.1480916440486908,0.98956298828125,0.9308481216430664,0.05203738808631897,0.04578172415494919,0.2065887451171875,0.9898834228515625,0.9268450736999512,0.053777676075696945,0.04722946509718895,0.105682373046875,0.98968505859375,0.91783207654953
ai_013_001_cam_00_frame.0026,train,ai_013_001,26,0.06716328114271164,0.06212412565946579,0.1450246274471283,0.9899546504020691,0.9301862716674805,0.052470773458480835,0.04929133504629135,0.1718292236328125,0.9903463125228882,0.9237462878227234,0.03801678121089935,0.03325621783733368,0.2499593198299408,0.9901885986328125,0.9158800840377808,0.04251190647482872,0.03696564957499504,0.2384033203125,0.989898681640625,0.9020833373069763
ai_013_001_cam_00_frame.0033,train,ai_013_001,33,0.06399469077587128,0.05929341912269592,0.1256612241268158,0.9890645742416382,0.9346967935562134,0.05039603263139725,0.04644171521067619,0.1369730681180954,0.9894968867301941,0.9315922856330872,0.04348719120025635,0.03936178982257843,0.2059529721736908,0.9896087646484375,0.9198354482650757,0.04835087060928345,0.0435744933784008,0.1123809814453125,0.9893595576286316,0.904076874256134
ai_013_001_cam_00_frame.0040,train,ai_013_001,40,0.060066841542720795,0.05508577823638916,0.1252797544002533,0.9904429316520691,0.9360485672950745,0.048384107649326324,0.04361899197101593,0.181671142578125,0.9907125234603882,0.9348238706588745,0.04084356129169464,0.03593240678310394,0.2245330810546875,0.990631103515625,0.9263280630111694,0.0437166765332222,0.038095518946647644,0.1771901547908783,0.9904887080192566,0.9108115434646606
ai_013_001_cam_00_frame.0046,train,ai_013_001,46,0.05909128487110138,0.05341342091560364,0.13104248046875,0.9912261962890625,0.9344729781150818,0.04431451857089996,0.04049038141965866,0.1207326278090477,0.9912211298942566,0.9358758926391602,0.03261030465364456,0.02705112099647522,0.3114980161190033,0.9911295771598816,0.9277050495147705,0.039045482873916626,0.032908692955970764,0.205322265625,0.9908549189567566,0.916010856628418
ai_013_001_cam_00_frame.0053,train,ai_013_001,53,0.05803418904542923,0.0532398596405983,0.1093495711684227,0.9922943115234375,0.9391586780548096,0.04340989515185356,0.03978125751018524,0.1313323974609375,0.9923299551010132,0.938027560710907,0.031901028007268906,0.02721734158694744,0.3075154721736908,0.9920400381088257,0.9261097311973572,0.03825845569372177,0.031996238976716995,0.2325948178768158,0.991790771484375,0.9089654684066772
ai_013_001_cam_00_frame.0059,train,ai_013_001,59,0.07425208389759064,0.06807684898376465,0.1003926619887352,0.9914093017578125,0.9440117478370667,0.059115104377269745,0.05414379760622978,0.1614736020565033,0.9918264150619507,0.9447619318962097,0.043307334184646606,0.03863682597875595,0.2046051025390625,0.9919332265853882,0.9362172484397888,0.04336662217974663,0.03771286830306053,0.2045440673828125,0.9916636347770691,0.921409010887146
ai_013_001_cam_00_frame.0066,train,ai_013_001,66,0.07539443671703339,0.06876279413700104,0.0774688720703125,0.9918569326400757,0.9427606463432312,0.060256317257881165,0.055549681186676025,0.1394144743680954,0.9922943115234375,0.9440220594406128,0.04093579947948456,0.036900900304317474,0.1425120085477829,0.99224853515625,0.9345721006393433,0.03902129456400871,0.033440832048654556,0.220428466796875,0.9921163320541382,0.9234802722930908
ai_013_001_cam_00_frame.0073,train,ai_013_001,73,0.06179337948560715,0.05643492192029953,0.1656595915555954,0.9910329580307007,0.9346020817756653,0.046486955136060715,0.042614322155714035,0.2309163510799408,0.9912516474723816,0.9328808188438416,0.03478555008769035,0.030716871842741966,0.1827392578125,0.9911448359489441,0.926856279373169,0.03843175619840622,0.03228641301393509,0.2781728208065033,0.9908447265625,0.9167519211769104
ai_013_001_cam_00_frame.0079,train,ai_013_001,79,0.07336607575416565,0.06769893318414688,0.0865071639418602,0.9907023310661316,0.9440855979919434,0.06093943119049072,0.054626427590847015,0.1743621826171875,0.9909159541130066,0.9452100396156311,0.05330362543463707,0.04751370847225189,0.1861470639705658,0.9912211298942566,0.937317967414856,0.05490491911768913,0.04904935881495476,0.1116231307387352,0.9907481074333191,0.9188805818557739
ai_013_001_cam_00_frame.0086,train,ai_013_001,86,0.0792461410164833,0.07202710211277008,0.0948384627699852,0.9898122549057007,0.938381016254425,0.06669040024280548,0.05973513051867485,0.1672210693359375,0.9906260371208191,0.938247561454773,0.055950190871953964,0.04960662126541138,0.2275187224149704,0.9912465810775757,0.928674578666687,0.05384545773267746,0.047937702387571335,0.1306966245174408,0.9909719228744507,0.9123125076293945
ai_013_001_cam_00_frame.0092,train,ai_013_001,92,0.06423678249120712,0.05946587771177292,0.1375376433134079,0.9897613525390625,0.9248434901237488,0.04897099360823631,0.046429507434368134,0.0790761336684227,0.990142822265625,0.9191978573799133,0.03174028545618057,0.026687726378440857,0.3404642939567566,0.9901530146598816,0.9123192429542542,0.035508014261722565,0.02911050245165825,0.2969512939453125,0.9900054931640625,0.8982661962509155
ai_013_001_cam_00_frame.0099,train,ai_013_001,99,0.06515860557556152,0.06024318188428879,0.1659495085477829,0.9897410273551941,0.9205843210220337,0.05068221688270569,0.04659318923950195,0.1348215788602829,0.9905344843864441,0.9133110642433167,0.03830841928720474,0.033706460148096085,0.24267578125,0.9905242919921875,0.9061942100524902,0.040098465979099274,0.03411829471588135,0.2435709685087204,0.9902445673942566,0.8951317667961121
ai_015_001_cam_00_frame.0000,train,ai_015_001,0,0.023394113406538963,0.022053604945540428,0.3433888852596283,0.9973093867301941,0.7921303510665894,0.025754287838935852,0.02458556741476059,0.3269704282283783,0.9973348379135132,0.7770189642906189,0.033933110535144806,0.03219696134328842,0.2025502622127533,0.9974009394645691,0.719605565071106,0.0423557385802269,0.039972878992557526,0.1730753630399704,0.9972738027572632,0.7088711857795715
ai_015_001_cam_00_frame.0007,train,ai_015_001,7,0.02094610594213009,0.019220100715756416,0.3516082763671875,0.9949493408203125,0.7983237504959106,0.017179518938064575,0.01585870049893856,0.4572652280330658,0.9949951171875,0.7986517548561096,0.02014479599893093,0.018378280103206635,0.4089253842830658,0.9950155019760132,0.7912119626998901,0.028817933052778244,0.026343904435634613,0.2703298032283783,0.9950358271598816,0.7743246555328369
ai_015_001_cam_00_frame.0013,train,ai_015_001,13,0.02740633115172386,0.02180153876543045,0.3999532163143158,0.9962412714958191,0.8580650091171265,0.024540454149246216,0.019193610176444054,0.2807668149471283,0.9962870478630066,0.7779062986373901,0.03892415016889572,0.02929539978504181,0.2024383544921875,0.9963226318359375,0.7351003289222717,0.06266128271818161,0.04839982092380524,0.1315409392118454,0.9953664541244507,0.7012973427772522
ai_015_001_cam_00_frame.0020,train,ai_015_001,20,0.016803033649921417,0.01512247882783413,0.5761515498161316,0.9963938593864441,0.8660479187965393,0.01746113784611225,0.015908559784293175,0.4970906674861908,0.9963531494140625,0.8568695187568665,0.025065019726753235,0.02301102876663208,0.4182485044002533,0.9962870478630066,0.825938880443573,0.03384151682257652,0.031206732615828514,0.3761800229549408,0.9946441650390625,0.8154977560043335
ai_015_001_cam_00_frame.0026,train,ai_015_001,26,0.025505218654870987,0.02013685368001461,0.3928375244140625,0.9945424795150757,0.90790194272995,0.02828117087483406,0.018075061962008476,0.43878173828125,0.9945475459098816,0.8914054036140442,0.047024380415678024,0.030275335535407066,0.2388153076171875,0.9945729970932007,0.8076248168945312,0.07194319367408752,0.048778802156448364,0.1522267758846283,0.9945780634880066,0.7405526638031006
ai_015_001_cam_00_frame.0033,train,ai_015_001,33,0.04359840601682663,0.03081221878528595,0.2364501953125,0.9923197627067566,0.8248178362846375,0.04048072546720505,0.025360606610774994,0.2634989619255066,0.9923045039176941,0.8226820826530457,0.043261587619781494,0.027875613421201706,0.3186492919921875,0.9918975830078125,0.819607138633728,0.050028037279844284,0.0347696952521801,0.2672627866268158,0.991119384765625,0.8000302910804749
ai_015_001_cam_00_frame.0040,train,ai_015_001,40,0.03149619698524475,0.027846749871969223,0.3354288935661316,0.9889068603515625,0.824781596660614,0.028524747118353844,0.024775683879852295,0.4215850830078125,0.9888255000114441,0.8271119594573975,0.03780927509069443,0.03286885470151901,0.3513743281364441,0.9872385859489441,0.8189193606376648,0.05238325521349907,0.04589162394404411,0.2819417417049408,0.9828338623046875,0.8266149759292603
ai_015_001_cam_00_frame.0046,train,ai_015_001,46,0.02758646570146084,0.02592846378684044,0.2916463315486908,0.9976959228515625,0.7902210354804993,0.021370312198996544,0.018938519060611725,0.3928985595703125,0.9976959228515625,0.7920935153961182,0.0203748419880867,0.01599380373954773,0.4292704463005066,0.9976603388786316,0.7820826768875122,0.02774343453347683,0.022772427648305893,0.269287109375,0.9975789785385132,0.7562271952629089
ai_015_001_cam_00_frame.0053,train,ai_015_001,53,0.021605316549539566,0.01866277866065502,0.3703359067440033,0.9973602294921875,0.8633720874786377,0.02257378026843071,0.019901346415281296,0.2528127133846283,0.9972636103630066,0.7129926681518555,0.029607050120830536,0.026062771677970886,0.2709096372127533,0.9965617060661316,0.6728354096412659,0.04101769998669624,0.03423627093434334,0.2286122739315033,0.9961751699447632,0.6545756459236145
ai_015_001_cam_00_frame.0059,train,ai_015_001,59,0.032810527831315994,0.029661646112799644,0.2033589780330658,0.9927266836166382,0.8175663948059082,0.02582060545682907,0.02277960255742073,0.4019216001033783,0.9927164912223816,0.8032588958740234,0.03225359320640564,0.02717812918126583,0.4049428403377533,0.9921824336051941,0.7953438758850098,0.049831174314022064,0.041458867490291595,0.2516734004020691,0.9827321767807007,0.7949506044387817
ai_015_001_cam_00_frame.0066,train,ai_015_001,66,0.01797703094780445,0.012419939041137695,0.7347005605697632,0.9987691640853882,0.9822072982788086,0.022924333810806274,0.01646488904953003,0.5610606074333191,0.998779296875,0.9636791348457336,0.035519301891326904,0.027817366644740105,0.413726806640625,0.9987335205078125,0.8101276755332947,0.046283870935440063,0.036979708820581436,0.3339945673942566,0.9832305908203125,0.7059158086776733
ai_015_001_cam_00_frame.0073,train,ai_015_001,73,0.057203635573387146,0.048368148505687714,0.160552978515625,0.995269775390625,0.9539217352867126,0.04716315492987633,0.040790855884552,0.2176412045955658,0.9954885244369507,0.8290557861328125,0.03481532633304596,0.030431102961301804,0.3142496943473816,0.9957784414291382,0.7906720042228699,0.04218733310699463,0.03267635777592659,0.24676513671875,0.9957427978515625,0.6660569310188293
ai_015_001_cam_00_frame.0079,train,ai_015_001,79,0.026970908045768738,0.021219942718744278,0.3661906123161316,0.9960276484489441,0.8016887903213501,0.020392151549458504,0.017798690125346184,0.4165242612361908,0.99609375,0.8000871539115906,0.027007844299077988,0.021774061024188995,0.4083048701286316,0.996185302734375,0.794130802154541,0.042829226702451706,0.03478094935417175,0.2656606137752533,0.9907989501953125,0.801908552646637
ai_015_001_cam_00_frame.0086,train,ai_015_001,86,0.04500819370150566,0.04104151949286461,0.2457377165555954,0.9994100332260132,0.8261809349060059,0.04303896427154541,0.03772614151239395,0.3093973994255066,0.99957275390625,0.832629382610321,0.04525186866521835,0.03972959518432617,0.2402699887752533,0.9997711181640625,0.8521748185157776,0.050619348883628845,0.04372896999120712,0.1681365966796875,0.999786376953125,0.8357518315315247
ai_015_001_cam_00_frame.0092,train,ai_015_001,92,0.02255033515393734,0.017910178750753403,0.4003957211971283,0.9971923828125,0.7948334217071533,0.016672585159540176,0.014157327823340893,0.6068369746208191,0.9972432851791382,0.7948982119560242,0.026616454124450684,0.022675752639770508,0.2680206298828125,0.9973093867301941,0.7732711434364319,0.04522309824824333,0.037153687328100204,0.1529998779296875,0.9973551630973816,0.7391800284385681
ai_015_001_cam_00_frame.0099,train,ai_015_001,99,0.04145292937755585,0.021724440157413483,0.5433909296989441,0.9922129511833191,0.8532586097717285,0.044062986969947815,0.028045764192938805,0.3334910273551941,0.9935964345932007,0.6844348311424255,0.05169651657342911,0.04097738116979599,0.0844624862074852,0.9922943115234375,0.7025018334388733,0.06085363030433655,0.05483832582831383,0.0876414030790329,0.9896901845932007,0.5667305588722229
ai_017_001_cam_00_frame.0000,train,ai_017_001,0,0.02727453224360943,0.02505108341574669,0.1879323422908783,0.9926300048828125,0.8174049854278564,0.02372247353196144,0.020927831530570984,0.2916514277458191,0.9926300048828125,0.8070794939994812,0.026775434613227844,0.022531017661094666,0.3064829707145691,0.9925588369369507,0.7942367196083069,0.03490705415606499,0.029232922941446304,0.2153167724609375,0.9924520254135132,0.7845461368560791
ai_017_001_cam_00_frame.0007,train,ai_017_001,7,0.02819121442735195,0.026703238487243652,0.2900645136833191,0.9925944209098816,0.7894031405448914,0.023135293275117874,0.021058496087789536,0.384796142578125,0.9928233027458191,0.770977258682251,0.026515750214457512,0.022450705990195274,0.3604227900505066,0.9927877187728882,0.7496576905250549,0.03672304004430771,0.03022339753806591,0.2829386591911316,0.9925435781478882,0.7417418956756592
ai_017_001_cam_00_frame.0013,train,ai_017_001,13,0.01948823779821396,0.016596496105194092,0.4635264277458191,0.9944254755973816,0.780455470085144,0.018669938668608665,0.015047255903482437,0.539886474609375,0.9944305419921875,0.7415791153907776,0.02773439884185791,0.021731287240982056,0.3182729184627533,0.9944915771484375,0.7414783239364624,0.0416950061917305,0.034010592848062515,0.214813232421875,0.9939779043197632,0.7379130721092224
ai_017_001_cam_00_frame.0020,train,ai_017_001,20,0.025703076273202896,0.023475006222724915,0.2987620234489441,0.9945068359375,0.755416989326477,0.02138814888894558,0.01949375867843628,0.4757944941520691,0.9944661855697632,0.718879759311676,0.030998317524790764,0.026046637445688248,0.3722381591796875,0.9944102168083191,0.7197321057319641,0.04718991741538048,0.03988662734627724,0.2236226499080658,0.9943593740463257,0.7096747756004333
ai_017_001_cam_00_frame.0026,train,ai_017_001,26,0.023823734372854233,0.019519757479429245,0.2842254638671875,0.9939473867416382,0.876092791557312,0.020632505416870117,0.01584414765238762,0.4835561215877533,0.9959869384765625,0.8724501729011536,0.025232084095478058,0.018878867849707603,0.3713175654411316,0.9973806142807007,0.8779179453849792,0.03537198528647423,0.02817116305232048,0.2275848388671875,0.9972432851791382,0.8656243085861206
ai_017_001_cam_00_frame.0033,train,ai_017_001,33,0.022332554683089256,0.019568100571632385,0.402801513671875,0.9960378408432007,0.8546088337898254,0.022048886865377426,0.018098633736371994,0.522552490234375,0.9961751699447632,0.8398488163948059,0.03085057996213436,0.02501717209815979,0.3989105224609375,0.9954732656478882,0.8377217650413513,0.04289931058883667,0.03508778661489487,0.2899831235408783,0.9886271357536316,0.8185125589370728
ai_017_001_cam_00_frame.0040,train,ai_017_001,40,0.021708300337195396,0.017796196043491364,0.4581095576286316,0.9956868886947632,0.8037271499633789,0.021784452721476555,0.016803711652755737,0.4559071958065033,0.9957529902458191,0.7625712752342224,0.030092496424913406,0.02142265811562538,0.351898193359375,0.9958292841911316,0.7630036473274231,0.043035246431827545,0.03095424734055996,0.2519785761833191,0.995849609375,0.7451288104057312
ai_017_001_cam_00_frame.0046,train,ai_017_001,46,0.03419232740998268,0.029890256002545357,0.47540876269340515,0.9812480211257935,0.8073340654373169,0.031466905027627945,0.02538190223276615,0.6215181350708008,0.9814316630363464,0.7710486054420471,0.03672393783926964,0.02911253087222576,0.3674306273460388,0.9818498492240906,0.7462009787559509,0.04857946187257767,0.03815819323062897,0.19479718804359436,0.9820742011070251,0.7366318106651306
ai_017_001_cam_00_frame.0053,train,ai_017_001,53,0.030754810199141502,0.028436675667762756,0.48195621371269226,0.9799564480781555,0.8381043076515198,0.02568836510181427,0.02164822816848755,0.6774203181266785,0.9871413707733154,0.7757222652435303,0.02942287176847458,0.023193147033452988,0.4608135223388672,0.9901079535484314,0.7162238955497742,0.040607135742902756,0.0311697069555521,0.2369912713766098,0.9900672435760498,0.6989861130714417
ai_017_001_cam_00_frame.0059,train,ai_017_001,59,0.0322236530482769,0.028592539951205254,0.4200533330440521,0.9896892309188843,0.75449138879776,0.026063956320285797,0.023953812196850777,0.5450239777565002,0.9905629754066467,0.7633901834487915,0.02625242993235588,0.024008095264434814,0.393101304769516,0.9907775521278381,0.7330670356750488,0.03233041241765022,0.02927716262638569,0.2504113018512726,0.9907979965209961,0.707148015499115
ai_017_001_cam_00_frame.0066,train,ai_017_001,66,0.02247709035873413,0.021343307569622993,0.5284968018531799,0.9903174042701721,0.7930412888526917,0.017822641879320145,0.016657648608088493,0.7159298062324524,0.9934088587760925,0.793293297290802,0.021869953721761703,0.01885077729821205,0.5848323106765747,0.9935976266860962,0.7674746513366699,0.032840926200151443,0.02895186096429825,0.24717633426189423,0.989797055721283,0.7232363820075989
ai_017_001_cam_00_frame.0073,train,ai_017_001,73,0.028789499774575233,0.026500381529331207,0.6150563359260559,0.9844567775726318,0.8100153803825378,0.028638293966650963,0.026482298970222473,0.42862963676452637,0.9868249297142029,0.7910035848617554,0.03567072004079819,0.03260689973831177,0.2654871642589569,0.987166166305542,0.7640785574913025,0.04640893638134003,0.04135856777429581,0.1534661501646042,0.9872374534606934,0.7462737560272217
ai_017_001_cam_00_frame.0079,train,ai_017_001,79,0.02333245240151882,0.021935472264885902,0.575117290019989,0.9847539067268372,0.8039757609367371,0.020426776260137558,0.01828320510685444,0.7537758350372314,0.9859102368354797,0.793766975402832,0.027492480352520943,0.02390461601316929,0.3917621374130249,0.9889615178108215,0.7690644860267639,0.039425190538167953,0.034101761877536774,0.1801307052373886,0.989027738571167,0.766072154045105
ai_017_001_cam_00_frame.0086,train,ai_017_001,86,0.026296084746718407,0.024106411263346672,0.3277435302734375,0.9875081777572632,0.7437036037445068,0.024852780625224113,0.022962957620620728,0.4783477783203125,0.9877828359603882,0.6777335405349731,0.0312024112790823,0.026987947523593903,0.3465474545955658,0.9880574941635132,0.6631510257720947,0.042298220098018646,0.03506959602236748,0.2037404477596283,0.9882965087890625,0.6328631043434143
ai_017_001_cam_00_frame.0092,train,ai_017_001,92,0.02241525612771511,0.018807072192430496,0.4405110776424408,0.992828369140625,0.7293375134468079,0.025826117023825645,0.020183859393000603,0.4063059687614441,0.9938456416130066,0.699722945690155,0.040140725672245026,0.0296383798122406,0.2305399626493454,0.9943339228630066,0.710013747215271,0.056541793048381805,0.04154534265398979,0.1440480649471283,0.994384765625,0.7030982971191406
ai_017_001_cam_00_frame.0099,train,ai_017_001,99,0.03043169341981411,0.025256231427192688,0.4756673276424408,0.9878743886947632,0.7978682518005371,0.03383643925189972,0.02522648125886917,0.4217783808708191,0.9879710078239441,0.7152448892593384,0.042295388877391815,0.029591334983706474,0.2496795654296875,0.9880320429801941,0.7180145978927612,0.05370330065488815,0.03749963641166687,0.1944427490234375,0.9882456660270691,0.7091911435127258
ai_018_003_cam_00_frame.0000,train,ai_018_003,0,0.016437657177448273,0.01471531018614769,0.5070444941520691,0.9942626953125,0.8894361257553101,0.019206751137971878,0.017146196216344833,0.5311025381088257,0.9942983388900757,0.8854427933692932,0.03452206775546074,0.030909232795238495,0.3132578730583191,0.9944305419921875,0.8791625499725342,0.0500500425696373,0.04453141614794731,0.2416483610868454,0.9943949580192566,0.8736587762832642
ai_018_003_cam_00_frame.0007,train,ai_018_003,7,0.016290221363306046,0.014153329655528069,0.5311330556869507,0.9961446523666382,0.7828903198242188,0.017416469752788544,0.016261128708720207,0.442474365234375,0.9961649775505066,0.7676416039466858,0.03293835371732712,0.029325466603040695,0.261993408203125,0.9961904287338257,0.7607651352882385,0.0527019202709198,0.04588484764099121,0.1465606689453125,0.9963328242301941,0.77901691198349
ai_018_003_cam_00_frame.0013,train,ai_018_003,13,0.02079544961452484,0.018647469580173492,0.479461669921875,0.9954274892807007,0.7899895906448364,0.019533520564436913,0.0176461860537529,0.4425303339958191,0.9954681396484375,0.7620069980621338,0.031050562858581543,0.027588289231061935,0.2495371550321579,0.9955291748046875,0.7426207065582275,0.046317391097545624,0.04072549566626549,0.1824239194393158,0.9950205683708191,0.73682701587677
ai_018_003_cam_00_frame.0020,train,ai_018_003,20,0.04728236421942711,0.03197481483221054,0.1475321501493454,0.9924418330192566,0.8672489523887634,0.038375258445739746,0.026457101106643677,0.2275848388671875,0.9924876093864441,0.8625296950340271,0.031219778582453728,0.02552390657365322,0.3059132993221283,0.9927470088005066,0.8681233525276184,0.03417143225669861,0.030401235446333885,0.2635650634765625,0.992828369140625,0.861904501914978
ai_018_003_cam_00_frame.0026,train,ai_018_003,26,0.02096845768392086,0.017026938498020172,0.4788665771484375,0.995361328125,0.8700888752937317,0.022020593285560608,0.018814977258443832,0.3782501220703125,0.9953460693359375,0.8706086277961731,0.03284348174929619,0.029653413221240044,0.2772471308708191,0.9953664541244507,0.8632986545562744,0.04467424005270004,0.04060898348689079,0.1770579069852829,0.995330810546875,0.8571826815605164
ai_018_003_cam_00_frame.0033,train,ai_018_003,33,0.01754460111260414,0.015399215742945671,0.6302337646484375,0.9947459101676941,0.7571241855621338,0.020122330635786057,0.01819499582052231,0.4694112241268158,0.9947866201400757,0.7417582273483276,0.0330544076859951,0.027470916509628296,0.3153432309627533,0.9945628046989441,0.7256326079368591,0.05119430646300316,0.040901802480220795,0.2200520932674408,0.9941813349723816,0.7383130192756653
ai_018_003_cam_00_frame.0040,train,ai_018_003,40,0.012575739994645119,0.011106640100479126,0.6792246699333191,0.9965718984603882,0.9510820508003235,0.012598611414432526,0.011243989691138268,0.6731109619140625,0.9965718984603882,0.9387673139572144,0.025923404842615128,0.02225135825574398,0.3063863217830658,0.9963480830192566,0.9192150235176086,0.040774840861558914,0.035262078046798706,0.1839091032743454,0.9944000244140625,0.9021902084350586
ai_018_003_cam_00_frame.0046,train,ai_018_003,46,0.021527647972106934,0.017500033602118492,0.3581644892692566,0.9948781728744507,0.7858185768127441,0.01836937479674816,0.01585572585463524,0.4535776972770691,0.9949137568473816,0.7589046955108643,0.02651648223400116,0.024572288617491722,0.2835439145565033,0.9949442744255066,0.7609714865684509,0.0423155277967453,0.03744367137551308,0.2407277524471283,0.9950002431869507,0.776479959487915
ai_018_003_cam_00_frame.0053,train,ai_018_003,53,0.030155979096889496,0.02790026366710663,0.2457326352596283,0.9938761591911316,0.9207172393798828,0.021437903866171837,0.019482910633087158,0.3986409604549408,0.9939321279525757,0.9221543073654175,0.03535538911819458,0.0292598158121109,0.1791534423828125,0.9948679804801941,0.9157989621162415,0.05503101274371147,0.04734395444393158,0.0979359969496727,0.9949747920036316,0.8864342570304871
ai_018_003_cam_00_frame.0059,train,ai_018_003,59,0.019775167107582092,0.017933811992406845,0.5341593623161316,0.9946035146713257,0.8758586645126343,0.016932141035795212,0.015180661343038082,0.5423940420150757,0.9948934316635132,0.8733578324317932,0.02786264196038246,0.025317203253507614,0.327789306640625,0.9949544668197632,0.8683278560638428,0.04191936179995537,0.038135357201099396,0.2330474853515625,0.9949544668197632,0.852904736995697
ai_018_003_cam_00_frame.0066,train,ai_018_003,66,0.023337554186582565,0.020864218473434448,0.7214609980583191,0.9921213984489441,0.9121027588844299,0.02021327242255211,0.018422655761241913,0.60614013671875,0.992401123046875,0.9100660681724548,0.028608288615942,0.02588517591357231,0.2634480893611908,0.9931132197380066,0.904323935508728,0.04884057492017746,0.04363222420215607,0.1336110532283783,0.9937540888786316,0.8831620812416077
ai_018_003_cam_00_frame.0073,train,ai_018_003,73,0.061059754341840744,0.055535025894641876,0.6077372431755066,0.9512888789176941,0.5156294703483582,0.0554165318608284,0.050224419683218,0.5837351679801941,0.9505666494369507,0.5128060579299927,0.07243505120277405,0.0647619366645813,0.4799703061580658,0.9465586543083191,0.5109013915061951,0.09678750485181808,0.08715260028839111,0.2605438232421875,0.9249522089958191,0.5058406591415405
ai_018_003_cam_00_frame.0079,train,ai_018_003,79,0.011536865495145321,0.0101992292329669,0.7522939443588257,0.996917724609375,0.9065590500831604,0.01596531644463539,0.01459309458732605,0.556732177734375,0.9969940185546875,0.902028501033783,0.03421178460121155,0.03167414292693138,0.3480987548828125,0.9970550537109375,0.8883376121520996,0.048786379396915436,0.045130133628845215,0.2428843230009079,0.997039794921875,0.8592473268508911
ai_018_003_cam_00_frame.0086,train,ai_018_003,86,0.03719402477145195,0.029519513249397278,0.1439615935087204,0.9963582754135132,0.8118856549263,0.028200238943099976,0.024178115651011467,0.2309163510799408,0.9963328242301941,0.7499695420265198,0.02229306660592556,0.018878012895584106,0.39532470703125,0.9964243769645691,0.7446064949035645,0.03291197866201401,0.02672036737203598,0.3057708740234375,0.9964548945426941,0.7207198143005371
ai_018_003_cam_00_frame.0092,train,ai_018_003,92,0.015924103558063507,0.01453851442784071,0.7276510000228882,0.9949544668197632,0.9350951313972473,0.013504854403436184,0.012278224341571331,0.70562744140625,0.995025634765625,0.9356052279472351,0.02158864215016365,0.019021926447749138,0.4077402949333191,0.9950460195541382,0.924568235874176,0.03429322689771652,0.030108653008937836,0.2498931884765625,0.9949900507926941,0.9065677523612976
ai_018_003_cam_00_frame.0099,train,ai_018_003,99,0.02193169854581356,0.019782766699790955,0.4015859067440033,0.9971262812614441,0.9339388608932495,0.019799498841166496,0.01827676221728325,0.3990987241268158,0.9971262812614441,0.934283971786499,0.037121593952178955,0.031108347699046135,0.1313273161649704,0.9971517324447632,0.9205196499824524,0.05429728329181671,0.04653488099575043,0.0547434501349926,0.9972025752067566,0.8977941274642944
ai_021_001_cam_00_frame.0000,train,ai_021_001,0,0.06200963258743286,0.05629323050379753,0.1259358823299408,0.947723388671875,0.8933987617492676,0.0537467859685421,0.049173735082149506,0.1546478271484375,0.9640147089958191,0.9050554633140564,0.05480767413973808,0.04919949173927307,0.1730550229549408,0.9882405996322632,0.8843894004821777,0.06445053219795227,0.05821046233177185,0.1151936873793602,0.9878641963005066,0.8587021827697754
ai_021_001_cam_00_frame.0007,train,ai_021_001,7,0.03622083365917206,0.03322213515639305,0.168792724609375,0.9901072382926941,0.8987977504730225,0.0314842127263546,0.02656271867454052,0.3151194453239441,0.9906820058822632,0.891238272190094,0.04093168303370476,0.0358608141541481,0.2207489013671875,0.991455078125,0.8576251864433289,0.05332013964653015,0.04765807092189789,0.1761881560087204,0.9901885986328125,0.8162078857421875
ai_021_001_cam_00_frame.0013,train,ai_021_001,13,0.027284279465675354,0.023845424875617027,0.3397878110408783,0.9940236806869507,0.8830485939979553,0.02606826089322567,0.02141096442937851,0.3997802734375,0.9942067861557007,0.8688507676124573,0.03986528515815735,0.03307616710662842,0.2558390498161316,0.9945068359375,0.8490659594535828,0.05794129893183708,0.050054311752319336,0.1434478759765625,0.99444580078125,0.8336223363876343
ai_021_001_cam_00_frame.0020,train,ai_021_001,20,0.05347815155982971,0.04537568613886833,0.170654296875,0.990509033203125,0.9200437664985657,0.04845578595995903,0.03757462650537491,0.2830861508846283,0.9910125732421875,0.9166919589042664,0.0596478208899498,0.04644475504755974,0.1365458220243454,0.9909159541130066,0.9024009704589844,0.08175397664308548,0.06295152753591537,0.1161448210477829,0.9895731806755066,0.8814130425453186
ai_021_001_cam_00_frame.0026,train,ai_021_001,26,0.038664817810058594,0.0357954204082489,0.2827911376953125,0.98846435546875,0.9183327555656433,0.03280295804142952,0.027489056810736656,0.3399098813533783,0.9925435781478882,0.9110466837882996,0.04624871164560318,0.03591334819793701,0.2053578794002533,0.9922994375228882,0.891140341758728,0.07075154781341553,0.057823147624731064,0.0826873779296875,0.9905548095703125,0.866902768611908
ai_021_001_cam_00_frame.0033,train,ai_021_001,33,0.05938580632209778,0.05419459193944931,0.1175944060087204,0.9673258662223816,0.9177970290184021,0.05179141089320183,0.04572056978940964,0.2520853877067566,0.9670867919921875,0.9194570779800415,0.06504394114017487,0.056845493614673615,0.215667724609375,0.9635772705078125,0.9078253507614136,0.08652777969837189,0.07666425406932831,0.1008707731962204,0.9576873779296875,0.8870962262153625
ai_021_001_cam_00_frame.0040,train,ai_021_001,40,0.05693351477384567,0.05211297422647476,0.1270192563533783,0.9870046377182007,0.9192989468574524,0.04987621307373047,0.04239598661661148,0.1688130795955658,0.9869130849838257,0.9166920781135559,0.05607673525810242,0.0443698987364769,0.1486307829618454,0.9882354736328125,0.890839159488678,0.07610245794057846,0.060592662543058395,0.1564585417509079,0.96746826171875,0.8542501330375671
ai_021_001_cam_00_frame.0046,train,ai_021_001,46,0.04972343146800995,0.0465334877371788,0.1218414306640625,0.9865824580192566,0.9041062593460083,0.034034498035907745,0.02905922941863537,0.3002879023551941,0.9874776601791382,0.8996617197990417,0.04500487074255943,0.03669623285531998,0.2060292661190033,0.9883219599723816,0.8809504508972168,0.07465042918920517,0.06407173722982407,0.118194580078125,0.9886474609375,0.8605878949165344
ai_021_001_cam_00_frame.0053,train,ai_021_001,53,0.05275646969676018,0.048599787056446075,0.1259613037109375,0.9902140498161316,0.9081423282623291,0.03424455597996712,0.028706315904855728,0.3026326596736908,0.9909922480583191,0.8955813050270081,0.04340488463640213,0.029551535844802856,0.2742869257926941,0.9913076162338257,0.8070870637893677,0.06944193691015244,0.048058461397886276,0.1296742856502533,0.9912363886833191,0.7511441707611084
ai_021_001_cam_00_frame.0059,train,ai_021_001,59,0.04152698814868927,0.03964594379067421,0.1749521940946579,0.9888255000114441,0.8932983875274658,0.036246947944164276,0.033371467143297195,0.2238108366727829,0.9891815185546875,0.8919559121131897,0.045394912362098694,0.040315061807632446,0.1934763640165329,0.9891154170036316,0.8775367736816406,0.06261193752288818,0.0561930313706398,0.1189422607421875,0.9878997802734375,0.8557245135307312
ai_021_001_cam_00_frame.0066,train,ai_021_001,66,0.045999061316251755,0.043282680213451385,0.1247456893324852,0.9917501211166382,0.9073545932769775,0.033590905368328094,0.02755313739180565,0.3175506591796875,0.9920654296875,0.8999176025390625,0.045818280428647995,0.03430522605776787,0.1722412109375,0.9924520254135132,0.8525286912918091,0.0701247900724411,0.055538877844810486,0.0925394743680954,0.991668701171875,0.7934862375259399
ai_021_001_cam_00_frame.0073,train,ai_021_001,73,0.03897362947463989,0.03687117621302605,0.1764119565486908,0.9910939931869507,0.8970370888710022,0.03280989080667496,0.030738716945052147,0.2254893034696579,0.9912261962890625,0.8914385437965393,0.038212865591049194,0.033749327063560486,0.2642822265625,0.9912872314453125,0.8686370849609375,0.05165591463446617,0.045752253383398056,0.20068359375,0.9884796142578125,0.8345425724983215
ai_021_001_cam_00_frame.0079,train,ai_021_001,79,0.036810945719480515,0.03126541152596474,0.3131001889705658,0.98846435546875,0.909558892250061,0.032035306096076965,0.025482192635536194,0.3972269892692566,0.9889068603515625,0.904799222946167,0.04871281981468201,0.040157586336135864,0.2767995297908783,0.9893442988395691,0.8838783502578735,0.07088775932788849,0.06147325038909912,0.1546783447265625,0.9831797480583191,0.8469593524932861
ai_021_001_cam_00_frame.0086,train,ai_021_001,86,0.03519802540540695,0.03042067401111126,0.3066914975643158,0.9632517695426941,0.92104172706604,0.03248997777700424,0.025130242109298706,0.4495849609375,0.9632975459098816,0.8903722167015076,0.04699280112981796,0.03646133840084076,0.2547760009765625,0.9654795527458191,0.8822206258773804,0.06752466410398483,0.05387096852064133,0.1596323698759079,0.9660238027572632,0.8626062273979187
ai_021_001_cam_00_frame.0092,train,ai_021_001,92,0.04692678153514862,0.04108211025595665,0.2020111083984375,0.9912770986557007,0.9195184707641602,0.03994884341955185,0.03456242009997368,0.2377828061580658,0.9912313222885132,0.9186834692955017,0.04036875069141388,0.031175825744867325,0.3332774043083191,0.9908854365348816,0.9100167155265808,0.052041035145521164,0.03808110952377319,0.2959493100643158,0.9896596670150757,0.8874302506446838
ai_021_001_cam_00_frame.0099,train,ai_021_001,99,0.03622450307011604,0.03434592857956886,0.2749277949333191,0.9911855459213257,0.8987690806388855,0.029920367524027824,0.027273498475551605,0.2620747983455658,0.9907125234603882,0.8974953293800354,0.03712930902838707,0.03010280430316925,0.2904002070426941,0.9895884394645691,0.8857525587081909,0.05836125463247299,0.04851211607456207,0.1676279753446579,0.9896799921989441,0.876585841178894
ai_023_001_cam_00_frame.0000,train,ai_023_001,0,0.022141052410006523,0.02071555331349373,0.3827667236328125,0.99493408203125,0.7861179709434509,0.017192918807268143,0.015880761668086052,0.5189565420150757,0.9946492910385132,0.7913926243782043,0.024303263053297997,0.021908551454544067,0.3214162290096283,0.9941253662109375,0.7861366271972656,0.03571699559688568,0.032079461961984634,0.246002197265625,0.9937490224838257,0.7718020081520081
ai_023_001_cam_00_frame.0007,train,ai_023_001,7,0.022264646366238594,0.02007836289703846,0.3848208487033844,0.9949783086776733,0.8125178813934326,0.018588081002235413,0.016413014382123947,0.4752919673919678,0.9950445890426636,0.823012113571167,0.032310012727975845,0.028429154306650162,0.2662234604358673,0.9949324131011963,0.8202545046806335,0.05047522112727165,0.04477138817310333,0.16939499974250793,0.9937037825584412,0.7959311008453369
ai_023_001_cam_00_frame.0013,train,ai_023_001,13,0.024733833968639374,0.023283125832676888,0.3362677991390228,0.9957282543182373,0.801697850227356,0.02189788408577442,0.02043231576681137,0.3706505298614502,0.9956467151641846,0.8035740256309509,0.032326944172382355,0.02968388795852661,0.16193787753582,0.9954224228858948,0.791665256023407,0.04386557266116142,0.040315255522727966,0.1422155797481537,0.9945558309555054,0.7786511182785034
ai_023_001_cam_00_frame.0020,train,ai_023_001,20,0.03203312307596207,0.029913943260908127,0.3159739375114441,0.9948222041130066,0.7975522875785828,0.024140458554029465,0.022182703018188477,0.392852783203125,0.9946950674057007,0.8030264377593994,0.0279789250344038,0.024498676881194115,0.2741902768611908,0.9937185049057007,0.7975594997406006,0.040589652955532074,0.03521033376455307,0.1922149658203125,0.9932454824447632,0.7777016758918762
ai_023_001_cam_00_frame.0026,train,ai_023_001,26,0.02621498703956604,0.02389531396329403,0.36402004957199097,0.9944250583648682,0.7569803595542908,0.01993424817919731,0.01772238314151764,0.509319543838501,0.9943792223930359,0.7569284439086914,0.025745604187250137,0.022068610414862633,0.3542703092098236,0.9940534234046936,0.7582429647445679,0.03773315250873566,0.03303232043981552,0.1833210289478302,0.9934118986129761,0.7470279335975647
ai_023_001_cam_00_frame.0033,train,ai_023_001,33,0.024040324613451958,0.021299956366419792,0.4538504481315613,0.9941413402557373,0.7793521881103516,0.020870700478553772,0.018450859934091568,0.5100535750389099,0.9940290451049805,0.7842035889625549,0.024093326181173325,0.021528981626033783,0.4158356487751007,0.9937228560447693,0.7662854790687561,0.03211219608783722,0.028815671801567078,0.301724910736084,0.9933707118034363,0.7377281188964844
ai_023_001_cam_00_frame.0040,train,ai_023_001,40,0.02412918396294117,0.021700114011764526,0.3832625448703766,0.9956507086753845,0.7604438662528992,0.018616430461406708,0.016807323321700096,0.45949602127075195,0.9955636262893677,0.7635023593902588,0.02345431037247181,0.0205750223249197,0.3659779727458954,0.995271623134613,0.7559182643890381,0.033016402274370193,0.0295435581356287,0.23072904348373413,0.9947644472122192,0.739459216594696
ai_023_001_cam_00_frame.0046,train,ai_023_001,46,0.03630150854587555,0.03320465236902237,0.2554759383201599,0.9956876635551453,0.8248099088668823,0.03166107088327408,0.02864609844982624,0.30819910764694214,0.995718240737915,0.8255550861358643,0.03968286141753197,0.03504533693194389,0.15412762761116028,0.9955804944038391,0.8262913227081299,0.05291524901986122,0.04747425764799118,0.099281445145607,0.9954324960708618,0.8103855848312378
ai_023_001_cam_00_frame.0053,train,ai_023_001,53,0.02171492390334606,0.01932833530008793,0.47466111183166504,0.9954832792282104,0.7911280989646912,0.017734689638018608,0.014679664745926857,0.6248642802238464,0.9954578280448914,0.7997682690620422,0.03325824812054634,0.027963226661086082,0.2626974880695343,0.9952539205551147,0.7948669791221619,0.051332514733076096,0.044830042868852615,0.15801815688610077,0.9950193762779236,0.774993896484375
ai_023_001_cam_00_frame.0059,train,ai_023_001,59,0.043917495757341385,0.03608781099319458,0.2251211404800415,0.9859882593154907,0.7993505597114563,0.04280301555991173,0.03254368156194687,0.2575567364692688,0.9881917834281921,0.7960044145584106,0.055106792598962784,0.03795906528830528,0.22781942784786224,0.9881917834281921,0.7621846199035645,0.07599450647830963,0.05675607919692993,0.12700331211090088,0.987227737903595,0.7281194925308228
ai_023_001_cam_00_frame.0066,train,ai_023_001,66,0.032616280019283295,0.029304541647434235,0.16421307623386383,0.9953258633613586,0.7664281725883484,0.020773479714989662,0.019038429483771324,0.43210986256599426,0.9954279065132141,0.7770281434059143,0.02603747509419918,0.02275812439620495,0.31482210755348206,0.9956422448158264,0.7800734043121338,0.04204652085900307,0.03747500851750374,0.16322313249111176,0.9952952265739441,0.7699260115623474
ai_023_001_cam_00_frame.0073,train,ai_023_001,73,0.02870168350636959,0.026536963880062103,0.3306558430194855,0.9952120780944824,0.7966801524162292,0.02127811126410961,0.019305866211652756,0.41659364104270935,0.9950439929962158,0.7964741587638855,0.032152462750673294,0.028268665075302124,0.23500977456569672,0.9945448040962219,0.7925668358802795,0.04747864603996277,0.0419650673866272,0.14599546790122986,0.9937451481819153,0.7797803282737732
ai_023_001_cam_00_frame.0079,train,ai_023_001,79,0.030994614586234093,0.02858218178153038,0.25487324595451355,0.9951916933059692,0.7745364308357239,0.022412993013858795,0.0199376679956913,0.4469740390777588,0.9950183629989624,0.7748159766197205,0.024206053465604782,0.02037658914923668,0.41336724162101746,0.9945645332336426,0.7717007994651794,0.035668328404426575,0.030522560700774193,0.24991203844547272,0.9941056370735168,0.7556414604187012
ai_023_001_cam_00_frame.0086,train,ai_023_001,86,0.021265530958771706,0.018644362688064575,0.49569976329803467,0.9944806098937988,0.720055341720581,0.017860110849142075,0.015467092394828796,0.5797659754753113,0.9941439032554626,0.7198619842529297,0.02327282540500164,0.02035125531256199,0.4642871618270874,0.9938888549804688,0.7094034552574158,0.0348927341401577,0.03098658286035061,0.26751208305358887,0.993261456489563,0.692785918712616
ai_023_001_cam_00_frame.0092,train,ai_023_001,92,0.03532255440950394,0.033126577734947205,0.1543528288602829,1.0,0.5472986102104187,0.02518612891435623,0.019004330039024353,0.3489176630973816,1.0,0.5424157977104187,0.033969562500715256,0.022830918431282043,0.3110758662223816,1.0,0.510625422000885,0.051954321563243866,0.03997840732336044,0.1557566374540329,1.0,0.4861142933368683
ai_023_001_cam_00_frame.0099,train,ai_023_001,99,0.03188738971948624,0.027959465980529785,0.3207119107246399,0.9959938526153564,0.679591715335846,0.02612922340631485,0.022882668301463127,0.36743441224098206,0.9958511590957642,0.680360734462738,0.0328238308429718,0.027987096458673477,0.27009543776512146,0.9955962896347046,0.6788926720619202,0.04871409013867378,0.042096346616744995,0.16936202347278595,0.9952599406242371,0.6756085157394409
ai_027_001_cam_00_frame.0000,train,ai_027_001,0,0.05217275023460388,0.048279426991939545,0.1078694686293602,0.9666341543197632,0.8382474184036255,0.05142941325902939,0.0475044846534729,0.1035207137465477,0.9666951894760132,0.8325537443161011,0.05712856352329254,0.05032628774642944,0.275482177734375,0.9665069580078125,0.8077703714370728,0.0686684176325798,0.060103029012680054,0.1936849057674408,0.9664968252182007,0.7868613004684448
ai_027_001_cam_00_frame.0007,train,ai_027_001,7,0.045802246779203415,0.04134818911552429,0.3073577880859375,0.9725138545036316,0.8640785217285156,0.04160769283771515,0.036005910485982895,0.4732462763786316,0.9728902578353882,0.8579719662666321,0.047981977462768555,0.03890029713511467,0.3704732358455658,0.9728648066520691,0.8377783894538879,0.0648498684167862,0.05334979295730591,0.1766154021024704,0.9726613759994507,0.8176198601722717
ai_027_001_cam_00_frame.0013,train,ai_027_001,13,0.07598622888326645,0.06812448799610138,0.171478271484375,0.9549611806869507,0.8620756268501282,0.07230852544307709,0.06084997579455376,0.2525126338005066,0.9548289179801941,0.866455614566803,0.08926023542881012,0.07393473386764526,0.1758321225643158,0.9541168212890625,0.8601702451705933,0.11821713298559189,0.1023656353354454,0.0838419646024704,0.9109751582145691,0.8407467007637024
ai_027_001_cam_00_frame.0020,train,ai_027_001,20,0.09526091814041138,0.08714556694030762,0.1389312744140625,0.923797607421875,0.7251260876655579,0.07053431123495102,0.06583000719547272,0.2035726010799408,0.9362742304801941,0.7083992958068848,0.06543327867984772,0.05573587864637375,0.3266143798828125,0.9370778799057007,0.6425310373306274,0.1018470823764801,0.08498721569776535,0.1019490584731102,0.9370931386947632,0.5053566098213196
ai_027_001_cam_00_frame.0026,train,ai_027_001,26,0.11145251989364624,0.10247142612934113,0.1330413818359375,0.8884531855583191,0.7555868625640869,0.10466613620519638,0.09504257887601852,0.2544047236442566,0.8949432373046875,0.7497013211250305,0.11300337314605713,0.09859536588191986,0.1984456479549408,0.8929901123046875,0.7472643852233887,0.13053807616233826,0.11047792434692383,0.1324819028377533,0.8843485713005066,0.7416360378265381
ai_027_001_cam_00_frame.0033,train,ai_027_001,33,0.0994463562965393,0.09128560870885849,0.1634368896484375,0.9467977285385132,0.8675556778907776,0.09301356971263885,0.08488945662975311,0.1368560791015625,0.9463450312614441,0.869103729724884,0.09402267634868622,0.08291187882423401,0.1483663022518158,0.9451040029525757,0.8041732907295227,0.10839613527059555,0.0923624038696289,0.0852152556180954,0.942169189453125,0.746728241443634
ai_027_001_cam_00_frame.0040,train,ai_027_001,40,0.08899301290512085,0.07909601926803589,0.2170664519071579,0.9526011347770691,0.8509803414344788,0.0802081897854805,0.06729637831449509,0.2731221616268158,0.9526469111442566,0.8512523174285889,0.09500239789485931,0.07752038538455963,0.1768646240234375,0.9525960683822632,0.8470555543899536,0.11794483661651611,0.10108571499586105,0.0855509489774704,0.9183248281478882,0.8228273987770081
ai_027_001_cam_00_frame.0046,train,ai_027_001,46,0.053187333047389984,0.04859667271375656,0.2549591064453125,0.9606527090072632,0.7117642760276794,0.05281894654035568,0.04781247302889824,0.2984568476676941,0.9602864980697632,0.7087777853012085,0.06227266788482666,0.057006679475307465,0.2470499724149704,0.9609527587890625,0.7062997817993164,0.07384373992681503,0.06787995249032974,0.1960245817899704,0.9500376582145691,0.6965265274047852
ai_027_001_cam_00_frame.0053,train,ai_027_001,53,0.12788991630077362,0.11255567520856857,0.1884307861328125,0.8799285888671875,0.7290421724319458,0.1293911188840866,0.10966017842292786,0.1529032438993454,0.8721212148666382,0.7388925552368164,0.1506700962781906,0.12462439388036728,0.2065226286649704,0.8528594970703125,0.7560267448425293,0.17606757581233978,0.14353108406066895,0.1302083432674408,0.8209330439567566,0.8193852305412292
ai_027_001_cam_00_frame.0059,train,ai_027_001,59,0.05017601698637009,0.046666182577610016,0.263946533203125,0.9692026972770691,0.7066231966018677,0.0480024479329586,0.04399757832288742,0.3257293701171875,0.9691314697265625,0.7051936388015747,0.05790158733725548,0.05161256715655327,0.2216237485408783,0.9685211181640625,0.7037643194198608,0.07231595367193222,0.06482526659965515,0.1216481551527977,0.9646810293197632,0.6901703476905823
ai_027_001_cam_00_frame.0066,train,ai_027_001,66,0.07275712490081787,0.059039294719696045,0.1755422055721283,0.9820404052734375,0.5090773105621338,0.05499333143234253,0.043737780302762985,0.1965281218290329,0.9820811152458191,0.5156876444816589,0.04300501197576523,0.03669208660721779,0.2965291440486908,0.9821116328239441,0.524827778339386,0.06950673460960388,0.0544046126306057,0.1096089705824852,0.9820556640625,0.49620798230171204
ai_027_001_cam_00_frame.0073,train,ai_027_001,73,0.07033078372478485,0.06430620700120926,0.361358642578125,0.9394480586051941,0.8130844831466675,0.06811688840389252,0.06155741214752197,0.5156402587890625,0.9395192861557007,0.8103716969490051,0.07739481329917908,0.06873290985822678,0.3162689208984375,0.9394327998161316,0.7904559373855591,0.09361805766820908,0.08315759152173996,0.1300303190946579,0.9364471435546875,0.768433690071106
ai_027_001_cam_00_frame.0079,train,ai_027_001,79,0.02206212840974331,0.02022942528128624,0.3945770263671875,0.9942271113395691,0.9291444420814514,0.01816711202263832,0.014841130003333092,0.5796610713005066,0.9943389892578125,0.9202522039413452,0.02822031080722809,0.022013187408447266,0.3044077754020691,0.9945475459098816,0.9137329459190369,0.04752159118652344,0.040081895887851715,0.1538798063993454,0.9945780634880066,0.9042982459068298
ai_027_001_cam_00_frame.0086,train,ai_027_001,86,0.045633599162101746,0.042102113366127014,0.1839548796415329,0.9829966425895691,0.4893091320991516,0.02992052212357521,0.022405972704291344,0.535369873046875,0.9833475947380066,0.49930813908576965,0.04947908967733383,0.03777668625116348,0.1723887175321579,0.9833526611328125,0.512152910232544,0.0874934047460556,0.0688173696398735,0.0493265800178051,0.98260498046875,0.5210590362548828
ai_027_001_cam_00_frame.0092,train,ai_027_001,92,0.08858510106801987,0.08114229142665863,0.1119232177734375,0.95361328125,0.8400378227233887,0.07990755140781403,0.07068164646625519,0.1994222104549408,0.9534149169921875,0.845961332321167,0.08502593636512756,0.07049483060836792,0.2006378173828125,0.9524688720703125,0.8388084769248962,0.10465355962514877,0.08798374235630035,0.2077229917049408,0.9416758418083191,0.8128136396408081
ai_027_001_cam_00_frame.0099,train,ai_027_001,99,0.01879294589161873,0.01235160231590271,0.5285238027572632,0.9997507929801941,0.9015095233917236,0.01799413189291954,0.009904809296131134,0.6446075439453125,0.999725341796875,0.9071938395500183,0.026956496760249138,0.018395867198705673,0.3951517939567566,0.9997355341911316,0.902411937713623,0.04019547253847122,0.031120626255869865,0.2417449951171875,0.9997355341911316,0.889335036277771
ai_029_001_cam_00_frame.0000,train,ai_029_001,0,0.034921564161777496,0.031207863241434097,0.1924235075712204,0.9933624267578125,0.8595719933509827,0.03467142581939697,0.030975330621004105,0.1158549040555954,0.9932302236557007,0.8431718945503235,0.048906028270721436,0.04291792958974838,0.1667277067899704,0.9929962158203125,0.8321058750152588,0.06842844188213348,0.06073442101478577,0.1280771940946579,0.9916229248046875,0.8045639991760254
ai_029_001_cam_00_frame.0006,train,ai_029_001,6,0.027327001094818115,0.024736154824495316,0.4015960693359375,0.9926605224609375,0.8524499535560608,0.025616947561502457,0.023032179102301598,0.4441884458065033,0.9923807978630066,0.8293477892875671,0.04164693132042885,0.03781444579362869,0.1811116635799408,0.9917551875114441,0.8175815939903259,0.06162211298942566,0.056056998670101166,0.1257883757352829,0.9885152578353882,0.7919999361038208
ai_029_001_cam_00_frame.0014,train,ai_029_001,14,0.021511688828468323,0.018889527767896652,0.6579539179801941,0.9928334951400757,0.7274356484413147,0.025472454726696014,0.022906851023435593,0.44891357421875,0.9929148554801941,0.6344584822654724,0.03608771786093712,0.032926835119724274,0.2903239130973816,0.9920806884765625,0.6263797283172607,0.047029655426740646,0.042724817991256714,0.2286427915096283,0.9913737177848816,0.6017528772354126
ai_029_001_cam_00_frame.0019,train,ai_029_001,19,0.03236813843250275,0.028942501172423363,0.2830607295036316,0.9927215576171875,0.854467511177063,0.026298006996512413,0.022918712347745895,0.3814239501953125,0.9926046133041382,0.8402009606361389,0.03728751093149185,0.033384744077920914,0.2367095947265625,0.9915008544921875,0.8314081430435181,0.055955760180950165,0.050657860934734344,0.1258087158203125,0.990753173828125,0.8060181736946106
ai_029_001_cam_00_frame.0026,train,ai_029_001,26,0.031213659793138504,0.028843173757195473,0.34140869975090027,0.9875283241271973,0.7848016023635864,0.029766935855150223,0.027440473437309265,0.40026751160621643,0.9871214032173157,0.7609740495681763,0.03678885102272034,0.033466123044490814,0.36969369649887085,0.9842628836631775,0.7504478096961975,0.04676780849695206,0.042421985417604446,0.2609991431236267,0.9838255047798157,0.7303423881530762
ai_029_001_cam_00_frame.0035,train,ai_029_001,35,0.02063571847975254,0.01888347789645195,0.5029932856559753,0.9950816035270691,0.8243696093559265,0.0224120132625103,0.02029482088983059,0.39532163739204407,0.9947306513786316,0.7613190412521362,0.03629899397492409,0.03309754654765129,0.22242341935634613,0.9943034052848816,0.7429181337356567,0.05078908056020737,0.04645153880119324,0.17163681983947754,0.9935099482536316,0.6954525113105774
ai_029_001_cam_00_frame.0042,train,ai_029_001,42,0.02358289062976837,0.02170686051249504,0.5237223505973816,0.9947408437728882,0.7690324187278748,0.022987429052591324,0.021045908331871033,0.4845072627067566,0.9948527216911316,0.7401397824287415,0.03278571367263794,0.029770901426672935,0.2782389521598816,0.9946340322494507,0.7167571187019348,0.04515127092599869,0.03923678770661354,0.2247060239315033,0.99420166015625,0.6899024248123169
ai_029_001_cam_00_frame.0048,train,ai_029_001,48,0.03402039036154747,0.02718547359108925,0.27008056640625,0.9932149648666382,0.9474886655807495,0.030383240431547165,0.02510678395628929,0.2696635127067566,0.9935150146484375,0.9445543885231018,0.031214162707328796,0.027978740632534027,0.2635701596736908,0.99359130859375,0.9343480467796326,0.03608978912234306,0.032994382083415985,0.2927653193473816,0.9936370849609375,0.9066487550735474
ai_029_001_cam_00_frame.0056,train,ai_029_001,56,0.018214603886008263,0.0166245698928833,0.626861572265625,0.995025634765625,0.8616723418235779,0.022392865270376205,0.020616427063941956,0.4943339228630066,0.9951121211051941,0.8086377382278442,0.03719495236873627,0.03433314338326454,0.2659963071346283,0.9925944209098816,0.7954488396644592,0.053738921880722046,0.049618374556303024,0.1722157895565033,0.990478515625,0.7635245323181152
ai_029_001_cam_00_frame.0064,train,ai_029_001,64,0.04188818857073784,0.0325801856815815,0.2526296079158783,0.9917551875114441,0.7856947779655457,0.039758600294589996,0.02949659340083599,0.2453816831111908,0.9919230341911316,0.766609251499176,0.04216514155268669,0.031303271651268005,0.2776387631893158,0.9910634756088257,0.721709132194519,0.06142139062285423,0.044748447835445404,0.1216939315199852,0.9888509511947632,0.6923020482063293
ai_029_001_cam_00_frame.0069,train,ai_029_001,69,0.06436165422201157,0.057977281510829926,0.332611083984375,0.9134267568588257,0.8084204792976379,0.0675920769572258,0.06015283986926079,0.2827809751033783,0.9147135615348816,0.7893794775009155,0.07861211150884628,0.06918425112962723,0.2590077817440033,0.9025624990463257,0.7705274224281311,0.09440849721431732,0.08252425491809845,0.2217000424861908,0.8913218379020691,0.7474378943443298
ai_029_001_cam_00_frame.0075,train,ai_029_001,75,0.03470814228057861,0.031471267342567444,0.5347341299057007,0.9906718134880066,0.8438149690628052,0.032489679753780365,0.02929515764117241,0.5323333740234375,0.9915212392807007,0.825108528137207,0.03974674642086029,0.03564925491809845,0.3222808837890625,0.9917196035385132,0.8078448176383972,0.04986044764518738,0.044350575655698776,0.1674041748046875,0.9914907217025757,0.7890140414237976
ai_029_001_cam_00_frame.0080,train,ai_029_001,80,0.041405029594898224,0.03549109399318695,0.3158671259880066,0.9901021718978882,0.8047652840614319,0.0375850573182106,0.03285879269242287,0.3756256103515625,0.9899801015853882,0.7951040267944336,0.04067829251289368,0.0361500009894371,0.2770538330078125,0.9883168935775757,0.778893232345581,0.049615465104579926,0.0434761643409729,0.2086232602596283,0.9840749502182007,0.7528005838394165
ai_029_001_cam_00_frame.0088,train,ai_029_001,88,0.028213074430823326,0.024923548102378845,0.4739176630973816,0.9871114492416382,0.8900449275970459,0.028302405029535294,0.025005068629980087,0.4360402524471283,0.9889170527458191,0.8657245635986328,0.03753504157066345,0.0337715670466423,0.2425130307674408,0.989990234375,0.8659266829490662,0.04803689941763878,0.04349493980407715,0.1873728483915329,0.9902191162109375,0.8463935256004333
ai_029_001_cam_00_frame.0093,train,ai_029_001,93,0.02519182488322258,0.02308659814298153,0.5706634521484375,0.9895426630973816,0.887712299823761,0.026486586779356003,0.024324236437678337,0.5112813711166382,0.9881693720817566,0.866274893283844,0.0369342602789402,0.0339498445391655,0.2924296259880066,0.9856160879135132,0.8609633445739746,0.04829708859324455,0.04442189261317253,0.1995493620634079,0.9850820302963257,0.8400112986564636
ai_029_001_cam_00_frame.0099,train,ai_029_001,99,0.021291133016347885,0.018716808408498764,0.4848124384880066,0.9939066767692566,0.8625373244285583,0.023690424859523773,0.021352022886276245,0.4980112910270691,0.9938253164291382,0.8390733003616333,0.03732006996870041,0.03437330946326256,0.2902120053768158,0.9922943115234375,0.794674813747406,0.05300616845488548,0.048756614327430725,0.1607259213924408,0.9890086054801941,0.75574791431427
ai_031_001_cam_00_frame.0000,train,ai_031_001,0,0.057384781539440155,0.04923629015684128,0.2412923276424408,0.9406687617301941,0.627731204032898,0.058000944554805756,0.049692776054143906,0.2379506528377533,0.9405772089958191,0.6204954385757446,0.06480610370635986,0.0552719309926033,0.24871826171875,0.939178466796875,0.6140110492706299,0.07667864859104156,0.06588518619537354,0.1991933286190033,0.9374847412109375,0.6052608489990234
ai_031_001_cam_00_frame.0007,train,ai_031_001,7,0.09902478754520416,0.07930564880371094,0.146759033203125,0.8915303945541382,0.7515766024589539,0.08995165675878525,0.07200844585895538,0.2088063657283783,0.920135498046875,0.7467144131660461,0.08168265968561172,0.06731273233890533,0.2518565058708191,0.93011474609375,0.740928590297699,0.08492621034383774,0.07148239016532898,0.1886647641658783,0.9360402822494507,0.7413970828056335
ai_031_001_cam_00_frame.0013,train,ai_031_001,13,0.08623409271240234,0.07678288221359253,0.1010996550321579,0.9117025136947632,0.7479864358901978,0.07629963755607605,0.06564649939537048,0.1019032821059227,0.9510701894760132,0.7446441650390625,0.06728173047304153,0.05112643167376518,0.2401529997587204,0.968048095703125,0.7375093102455139,0.07062551379203796,0.05159829556941986,0.2166188657283783,0.9669138789176941,0.7344956994056702
ai_031_001_cam_00_frame.0020,train,ai_031_001,20,0.12632568180561066,0.09596462547779083,0.05941342934966087,0.9085240364074707,0.6283071637153625,0.11885111033916473,0.09054610878229141,0.08029448240995407,0.9266554117202759,0.6346338391304016,0.10755317658185959,0.08074956387281418,0.12447235733270645,0.946712076663971,0.6320714354515076,0.10135729610919952,0.0829317718744278,0.11066644638776779,0.9513192176818848,0.6233083009719849
ai_031_001_cam_00_frame.0026,train,ai_031_001,26,0.04720589146018028,0.038931332528591156,0.21358968317508698,0.9775342345237732,0.7541763782501221,0.04360707476735115,0.03406380116939545,0.27511048316955566,0.978054404258728,0.7477601170539856,0.047623299062252045,0.035814568400382996,0.28774940967559814,0.9809901118278503,0.7267069220542908,0.05869777500629425,0.046393100172281265,0.1748848855495453,0.980011522769928,0.7064281702041626
ai_031_001_cam_00_frame.0033,train,ai_031_001,33,0.09511233866214752,0.08530636131763458,0.18890173733234406,0.8659936189651489,0.7242955565452576,0.08599761873483658,0.07502570748329163,0.3339819312095642,0.8784580230712891,0.711743175983429,0.09061826765537262,0.07729249447584152,0.31878218054771423,0.8630596399307251,0.7174843549728394,0.11367984861135483,0.0947236567735672,0.23106271028518677,0.864159882068634,0.7254083752632141
ai_031_001_cam_00_frame.0040,train,ai_031_001,40,0.04880573973059654,0.04319947585463524,0.37516653537750244,0.9324824213981628,0.572495698928833,0.04686906561255455,0.039588455110788345,0.48046770691871643,0.9334405660629272,0.5616668462753296,0.05159086361527443,0.04109575226902962,0.5389467477798462,0.9268563985824585,0.5487332344055176,0.05950607359409332,0.04797954484820366,0.38027504086494446,0.9193345308303833,0.5472689270973206
ai_031_001_cam_00_frame.0046,train,ai_031_001,46,0.07621877640485764,0.06681892275810242,0.1413116455078125,0.9381815791130066,0.7264891266822815,0.07665503770112991,0.06534560769796371,0.1454823911190033,0.939056396484375,0.7175468802452087,0.08433426916599274,0.06951726973056793,0.1986897885799408,0.9388631582260132,0.6932074427604675,0.09451164305210114,0.07591522485017776,0.1783854216337204,0.8967539668083191,0.6750786304473877
ai_031_001_cam_00_frame.0053,train,ai_031_001,53,0.0551476776599884,0.045523952692747116,0.1910848617553711,0.9626640677452087,0.5798721313476562,0.05047278478741646,0.038668856024742126,0.2943029999732971,0.961455762386322,0.5702149868011475,0.05018896609544754,0.033158738166093826,0.40452131628990173,0.9605584144592285,0.5489453077316284,0.058127932250499725,0.03692101314663887,0.32982900738716125,0.9596152305603027,0.5463616251945496
ai_031_001_cam_00_frame.0059,train,ai_031_001,59,0.10415836423635483,0.06576122343540192,0.2150849848985672,0.9223217368125916,0.47936317324638367,0.0992138534784317,0.06051906198263168,0.2608312964439392,0.9229066967964172,0.4843296706676483,0.09391556680202484,0.059139762073755264,0.24993641674518585,0.9229727983474731,0.4838113784790039,0.08915206789970398,0.06319816410541534,0.20473434031009674,0.9229626655578613,0.49313461780548096
ai_031_001_cam_00_frame.0066,train,ai_031_001,66,0.06997504830360413,0.06434574723243713,0.1209513396024704,0.9704386591911316,0.5951111912727356,0.06068272888660431,0.05409913882613182,0.1811574399471283,0.9708811640739441,0.5919386744499207,0.05732814222574234,0.0487523078918457,0.2144571989774704,0.9583333730697632,0.6051930785179138,0.06484382599592209,0.05376727506518364,0.1680043637752533,0.9552816152572632,0.6093231439590454
ai_031_001_cam_00_frame.0073,train,ai_031_001,73,0.07920541614294052,0.07518625259399414,0.10327936708927155,0.9784427881240845,0.763051450252533,0.06708719581365585,0.06142839416861534,0.19946794211864471,0.9810624122619629,0.7615627646446228,0.061273738741874695,0.05109942704439163,0.12497393041849136,0.9730560183525085,0.745231032371521,0.06929682195186615,0.055530767887830734,0.14125120639801025,0.9667739868164062,0.7256494164466858
ai_031_001_cam_00_frame.0079,train,ai_031_001,79,0.06448066979646683,0.05754494294524193,0.17907153069972992,0.9654989838600159,0.7488685846328735,0.05904281139373779,0.05148598924279213,0.18678249418735504,0.9663534760475159,0.7414225339889526,0.05930262431502342,0.05014808848500252,0.15959572792053223,0.9662771821022034,0.7288309335708618,0.06630177795886993,0.05459124967455864,0.14073030650615692,0.9617096185684204,0.7229591608047485
ai_031_001_cam_00_frame.0086,train,ai_031_001,86,0.08361393213272095,0.07885031402111053,0.1741739958524704,0.91180419921875,0.6751419305801392,0.07731010764837265,0.07137251645326614,0.2211151123046875,0.9346262812614441,0.6741337180137634,0.07186318933963776,0.061937399208545685,0.2546437680721283,0.9463704824447632,0.6644468307495117,0.07650783658027649,0.06159379705786705,0.193939208984375,0.9453328847885132,0.653972864151001
ai_031_001_cam_00_frame.0092,train,ai_031_001,92,0.09425628930330276,0.08883753418922424,0.33211320638656616,0.8975446224212646,0.6353868842124939,0.08907631784677505,0.0826801210641861,0.4040635824203491,0.8988275527954102,0.6298496723175049,0.08676066994667053,0.07782089710235596,0.33036190271377563,0.9008690118789673,0.5882298350334167,0.08840662986040115,0.07804568856954575,0.2754763960838318,0.9006755948066711,0.5949167013168335
ai_031_001_cam_00_frame.0099,train,ai_031_001,99,0.06114929914474487,0.054132889956235886,0.3250885009765625,0.9265798330307007,0.7742060422897339,0.055321209132671356,0.04692940041422844,0.3271891474723816,0.94171142578125,0.7630320191383362,0.06015108525753021,0.04927266389131546,0.2184092253446579,0.9474741816520691,0.7497918605804443,0.07299642264842987,0.060339175164699554,0.1716969907283783,0.92645263671875,0.7451483011245728
ai_033_001_cam_00_frame.0000,train,ai_033_001,0,0.02034333534538746,0.01799263060092926,0.6587819457054138,0.9959172606468201,0.8209986686706543,0.015545534901320934,0.013900738209486008,0.6896873712539673,0.9959070086479187,0.8164805173873901,0.02112346515059471,0.01943873055279255,0.3409098982810974,0.9960250854492188,0.7956044673919678,0.030756058171391487,0.028392663225531578,0.21551638841629028,0.9959840178489685,0.7912507653236389
ai_033_001_cam_00_frame.0007,train,ai_033_001,7,0.03652246296405792,0.033057935535907745,0.4491693377494812,0.9929636120796204,0.8505852222442627,0.032295238226652145,0.029323266819119453,0.5312947034835815,0.9937120079994202,0.8461361527442932,0.03542213886976242,0.0322888121008873,0.25411009788513184,0.9942721128463745,0.8403124809265137,0.042985860258340836,0.039444450289011,0.14727072417736053,0.9865686893463135,0.8218706846237183
ai_033_001_cam_00_frame.0013,train,ai_033_001,13,0.024920092895627022,0.022138768807053566,0.5876734852790833,0.9889264702796936,0.8107584714889526,0.02435731142759323,0.021793510764837265,0.5151916146278381,0.989491879940033,0.812602162361145,0.032328225672245026,0.029322190210223198,0.18077675998210907,0.9927467107772827,0.8118062019348145,0.04130438715219498,0.03757616505026817,0.13707372546195984,0.9924868941307068,0.8071050047874451
ai_033_001_cam_00_frame.0020,train,ai_033_001,20,0.01425164844840765,0.013047348707914352,0.49503645300865173,0.9991156458854675,0.7943705320358276,0.01186892855912447,0.010900924913585186,0.6723748445510864,0.999222993850708,0.7926897406578064,0.015514060854911804,0.014071760699152946,0.4619886875152588,0.999222993850708,0.7875394821166992,0.02282855473458767,0.020652681589126587,0.26513347029685974,0.9992843270301819,0.7785230875015259
ai_033_001_cam_00_frame.0026,train,ai_033_001,26,0.011617670767009258,0.01042870432138443,0.7129415273666382,0.9947103261947632,0.7525144815444946,0.014246411621570587,0.012810434214770794,0.6162465810775757,0.9947611689567566,0.7486293315887451,0.022291213274002075,0.020201945677399635,0.2160135954618454,0.9957174062728882,0.748104989528656,0.03227732330560684,0.029511746019124985,0.1392313688993454,0.9978536367416382,0.7453374266624451
ai_033_001_cam_00_frame.0033,train,ai_033_001,33,0.021678518503904343,0.0196521133184433,0.3937886655330658,0.998443603515625,0.7866722345352173,0.018674612045288086,0.017274633049964905,0.6501261591911316,0.9987437129020691,0.784996747970581,0.027498360723257065,0.02484082244336605,0.48223876953125,0.9984893798828125,0.7668877243995667,0.042063578963279724,0.037782274186611176,0.2283935546875,0.968780517578125,0.7327614426612854
ai_033_001_cam_00_frame.0040,train,ai_033_001,40,0.018614916130900383,0.016814429312944412,0.5095164179801941,0.9996490478515625,0.696257472038269,0.01701611652970314,0.015191998332738876,0.5518087148666382,0.9996185302734375,0.6964755058288574,0.022793766111135483,0.019835658371448517,0.459228515625,0.9995574951171875,0.684873104095459,0.03196901082992554,0.02825624868273735,0.4009806513786316,0.9994863271713257,0.6597009301185608
ai_033_001_cam_00_frame.0046,train,ai_033_001,46,0.024218592792749405,0.02087247557938099,0.309940904378891,0.9892778396606445,0.7442278861999512,0.020478246733546257,0.016659293323755264,0.5107883214950562,0.9895575642585754,0.7495138645172119,0.027721265330910683,0.020801110193133354,0.32246875762939453,0.9928891658782959,0.7348769903182983,0.047875963151454926,0.03703293576836586,0.10486160218715668,0.9934486746788025,0.641311764717102
ai_033_001_cam_00_frame.0053,train,ai_033_001,53,0.01613708958029747,0.0146260354667902,0.4143168330192566,0.9993082880973816,0.7964071035385132,0.01212354190647602,0.010880555957555771,0.5693613886833191,0.9994608759880066,0.7920681238174438,0.018024835735559464,0.015347149223089218,0.4618021845817566,0.9995066523551941,0.786139726638794,0.0313994400203228,0.026920123025774956,0.2814890742301941,0.9994405508041382,0.7723807692527771
ai_033_001_cam_00_frame.0059,train,ai_033_001,59,0.010386324487626553,0.008811513893306255,0.8085705637931824,0.9987526535987854,0.7726807594299316,0.009594561532139778,0.007978720590472221,0.8517083525657654,0.9988341331481934,0.7668334245681763,0.012328701093792915,0.01028706505894661,0.7800292372703552,0.9987119436264038,0.750916063785553,0.017913101240992546,0.015537370927631855,0.544576108455658,0.998543918132782,0.7270529866218567
ai_033_001_cam_00_frame.0066,train,ai_033_001,66,0.021664798259735107,0.018924834206700325,0.4296976923942566,0.99761962890625,0.7819921374320984,0.019124425947666168,0.014375049620866776,0.6017303466796875,0.9976298213005066,0.7858679890632629,0.036445409059524536,0.026052098721265793,0.3125152587890625,0.9972178339958191,0.7641555666923523,0.06285377591848373,0.0462779700756073,0.1688944548368454,0.996124267578125,0.7143952250480652
ai_033_001_cam_00_frame.0073,train,ai_033_001,73,0.02798004075884819,0.024370675906538963,0.4676412045955658,0.9942067861557007,0.8340351581573486,0.023219343274831772,0.01969721168279648,0.6034037470817566,0.9942169189453125,0.839660108089447,0.03377605974674225,0.028280001133680344,0.3913726806640625,0.9941610097885132,0.8441815972328186,0.05413614958524704,0.04757394641637802,0.28106689453125,0.980712890625,0.8135970830917358
ai_033_001_cam_00_frame.0079,train,ai_033_001,79,0.016775114461779594,0.014352744445204735,0.6220601797103882,0.9978587031364441,0.8320071697235107,0.013896140269935131,0.012005191296339035,0.7244619131088257,0.9982198476791382,0.8393090963363647,0.01906677894294262,0.017235517501831055,0.5768026113510132,0.9978536367416382,0.8196801543235779,0.029333006590604782,0.026495739817619324,0.4435882568359375,0.9956614375114441,0.793692946434021
ai_033_001_cam_00_frame.0086,train,ai_033_001,86,0.04199647530913353,0.035698600113391876,0.6731058955192566,0.9883270263671875,0.8096368908882141,0.03992871567606926,0.03369259461760521,0.7594553828239441,0.9882914423942566,0.8092325329780579,0.04761683568358421,0.04016025364398956,0.4833577573299408,0.9879862666130066,0.7998335957527161,0.059603460133075714,0.05030781030654907,0.2748921811580658,0.9874827265739441,0.7843450307846069
ai_033_001_cam_00_frame.0092,train,ai_033_001,92,0.0812973901629448,0.074827179312706,0.16515913605690002,0.9590408802032471,0.8695206046104431,0.0707421749830246,0.06503468006849289,0.2042640596628189,0.9580971598625183,0.8763275146484375,0.060800857841968536,0.05384981632232666,0.13062000274658203,0.9611144065856934,0.9035401344299316,0.0677064061164856,0.05764389410614967,0.14884327352046967,0.9583829045295715,0.9055594801902771
ai_033_001_cam_00_frame.0099,train,ai_033_001,99,0.028945326805114746,0.026911955326795578,0.3700103759765625,0.9957377314567566,0.8475291132926941,0.028318658471107483,0.025932293385267258,0.3720805048942566,0.9957682490348816,0.8423619270324707,0.04287644475698471,0.036951564252376556,0.1535186767578125,0.995758056640625,0.8350458741188049,0.05601570010185242,0.04692477732896805,0.098602294921875,0.9955088496208191,0.8027952909469604
ai_035_001_cam_00_frame.0000,train,ai_035_001,0,0.049565862864255905,0.04318268597126007,0.20159912109375,0.9112548828125,0.7502797245979309,0.0418119840323925,0.037387408316135406,0.2548879086971283,0.9145711660385132,0.7295278310775757,0.03539222851395607,0.030804727226495743,0.3521169126033783,0.9970042109489441,0.7069894075393677,0.03737054392695427,0.034090615808963776,0.2007497251033783,0.9970652461051941,0.6896960139274597
ai_035_001_cam_00_frame.0007,train,ai_035_001,7,0.006513625383377075,0.005909251980483532,0.9248301386833191,0.999420166015625,0.8894142508506775,0.007459507789462805,0.006759076379239559,0.81597900390625,0.999420166015625,0.8471471667289734,0.014307062141597271,0.01266295462846756,0.5030314326286316,0.9993896484375,0.8265684843063354,0.02267543226480484,0.019863782450556755,0.3341013789176941,0.9993693232536316,0.7962920069694519
ai_035_001_cam_00_frame.0013,train,ai_035_001,13,0.029501674696803093,0.02856508269906044,0.5347036123275757,0.9973602294921875,0.46102234721183777,0.02417045645415783,0.022004446014761925,0.6232045888900757,0.9975077509880066,0.4521874189376831,0.02254524454474449,0.017352670431137085,0.5140635371208191,0.9982961416244507,0.43446648120880127,0.026881879195570946,0.01914428174495697,0.4573161005973816,0.9995015859603882,0.414305716753006
ai_035_001_cam_00_frame.0020,train,ai_035_001,20,0.040043994784355164,0.023004569113254547,0.3234507441520691,0.9909159541130066,0.7214263677597046,0.034416235983371735,0.023353036493062973,0.4052480161190033,0.9909922480583191,0.7128715515136719,0.03978174179792404,0.03165587782859802,0.3795369565486908,0.9909261465072632,0.6754905581474304,0.0738973394036293,0.04646250233054161,0.2366180419921875,0.9879099726676941,0.2507272958755493
ai_035_001_cam_00_frame.0026,train,ai_035_001,26,0.01869709976017475,0.016853217035531998,0.6817525625228882,0.9874624013900757,0.506355881690979,0.021113716065883636,0.018888816237449646,0.6330057978630066,0.9875030517578125,0.45351946353912354,0.038643911480903625,0.03477823734283447,0.1259358823299408,0.9748331904411316,0.42506667971611023,0.05651285499334335,0.05156815052032471,0.0580596923828125,0.9661661982536316,0.40857672691345215
ai_035_001_cam_00_frame.0033,train,ai_035_001,33,0.017127614468336105,0.01451700460165739,0.7473195791244507,0.9863027334213257,0.5053380131721497,0.018046140670776367,0.014750423841178417,0.76678466796875,0.98626708984375,0.4775117337703705,0.03225930035114288,0.028379369527101517,0.2991790771484375,0.9860280752182007,0.45835360884666443,0.04727068543434143,0.0422511026263237,0.1728464812040329,0.9828745722770691,0.45516887307167053
ai_035_001_cam_00_frame.0040,train,ai_035_001,40,0.042237408459186554,0.040943607687950134,0.1156819686293602,0.9950002431869507,0.7647412419319153,0.03757321089506149,0.03628988564014435,0.2034556120634079,0.9944051504135132,0.758526086807251,0.030430253595113754,0.027791615575551987,0.2545827329158783,0.9877828359603882,0.7192884087562561,0.03286440670490265,0.02820969931781292,0.2602590024471283,0.986328125,0.6672632098197937
ai_035_001_cam_00_frame.0046,train,ai_035_001,46,0.010840971022844315,0.009580293670296669,0.76171875,0.9972178339958191,0.7059763669967651,0.01139831356704235,0.01036396436393261,0.7387542724609375,0.9972280263900757,0.7035663723945618,0.01882459782063961,0.01708437316119671,0.4903564453125,0.9971975088119507,0.6969711184501648,0.026518285274505615,0.0239589661359787,0.3543701171875,0.9950053095817566,0.6792064309120178
ai_035_001_cam_00_frame.0053,train,ai_035_001,53,0.01661083474755287,0.015488751232624054,0.5719655752182007,0.9927775263786316,0.7613791823387146,0.014979320578277111,0.01316174678504467,0.5894216299057007,0.9915313720703125,0.7586785554885864,0.020921330899000168,0.018414488062262535,0.4133860468864441,0.9913330078125,0.7227777242660522,0.02981068752706051,0.026528319343924522,0.3219146728515625,0.9909159541130066,0.6747786998748779
ai_035_001_cam_00_frame.0059,train,ai_035_001,59,0.004639932420104742,0.0034396720584481955,0.9641851782798767,0.9995511770248413,0.9131706953048706,0.011304080486297607,0.008290677331387997,0.7008886337280273,0.9995247721672058,0.7703046202659607,0.028375085443258286,0.020902786403894424,0.3572978675365448,0.9994878172874451,0.7588245868682861,0.044467851519584656,0.03393293544650078,0.24608349800109863,0.9994772672653198,0.7568548321723938
ai_035_001_cam_00_frame.0066,train,ai_035_001,66,0.04911802336573601,0.047262679785490036,0.1267751157283783,0.9888814687728882,0.7924652695655823,0.040137529373168945,0.037296853959560394,0.2000325620174408,0.9883270263671875,0.7718967795372009,0.03554528206586838,0.0286956038326025,0.2002767026424408,0.9863840937614441,0.7383039593696594,0.04137672483921051,0.03228285536170006,0.3036600947380066,0.9864044189453125,0.7214800715446472
ai_035_001_cam_00_frame.0073,train,ai_035_001,73,0.042928777635097504,0.040980707854032516,0.092559814453125,0.9927114248275757,0.7150693535804749,0.03884517401456833,0.03639017045497894,0.1296793669462204,0.9926961660385132,0.7091542482376099,0.03543666750192642,0.031399909406900406,0.2310231626033783,0.984283447265625,0.6752605438232422,0.03776414692401886,0.03202285245060921,0.2772878110408783,0.9825032949447632,0.6545882821083069
ai_035_001_cam_00_frame.0079,train,ai_035_001,79,0.04080897197127342,0.03276754543185234,0.2751973569393158,0.9996694326400757,0.6719940900802612,0.03725987300276756,0.03086850605905056,0.3237355649471283,0.9996694326400757,0.5696303844451904,0.04577186331152916,0.03530719503760338,0.1928253173828125,0.9996287226676941,0.5215454697608948,0.058716773986816406,0.04757925122976303,0.1208750456571579,0.999603271484375,0.4769657552242279
ai_035_001_cam_00_frame.0086,train,ai_035_001,86,0.00616634264588356,0.005286220461130142,0.8566793203353882,0.9992167353630066,0.7290614247322083,0.008542656898498535,0.006878403015434742,0.7685343623161316,0.9992014765739441,0.6922014355659485,0.018551170825958252,0.015604062005877495,0.5223897695541382,0.999176025390625,0.6419503092765808,0.02787366881966591,0.02373700961470604,0.3880411982536316,0.9991607666015625,0.6225350499153137
ai_035_001_cam_00_frame.0092,train,ai_035_001,92,0.015448960475623608,0.012675976380705833,0.5208190083503723,0.9962552189826965,0.6963965892791748,0.012212741188704967,0.010984755121171474,0.7043388485908508,0.9962500333786011,0.5645787715911865,0.019538093358278275,0.017170147970318794,0.500603437423706,0.9962397217750549,0.563264787197113,0.0313817597925663,0.027512207627296448,0.3197561502456665,0.9959651827812195,0.551615834236145
ai_035_001_cam_00_frame.0099,train,ai_035_001,99,0.02569442242383957,0.02094409056007862,0.7312594056129456,0.9375699758529663,0.748327374458313,0.03158901631832123,0.027230989187955856,0.3278699517250061,0.9941670298576355,0.713181734085083,0.04603350907564163,0.041206348687410355,0.19332429766654968,0.9957658052444458,0.6789799928665161,0.05919746682047844,0.053789522498846054,0.1339680403470993,0.9958896040916443,0.6487509608268738
ai_036_002_cam_00_frame.0000,train,ai_036_002,0,0.06882836669683456,0.05899583920836449,0.2542317807674408,0.9565175771713257,0.8717377781867981,0.06580793112516403,0.05418510362505913,0.3472442626953125,0.9633738398551941,0.8748198747634888,0.07124796509742737,0.055924516171216965,0.2563374936580658,0.9596964716911316,0.8775203824043274,0.08318265527486801,0.06478895992040634,0.144287109375,0.9581248164176941,0.8775612711906433
ai_036_002_cam_00_frame.0007,train,ai_036_002,7,0.069057896733284,0.059301525354385376,0.176116943359375,0.9585368037223816,0.8598886132240295,0.06655998528003693,0.0553828701376915,0.2511138916015625,0.9576416015625,0.8652469515800476,0.07463034987449646,0.0616970956325531,0.1578572690486908,0.9560496211051941,0.8690831661224365,0.08727052062749863,0.07248080521821976,0.1118520125746727,0.9494273066520691,0.8644834160804749
ai_036_002_cam_00_frame.0013,train,ai_036_002,13,0.07551365345716476,0.06514060497283936,0.1098276823759079,0.9689077138900757,0.8989584445953369,0.06622105091810226,0.054395124316215515,0.1484425961971283,0.9731038808822632,0.8963855504989624,0.06378443539142609,0.04615423083305359,0.333282470703125,0.9741312861442566,0.884212076663971,0.07446946203708649,0.0543769896030426,0.2035013884305954,0.9707183837890625,0.8731149435043335
ai_036_002_cam_00_frame.0020,train,ai_036_002,20,0.03228086978197098,0.028716251254081726,0.3223775327205658,0.991424560546875,0.8242993354797363,0.026550760492682457,0.020648304373025894,0.4896952509880066,0.9916229248046875,0.8198961615562439,0.03042229637503624,0.019455302506685257,0.63043212890625,0.9916229248046875,0.7979264855384827,0.04586376994848251,0.03488525003194809,0.2717742919921875,0.9907633662223816,0.7962551712989807
ai_036_002_cam_00_frame.0026,train,ai_036_002,26,0.05161416530609131,0.046548306941986084,0.2002970427274704,0.9650370478630066,0.7275107502937317,0.04332008957862854,0.03623373433947563,0.2996571958065033,0.98162841796875,0.7294326424598694,0.039256662130355835,0.0262981578707695,0.4280192255973816,0.9898427724838257,0.7069460153579712,0.04834378510713577,0.03172235190868378,0.2513682246208191,0.990509033203125,0.688678503036499
ai_036_002_cam_00_frame.0033,train,ai_036_002,33,0.033120814710855484,0.03007843904197216,0.2404378354549408,0.9962667226791382,0.7235172390937805,0.024490665644407272,0.018092598766088486,0.4420369565486908,0.9965108633041382,0.745063841342926,0.032347630709409714,0.018845289945602417,0.3758341670036316,0.9968923330307007,0.7535014748573303,0.05499466508626938,0.041603587567806244,0.125640869140625,0.9913787841796875,0.7328587174415588
ai_036_002_cam_00_frame.0040,train,ai_036_002,40,0.03721611574292183,0.031768109649419785,0.2579270005226135,0.9943846464157104,0.8688070774078369,0.02765081264078617,0.01950819417834282,0.4843086898326874,0.9944456815719604,0.8658453822135925,0.03539147228002548,0.022267360240221024,0.31781327724456787,0.9944151639938354,0.856130063533783,0.058577921241521835,0.045094043016433716,0.1418827474117279,0.9945626854896545,0.8430232405662537
ai_036_002_cam_00_frame.0046,train,ai_036_002,46,0.0684674084186554,0.04415323585271835,0.2072194516658783,0.9703267812728882,0.8729093670845032,0.06675270199775696,0.038834698498249054,0.2276204526424408,0.9702860713005066,0.8751859068870544,0.06737428903579712,0.039022915065288544,0.3272298276424408,0.9698385000228882,0.8711727261543274,0.06530388444662094,0.048744186758995056,0.23687744140625,0.9574686884880066,0.8138675093650818
ai_036_002_cam_00_frame.0053,train,ai_036_002,53,0.03284232318401337,0.029848143458366394,0.2706248164176941,0.9985758662223816,0.8025621175765991,0.026571255177259445,0.022108858451247215,0.4048207700252533,0.9988963007926941,0.804776132106781,0.026701465249061584,0.018334390595555305,0.4630279541015625,0.9991607666015625,0.7967435121536255,0.04070966690778732,0.028610002249479294,0.289764404296875,0.9740346670150757,0.7728902697563171
ai_036_002_cam_00_frame.0059,train,ai_036_002,59,0.06902161240577698,0.06369289010763168,0.0726827010512352,0.9839732050895691,0.8277857899665833,0.055308252573013306,0.051794104278087616,0.0867563933134079,0.9836324453353882,0.823344349861145,0.045700669288635254,0.03800234943628311,0.3103587031364441,0.9837290644645691,0.8086512088775635,0.06100053712725639,0.050695449113845825,0.1796417236328125,0.9671580195426941,0.7767759561538696
ai_036_002_cam_00_frame.0066,train,ai_036_002,66,0.06503839045763016,0.06183978170156479,0.1461283415555954,0.9253286123275757,0.7117758989334106,0.05244673416018486,0.046203650534152985,0.2735595703125,0.939117431640625,0.7289113402366638,0.0437331423163414,0.03252720832824707,0.305694580078125,0.9863840937614441,0.7426789402961731,0.05357413738965988,0.03816936910152435,0.1925913542509079,0.9824880361557007,0.765109121799469
ai_036_002_cam_00_frame.0073,train,ai_036_002,73,0.04206386208534241,0.03846193104982376,0.2282562255859375,0.98223876953125,0.7848806381225586,0.03496837615966797,0.02946518361568451,0.3394114375114441,0.9826151728630066,0.7961012721061707,0.035019148141145706,0.0238031055778265,0.4884490966796875,0.9811452627182007,0.8131447434425354,0.0478980615735054,0.03515629842877388,0.3239593505859375,0.9822489619255066,0.8117958307266235
ai_036_002_cam_00_frame.0079,train,ai_036_002,79,0.05658526346087456,0.047511495649814606,0.2586314082145691,0.9456838369369507,0.6965518593788147,0.05196347460150719,0.03765138238668442,0.3910980224609375,0.9537353515625,0.708581268787384,0.058463066816329956,0.03973318636417389,0.3457692563533783,0.9573618769645691,0.7177892923355103,0.07077102363109589,0.049889303743839264,0.26177978515625,0.9524383544921875,0.7210941910743713
ai_036_002_cam_00_frame.0086,train,ai_036_002,86,0.04826613888144493,0.04107203334569931,0.2709554135799408,0.9919027090072632,0.7407503128051758,0.03953396528959274,0.03179624304175377,0.3213602900505066,0.9916738271713257,0.7467646598815918,0.04143755882978439,0.03004799783229828,0.2794596552848816,0.9914805293083191,0.7679392099380493,0.05717426538467407,0.04366089403629303,0.1387380063533783,0.9910482168197632,0.775934636592865
ai_036_002_cam_00_frame.0092,train,ai_036_002,92,0.05740153789520264,0.05388277769088745,0.1589711606502533,0.964874267578125,0.7620904445648193,0.04672461003065109,0.04072468355298042,0.3411712646484375,0.9661458730697632,0.7945026755332947,0.047869354486465454,0.03629635274410248,0.2909495234489441,0.9683685302734375,0.8241942524909973,0.06605067104101181,0.05250072479248047,0.1313527524471283,0.965423583984375,0.821254312992096
ai_036_002_cam_00_frame.0099,train,ai_036_002,99,0.034679826349020004,0.029522310942411423,0.3271484375,0.9870809316635132,0.6816154718399048,0.03083685040473938,0.023278426378965378,0.3729095458984375,0.9877777099609375,0.7008998990058899,0.040346235036849976,0.02768968604505062,0.3712260127067566,0.9876047968864441,0.7179171442985535,0.057819634675979614,0.04420663043856621,0.2020162045955658,0.9795786738395691,0.7175852656364441
ai_037_001_cam_00_frame.0000,train,ai_037_001,0,0.0334242582321167,0.030053894966840744,0.5543619990348816,0.9767659902572632,0.8640600442886353,0.02968413010239601,0.026652265340089798,0.6585642695426941,0.9768880605697632,0.8655990958213806,0.03831827640533447,0.03523241728544235,0.3093058466911316,0.9770253896713257,0.8620588183403015,0.052209895104169846,0.04818767309188843,0.2036895751953125,0.9770253896713257,0.8553069829940796
ai_037_001_cam_00_frame.0007,train,ai_037_001,7,0.028378020972013474,0.024019107222557068,0.6931508779525757,0.9834238886833191,0.8187913298606873,0.025984307751059532,0.02210688404738903,0.6659342646598816,0.9829508662223816,0.8208921551704407,0.02883870154619217,0.025190547108650208,0.4874827265739441,0.9831085205078125,0.8166910409927368,0.03636256977915764,0.03235607594251633,0.3748525083065033,0.983551025390625,0.8097627758979797
ai_037_001_cam_00_frame.0013,train,ai_037_001,13,0.023960217833518982,0.018223030492663383,0.4541727900505066,0.996673583984375,0.7685544490814209,0.021173229441046715,0.015770988538861275,0.4427897334098816,0.9966532588005066,0.7329633235931396,0.025420986115932465,0.021177878603339195,0.3413187861442566,0.9966380000114441,0.697067141532898,0.036606959998607635,0.031964875757694244,0.2092234343290329,0.9966176748275757,0.6599781513214111
ai_037_001_cam_00_frame.0020,train,ai_037_001,20,0.02055012807250023,0.015684086829423904,0.55987548828125,0.9954376220703125,0.7885598540306091,0.016751442104578018,0.012562781572341919,0.6374969482421875,0.9954325556755066,0.7912008762359619,0.01751437969505787,0.01437183003872633,0.5926513671875,0.9954681396484375,0.7910064458847046,0.025572186335921288,0.02217194251716137,0.353240966796875,0.9954478144645691,0.7786605358123779
ai_037_001_cam_00_frame.0026,train,ai_037_001,26,0.09730449318885803,0.08472447097301483,0.1775868833065033,0.8553975820541382,0.8810304403305054,0.09462663531303406,0.0768570527434349,0.2469736784696579,0.884124755859375,0.8725128769874573,0.10356289148330688,0.07247447222471237,0.2573293149471283,0.9072825312614441,0.8224004507064819,0.16127663850784302,0.10439513623714447,0.0826161727309227,0.9027201533317566,0.3982461094856262
ai_037_001_cam_00_frame.0033,train,ai_037_001,33,0.05058369040489197,0.04565123841166496,0.42532625794410706,0.9502633213996887,0.8185312151908875,0.047803718596696854,0.04167626053094864,0.606156051158905,0.950141191482544,0.824366569519043,0.06096136197447777,0.05201464518904686,0.32836103439331055,0.9498257637023926,0.8147730231285095,0.08050613850355148,0.06874329596757889,0.197674959897995,0.9482740759849548,0.8013490438461304
ai_037_001_cam_00_frame.0040,train,ai_037_001,40,0.0238923579454422,0.01925479620695114,0.5503082275390625,0.990966796875,0.8060300350189209,0.024125223979353905,0.020440097898244858,0.4935099482536316,0.991119384765625,0.7930070757865906,0.03272731229662895,0.029734335839748383,0.3444112241268158,0.9911753535270691,0.7881128787994385,0.045664794743061066,0.041678547859191895,0.1875050961971283,0.9857737421989441,0.7628899812698364
ai_037_001_cam_00_frame.0046,train,ai_037_001,46,0.04163771867752075,0.037651896476745605,0.4743017554283142,0.9597604870796204,0.8114814162254333,0.037462517619132996,0.03310661017894745,0.5904943943023682,0.9549133777618408,0.8074768781661987,0.042367223650217056,0.03737368807196617,0.33466872572898865,0.9594190120697021,0.7998398542404175,0.05337582156062126,0.04782094433903694,0.1774108111858368,0.9577064514160156,0.796291172504425
ai_037_001_cam_00_frame.0053,train,ai_037_001,53,0.03710684925317764,0.030096828937530518,0.5469716787338257,0.97265625,0.8388092517852783,0.035335294902324677,0.028832823038101196,0.5509796142578125,0.9735006093978882,0.840074896812439,0.04210370033979416,0.03703665733337402,0.3005523681640625,0.9740651845932007,0.8296123743057251,0.05311685428023338,0.04780278727412224,0.2124074399471283,0.9741262197494507,0.8268579244613647
ai_037_001_cam_00_frame.0059,train,ai_037_001,59,0.0532679446041584,0.05035178363323212,0.5536012053489685,0.9413450956344604,0.6694244742393494,0.05227245017886162,0.048741765320301056,0.5971183776855469,0.9412937164306641,0.6649725437164307,0.06411711126565933,0.05915912613272667,0.31324729323387146,0.941154956817627,0.6191063523292542,0.08130967617034912,0.0749567523598671,0.17967452108860016,0.9410778880119324,0.594409167766571
ai_037_001_cam_00_frame.0066,train,ai_037_001,66,0.03646168112754822,0.03210953623056412,0.5658518671989441,0.9728139638900757,0.8537787795066833,0.035657480359077454,0.030678734183311462,0.6337738037109375,0.9728851318359375,0.8454921245574951,0.048054635524749756,0.04251152276992798,0.2193857878446579,0.972900390625,0.8338769674301147,0.06483187526464462,0.05827739089727402,0.1300862729549408,0.9732259511947632,0.8172342777252197
ai_037_001_cam_00_frame.0073,train,ai_037_001,73,0.2101718634366989,0.1740656942129135,0.014475504867732525,0.6809794306755066,0.7235375642776489,0.2056947946548462,0.17081618309020996,0.0320994071662426,0.6975352168083191,0.7270476818084717,0.2016027271747589,0.16895167529582977,0.0415547713637352,0.6948293447494507,0.7029919028282166,0.19254176318645477,0.16607870161533356,0.0437774658203125,0.6980540156364441,0.6685047745704651
ai_037_001_cam_00_frame.0079,train,ai_037_001,79,0.06974524259567261,0.06386137753725052,0.3476322591304779,0.9344518184661865,0.835961103439331,0.06537289172410965,0.0587199442088604,0.5047304034233093,0.9458929896354675,0.8399244546890259,0.067555733025074,0.06050119176506996,0.38868197798728943,0.9468165040016174,0.8418093323707581,0.07443554699420929,0.06552474945783615,0.26693347096443176,0.9467446804046631,0.8318355083465576
ai_037_001_cam_00_frame.0086,train,ai_037_001,86,0.03029021807014942,0.027319325134158134,0.5153778195381165,0.9853307008743286,0.7398232817649841,0.03313226252794266,0.02641746960580349,0.47074297070503235,0.9852389693260193,0.7477084398269653,0.05683920904994011,0.048307716846466064,0.09494271129369736,0.9855295419692993,0.7256332635879517,0.07711390405893326,0.06796771287918091,0.06164879351854324,0.9859423637390137,0.7044193744659424
ai_037_001_cam_00_frame.0092,train,ai_037_001,92,0.03210639953613281,0.029433967545628548,0.5610538125038147,0.9754666090011597,0.8749372363090515,0.030501440167427063,0.02808559313416481,0.4955974221229553,0.9755327105522156,0.878144383430481,0.03978053852915764,0.036603108048439026,0.3575022220611572,0.9754513502120972,0.8747467994689941,0.0541771836578846,0.049317486584186554,0.24692633748054504,0.973945677280426,0.8631982207298279
ai_037_001_cam_00_frame.0099,train,ai_037_001,99,0.03619619086384773,0.03430835157632828,0.3902755677700043,0.9594094157218933,0.8612605929374695,0.03159258887171745,0.029654834419488907,0.5276015996932983,0.9603917002677917,0.8630890250205994,0.04183872044086456,0.03876529261469841,0.32802814245224,0.9727750420570374,0.8572261333465576,0.058997415006160736,0.05372287705540657,0.18241599202156067,0.9747244119644165,0.8519392609596252
ai_041_001_cam_00_frame.0000,train,ai_041_001,0,0.05011472851037979,0.04782199114561081,0.2207997739315033,0.969390869140625,0.7942193150520325,0.04325941205024719,0.04105299338698387,0.2982533872127533,0.9816131591796875,0.7628086805343628,0.037551235407590866,0.03413143754005432,0.306182861328125,0.98846435546875,0.6559351086616516,0.0362471304833889,0.030131718143820763,0.2841237485408783,0.9873250722885132,0.5197402834892273
ai_041_001_cam_00_frame.0007,train,ai_041_001,7,0.02369414083659649,0.018434355035424232,0.4602806866168976,0.9995452165603638,0.9147488474845886,0.017806492745876312,0.012583198957145214,0.6683982610702515,0.9994575381278992,0.9038574695587158,0.023299409076571465,0.019720815122127533,0.35392042994499207,0.9994301199913025,0.856390655040741,0.03460002690553665,0.03083699196577072,0.19978301227092743,0.9993972778320312,0.7753906846046448
ai_041_001_cam_00_frame.0013,train,ai_041_001,13,0.03872193768620491,0.034967754036188126,0.34681370854377747,0.9903081059455872,0.8463082313537598,0.03542414680123329,0.03214525803923607,0.37871894240379333,0.9898435473442078,0.8286618590354919,0.03722038120031357,0.034365035593509674,0.26929938793182373,0.982796311378479,0.7543303370475769,0.04177120327949524,0.03901383653283119,0.1910407692193985,0.9827752113342285,0.6581047177314758
ai_041_001_cam_00_frame.0020,train,ai_041_001,20,0.029254630208015442,0.024674028158187866,0.46820664405822754,0.989154040813446,0.8869749307632446,0.026541346684098244,0.023690547794103622,0.44602739810943604,0.9891594648361206,0.859603226184845,0.03462429717183113,0.03224143013358116,0.21960504353046417,0.9893490076065063,0.6255914568901062,0.04768814891576767,0.04500781372189522,0.11404235661029816,0.9895926713943481,0.5241773724555969
ai_041_001_cam_00_frame.0026,train,ai_041_001,26,0.04285108670592308,0.03889264166355133,0.30076050758361816,0.9826835989952087,0.8755038976669312,0.04016134887933731,0.036909133195877075,0.3361378610134125,0.981992244720459,0.8471145629882812,0.043998949229717255,0.041208282113075256,0.24793383479118347,0.9774982929229736,0.7243672013282776,0.05169270560145378,0.049025338143110275,0.13300004601478577,0.9774717092514038,0.6181057095527649
ai_041_001_cam_00_frame.0033,train,ai_041_001,33,0.04011636972427368,0.036954354494810104,0.29903945326805115,0.9776087999343872,0.8734480142593384,0.037306107580661774,0.03469960764050484,0.3373289406299591,0.9792754054069519,0.8584689497947693,0.04266233369708061,0.039352234452962875,0.25159692764282227,0.9796171188354492,0.8193398118019104,0.05082063749432564,0.04659048467874527,0.19546392560005188,0.979832649230957,0.7826468348503113
ai_041_001_cam_00_frame.0040,train,ai_041_001,40,0.05038052797317505,0.04380390793085098,0.2119247168302536,0.9925411343574524,0.8975780606269836,0.04537270963191986,0.04063323140144348,0.2715693414211273,0.9946377873420715,0.8889131546020508,0.049460407346487045,0.04556189104914665,0.14835935831069946,0.9952143430709839,0.860415518283844,0.057354796677827835,0.052324891090393066,0.15670405328273773,0.9958328604698181,0.8284506797790527
ai_041_001_cam_00_frame.0046,train,ai_041_001,46,0.03754705563187599,0.034204162657260895,0.40863484144210815,0.9749554395675659,0.860647976398468,0.03809986263513565,0.03539015352725983,0.31923142075538635,0.9768668413162231,0.7835094928741455,0.04851524531841278,0.0452510267496109,0.1638542264699936,0.9746695160865784,0.5535144805908203,0.06260834634304047,0.05816471949219704,0.11219773441553116,0.9735628962516785,0.5824146270751953
ai_041_001_cam_00_frame.0053,train,ai_041_001,53,0.029355764389038086,0.02658715285360813,0.31446918845176697,0.9945268034934998,0.8734758496284485,0.026391133666038513,0.024128684774041176,0.3925396800041199,0.9946926832199097,0.8265116810798645,0.02967437356710434,0.02694663777947426,0.3282298743724823,0.9947030544281006,0.666038990020752,0.03674473613500595,0.03320861607789993,0.20812061429023743,0.9896963238716125,0.5359285473823547
ai_041_001_cam_00_frame.0059,train,ai_041_001,59,0.03581792488694191,0.032757699489593506,0.18863214552402496,0.9876620769500732,0.9296972751617432,0.03316998854279518,0.030914772301912308,0.19886143505573273,0.9879184365272522,0.916542112827301,0.03432472050189972,0.03208743780851364,0.30074089765548706,0.9951233863830566,0.872418999671936,0.03997575119137764,0.03656439855694771,0.2653753161430359,0.9988017678260803,0.8106951117515564
ai_041_001_cam_00_frame.0066,train,ai_041_001,66,0.03512847423553467,0.032183483242988586,0.3498048782348633,0.9872174859046936,0.8764089345932007,0.03390670567750931,0.03127279505133629,0.36390066146850586,0.98738694190979,0.8644061088562012,0.040240928530693054,0.03650476410984993,0.2965724468231201,0.9874187111854553,0.8252490162849426,0.05139899253845215,0.045863647013902664,0.2262418568134308,0.9860895872116089,0.7661888599395752
ai_041_001_cam_00_frame.0073,train,ai_041_001,73,0.03715367987751961,0.034633710980415344,0.2851334512233734,0.9882602691650391,0.8565515279769897,0.03325576335191727,0.03043598122894764,0.3277650475502014,0.9882929921150208,0.8521671295166016,0.03219764679670334,0.027959806844592094,0.3513154089450836,0.9883365631103516,0.8458149433135986,0.03725213557481766,0.03206583857536316,0.26630842685699463,0.9847394227981567,0.8573190569877625
ai_041_001_cam_00_frame.0079,train,ai_041_001,79,0.04853063076734543,0.03986433148384094,0.2400439828634262,0.9440951347351074,0.8349945545196533,0.044702865183353424,0.03635238856077194,0.28772521018981934,0.9587270617485046,0.846048891544342,0.04003402590751648,0.03294723108410835,0.29510703682899475,0.9741206765174866,0.8435984253883362,0.03894207254052162,0.03234309330582619,0.3163820505142212,0.9843028783798218,0.83487468957901
ai_041_001_cam_00_frame.0086,train,ai_041_001,86,0.02583727240562439,0.022924624383449554,0.5428672432899475,0.9889378547668457,0.8501301407814026,0.027663737535476685,0.024168649688363075,0.40922263264656067,0.989036500453949,0.8405565023422241,0.037872761487960815,0.03353392705321312,0.1867586374282837,0.9890469312667847,0.8301750421524048,0.0481443889439106,0.04326320439577103,0.12886656820774078,0.989109218120575,0.8202774524688721
ai_041_001_cam_00_frame.0092,train,ai_041_001,92,0.03284112364053726,0.02903086505830288,0.6550946831703186,0.9769207239151001,0.8769580721855164,0.03433162346482277,0.029524842277169228,0.49651268124580383,0.9820704460144043,0.8756097555160522,0.042813755571842194,0.03750263527035713,0.20140543580055237,0.9827468991279602,0.8731573224067688,0.05288880318403244,0.04684283956885338,0.1309402734041214,0.9829095005989075,0.8674886226654053
ai_041_001_cam_00_frame.0099,train,ai_041_001,99,0.03323457017540932,0.029985211789608,0.513938844203949,0.9800494313240051,0.8574660420417786,0.03125268965959549,0.026978103443980217,0.599219024181366,0.9815424084663391,0.849799394607544,0.03838988021016121,0.03302829712629318,0.29629945755004883,0.9823446869850159,0.8327428698539734,0.04805462434887886,0.04199845716357231,0.18355605006217957,0.9821003079414368,0.8153787851333618
ai_043_002_cam_00_frame.0000,val,ai_043_002,0,0.017218325287103653,0.015730947256088257,0.5054728388786316,0.9937489032745361,0.871231198310852,0.01951139234006405,0.01803305745124817,0.41395479440689087,0.9937997460365295,0.8576133251190186,0.03263797610998154,0.029703188687562943,0.23135609924793243,0.9934080839157104,0.8181396126747131,0.04620403051376343,0.04195846989750862,0.16053934395313263,0.993509829044342,0.7962390780448914
ai_043_002_cam_00_frame.0007,val,ai_043_002,7,0.023474693298339844,0.02203899249434471,0.41265869140625,0.9917094111442566,0.8807621598243713,0.020834308117628098,0.018564803525805473,0.5554555654525757,0.9914805293083191,0.8715899586677551,0.029390331357717514,0.026427103206515312,0.3135172724723816,0.99102783203125,0.8518415093421936,0.04310489445924759,0.03882937878370285,0.193023681640625,0.9897207021713257,0.8278056979179382
ai_043_002_cam_00_frame.0013,val,ai_043_002,13,0.00814809650182724,0.00638328492641449,0.8373515009880066,0.9993082880973816,0.9041059613227844,0.012688050977885723,0.01082010380923748,0.6171213984489441,0.9993184804916382,0.9064488410949707,0.024992307648062706,0.02243700623512268,0.3485463559627533,0.9992421865463257,0.8977931141853333,0.03804033622145653,0.03438718616962433,0.2041117399930954,0.9990488886833191,0.8908209204673767
ai_043_002_cam_00_frame.0020,val,ai_043_002,20,0.014490027911961079,0.013245707377791405,0.506253719329834,0.9952086210250854,0.8169580698013306,0.01991131529211998,0.01807110570371151,0.4494794011116028,0.9951068758964539,0.773844301700592,0.03271367400884628,0.02989143133163452,0.37469416856765747,0.9950458407402039,0.757625937461853,0.04585877060890198,0.04202675446867943,0.2556115686893463,0.9951831698417664,0.7411893606185913
ai_043_002_cam_00_frame.0026,val,ai_043_002,26,0.014378837309777737,0.012605085037648678,0.7035853862762451,0.9937691688537598,0.8702427744865417,0.015161162242293358,0.013762855902314186,0.6596236824989319,0.9937691688537598,0.8690782785415649,0.023585030809044838,0.021440599113702774,0.3611745536327362,0.9938047528266907,0.8522933125495911,0.03538886085152626,0.031866829842329025,0.2295692265033722,0.9937233924865723,0.8332213759422302
ai_043_002_cam_00_frame.0033,val,ai_043_002,33,0.017480429261922836,0.016370316967368126,0.4809997081756592,0.9947653412818909,0.7861385941505432,0.021127060055732727,0.01974313333630562,0.3480740189552307,0.99485182762146,0.781237781047821,0.03163351118564606,0.02936524711549282,0.20311735570430756,0.9948976039886475,0.7670097947120667,0.04268075153231621,0.039504148066043854,0.14811064302921295,0.9949485063552856,0.75339674949646
ai_043_002_cam_00_frame.0040,val,ai_043_002,40,0.017278144136071205,0.01608780212700367,0.39036136865615845,0.995254397392273,0.8022982478141785,0.023950088769197464,0.022299446165561676,0.28137636184692383,0.995315432548523,0.789695680141449,0.038031551986932755,0.0353810079395771,0.26171764731407166,0.995340883731842,0.7763156890869141,0.05216188356280327,0.0483546257019043,0.1892728954553604,0.9954121112823486,0.7586581110954285
ai_043_002_cam_00_frame.0046,val,ai_043_002,46,0.02033793181180954,0.018620265647768974,0.5571545362472534,0.9919066429138184,0.7469155192375183,0.021464956924319267,0.019595440477132797,0.43104368448257446,0.9920745491981506,0.744434654712677,0.03014777973294258,0.02766304649412632,0.28337427973747253,0.9922373294830322,0.7286325097084045,0.041045892983675,0.037693340331315994,0.2241722196340561,0.9915454983711243,0.714548647403717
ai_043_002_cam_00_frame.0053,val,ai_043_002,53,0.01532054878771305,0.0140385078266263,0.6907473206520081,0.99160236120224,0.8014485239982605,0.01699048839509487,0.015454595908522606,0.6736010909080505,0.9917702078819275,0.7962350249290466,0.025091517716646194,0.022639233618974686,0.3975982069969177,0.9920346736907959,0.7800223231315613,0.03564154729247093,0.03214872628450394,0.2950260043144226,0.9919227957725525,0.7620034217834473
ai_043_002_cam_00_frame.0059,val,ai_043_002,59,0.010720600374042988,0.00936996191740036,0.5936479568481445,0.9999949336051941,0.66413813829422,0.010249000042676926,0.009240007027983665,0.6132920980453491,1.0,0.6345721483230591,0.01489960215985775,0.013545266352593899,0.5046592950820923,1.0,0.6046764850616455,0.02015925571322441,0.01830040104687214,0.4618510901927948,0.9999848008155823,0.552227795124054
ai_043_002_cam_00_frame.0066,val,ai_043_002,66,0.03595207631587982,0.03264614939689636,0.288848876953125,0.9951528310775757,0.8891823291778564,0.038058746606111526,0.03399001061916351,0.2701060175895691,0.9951884150505066,0.8835415244102478,0.04407144710421562,0.037905529141426086,0.2112528532743454,0.995025634765625,0.8576176762580872,0.05546408146619797,0.047644179314374924,0.1538747251033783,0.9941762685775757,0.8358483910560608
ai_043_002_cam_00_frame.0073,val,ai_043_002,73,0.01693863421678543,0.01555461436510086,0.5098165273666382,0.9970906972885132,0.8978239893913269,0.01989274099469185,0.01806008815765381,0.4090220332145691,0.9971262812614441,0.8918741345405579,0.03305695578455925,0.03006075881421566,0.2187347412109375,0.9968312978744507,0.8725440502166748,0.045907165855169296,0.04143313318490982,0.1567637175321579,0.9955037832260132,0.8574272990226746
ai_043_002_cam_00_frame.0079,val,ai_043_002,79,0.0188275333493948,0.01616453006863594,0.6110789179801941,0.9958394765853882,0.8776789903640747,0.027758067473769188,0.023073777556419373,0.27862548828125,0.9958598017692566,0.8720664381980896,0.04906145855784416,0.041503094136714935,0.1218414306640625,0.993194580078125,0.8552000522613525,0.07015421986579895,0.061147868633270264,0.1023050993680954,0.9891001582145691,0.8256315588951111
ai_043_002_cam_00_frame.0086,val,ai_043_002,86,0.016212275251746178,0.014697771519422531,0.5001017451286316,0.9982959628105164,0.7861926555633545,0.018810061737895012,0.016644978895783424,0.4288424849510193,0.9982857704162598,0.7692133188247681,0.02830975130200386,0.024931587278842926,0.30547022819519043,0.998636782169342,0.7389793992042542,0.04036517068743706,0.03581148758530617,0.22502949833869934,0.9911847710609436,0.6959238052368164
ai_043_002_cam_00_frame.0092,val,ai_043_002,92,0.06552882492542267,0.055469028651714325,0.5047760009765625,0.9266154170036316,0.6119366884231567,0.0730220228433609,0.060673825442790985,0.3124847412109375,0.91546630859375,0.6200876832008362,0.09299027174711227,0.07668107748031616,0.1551157683134079,0.9057413935661316,0.6118584275245667,0.11444370448589325,0.09535872936248779,0.1036631315946579,0.8996531367301941,0.6024840474128723
ai_043_002_cam_00_frame.0099,val,ai_043_002,99,0.021214986220002174,0.019331911578774452,0.6135132908821106,0.9911295771598816,0.8546677827835083,0.025440987199544907,0.022690072655677795,0.48847702145576477,0.9905497431755066,0.8497347831726074,0.03866586461663246,0.033166661858558655,0.26504144072532654,0.9897053837776184,0.8406262397766113,0.053055569529533386,0.045607179403305054,0.16501955687999725,0.987884521484375,0.8292803168296814
ai_045_001_cam_00_frame.0000,val,ai_045_001,0,0.010320981033146381,0.008612554520368576,0.7998250722885132,0.9962362051010132,0.6706170439720154,0.013851827941834927,0.012072655372321606,0.5799001455307007,0.996490478515625,0.6694153547286987,0.028088195249438286,0.024767836555838585,0.2733663022518158,0.9969329833984375,0.6592884063720703,0.042134568095207214,0.03769111633300781,0.1749827116727829,0.997314453125,0.6551445722579956
ai_045_001_cam_00_frame.0007,val,ai_045_001,7,0.04789070785045624,0.04396446794271469,0.2957763671875,0.9422353506088257,0.7728068828582764,0.05343901365995407,0.049390241503715515,0.20513916015625,0.9420980215072632,0.7592282295227051,0.06434266269207001,0.05803120136260986,0.1435343474149704,0.9418233633041382,0.7491235733032227,0.07801325619220734,0.06964351236820221,0.1049041748046875,0.9425863027572632,0.7250947952270508
ai_045_001_cam_00_frame.0013,val,ai_045_001,13,0.014899304136633873,0.013046419247984886,0.6863810420036316,0.9993947744369507,0.7234795689582825,0.01596292108297348,0.014081871137022972,0.6400299072265625,0.9993998408317566,0.7158674001693726,0.02148839831352234,0.01936904340982437,0.3739573359489441,0.9994252920150757,0.6896623373031616,0.027742356061935425,0.025266049429774284,0.2931722104549408,0.9983571767807007,0.6658530831336975
ai_045_001_cam_00_frame.0020,val,ai_045_001,20,0.018578730523586273,0.016432590782642365,0.4297943115234375,0.9986776113510132,0.6476597785949707,0.017996467649936676,0.016103189438581467,0.4866689145565033,0.9986623525619507,0.6165539026260376,0.028723983094096184,0.026056766510009766,0.2728118896484375,0.9986369013786316,0.5976462364196777,0.04479917883872986,0.04058782011270523,0.20068359375,0.9985911250114441,0.6115431189537048
ai_045_001_cam_00_frame.0026,val,ai_045_001,26,0.028513148427009583,0.025049639865756035,0.6446089744567871,0.9777168035507202,0.8229507207870483,0.029470380395650864,0.02595028281211853,0.5113882422447205,0.9779304265975952,0.8238382935523987,0.03648889437317848,0.032163526862859726,0.39949947595596313,0.9780016541481018,0.8161284923553467,0.04859605059027672,0.0434354767203331,0.24647262692451477,0.9756670594215393,0.8075003027915955
ai_045_001_cam_00_frame.0033,val,ai_045_001,33,0.06054610013961792,0.055305056273937225,0.5653025507926941,0.909576416015625,0.7300163507461548,0.06528471410274506,0.05830981582403183,0.3664093017578125,0.91796875,0.6235474944114685,0.08034099638462067,0.06698012351989746,0.1928049772977829,0.9306234121322632,0.5742633938789368,0.09761922061443329,0.07764279097318649,0.1370798796415329,0.931976318359375,0.5512917041778564
ai_045_001_cam_00_frame.0040,val,ai_045_001,40,0.17337638139724731,0.0904930830001831,0.0755666121840477,0.9943796992301941,0.8655192255973816,0.17794200778007507,0.0931854248046875,0.0342254638671875,0.9940999746322632,0.8585028648376465,0.1883644312620163,0.09520526230335236,0.0374247245490551,0.9953410029411316,0.8320829272270203,0.21436278522014618,0.10939964652061462,0.0341644287109375,0.9844309687614441,0.7859417200088501
ai_045_001_cam_00_frame.0046,val,ai_045_001,46,0.0208906102925539,0.018286945298314095,0.5831074118614197,0.9956309199333191,0.8569998741149902,0.022947203367948532,0.019897863268852234,0.5326972007751465,0.9955596923828125,0.8321554660797119,0.036223240196704865,0.031204747036099434,0.25282925367355347,0.9953359365463257,0.7870609164237976,0.051558323204517365,0.04461423680186272,0.16544681787490845,0.9948222041130066,0.7558482885360718
ai_045_001_cam_00_frame.0053,val,ai_045_001,53,0.0886986032128334,0.07566472887992859,0.3307206928730011,0.8952224850654602,0.550021231174469,0.09860358387231827,0.08206133544445038,0.15851420164108276,0.8952072262763977,0.5434913039207458,0.12401479482650757,0.09859833866357803,0.03669757395982742,0.8950241208076477,0.5221114158630371,0.15184330940246582,0.11583290249109268,0.020945338532328606,0.8948359489440918,0.48858609795570374
ai_045_001_cam_00_frame.0059,val,ai_045_001,59,0.018436584621667862,0.016274044290184975,0.5420203804969788,0.9973551630973816,0.8466234803199768,0.01969590224325657,0.016484344378113747,0.5287909507751465,0.9973399043083191,0.8413947820663452,0.032447393983602524,0.02758796513080597,0.22468681633472443,0.9973297119140625,0.8531320691108704,0.040734607726335526,0.03504953533411026,0.17085862159729004,0.9972432851791382,0.8213117122650146
ai_045_001_cam_00_frame.0066,val,ai_045_001,66,0.02497287653386593,0.02130507491528988,0.2765974998474121,0.996795654296875,0.7251854538917542,0.025312824174761772,0.022721437737345695,0.25609466433525085,0.9968058466911316,0.7158050537109375,0.03675903007388115,0.03370136395096779,0.16727279126644135,0.996795654296875,0.7022912502288818,0.052987925708293915,0.04865458235144615,0.12624678015708923,0.996795654296875,0.6715618371963501
ai_045_001_cam_00_frame.0073,val,ai_045_001,73,0.015711937099695206,0.012415273115038872,0.7680601477622986,0.9892730712890625,0.7774057984352112,0.01615487039089203,0.0130965830758214,0.6761712431907654,0.9906361699104309,0.7701947689056396,0.022163663059473038,0.01992497406899929,0.387666791677475,0.9947459101676941,0.7462725639343262,0.034253522753715515,0.0303975660353899,0.26759475469589233,0.9956817626953125,0.7423493266105652
ai_045_001_cam_00_frame.0079,val,ai_045_001,79,0.06952045857906342,0.030959000810980797,0.39105224609375,0.9890950918197632,0.7392396330833435,0.06687537580728531,0.030602365732192993,0.3737386167049408,0.9890594482421875,0.7344597578048706,0.06391674280166626,0.03633357211947441,0.2467295378446579,0.9889373779296875,0.7165290713310242,0.05764658376574516,0.036730051040649414,0.2600860595703125,0.9889323115348816,0.6886686682701111
ai_045_001_cam_00_frame.0086,val,ai_045_001,86,0.01565135270357132,0.014061260037124157,0.6134666800498962,0.9935453534126282,0.8138221502304077,0.02027255855500698,0.018521929159760475,0.3781408369541168,0.9934995770454407,0.7973894476890564,0.03054659813642502,0.028058961033821106,0.21890704333782196,0.9934232831001282,0.75007164478302,0.040560025721788406,0.03742218017578125,0.1562989503145218,0.9932910799980164,0.7370589971542358
ai_045_001_cam_00_frame.0092,val,ai_045_001,92,0.06999136507511139,0.023120924830436707,0.5569610595703125,0.9861094355583191,0.7814123034477234,0.06724125146865845,0.023934347555041313,0.4495188593864441,0.9863942861557007,0.7772592306137085,0.06468948721885681,0.025308949872851372,0.3319091796875,0.9865468740463257,0.769751787185669,0.06296461075544357,0.028198644518852234,0.2822163999080658,0.9864756464958191,0.7549248337745667
ai_045_001_cam_00_frame.0099,val,ai_045_001,99,0.01717616431415081,0.014996051788330078,0.549573540687561,0.9971110224723816,0.8070768117904663,0.01747041381895542,0.015420043841004372,0.45757272839546204,0.9972330927848816,0.8087173700332642,0.023850305005908012,0.02091110497713089,0.3697834014892578,0.9971669912338257,0.8059813976287842,0.03207401558756828,0.028379948809742928,0.25344470143318176,0.9971822500228882,0.8048439621925354
ai_047_001_cam_00_frame.0000,val,ai_047_001,0,0.1126968264579773,0.10322229564189911,0.0690460205078125,0.9186248779296875,0.8729747533798218,0.10976479947566986,0.10160122811794281,0.0636851042509079,0.9357859492301941,0.8689659833908081,0.10608836263418198,0.09853008389472961,0.0756174772977829,0.9514211416244507,0.853552520275116,0.10640312731266022,0.09805753827095032,0.0581461600959301,0.9494476318359375,0.840770959854126
ai_047_001_cam_00_frame.0007,val,ai_047_001,7,0.14836463332176208,0.13900096714496613,0.064483642578125,0.8489227294921875,0.8991097211837769,0.146315336227417,0.13776171207427979,0.0663655623793602,0.8543752431869507,0.8966163396835327,0.14162416756153107,0.13249258697032928,0.0389200858771801,0.8888092041015625,0.8858991265296936,0.13863550126552582,0.12629783153533936,0.0288340263068676,0.9227396845817566,0.8677262663841248
ai_047_001_cam_00_frame.0013,val,ai_047_001,13,0.11309727281332016,0.10694431513547897,0.0758616179227829,0.8782755732536316,0.8356643915176392,0.10990495979785919,0.10407670587301254,0.093536376953125,0.8771260976791382,0.8328843116760254,0.11005636304616928,0.1026553213596344,0.1135101318359375,0.8654327392578125,0.8318277597427368,0.11637912690639496,0.10678713768720627,0.1038157194852829,0.8636474609375,0.8205196261405945
ai_047_001_cam_00_frame.0020,val,ai_047_001,20,0.13486367464065552,0.1287948191165924,0.0484771728515625,0.7649332880973816,0.8555210828781128,0.13850660622119904,0.13317111134529114,0.0398101806640625,0.7677510976791382,0.8447105288505554,0.1444726586341858,0.13811112940311432,0.0446370467543602,0.7681986689567566,0.8255091309547424,0.15243619680404663,0.1436515897512436,0.063629150390625,0.7437947988510132,0.8073996305465698
ai_047_001_cam_00_frame.0026,val,ai_047_001,26,0.06692526489496231,0.060677360743284225,0.1484781950712204,0.9652659296989441,0.8733299970626831,0.07183051109313965,0.06478920578956604,0.1154581755399704,0.9648692011833191,0.8711097836494446,0.08198987692594528,0.07430573552846909,0.1016794890165329,0.959014892578125,0.8515835404396057,0.09598547220230103,0.08643125742673874,0.1062571257352829,0.9204813838005066,0.824103593826294
ai_047_001_cam_00_frame.0033,val,ai_047_001,33,0.1688450574874878,0.1593971848487854,0.0472971610724926,0.6776835322380066,0.8907082676887512,0.17186735570430756,0.1607590764760971,0.0525919608771801,0.6775919795036316,0.8719684481620789,0.1879674643278122,0.17614620923995972,0.0272776298224926,0.6470744013786316,0.8597608208656311,0.20926181972026825,0.19367003440856934,0.0288950614631176,0.6294810175895691,0.8297950625419617
ai_047_001_cam_00_frame.0040,val,ai_047_001,40,0.15392577648162842,0.1423378884792328,0.0419718436896801,0.73150634765625,0.89398592710495,0.16100174188613892,0.14874768257141113,0.030914306640625,0.710296630859375,0.8901253938674927,0.1752309650182724,0.16094261407852173,0.0299479179084301,0.6615194082260132,0.8686151504516602,0.18949685990810394,0.17361442744731903,0.0279998779296875,0.5982462763786316,0.8453851938247681
ai_047_001_cam_00_frame.0046,val,ai_047_001,46,0.10573415458202362,0.10100466012954712,0.0746663436293602,0.9647725820541382,0.8789372444152832,0.10504555702209473,0.10034824907779694,0.0792999267578125,0.9643605947494507,0.8705213069915771,0.10916668176651001,0.10285627096891403,0.068084716796875,0.952239990234375,0.8574948310852051,0.11492602527141571,0.10621081292629242,0.0631612166762352,0.9248148798942566,0.8404276967048645
ai_047_001_cam_00_frame.0053,val,ai_047_001,53,0.14371389150619507,0.1336115449666977,0.0497334823012352,0.8267924189567566,0.8695011734962463,0.14182749390602112,0.13310573995113373,0.0479736328125,0.8332113027572632,0.8606178760528564,0.1386331021785736,0.12887780368328094,0.04974365234375,0.8690541982650757,0.8468784689903259,0.1370295137166977,0.1238081306219101,0.0434926375746727,0.9191691279411316,0.829157292842865
ai_047_001_cam_00_frame.0059,val,ai_047_001,59,0.13581281900405884,0.12767329812049866,0.0557607039809227,0.8979594111442566,0.8404697179794312,0.13552895188331604,0.1278170347213745,0.0443878173828125,0.9073944091796875,0.8372020125389099,0.13887396454811096,0.129018172621727,0.0653635710477829,0.8858439326286316,0.8216906785964966,0.1467827707529068,0.13381990790367126,0.0373687744140625,0.8169962763786316,0.7970696687698364
ai_047_001_cam_00_frame.0066,val,ai_047_001,66,0.1547972857952118,0.14641734957695007,0.0433451347053051,0.7374216914176941,0.8998045921325684,0.158620685338974,0.1514895260334015,0.0525665283203125,0.7159576416015625,0.8933766484260559,0.168282613158226,0.16190576553344727,0.0656534880399704,0.6597137451171875,0.8799992799758911,0.178874671459198,0.17045298218727112,0.0450795516371727,0.631561279296875,0.8649386763572693
ai_047_001_cam_00_frame.0073,val,ai_047_001,73,0.09967774152755737,0.09234637022018433,0.0714365690946579,0.9605611562728882,0.8806896209716797,0.09793365001678467,0.09053348004817963,0.0614013671875,0.9628753662109375,0.8772127628326416,0.09915374219417572,0.09076293557882309,0.0689188688993454,0.9614970088005066,0.8638747334480286,0.10586243122816086,0.09628407657146454,0.0606740340590477,0.9581553339958191,0.8423805236816406
ai_047_001_cam_00_frame.0079,val,ai_047_001,79,0.10621299594640732,0.1025487631559372,0.0537974052131176,0.9386037588119507,0.887078046798706,0.11015995591878891,0.10672344267368317,0.0537872314453125,0.9346669912338257,0.8836001753807068,0.12128818035125732,0.11744328588247299,0.0456797294318676,0.9276682734489441,0.8688682317733765,0.13270696997642517,0.12784966826438904,0.0384623222053051,0.9102529287338257,0.8539278507232666
ai_047_001_cam_00_frame.0086,val,ai_047_001,86,0.11180192232131958,0.10604768991470337,0.073150634765625,0.9149627685546875,0.878410816192627,0.1117161214351654,0.10738635063171387,0.0540415458381176,0.9294382929801941,0.8770599961280823,0.11771413683891296,0.11227458715438843,0.0576171875,0.9422963857650757,0.8657658696174622,0.12820181250572205,0.12006213515996933,0.0488484725356102,0.8972727656364441,0.846311628818512
ai_047_001_cam_00_frame.0092,val,ai_047_001,92,0.12275764346122742,0.1115960106253624,0.0681559294462204,0.88677978515625,0.8893184065818787,0.12214332818984985,0.11231648921966553,0.07440185546875,0.8825225830078125,0.8846451044082642,0.12123224139213562,0.11286401003599167,0.0592753104865551,0.9029592275619507,0.871379017829895,0.12291505932807922,0.11476169526576996,0.0589345321059227,0.9100393056869507,0.852807879447937
ai_047_001_cam_00_frame.0099,val,ai_047_001,99,0.1416902393102646,0.13547098636627197,0.0598856620490551,0.7486776113510132,0.9155722856521606,0.148666113615036,0.141300767660141,0.046356201171875,0.7455800771713257,0.9078103303909302,0.1634361743927002,0.15173427760601044,0.02846272848546505,0.7409108877182007,0.8906009793281555,0.17939826846122742,0.1636490523815155,0.0468546561896801,0.7341207265853882,0.8660722374916077
ai_055_003_cam_00_frame.0000,val,ai_055_003,0,0.06423362344503403,0.05852240324020386,0.193756103515625,0.9490814208984375,0.8555976152420044,0.061526112258434296,0.05589905381202698,0.2232157438993454,0.949615478515625,0.8445058465003967,0.06351003050804138,0.05728469416499138,0.1780599057674408,0.9481150507926941,0.8226720094680786,0.07303258776664734,0.06605641543865204,0.1299082487821579,0.9449107050895691,0.8035310506820679
ai_055_003_cam_00_frame.0007,val,ai_055_003,7,0.06173764914274216,0.0539306104183197,0.268646240234375,0.9639384150505066,0.7957512140274048,0.06504581868648529,0.05668504163622856,0.2212422788143158,0.9641774892807007,0.7855228185653687,0.07341792434453964,0.06369325518608093,0.1671244353055954,0.9634246826171875,0.7674176096916199,0.08281269669532776,0.0715811550617218,0.1310170590877533,0.9598134756088257,0.7694769501686096
ai_055_003_cam_00_frame.0013,val,ai_055_003,13,0.07864056527614594,0.07238639891147614,0.1069437712430954,0.9247894287109375,0.9002607464790344,0.08489644527435303,0.07779908180236816,0.090301513671875,0.9239349365234375,0.8962222933769226,0.10138046741485596,0.09185276925563812,0.0687662810087204,0.922119140625,0.8868120908737183,0.11980988830327988,0.1081291064620018,0.0592397078871727,0.9158529043197632,0.8766622543334961
ai_055_003_cam_00_frame.0020,val,ai_055_003,20,0.06710908561944962,0.06097259745001793,0.3067474365234375,0.9238790273666382,0.8553687334060669,0.06484575569629669,0.059025831520557404,0.278961181640625,0.9282277822494507,0.84908527135849,0.06570816040039062,0.05936490744352341,0.2345377653837204,0.9390208125114441,0.8401176333427429,0.07246961444616318,0.06448721885681152,0.2053629606962204,0.9406077265739441,0.8348291516304016
ai_055_003_cam_00_frame.0026,val,ai_055_003,26,0.08433674275875092,0.06578219681978226,0.09146635234355927,0.9531632661819458,0.881931722164154,0.08263060450553894,0.0647200495004654,0.26242101192474365,0.9534756541252136,0.8764514327049255,0.08928734064102173,0.07372408360242844,0.24034945666790009,0.9524924159049988,0.8641622066497803,0.10308634489774704,0.08320722728967667,0.13491812348365784,0.9373188614845276,0.8441429138183594
ai_055_003_cam_00_frame.0033,val,ai_055_003,33,0.05900327488780022,0.054406650364398956,0.32248300313949585,0.9252363443374634,0.9224108457565308,0.06082262098789215,0.05587221682071686,0.2831367254257202,0.9298598170280457,0.921447217464447,0.07226637750864029,0.06588597595691681,0.16086311638355255,0.9384226202964783,0.9138157367706299,0.08488602191209793,0.07738050818443298,0.08425941318273544,0.9403300881385803,0.9044843912124634
ai_055_003_cam_00_frame.0040,val,ai_055_003,40,0.06187152862548828,0.05684792995452881,0.1172739714384079,0.9710109829902649,0.8282293081283569,0.06070338934659958,0.055099815130233765,0.1447288542985916,0.9720612168312073,0.817270815372467,0.06349168717861176,0.05614171922206879,0.12922273576259613,0.9720612168312073,0.7937602996826172,0.07238077372312546,0.0624113492667675,0.08495927602052689,0.9683700203895569,0.7750168442726135
ai_055_003_cam_00_frame.0046,val,ai_055_003,46,0.06091463938355446,0.05475661903619766,0.21821734309196472,0.9723844528198242,0.8348487019538879,0.062399089336395264,0.055278483778238297,0.22412069141864777,0.9645211696624756,0.820443332195282,0.07233676314353943,0.06373859196901321,0.1009158119559288,0.9642562866210938,0.7877118587493896,0.08443257212638855,0.07383652776479721,0.07156983017921448,0.959518313407898,0.7662454843521118
ai_055_003_cam_00_frame.0053,val,ai_055_003,53,0.13591566681861877,0.08125265687704086,0.05728578194975853,0.9765951037406921,0.8215072751045227,0.13610383868217468,0.08363491296768188,0.05536092445254326,0.980847954750061,0.8035593628883362,0.13689538836479187,0.08683177828788757,0.053793784230947495,0.9748746752738953,0.768380880355835,0.13776426017284393,0.09104856103658676,0.044266026467084885,0.9625362753868103,0.7559630870819092
ai_055_003_cam_00_frame.0059,val,ai_055_003,59,0.03089635632932186,0.025461934506893158,0.2784186601638794,0.9939857721328735,0.8121185898780823,0.0410127155482769,0.037026047706604004,0.19317562878131866,0.9937718510627747,0.7694666385650635,0.060334462672472,0.05090871825814247,0.11723266541957855,0.9940829873085022,0.6955006718635559,0.08043079823255539,0.06561370939016342,0.08222942054271698,0.9896111488342285,0.6400707364082336
ai_055_003_cam_00_frame.0066,val,ai_055_003,66,0.06394417583942413,0.05781180411577225,0.24848788976669312,0.9715085029602051,0.8441362380981445,0.0656282976269722,0.058988992124795914,0.19266115128993988,0.9735373854637146,0.8334447741508484,0.07716801017522812,0.06727085262537003,0.09897302091121674,0.9756098985671997,0.8156513571739197,0.09205207228660583,0.07897964119911194,0.057539284229278564,0.9695178270339966,0.806574285030365
ai_055_003_cam_00_frame.0073,val,ai_055_003,73,0.05621454119682312,0.051517195999622345,0.26612237095832825,0.9641173481941223,0.836510419845581,0.0554979182779789,0.05029410868883133,0.19611850380897522,0.9709018468856812,0.8232025504112244,0.06007566675543785,0.05221227556467056,0.14310206472873688,0.9725953340530396,0.8054689764976501,0.06833186745643616,0.058163486421108246,0.11091481149196625,0.972673773765564,0.7976586818695068
ai_055_003_cam_00_frame.0079,val,ai_055_003,79,0.042031966149806976,0.0371679812669754,0.32426661252975464,0.9840530753135681,0.827785313129425,0.04255599156022072,0.03580421581864357,0.20508484542369843,0.9850414991378784,0.7932326793670654,0.05599956959486008,0.043054740875959396,0.12906073033809662,0.9858396649360657,0.7256858348846436,0.0785520076751709,0.06060442328453064,0.09276388585567474,0.9852846264839172,0.666850209236145
ai_055_003_cam_00_frame.0086,val,ai_055_003,86,0.07780624181032181,0.058745574206113815,0.20953740179538727,0.9693436622619629,0.7836324572563171,0.08629404008388519,0.06555134803056717,0.16963143646717072,0.9631378054618835,0.7757055163383484,0.10360653698444366,0.07999584078788757,0.09887370467185974,0.9603842496871948,0.7460115551948547,0.12248209863901138,0.09383261948823929,0.06843052804470062,0.9501397609710693,0.720783531665802
ai_055_003_cam_00_frame.0092,val,ai_055_003,92,0.05725592374801636,0.04825083538889885,0.29392221570014954,0.9554790258407593,0.8208357691764832,0.05345042049884796,0.04704925790429115,0.2226051241159439,0.955896258354187,0.8061029314994812,0.05857148766517639,0.05396861955523491,0.1988430619239807,0.9563495516777039,0.7805955410003662,0.07286075502634048,0.06643887609243393,0.11457609385251999,0.9547166228294373,0.7634822130203247
ai_055_003_cam_00_frame.0099,val,ai_055_003,99,0.053734686225652695,0.04879331216216087,0.24108143150806427,0.972834050655365,0.8283370733261108,0.05596891790628433,0.050771038979291916,0.18511396646499634,0.9744912981987,0.8260346055030823,0.06695039570331573,0.05882612615823746,0.11685793101787567,0.9759697914123535,0.8100881576538086,0.08088868856430054,0.06983567774295807,0.08192024379968643,0.9768201112747192,0.7992732524871826
ai_044_001_cam_00_frame.0000,test,ai_044_001,0,0.022819772362709045,0.020663093775510788,0.4354349970817566,0.9947001338005066,0.8133857250213623,0.019854700192809105,0.01850668340921402,0.4830780029296875,0.9942779541015625,0.7900006771087646,0.024044513702392578,0.021350553259253502,0.4035797119140625,0.9936676025390625,0.7755330801010132,0.03394489735364914,0.029241934418678284,0.2707621455192566,0.984619140625,0.7442311644554138
ai_044_001_cam_00_frame.0007,test,ai_044_001,7,0.02126651257276535,0.01752908155322075,0.5120748281478882,0.993255615234375,0.8122978210449219,0.018973831087350845,0.017277194187045097,0.4871419370174408,0.9930827021598816,0.8050071001052856,0.02386324666440487,0.022055719047784805,0.3667653501033783,0.9927114248275757,0.7962285876274109,0.03376021236181259,0.03048792853951454,0.2627665400505066,0.9926198720932007,0.7773691415786743
ai_044_001_cam_00_frame.0013,test,ai_044_001,13,0.021184297278523445,0.018684035167098045,0.49183398485183716,0.9938303828239441,0.7933343052864075,0.018624668940901756,0.016982315108180046,0.5541155934333801,0.99359130859375,0.7821345925331116,0.02381974272429943,0.020825201645493507,0.44502994418144226,0.9868011474609375,0.7777214646339417,0.033849913626909256,0.028036678209900856,0.3267788290977478,0.9849089980125427,0.7593614459037781
ai_044_001_cam_00_frame.0020,test,ai_044_001,20,0.021373700350522995,0.019463859498500824,0.3465474545955658,0.9939066767692566,0.8471181392669678,0.02453354373574257,0.0219113789498806,0.3047739863395691,0.99371337890625,0.8232461214065552,0.03171645849943161,0.027556560933589935,0.22674560546875,0.9934844970703125,0.8071120977401733,0.04110357165336609,0.03554043173789978,0.2323099821805954,0.9931386709213257,0.7803850769996643
ai_044_001_cam_00_frame.0026,test,ai_044_001,26,0.023656677454710007,0.021443454548716545,0.35875630378723145,0.9929962158203125,0.8121079206466675,0.025844790041446686,0.02334543690085411,0.35398536920547485,0.9928792119026184,0.8044350147247314,0.03583152964711189,0.031437624245882034,0.22499199211597443,0.992767333984375,0.7916580438613892,0.048225946724414825,0.04226967319846153,0.16520775854587555,0.9924265742301941,0.7688362002372742
ai_044_001_cam_00_frame.0033,test,ai_044_001,33,0.027493596076965332,0.023863475769758224,0.4376932978630066,0.990081787109375,0.7812949419021606,0.03223211318254471,0.026273246854543686,0.4114990234375,0.9898936152458191,0.7851099371910095,0.04304342716932297,0.03470589220523834,0.2349294126033783,0.9895986318588257,0.7780994176864624,0.05635116621851921,0.04580926150083542,0.1384429931640625,0.9887593984603882,0.752008318901062
ai_044_001_cam_00_frame.0039,test,ai_044_001,39,0.029172038659453392,0.02201598696410656,0.4811299741268158,0.9924723505973816,0.7672418355941772,0.02782553993165493,0.023030173033475876,0.4630686640739441,0.99237060546875,0.7656685709953308,0.03092309460043907,0.02797691524028778,0.3617401123046875,0.991912841796875,0.7718124985694885,0.04034871608018875,0.03624483570456505,0.2025706022977829,0.9917806386947632,0.7696372866630554
ai_044_001_cam_00_frame.0046,test,ai_044_001,46,0.017399867996573448,0.015538663603365421,0.5995493531227112,0.993021547794342,0.8008842468261719,0.018213480710983276,0.016466829925775528,0.5503544807434082,0.9930011630058289,0.8058439493179321,0.024313611909747124,0.022264407947659492,0.3531173765659332,0.9930316805839539,0.8097869753837585,0.03331760689616203,0.030335688963532448,0.22445906698703766,0.9929808378219604,0.7848840355873108
ai_044_001_cam_00_frame.0052,test,ai_044_001,52,0.017217887565493584,0.015427120961248875,0.5571368336677551,0.9899545907974243,0.7688734531402588,0.021668825298547745,0.01948823407292366,0.39942628145217896,0.990020751953125,0.7791523337364197,0.03300350531935692,0.0290585458278656,0.22440199553966522,0.9899342656135559,0.7676591277122498,0.04329867660999298,0.037392016500234604,0.16431257128715515,0.9899088144302368,0.7476706504821777
ai_044_001_cam_00_frame.0059,test,ai_044_001,59,0.023460259661078453,0.02100338041782379,0.5845723152160645,0.9884287118911743,0.740170419216156,0.026645036414265633,0.023795856162905693,0.5098140239715576,0.9884287118911743,0.7445505261421204,0.038425151258707047,0.03431374952197075,0.2723148465156555,0.9885202646255493,0.7377424836158752,0.049612101167440414,0.04428490251302719,0.17516671121120453,0.9885101318359375,0.7093408703804016
ai_044_001_cam_00_frame.0065,test,ai_044_001,65,0.02661328762769699,0.02300058677792549,0.35480427742004395,0.9886423349380493,0.8041467070579529,0.0264792088419199,0.022268660366535187,0.410387247800827,0.9886932373046875,0.8006765842437744,0.0310386810451746,0.026100600138306618,0.3407203257083893,0.9886322021484375,0.7889594435691833,0.03789883479475975,0.03143235668540001,0.282380610704422,0.9883829355239868,0.7750430107116699
ai_044_001_cam_00_frame.0072,test,ai_044_001,72,0.032120876014232635,0.02874777838587761,0.25604888796806335,0.9896087646484375,0.7174677848815918,0.028016969561576843,0.023446792736649513,0.36525657773017883,0.9895985722541809,0.718925952911377,0.03002818487584591,0.023597806692123413,0.35214415192604065,0.9892628788948059,0.6821412444114685,0.04067039117217064,0.03148796781897545,0.2704634368419647,0.9892679452896118,0.6442000865936279
ai_044_001_cam_00_frame.0078,test,ai_044_001,78,0.01663854345679283,0.014611825346946716,0.53009033203125,0.992584228515625,0.7801819443702698,0.017264915630221367,0.015758054330945015,0.4695180356502533,0.9925893545150757,0.7687066197395325,0.027813151478767395,0.024985674768686295,0.2878367304801941,0.9926198720932007,0.731243908405304,0.038605257868766785,0.03418368846178055,0.1849009245634079,0.9926605224609375,0.7111932635307312
ai_044_001_cam_00_frame.0085,test,ai_044_001,85,0.030660903081297874,0.027687279507517815,0.0981852263212204,0.9980723261833191,0.9262452721595764,0.025319620966911316,0.023234505206346512,0.1221720427274704,0.9980672597885132,0.9168246388435364,0.017147306352853775,0.014273851178586483,0.5670013427734375,0.9980926513671875,0.8918223977088928,0.023262333124876022,0.01826333999633789,0.3572845458984375,0.998077392578125,0.824661374092102
ai_044_001_cam_00_frame.0091,test,ai_044_001,91,0.026017755270004272,0.02362320013344288,0.3723112642765045,0.9876810312271118,0.7799590826034546,0.027202626690268517,0.0244144219905138,0.40524500608444214,0.9876556396484375,0.757921576499939,0.03369230031967163,0.028394807130098343,0.35051652789115906,0.9875894784927368,0.7443857789039612,0.04425916075706482,0.0352456234395504,0.22293205559253693,0.9874470829963684,0.7242818474769592
ai_044_001_cam_00_frame.0099,test,ai_044_001,99,0.021193543449044228,0.01657772809267044,0.5226163864135742,0.9984028339385986,0.7245168089866638,0.023372739553451538,0.017144467681646347,0.5279214382171631,0.9984130263328552,0.711821436882019,0.03771011903882027,0.02510738931596279,0.3516187071800232,0.9984079599380493,0.6737509369850159,0.05499036982655525,0.03596905991435051,0.19555453956127167,0.9984232187271118,0.6457411646842957
ai_046_001_cam_00_frame.0000,test,ai_046_001,0,0.06102646887302399,0.05664410442113876,0.2293141782283783,0.95989990234375,0.8155784010887146,0.05730422958731651,0.05318525433540344,0.282379150390625,0.95953369140625,0.8118964433670044,0.057626307010650635,0.05260707065463066,0.2802022397518158,0.9596099853515625,0.7956609129905701,0.06438596546649933,0.05768660828471184,0.1872406005859375,0.9560598134994507,0.7873564958572388
ai_046_001_cam_00_frame.0007,test,ai_046_001,7,0.04357602447271347,0.03992056846618652,0.4782155454158783,0.9664052724838257,0.8405195474624634,0.04097886383533478,0.03777433931827545,0.4188130795955658,0.9814453125,0.8345268368721008,0.04610992223024368,0.04226461052894592,0.3109334409236908,0.9816131591796875,0.8303127884864807,0.055178187787532806,0.048525720834732056,0.1773020476102829,0.9770965576171875,0.8274719715118408
ai_046_001_cam_00_frame.0013,test,ai_046_001,13,0.0757787823677063,0.06826501339673996,0.3951924741268158,0.9071502685546875,0.8536716103553772,0.07266955077648163,0.0662989392876625,0.3214213252067566,0.9280497431755066,0.8461521863937378,0.07839787751436234,0.07128128409385681,0.2645670771598816,0.9322764277458191,0.8510584831237793,0.09713734686374664,0.086789570748806,0.1994527280330658,0.9068400263786316,0.8643473386764526
ai_046_001_cam_00_frame.0020,test,ai_046_001,20,0.10621922463178635,0.09745317697525024,0.2230733335018158,0.9034067988395691,0.6699569821357727,0.10221779346466064,0.09169410169124603,0.2267659604549408,0.9079183340072632,0.678923487663269,0.11358990520238876,0.09811293333768845,0.1476389616727829,0.9084269404411316,0.7146728038787842,0.1382404863834381,0.11890938133001328,0.089447021484375,0.8919169306755066,0.7436543107032776
ai_046_001_cam_00_frame.0026,test,ai_046_001,26,0.02237572893500328,0.019715441390872,0.493988037109375,0.9939321279525757,0.8325601816177368,0.02114061824977398,0.019098225980997086,0.4817149043083191,0.9939677119255066,0.8272066116333008,0.021331045776605606,0.01949608512222767,0.5443319082260132,0.9939779043197632,0.8041875958442688,0.02878738008439541,0.026301255449652672,0.3037669062614441,0.9939321279525757,0.7658584713935852
ai_046_001_cam_00_frame.0033,test,ai_046_001,33,0.018804626539349556,0.016568131744861603,0.576873779296875,0.9946848750114441,0.856513261795044,0.02269914746284485,0.018712077289819717,0.392303466796875,0.9949290156364441,0.8539518713951111,0.036284975707530975,0.028935274109244347,0.2791392207145691,0.9954427480697632,0.8366844654083252,0.05291943997144699,0.04416654631495476,0.2036946713924408,0.9955698847770691,0.82199627161026
ai_046_001_cam_00_frame.0040,test,ai_046_001,40,0.04404006525874138,0.03366456553339958,0.19390869140625,0.9944712519645691,0.8602727651596069,0.03844790533185005,0.030617423355579376,0.2391459196805954,0.9945220947265625,0.8418340682983398,0.034704677760601044,0.029854347929358482,0.2712300717830658,0.9946441650390625,0.8125631213188171,0.036046724766492844,0.0323287695646286,0.2203114926815033,0.9946696162223816,0.7856554388999939
ai_046_001_cam_00_frame.0046,test,ai_046_001,46,0.020476674661040306,0.018149927258491516,0.6379038691520691,0.9840545654296875,0.8512927293777466,0.023840416222810745,0.02073228545486927,0.4845428466796875,0.9872487783432007,0.844306230545044,0.036456093192100525,0.03143127262592316,0.2660064697265625,0.9901987910270691,0.8108025789260864,0.04929700493812561,0.0424610897898674,0.15191650390625,0.9902140498161316,0.7641445994377136
ai_046_001_cam_00_frame.0053,test,ai_046_001,53,0.09854980558156967,0.08929942548274994,0.33544921875,0.894439697265625,0.8258665800094604,0.09987735003232956,0.0909084677696228,0.1951853483915329,0.8938395380973816,0.8192019462585449,0.11392085999250412,0.10072572529315948,0.134765625,0.883209228515625,0.812768816947937,0.1362622082233429,0.1187685877084732,0.0663909912109375,0.865142822265625,0.8157521486282349
ai_046_001_cam_00_frame.0059,test,ai_046_001,59,0.06061742454767227,0.05428703874349594,0.3773651123046875,0.9407247304916382,0.8038356304168701,0.06638788431882858,0.05815033242106438,0.1850433349609375,0.9457346796989441,0.7932862043380737,0.08174335956573486,0.070839062333107,0.140716552734375,0.9399821162223816,0.7748639583587646,0.09878849238157272,0.08559645712375641,0.1069234237074852,0.9323577880859375,0.7736186981201172
ai_046_001_cam_00_frame.0066,test,ai_046_001,66,0.05003462731838226,0.04744993895292282,0.2265218198299408,0.968902587890625,0.7531583905220032,0.046832483261823654,0.04274067282676697,0.2548573911190033,0.9687907099723816,0.7429020404815674,0.04884527623653412,0.04094693064689636,0.3680877685546875,0.9675242304801941,0.7280680537223816,0.05420321226119995,0.04584095627069473,0.2060648649930954,0.9653218984603882,0.7122005820274353
ai_046_001_cam_00_frame.0073,test,ai_046_001,73,0.04851143807172775,0.04512396082282066,0.2402598112821579,0.9624074697494507,0.7174776196479797,0.05049518495798111,0.046899717301130295,0.2300262451171875,0.9615733027458191,0.7066909670829773,0.05819705128669739,0.05390579625964165,0.1900075376033783,0.9596506953239441,0.6988880634307861,0.06747277081012726,0.06281152367591858,0.1593119353055954,0.9564971923828125,0.6907569766044617
ai_046_001_cam_00_frame.0079,test,ai_046_001,79,0.04480826109647751,0.04203798621892929,0.5842692255973816,0.9561716914176941,0.8353372812271118,0.052663154900074005,0.048633068799972534,0.327484130859375,0.9559733271598816,0.821615993976593,0.07418101280927658,0.06765535473823547,0.23492431640625,0.9323832392692566,0.8072863221168518,0.09811082482337952,0.08969169855117798,0.1830953061580658,0.9104868769645691,0.8061349987983704
ai_046_001_cam_00_frame.0086,test,ai_046_001,86,0.08669877052307129,0.07963359355926514,0.3222859799861908,0.9168803095817566,0.8109155297279358,0.09259532392024994,0.08247779309749603,0.27081298828125,0.9144999384880066,0.8020375370979309,0.11604660749435425,0.10013175010681152,0.1197865828871727,0.8977102041244507,0.7866242527961731,0.14177188277244568,0.12263496965169907,0.0686899870634079,0.8738505244255066,0.779463529586792
ai_046_001_cam_00_frame.0092,test,ai_046_001,92,0.02402755431830883,0.02215535007417202,0.53607177734375,0.9871368408203125,0.8536927103996277,0.0213757436722517,0.019210677593946457,0.6053009033203125,0.987091064453125,0.8566095232963562,0.030239973217248917,0.026242857798933983,0.3792928159236908,0.9863027334213257,0.8569785952568054,0.04579370468854904,0.038874879479408264,0.2555135190486908,0.9860484004020691,0.8496990203857422
ai_046_001_cam_00_frame.0099,test,ai_046_001,99,0.03284108266234398,0.028333401307463646,0.64593505859375,0.9769134521484375,0.8788189888000488,0.03565019369125366,0.030157171189785004,0.5844981074333191,0.9747823476791382,0.8761739134788513,0.047314610332250595,0.038087017834186554,0.3994801938533783,0.9744110107421875,0.8768780827522278,0.06185358017683029,0.04603450000286102,0.2949727475643158,0.9749400019645691,0.8742799162864685
ai_048_001_cam_00_frame.0000,test,ai_048_001,0,0.04869082197546959,0.04325571656227112,0.2702128291130066,0.9816335439682007,0.8681785464286804,0.04875672981142998,0.041586630046367645,0.3269195556640625,0.9790293574333191,0.8577516078948975,0.05992266535758972,0.04997371882200241,0.2303059995174408,0.9562581777572632,0.8403204679489136,0.07629624754190445,0.06520743668079376,0.1330668181180954,0.9312337636947632,0.8191223740577698
ai_048_001_cam_00_frame.0007,test,ai_048_001,7,0.04115406796336174,0.033523738384246826,0.3123677670955658,0.9888916015625,0.8490210771560669,0.038781143724918365,0.029915740713477135,0.3984934687614441,0.988861083984375,0.8452824950218201,0.046038247644901276,0.035332441329956055,0.2522430419921875,0.9888560175895691,0.8389073014259338,0.06123880296945572,0.04946969076991081,0.1324361264705658,0.989166259765625,0.8285092115402222
ai_048_001_cam_00_frame.0013,test,ai_048_001,13,0.046194612979888916,0.04033353179693222,0.2420857846736908,0.9848226308822632,0.8131662607192993,0.04253068193793297,0.035326965153217316,0.3442637324333191,0.9850616455078125,0.8112120628356934,0.044455744326114655,0.035029806196689606,0.2863261103630066,0.9856669306755066,0.7980479001998901,0.05452580749988556,0.042988091707229614,0.2151591032743454,0.9861806631088257,0.7922135591506958
ai_048_001_cam_00_frame.0020,test,ai_048_001,20,0.03555680438876152,0.028849206864833832,0.4473978877067566,0.9819590449333191,0.8411831855773926,0.037797994911670685,0.029822684824466705,0.3360850214958191,0.9817352294921875,0.8343253135681152,0.05798821151256561,0.04741523787379265,0.1113230437040329,0.9821268916130066,0.8203130960464478,0.08031880855560303,0.06927318871021271,0.0655314177274704,0.982330322265625,0.8143738508224487
ai_048_001_cam_00_frame.0026,test,ai_048_001,26,0.04270549118518829,0.03832711651921272,0.2549998164176941,0.9929606318473816,0.8547255992889404,0.03901899605989456,0.03411922976374626,0.208953857421875,0.993011474609375,0.8244361281394958,0.0375497043132782,0.028522752225399017,0.382080078125,0.992950439453125,0.7850331664085388,0.04723621904850006,0.036735158413648605,0.2274271696805954,0.9831594228744507,0.735933244228363
ai_048_001_cam_00_frame.0033,test,ai_048_001,33,0.05261833965778351,0.050796981900930405,0.172393798828125,0.9809367060661316,0.8734118938446045,0.04789048060774803,0.04550306126475334,0.2633158564567566,0.9900563955307007,0.8595895171165466,0.04263778775930405,0.0368211567401886,0.390472412109375,0.9962667226791382,0.8376429080963135,0.04375874996185303,0.03486659750342369,0.30755615234375,0.99652099609375,0.8055786490440369
ai_048_001_cam_00_frame.0040,test,ai_048_001,40,0.03611789643764496,0.030759580433368683,0.3677622675895691,0.9873911738395691,0.8222671151161194,0.0418589785695076,0.03605888783931732,0.1787160336971283,0.9876861572265625,0.8132498860359192,0.058283478021621704,0.050913255661726,0.0976816862821579,0.988616943359375,0.7886228561401367,0.07786703109741211,0.06868261098861694,0.0800526961684227,0.984771728515625,0.7715412378311157
ai_048_001_cam_00_frame.0046,test,ai_048_001,46,0.0582224503159523,0.05359141528606415,0.1551157683134079,0.9838511347770691,0.8382840752601624,0.05839031934738159,0.05335365980863571,0.1539408415555954,0.9811045527458191,0.8448033332824707,0.06365018337965012,0.05744973570108414,0.1414794921875,0.9724019765853882,0.8534420728683472,0.07226530462503433,0.06421659886837006,0.1822509765625,0.9551595449447632,0.8415773510932922
ai_048_001_cam_00_frame.0053,test,ai_048_001,53,0.06832144409418106,0.06051027029752731,0.1139475554227829,0.9601389765739441,0.8701923489570618,0.06276323646306992,0.057226717472076416,0.0570475272834301,0.9605865478515625,0.8642235398292542,0.05825725197792053,0.04985470324754715,0.1901194304227829,0.9638468623161316,0.8330431580543518,0.0673573836684227,0.05701429396867752,0.2107696533203125,0.9598236083984375,0.7642651200294495
ai_048_001_cam_00_frame.0059,test,ai_048_001,59,0.04543520510196686,0.03792274743318558,0.3627578020095825,0.9828132390975952,0.838758111000061,0.04521452262997627,0.03579297289252281,0.3658909797668457,0.9844968318939209,0.8282017111778259,0.05638404190540314,0.04413916915655136,0.20249739289283752,0.9852495789527893,0.8088013529777527,0.07352647185325623,0.05939219519495964,0.14866864681243896,0.9840949773788452,0.7863702774047852
ai_048_001_cam_00_frame.0066,test,ai_048_001,66,0.06974861770868301,0.060258474200963974,0.24503198266029358,0.9208523035049438,0.8034211993217468,0.06396160274744034,0.05151461809873581,0.3222774565219879,0.9226375818252563,0.7879345417022705,0.0651198998093605,0.05180612951517105,0.292522668838501,0.9233496785163879,0.757807731628418,0.07238215208053589,0.05913887917995453,0.17503955960273743,0.9263556599617004,0.738617479801178
ai_048_001_cam_00_frame.0073,test,ai_048_001,73,0.0940362960100174,0.07040566205978394,0.1851755827665329,0.9271087646484375,0.8363067507743835,0.10071468353271484,0.07345923036336899,0.0865987166762352,0.9310099482536316,0.8355652689933777,0.11777722835540771,0.08545626699924469,0.0679372176527977,0.9240824580192566,0.7865167260169983,0.1401231586933136,0.10062878578901291,0.04937744140625,0.89007568359375,0.7416168451309204
ai_048_001_cam_00_frame.0079,test,ai_048_001,79,0.04987918585538864,0.04321042820811272,0.1344808042049408,0.9866485595703125,0.8308901786804199,0.04498250037431717,0.03661416471004486,0.2576497495174408,0.9867655634880066,0.8200627565383911,0.04551514983177185,0.03539498895406723,0.2441813200712204,0.9868316650390625,0.7744027376174927,0.05389382690191269,0.04372098296880722,0.2047220915555954,0.9868621826171875,0.7457505464553833
ai_048_001_cam_00_frame.0086,test,ai_048_001,86,0.03716057166457176,0.03260178491473198,0.219329833984375,0.993133544921875,0.7755320072174072,0.03500034287571907,0.029631532728672028,0.2538248896598816,0.9931182861328125,0.7716944813728333,0.03875201195478439,0.03242182731628418,0.2174275815486908,0.9930267333984375,0.761283278465271,0.04805603250861168,0.041322167962789536,0.1554362028837204,0.9913737177848816,0.7402416467666626
ai_048_001_cam_00_frame.0092,test,ai_048_001,92,0.04205977916717529,0.03372243046760559,0.1483408659696579,0.9991048574447632,0.862729012966156,0.03853654861450195,0.02724675089120865,0.191986083984375,0.9991862177848816,0.8441155552864075,0.045348159968853,0.03127032518386841,0.1956329345703125,0.9991709589958191,0.8302822709083557,0.06124868243932724,0.04441916570067406,0.1560312956571579,0.9991048574447632,0.8228268623352051
ai_048_001_cam_00_frame.0099,test,ai_048_001,99,0.0659351646900177,0.06236947700381279,0.2060801237821579,0.973052978515625,0.8580850958824158,0.05924273654818535,0.0538393072783947,0.2063039243221283,0.9740142822265625,0.8503233790397644,0.058181263506412506,0.0495450496673584,0.2007955014705658,0.9754180908203125,0.829714298248291,0.0726102739572525,0.05884963274002075,0.1915995329618454,0.9717966914176941,0.8084782361984253
ai_052_001_cam_00_frame.0000,test,ai_052_001,0,0.039458803832530975,0.03609108924865723,0.1981353759765625,0.9858856201171875,0.8061373829841614,0.03805798292160034,0.0347570963203907,0.2484995573759079,0.9856008291244507,0.802743136882782,0.04734472185373306,0.043131694197654724,0.2275339812040329,0.985595703125,0.7968862652778625,0.0653233528137207,0.059746891260147095,0.17022705078125,0.9788869619369507,0.7883262634277344
ai_052_001_cam_00_frame.0007,test,ai_052_001,7,0.03724489361047745,0.03308863192796707,0.2820281982421875,0.9853872060775757,0.8274464011192322,0.038503825664520264,0.03541453182697296,0.2500356137752533,0.9854329824447632,0.8313786387443542,0.051196109503507614,0.04703519493341446,0.1775970458984375,0.9853312373161316,0.8238469958305359,0.06980911642313004,0.0642743930220604,0.1057383269071579,0.9700266718864441,0.8165624737739563
ai_052_001_cam_00_frame.0013,test,ai_052_001,13,0.04110773652791977,0.036191489547491074,0.2321624755859375,0.985260009765625,0.8153082728385925,0.04021000862121582,0.0356549471616745,0.3057352900505066,0.9829966425895691,0.8118131756782532,0.048118963837623596,0.04396602511405945,0.23773193359375,0.9791158437728882,0.8007980585098267,0.06402112543582916,0.05736150965094566,0.172454833984375,0.9569498896598816,0.7849595546722412
ai_052_001_cam_00_frame.0020,test,ai_052_001,20,0.029069246724247932,0.02655203826725483,0.31719064712524414,0.990971565246582,0.8180677890777588,0.028632033616304398,0.02633366361260414,0.33831465244293213,0.991154670715332,0.8126272559165955,0.03537382557988167,0.03240956738591194,0.27499350905418396,0.9912004470825195,0.7923548221588135,0.04499443620443344,0.04082676023244858,0.22175370156764984,0.9901729822158813,0.7743600010871887
ai_052_001_cam_00_frame.0026,test,ai_052_001,26,0.03584222123026848,0.02824496477842331,0.25504568219184875,0.9889422059059143,0.861512303352356,0.03674145042896271,0.028749890625476837,0.23201969265937805,0.9890286922454834,0.8531444668769836,0.04216921702027321,0.03227081894874573,0.24574778974056244,0.9890744686126709,0.8360738754272461,0.05113975703716278,0.038333650678396225,0.2042989879846573,0.9888964295387268,0.8196220993995667
ai_052_001_cam_00_frame.0033,test,ai_052_001,33,0.08722920715808868,0.06526096910238266,0.3113810420036316,0.955657958984375,0.7684997916221619,0.08214149624109268,0.06656646728515625,0.2320455014705658,0.9543660879135132,0.7679569125175476,0.08350350707769394,0.06610699743032455,0.1916453093290329,0.949249267578125,0.7341605424880981,0.13602600991725922,0.08586698025465012,0.1175282821059227,0.9447377920150757,0.4573543965816498
ai_052_001_cam_00_frame.0040,test,ai_052_001,40,0.030195973813533783,0.024280797690153122,0.282135009765625,0.992523193359375,0.913473904132843,0.02431800775229931,0.02088436484336853,0.490264892578125,0.9924774169921875,0.909379780292511,0.02854953333735466,0.02667328342795372,0.18896484375,0.9924570918083191,0.8647692799568176,0.03939283266663551,0.036161378026008606,0.1804911345243454,0.9929351806640625,0.8557976484298706
ai_052_001_cam_00_frame.0046,test,ai_052_001,46,0.0316275916993618,0.029262814670801163,0.2434743344783783,0.9893850088119507,0.8691236972808838,0.030044322833418846,0.026671558618545532,0.3739268183708191,0.9897359609603882,0.8537743091583252,0.033698566257953644,0.029087767004966736,0.3268381953239441,0.9918975830078125,0.8384867310523987,0.040492184460163116,0.034868743270635605,0.2617696225643158,0.9923655390739441,0.8352246284484863
ai_052_001_cam_00_frame.0053,test,ai_052_001,53,0.045739300549030304,0.04126443713903427,0.2077585905790329,0.9799296259880066,0.8334680795669556,0.04138471931219101,0.037256792187690735,0.2962900996208191,0.9806620478630066,0.8292132019996643,0.04517476260662079,0.040736760944128036,0.1838480681180954,0.9812571406364441,0.8189409971237183,0.05853891000151634,0.052389055490493774,0.1285654753446579,0.979248046875,0.8077254891395569
ai_052_001_cam_00_frame.0059,test,ai_052_001,59,0.03891395032405853,0.034075431525707245,0.2203521728515625,0.9829203486442566,0.8186563849449158,0.03674529492855072,0.03296792507171631,0.3529307246208191,0.9828745722770691,0.818381667137146,0.043876998126506805,0.04021911323070526,0.2621816098690033,0.9827321767807007,0.8126223683357239,0.05904240533709526,0.05377296730875969,0.1448313444852829,0.9818064570426941,0.8046975135803223
ai_052_001_cam_00_frame.0066,test,ai_052_001,66,0.03092784248292446,0.028216151520609856,0.3222402036190033,0.9890493154525757,0.8187119364738464,0.03088097646832466,0.028388135135173798,0.36248779296875,0.9892120361328125,0.8130674362182617,0.04403991624712944,0.04086345434188843,0.2059885710477829,0.9886068105697632,0.8004072904586792,0.061405401676893234,0.05688375234603882,0.1543477475643158,0.9860789179801941,0.7786509990692139
ai_052_001_cam_00_frame.0073,test,ai_052_001,73,0.04727404937148094,0.040021494030952454,0.1800689697265625,0.9874166250228882,0.8050352931022644,0.04444095119833946,0.038199663162231445,0.2267608642578125,0.9875030517578125,0.7948718070983887,0.04948774725198746,0.045221202075481415,0.21746826171875,0.9877065420150757,0.7884222865104675,0.060690246522426605,0.05609386786818504,0.1253000944852829,0.9838155508041382,0.7776027917861938
ai_052_001_cam_00_frame.0079,test,ai_052_001,79,0.045987337827682495,0.037756022065877914,0.2078908383846283,0.9860484004020691,0.8247361779212952,0.04732860252261162,0.039957787841558456,0.2400156706571579,0.986114501953125,0.8240232467651367,0.05535277724266052,0.0494563989341259,0.1642303466796875,0.9854635000228882,0.8182651996612549,0.0636221319437027,0.05891796946525574,0.1423543393611908,0.98150634765625,0.8125931620597839
ai_052_001_cam_00_frame.0086,test,ai_052_001,86,0.03896605595946312,0.034805119037628174,0.2399074286222458,0.9891456961631775,0.8464850783348083,0.03805776312947273,0.03454551100730896,0.2704916000366211,0.9892576336860657,0.8393744826316833,0.04279462620615959,0.038860004395246506,0.21426209807395935,0.9872586727142334,0.8262895941734314,0.05185854434967041,0.04668077453970909,0.21809211373329163,0.9791510701179504,0.8104188442230225
ai_052_001_cam_00_frame.0092,test,ai_052_001,92,0.047388069331645966,0.04202839732170105,0.1595865935087204,0.9819082021713257,0.8100734353065491,0.045857928693294525,0.040780097246170044,0.1852518767118454,0.982421875,0.8009583950042725,0.051995016634464264,0.04597011208534241,0.1900787353515625,0.9828135371208191,0.7917529344558716,0.06444566696882248,0.05753962695598602,0.1136067733168602,0.9812215566635132,0.7789807915687561
ai_052_001_cam_00_frame.0099,test,ai_052_001,99,0.037021197378635406,0.03356737270951271,0.2541351318359375,0.9863433837890625,0.8193149566650391,0.03724835440516472,0.03342748433351517,0.2806142270565033,0.9863332509994507,0.8108365535736084,0.04636596888303757,0.04127221927046776,0.2293853759765625,0.9858042597770691,0.7966365814208984,0.05945826321840286,0.052787765860557556,0.1716766357421875,0.9852142333984375,0.7859709858894348
