step,loss,grad_norm,k1/global,k1/local,k1/edge,k2/global,k2/local,k2/edge,k3/global,k3/local,k3/edge
1,0.24729015305638313,0.6289597749710083,0.04739970713853836,0.03400123491883278,0.000797702930867672,0.04739970713853836,0.03064778260886669,0.000797702930867672,0.04739970713853836,0.038048917427659035,0.000797702930867672
2,0.19658072292804718,0.702847421169281,0.030809960328042507,0.03507604822516441,0.0007539046055171639,0.03080433700233698,0.033288382925093174,0.0007546413980890065,0.0307987155392766,0.03353885654360056,0.0007558782526757568
3,0.08813963271677494,0.8651107549667358,0.014636029954999685,0.014351027086377144,0.000526797492057085,0.014636613428592682,0.013977138791233301,0.000530377757968381,0.014637290500104427,0.0143090789206326,0.0005352820589905605
4,0.18984191864728928,0.32506102323532104,0.0404200479388237,0.022862829267978668,0.0007582204125355929,0.04041275940835476,0.021721892058849335,0.0007619191310368478,0.04040501266717911,0.02173257526010275,0.0007666545861866325
5,0.15128495544195175,0.4970281720161438,0.027021201327443123,0.0189298577606678,0.0005660704337060452,0.027007644064724445,0.019030618481338024,0.0005708458484150469,0.02699433360248804,0.03058731649070978,0.0005770705756731331
6,0.19050738215446472,0.3098556101322174,0.0404143501073122,0.022747105918824673,0.0007593636109959334,0.040401391685009,0.021765735931694508,0.0007650296611245722,0.04038930498063564,0.02249319013208151,0.0007719193235971034
7,0.12821059301495552,0.5817739963531494,0.024372859857976437,0.017455889843404293,0.0006116808508522809,0.02435999596491456,0.017791723366826773,0.0006199312338139862,0.024347183294594288,0.018021987518295646,0.0006293489568633959
8,0.22455713897943497,0.44143742322921753,0.05551330931484699,0.018482521176338196,0.0007671935600228608,0.05548250861465931,0.018839603289961815,0.0007721837610006332,0.05547568202018738,0.018446647562086582,0.0007774922996759415
9,0.4140787571668625,0.4360165596008301,0.06769720278680325,0.028499476611614227,0.0009254438919015229,0.06768578104674816,0.0896464642137289,0.0009305723069701344,0.06767040863633156,0.09008672460913658,0.0009366872254759073
10,0.13870474696159363,0.5228667259216309,0.018062487244606018,0.028592705726623535,0.0008426149724982679,0.018034170381724834,0.028101867996156216,0.0008516416419297457,0.01800671312958002,0.025350051000714302,0.000862499640788883
11,0.24228715151548386,0.38342541456222534,0.037994857877492905,0.04709203727543354,0.0008263499476015568,0.038006470538675785,0.043988922610878944,0.000832124671433121,0.03801827412098646,0.03468857426196337,0.0008395424811169505
12,0.17827685177326202,0.3804317116737366,0.034556164406239986,0.022251112386584282,0.0006068111106287688,0.03453306574374437,0.02870355173945427,0.0006181899807415903,0.03451055195182562,0.021867660805583,0.0006297394866123796
13,0.11558002233505249,0.5436772108078003,0.016891798935830593,0.021321507170796394,0.0005971530626993626,0.016873285174369812,0.021007477305829525,0.0006095077842473984,0.016855956055223942,0.020800495520234108,0.0006228454294614494
14,0.22170764952898026,0.47170206904411316,0.04465925320982933,0.03205440565943718,0.0005812066083308309,0.04461577907204628,0.02611291315406561,0.0005907407030463219,0.04457246698439121,0.02792005054652691,0.0006008229102008045
15,0.2915130630135536,0.6250744462013245,0.05869024805724621,0.034668032079935074,0.0008874438935890794,0.05863567255437374,0.04196154512465,0.0008964682929217815,0.05858157016336918,0.03628632239997387,0.0009057617862708867
16,0.24296587705612183,0.6266420483589172,0.04692835547029972,0.032779231667518616,0.0007358681759797037,0.0468797292560339,0.034443171694874763,0.0007438255124725401,0.0468311682343483,0.03287206310778856,0.0007524716493207961
17,0.21948246657848358,0.35881438851356506,0.04084513336420059,0.03072415105998516,0.0007703261217102408,0.04082189314067364,0.0336333392187953,0.0007796380377840251,0.04079865477979183,0.030319534242153168,0.0007897931791376323
18,0.13296861946582794,0.7714076638221741,0.020237864926457405,0.024053240194916725,0.0007379620219580829,0.02024888154119253,0.021577212028205395,0.0007497365004383028,0.02026195637881756,0.024340081959962845,0.0007616811781190336
19,0.21596338599920273,0.5807473063468933,0.04646545089781284,0.019187167286872864,0.0006799523252993822,0.04648464731872082,0.021734108217060566,0.0006900293519720435,0.046503717079758644,0.03351764474064112,0.0007006619707681239
20,0.1486581303179264,0.4593923091888428,0.030647396109998226,0.018757155165076256,0.0006838000263087451,0.030619990080595016,0.017444776371121407,0.0006948707159608603,0.030593584291636944,0.018511058762669563,0.0007054960879031569
21,0.14116833359003067,0.5550944805145264,0.02220370713621378,0.024852591566741467,0.0007826373912394047,0.02214754279702902,0.025179384276270866,0.0007931114814709872,0.022093646228313446,0.02231176383793354,0.0008039478561840951
22,0.1565476804971695,0.5387107729911804,0.023666887544095516,0.027608992531895638,0.0006566766533069313,0.023601976223289967,0.02724489662796259,0.0006671341543551534,0.023539289832115173,0.028884459286928177,0.0006773656350560486
23,0.1306465119123459,0.3226069211959839,0.01700938120484352,0.02648538164794445,0.0007059490017127246,0.016971740871667862,0.02580245304852724,0.0007213709759525955,0.016925929114222527,0.025287477299571037,0.0007368255755864084
24,0.2561791464686394,0.5827182531356812,0.04000352509319782,0.04423466417938471,0.0009008260967675596,0.039923518896102905,0.046293891966342926,0.0009123113704845309,0.03984556533396244,0.043141587637364864,0.0009232611046172678
25,0.396634116768837,1.2285101413726807,0.06533045507967472,0.08719140104949474,0.0007971762970555574,0.06542359292507172,0.023413699585944414,0.0008084635774139315,0.06550344452261925,0.08734669722616673,0.000819201726699248
26,0.08577757515013218,0.9231127500534058,0.01463967002928257,0.012336372397840023,0.0004994379123672843,0.014601966831833124,0.014677592553198338,0.000516393716679886,0.014564845710992813,0.013407955411821604,0.0005333375302143395
27,0.24179649725556374,0.7070302963256836,0.04743082541972399,0.030566779896616936,0.0007362739415839314,0.04733305796980858,0.03745467681437731,0.0007478834595531225,0.0472370870411396,0.029530526138842106,0.0007593696063850075
28,0.05128775164484978,1.6725165843963623,0.008702135644853115,0.007870418950915337,0.00036165944766253233,0.008714980445802212,0.008148475550115108,0.0003819571575149894,0.008729553781449795,0.007975956425070763,0.00040261290268972516
29,0.12258032709360123,0.343680202960968,0.016724050976336002,0.023832406848669052,0.000675458402838558,0.016676267609000206,0.02473085094243288,0.0006922936881892383,0.016636602580547333,0.0219041146337986,0.0007082876400090754
30,0.3772354945540428,0.347596138715744,0.040925255976617336,0.08064056001603603,0.0009560843463987112,0.04093578550964594,0.08562220260500908,0.0009656792681198567,0.04093936365097761,0.08527507446706295,0.0009754934289958328
31,0.15792127326130867,0.6206293702125549,0.02478400571271777,0.026540391612797976,0.0006249451253097504,0.02474228711798787,0.02592346863821149,0.0006386767781805247,0.024702042806893587,0.029312622034922242,0.0006528195517603308
32,0.13096071034669876,0.7501376867294312,0.02183531131595373,0.022227387875318527,0.0007426007941830903,0.021850486285984516,0.01995627675205469,0.0007548511493951082,0.021868446841835976,0.020958724431693554,0.0007666324090678245
33,0.262961246073246,0.3151111602783203,0.04671486280858517,0.03914683125913143,0.0007700907881371677,0.04664524178951979,0.04093318060040474,0.0007851856935303658,0.046581558883190155,0.040584429167211056,0.0007998631335794926
34,0.19691021740436554,0.5668918490409851,0.038162028416991234,0.023116394877433777,0.0007387066434603184,0.038076864555478096,0.034169403836131096,0.0007539533835370094,0.03799435868859291,0.02312886342406273,0.0007696564716752619
35,0.19811832159757614,0.515207827091217,0.03008739184588194,0.03846137970685959,0.0007722479931544513,0.030047886073589325,0.03975159302353859,0.000786113494541496,0.030013712123036385,0.027397417463362217,0.0008005760028026998
36,0.1381577104330063,0.6853452324867249,0.02202207501977682,0.02286711987107992,0.000713820627424866,0.021932853385806084,0.02366611547768116,0.0007269115885719657,0.02184693980962038,0.023641892708837986,0.0007399880269076675
37,0.11732908338308334,0.3629540503025055,0.017961464822292328,0.02073746919631958,0.0006423925515264273,0.01789732836186886,0.020393576472997665,0.00065764514147304,0.017841891385614872,0.020525668747723103,0.0006716432108078152
38,0.2105361670255661,0.6388594508171082,0.028771771118044853,0.04199453443288803,0.0007450919947586954,0.028676494024693966,0.03917733859270811,0.0007570130110252649,0.02858593687415123,0.04105982184410095,0.0007681603892706335
39,0.16460898891091347,0.44656938314437866,0.02833655569702387,0.028738243505358696,0.0007814608397893608,0.028266986832022667,0.02842782437801361,0.0007943811942823231,0.028201266191899776,0.020255273208022118,0.0008069980540312827
40,0.11323456838726997,0.3719528019428253,0.017951439134776592,0.018739967606961727,0.0006443841266445816,0.017879766412079334,0.019815875217318535,0.0006605474336538464,0.017818428575992584,0.01904897578060627,0.0006751797918695956
41,0.24272295087575912,0.3442542850971222,0.04607413336634636,0.03764585871249437,0.0008005626150406897,0.046046992763876915,0.03826289810240269,0.0008145922038238496,0.0460232961922884,0.02622781042009592,0.0008267954108305275
42,0.12988466024398804,0.5730085968971252,0.02035880833864212,0.022687875665724277,0.0006725474377162755,0.020362267270684242,0.022164981812238693,0.0006862409645691514,0.02037201914936304,0.02188087161630392,0.0006990451656747609
43,0.22652379423379898,0.5005812644958496,0.029048241674900055,0.04638685751706362,0.0009232229785993695,0.02893933840095997,0.0448917206376791,0.0009382419229950756,0.028838966973125935,0.04560546483844519,0.0009517390572000295
44,0.13022861629724503,0.502663791179657,0.01769687421619892,0.025339679792523384,0.0008223845507018268,0.017593184486031532,0.025330222211778164,0.0008395656186621636,0.017503786832094193,0.02424717228859663,0.0008557450782973319
45,0.2061089128255844,0.50702965259552,0.03202706761658192,0.03609616868197918,0.0008323483052663505,0.03204131778329611,0.035441404208540916,0.0008454160415567458,0.032058569602668285,0.035909056663513184,0.0008575719257351011
46,0.28671039640903473,0.9555111527442932,0.04040539264678955,0.05360441841185093,0.000907616748008877,0.04028814844787121,0.05750652216374874,0.000920560909435153,0.04017559066414833,0.05197036452591419,0.0009317849762737751
47,0.24001481384038925,0.41590625047683716,0.038077462464571,0.022710145451128483,0.0009444056777283549,0.03803010191768408,0.022689411882311106,0.0009597434545867145,0.03799803648144007,0.0776306064799428,0.0009749026212375611
48,0.12952394038438797,0.7022806406021118,0.023293728940188885,0.01911651063710451,0.00069081672700122,0.02316222246736288,0.020095281302928925,0.0007087300764396787,0.02303418144583702,0.018696503713726997,0.0007259649864863604
49,0.12358798086643219,0.41412413120269775,0.018344000913202763,0.02227504551410675,0.0007542591774836183,0.01824160013347864,0.022058393340557814,0.0007739302527625114,0.018152588047087193,0.02219568518921733,0.0007924762321636081
50,0.11724814400076866,0.6117148399353027,0.020452707074582577,0.017470206134021282,0.0006880290457047522,0.02028763387352228,0.0180558105930686,0.0007083835662342608,0.020125682465732098,0.01873221155256033,0.0007274805102497339
51,0.2339107096195221,0.8331584334373474,0.04034527577459812,0.037628465332090855,0.000900758255738765,0.040170153602957726,0.0356725063174963,0.0009192777797579765,0.039998432621359825,0.03734147548675537,0.0009343661949969828
52,0.16984831541776657,0.40409719944000244,0.026940591633319855,0.022099618799984455,0.0008216611749958247,0.026802897453308105,0.03296506404876709,0.0008409498841501772,0.02668892126530409,0.03183003142476082,0.0008585694013163447
53,0.17311649024486542,0.6702725291252136,0.031553469598293304,0.025276409462094307,0.0008453120535705239,0.03152821585536003,0.02550364937633276,0.0008674272976350039,0.03152161557227373,0.025131763890385628,0.0008886292926035821
54,0.1544542983174324,0.43577203154563904,0.02920127473771572,0.02259156107902527,0.0007500774809159338,0.02903714682906866,0.021121005062013865,0.0007762432796880603,0.028887162916362286,0.02128854487091303,0.000801283516921103
55,0.21856152266263962,1.6537340879440308,0.04450472164899111,0.02909888606518507,0.000658466829918325,0.04471364337950945,0.026613134890794754,0.0006878114945720881,0.044955031014978886,0.026615731418132782,0.0007140873931348324
56,0.08522810786962509,0.6928239464759827,0.012908263597637415,0.015409541316330433,0.0005582044832408428,0.012808416038751602,0.01457959832623601,0.0005879460950382054,0.012742622289806604,0.015014503616839647,0.0006190153362695128
57,0.20781928300857544,0.4370761811733246,0.03499453514814377,0.037383440881967545,0.0007586815918330103,0.034969854168593884,0.03856361843645573,0.0007817609293852001,0.0349611509591341,0.024604210630059242,0.0008020316599868238
58,0.156401626765728,0.20343171060085297,0.020481803454458714,0.035216329619288445,0.0008497955859638751,0.020389392971992493,0.029439364559948444,0.0008723048376850784,0.02033488918095827,0.02792384009808302,0.0008939073013607413
59,0.18081440590322018,1.199414849281311,0.030453196726739407,0.028594414703547955,0.0005523509898921475,0.030511160846799612,0.029575755819678307,0.0005798655329272151,0.030587193090468645,0.02935028448700905,0.0006101874751038849
60,0.11588191613554955,0.5879251956939697,0.019474679604172707,0.01958325318992138,0.0006216028414200991,0.019291240721940994,0.016646158881485462,0.0006460965378209949,0.01912231743335724,0.01982785202562809,0.0006687170243822038
61,0.2838404178619385,1.2795556783676147,0.05845179222524166,0.03444983996450901,0.0009131134138442576,0.0581654217094183,0.03581919986754656,0.000935002084588632,0.05788017436861992,0.0362698333337903,0.0009560456383042037
62,0.08690518513321877,0.7992507219314575,0.014493144117295742,0.012524788035079837,0.0005182384775253013,0.014318583998829126,0.014738812111318111,0.0005461735418066382,0.014168358873575926,0.015021986328065395,0.0005750966811319813
63,0.219262957572937,0.6106783151626587,0.030115867033600807,0.04335605539381504,0.0008337597246281803,0.029916804283857346,0.04251850675791502,0.0008590929792262614,0.029735692776739597,0.041045231744647026,0.0008819460636004806
64,0.2649221271276474,0.8942877650260925,0.047541736625134945,0.041215226985514164,0.0009286202257499099,0.04727629665285349,0.03763769380748272,0.0009528929949738085,0.04702899605035782,0.04136294964700937,0.0009777146042324603
65,0.19109168648719788,0.2941046953201294,0.029944499023258686,0.027768192812800407,0.0009126541845034808,0.029882509261369705,0.032085761427879333,0.0009346713777631521,0.029867423698306084,0.038740161806344986,0.0009558193560224026
66,0.21344508230686188,1.3171870708465576,0.03776971343904734,0.022894227877259254,0.0007546762353740633,0.03796149604022503,0.03718413133174181,0.0007795860583428293,0.03817103896290064,0.03712756931781769,0.0008026518917176872
67,0.11893646791577339,0.7131897807121277,0.022337061818689108,0.013058676850050688,0.000505459844134748,0.022150459233671427,0.024752181954681873,0.0005440369714051485,0.022023151628673077,0.012985410168766975,0.0005800321960123256
68,0.24662791192531586,1.1252171993255615,0.05270005390048027,0.03195313923060894,0.0006112183909863234,0.052414774894714355,0.027018818072974682,0.0006329291500151157,0.052133236080408096,0.02851281128823757,0.0006509418308269233
69,0.11333052068948746,0.5957338213920593,0.017457084730267525,0.01854185201227665,0.0005943964060861617,0.017288826406002045,0.02075876295566559,0.0006216165202204138,0.01714779995381832,0.020273043774068356,0.000647137698251754
70,0.1629483327269554,0.7206666469573975,0.028243000619113445,0.030516567640006542,0.0006453069509007037,0.027957390993833542,0.029144604690372944,0.0006796130328439176,0.02768599335104227,0.017366759479045868,0.0007090938161127269
71,0.21339675039052963,1.0358465909957886,0.04620770178735256,0.024811839684844017,0.0007655536755919456,0.04588707163929939,0.02472366113215685,0.0007931553409434855,0.045573003590106964,0.02381750661879778,0.000817250635009259
72,0.14896466583013535,0.49578073620796204,0.030509482137858868,0.018809672445058823,0.0007155370549298823,0.030356205068528652,0.018891116604208946,0.000751523970393464,0.030210510827600956,0.01793616358190775,0.0007844537030905485
73,0.16061139106750488,0.3214734196662903,0.026844900101423264,0.022838711738586426,0.0008326460665557534,0.026643178425729275,0.02204070333391428,0.00086186223779805,0.026509903371334076,0.03315161820501089,0.0008878669468685985
74,0.1329803764820099,0.44683513045310974,0.01778623554855585,0.02639032993465662,0.0008766510291025043,0.017528798431158066,0.02507524937391281,0.0009096712456084788,0.017333083786070347,0.026140371337532997,0.0009399840491823852
75,0.26915332674980164,1.072696566581726,0.04620301350951195,0.046759000048041344,0.0007774706173222512,0.04589334316551685,0.041339028626680374,0.0008019581728149205,0.045610684901475906,0.04094649385660887,0.0008223362674470991
76,0.19139505922794342,0.6533895134925842,0.02894697431474924,0.03190354257822037,0.0008277563902083784,0.0287689296528697,0.035704465582966805,0.000858457206049934,0.0286425668746233,0.0348550695925951,0.000887297821464017
77,0.1947655826807022,0.6498952507972717,0.028459569439291954,0.0339428074657917,0.0007942603842820972,0.02841172367334366,0.03510438185185194,0.0008305310038849711,0.02840030286461115,0.03795928694307804,0.0008627269708085805
78,0.14190120995044708,0.821707010269165,0.020619098097085953,0.024493430741131306,0.0008741893980186433,0.020647247321903706,0.026739753782749176,0.0009098185109905899,0.020747005939483643,0.025929391384124756,0.0009412693907506764
79,0.16928475350141525,0.34398338198661804,0.02724385354667902,0.029013916850090027,0.0006245173281058669,0.026997487992048264,0.0288295466452837,0.000672446854878217,0.026791594922542572,0.02839746419340372,0.0007139284862205386
80,0.23442837595939636,0.9252909421920776,0.04711335618048906,0.029809570871293545,0.0007681110291741788,0.046724564395844936,0.03081120364367962,0.0008003585389815271,0.04638894274830818,0.031183000653982162,0.0008292771817650646
81,0.0498889796435833,1.4944672584533691,0.008298520930111408,0.007816178957000375,0.0004007975658169016,0.00804274994879961,0.008074257057160139,0.00045281872735358775,0.008101253770291805,0.008200856391340494,0.000501545233419165
82,0.19155047088861465,0.585878849029541,0.038341715931892395,0.028018292970955372,0.0007801928441040218,0.038237523287534714,0.018441571854054928,0.0008156928524840623,0.0381905734539032,0.027877651154994965,0.0008472474873997271
83,0.20976123958826065,0.3277653455734253,0.028551964089274406,0.04205283708870411,0.0007759191212244332,0.02829605992883444,0.04085146356374025,0.0008087086025625467,0.028133601881563663,0.03945304546505213,0.0008376285259146243
84,0.23498286306858063,0.7613784670829773,0.04016749933362007,0.03779268637299538,0.000923166808206588,0.03982511907815933,0.038603778928518295,0.0009629978449083865,0.03949589468538761,0.03621556703001261,0.0009961490868590772
85,0.2597534656524658,0.4608783721923828,0.04709368385374546,0.016522818244993687,0.0008149989298544824,0.04703022725880146,0.07126350328326225,0.0008627604693174362,0.04698240011930466,0.028280464000999928,0.0009025995968841016
86,0.37456566095352173,1.0331045389175415,0.040981083177030087,0.08086738362908363,0.0009815095691010356,0.041114249266684055,0.08597217500209808,0.001014856854453683,0.04129401221871376,0.08129622973501682,0.0010441632475703955
87,0.2791627421975136,1.2101764678955078,0.053172784857451916,0.03689223527908325,0.0008513517968822271,0.05274377670139074,0.04039464890956879,0.000883578322827816,0.052325012162327766,0.040987929329276085,0.0009114298736676574
88,0.21146878600120544,0.7592645287513733,0.03514578100293875,0.039628501050174236,0.0008477994124405086,0.035162086598575115,0.0237872377038002,0.0008892717014532536,0.03523660637438297,0.039846040308475494,0.0009254598990082741
89,0.15850192680954933,0.4735186696052551,0.02666570618748665,0.02117474190890789,0.0007378207228612155,0.026472723111510277,0.02743023168295622,0.0007725347822997719,0.026399297639727592,0.028044930659234524,0.0008039409876801074
90,0.19317634403705597,1.0711119174957275,0.03041474148631096,0.03312001749873161,0.0007928121776785702,0.030016695149242878,0.03442384209483862,0.0008267674711532891,0.02962871827185154,0.03309775236994028,0.0008550065103918314
91,0.14390775561332703,0.328214555978775,0.029004575684666634,0.019013733603060246,0.0006485094490926713,0.028841698542237282,0.016952015459537506,0.0006872238591313362,0.028750382363796234,0.019289650954306126,0.0007199626415967941
92,0.25432444363832474,1.3729275465011597,0.04957966972142458,0.03406921587884426,0.0006771203479729593,0.04983089677989483,0.034462117590010166,0.0007188122835941613,0.0501455245539546,0.034087507985532284,0.0007535751210525632
93,0.32298803329467773,0.44607675075531006,0.0488397553563118,0.07515149842947721,0.0009546757210046053,0.04865382798016071,0.0768990758806467,0.0009962035110220313,0.04850032366812229,0.021961629390716553,0.0010310402140021324
94,0.15062099695205688,0.9811492562294006,0.028417459689080715,0.019880459643900394,0.0006826427415944636,0.02844224125146866,0.02172182872891426,0.0007244514708872885,0.028514547273516655,0.021477583795785904,0.0007597859366796911
95,0.21868153288960457,0.7872733473777771,0.042607714887708426,0.02570149558596313,0.0006615044840145856,0.0422314889729023,0.031491749454289675,0.0007034357258817181,0.04199922364205122,0.03254287131130695,0.0007420482870656997
96,0.20530835539102554,0.5410749912261963,0.028519400395452976,0.041002742014825344,0.0007710529607720673,0.028232648968696594,0.037609285674989223,0.0008036685758270323,0.02804263774305582,0.03949492610991001,0.000831989455036819
97,0.1220002993941307,0.28328999876976013,0.01816176436841488,0.023513881489634514,0.0007785859925206751,0.017940592020750046,0.02213145699352026,0.0008197819115594029,0.01779502723366022,0.020002747885882854,0.0008564677264075726
98,0.1969715729355812,0.6489816308021545,0.029249168001115322,0.035311282612383366,0.0009309927700087428,0.028941228054463863,0.03512254636734724,0.0009667392587289214,0.02868273202329874,0.03676889557391405,0.0009979883907362819
99,0.20896409451961517,0.5892237424850464,0.029901144094765186,0.04284910671412945,0.0009200363710988313,0.02984965220093727,0.040530554950237274,0.0009491154924035072,0.029905124567449093,0.03308323211967945,0.0009761235560290515
100,0.20229031145572662,0.5616461038589478,0.037946950644254684,0.028061523102223873,0.0007055610185489058,0.037894392386078835,0.029525505378842354,0.0007333511603064835,0.037879087030887604,0.02878710627555847,0.0007568507571704686
101,0.18845971673727036,0.5570523142814636,0.0322451563552022,0.031165054067969322,0.0008296061132568866,0.03223312087357044,0.02683473937213421,0.0008599704597145319,0.03227474354207516,0.03112976811826229,0.0008875534986145794
102,0.1656278371810913,0.6264457702636719,0.02643626183271408,0.026383917778730392,0.0007793840486556292,0.026461019180715084,0.02671800833195448,0.0008089035982266068,0.026525065302848816,0.03067992627620697,0.0008353583398275077
103,0.20817089825868607,0.8651518821716309,0.03541896678507328,0.03449145797640085,0.0006663198582828045,0.035476917400956154,0.031895038671791553,0.0007011284760665148,0.03556656092405319,0.03322252072393894,0.000731991371139884
104,0.1574788261204958,0.6832101941108704,0.024512012023478746,0.029030270874500275,0.0006488663784693927,0.024253325071185827,0.028327106963843107,0.0006874186801724136,0.02411671169102192,0.025180425960570574,0.000722693424904719
105,0.2495432049036026,0.4201314449310303,0.03176945634186268,0.048773398622870445,0.0009531195973977447,0.03164099622517824,0.04830090142786503,0.0009788644965738058,0.03158511780202389,0.05453936196863651,0.0010019907495006919
106,0.24610823392868042,0.6631386876106262,0.04424495995044708,0.04474143125116825,0.0006801577983424067,0.04424731433391571,0.046496227383613586,0.0007190772448666394,0.044267576187849045,0.019957534037530422,0.0007539616490248591
107,0.17712312936782837,0.31143471598625183,0.034372962079942226,0.02165746223181486,0.0006411619833670557,0.034220123663544655,0.020892605185508728,0.0006724187405779958,0.034102436155080795,0.029865039512515068,0.0006989227549638599
108,0.12446948140859604,0.2716904282569885,0.018192043527960777,0.023984476923942566,0.0006657532067038119,0.018018304370343685,0.02210028748959303,0.0007011049601715058,0.017878537997603416,0.022198738530278206,0.0007302277663256973
109,0.2519601657986641,1.3771833181381226,0.047247414477169514,0.040594506077468395,0.0008605403418187052,0.046841809526085854,0.03488901536911726,0.0008854085754137486,0.04646970611065626,0.033264690078794956,0.0009070720989257097
110,0.2722853273153305,0.9727915525436401,0.05877775885164738,0.036019730381667614,0.000798244378529489,0.05846991203725338,0.029194911010563374,0.0008232134860008955,0.05817295424640179,0.029183484613895416,0.0008451166213490069
111,0.18181180208921432,0.781901478767395,0.034828013740479946,0.021586625836789608,0.0006747378793079406,0.034522419795393944,0.027290205471217632,0.0007009077235125005,0.03426585532724857,0.027219155803322792,0.0007238832768052816
112,0.12343558669090271,0.8415932655334473,0.020861288532614708,0.01901222299784422,0.0006914308178238571,0.020897711627185345,0.020366567187011242,0.0007191486947704107,0.020990712568163872,0.019151786342263222,0.0007447207754012197
113,0.19856853783130646,0.7012090086936951,0.03919054847210646,0.021676491014659405,0.0006989650137256831,0.03919860813766718,0.03489027917385101,0.0007271914801094681,0.039235769771039486,0.022197624668478966,0.0007530613511335105
114,0.25602518767118454,0.8336174488067627,0.04695010278373957,0.038272284902632236,0.0008287339587695897,0.0465564988553524,0.03775310330092907,0.0008558854460716248,0.046220844611525536,0.037708026356995106,0.0008797196787782013
115,0.34095579385757446,0.43766286969184875,0.06460434757173061,0.05261865258216858,0.0008233293192461133,0.06445210799574852,0.046272795647382736,0.0008493433124385774,0.06431135348975658,0.04615117609500885,0.0008726934320293367
116,0.25949131697416306,0.8182491064071655,0.037889763712882996,0.05150295980274677,0.0007827664376236498,0.037577588111162186,0.04022723715752363,0.0008183900499716401,0.03731203265488148,0.05253148823976517,0.0008490976470056921
117,0.12280230224132538,0.348591685295105,0.02218969166278839,0.0177422808483243,0.0006356697122100741,0.021942537277936935,0.01902728248387575,0.0006664243119303137,0.02175415586680174,0.018149694427847862,0.0006945672212168574
118,0.20375174283981323,0.44409582018852234,0.03195795230567455,0.036581527441740036,0.0008469672757200897,0.03192515578120947,0.035584842786192894,0.000872621574671939,0.031933967024087906,0.03315356373786926,0.0008951649651862681
119,0.32229484617710114,0.9134208559989929,0.055197698995471,0.08730361424386501,0.0008509514736942947,0.05535869300365448,0.03297907579690218,0.0008800833602435887,0.055537356063723564,0.03328061103820801,0.0009067632490769029
120,0.2854599207639694,0.7982401251792908,0.05518203601241112,0.020391485653817654,0.0008507593302056193,0.05532809719443321,0.07581867463886738,0.0008797452901490033,0.0555077251046896,0.020594950765371323,0.0009064457844942808
121,0.16278476268053055,0.4529145061969757,0.028102346695959568,0.028173322789371014,0.0008087085734587163,0.027855388820171356,0.019950286485254765,0.0008445922867394984,0.027674292214214802,0.028498340398073196,0.0008774880552664399
122,0.3156913071870804,1.5990148782730103,0.0646625030785799,0.039327895268797874,0.000767498800996691,0.06412781216204166,0.038214391097426414,0.0007926202088128775,0.06360078789293766,0.04338404722511768,0.0008137357071973383
123,0.1555909663438797,0.29895278811454773,0.02037820965051651,0.033431025221943855,0.0008587581105530262,0.020252098329365253,0.029635190963745117,0.0008898866653908044,0.020259595476090908,0.02896774187684059,0.0009184537047985941
124,0.19057320058345795,0.42262357473373413,0.02837569173425436,0.03497291076928377,0.0007896300230640918,0.028248603455722332,0.03313848003745079,0.00082559505244717,0.028174524195492268,0.035191114991903305,0.0008566440083086491
125,0.12309372425079346,0.32539668679237366,0.022132573649287224,0.017738037277013063,0.000638409546809271,0.021843460388481617,0.018807625398039818,0.0006724169652443379,0.021623716689646244,0.018934641033411026,0.0007028426334727556
126,0.21129023283720016,0.5260744094848633,0.028506512753665447,0.04294658079743385,0.0007698622648604214,0.028215519152581692,0.04121669102460146,0.000804323295596987,0.02801840379834175,0.0399786289781332,0.0008337087056133896
127,0.34523117542266846,0.3885060250759125,0.06455371156334877,0.045701468363404274,0.0008248921658378094,0.06433388404548168,0.05081445723772049,0.000854532525409013,0.06414218619465828,0.053124699741601944,0.0008813343592919409
128,0.14798741787672043,0.6391613483428955,0.023448673076927662,0.027406138367950916,0.0006854264938738197,0.02320355549454689,0.02614942006766796,0.0007195132784545422,0.023025733418762684,0.02259850688278675,0.0007504528330173343
129,0.20694900676608086,0.6152969002723694,0.0289981821551919,0.03959585865959525,0.0007699711713939905,0.028694902546703815,0.039363130927085876,0.0008043884008657187,0.0284771416336298,0.03941099625080824,0.0008344511734321713
130,0.15213985368609428,0.6976552605628967,0.028930800035595894,0.020769550930708647,0.0007655748340766877,0.028532748110592365,0.02162964828312397,0.0008098577964119613,0.028175072744488716,0.021677352488040924,0.000849246047437191
131,0.1802370548248291,0.3489249646663666,0.03432883135974407,0.022595753893256187,0.0006447993218898773,0.03414794057607651,0.029446687549352646,0.0006806335004512221,0.034031955525279045,0.02364917378872633,0.0007112763123586774
132,0.22447464615106583,0.3954288065433502,0.028691465966403484,0.04530594311654568,0.0009472664096392691,0.02832645643502474,0.044731706380844116,0.0009849956259131432,0.02810538560152054,0.04636474698781967,0.0010166769498027861
133,0.14061865210533142,0.34834980964660645,0.029457916505634785,0.016486278735101223,0.0006456060218624771,0.029245086014270782,0.017291885800659657,0.0006856441032141447,0.029073674231767654,0.017010015435516834,0.000722549157217145
134,0.26481081545352936,1.484663724899292,0.05692098289728165,0.025347142480313778,0.0006770862964913249,0.057276301085948944,0.03199763875454664,0.000720130541594699,0.057675646618008614,0.03343940433114767,0.0007564849511254579
135,0.16987760365009308,0.4801538288593292,0.024809477850794792,0.03188758436590433,0.0008290632395073771,0.0246732197701931,0.028808155097067356,0.0008605059701949358,0.024668850004673004,0.03245134279131889,0.0008894159691408277
136,0.21296513080596924,0.6298973560333252,0.02987812925130129,0.03925355430692434,0.0008493418572470546,0.02949737384915352,0.0402241088449955,0.0008899057866074145,0.0292109539732337,0.042236256413161755,0.0009255024488084018
137,0.18742234259843826,0.6012825965881348,0.03595934435725212,0.017722629941999912,0.000644360319711268,0.03557771444320679,0.030407395213842392,0.0007042854558676481,0.03525407984852791,0.030398248694837093,0.0007542743114754558
138,0.13154291361570358,0.7578458189964294,0.016927429474890232,0.02747213188558817,0.000816197192762047,0.01679842174053192,0.025635406374931335,0.0008606419432908297,0.016849818639457226,0.025281907059252262,0.0009009617497213185
139,0.15374945290386677,1.5863674879074097,0.030373760033398867,0.016942412592470646,0.0005637643043883145,0.03047480247914791,0.015161648392677307,0.0006093241972848773,0.030788404867053032,0.028181822039186954,0.0006535085558425635
140,0.21731406450271606,0.6465845108032227,0.040558917447924614,0.030362064018845558,0.0007981978997122496,0.04027572274208069,0.031047855503857136,0.0008322657668031752,0.04001746326684952,0.03255787119269371,0.000863698951434344
141,0.23614104464650154,1.36976957321167,0.04504523053765297,0.03498073201626539,0.0007058918999973685,0.04527571704238653,0.02640598453581333,0.0007458492764271796,0.04563066363334656,0.03657090850174427,0.000780061527621001
142,0.2870195731520653,1.367247462272644,0.053081671707332134,0.04288450535386801,0.0008457328367512673,0.05256485287100077,0.04317943565547466,0.0008775708847679198,0.05205386318266392,0.040625544264912605,0.0009063906036317348
143,0.19326692819595337,0.7845924496650696,0.03772281855344772,0.022253318689763546,0.000783621653681621,0.037244152277708054,0.022632712498307228,0.0008326441748067737,0.036800503730773926,0.03412325866520405,0.000873891927767545
144,0.19896360486745834,0.5901918411254883,0.03623687941581011,0.020136503502726555,0.0007424242212437093,0.036156206391751766,0.03448604606091976,0.0007827747031114995,0.03610826376825571,0.03349532652646303,0.000819178851088509
145,0.16405310481786728,0.5992047786712646,0.02798432484269142,0.028601912781596184,0.0007693330408073962,0.027589493431150913,0.021476364694535732,0.0008034011989366263,0.027271580882370472,0.02872426901012659,0.000832429388538003
146,0.12223178893327713,0.44497182965278625,0.017186480574309826,0.023762338794767857,0.0007780067098792642,0.01683937944471836,0.02245212532579899,0.0008136644028127193,0.01668184343725443,0.022874245420098305,0.0008437056676484644
147,0.12380436807870865,0.42622482776641846,0.021533149294555187,0.01958530116826296,0.0006408917834050953,0.021161958575248718,0.02071282546967268,0.0006783927092328668,0.02091632317751646,0.01786325592547655,0.000712267734343186
148,0.1663246527314186,0.6093640923500061,0.028474177233874798,0.025972770527005196,0.0008712811104487628,0.028007968328893185,0.026290240697562695,0.0009121935872826725,0.02764940168708563,0.027199956588447094,0.0009466594783589244
149,0.11111718229949474,0.885689377784729,0.022082018665969372,0.014353225473314524,0.0006323042034637183,0.021915172692388296,0.014713680371642113,0.0006752596236765385,0.02206932846456766,0.013958890456706285,0.0007172984187491238
150,0.3196955472230911,0.598678469657898,0.04875645227730274,0.03927661245688796,0.0009557261946611106,0.048559367656707764,0.037566346116364,0.0009851664653979242,0.04841449297964573,0.0941685363650322,0.0010128660360351205
151,0.1560319997370243,0.4780120551586151,0.02437364123761654,0.0285472150426358,0.0006537822191603482,0.024070254992693663,0.0264801774173975,0.0006971482653170824,0.02405005693435669,0.026418763678520918,0.0007409633253701031
152,0.16409315168857574,0.5955034494400024,0.027942998334765434,0.018945983611047268,0.0008116019598674029,0.02757528331130743,0.02903522178530693,0.0008530579798389226,0.027318116277456284,0.030721236020326614,0.0008896467334125191
153,0.20675265043973923,0.6528173089027405,0.02978425193578005,0.03893141821026802,0.0009219002677127719,0.029706946574151516,0.033160689286887646,0.0009546522633172572,0.029793743044137955,0.04251585714519024,0.0009831879870034754
154,0.12136192619800568,0.6954578757286072,0.016500815749168396,0.023688352666795254,0.0007095867185853422,0.016387722454965115,0.023741507902741432,0.000750939710997045,0.016486977227032185,0.022304833866655827,0.000791192171163857
155,0.21753383055329323,0.6055389642715454,0.04243212519213557,0.03199261287227273,0.0006608879339182749,0.04194649588316679,0.024173430632799864,0.0007045213860692456,0.041754566598683596,0.033121767453849316,0.0007474180893041193
156,0.2662065625190735,0.6023265719413757,0.037694571539759636,0.048939794301986694,0.0008997333934530616,0.0373531449586153,0.05088328570127487,0.0009300788806285709,0.03714961186051369,0.051399873569607735,0.0009564534411765635
157,0.2303442321717739,1.3356750011444092,0.047456294298172,0.02928974013775587,0.0007666263845749199,0.046909524127840996,0.028987117111682892,0.0008035798964556307,0.046407779678702354,0.028886734507977962,0.0008368322160094976
158,0.08065120875835419,0.7557417750358582,0.012708645779639482,0.012590471655130386,0.0005026045691920444,0.012415394652634859,0.014536790084093809,0.0005546439788304269,0.01251723151654005,0.014223271980881691,0.0006021540320944041
159,0.29246751964092255,1.130523920059204,0.04066222533583641,0.07426151633262634,0.0008856059284880757,0.040851191617548466,0.07437770627439022,0.0009170646080747247,0.04110549855977297,0.01845944207161665,0.0009472706587985158
160,0.12967599183321,1.105074405670166,0.022900840267539024,0.018620637245476246,0.0006767568702343851,0.022365862503647804,0.020830615423619747,0.0007124553085304797,0.021893815137445927,0.020930327475070953,0.0007446777599398047
161,0.35907238721847534,0.5524255037307739,0.07487395778298378,0.05325382947921753,0.0007952275336720049,0.07484270632266998,0.04288012534379959,0.0008316045859828591,0.07485788688063622,0.03587291017174721,0.0008641419117338955
162,0.12247365713119507,0.47485610842704773,0.018077680841088295,0.02340853586792946,0.0007149929006118327,0.017899004742503166,0.021472214721143246,0.0007621656113769859,0.017836694605648518,0.021498480811715126,0.0008038842061068863
163,0.26076488196849823,1.4248366355895996,0.05115980003029108,0.03205150179564953,0.0008025650167837739,0.05050635430961847,0.037135904654860497,0.0008337853651028126,0.04991342592984438,0.037499151192605495,0.0008623962639831007
164,0.20273417234420776,0.8055271506309509,0.03445179667323828,0.03232466243207455,0.0008520461269654334,0.03400650154799223,0.03335669357329607,0.0008927267917897552,0.033596851862967014,0.03232362773269415,0.0009292658651247621
165,0.20549201220273972,0.39221686124801636,0.03185740951448679,0.03671735338866711,0.0008532234060112387,0.03176618181169033,0.03479545284062624,0.0008862735121510923,0.03174283169209957,0.03595590591430664,0.0009173807338811457
166,0.13049661368131638,0.653540849685669,0.021616820245981216,0.02148970402777195,0.0007758214778732508,0.021505793556571007,0.020207338966429234,0.0008176585251931101,0.02149328775703907,0.02173521462827921,0.0008549801423214376
167,0.08443384245038033,0.5985643267631531,0.014021371025592089,0.014089473523199558,0.0005797405610792339,0.013587135821580887,0.01424878160469234,0.0006375611410476267,0.013521442655473948,0.013059445191174746,0.0006888902571517974
168,0.22145173698663712,1.1919465065002441,0.03807034529745579,0.03392552584409714,0.0008550266502425075,0.038292826153337955,0.03468899428844452,0.0008877187501639128,0.03861174453049898,0.03520219586789608,0.0009173558210022748
169,0.15340165793895721,0.21335217356681824,0.028992184437811375,0.021802516654133797,0.0007526242407038808,0.0287215830758214,0.021044394932687283,0.0007922208169475198,0.0286045391112566,0.021865678019821644,0.0008259142050519586
170,0.1152103990316391,0.4999412000179291,0.017018938437104225,0.019979720935225487,0.0006767690647393465,0.016669338569045067,0.02179246675223112,0.0007169300224632025,0.016533007845282555,0.0210697865113616,0.0007534318719990551
171,0.25165458023548126,1.2799742221832275,0.04668031260371208,0.032656995579600334,0.0008358503400813788,0.04604966938495636,0.038594335317611694,0.0008705771761015058,0.04553501773625612,0.03952965699136257,0.000902168161701411
172,0.1931440830230713,0.42660707235336304,0.028266235254704952,0.03689996339380741,0.0007951571024022996,0.0280744768679142,0.03238905034959316,0.0008357938786502928,0.02799178473651409,0.0370166152715683,0.0008749966218601912
173,0.280187513679266,0.8397322297096252,0.03892448823899031,0.07123272679746151,0.0008269714599009603,0.03853917960077524,0.0719647640362382,0.0008643819601275027,0.03821188397705555,0.0187254068441689,0.0008977067773230374
174,0.22321796417236328,0.42562341690063477,0.03201689850538969,0.04027459770441055,0.0009457751293666661,0.03175437357276678,0.03976130485534668,0.000978930329438299,0.0315935080870986,0.04488266631960869,0.001009905303362757
175,0.26715773344039917,0.9535826444625854,0.054480211809277534,0.03326008655130863,0.0006599062762688845,0.05462072603404522,0.033743077889084816,0.000716526439646259,0.05485173873603344,0.03406047821044922,0.0007649767794646323
176,0.1371723785996437,0.21598240733146667,0.02163216657936573,0.02295649331063032,0.0008240186725743115,0.021220672875642776,0.02476905006915331,0.000866985967149958,0.021086051128804684,0.022913476452231407,0.0009034595568664372
177,0.2618604302406311,1.0223573446273804,0.05437125638127327,0.0342809297144413,0.0007708763587288558,0.054528966546058655,0.026772484183311462,0.000813601422123611,0.054869769141077995,0.0346005717292428,0.0008519631810486317
178,0.2545963078737259,1.0419360399246216,0.03941276669502258,0.044963423162698746,0.0009373306529596448,0.03884383291006088,0.04566579684615135,0.0009746993891894817,0.0384074542671442,0.044380974024534225,0.0010100394720211625
179,0.16589803993701935,0.6328168511390686,0.022723236121237278,0.03228682093322277,0.0007240612176246941,0.02257936168462038,0.03326213080435991,0.0007630119216628373,0.022578365169465542,0.03018210642039776,0.0007989411533344537
180,0.1830068826675415,0.7869762182235718,0.02870827354490757,0.032570017501711845,0.0007626240840181708,0.028208721429109573,0.03114467952400446,0.0008016937936190516,0.0278469892218709,0.032127746380865574,0.0008361393993254751
181,0.2123439908027649,0.5262298583984375,0.04400072805583477,0.02131542842835188,0.000800224719569087,0.04394562914967537,0.03531446401029825,0.0008373742748517543,0.04401145502924919,0.021249142475426197,0.0008695453871041536
182,0.34072403609752655,1.3839524984359741,0.057994572445750237,0.05327310599386692,0.0009316542709711939,0.05732635781168938,0.05224727280437946,0.0009596137388143688,0.056778278201818466,0.06022711470723152,0.0009860705467872322
183,0.2247394174337387,0.2941080331802368,0.028507424518465996,0.04682480078190565,0.0009482431632932276,0.028064911253750324,0.046067263931035995,0.0009848056361079216,0.027905323542654514,0.04441861156374216,0.0010180328972637653
184,0.20094043016433716,1.8388581275939941,0.04046338191255927,0.02020205883309245,0.0005422053800430149,0.04057018831372261,0.02836130280047655,0.0005999068962410092,0.041130625642836094,0.02841797610744834,0.0006527838413603604
185,0.19098050892353058,0.32357606291770935,0.03611017670482397,0.03356598597019911,0.0007044239027891308,0.03586165141314268,0.023318707942962646,0.000742016127333045,0.03567269630730152,0.02423095889389515,0.0007738877611700445
186,0.21495619416236877,0.6318097710609436,0.03754040226340294,0.03435357101261616,0.0007952738669700921,0.03693804144859314,0.0321250157430768,0.0008509935287293047,0.036416469141840935,0.0350361242890358,0.0009003127343021333
187,0.16620083898305893,0.6049010753631592,0.028320632874965668,0.026562660932540894,0.0008790754072833806,0.027768198400735855,0.026607917621731758,0.0009225026587955654,0.027424032799899578,0.026753504760563374,0.0009623186488170177
188,0.14590276032686234,0.9993187785148621,0.024555829353630543,0.024384429678320885,0.0007679421687498689,0.024017357267439365,0.024407217279076576,0.0008147920889314264,0.023596059530973434,0.022504323162138462,0.0008548198093194515
189,0.30836185067892075,1.332396149635315,0.06709355674684048,0.035721590742468834,0.0009526789654046297,0.06650301814079285,0.034918103367090225,0.0009839785052463412,0.065947026014328,0.03522836696356535,0.0010135288466699421
190,0.11799582093954086,0.2973952889442444,0.017137831076979637,0.02190256118774414,0.0007230024202726781,0.016722840256989002,0.020344872027635574,0.0007699270499870181,0.016639563255012035,0.022945402190089226,0.0008098195539787412
191,0.2310754433274269,0.7751443982124329,0.04627855587750673,0.02447388879954815,0.0007235595257952809,0.046188668347895145,0.03245435934513807,0.000781654438469559,0.04628619085997343,0.0330605348572135,0.0008280335459858179
192,0.2724069654941559,0.4198288321495056,0.04666312783956528,0.027275375090539455,0.0009260496008209884,0.0463495459407568,0.0179641954600811,0.000963839702308178,0.0462443046271801,0.08502128720283508,0.0009992443956434727
193,0.17284616082906723,0.5352455973625183,0.02833895944058895,0.02874105330556631,0.0009568551613483578,0.027746151201426983,0.02872281614691019,0.0010127010755240917,0.027429619804024696,0.02883683703839779,0.0010611602338030934
194,0.123863086104393,0.7901234030723572,0.020072098821401596,0.019664181396365166,0.0007179998501669616,0.01997818984091282,0.02017420157790184,0.0007656670059077442,0.020101928152143955,0.021582639776170254,0.0008061781409196556
195,0.44231827557086945,0.9665589928627014,0.057633478194475174,0.07079724315553904,0.0009805909357964993,0.057320522144436836,0.07090767845511436,0.001015634392388165,0.057087212800979614,0.12552616000175476,0.0010497450712136924
196,0.11796678602695465,0.4396260678768158,0.02111764345318079,0.018070966936647892,0.0006600633496418595,0.02050874289125204,0.017366441898047924,0.0007095506589394063,0.020172626711428165,0.01861034706234932,0.0007503988745156676
197,0.22532106190919876,0.6810494065284729,0.04617271386086941,0.024107281118631363,0.0007230202900245786,0.046034472063183784,0.025852974504232407,0.0007833355339244008,0.04608754254877567,0.034726206213235855,0.0008335111197084188
198,0.22966238856315613,0.6344982981681824,0.04399918206036091,0.036713095381855965,0.0006495851557701826,0.043408576399087906,0.03569687530398369,0.0007083052769303322,0.04290107823908329,0.02482864260673523,0.0007570585003122687
199,0.19490043818950653,0.5199803709983826,0.037766534835100174,0.029555593617260456,0.0007203369168564677,0.037590568885207176,0.02850995771586895,0.0007643326534889638,0.03750644903630018,0.02168426848948002,0.0008023930422496051
200,0.24781175702810287,0.9894476532936096,0.046413740143179893,0.037749082781374454,0.0008458615629933774,0.04561583511531353,0.03129693306982517,0.0008896174258552492,0.045028312131762505,0.03904410917311907,0.0009282497339881957
201,0.29283586144447327,0.6597838401794434,0.056271785870194435,0.037265938706696033,0.0008093801443465054,0.05602291412651539,0.04668978601694107,0.0008649139781482518,0.055974915623664856,0.038022980093955994,0.0009132451377809048
202,0.1886703372001648,1.224038004875183,0.03210857883095741,0.026172049343585968,0.0008532290230505168,0.03213086724281311,0.03130127489566803,0.0009075405541807413,0.03236592095345259,0.03187822178006172,0.0009526560315862298
203,0.15690013393759727,1.030275821685791,0.0293911499902606,0.02215832006186247,0.0008279707108158618,0.02846162673085928,0.02417438756674528,0.0008956200908869505,0.02763935551047325,0.022402103058993816,0.0009496189886704087
204,0.17224232107400894,0.6954853534698486,0.030406538397073746,0.030396824702620506,0.0006880607106722891,0.029727005399763584,0.01925178710371256,0.0007579683733638376,0.02927808929234743,0.03092109877616167,0.0008149562636390328
205,0.20010685920715332,0.3163054287433624,0.03595579415559769,0.03419562615454197,0.0007174619240686297,0.03553107287734747,0.03371463902294636,0.0007673727232031524,0.03518115542829037,0.023231908679008484,0.0008118312107399106
206,0.12149420008063316,0.8564086556434631,0.01775602251291275,0.023090217262506485,0.0007364395423792303,0.01751489657908678,0.02089131809771061,0.0008061265107244253,0.017631014809012413,0.02220368105918169,0.000864485977217555
207,0.15562360733747482,1.2530111074447632,0.029178917407989502,0.022932639345526695,0.0008658593869768083,0.028166428208351135,0.022543208673596382,0.0009354556095786393,0.027326032519340515,0.022684896364808083,0.0009901772136799991
208,0.2338365763425827,0.45931586623191833,0.037348220124840736,0.022777912206947803,0.0009783993591554463,0.036934017203748226,0.07576734945178032,0.001028697530273348,0.03693471569567919,0.02099641878157854,0.0010708486661314964
209,0.19961045682430267,1.0900678634643555,0.032445832155644894,0.034855267964303493,0.000817508262116462,0.031483668833971024,0.03433350659906864,0.0008702878258191049,0.03080899640917778,0.03307883255183697,0.0009165506926365197
210,0.11851410567760468,0.6313197612762451,0.01767029892653227,0.021647561341524124,0.0007405427459161729,0.017372706905007362,0.019870402291417122,0.0008151937799993902,0.01743851974606514,0.022081597708165646,0.0008772838627919555
211,0.15562349930405617,0.6978178024291992,0.02674598339945078,0.02720558363944292,0.0007678320398554206,0.026440415531396866,0.018767050467431545,0.0008306273375637829,0.02645219024270773,0.027532647363841534,0.0008811649167910218
212,0.15149810165166855,1.314697265625,0.020172354765236378,0.02629164792597294,0.0008194869733415544,0.020089478231966496,0.030994349159300327,0.0008741094789002091,0.02047403436154127,0.030863359570503235,0.0009192788565997034
213,0.10913753509521484,0.536021888256073,0.01794629730284214,0.016826954670250416,0.0007072573062032461,0.017115695402026176,0.02013466414064169,0.0007726779440417886,0.01668183133006096,0.018125517293810844,0.0008266375516541302
214,0.19587532430887222,1.3134899139404297,0.03394008334726095,0.032405939884483814,0.0008698907913640141,0.03302302677184343,0.028511852957308292,0.0009320790995843709,0.03222166188061237,0.032986221835017204,0.0009845686436165124
215,0.12461429834365845,0.9571952819824219,0.020535285584628582,0.01952191349118948,0.0007277396507561207,0.020448158495128155,0.020244148559868336,0.0007869363180361688,0.020635928958654404,0.02087699342519045,0.0008371968579012901
216,0.22605054825544357,1.3360340595245361,0.03442294802516699,0.037821484729647636,0.0008587751362938434,0.03355936612933874,0.04144815728068352,0.000908013666048646,0.03281458932906389,0.043265050277113914,0.0009521724132355303
217,0.220187246799469,0.6790007948875427,0.02808752842247486,0.04397007077932358,0.0008980850107036531,0.027607022784650326,0.046506200917065144,0.0009503737674094737,0.02782642561942339,0.0433484660461545,0.0009930746746249497
218,0.2433040887117386,0.3385089337825775,0.037189193069934845,0.039895281195640564,0.0008190072840079665,0.036498868837952614,0.05115275830030441,0.0008870781457517296,0.03631606325507164,0.039603373035788536,0.0009424687596037984
219,0.1480303779244423,0.30839237570762634,0.025933336466550827,0.019073961302638054,0.0006619701744057238,0.025195742957293987,0.03136233985424042,0.0007398545567411929,0.024887382984161377,0.019371818751096725,0.0008039721578825265
220,0.12741820886731148,0.9270256757736206,0.02223303262144327,0.021261226385831833,0.0007007617095950991,0.021232331171631813,0.018699612468481064,0.0007565486303064972,0.020563866943120956,0.021167781203985214,0.00080304522998631
221,0.21243873983621597,0.9821987152099609,0.03429017961025238,0.03648792114108801,0.0007573894399683923,0.03415354620665312,0.03568155225366354,0.0008125978347379714,0.03432498872280121,0.035068745724856853,0.0008618238207418472
222,0.16901058703660965,0.3978026807308197,0.025736193172633648,0.03132984787225723,0.0008282224298454821,0.025182937271893024,0.029760010540485382,0.0008851764432620257,0.025140021461993456,0.029216601513326168,0.0009315743227489293
223,0.14298506826162338,0.6841739416122437,0.029670036397874355,0.018840844742953777,0.0007515092147514224,0.028915198519825935,0.01704157516360283,0.0008190968073904514,0.028405428864061832,0.01766804326325655,0.0008733313879929483
224,0.1201539933681488,1.8861429691314697,0.01866478379815817,0.01842168066650629,0.0006132230773800984,0.018703403882682323,0.019141798838973045,0.0006856581021565944,0.019251185934990644,0.023918834049254656,0.0007534270989708602
225,0.22507810592651367,0.8059129118919373,0.037543563172221184,0.034211717545986176,0.0009100963652599603,0.036835188046097755,0.03275424242019653,0.0009667954873293638,0.03648093342781067,0.044361662119627,0.0010139053338207304
226,0.1246967576444149,0.8012985587120056,0.02055155672132969,0.021384811028838158,0.0007337545102927834,0.019535914063453674,0.020351501181721687,0.000790908292401582,0.019025553949177265,0.021482781507074833,0.0008399766811635345
227,0.26411110162734985,0.869172215461731,0.05084725469350815,0.042912306264042854,0.000736135698389262,0.05085859540849924,0.03420443460345268,0.0007963185198605061,0.05123542156070471,0.031675984151661396,0.0008446460997220129
228,0.11374029517173767,0.9183171391487122,0.018648270517587662,0.018306635320186615,0.0006690066074952483,0.017788872122764587,0.01993239764124155,0.0007326407940126956,0.017111090011894703,0.019768210127949715,0.0007831709226593375
229,0.11735375598073006,0.8351650238037109,0.021354372613132,0.017652777954936028,0.0006692283786833286,0.020473926328122616,0.01778037566691637,0.0007313804817385972,0.019898319616913795,0.018009976483881474,0.0007833956915419549
230,0.25542306900024414,1.3742122650146484,0.04784401599317789,0.036156099289655685,0.000751552841393277,0.04823515936732292,0.03546995483338833,0.0008128802001010627,0.048929547891020775,0.0363599993288517,0.0008638497383799404
231,0.13646331429481506,1.093574047088623,0.020194864831864834,0.023380443453788757,0.0008926275186240673,0.020201968029141426,0.023445957340300083,0.000948183995205909,0.020584436133503914,0.025817477144300938,0.0009973582637030631
232,0.27670634537935257,1.036586046218872,0.05827264487743378,0.03619237244129181,0.0008235472487285733,0.05758255533874035,0.035860393196344376,0.0008717878954485059,0.0569955762475729,0.02919203694909811,0.0009154427971225232
233,0.15705040097236633,1.8252795934677124,0.0201204689219594,0.03207516763359308,0.0008143750601448119,0.020089225843548775,0.030701586045324802,0.0008702288323547691,0.020588762126863003,0.030871267430484295,0.0009193213190883398
234,0.12402252107858658,0.7171089053153992,0.01665340457111597,0.024913529865443707,0.000800233450718224,0.016103134024888277,0.021935220807790756,0.0008591736550442874,0.016222479287534952,0.02562450710684061,0.0009108384547289461
235,0.14349734783172607,1.666092872619629,0.025979365222156048,0.021373203955590725,0.0006900920707266778,0.026129583828151226,0.020413050428032875,0.0007655701483599842,0.026557247154414654,0.02075684443116188,0.0008323878864757717
236,0.20847993344068527,0.6241379380226135,0.04620814323425293,0.026641370728611946,0.0006762341945432127,0.04565020650625229,0.01863697450608015,0.0007253826188389212,0.04520266316831112,0.023971503600478172,0.0007674488297197968
237,0.1575033739209175,0.5183253288269043,0.026157927699387074,0.02285204641520977,0.0008563431911170483,0.025703339837491512,0.02312438376247883,0.000907001318410039,0.025803794153034687,0.03114553913474083,0.0009530052775517106
238,0.30872713029384613,1.0871227979660034,0.0641600713133812,0.03278166055679321,0.0008390903240069747,0.06357929855585098,0.035550820641219616,0.0008842188690323383,0.06301140785217285,0.04699636995792389,0.0009242036612704396
239,0.18069902434945107,1.0123735666275024,0.027976098470389843,0.03273053001612425,0.0008439007215201855,0.026966518256813288,0.03257744945585728,0.0008948420581873506,0.026390854734927416,0.03137857187539339,0.0009402595460414886
240,0.30676791071891785,0.5080565810203552,0.04566519893705845,0.055272871628403664,0.0008463969279546291,0.045440424233675,0.05459141917526722,0.0008897195220924914,0.04547690413892269,0.05765802040696144,0.0009269415750168264
241,0.15351086854934692,0.5853221416473389,0.019902842119336128,0.028961915522813797,0.0008820499933790416,0.019561280962079763,0.02879423275589943,0.0009376070811413229,0.01966208079829812,0.03382348455488682,0.0009853749652393162
242,0.14293666742742062,1.9828664064407349,0.029990853741765022,0.01694815931841731,0.000590412673773244,0.030253573320806026,0.015938573516905308,0.0006585975643247366,0.030999349895864725,0.016839453484863043,0.0007176864019129425
243,0.22824469208717346,0.5331478714942932,0.04056744743138552,0.03943623788654804,0.000759416667278856,0.04020886216312647,0.03913949429988861,0.0008061546250246465,0.03996322676539421,0.026514758355915546,0.0008491035259794444
244,0.16927417367696762,0.5143641829490662,0.02804706897586584,0.02860669232904911,0.000968683569226414,0.027314066886901855,0.026610025204718113,0.0010347030474804342,0.026979717426002026,0.028626684099435806,0.0010865351068787277
245,0.17444822937250137,0.3294891119003296,0.026151923462748528,0.02507934160530567,0.0009263107203878462,0.02556899469345808,0.033096669241786,0.0009773538913577795,0.025550142861902714,0.03607582487165928,0.001021668198518455
246,0.15125977247953415,0.8296306133270264,0.032533932477235794,0.017740399576723576,0.0007079810020513833,0.031767845153808594,0.018074476160109043,0.0007629237952642143,0.031294737942516804,0.017569315619766712,0.0008081568230409175
247,0.10953495651483536,0.886976957321167,0.017960650846362114,0.01855901349335909,0.0006652029987890273,0.016968799754977226,0.01879406999796629,0.0007229200564324856,0.016335653606802225,0.01876003108918667,0.0007686176104471087
248,0.2659037560224533,1.0059787034988403,0.04792958777397871,0.04231194406747818,0.0008398578793276101,0.04808637499809265,0.03376730903983116,0.0008963216678239405,0.048606512136757374,0.0425197072327137,0.0009461359586566687
249,0.17830520868301392,0.40329840779304504,0.03403099533170462,0.02301330864429474,0.0006665975670330226,0.03381682559847832,0.023488597013056278,0.0007161701214499772,0.033794304355978966,0.028019311837852,0.0007591067114844918
250,0.16124433279037476,1.7729829549789429,0.01975349150598049,0.029317138716578484,0.0008405068947467953,0.020081731490790844,0.03474813234061003,0.0008934641373343766,0.02081741765141487,0.033851563930511475,0.0009408908372279257
251,0.07950309291481972,0.8024606704711914,0.013580989558249712,0.012234894093126059,0.0005624497716780752,0.013073733076453209,0.012624944560229778,0.0006335512443911284,0.013160374946892262,0.012939547188580036,0.0006926067289896309
252,0.16593076288700104,1.1621181964874268,0.03481651935726404,0.018805937841534615,0.0006358231185004115,0.03389699291437864,0.01844740007072687,0.0006886927876621485,0.033140537329018116,0.024764684960246086,0.0007341724121943116
253,0.19608557224273682,1.670263409614563,0.033823869191110134,0.03165123239159584,0.0008589653589297086,0.032793084159493446,0.03130771778523922,0.0009130558464676142,0.03191166836768389,0.03186372295022011,0.0009622525540180504
254,0.2207208350300789,0.9376018643379211,0.03689884394407272,0.017953031696379185,0.0008065110305324197,0.03620813973248005,0.07277834042906761,0.0008545374148525298,0.035836591850966215,0.018489204347133636,0.0008956281235441566
255,0.15896069258451462,1.5719683170318604,0.01967733073979616,0.03363293595612049,0.0008388875867240131,0.019932839088141918,0.03157504089176655,0.000891197647433728,0.02056298963725567,0.030908752232789993,0.0009407163597643375
256,0.10899486765265465,1.284459114074707,0.017781062051653862,0.01893712766468525,0.0006595023442059755,0.016590024810284376,0.018797926604747772,0.0007153424667194486,0.01575608691200614,0.018995843827724457,0.0007619435200467706
257,0.29129165410995483,1.9910171031951904,0.0666460208594799,0.027931855991482735,0.0009586253727320582,0.06566044129431248,0.02774532325565815,0.0009985563228838146,0.06475533358752728,0.035560423508286476,0.0010350858210586011
258,0.10507144033908844,0.6178426146507263,0.01619851030409336,0.017954264767467976,0.0006946444045752287,0.015185848344117403,0.019557911902666092,0.0007502473308704793,0.014772376976907253,0.019156159833073616,0.0008014799968805164
259,0.1212131455540657,0.6603284478187561,0.01789193507283926,0.020551626570522785,0.0008046478615142405,0.016967295669019222,0.02395506761968136,0.0008668277296237648,0.01668111328035593,0.022576534189283848,0.0009180993656627834
260,0.3390575647354126,2.244701385498047,0.06648926250636578,0.08376999199390411,0.0009593836148269475,0.06538602150976658,0.02766196522861719,0.001000822870992124,0.0643639974296093,0.028387812431901693,0.0010383056942373514
261,0.149653822183609,0.9868560433387756,0.028164195828139782,0.021707009058445692,0.0007901903591118753,0.02717959601432085,0.022282888181507587,0.0008615710539743304,0.026436476968228817,0.021308744326233864,0.000923157756915316
262,0.11800757050514221,0.4065939784049988,0.017257483676075935,0.020911160856485367,0.0008002098766155541,0.01656578667461872,0.020498214289546013,0.0008634803234599531,0.01646227017045021,0.023731493391096592,0.0009174767765216529
263,0.1739233210682869,1.5976183414459229,0.03815285116434097,0.020718509331345558,0.0006709687295369804,0.03686027880758047,0.01972739677876234,0.0007211787742562592,0.03580062463879585,0.020507621578872204,0.0007639013638254255
264,0.20660445094108582,0.40297627449035645,0.027306181378662586,0.0407705195248127,0.0008630134980194271,0.026397961657494307,0.041910662315785885,0.0009185433737002313,0.026447719428688288,0.041024621576070786,0.0009652391308918595
265,0.14963950961828232,0.5184377431869507,0.022183116525411606,0.025855030864477158,0.0007432871498167515,0.021930537186563015,0.028145347721874714,0.000803787203039974,0.022035934031009674,0.027083261869847775,0.0008592107042204589
266,0.2507125996053219,1.3077071905136108,0.045750861056149006,0.03953264281153679,0.0008573411614634097,0.044390941970050335,0.03722150716930628,0.0009162654168903828,0.04338938370347023,0.03768436890095472,0.0009692954772617668
267,0.20160886645317078,1.028763771057129,0.028983842581510544,0.03807048499584198,0.0009406210738234222,0.028749956749379635,0.03667524456977844,0.000999190320726484,0.02918152790516615,0.03695419430732727,0.0010538071510381997
268,0.24065526574850082,1.8164454698562622,0.045688425190746784,0.031330035999417305,0.0008639955485705286,0.044297391548752785,0.03329348564147949,0.0009282737737521529,0.043237666599452496,0.04003109410405159,0.0009848969348240644
269,0.18329690396785736,0.43725743889808655,0.03392810933291912,0.02993614412844181,0.000762162875616923,0.0329750245437026,0.02880680561065674,0.0008286084921564907,0.03263479936867952,0.022542119957506657,0.0008831359446048737
270,0.127827487885952,0.501532256603241,0.02038926351815462,0.0218881294131279,0.0007850149122532457,0.019486217759549618,0.02244057971984148,0.0008573421509936452,0.019468235783278942,0.021594430319964886,0.0009182692738249898
271,0.15212148055434227,0.5196393728256226,0.025401592254638672,0.02819139789789915,0.0006793357024434954,0.024437170941382647,0.02777915634214878,0.0007678463007323444,0.024219961371272802,0.019807714968919754,0.0008373054733965546
272,0.18945985659956932,1.524577021598816,0.032028495566919446,0.010958155617117882,0.0007348137733060867,0.0319872940890491,0.06733055412769318,0.0008199952717404813,0.032351688016206026,0.01235476927831769,0.0008940824773162603
273,0.15703032165765762,1.451061725616455,0.03150871489197016,0.019130677916109562,0.0007857194868847728,0.031586638651788235,0.0198954027146101,0.0008566230826545507,0.032147837802767754,0.020202678628265858,0.0009160360787063837
274,0.24764741957187653,0.7497477531433105,0.04603441618382931,0.0335288355126977,0.0008963774598669261,0.044966671615839005,0.041401767171919346,0.0009537805744912475,0.04457710776478052,0.03428479004651308,0.0010036731255240738
275,0.10742407292127609,0.42788204550743103,0.01591411605477333,0.0195608576759696,0.000648403656668961,0.014884970150887966,0.01994413137435913,0.000718894210876897,0.014900201000273228,0.020076856948435307,0.0007756361737847328
276,0.10986626893281937,0.43812593817710876,0.017108316998928785,0.021256085485219955,0.0007473702426068485,0.015711968764662743,0.01862224657088518,0.000820961722638458,0.015214600134640932,0.019497908651828766,0.0008868128643371165
277,0.16717582195997238,2.344184160232544,0.029407168040052056,0.028573157731443644,0.0006109931564424187,0.029895862564444542,0.02899889647960663,0.0006993944698479027,0.030787048395723104,0.017435405869036913,0.0007679092232137918
278,0.15405359119176865,0.8504033088684082,0.01988629437983036,0.029882856644690037,0.000996684713754803,0.019576056860387325,0.03052580449730158,0.001064299838617444,0.02000261750072241,0.030996078625321388,0.0011229000519961119
279,0.1748712733387947,0.3937128782272339,0.03722483105957508,0.02801911160349846,0.0007194133650045842,0.036348285153508186,0.017051931470632553,0.0008039901731535792,0.0361005999147892,0.01773260161280632,0.000870514108100906
280,0.25347109138965607,0.6870391368865967,0.03364748414605856,0.04985455051064491,0.0008767061517573893,0.032750003039836884,0.05016188137233257,0.0009325326536782086,0.03239760082215071,0.051866717636585236,0.0009836197132244706
281,0.3715779334306717,0.7014550566673279,0.039852106012403965,0.08089499548077583,0.001000559190288186,0.03917703125625849,0.08485224097967148,0.0010573994368314743,0.03875957615673542,0.08487726002931595,0.001106756622903049
282,0.19234474003314972,0.9573155641555786,0.03653125651180744,0.023633860982954502,0.0009295871714130044,0.035415271297097206,0.03539894800633192,0.000999061856418848,0.034728340804576874,0.02364895772188902,0.0010594598716124892
283,0.3638574182987213,2.8800718784332275,0.07559927552938461,0.04794478602707386,0.0009469096839893609,0.07387634366750717,0.04197488911449909,0.001000288815703243,0.07223465293645859,0.04923216626048088,0.001048117526806891
284,0.12719610333442688,0.642092227935791,0.020250914618372917,0.022024347446858883,0.000777728360844776,0.0189021872356534,0.022562417201697826,0.0008436618081759661,0.018544813618063927,0.022387011907994747,0.0009030250075738877
285,0.2631276696920395,0.7171686291694641,0.055081719532608986,0.029438789933919907,0.0008407576242461801,0.054326873272657394,0.03704841248691082,0.0009225755929946899,0.053942833095788956,0.03053946513682604,0.0009862389415502548
286,0.18564388155937195,0.7837976813316345,0.027360532898455858,0.03507199510931969,0.0008655680867377669,0.026000864803791046,0.03452467638999224,0.0009383812139276415,0.025424493476748466,0.03445630241185427,0.00100107112666592
287,0.22571656107902527,0.49898412823677063,0.04561091214418411,0.03347897622734308,0.0007475063612218946,0.04505503363907337,0.032716045156121254,0.0008130208880174905,0.045018378645181656,0.02140874695032835,0.0008679276506882161
288,0.1427362784743309,0.4200122058391571,0.02908209338784218,0.019139733165502548,0.0007277351396623999,0.027903868816792965,0.017081095837056637,0.0007984001713339239,0.02747633494436741,0.019669420085847378,0.0008575998072046787
289,0.28521236777305603,2.5847020149230957,0.056757500395178795,0.04143348801881075,0.0009594381554052234,0.054926881566643715,0.04118949268013239,0.0010258646216243505,0.05327806435525417,0.03455733601003885,0.001084310351870954
290,0.16884718090295792,0.7707996368408203,0.033463102765381336,0.025626127142459154,0.0006625991663895547,0.03218358522281051,0.023174315690994263,0.000730508443666622,0.03157115960493684,0.020649229176342487,0.0007865557563491166
291,0.15512555837631226,1.1689144372940063,0.019600557163357735,0.03190635982900858,0.0009275446063838899,0.01944468729197979,0.030138148926198483,0.0009909867658279836,0.02048730943351984,0.030580385588109493,0.0010495885508134961
292,0.37131164968013763,0.5065091252326965,0.04740361124277115,0.03810481261461973,0.0009843222214840353,0.04646840877830982,0.09510081633925438,0.0010419191094115376,0.046323101967573166,0.09479161724448204,0.0010930514545179904
293,0.13796070218086243,1.6211599111557007,0.019654073752462864,0.023762263357639313,0.0009223545202985406,0.019690454937517643,0.02607031911611557,0.001000966236460954,0.02052480261772871,0.02526959590613842,0.001065875985659659
294,0.2760709226131439,1.3754661083221436,0.05482361651957035,0.04008679836988449,0.0009259562066290528,0.05338715948164463,0.04076715558767319,0.0009892677189782262,0.05250438489019871,0.03153971489518881,0.0010468692053109407
295,0.08875221759080887,2.1907472610473633,0.01163678546436131,0.015802401583641768,0.0006749611638952047,0.011467591626569629,0.016528602223843336,0.0007782495522405952,0.012499657459557056,0.01850268803536892,0.0008612752426415682
296,0.2862989977002144,0.6062800288200378,0.03926775045692921,0.07443883363157511,0.000939787772949785,0.03844865504652262,0.019252273254096508,0.001024579454679042,0.03799170535057783,0.07384339161217213,0.0010920355562120676
297,0.24111154302954674,1.8182783126831055,0.04686897341161966,0.03212638571858406,0.0008894337806850672,0.045248303562402725,0.030500058084726334,0.0009722415707074106,0.04389644879847765,0.03957137651741505,0.0010383300832472742
298,0.193437397480011,0.8093118667602539,0.030442744493484497,0.03439994156360626,0.000906989153008908,0.029396493919193745,0.03368360735476017,0.0009889384964480996,0.028785111382603645,0.033777241595089436,0.001056323410011828
299,0.1374552920460701,0.4083595275878906,0.024733807425945997,0.02019629254937172,0.0008572882506996393,0.023549030534923077,0.021475479938089848,0.0009382851421833038,0.023666104767471552,0.02103023510426283,0.0010087669070344418
300,0.2155723161995411,1.9536584615707397,0.03710049111396074,0.07080411352217197,0.000865638954564929,0.035120694898068905,0.018064429983496666,0.0009361757547594607,0.03355055348947644,0.018135704565793276,0.0009945213969331235
301,0.2525951415300369,1.0918009281158447,0.030560976825654507,0.050613781437277794,0.0009970820683520287,0.030166320502758026,0.052091209217906,0.001065788499545306,0.030667378567159176,0.05530991777777672,0.0011226868373341858
302,0.11862791702151299,1.0216487646102905,0.02082006447017193,0.019174284301698208,0.0007759750005789101,0.019126408733427525,0.018357060849666595,0.0008686270157340914,0.01831266935914755,0.020252603106200695,0.0009402279101777822
303,0.2845698297023773,2.323737859725952,0.04716051183640957,0.08723695389926434,0.0009853296214714646,0.045213690027594566,0.029265783727169037,0.0010542409727349877,0.04363902471959591,0.028900863137096167,0.001113416685257107
304,0.2620486542582512,1.091506838798523,0.06353391148149967,0.02343981061130762,0.0008762382203713059,0.062407465651631355,0.023770936764776707,0.000960729958023876,0.06212807632982731,0.023906264454126358,0.0010252153733745217
305,0.1466762274503708,0.5961499214172363,0.020456472411751747,0.030692835338413715,0.0008739446639083326,0.019433396868407726,0.027714421972632408,0.0009520711028017104,0.019297192804515362,0.02624189481139183,0.001014004199532792
306,0.24639997258782387,2.0588901042938232,0.046444169245660305,0.03534826636314392,0.0008451303874608129,0.04408972151577473,0.036167158745229244,0.0009171724377665669,0.042183110024780035,0.03943059220910072,0.0009746463620103896
307,0.24535197019577026,0.8399754762649536,0.05104834958910942,0.02928701601922512,0.0007440377085004002,0.04972392879426479,0.022815861739218235,0.000829408731078729,0.048667753115296364,0.041339545510709286,0.0008960622944869101
308,0.1542758122086525,0.3529437482357025,0.028717822395265102,0.018514486961066723,0.0007487887924071401,0.027167879976332188,0.019055256620049477,0.0008618267893325537,0.026647464372217655,0.03161803912371397,0.0009442536684218794
309,0.15400516241788864,0.8930923938751221,0.021909468807280064,0.026770771481096745,0.0009147640957962722,0.021221044473350048,0.032370940782129765,0.001000749645754695,0.02170961257070303,0.027037923224270344,0.0010698898404370993
310,0.22919100522994995,1.332118034362793,0.04353850707411766,0.028868735767900944,0.0008807906415313482,0.04299550270661712,0.03625864814966917,0.0009768198942765594,0.043939665891230106,0.030684756115078926,0.001047589408699423
311,0.1608027070760727,0.7261958122253418,0.022745653986930847,0.0327824717387557,0.0008867256983648986,0.021746616810560226,0.030985689722001553,0.0009730888996273279,0.021749457344412804,0.027888622134923935,0.0010443773062434047
312,0.14884673804044724,0.6162450313568115,0.022661730647087097,0.027662117034196854,0.0008240952738560736,0.02107664756476879,0.02906927466392517,0.0009225799585692585,0.020572662353515625,0.025059598498046398,0.00099803478224203
313,0.24248195439577103,1.2812782526016235,0.043306165374815464,0.0358336316421628,0.0008121179125737399,0.04276284296065569,0.03558331448584795,0.0009106397046707571,0.043587710708379745,0.03869647905230522,0.0009890507790260017
314,0.11695272102952003,0.5920249819755554,0.01683606579899788,0.022699163295328617,0.0008041537657845765,0.015410804189741611,0.021803583949804306,0.0008934355573728681,0.015370156150311232,0.022168518044054508,0.0009668396669439971
315,0.1782068908214569,0.5467521548271179,0.03603071812540293,0.027103851549327374,0.0007886191015131772,0.03455378580838442,0.02133767493069172,0.0008809057471808046,0.03393199201673269,0.022622951306402683,0.0009563890343997627
316,0.27995167672634125,1.1731675863265991,0.05432765185832977,0.04193851351737976,0.0008601261652074754,0.05231349542737007,0.04060881398618221,0.0009637525654397905,0.05097651667892933,0.03692237474024296,0.0010404290223959833
317,0.12931520864367485,1.2504115104675293,0.0194868016988039,0.02249007858335972,0.0007616660441271961,0.019040197134017944,0.022839088924229145,0.0008673495904076844,0.019406890496611595,0.02347305603325367,0.0009500778978690505
318,0.1529768481850624,1.582427978515625,0.02257873979397118,0.029419095255434513,0.0007497738697566092,0.022103334311395884,0.026964650489389896,0.0008645271591376513,0.02250924101099372,0.026830326300114393,0.0009571494301781058
319,0.2280215471982956,0.8185163140296936,0.03609592653810978,0.041121706366539,0.0009525167697574943,0.03459411673247814,0.04420611634850502,0.0010376163409091532,0.033794162794947624,0.035103509202599525,0.0011158675188198686
320,0.1659625843167305,1.9694548845291138,0.034350525587797165,0.018755019642412663,0.0007141124224290252,0.03202553326264024,0.027579372748732567,0.0007933322922326624,0.030156210064888,0.020728928968310356,0.0008595484250690788
321,0.1430608555674553,0.3755597174167633,0.025947256945073605,0.017357722856104374,0.0007883716025389731,0.02413809671998024,0.016964354552328587,0.0009085958008654416,0.023600527085363865,0.03235878050327301,0.0009971443796530366
322,0.23384177684783936,0.4651232957839966,0.03878333792090416,0.03673116583377123,0.0008701747574377805,0.03790261223912239,0.03899815119802952,0.0009502411703579128,0.03802693262696266,0.0405637426301837,0.0010154140763916075
323,0.19282280653715134,0.7417072653770447,0.02726676594465971,0.038483782671391964,0.000987798033747822,0.025835789740085602,0.03605159558355808,0.0010718610719777644,0.02527491468936205,0.03670939616858959,0.0011408939608372748
324,0.15311329066753387,1.5435575246810913,0.024266574066132307,0.020475484430789948,0.0008659652376081795,0.02324902731925249,0.027613166719675064,0.0009553138515911996,0.02414114074781537,0.030513432808220387,0.0010331850498914719
325,0.2116207405924797,1.7891969680786133,0.04418044537305832,0.02390865981578827,0.0008444148697890341,0.04211571626365185,0.029640506953001022,0.0009316577343270183,0.04047410376369953,0.028522728011012077,0.0010025126684922725
326,0.07961455732584,0.8745489716529846,0.01244908757507801,0.014433746226131916,0.0006013510865159333,0.011523868422955275,0.01232097577303648,0.0007052753062453121,0.011437901761382818,0.015353756956756115,0.0007885920058470219
327,0.17422248050570488,0.7261744141578674,0.027429704554378986,0.029903004877269268,0.0008247583755291998,0.025746358558535576,0.032979901880025864,0.0009161555208265781,0.024874620139598846,0.0305563947185874,0.0009915771370287985
328,0.25896644592285156,1.039343237876892,0.0445544496178627,0.026237607933580875,0.0009720503003336489,0.04284210875630379,0.08285519853234291,0.0010489263222552836,0.04189183749258518,0.01744683412835002,0.0011174341780133545
329,0.13046453893184662,1.1702303886413574,0.018920211121439934,0.023739193566143513,0.0009356500231660903,0.01833263225853443,0.023561750538647175,0.0010254626104142517,0.019050889648497105,0.023806187324225903,0.001092559308744967
330,0.12500515580177307,1.0317225456237793,0.016137976199388504,0.024199241772294044,0.0008680420578457415,0.015350434929132462,0.024419989436864853,0.0009564055653754622,0.01611725054681301,0.025926637463271618,0.0010291900834999979
331,0.17427628487348557,2.077422618865967,0.03409000765532255,0.02714628167450428,0.00071695790393278,0.03155854297801852,0.02365039475262165,0.0007951731386128813,0.029512328561395407,0.025946025736629963,0.0008605788461863995
332,0.28229352086782455,2.426992893218994,0.04654727689921856,0.03168506408110261,0.0009989865648094565,0.044121475890278816,0.08536978252232075,0.0010819556191563606,0.04231090098619461,0.029032432474195957,0.0011456302017904818
333,0.2065708488225937,0.7608481645584106,0.042925006709992886,0.026305033825337887,0.0007185567810665816,0.04193545738235116,0.026284055784344673,0.0008183771860785782,0.04259010870009661,0.0241012554615736,0.0008929935574997216
334,0.11888530105352402,0.9543445706367493,0.019083604216575623,0.020346718840301037,0.0007743085734546185,0.01799738733097911,0.020286576822400093,0.0008778944611549377,0.018222921527922153,0.02033567987382412,0.000960210949415341
335,0.23549403250217438,0.8711724877357483,0.04576393589377403,0.026808293536305428,0.0008077060920186341,0.04447768349200487,0.03510597534477711,0.0009017159463837743,0.04446448106318712,0.0361939761787653,0.0009702722309157252
336,0.14537082239985466,0.3558620810508728,0.02642846666276455,0.021723694168031216,0.0008494504727423191,0.024904944468289614,0.021963730454444885,0.0009565124055370688,0.024678475223481655,0.022827562876045704,0.0010379813611507416
337,0.112382922321558,0.4698828160762787,0.01976103615015745,0.018179678358137608,0.0007164562412071973,0.017924382351338863,0.017792222555726767,0.0008202283934224397,0.017712760716676712,0.018571296706795692,0.0009048627398442477
338,0.33390554785728455,1.822370171546936,0.06987535953521729,0.03824959509074688,0.0007561967358924448,0.06815838813781738,0.04757087305188179,0.0008493333880323917,0.06745775789022446,0.040075020864605904,0.0009130167309194803
339,0.11944078654050827,0.6342849731445312,0.0177536029368639,0.022759221494197845,0.0008398666686844081,0.016339467838406563,0.021431777626276016,0.0009388743492309004,0.016576703172177076,0.021786794066429138,0.0010144741390831769
340,0.14755702018737793,1.0168253183364868,0.02736063953489065,0.02271935995668173,0.0009212585864588618,0.025240140035748482,0.02339749876409769,0.0010265763266943395,0.024251175113022327,0.02153334766626358,0.0011070244945585728
341,0.19191858917474747,0.862808108329773,0.028088979423046112,0.03641487471759319,0.000974299677181989,0.02719381544739008,0.042264100164175034,0.0010672385105863214,0.027517042122781277,0.027260239236056805,0.0011380143696442246
342,0.21668212115764618,1.9353954792022705,0.03742797300219536,0.03747689165174961,0.0009929756924975663,0.03497231751680374,0.03470791317522526,0.001085948315449059,0.03333587944507599,0.035524736158549786,0.0011574876843951643
343,0.11715767160058022,0.4477345049381256,0.017608826514333487,0.02109737414866686,0.0008435783092863858,0.01599128171801567,0.022002749145030975,0.0009436241525691003,0.01594478078186512,0.021702821366488934,0.0010226325830444694
344,0.12550102919340134,1.2264745235443115,0.019045453518629074,0.02180327195674181,0.0007644470606464893,0.018430914729833603,0.02282992471009493,0.0008697030134499073,0.018740438856184483,0.02206496149301529,0.000951913301832974
345,0.21366237848997116,0.8110432624816895,0.033495521172881126,0.03727409243583679,0.0008363354136236012,0.03272228594869375,0.03632153756916523,0.0009270446025766432,0.03301491681486368,0.038072298280894756,0.000998351606540382
346,0.2865383177995682,2.6216254234313965,0.06236441992223263,0.03540605213493109,0.0008421583333984017,0.05962551757693291,0.030922147445380688,0.0009246361441910267,0.057256052270531654,0.03819996025413275,0.0009973702544812113
347,0.2139362096786499,1.4287326335906982,0.0354316309094429,0.033470069989562035,0.0009477098064962775,0.03337028622627258,0.04265782982110977,0.0010303860763087869,0.032443370670080185,0.03348695393651724,0.0010979635990224779
348,0.18312736600637436,0.5351275205612183,0.0356348417699337,0.021928786300122738,0.0008767961990088224,0.033839255571365356,0.021833909675478935,0.0009901283192448318,0.03308861888945103,0.03386108763515949,0.001073944877134636
349,0.14720047265291214,0.8323857188224792,0.02203577314503491,0.027428109664469957,0.0007355677080340683,0.02074668975546956,0.026614734902977943,0.0008410164737142622,0.019935223273932934,0.027933196164667606,0.0009301636600866914
350,0.27413521707057953,0.5941548943519592,0.05147451534867287,0.03550959192216396,0.0008413059404119849,0.04982602410018444,0.042184529826045036,0.000934070092625916,0.05008908919990063,0.04226694814860821,0.0010091370495501906
351,0.2554536908864975,1.1473065614700317,0.04843944776803255,0.038166667334735394,0.000794220482930541,0.046708802692592144,0.042874718084931374,0.0008872719772625715,0.04634471610188484,0.03027642611414194,0.0009614205337129533
352,0.18226253986358643,1.3189634084701538,0.03246858110651374,0.02744332142174244,0.000758355890866369,0.03143827896565199,0.027191820554435253,0.000869640352902934,0.031549643725156784,0.029586984775960445,0.0009559135069139302
353,0.1097484678030014,0.6094270944595337,0.017372841015458107,0.018983297049999237,0.0007581766985822469,0.015008602291345596,0.019051942974328995,0.0008595787512604147,0.014681140426546335,0.0220901221036911,0.0009427652694284916
354,0.16456137597560883,0.7087932825088501,0.02499402593821287,0.03354823961853981,0.0009748965967446566,0.02377631887793541,0.02356076706200838,0.001069080550223589,0.02393785584717989,0.03155749384313822,0.0011426990386098623
355,0.1650252863764763,1.2310172319412231,0.024325378239154816,0.030252988450229168,0.0007798725564498454,0.023034952580928802,0.03040674328804016,0.0008942460408434272,0.02324900170788169,0.0311043718829751,0.0009777372179087251
356,0.307230144739151,2.6440494060516357,0.06248882785439491,0.039066703990101814,0.0008248286321759224,0.05987423099577427,0.045237669721245766,0.0008945855079218745,0.05745992995798588,0.04042733460664749,0.0009560407197568566
357,0.12434033304452896,0.4545462131500244,0.01903268415480852,0.02177836373448372,0.0008087368914857507,0.017531862016767263,0.022723603062331676,0.0008902450790628791,0.017793290317058563,0.022822479717433453,0.0009590708359610289
358,0.23892566561698914,1.1332862377166748,0.05086729861795902,0.022462385706603527,0.0007286859326995909,0.049326254054903984,0.042029328644275665,0.000802639580797404,0.048177070915699005,0.02366883121430874,0.0008631850068923086
359,0.2690846621990204,0.7873384356498718,0.0513418298214674,0.036373741924762726,0.0008384003886021674,0.04988616332411766,0.04315929673612118,0.0009270343871321529,0.0499629694968462,0.035600800067186356,0.0009944213088601828
360,0.12822405993938446,2.3361222743988037,0.015324858017265797,0.027466327883303165,0.0008963016443885863,0.015416759066283703,0.02353447861969471,0.0009971213585231453,0.016850203275680542,0.02666419930756092,0.0010738183045759797
361,0.19347716122865677,0.2642078399658203,0.029774093069136143,0.031110912561416626,0.0010207546292804182,0.02874907199293375,0.035514937713742256,0.0011152985971421003,0.02857152745127678,0.03643738105893135,0.0011831804877147079
362,0.23094313964247704,0.8046495914459229,0.04455739539116621,0.03285170439630747,0.000877766840858385,0.043134891893714666,0.031614397652447224,0.0009785191505216062,0.042235175147652626,0.03363144211471081,0.0010618497617542744
363,0.18109659478068352,2.462222099304199,0.0298503078520298,0.031942343339324,0.0008621273445896804,0.026959200389683247,0.032823395915329456,0.00094855364295654,0.0250354316085577,0.03165872022509575,0.001016514637740329
364,0.2976464554667473,1.4066118001937866,0.04099327977746725,0.07754821423441172,0.000942104437854141,0.038995794020593166,0.07679168414324522,0.0010333867103327066,0.03795998636633158,0.022273579612374306,0.0011084193247370422
365,0.0744411051273346,0.7145354747772217,0.01164357247762382,0.014262613607570529,0.0006273843464441597,0.01004772842861712,0.013030745554715395,0.000740365096135065,0.009649531915783882,0.013608071021735668,0.0008310918638017029
366,0.17387627065181732,0.7299574613571167,0.036344584077596664,0.01655685156583786,0.0007624136051163077,0.03523206524550915,0.017269580624997616,0.0008807888661976904,0.03530188463628292,0.030557597056031227,0.0009705088450573385
367,0.2053554803133011,0.7296651601791382,0.04172070091590285,0.026996231637895107,0.0007881906640250236,0.03965847892686725,0.026063664816319942,0.000888740411028266,0.04057470615953207,0.027700500562787056,0.0009642719523981214
368,0.16959483548998833,1.3299790620803833,0.02599142398685217,0.030905948020517826,0.0008919472747948021,0.023692321963608265,0.031547374092042446,0.0009824014850892127,0.022517896257340908,0.03201123047620058,0.0010542823001742363
369,0.10777796804904938,1.0796031951904297,0.017363514751195908,0.019133216701447964,0.0007378443551715463,0.0144035411067307,0.02068755216896534,0.0008290530822705477,0.012841486372053623,0.02088365238159895,0.0008981052087619901
370,0.3106185048818588,1.313196063041687,0.053117476403713226,0.05289498344063759,0.0008729774272069335,0.05105786211788654,0.044569989666342735,0.000953825656324625,0.05048476718366146,0.05564895644783974,0.001017665839754045
371,0.22332172840833664,1.27948796749115,0.03531092777848244,0.045004185289144516,0.0008621620363555849,0.03294619359076023,0.03206856641918421,0.0009681359515525401,0.031842662021517754,0.04326772503554821,0.001051170052960515
372,0.14460214227437973,1.2435001134872437,0.027061475440859795,0.021291476674377918,0.0008780231000855565,0.024249200243502855,0.022973869927227497,0.0009808280155993998,0.022699358407408,0.02341347187757492,0.0010544356191530824
373,0.2534959688782692,0.67552649974823,0.03508806601166725,0.04879081808030605,0.0009585755760781467,0.03353665769100189,0.04854414239525795,0.0010421532206237316,0.033920394256711006,0.05050794780254364,0.0011072034831158817
374,0.1453849896788597,0.5455167889595032,0.0274992473423481,0.018297932110726833,0.0007537149649579078,0.02486269921064377,0.01759450137615204,0.0008640087326057255,0.02386504877358675,0.030695131048560143,0.0009527071379125118
375,0.21468905359506607,1.6336225271224976,0.049354467540979385,0.02516073826700449,0.0007286873878911138,0.04611603170633316,0.02641362603753805,0.000820530520286411,0.04410006292164326,0.021105630323290825,0.0008892818004824221
376,0.14388903230428696,0.5067976713180542,0.02752154041081667,0.02828048262745142,0.0007532667950727046,0.02481279242783785,0.01780626457184553,0.0008674204291310161,0.023780341260135174,0.019112701527774334,0.0009542207117192447
377,0.2455196976661682,0.6095753312110901,0.04400952439755201,0.0398858655244112,0.0008844656695146114,0.042522736359387636,0.04001588840037584,0.00099104069522582,0.04196404106914997,0.03416668251156807,0.0010794452973641455
378,0.1537702977657318,0.8000938296318054,0.03390198992565274,0.017426711041480303,0.000940084719331935,0.031957339495420456,0.016820955090224743,0.0010455748706590384,0.03190514352172613,0.01864573359489441,0.0011267586960457265
379,0.14859402924776077,1.4161043167114258,0.02927157562226057,0.018700295127928257,0.0008375384786631912,0.02875570021569729,0.019392939284443855,0.0009516898135188967,0.029980582185089588,0.019664844498038292,0.0010388675145804882
380,0.17987993359565735,0.29054051637649536,0.0256279562599957,0.03576578479260206,0.001011172542348504,0.023206174839287996,0.03466177266091108,0.0011134195374324918,0.022725630551576614,0.03458165843039751,0.0011863597901538014
381,0.29470884054899216,0.36304566264152527,0.04601670242846012,0.015708002727478743,0.000919538113521412,0.04417418874800205,0.07096879929304123,0.0010219479154329747,0.0435669869184494,0.07122977543622255,0.0011028939625248313
382,0.1832328364253044,0.4332234263420105,0.0439225472509861,0.017119217664003372,0.0007664546719752252,0.04206548072397709,0.018069714307785034,0.0008736795862205327,0.04112731292843819,0.018334023654460907,0.0009543970227241516
383,0.1453009694814682,0.37074726819992065,0.026498084887862206,0.02374689094722271,0.0009008224587887526,0.02338441088795662,0.02143159694969654,0.0010129602742381394,0.022454496007412672,0.024775934405624866,0.0010957727790810168
384,0.13153892010450363,1.9050089120864868,0.027311088517308235,0.01520231133326888,0.0007607768347952515,0.026339596137404442,0.015619691461324692,0.0008878634835127741,0.027292871847748756,0.017143298871815205,0.0009814221994020045
385,0.1552029550075531,0.44918859004974365,0.025967993307858706,0.02541592437773943,0.0009673346648924053,0.02430876065045595,0.024314493872225285,0.0010776271810755134,0.02447456121444702,0.027515552006661892,0.0011607104097492993
386,0.20114170759916306,1.3300620317459106,0.025846394710242748,0.038670058362185955,0.0008507709426339716,0.024725920520722866,0.040837463922798634,0.0009434582607354969,0.02564609283581376,0.04260614048689604,0.0010154006886295974
387,0.11775732412934303,1.0661449432373047,0.017837789840996265,0.020079384557902813,0.0007829893729649484,0.016370710916817188,0.020418422296643257,0.0008998753037303686,0.016926350072026253,0.02345157042145729,0.0009902296005748212
388,0.09673525393009186,1.5092644691467285,0.015496236272156239,0.015742959920316935,0.0007024513906799257,0.014473233371973038,0.01576379220932722,0.000822525005787611,0.015180758200585842,0.01764548569917679,0.0009078151488211006
389,0.39105701446533203,1.2194281816482544,0.05215064063668251,0.08822116442024708,0.0009232608426827937,0.04984288476407528,0.07530865259468555,0.0010163377155549824,0.04832717590034008,0.07417814712971449,0.0010887589887715876
390,0.3266173154115677,2.027461290359497,0.062066320329904556,0.044847387820482254,0.0008984255837276578,0.05970188416540623,0.05314902029931545,0.000993227178696543,0.05767868272960186,0.046211039647459984,0.0010713341180235147
391,0.16811342537403107,0.6451743841171265,0.03520323522388935,0.021732468158006668,0.0008830848964862525,0.03314252384006977,0.02121306210756302,0.0009981287876144052,0.032099153846502304,0.02176485676318407,0.001076912332791835
392,0.225838340818882,1.0836331844329834,0.04510014969855547,0.02841792069375515,0.0008347042021341622,0.042957465164363384,0.02723565511405468,0.000939066638238728,0.041872112080454826,0.037460618652403355,0.0010206421720795333
393,0.10874538868665695,0.5127584338188171,0.0167249608784914,0.019968783482909203,0.000796470936620608,0.01397487660869956,0.020098788663744926,0.0009051394881680608,0.014063358772546053,0.021231507882475853,0.0009814986842684448
394,0.3740111291408539,2.446227788925171,0.0517826396971941,0.07289658393710852,0.0008703831117600203,0.04843318276107311,0.07942366786301136,0.0009546552319079638,0.045898471027612686,0.07273303903639317,0.0010184823768213391
395,0.1733928993344307,0.8727160096168518,0.025436631869524717,0.033761425875127316,0.0008920463733375072,0.02303808508440852,0.03193955682218075,0.0009820105624385178,0.022460599895566702,0.03382628131657839,0.0010562576935626566
396,0.23752131313085556,0.8891477584838867,0.046181583777070045,0.014964510686695576,0.000908431364223361,0.043981147930026054,0.015381528064608574,0.0010071712313219905,0.04291410744190216,0.0711005125194788,0.0010823129559867084
397,0.27667685598134995,2.00549578666687,0.05877501331269741,0.025695456191897392,0.000748695689253509,0.055659038946032524,0.03900730609893799,0.000847492105094716,0.05429510958492756,0.04073227010667324,0.0009164681250695139
398,0.18255574256181717,0.49083882570266724,0.03564739413559437,0.02950506191700697,0.0007737397099845111,0.034012990072369576,0.01659463159739971,0.0008879709057509899,0.033841537311673164,0.03032328374683857,0.0009691261511761695
399,0.2188224121928215,1.0332088470458984,0.04230073746293783,0.031049415469169617,0.0008201355813071132,0.03956264117732644,0.031286078970879316,0.0009354938520118594,0.039709396194666624,0.03214166313409805,0.0010168486624024808
400,0.23348626494407654,0.8809394836425781,0.04173576831817627,0.034737126901745796,0.000834185048006475,0.03976130858063698,0.03671438992023468,0.0009325604769401252,0.03970076609402895,0.03806174639612436,0.0010084008681587875
401,0.09757416322827339,0.2919195294380188,0.0163651742041111,0.019506894052028656,0.0008112620271276683,0.013154400046914816,0.016297340858727694,0.0009256831253878772,0.012833279091864824,0.016673756763339043,0.0010063721856568009
402,0.16756387054920197,0.7983191013336182,0.03524075448513031,0.016626260243356228,0.000870940595632419,0.03396200109273195,0.026297999545931816,0.0009726065909489989,0.03452906757593155,0.018011211417615414,0.001053032756317407
403,0.1269872859120369,0.5011396408081055,0.02716487180441618,0.015925490763038397,0.0007784649496898055,0.024776306468993425,0.015814799815416336,0.0008810001309029758,0.02455937582999468,0.016131409909576178,0.0009555652504786849
404,0.07206008769571781,1.740396499633789,0.010896232211962342,0.014045968651771545,0.0006661237857770175,0.009296075208112597,0.012276617344468832,0.0007917690090835094,0.009588216431438923,0.013613221235573292,0.0008858605287969112
405,0.15496726334095,1.2222388982772827,0.02446877583861351,0.02648637443780899,0.0008245779317803681,0.023027233313769102,0.027109311893582344,0.0009448589116800576,0.02381136640906334,0.027262701652944088,0.00103207107167691
406,0.19116634503006935,0.6373814344406128,0.036241302732378244,0.027367212809622288,0.0006729535816702992,0.03397720190696418,0.02807616489008069,0.0008001151436474174,0.03367065265774727,0.029468451160937548,0.0008922870620153844
407,0.29414214193820953,3.0300004482269287,0.05504468455910683,0.04298190958797932,0.0009925636695697904,0.05166270770132542,0.051663754507899284,0.0010858854511752725,0.04916571732610464,0.040385132655501366,0.0011597737320698798
408,0.11417809873819351,1.698936104774475,0.01438674796372652,0.0233312314376235,0.0008206014172174037,0.013745254836976528,0.02280520275235176,0.0009418604313395917,0.014764067251235247,0.022351724095642567,0.0010314096580259502
409,0.15711667388677597,1.0652356147766113,0.018951343838125467,0.0334315886721015,0.0009665219113230705,0.018448947928845882,0.03439593594521284,0.001064860261976719,0.01910546561703086,0.02960730902850628,0.0011446998687461019
410,0.24940122663974762,1.7933818101882935,0.04690598510205746,0.039949122816324234,0.0009389934712089598,0.044444591738283634,0.031160086393356323,0.0010427645174786448,0.042796067893505096,0.04103954788297415,0.0011240630992688239
411,0.1606540083885193,1.1698884963989258,0.028102097334340215,0.029147653374820948,0.0006708984728902578,0.02738933777436614,0.028936035465449095,0.0007934530731290579,0.027590500889346004,0.017135158646851778,0.0008888702723197639
412,0.1613418310880661,0.4675082564353943,0.03313251491636038,0.020215806551277637,0.0007533281750511378,0.03176343999803066,0.019586265087127686,0.0008678287849761546,0.031497019343078136,0.022569038905203342,0.000956580595811829
413,0.15148726105690002,0.7128744721412659,0.021142082288861275,0.028455975465476513,0.0009603818762116134,0.02045772224664688,0.028343326412141323,0.0010584697010926902,0.021253950893878937,0.02867846190929413,0.0011368895065970719
414,0.13868974894285202,1.1298425197601318,0.02629981143400073,0.018380919471383095,0.0007787948125042021,0.025654103606939316,0.020304872654378414,0.0008882904949132353,0.026597422547638416,0.01881118305027485,0.0009743475820869207
415,0.21434379369020462,1.552223801612854,0.029306556098163128,0.044558338820934296,0.0010046529932878911,0.027486643753945827,0.045195894315838814,0.0010857959860004485,0.02657853439450264,0.037979135289788246,0.0011482486734166741
416,0.10443303361535072,1.2403974533081055,0.01906133722513914,0.017693855799734592,0.0007614369387738407,0.015609432943165302,0.017586320638656616,0.0008624751353636384,0.014220134355127811,0.017701059579849243,0.0009369802428409457
417,0.19584393501281738,0.949583113193512,0.034590999595820904,0.03589988499879837,0.0008502043783664703,0.03234711568802595,0.03478150721639395,0.0009562692721374333,0.031461155973374844,0.0239225747063756,0.0010342200985178351
418,0.23473840951919556,1.114504098892212,0.0318161565810442,0.04700854420661926,0.0009158804314211011,0.029773645102977753,0.04695599898695946,0.0009974243002943695,0.02901478949934244,0.047191865742206573,0.0010641105473041534
419,0.2919840067625046,0.8157514333724976,0.0372390802949667,0.05863165482878685,0.0009841991122812033,0.03524678200483322,0.0605795681476593,0.0010482091456651688,0.03477795049548149,0.06237307749688625,0.0011034884955734015
420,0.2878858894109726,1.6410881280899048,0.05147942714393139,0.032050494104623795,0.0009272071765735745,0.04858529008924961,0.08701641112565994,0.0010232229251414537,0.046889765188097954,0.01881825365126133,0.0010958111379295588
421,0.2315007448196411,0.9541425704956055,0.041489891707897186,0.03255818597972393,0.0007825860229786485,0.039484817534685135,0.03254001960158348,0.0008854928018990904,0.0381315890699625,0.04466856271028519,0.0009595965384505689
422,0.09905736148357391,1.3907963037490845,0.015066658146679401,0.01777478586882353,0.0007951985171530396,0.012990941293537617,0.01783580705523491,0.000895321456482634,0.013919363729655743,0.01880601141601801,0.0009732723119668663
423,0.2105720192193985,1.7093100547790527,0.03435453586280346,0.04105457104742527,0.0008693843556102365,0.03131365869194269,0.04085901379585266,0.0009605244267731905,0.02950874250382185,0.03061486314982176,0.0010367236391175538
424,0.11287112161517143,0.33250048756599426,0.020482385531067848,0.018740239553153515,0.0007811521645635366,0.01653873920440674,0.018592040985822678,0.0008956613892223686,0.016331369057297707,0.019527392461895943,0.000982137629762292
425,0.1702932007610798,0.3973959684371948,0.03212623158469796,0.028891018591821194,0.0008832062885630876,0.029855200555175543,0.021998410113155842,0.0009797323145903647,0.029264616779983044,0.025243937969207764,0.0010508456034585834
426,0.16569694131612778,1.4773133993148804,0.0257730009034276,0.0311874495819211,0.0009291284077335149,0.02207038877531886,0.031018956564366817,0.0010343092144466937,0.02110638888552785,0.03146970085799694,0.0011076172231696546
427,0.15317096561193466,0.3713294267654419,0.02738090232014656,0.023664631880819798,0.000966745603363961,0.024899905547499657,0.024495042860507965,0.0010821675532497466,0.02501394785940647,0.024502770975232124,0.0011648564250208437
428,0.17448436468839645,0.7761766314506531,0.03242048155516386,0.021187531296163797,0.0007628898601979017,0.030845256056636572,0.021441657096147537,0.000883369822986424,0.031152245588600636,0.03481496684253216,0.0009759698004927486
429,0.15088309720158577,1.8618780374526978,0.023294443264603615,0.028903694823384285,0.0008042088302318007,0.022254244890064,0.01863501500338316,0.0009156714950222522,0.023694843985140324,0.03137648291885853,0.0010044949012808502
430,0.1446703039109707,0.7684518694877625,0.025109164882451296,0.022434158250689507,0.0008785116369836032,0.023399686440825462,0.023102697916328907,0.001001391967292875,0.023954051546752453,0.02370387129485607,0.0010867762612178922
431,0.12824542075395584,0.5618008971214294,0.02078393567353487,0.02364382054656744,0.0008593522943556309,0.01831533806398511,0.02191633079200983,0.0009758627857081592,0.01832410180941224,0.02236227970570326,0.0010643996065482497
432,0.21446297317743301,1.2507990598678589,0.041154141537845135,0.02929620910435915,0.0009064962505362928,0.038270742166787386,0.03649191837757826,0.0010074343590531498,0.03728013439103961,0.02897772751748562,0.0010781766613945365
433,0.1506798155605793,1.2541828155517578,0.025696021504700184,0.02971981093287468,0.0009249845170415938,0.023904736153781414,0.021231708116829395,0.0010353514808230102,0.024585059843957424,0.022464269772171974,0.0011178740533068776
434,0.14744379371404648,1.5414543151855469,0.018632168415933847,0.029069582000374794,0.0009702942916192114,0.01842674659565091,0.028840145096182823,0.0010631639743223786,0.019683212507516146,0.029617296531796455,0.0011411866871640086
435,0.1740516610443592,0.4732448160648346,0.032618068158626556,0.03539016284048557,0.0007933340093586594,0.029593650717288256,0.021092657931149006,0.0008988699410110712,0.028703318908810616,0.02398540358990431,0.0009761941619217396
436,0.1615530624985695,0.8242040276527405,0.03292090445756912,0.019262772984802723,0.0007970169826876372,0.029830051120370626,0.02391422726213932,0.0009068030631169677,0.028562000952661037,0.024373353458940983,0.0009859333513304591
437,0.10605961456894875,0.8041308522224426,0.015181318391114473,0.022364681586623192,0.0007741695735603571,0.013116109184920788,0.020534994080662727,0.0008860135567374527,0.013396191876381636,0.018841066397726536,0.0009650703286752105
438,0.20011655241250992,0.6109985113143921,0.0434073731303215,0.01998075656592846,0.0008011766767594963,0.04138776287436485,0.019098191522061825,0.000908053683815524,0.0406700000166893,0.032879993319511414,0.000983242382062599
439,0.1946989893913269,0.5659820437431335,0.02747221477329731,0.03138047456741333,0.0008996741380542517,0.02664766274392605,0.03630530275404453,0.000995952752418816,0.026870544999837875,0.04305625706911087,0.0010709049529395998
440,0.15474040806293488,1.0105845928192139,0.017990469001233578,0.032112299464643,0.0009140163310803473,0.01777029735967517,0.029450290836393833,0.0010162797116208822,0.018498098477721214,0.035893622785806656,0.0010950270807370543
441,0.41453489661216736,0.7839910387992859,0.045139264315366745,0.09495359659194946,0.0010123119573108852,0.042386578395962715,0.09326891973614693,0.001090303179807961,0.04144076630473137,0.09409674257040024,0.001146405003964901
442,0.10815824940800667,0.7995338439941406,0.017622229643166065,0.019501068629324436,0.000815878389403224,0.01438412256538868,0.02103506587445736,0.0009130101534537971,0.01366955041885376,0.019231466576457024,0.0009858612902462482
443,0.14457067102193832,0.4683885872364044,0.023363242857158184,0.016982789151370525,0.0008174142276402563,0.021520190872251987,0.028498024679720402,0.0009171255514957011,0.021912830416113138,0.02957015670835972,0.0009888923086691648
444,0.1091272309422493,0.6532538533210754,0.014665122143924236,0.019149281550198793,0.0008615302213001996,0.013068517204374075,0.021333645563572645,0.0009605969535186887,0.013680147472769022,0.024376101791858673,0.0010322904563508928
445,0.288426473736763,0.8669654130935669,0.0369095504283905,0.06080437824130058,0.0009809440816752613,0.03479219041764736,0.060015298426151276,0.0010447600507177413,0.03456501476466656,0.05822159722447395,0.0010927377734333277
446,0.19561754167079926,1.545161247253418,0.03698761761188507,0.03017248958349228,0.000884155509993434,0.03426969051361084,0.02945314208045602,0.0009749849850777537,0.033025214448571205,0.028807835653424263,0.0010424111387692392
447,0.1650623455643654,1.7092740535736084,0.025170244742184877,0.03127105813473463,0.0009022607118822634,0.022612086031585932,0.03000900149345398,0.0009884973987936974,0.021406142506748438,0.03164360858500004,0.0010594401392154396
448,0.2095608375966549,1.7039607763290405,0.040382446721196175,0.025947533547878265,0.0008027172298170626,0.03746457817032933,0.032816012389957905,0.0008996179385576397,0.03601342160254717,0.03426029346883297,0.0009742150432430208
449,0.23504897207021713,0.5674464106559753,0.031109357252717018,0.04865004122257233,0.0009187071700580418,0.028848698362708092,0.044071534648537636,0.0010000173351727426,0.028660652227699757,0.05072188004851341,0.0010680912528187037
450,0.24502970278263092,1.2558796405792236,0.04393572174012661,0.042308549396693707,0.0010132446186617017,0.041169507429003716,0.03420928493142128,0.0011070934706367552,0.039885560516268015,0.04021476022899151,0.0011859967489726841
451,0.153673704713583,0.7943565845489502,0.03106503374874592,0.019593392498791218,0.0007228328613564372,0.02834975067526102,0.023173370864242315,0.0008307974494528025,0.02847614185884595,0.02055591158568859,0.0009064670011866838
452,0.12598291784524918,1.374855637550354,0.025474231224507093,0.015698853880167007,0.0007402401533909142,0.02384249959141016,0.015683787874877453,0.0008423909603152424,0.024725662544369698,0.018053983338177204,0.0009212668519467115
453,0.16832565516233444,1.1058446168899536,0.02942001912742853,0.028635076247155666,0.0009125045617111027,0.0286368690431118,0.024290757719427347,0.0010004506330005825,0.029464232735335827,0.024894780479371548,0.0010709725320339203
454,0.11962597817182541,0.411631315946579,0.016742995008826256,0.023521985858678818,0.0008882872061803937,0.01473259599879384,0.02220806945115328,0.000987265957519412,0.014820700976997614,0.02465885691344738,0.0010652245255187154
455,0.22624751180410385,1.6215852499008179,0.03705446049571037,0.03919611871242523,0.0008388690184801817,0.03435136470943689,0.04184398986399174,0.0009405472374055535,0.03293750062584877,0.03806680720299482,0.0010178594966419041
456,0.09193585813045502,0.2884191572666168,0.014651138801127672,0.016835263464599848,0.0007786786300130188,0.011819209903478622,0.016259250231087208,0.0008944093715399504,0.011488529853522778,0.018236802890896797,0.0009725761774461716
457,0.08496328257024288,1.7069644927978516,0.010026364354416728,0.017646681750193238,0.0007822835759725422,0.009482170455157757,0.01750788651406765,0.0008994591189548373,0.010967920068651438,0.016660636756569147,0.0009898834687191993
458,0.20722400397062302,2.352041721343994,0.03589252941310406,0.03619998134672642,0.0010048465337604284,0.03231475967913866,0.034695000387728214,0.0010982569074258208,0.030199524015188217,0.0346550028771162,0.0011640987358987331
459,0.1930575668811798,0.44688254594802856,0.02495957724750042,0.03798685874789953,0.000913160591153428,0.02321181120350957,0.04095431510359049,0.0009917999268509448,0.02344606164842844,0.039535706862807274,0.0010582918766885996
460,0.11087282747030258,0.3602652847766876,0.0152091677300632,0.024268053472042084,0.0008945745066739619,0.012564065400511026,0.021283677779138088,0.00098726199939847,0.01312956353649497,0.02148220781236887,0.0010542533709667623
461,0.10764779895544052,1.4942885637283325,0.017012285068631172,0.018074297811836004,0.0007955543114803731,0.015272684395313263,0.018883055076003075,0.0009113122941926122,0.01684607472270727,0.018855351954698563,0.000997183728031814
462,0.13792800158262253,0.4987740218639374,0.027999556623399258,0.01813510013744235,0.0008330629207193851,0.02583906427025795,0.017991164699196815,0.0009351423650514334,0.026176475919783115,0.019003047607839108,0.0010153872426599264
463,0.1544903889298439,0.8425424695014954,0.026796126505360007,0.02804155764169991,0.0006749454769305885,0.025649135233834386,0.01626447169110179,0.0007945242687128484,0.025604521157220006,0.02977163065224886,0.0008934731595218182
464,0.12344833463430405,0.7390075325965881,0.026589750312268734,0.015511117409914732,0.0008178144635166973,0.023912158329039812,0.014745975844562054,0.000926577253267169,0.02316934335976839,0.016771038062870502,0.0010045550006907433
465,0.17209803313016891,2.129885673522949,0.025527557358145714,0.03379780612885952,0.0009350640466436744,0.02305188961327076,0.03303756006062031,0.0010169908637180924,0.021913928911089897,0.03173353336751461,0.0010837067966349423
466,0.14854243397712708,0.8907617330551147,0.018006079830229282,0.029363510198891163,0.0009122552874032408,0.017696021124720573,0.03437584079802036,0.0010063432855531573,0.018369273748248816,0.027729054912924767,0.001084055402316153
467,0.07860815525054932,0.9808997511863708,0.013082572491839528,0.013162315357476473,0.0006529901002068073,0.011258413316681981,0.013263306580483913,0.0007749093347229064,0.011967153055593371,0.013570322655141354,0.0008761707867961377
468,0.24951744079589844,1.726158857345581,0.04392632842063904,0.03781258128583431,0.0009071487293113023,0.04146142769604921,0.038331352174282074,0.0009928189683705568,0.04001856967806816,0.0450137834995985,0.0010534328175708652
469,0.31227362155914307,2.847424268722534,0.060493823140859604,0.05158259719610214,0.0009055027039721608,0.05690330080688,0.04199527110904455,0.0010041194036602974,0.0538963470607996,0.04440911486744881,0.0010835375869646668
470,0.11448584869503975,0.6310545802116394,0.021157657727599144,0.018555923365056515,0.0007695149397477508,0.017669002525508404,0.01864918228238821,0.0008762223878875375,0.016741330735385418,0.019109307788312435,0.0009577090386301279
471,0.16980159282684326,1.54840886592865,0.02516573015600443,0.032907322980463505,0.0010004360228776932,0.022222732659429312,0.03227147087454796,0.0010816263384185731,0.020736938808113337,0.033269234001636505,0.0011461005196906626
472,0.1204654648900032,0.6661158204078674,0.016780507750809193,0.02302840631455183,0.0009514124831184745,0.014723632950335741,0.02396764885634184,0.0010472850990481675,0.01420466136187315,0.024639668874442577,0.0011222457978874445
473,0.1919514238834381,0.7355981469154358,0.043210284784436226,0.02220940263941884,0.0007547698041889817,0.04105258546769619,0.024439855478703976,0.0008440004603471607,0.04001576453447342,0.018509654328227043,0.0009151030681096017
474,0.29296936094760895,2.69205379486084,0.05903897248208523,0.07914033532142639,0.0009164979273919016,0.05431538261473179,0.022662469185888767,0.0010079921339638531,0.05173876695334911,0.02307367930188775,0.0010752786183729768
475,0.14182985574007034,1.2740224599838257,0.022839058190584183,0.018421022221446037,0.000825988914584741,0.021266180090606213,0.02545001730322838,0.0009276466444134712,0.022281573619693518,0.028814216144382954,0.0010041583445854485
476,0.22387444227933884,1.643581509590149,0.048723114654421806,0.023180457763373852,0.0007786990026943386,0.04554521664977074,0.02530328370630741,0.0008829051512293518,0.043081583455204964,0.03541491460055113,0.0009642673539929092
477,0.1444723829627037,1.0485585927963257,0.025144553743302822,0.03104604408144951,0.0008400711521971971,0.022984670475125313,0.018198668025434017,0.0009641135402489454,0.02331503899767995,0.020928140729665756,0.0010510889114812016
478,0.1518658846616745,0.7991222143173218,0.025129094254225492,0.023937593214213848,0.000976618059212342,0.023752896580845118,0.026175525039434433,0.0010835386929102242,0.024370559491217136,0.025277258828282356,0.001162804663181305
479,0.13933733105659485,1.3088935613632202,0.025707433465868235,0.02011186210438609,0.0008508588653057814,0.025036384351551533,0.018453311640769243,0.0009466659394092858,0.02611252572387457,0.021097203716635704,0.0010210921755060554
480,0.26637009531259537,2.0868053436279297,0.05402442440390587,0.032936615869402885,0.001020361261907965,0.05024023726582527,0.034279534593224525,0.0011372666922397912,0.04780201241374016,0.043703483417630196,0.001226158405188471
481,0.16216083243489265,1.130998969078064,0.03317760396748781,0.020673438906669617,0.0008129285997711122,0.02968786982819438,0.026387009769678116,0.0009106267243623734,0.02846205560490489,0.02105920296162367,0.0009901041630655527
482,0.1730787232518196,1.3770216703414917,0.03412675857543945,0.02468991233035922,0.0008714740688446909,0.032897427678108215,0.026101823896169662,0.0009694990585558116,0.034280115738511086,0.01809836085885763,0.001043355354340747
483,0.11419256776571274,1.9335981607437134,0.01380167342722416,0.02316566277295351,0.0008701977203600109,0.013189883437007666,0.022299371659755707,0.0009611896239221096,0.01495767803862691,0.02390179317444563,0.0010451209964230657
484,0.26274092495441437,1.0661276578903198,0.05224026180803776,0.0373511528596282,0.0008839939837343991,0.04889542330056429,0.036375777795910835,0.001002306758891791,0.04697081167250872,0.037917074747383595,0.0011041348916478455
485,0.15712537616491318,0.4720534086227417,0.03064009267836809,0.02020646445453167,0.0007927427650429308,0.028045110870152712,0.020962342619895935,0.0008887170697562397,0.02796480990946293,0.026656970381736755,0.0009681304800324142
486,0.16010704264044762,0.5669887065887451,0.0247414568439126,0.028910883702337742,0.0009170528792310506,0.02224479941651225,0.02918621525168419,0.0010206794831901789,0.022540206089615822,0.02945098653435707,0.0010947571136057377
487,0.17218037694692612,1.187121868133545,0.030224695801734924,0.02730426285415888,0.0009415490785613656,0.027229778468608856,0.02614580374211073,0.001045391138177365,0.026194244623184204,0.03197341226041317,0.0011212367680855095
488,0.1822623610496521,0.4123181104660034,0.03070703474804759,0.034562284126877785,0.0008326079696416855,0.02869498496875167,0.03356511238962412,0.0009307888685725629,0.02850043959915638,0.023452186957001686,0.0010169214801862836
489,0.1762188784778118,0.6660268902778625,0.03141091810539365,0.03196515701711178,0.0008429180015809834,0.027904261369258165,0.03250909736379981,0.000961308425758034,0.027291267178952694,0.022290050983428955,0.0010438959579914808
490,0.09317707642912865,0.8646105527877808,0.01497751846909523,0.017146017402410507,0.0008157365373335779,0.011228674091398716,0.015559336636215448,0.0009269742877222598,0.012111228425055742,0.01940828002989292,0.0010033079015556723
491,0.343562975525856,4.231207370758057,0.07174166291952133,0.042280491441488266,0.00100354989990592,0.06679705530405045,0.04931962303817272,0.0011143044102936983,0.06239877827465534,0.04771099425852299,0.0011965095181949437
492,0.2268759235739708,1.3725701570510864,0.043897571973502636,0.036056702956557274,0.0008588831988163292,0.040896559599787,0.03688114043325186,0.0009795579826459289,0.03890602570027113,0.027331935241818428,0.0010675506200641394
493,0.1500128135085106,1.146489143371582,0.018757501617074013,0.03052082099020481,0.000878654042026028,0.018225465901196003,0.030035652220249176,0.0009810791816562414,0.01890941709280014,0.030640196055173874,0.0010640223044902086
494,0.0919136181473732,0.613298237323761,0.014734566677361727,0.015806445851922035,0.0007315637194551528,0.01228402042761445,0.01706848293542862,0.0008315960585605353,0.013276918791234493,0.016275208443403244,0.0009048179199453443
495,0.21866312623023987,0.6988088488578796,0.034627306275069714,0.04049068130552769,0.0009409766062162817,0.03299456927925348,0.04581697657704353,0.0010415485012345016,0.032150194980204105,0.02948229294270277,0.0011185824987478554
496,0.15326044708490372,0.8764857053756714,0.023457398172467947,0.019412255845963955,0.0007680710405111313,0.022509564645588398,0.030705695040524006,0.0008816136105451733,0.022721951361745596,0.03181769326329231,0.0009862043079920113
497,0.14755770564079285,0.6420989632606506,0.025389947462826967,0.025022190995514393,0.0009637619077693671,0.023278192151337862,0.024208085611462593,0.0010604983544908464,0.022716323845088482,0.023778903298079967,0.0011398009373806417
498,0.11788558959960938,0.7225866317749023,0.016187104862183332,0.023987148888409138,0.0009608719265088439,0.014412003103643656,0.02179967798292637,0.0010565340053290129,0.014483962673693895,0.02387085370719433,0.0011274324497208
499,0.1116737574338913,0.5188183188438416,0.01866959687322378,0.0195068484172225,0.0008403872780036181,0.01537839975208044,0.019882268272340298,0.000949775567278266,0.015264943707734346,0.020152265205979347,0.0010292734950780869
500,0.25667623430490494,1.3537213802337646,0.05428200773894787,0.027251623570919037,0.0008933664066717029,0.05112874507904053,0.03604259854182601,0.000984769780188799,0.04924248903989792,0.035783416125923395,0.0010672312346287072
501,0.1455976590514183,0.8170461058616638,0.023854350205510855,0.029679727740585804,0.0007587826112285256,0.021163908764719963,0.02747006993740797,0.000858212384628132,0.022039446514099836,0.018836435861885548,0.0009367297752760351
502,0.3117560148239136,4.374220848083496,0.06836829334497452,0.03742665611207485,0.0008935769146773964,0.06334471888840199,0.04351571947336197,0.0009869684290606529,0.059734512120485306,0.03642343915998936,0.00106213049730286
503,0.11529016122221947,1.3499473333358765,0.016687102615833282,0.020191563293337822,0.0007858801982365549,0.015274249948561192,0.021316115744411945,0.0009043700993061066,0.016237071715295315,0.022904963232576847,0.0009888436179608107
504,0.21617373824119568,2.156748056411743,0.041036901995539665,0.03366817161440849,0.0009151994599960744,0.03726533427834511,0.03219765052199364,0.0010105411056429148,0.035390318371355534,0.033610494807362556,0.0010791311506181955
505,0.2000165805220604,0.6048275828361511,0.03331249300390482,0.01599320536479354,0.0009164852381218225,0.029116483870893717,0.07267739810049534,0.0010178600205108523,0.029767845757305622,0.01612594909965992,0.001088857214199379
506,0.13398699462413788,0.6504761576652527,0.025237022899091244,0.021833769977092743,0.0009533833945170045,0.021799683570861816,0.019561057444661856,0.0010702560539357364,0.020957666914910078,0.02142427023500204,0.0011498808162286878
507,0.15629549324512482,0.5478255152702332,0.0312648662365973,0.02320973202586174,0.0008859556110110134,0.028514417819678783,0.020985517650842667,0.000973876885836944,0.027492660097777843,0.021921545267105103,0.001046924793627113
508,0.17206786572933197,0.8719215989112854,0.023923169821500778,0.03646412584930658,0.001019759220071137,0.020891884807497263,0.03370814770460129,0.0011038376833312213,0.020679939538240433,0.03311165049672127,0.0011653609108179808
509,0.18817279487848282,0.47567641735076904,0.030662427190691233,0.024049135856330395,0.0008161592413671315,0.029028588440269232,0.03443563170731068,0.0009324431302957237,0.028904443606734276,0.03831818886101246,0.0010257838293910027
510,0.15817198157310486,1.9823720455169678,0.033955080434679985,0.016936243511736393,0.0008750128909014165,0.03317858651280403,0.018025087658315897,0.0009838033583946526,0.035090237855911255,0.018060360569506884,0.0010675795492716134
511,0.1542205661535263,1.6685389280319214,0.024260322097688913,0.02870392706245184,0.0009291416499763727,0.019882293418049812,0.03035375103354454,0.001029383100103587,0.01852370984852314,0.02943762857466936,0.0011004015104845166
512,0.16571105271577835,1.1710788011550903,0.031222771853208542,0.01897100917994976,0.0007756544509902596,0.029628006741404533,0.032148610800504684,0.0009010428329929709,0.030264176428318024,0.02080021146684885,0.0009995773143600672
513,0.10120707377791405,1.528306007385254,0.016185317654162645,0.016216395888477564,0.0007474030717276037,0.01386555191129446,0.01892268843948841,0.0008611900266259909,0.015184307005256414,0.01827890332788229,0.0009453125530853868
514,0.2628330886363983,1.058162808418274,0.043068467639386654,0.04467415623366833,0.0009239344508387148,0.04065605532377958,0.045160265639424324,0.001013012370094657,0.039970507845282555,0.04628948122262955,0.0010771980159915984
515,0.23170802369713783,2.476533889770508,0.028092718217521906,0.06618781480938196,0.0008110001508612186,0.026424228213727474,0.011787798721343279,0.000930423935642466,0.027868953067809343,0.0685821445658803,0.0010229474573861808
516,0.07924454659223557,2.050753116607666,0.01218963973224163,0.013260864652693272,0.0006770335312467068,0.010797466384246945,0.0136297601275146,0.0008140841091517359,0.012171362061053514,0.01478941272944212,0.0009149190445896238
517,0.1316024549305439,0.48598942160606384,0.02347264438867569,0.015645858831703663,0.0007339330622926354,0.021780647803097963,0.029635664075613022,0.0008464347047265619,0.02145262947306037,0.017105254344642162,0.0009293963084928691
518,0.1784520000219345,1.0413782596588135,0.03157806862145662,0.0349933635443449,0.0009301974496338516,0.02941600326448679,0.025255760177969933,0.0010345463233534247,0.028177072759717703,0.025953754782676697,0.0011132292565889657
519,0.10127682983875275,0.4441196620464325,0.014871214516460896,0.01998530887067318,0.0007743081077933311,0.012791108340024948,0.020072322338819504,0.0008818910864647478,0.012399226892739534,0.018534032627940178,0.0009674190660007298
520,0.3703756779432297,1.9395785331726074,0.06158965080976486,0.08343401737511158,0.0010208284365944564,0.05682322196662426,0.08356457948684692,0.0011212684912607074,0.05548534169793129,0.026135909371078014,0.0012008600169792771
521,0.083232831209898,1.3023513555526733,0.009662465425208211,0.015819078776985407,0.0006516652065329254,0.009526844136416912,0.016880015842616558,0.0007785485649947077,0.010438199620693922,0.018589068204164505,0.0008869429584592581
522,0.11622211709618568,1.3238543272018433,0.01698296982795,0.0220523988828063,0.0009038299322128296,0.01455605123192072,0.02212372049689293,0.0010038544132839888,0.01626130472868681,0.021253022365272045,0.0010849650134332478
523,0.09571961686015129,0.9674949645996094,0.014492915011942387,0.01753923110663891,0.000774478365201503,0.01266219187527895,0.018057548440992832,0.0008837872883304954,0.013530116993933916,0.0168144591152668,0.0009648848208598793
524,0.24028315395116806,2.049502372741699,0.050566840916872025,0.027565188705921173,0.0009029375505633652,0.04733742028474808,0.029198902659118176,0.0010062447981908917,0.04760293010622263,0.03502000030130148,0.0010826894431374967
525,0.1413460113108158,0.32861071825027466,0.024725590832531452,0.02272996213287115,0.0009315726929344237,0.02288144826889038,0.021817758679389954,0.0010261664865538478,0.022909042425453663,0.02321312576532364,0.0011113410582765937
526,0.18938908725976944,1.0970340967178345,0.033204992301762104,0.035284603014588356,0.000860079366248101,0.03059661341831088,0.022723193280398846,0.0009688730642665178,0.029705277644097805,0.034997534938156605,0.0010479188058525324
527,0.08021601662039757,1.6472214460372925,0.011156636057421565,0.014661333756521344,0.0007097326451912522,0.01045351242646575,0.014386855997145176,0.000831645738799125,0.0117512047290802,0.015332092065364122,0.0009329969470854849
528,0.15576650202274323,1.1309667825698853,0.028596049174666405,0.023382232524454594,0.0008976670214906335,0.026291778311133385,0.02409047819674015,0.0009948209626600146,0.025803951546549797,0.02463909052312374,0.0010704330052249134
529,0.20535165071487427,1.84795343875885,0.03302869014441967,0.03965286538004875,0.0009623742080293596,0.029589173384010792,0.03132282383739948,0.0010462291538715363,0.028474226593971252,0.040167199447751045,0.0011080668773502111
530,0.1698930710554123,1.5000725984573364,0.024113123770803213,0.036525752395391464,0.001006457197945565,0.020958790089935064,0.03165451344102621,0.001082796894479543,0.020264286547899246,0.03314633294939995,0.0011410099687054753
531,0.1941053718328476,1.2612768411636353,0.02451656572520733,0.040723178535699844,0.0008464671554975212,0.023189930245280266,0.040740144439041615,0.0009295614145230502,0.02481806091964245,0.03734353929758072,0.0009979294845834374
532,0.13943278789520264,1.5754283666610718,0.022389107383787632,0.019967826083302498,0.0008942728454712778,0.021480523515492678,0.020125013776123524,0.0009903187747113407,0.02341216802597046,0.029100168496370316,0.0010733879753388464
533,0.16506097465753555,0.5272244215011597,0.03352770954370499,0.018531477078795433,0.0007650219486095011,0.02989186253398657,0.026018870994448662,0.0008681540784891695,0.02989089395850897,0.024620695039629936,0.0009462957386858761
534,0.1017751693725586,1.4332249164581299,0.012986837886273861,0.0201802346855402,0.0007396313012577593,0.012029906269162893,0.021891879849135876,0.0008409493020735681,0.01348265865817666,0.018698813393712044,0.0009242583473678678
535,0.20573603361845016,1.7804242372512817,0.03961847396567464,0.03531946521252394,0.0008383686945308,0.03638462582603097,0.028320597484707832,0.0009206858812831342,0.036522502545267344,0.02682407759130001,0.000987232953775674
536,0.23766660690307617,0.48968613147735596,0.0337718240916729,0.051208384335041046,0.0009569768735673279,0.031635330989956856,0.03690278995782137,0.0010330146178603172,0.031829495914280415,0.04923541471362114,0.0010933775920420885
537,0.07948599010705948,1.3038315773010254,0.009631061227992177,0.015135383000597358,0.0007003957289271057,0.0092669278383255,0.01646422129124403,0.0008062636479735374,0.010406861081719398,0.016174749471247196,0.0009001253929454833
538,0.29027001559734344,0.734361469745636,0.04369806684553623,0.03815654944628477,0.0010160491219721735,0.04016072489321232,0.08942484855651855,0.0010885631199926138,0.0399190429598093,0.03566112834960222,0.0011450521415099502
539,0.1832352802157402,0.32761287689208984,0.02844239119440317,0.02976244781166315,0.001035046298056841,0.026736989617347717,0.03360297065228224,0.0011256813304498792,0.02623014524579048,0.03510756231844425,0.0011920485994778574
540,0.11135930940508842,0.3459414839744568,0.01719980128109455,0.021101738326251507,0.000831400160677731,0.014378027524799109,0.02076281886547804,0.0009258695063181221,0.01440785825252533,0.020745668560266495,0.0010061252396553755
541,0.15172559022903442,0.8780139088630676,0.031330563593655825,0.021585199050605297,0.0007924550445750356,0.027560111600905657,0.019408635329455137,0.0008943471475504339,0.02699139341711998,0.022195412777364254,0.0009674665052443743
542,0.23231132328510284,1.257466197013855,0.035779429599642754,0.04084754083305597,0.0010050921700894833,0.03298602066934109,0.04410933703184128,0.001087770622689277,0.031889219768345356,0.04345808830112219,0.0011488221352919936
543,0.10434089601039886,0.6611117720603943,0.016061814967542887,0.01923819538205862,0.0008100910927169025,0.013316357973963022,0.01894110906869173,0.0009060714510269463,0.01410745084285736,0.019973731599748135,0.0009860760474111885
544,0.13349134474992752,0.25577014684677124,0.022308094426989555,0.020197038538753986,0.0008518469403497875,0.02070243703201413,0.019628179259598255,0.0009565260261297226,0.020909668412059546,0.026898075826466084,0.0010394793935120106
545,0.1532912366092205,1.8328922986984253,0.02369441231712699,0.03098241612315178,0.0008361107320524752,0.020074980799108744,0.028288403991609812,0.000918698322493583,0.018998834304511547,0.028516553808003664,0.0009808208560571074
546,0.15224271267652512,2.0136773586273193,0.02438030205667019,0.030522845685482025,0.0009177037863992155,0.01973486738279462,0.02770575787872076,0.0010127659188583493,0.01846128748729825,0.02843041205778718,0.0010767717030830681
547,0.147736094892025,0.5476588606834412,0.03149558836594224,0.018926508259028196,0.0007619258831255138,0.02919188654050231,0.01884966343641281,0.0008757003233768046,0.02816163096576929,0.018509830813854933,0.0009633564040996134
548,0.22708232700824738,0.9124900698661804,0.035692766308784485,0.03868370223790407,0.0008433454786427319,0.032635919749736786,0.04240649193525314,0.0009468501666560769,0.031414483673870564,0.043431494385004044,0.0010272616054862738
549,0.11840277537703514,0.33168625831604004,0.018289036583155394,0.023396330885589123,0.0007803683110978454,0.015642595943063498,0.022109161131083965,0.0008787931001279503,0.016175799071788788,0.02017713151872158,0.0009535622375551611
550,0.22851556167006493,0.8979458808898926,0.04202196979895234,0.03039419837296009,0.0009235269390046597,0.03880976140499115,0.0374424671754241,0.0010172620532102883,0.03706613462418318,0.03973031044006348,0.001109931559767574
551,0.10526566952466965,1.8864084482192993,0.014106622897088528,0.020892060361802578,0.0009054132096935064,0.01190162729471922,0.020868631079792976,0.0009949897648766637,0.014226625673472881,0.020301397889852524,0.0010683031869120896
552,0.18183356896042824,0.6185627579689026,0.030009933281689882,0.03167764004319906,0.0007644648139830679,0.02746751718223095,0.031008895486593246,0.0008692367991898209,0.026616225484758615,0.03246981184929609,0.0009498419822193682
553,0.20140104740858078,0.663460910320282,0.027059949934482574,0.04392530210316181,0.001022162614390254,0.024565587751567364,0.039364032447338104,0.0010971521842293441,0.024294499307870865,0.03891703672707081,0.0011553240474313498
554,0.21218540519475937,0.3665345311164856,0.039512431249022484,0.031019716523587704,0.000797172193415463,0.036742864176630974,0.03227818012237549,0.0009091983374673873,0.035551393404603004,0.03437315486371517,0.001001285418169573
555,0.11056698486208916,1.3127095699310303,0.016176528297364712,0.02143995463848114,0.0008461690449621528,0.013832856435328722,0.019697758369147778,0.0009477867861278355,0.015575874596834183,0.02102644369006157,0.0010236198431812227
556,0.07886824756860733,1.7058449983596802,0.00895606935955584,0.016310848761349916,0.0006624548113904893,0.008656431222334504,0.01585523271933198,0.0007922333606984466,0.009703857358545065,0.01702805794775486,0.0009030592918861657
557,0.20550000667572021,0.9308561682701111,0.039991285651922226,0.025011740159243345,0.0007505224493797868,0.03676423151046038,0.03581242822110653,0.0008466732397209853,0.03508314769715071,0.030311950482428074,0.0009280303493142128
558,0.26118355244398117,1.760947823524475,0.03449045307934284,0.016000226140022278,0.00092192372540012,0.030512115452438593,0.07122422941029072,0.001029420003760606,0.032478971406817436,0.0734178302809596,0.0011083869030699134
559,0.13506854325532913,0.49545976519584656,0.025027700699865818,0.020050831139087677,0.0008708441746421158,0.022839578799903393,0.020239554345607758,0.0009834783850237727,0.022759500425308943,0.021228477358818054,0.0010685795859899372
560,0.20645561069250107,0.46392694115638733,0.04191560856997967,0.03218881320208311,0.0008155580144375563,0.03943357430398464,0.03131279814988375,0.0009222874650731683,0.03847419284284115,0.02038705162703991,0.0010057268082164228
561,0.14516762644052505,0.5087636709213257,0.022571946028620005,0.01953247468918562,0.0009172703721560538,0.02106192335486412,0.027852661907672882,0.0010113028110936284,0.02139423182234168,0.02973255328834057,0.0010932636796496809
562,0.10196924954652786,0.4075412452220917,0.015907411463558674,0.017790094017982483,0.0008185430488083512,0.013404669240117073,0.019372339360415936,0.0009158318862318993,0.013504581060260534,0.01925760041922331,0.0009981765761040151
563,0.19001056253910065,2.041038990020752,0.038169181905686855,0.024832009337842464,0.0007492744189221412,0.03445378830656409,0.03070430364459753,0.0008448664739262313,0.03392653400078416,0.025409437716007233,0.0009211642609443516
564,0.2563769668340683,0.928938090801239,0.041316861286759377,0.08216585405170918,0.0009119202150031924,0.0380599619820714,0.026841962710022926,0.001012886525131762,0.03881794586777687,0.02614729478955269,0.0011022845865227282
565,0.26936404407024384,1.0380693674087524,0.04102760925889015,0.05386528931558132,0.000912385294213891,0.037969036027789116,0.04291921388357878,0.0010017173481173813,0.03691581450402737,0.05368300341069698,0.0010699795675463974
566,0.20359593629837036,1.891518235206604,0.04770788922905922,0.02550863567739725,0.0007517702179029584,0.04333242401480675,0.023689129389822483,0.0008423338585998863,0.04048162326216698,0.02037032227963209,0.0009118020825553685
567,0.1409362107515335,0.9875866770744324,0.019179587718099356,0.029337906278669834,0.0009430695499759167,0.0172939607873559,0.028887419030070305,0.0010334448888897896,0.01679493859410286,0.026358512230217457,0.001107369433157146
568,0.1708994060754776,0.21544186770915985,0.03327400051057339,0.032322097569704056,0.0009053215617313981,0.030519801191985607,0.02064434625208378,0.0010130105074495077,0.0300542451441288,0.021071971394121647,0.0010946067632175982
569,0.18371687084436417,0.435983270406723,0.0393720306456089,0.02314718347042799,0.000755234417738393,0.03607858810573816,0.01865353062748909,0.0008485626894980669,0.03503346536308527,0.028896739706397057,0.000931532820686698
570,0.2355622574687004,2.151292085647583,0.04723083786666393,0.024541692808270454,0.0007812835683580488,0.04274812154471874,0.041485466063022614,0.0008801337971817702,0.04178113862872124,0.035161491483449936,0.0009521000902168453
571,0.17134451866149902,0.5151169300079346,0.029431052040308714,0.03346599917858839,0.0007723057642579079,0.026725501287728548,0.03336325753480196,0.0008753016008995473,0.026299328543245792,0.019453228916972876,0.0009585476946085691
572,0.13912222534418106,1.0179911851882935,0.017936506774276495,0.02567795291543007,0.0008282443159259856,0.015952258370816708,0.028821156360208988,0.000932082039071247,0.017034536227583885,0.030927483923733234,0.0010120036895386875
573,0.24873659014701843,1.6420644521713257,0.05077781900763512,0.03813818655908108,0.0008912436896935105,0.0466173505410552,0.027450780384242535,0.0010040952183771878,0.044090691953897476,0.03867276385426521,0.0010936664184555411
574,0.13067540526390076,1.7929902076721191,0.022164950612932444,0.02668684534728527,0.0008657088328618556,0.01961141126230359,0.017179866321384907,0.0009708354191388935,0.021574881859123707,0.02057639043778181,0.0010445168009027839
575,0.12348544597625732,1.061142086982727,0.02437094133347273,0.016748206689953804,0.0007568402215838432,0.023245007265359163,0.01610012585297227,0.0008543248695787042,0.024080524686723948,0.01639981847256422,0.0009296605130657554
576,0.11175995320081711,0.36279386281967163,0.015066472347825766,0.021242091432213783,0.0009682333329692483,0.012869073543697596,0.023329767398536205,0.0010593123733997345,0.013202641159296036,0.02288672048598528,0.001135641592554748
577,0.14389541745185852,0.9049018621444702,0.02256881073117256,0.027876071631908417,0.0008178303833119571,0.021160342264920473,0.017090459819883108,0.0009346501319669187,0.02156680217012763,0.0308605395257473,0.0010199063108302653
578,0.08918633311986923,0.29882630705833435,0.014156815130263567,0.015100100077688694,0.0007024400401860476,0.012488225940614939,0.016301440075039864,0.0008181582379620522,0.012409171555191278,0.016304573975503445,0.0009054064285010099
579,0.18362301588058472,0.8748912811279297,0.032654592767357826,0.030879800207912922,0.00099185251747258,0.029833386652171612,0.02827869914472103,0.0010989453294314444,0.029315226711332798,0.029397200793027878,0.0011733098654076457
580,0.22166228294372559,2.17767333984375,0.04318208713084459,0.03217781335115433,0.0009527299844194204,0.03844620520249009,0.029403289780020714,0.0010630213073454797,0.03625354589894414,0.03902765177190304,0.0011559444246813655
581,0.14339583739638329,0.2761397063732147,0.02422552416101098,0.024890128523111343,0.0009739616652950644,0.021974904462695122,0.023586666211485863,0.0010644627618603408,0.021875832695513964,0.02365933358669281,0.0011450200690887868
582,0.043288704007864,2.3299214839935303,0.00446300720795989,0.007463090121746063,0.0005336239992175251,0.0049970815889537334,0.008185585960745811,0.0006779429968446493,0.006764905992895365,0.009415148757398129,0.0007883194484747946
583,0.12355956807732582,1.4927581548690796,0.025700369384139776,0.014991021249443293,0.0007550642767455429,0.024352481123059988,0.01436047675088048,0.0008704890497028828,0.025151752401143312,0.016418308950960636,0.0009596041345503181
584,0.09997252002358437,0.31711381673812866,0.014152439311146736,0.020586504135280848,0.0009473758400417864,0.011613146401941776,0.019381161779165268,0.0010517580667510629,0.011324351653456688,0.019784908276051283,0.0011308756656944752
585,0.09865966066718102,0.22549043595790863,0.013089591637253761,0.020169381517916918,0.0008617759449407458,0.01136230118572712,0.019506681710481644,0.0009540470782667398,0.011425770353525877,0.02025886718183756,0.001031244028126821
586,0.3424749821424484,0.4325307011604309,0.04302353784441948,0.08986408449709415,0.001024849887471646,0.03971456550061703,0.092296302318573,0.0011071323533542454,0.04034555330872536,0.033933465369045734,0.0011654964182525873
587,0.09936868399381638,0.6658415794372559,0.013238005805760622,0.018436305224895477,0.0008624201291240752,0.01145852915942669,0.020847268402576447,0.0009575685835443437,0.011350102722644806,0.021184035576879978,0.0010344527545385063
588,0.10057913511991501,0.9038608074188232,0.015951288864016533,0.018289406783878803,0.0007957307971082628,0.013619992882013321,0.017855092883110046,0.0009078466682694852,0.013298497069627047,0.018869804218411446,0.0009914793772622943
589,0.1310630813241005,0.4106663167476654,0.021422741003334522,0.02557749394327402,0.0008186678169295192,0.019386637024581432,0.02392660966143012,0.0009223969536833465,0.019625558983534575,0.018379834480583668,0.001003146346192807
590,0.2142394632101059,1.607427716255188,0.04086421988904476,0.027868314646184444,0.0008584983006585389,0.036746855825185776,0.035746625158935785,0.0009641190408729017,0.03448878135532141,0.03564888425171375,0.0010531609295867383
591,0.09845259599387646,2.4634649753570557,0.020106934010982513,0.01026191539131105,0.0006782292039133608,0.02021117229014635,0.011379607021808624,0.0008045352296903729,0.021705138264223933,0.012410002294927835,0.0008950584451667964
592,0.06813202053308487,2.8747634887695312,0.009290388552471995,0.011120073031634092,0.0006238763162400573,0.009228881681337953,0.01184089481830597,0.0007575727067887783,0.011250985087826848,0.013156075961887836,0.0008632691751699895
593,0.31957103312015533,4.746544361114502,0.0659693218767643,0.05177381448447704,0.0009097463043872267,0.0593321081250906,0.04288158379495144,0.0010118550271727145,0.054595643654465675,0.042003246024250984,0.0010936945909634233
594,0.09576445445418358,3.321796178817749,0.014127968810498714,0.015334969386458397,0.0007418771856464446,0.012223352678120136,0.015943236649036407,0.0008504924771841615,0.015634708106517792,0.019977192394435406,0.0009306528372690082
595,0.24331656843423843,3.720059871673584,0.054859647527337074,0.032372668385505676,0.0007745444017928094,0.04905196465551853,0.03346550837159157,0.0008662944892421365,0.04508701153099537,0.02590887900441885,0.0009300547826569527
596,0.1817026510834694,0.4248484671115875,0.02920587034896016,0.03143350454047322,0.0007711000798735768,0.026517156045883894,0.03354097995907068,0.000875889731105417,0.025718044955283403,0.03268357319757342,0.0009565378131810576
597,0.11585992574691772,0.4058811664581299,0.02112749358639121,0.018718596547842026,0.0008178556454367936,0.019148883875459433,0.017840145155787468,0.0009182338253594935,0.019475399516522884,0.016823577228933573,0.0009897470299620181
598,0.233096644282341,2.0572702884674072,0.0393629539757967,0.03397187031805515,0.0009252973541151732,0.034961300902068615,0.04345354437828064,0.00101915214327164,0.03288091719150543,0.04543151892721653,0.0010900895576924086
599,0.20325461775064468,2.060885190963745,0.03485325910151005,0.04231902398169041,0.000852486613439396,0.031361090019345284,0.024581233970820904,0.0009546814253553748,0.02934112213551998,0.03795562777668238,0.001036100322380662
600,0.1827869974076748,0.6688095331192017,0.02370171109214425,0.038263645488768816,0.00084781862096861,0.02192694041877985,0.035161185543984175,0.0009319778182543814,0.0226178839802742,0.03833602089434862,0.000999814597889781
601,0.1345280483365059,0.6823963522911072,0.022173837758600712,0.024669580161571503,0.0008625858463346958,0.019406506791710854,0.025172630324959755,0.0009667809936217964,0.020578722469508648,0.019656009040772915,0.0010413973068352789
602,0.19265425205230713,2.387024164199829,0.03852012986317277,0.026671724393963814,0.0008590758370701224,0.033296991139650345,0.034033868461847305,0.0009551477851346135,0.03152435924857855,0.025773013941943645,0.00101994548458606
603,0.09722106903791428,1.1292381286621094,0.01490987790748477,0.017873402684926987,0.0007534244214184582,0.0122518097050488,0.017887060530483723,0.0008620393637102097,0.013490560930222273,0.018246366642415524,0.0009465264738537371
604,0.1423349380493164,1.5212827920913696,0.017478984780609608,0.02926763240247965,0.0009209822164848447,0.015914578922092915,0.02668927237391472,0.0010115592740476131,0.01736613269895315,0.032604362815618515,0.0010814322740770876
605,0.10896211117506027,0.8047399520874023,0.019657211378216743,0.016414268873631954,0.0008008769364096224,0.018176304642111063,0.01689783576875925,0.0009366865851916373,0.018288574647158384,0.01675556693226099,0.0010347894567530602
606,0.16190530359745026,1.0610158443450928,0.028701170347630978,0.02553761936724186,0.0009571597911417484,0.025312076322734356,0.024888609535992146,0.0010557100176811218,0.02416670974344015,0.03015023283660412,0.0011360090575180948
607,0.19456228986382484,0.9961991310119629,0.032550277188420296,0.014458579942584038,0.0008748810505494475,0.029590314719825983,0.013841840904206038,0.0009839448030106723,0.031015133950859308,0.07018014136701822,0.0010671821364667267
608,0.15143250674009323,0.9332996010780334,0.030585484579205513,0.022400586865842342,0.0008193549001589417,0.027744393330067396,0.020216653123497963,0.0009045889601111412,0.02669830108061433,0.021078668534755707,0.00098447481286712
609,0.2556629106402397,2.527127504348755,0.04996244702488184,0.04496614448726177,0.0009649067069403827,0.04568435437977314,0.03889917861670256,0.0010673821670934558,0.04270001966506243,0.03027121815830469,0.0011472562910057604
610,0.13487986847758293,0.6655233502388,0.017761495895683765,0.026836897246539593,0.0008576852269470692,0.015725075732916594,0.02735777013003826,0.0009419214038643986,0.01632092474028468,0.02805628627538681,0.0010218137758783996
611,0.12224162369966507,0.38184958696365356,0.021398483775556087,0.018513409420847893,0.0008883724804036319,0.019810971338301897,0.019433708861470222,0.0009819765109568834,0.019871226977556944,0.020289397798478603,0.0010540707153268158
612,0.22560247033834457,2.6215476989746094,0.042664521373808384,0.03835424780845642,0.0009508791263215244,0.03780797775834799,0.03916497901082039,0.0010563095565885305,0.03527476219460368,0.02919093705713749,0.0011378429480828345
613,0.18456651642918587,0.5424429178237915,0.024900321383029222,0.037359144538640976,0.0008399779908359051,0.023307135794311762,0.037816209718585014,0.0009334622300229967,0.023580246604979038,0.0348223177716136,0.0010077027254737914
614,0.1403449960052967,0.7598809599876404,0.02171675581485033,0.027733635157346725,0.0009791005577426404,0.019659658428281546,0.02909187600016594,0.0010692455689422786,0.019291126634925604,0.01965877879410982,0.0011448209988884628
615,0.16611791402101517,0.6070489883422852,0.03031607484444976,0.02541232295334339,0.0007783577893860638,0.02771351160481572,0.02616762090474367,0.0008867971191648394,0.026701264549046755,0.02717409934848547,0.0009678725327830762
616,0.16029198467731476,0.485616534948349,0.02266524638980627,0.031600380316376686,0.0009359033429063857,0.020100049674510956,0.031301106326282024,0.0010190142202191055,0.02018060628324747,0.031402614898979664,0.0010870605474337935
617,0.12329336255788803,0.49060437083244324,0.021173544228076935,0.01984901912510395,0.0008608961943536997,0.01926198648288846,0.020227931439876556,0.0009670150466263294,0.01907579554244876,0.020827888511121273,0.0010492894798517227
618,0.12841364741325378,0.3758181631565094,0.018701407127082348,0.023647519759833813,0.000894538126885891,0.015482231974601746,0.023425068706274033,0.0009848143672570586,0.015892171766608953,0.02832699380815029,0.001058910507708788
619,0.12580524757504463,2.500109910964966,0.0246488475240767,0.01692712213844061,0.0008003419789019972,0.022953455336391926,0.017182684503495693,0.0009027046035043895,0.025699096731841564,0.015710454434156418,0.0009805411682464182
620,0.16968923807144165,1.533321499824524,0.026037603616714478,0.025725847110152245,0.0009172005520667881,0.025065014138817787,0.02633485198020935,0.0010070601128973067,0.02601705864071846,0.03749757073819637,0.0010870264959521592
621,0.11069222539663315,0.7494703531265259,0.013263179454952478,0.022849122993648052,0.0008445522107649595,0.0125215002335608,0.021820703521370888,0.000944601371884346,0.013146148528903723,0.024271022528409958,0.0010313925449736416
622,0.2034844197332859,2.4225704669952393,0.037528800778090954,0.027935026213526726,0.0009185813250951469,0.033580631017684937,0.035339340567588806,0.0010105182882398367,0.03184469183906913,0.03425167594105005,0.0010751523077487946
623,0.08850555121898651,0.6482354998588562,0.014707272406667471,0.015857713762670755,0.0007823037158232182,0.01236576633527875,0.01445281133055687,0.0009051245870068669,0.012123223394155502,0.01631125435233116,0.0010000822658184916
624,0.19107801094651222,2.5436599254608154,0.04003255441784859,0.024231956340372562,0.0008020018285606056,0.03484621597453952,0.024707007221877575,0.0009038966963998973,0.033109162002801895,0.031469048000872135,0.0009761604596860707
625,0.09466477483510971,0.9597905278205872,0.016105751041322947,0.01583755062893033,0.0007910664426162839,0.01268626656383276,0.016293148510158062,0.0009014898096211255,0.013717968482524157,0.017348559573292732,0.0009829754126258194
626,0.19243687391281128,0.21573902666568756,0.026621468365192413,0.0390764269977808,0.0008971211209427565,0.023544602561742067,0.03659656271338463,0.00098951329709962,0.023787558544427156,0.039865641854703426,0.001057970803231001
627,0.13940928876399994,0.7740340828895569,0.02175006829202175,0.02858053892850876,0.000912222545593977,0.019715911243110895,0.02120605856180191,0.0009973232517950237,0.019357664976269007,0.02581782080233097,0.00107168173417449
628,0.18410150706768036,0.40826642513275146,0.026376797817647457,0.03709292225539684,0.000898499449249357,0.023342418484389782,0.03592884540557861,0.0009879741992335767,0.02371842786669731,0.034703971818089485,0.0010516492184251547
629,0.16735663264989853,1.8583937883377075,0.032721859868615866,0.027200763346627355,0.0006687916174996644,0.029462780337780714,0.02755973394960165,0.0007870651897974312,0.02794464025646448,0.020146613009274006,0.0008643876062706113
630,0.10418117046356201,0.5827859044075012,0.016729907132685184,0.018698960542678833,0.0008550770289730281,0.013642217498272657,0.01824809703975916,0.0009581423364579678,0.013902809005230665,0.02010560780763626,0.0010403512860648334
631,0.12809273600578308,0.9798035621643066,0.022653778549283743,0.021465656347572803,0.0008924045250751078,0.02062931377440691,0.019199533388018608,0.0009948296647053212,0.0210666311904788,0.020118704065680504,0.0010718771954998374
632,0.18607845902442932,0.6894513368606567,0.023943144362419844,0.0386294424533844,0.0009272236493416131,0.022867527324706316,0.03630287852138281,0.0010048138501588255,0.023552865255624056,0.03778532147407532,0.0010652399505488575
633,0.1294451579451561,0.6436663866043091,0.01794442953541875,0.024019661359488964,0.0008863788680173457,0.01555120712146163,0.02807340957224369,0.000967333500739187,0.015395483002066612,0.0255605923011899,0.0010466615785844624
634,0.12695098668336868,0.38644346594810486,0.01817851746454835,0.024135935120284557,0.000832603283924982,0.015075511764734983,0.02527460642158985,0.000928267341805622,0.014642658177763224,0.02687870431691408,0.001004176796413958
635,0.20957805216312408,0.5419716835021973,0.0387050062417984,0.04378640837967396,0.0008067224116530269,0.03558970149606466,0.019917559809982777,0.000922563805943355,0.03481661528348923,0.034006851725280285,0.0010266227764077485
636,0.3277885615825653,4.170342445373535,0.06456799805164337,0.05180424638092518,0.0009148408425971866,0.05759088695049286,0.044470129534602165,0.0010300448921043426,0.05389571189880371,0.052400222048163414,0.0011144845630042255
637,0.4695354700088501,3.7252519130706787,0.04894663766026497,0.12388759851455688,0.0010645881411619484,0.045956168323755264,0.12525075674057007,0.001168839808087796,0.051193512976169586,0.07081869291141629,0.0012486856430768967
638,0.1464935503900051,0.7683614492416382,0.029729266185313463,0.02463568653911352,0.0007642032578587532,0.026387278456240892,0.017935494892299175,0.0008647665672469884,0.026327437721192837,0.018906641751527786,0.0009427792974747717
639,0.15017161518335342,0.4049668312072754,0.021640821360051632,0.03071450535207987,0.0008737625612411648,0.018321508541703224,0.02684207446873188,0.0009606005623936653,0.019096416421234608,0.03068618569523096,0.0010357396677136421
640,0.12275522574782372,1.2565664052963257,0.013127956772223115,0.02560625015757978,0.0007931664003990591,0.013500233879312873,0.025706931483000517,0.0009010373032651842,0.01451249816454947,0.02760470286011696,0.0010024482035078108
641,0.1473964974284172,1.4599637985229492,0.02289450913667679,0.028212138451635838,0.0009363416756968945,0.018576874863356352,0.02860684134066105,0.001034189946949482,0.017714607995003462,0.028322926722466946,0.0010980607476085424
642,0.1270829774439335,1.0967977046966553,0.023469561710953712,0.019045071676373482,0.0008724537037778646,0.021108433604240417,0.020472525618970394,0.0009844718151725829,0.020429061725735664,0.019638392608612776,0.0010630024480633438
643,0.09493884071707726,0.46325716376304626,0.012834057677537203,0.020122190937399864,0.0008646035566926003,0.01142369257286191,0.01758791832253337,0.0009623251389712095,0.011591947171837091,0.018511079717427492,0.0010410248942207545
644,0.29152730107307434,2.956613063812256,0.057786108925938606,0.043091440573334694,0.0009248895803466439,0.052979398518800735,0.05245974287390709,0.0010445759980939329,0.04972446151077747,0.032375410199165344,0.001141267188359052
645,0.17443438433110714,1.5038909912109375,0.03259237599559128,0.02733544586226344,0.0006781965785194188,0.029166109394282103,0.02683446928858757,0.0008035421487875283,0.028016607044264674,0.028114757500588894,0.0008928764436859637
646,0.21027777343988419,1.9610329866409302,0.0457782968878746,0.031814295798540115,0.0007882642676122487,0.041004056110978127,0.023647714406251907,0.0008938098035287112,0.03921929560601711,0.026174820959568024,0.0009572323178872466
647,0.15139605849981308,2.606576681137085,0.017096432857215405,0.028761747293174267,0.0009267408167943358,0.017428254708647728,0.029389068484306335,0.0010253136570099741,0.01875370740890503,0.036913990043103695,0.001100801455322653
648,0.1453419029712677,2.5441689491271973,0.0171027728356421,0.028530037961900234,0.0010506912367418408,0.017019545659422874,0.030427249148488045,0.0011316268355585635,0.018619440961629152,0.030261004343628883,0.001199539052322507
649,0.12971602380275726,0.8763704299926758,0.020901937503367662,0.02025304827839136,0.0009862115839496255,0.018990525975823402,0.025365259498357773,0.0010804307530634105,0.019845774862915277,0.02114228531718254,0.0011505426373332739
650,0.2168360948562622,1.0174511671066284,0.041164121590554714,0.035154612734913826,0.0008689573151059449,0.037018292117863894,0.0370273245498538,0.0009950133971869946,0.03495894558727741,0.028549779672175646,0.0010990502778440714
651,0.16720101237297058,0.6305276155471802,0.02936684712767601,0.02505532745271921,0.0008470181201118976,0.02822887059301138,0.026096371933817863,0.0009335601644124836,0.028478377498686314,0.02718606125563383,0.0010085788671858609
652,0.25164321064949036,0.9634749889373779,0.05237762629985809,0.028065199963748455,0.0009225118556059897,0.04859697446227074,0.03587597981095314,0.0010417432058602571,0.04670020379126072,0.036923909559845924,0.0011390555300749838
653,0.2175518050789833,2.562764883041382,0.04095749231055379,0.03863234259188175,0.0010243875440210104,0.036630654707551,0.03324479889124632,0.001126134884543717,0.03394644521176815,0.03076879307627678,0.001220768317580223
654,0.24258960783481598,1.5856168270111084,0.038267469964921474,0.04450777918100357,0.0009317880612798035,0.03337596729397774,0.04633726365864277,0.0010311995865777135,0.03177193086594343,0.04526214301586151,0.0011040604440495372
655,0.12158848345279694,0.834620475769043,0.020375457126647234,0.017382351215928793,0.0008293946739286184,0.01900752168148756,0.023152843117713928,0.0009250239236280322,0.01968654477968812,0.019228752702474594,0.0010005970252677798
656,0.10183318704366684,0.8339460492134094,0.014269636943936348,0.020070492289960384,0.0008528988400939852,0.012040294241160154,0.020300623029470444,0.0009565971558913589,0.013578012119978666,0.0187336727976799,0.001030958432238549
657,0.13092734292149544,1.2201753854751587,0.022459200583398342,0.018324952572584152,0.0007904337253421545,0.020176494494080544,0.028385679237544537,0.0009023139136843383,0.02133407862856984,0.01756487414240837,0.0009893163805827498
658,0.06256011128425598,1.0427862405776978,0.00797962723299861,0.01287713460624218,0.0006362525746226311,0.007367780199274421,0.012429005932062864,0.0007774302503094077,0.00797393568791449,0.011639074422419071,0.0008798700000625104
659,0.23652927204966545,2.264535903930664,0.04124827915802598,0.04130031727254391,0.0010194259812124074,0.03711777226999402,0.03863845765590668,0.0011235307902097702,0.03415707917883992,0.040708454325795174,0.0012159472098574042
660,0.16467957198619843,1.5744235515594482,0.025491295382380486,0.033967191353440285,0.0009039661090355366,0.022639638744294643,0.027971680276095867,0.0009971599210985005,0.022296519950032234,0.029332725331187248,0.0010793906985782087
661,0.12678203731775284,0.8092698454856873,0.02001408115029335,0.02217694651335478,0.0008455848146695644,0.016944515518844128,0.021675528958439827,0.0009570001566316932,0.016794349998235703,0.026335357688367367,0.0010386771755293012
662,0.12910062819719315,0.7550450563430786,0.023854265455156565,0.02031519217416644,0.0009747868753038347,0.020774391945451498,0.019144611433148384,0.0011027712025679648,0.020137605722993612,0.02161259762942791,0.0011844001710414886
663,0.21695417165756226,2.4377315044403076,0.040753007400780916,0.03160237520933151,0.0010290094651281834,0.036269881296902895,0.04171825759112835,0.001135828671976924,0.03348343260586262,0.02972224820405245,0.0012401363928802311
664,0.09447083249688148,1.3539466857910156,0.013547599781304598,0.017609176691621542,0.0009079309529624879,0.011088704690337181,0.017580848652869463,0.0010261046118102968,0.012409172486513853,0.019196598790585995,0.0011046921135857701
665,0.19202780723571777,0.6687979102134705,0.038511197082698345,0.01775229163467884,0.0007795968849677593,0.034906819462776184,0.029066095128655434,0.0008958352264016867,0.03462004475295544,0.03450317308306694,0.000992750865407288
666,0.10738559812307358,1.177284598350525,0.01299972739070654,0.021946661174297333,0.0008506843587383628,0.012318579480051994,0.020673873834311962,0.0009526159847155213,0.012850430328398943,0.023751060478389263,0.0010419609607197344
667,0.3171098381280899,2.9588160514831543,0.03922300785779953,0.08441751822829247,0.0010510111460462213,0.03583378903567791,0.028973400592803955,0.0011447550496086478,0.039268200285732746,0.08598482050001621,0.0012133423588238657
668,0.20351629704236984,2.1984076499938965,0.030507354997098446,0.01650822628289461,0.0009356211812701076,0.02911784080788493,0.01667722873389721,0.0010518064955249429,0.031712815631181,0.07586200535297394,0.0011433980544097722
669,0.2511766701936722,0.9277577996253967,0.05251478776335716,0.03550564870238304,0.0009118933230638504,0.04897317290306091,0.026232958771288395,0.0010189198073931038,0.04663774557411671,0.03827239107340574,0.0011091509368270636
670,0.1081346943974495,0.7938007712364197,0.01550955418497324,0.0198208661749959,0.0008525333250872791,0.013690588530153036,0.020464436151087284,0.0009538737067487091,0.014936618972569704,0.020865915343165398,0.0010403054184280336
671,0.10646664351224899,0.7468557357788086,0.014480343088507652,0.020680565387010574,0.0008792562875896692,0.013394423760473728,0.020545688457787037,0.0009805241716094315,0.013703363947570324,0.020734849385917187,0.0010676317615434527
672,0.15800078213214874,1.2441952228546143,0.030697656329721212,0.03014679253101349,0.0007747728959657252,0.028273862786591053,0.019532907754182816,0.0009082579053938389,0.027021414134651423,0.019641146529465914,0.0010039709159173071
673,0.2702284976840019,1.9394575357437134,0.04474292881786823,0.0498229805380106,0.0010382110485807061,0.0410921648144722,0.045581478625535965,0.0011329086846671999,0.03854385670274496,0.04705305956304073,0.0012209147680550814
674,0.22710644453763962,1.0063693523406982,0.027327324729412794,0.06597242457792163,0.0008137145778164268,0.026047544553875923,0.0663089461158961,0.0009461076406296343,0.026485261972993612,0.012159522622823715,0.0010456020245328546
675,0.18879897147417068,0.3003207743167877,0.040808072313666344,0.018938331864774227,0.0008302997739519924,0.03823179192841053,0.018879940267652273,0.0009455542895011604,0.037541626021265984,0.0315906535834074,0.0010327050695195794
676,0.13693509250879288,0.5188145041465759,0.028602009173482656,0.01817560149356723,0.0007768593495711684,0.0255877748131752,0.0184172666631639,0.0008867760770954192,0.024617592804133892,0.01889854110777378,0.0009726696880534291
677,0.12598378956317902,0.8534276485443115,0.017542528919875622,0.02359120547771454,0.0009031876979861408,0.015180551912635565,0.02247839793562889,0.0009882762096822262,0.016035416163504124,0.028202028945088387,0.0010621928959153593
678,0.10383130609989166,0.5845127701759338,0.01356930285692215,0.021589327603578568,0.0008561004651710391,0.011981303337961435,0.021534494124352932,0.0009632440633140504,0.01226747129112482,0.020022372715175152,0.0010476915049366653
679,0.10356074944138527,0.36775439977645874,0.015045206993818283,0.020926283672451973,0.0008069734030868858,0.013440262991935015,0.019592585042119026,0.0009230318828485906,0.013392351102083921,0.018425339832901955,0.0010087042464874685
680,0.14349384605884552,0.7620058059692383,0.030627214815467596,0.017149558756500483,0.0007328665815293789,0.027905847877264023,0.017566617112606764,0.0008457935764454305,0.026506180875003338,0.021219358779489994,0.000940401223488152
681,0.08773001283407211,0.6974350214004517,0.013944069854915142,0.014788743574172258,0.0007913326844573021,0.012232818640768528,0.015110538341104984,0.0009193108708132058,0.012773956172168255,0.01615648716688156,0.0010127536370418966
682,0.12452900782227516,1.0732290744781494,0.018431593663990498,0.0220344765111804,0.0008499388350173831,0.015517855994403362,0.026188859716057777,0.0009537228033877909,0.01736436691135168,0.02215563040226698,0.001032561413012445
683,0.2166539579629898,1.3053004741668701,0.04047457408159971,0.03243072051554918,0.0009683230600785464,0.035919539630413055,0.029642497189342976,0.0010656593949534,0.03359606955200434,0.04139374941587448,0.0011628385400399566
684,0.22812899947166443,2.017965316772461,0.04535744898021221,0.04174153134226799,0.0007920740463305265,0.040761468932032585,0.03150586970150471,0.0008978040423244238,0.04062190093100071,0.025476066395640373,0.0009748255251906812
685,0.18900657445192337,0.43180152773857117,0.02895816881209612,0.036515974439680576,0.0008173526439350098,0.02651374088600278,0.03285162150859833,0.0009335688664577901,0.025734349619597197,0.035654906183481216,0.0010268869227729738
686,0.17806033790111542,1.4657948017120361,0.03361584898084402,0.03402102179825306,0.0008088260656222701,0.02956639789044857,0.022378534078598022,0.0008934673678595573,0.02780933305621147,0.027995938435196877,0.0009709614387247711
687,0.17892272770404816,0.5430144667625427,0.029329047072678804,0.03602953441441059,0.0008713237475603819,0.02652181452140212,0.02158406376838684,0.0009724553674459457,0.025768048129975796,0.036783874966204166,0.001062576426193118
688,0.09211507439613342,1.9943971633911133,0.013882235623896122,0.015243120957165956,0.0007096163462847471,0.013506189454346895,0.015605648048222065,0.0008301129564642906,0.014656297862529755,0.01675507426261902,0.0009267828427255154
689,0.1369691900908947,1.6924431324005127,0.02483601961284876,0.020241351798176765,0.0009478459833189845,0.022272848058491945,0.02098151668906212,0.0010641319095157087,0.023614355362951756,0.021868442185223103,0.0011426765122450888
690,0.18559138104319572,2.8878939151763916,0.036515151616185904,0.031487129628658295,0.0008092365751508623,0.031516093760728836,0.023198763839900494,0.0009134552965406328,0.02933321613818407,0.03083650767803192,0.0009818238904699683
691,0.17525025457143784,0.43650588393211365,0.026617810130119324,0.03953525051474571,0.0009173241269309074,0.025553186424076557,0.03022458776831627,0.0010224578436464071,0.0254918085411191,0.024782832711935043,0.0011049957829527557
692,0.18762380257248878,0.6409668326377869,0.024679445661604404,0.03871552972123027,0.0008437710348516703,0.023577370680868626,0.033893493469804525,0.0009462480957154185,0.023603173438459635,0.040336402133107185,0.001028375787427649
693,0.30568694323301315,1.6716874837875366,0.03453214280307293,0.02895502559840679,0.0010644480935297906,0.033373599871993065,0.08385518938302994,0.001159020874183625,0.035741670057177544,0.08577525243163109,0.0012305836426094174
694,0.16193902865052223,1.2347033023834229,0.02208648482337594,0.033382559195160866,0.0010280165588483214,0.019581325817853212,0.03209258895367384,0.0011089141480624676,0.01916135521605611,0.0323205403983593,0.0011772452271543443
695,0.2181130349636078,1.7860101461410522,0.0400162129662931,0.03423948213458061,0.0010395293938927352,0.035443712025880814,0.04030259605497122,0.001150873547885567,0.0331950718536973,0.0314791789278388,0.0012463697348721325
696,0.12304534390568733,1.0610945224761963,0.01698544481769204,0.02379991440102458,0.0007941497024148703,0.014735363889485598,0.02462294138967991,0.0009093499975278974,0.015508333453908563,0.024693650659173727,0.0009961931500583887
697,0.08372461050748825,1.5601885318756104,0.012497514020651579,0.015804333612322807,0.0008817437337711453,0.010202866047620773,0.014338751789182425,0.0010081332293339074,0.012446049135178328,0.015451239421963692,0.001093979284632951
698,0.09534677490592003,0.6302198767662048,0.012495230417698622,0.02003124263137579,0.0008381931111216545,0.010680296923965216,0.01711634173989296,0.0009574160212650895,0.011362734250724316,0.02081534080207348,0.001049973419867456
699,0.09803532063961029,0.3146614134311676,0.013442651368677616,0.01997874490916729,0.0008809904684312642,0.011291655246168375,0.01886964589357376,0.0009842980070970953,0.01125744404271245,0.0202563414350152,0.00107355578802526
700,0.10656607151031494,0.741330087184906,0.01404893584549427,0.021741341799497604,0.0009060827142093331,0.012586910743266344,0.020569629967212677,0.0009933841065503657,0.012697823345661163,0.02194163389503956,0.0010803290642797947
701,0.18863364309072495,2.5907323360443115,0.03612641477957368,0.03134325612336397,0.0008115179953165352,0.031107401940971613,0.03336575627326965,0.0009116872097365558,0.028618028853088617,0.025371653959155083,0.0009779299143701792
702,0.20390305668115616,0.3918929994106293,0.038057432509958744,0.04194721393287182,0.0008104241278488189,0.03484330140054226,0.030506491661071777,0.000928475521504879,0.034271824173629284,0.021517946384847164,0.001019938790705055
703,0.2312144674360752,1.2958868741989136,0.04035971872508526,0.03872120939195156,0.0010342960013076663,0.03593168081715703,0.04019807931035757,0.001131757628172636,0.03306134417653084,0.03954710438847542,0.0012292785686440766
704,0.12110907211899757,0.8088635206222534,0.021006055176258087,0.017279405146837234,0.0008256823057308793,0.019711025059223175,0.022671503014862537,0.000938239274546504,0.02024783520027995,0.017398156225681305,0.0010311767109669745
705,0.09055168554186821,0.5393242835998535,0.012731998227536678,0.019072197377681732,0.0007578891818411648,0.011131389532238245,0.014974613208323717,0.0008738477481529117,0.011073921341449022,0.018976084887981415,0.0009597468306310475
706,0.221525676548481,2.2303192615509033,0.04031382827088237,0.039509424939751625,0.0009631610591895878,0.03570849960669875,0.029339510947465897,0.001061200222466141,0.03265227051451802,0.040815883316099644,0.0011618977878242731
707,0.14303521066904068,0.4478602409362793,0.023019697051495314,0.02474787924438715,0.0010551337618380785,0.021427470725029707,0.02421819418668747,0.0011569272610358894,0.0216147736646235,0.024561752565205097,0.001233386225067079
708,0.13568828254938126,1.0775479078292847,0.021582058630883694,0.01829133927822113,0.000791111116996035,0.020483385305851698,0.030467129312455654,0.0009204233065247536,0.02137720864266157,0.020762945525348186,0.00101267930585891
709,0.1272842437028885,0.5748116970062256,0.016665030270814896,0.022641285322606564,0.0008759353950154036,0.01517097232863307,0.026832801289856434,0.0009662648953963071,0.015575326047837734,0.0275091752409935,0.0010474491864442825
710,0.24668582528829575,0.3207312226295471,0.04662224464118481,0.021260944195091724,0.0009227179689332843,0.04276985488831997,0.07205982506275177,0.0010309217614121735,0.0422673299908638,0.018642356619238853,0.0011096437810920179
711,0.26881885528564453,2.756432294845581,0.04617862589657307,0.04345044959336519,0.0009109271341003478,0.04216422140598297,0.05040496960282326,0.0009971021790988743,0.041023727506399155,0.04263900313526392,0.001049833430442959
712,0.07340446673333645,0.914591908454895,0.008756758645176888,0.015236154198646545,0.0006785924488212913,0.008655428886413574,0.015256840968504548,0.000830594333820045,0.009138742228969932,0.013904969673603773,0.0009463843889534473
713,0.0813898891210556,0.3212029039859772,0.012581387534737587,0.014677743893116713,0.0007140390516724437,0.01162913627922535,0.013738716021180153,0.0008408226713072509,0.011877726763486862,0.014386334922164679,0.000943980150623247
714,0.10045479238033295,0.45878151059150696,0.01475727278739214,0.01818889658898115,0.0008087322348728776,0.013445423915982246,0.017771970480680466,0.0009259961370844394,0.013359840493649244,0.020174934528768063,0.0010217269300483167
715,0.13456134498119354,0.7005756497383118,0.024616624228656292,0.020611725747585297,0.000951773370616138,0.022032267414033413,0.02024160698056221,0.0010665801237337291,0.022560874931514263,0.021333756856620312,0.0011461310205049813
716,0.11523488163948059,0.5507475137710571,0.019396291580051184,0.01602683076635003,0.000833181053167209,0.017780627124011517,0.016170325223356485,0.0009344176505692303,0.018019130919128656,0.025059008970856667,0.0010150630841962993
717,0.0985153578221798,1.2457733154296875,0.012714030221104622,0.018097374588251114,0.0008656822901684791,0.011542352382093668,0.019766999408602715,0.0009615301387384534,0.012676490936428308,0.020847177132964134,0.0010437247110530734
718,0.065295634791255,1.8678165674209595,0.008437780430540442,0.011036342009902,0.0006738233787473291,0.008067911956459284,0.01355772977694869,0.0008116668905131519,0.009453358827158809,0.012342486064881086,0.000914535135962069
719,0.18111960589885712,0.6260992884635925,0.025989636778831482,0.025053530000150204,0.0009237540361937135,0.025156176649034023,0.03619369864463806,0.001035185850923881,0.02519421372562647,0.04045577347278595,0.0011176347034052014
720,0.14435641467571259,1.7339051961898804,0.029963504057377577,0.019454396329820156,0.0008418695069849491,0.026666000951081514,0.02034221775829792,0.0009368439204990864,0.02491379762068391,0.02022064384073019,0.0010171443573199213
721,0.13404164463281631,0.449810653924942,0.024878924246877432,0.01962117152288556,0.0009249880677089095,0.0241275648586452,0.017777765169739723,0.0010268303449265659,0.02428680146113038,0.020283129066228867,0.0011144736199639738
722,0.1563006415963173,1.354264497756958,0.023880152963101864,0.029927230440080166,0.0009141445043496788,0.020723998080939054,0.029499098658561707,0.0010085187386721373,0.020006420090794563,0.029253805056214333,0.001087278826162219
723,0.23115792870521545,0.9386492967605591,0.039670387748628855,0.03948293440043926,0.0009776634396985173,0.035274187568575144,0.03821922466158867,0.0010746853076852858,0.032682358752936125,0.04260596167296171,0.0011705204960890114
724,0.1740778386592865,0.3732370138168335,0.030300674960017204,0.03239844646304846,0.0008319148037116975,0.02670205244794488,0.03265532571822405,0.0009507860813755542,0.026409410405904055,0.022785251960158348,0.0010439727921038866
725,0.19336210191249847,1.231242060661316,0.023220908362418413,0.03869880922138691,0.0010192317422479391,0.022258818615227938,0.040882496163249016,0.0010954932076856494,0.02290208963677287,0.04212746862322092,0.0011567851761355996
726,0.14607343077659607,1.6206355094909668,0.017070778645575047,0.031591231003403664,0.0009994691936299205,0.01663049031049013,0.0319043044000864,0.0010878495522774756,0.017446590587496758,0.02818753570318222,0.0011551850475370884
727,0.09988585114479065,0.9115645289421082,0.015004074200987816,0.01893498096615076,0.0008719237230252475,0.012959177605807781,0.01897531934082508,0.0009686849953141063,0.012619710061699152,0.01849792990833521,0.0010540492366999388
728,0.1669631227850914,0.8865727186203003,0.02422748412936926,0.030293365940451622,0.0009978067828342319,0.022694014944136143,0.03230126202106476,0.0010830939281731844,0.02240521740168333,0.03180669713765383,0.0011541788699105382
729,0.1571832150220871,2.0392141342163086,0.021826445125043392,0.033663609996438026,0.000951575260842219,0.019094744697213173,0.031733221374452114,0.0010323580354452133,0.018309728242456913,0.02947415132075548,0.0010973848402500153
730,0.0885179191827774,1.107527256011963,0.01240443903952837,0.017309432849287987,0.0008139981364365667,0.010778096970170736,0.01633316930383444,0.0009159533656202257,0.01054425910115242,0.01841482613235712,0.0010037437023129314
731,0.1544390618801117,0.6385329961776733,0.02072908403351903,0.03248192276805639,0.0009137092856690288,0.01825899863615632,0.029918987303972244,0.0010010981932282448,0.01836584135890007,0.031695847399532795,0.0010735738324001431
732,0.07140850275754929,1.3883150815963745,0.00794348050840199,0.015375982969999313,0.0006683719984721392,0.007814891636371613,0.013103227596729994,0.0008016056672204286,0.008447658503428102,0.016339277382940054,0.0009140096954070032
733,0.18880091607570648,0.4448537826538086,0.02340824995189905,0.040055520832538605,0.0009302742255385965,0.02227033767849207,0.0404041837900877,0.0010184194543398917,0.022276305127888918,0.037358567118644714,0.0010790557134896517
734,0.09788129478693008,0.9262282252311707,0.013162913732230663,0.01783833047375083,0.0008750612614676356,0.012378883082419634,0.019917924888432026,0.000985702354228124,0.012805408798158169,0.018845034763216972,0.001072032144293189
735,0.12667149305343628,1.4920501708984375,0.016989742405712605,0.024513887241482735,0.000891750562004745,0.016831320710480213,0.023689201567322016,0.0010005345684476197,0.01736653922125697,0.024301469326019287,0.0010870511760003865
736,0.09305005520582199,1.1751151084899902,0.012738635297864676,0.01837998442351818,0.0007961317314766347,0.012280813418328762,0.017010971903800964,0.0009131532278843224,0.012831670697778463,0.017096123658120632,0.0010025750671047717
737,0.09465137124061584,0.7793885469436646,0.012914979830384254,0.018546688836067915,0.000955710158450529,0.011283623520284891,0.01922466978430748,0.0010645812726579607,0.010758841410279274,0.01875178422778845,0.0011504975846037269
738,0.1135336384177208,0.3008481562137604,0.0223956317640841,0.01584164472296834,0.0007494558813050389,0.02119269547984004,0.014689246658235788,0.0008892680052667856,0.021188620012253523,0.015589120797812939,0.0009979589958675206
739,0.15711183845996857,0.8163455128669739,0.020885418634861708,0.03394834324717522,0.0010338902939110994,0.01816702587530017,0.030690936371684074,0.0011120605049654841,0.018482626881450415,0.03161744400858879,0.0011740938061848283
740,0.13983847945928574,0.26451367139816284,0.016490213107317686,0.029291663318872452,0.0010469791595824063,0.015863537322729826,0.03154875338077545,0.001135399448685348,0.016059560235589743,0.027194137685000896,0.0012082445318810642
741,0.1455473117530346,0.1336948722600937,0.016384457238018513,0.03373526781797409,0.0010457895696163177,0.01573789119720459,0.03338217083364725,0.00113079376751557,0.0158432275056839,0.02708243578672409,0.0012052780366502702
742,0.10077789053320885,1.0591131448745728,0.012855809647589922,0.018622118048369884,0.0008584827301092446,0.011544227600097656,0.021258055232465267,0.0009637942421250045,0.012051308527588844,0.021579522639513016,0.0010445690131746233
743,0.09568851441144943,1.5471723079681396,0.013619815465062857,0.017451721243560314,0.0008543548465240747,0.012468855362385511,0.01759509090334177,0.0009637459588702768,0.013538166880607605,0.01814249251037836,0.0010542673408053815
744,0.1701943203806877,1.769829273223877,0.02444881573319435,0.038004765287041664,0.0009590075351297855,0.020664378069341183,0.032147142104804516,0.0010286308242939413,0.020061845891177654,0.03179025370627642,0.0010894747101701796
745,0.1740953028202057,2.2695116996765137,0.036387572064995766,0.01877923496067524,0.0008505392179358751,0.03216052148491144,0.024430355057120323,0.0009424887248314917,0.029468410648405552,0.030058751814067364,0.0010174238122999668
746,0.13481531292200089,0.3224993646144867,0.01660907408222556,0.031031446531414986,0.0009928361687343568,0.01558533962816,0.02608588244765997,0.0010764898033812642,0.015571048483252525,0.026717044413089752,0.0011461477261036634
747,0.2768535315990448,0.3415672779083252,0.037256212905049324,0.0774020403623581,0.0010131096933037043,0.03494296967983246,0.015986389480531216,0.0011070079635828733,0.03548211883753538,0.0724851367995143,0.0011785478563979268
748,0.08244658634066582,2.424077272415161,0.012874319683760405,0.016557792201638222,0.000865949725266546,0.01064987014979124,0.015126295387744904,0.000995257985778153,0.009191164281219244,0.015103833749890327,0.0010821061441674829
749,0.12648041546344757,0.7855257987976074,0.024696771055459976,0.016959674656391144,0.0008733619761187583,0.023504073731601238,0.01694626873359084,0.0009723357215989381,0.02339433366432786,0.018083966337144375,0.0010496288305148482
750,0.2260267734527588,0.8774968385696411,0.032606721855700016,0.04097442887723446,0.0009498595027253032,0.030666104517877102,0.044297151267528534,0.001047936559189111,0.029606929048895836,0.044754158705472946,0.0011234940611757338
751,0.2712404578924179,0.9818512797355652,0.046718381345272064,0.018526445608586073,0.0009675505571067333,0.04392124339938164,0.08520301803946495,0.0010847391095012426,0.04246432147920132,0.031184819992631674,0.0011699258466251194
752,0.07491178624331951,1.1847633123397827,0.00862596370279789,0.014380274340510368,0.0007929824059829116,0.00822138786315918,0.01629223325289786,0.0009215437748935074,0.00839248369447887,0.01625168090686202,0.0010332368256058544
753,0.1410864181816578,2.7090914249420166,0.01707979617640376,0.029792306013405323,0.0008947210444603115,0.017511118203401566,0.024695283733308315,0.0009928388753905892,0.018412037752568722,0.030635985545814037,0.001072333543561399
754,0.19807086884975433,2.524456262588501,0.02415088377892971,0.041968146339058876,0.0010575471096672118,0.02234485000371933,0.03844733536243439,0.0011328340624459088,0.02409476414322853,0.043688442558050156,0.0011860646191053092
755,0.29220491647720337,4.2589430809021,0.04061018116772175,0.035358574241399765,0.0010394547134637833,0.0406511165201664,0.033904656302183867,0.0011242422042414546,0.04564194567501545,0.09268396720290184,0.0011907977750524879
756,0.09399815276265144,1.6246362924575806,0.013002929743379354,0.017037516925483942,0.0008288535464089364,0.012325077783316374,0.017637813463807106,0.0009424755699001253,0.013526301365345716,0.01767141744494438,0.0010257656103931367
757,0.2189520262181759,2.1073386669158936,0.039983998984098434,0.03824902791529894,0.0009613708243705332,0.03525002859532833,0.03000521007925272,0.0010752543166745454,0.032744929660111666,0.039500655606389046,0.0011815467150881886
758,0.3034377247095108,2.330568790435791,0.03934748098254204,0.0705747902393341,0.0009253551543224603,0.03859828785061836,0.027111395727843046,0.001058046007528901,0.04027629550546408,0.08440353535115719,0.0011425340780988336
759,0.17005318403244019,1.6578363180160522,0.04159778729081154,0.014498118311166763,0.0009516898717265576,0.04083391651511192,0.013599675614386797,0.0010598436929285526,0.041735853999853134,0.014633438549935818,0.0011428595753386617
760,0.2785903960466385,2.545971155166626,0.035591352730989456,0.06084540672600269,0.0009941129246726632,0.03387874364852905,0.05425296165049076,0.0010668684262782335,0.0331254992634058,0.05771145597100258,0.0011239902814850211
761,0.10176126286387444,1.5279793739318848,0.017089148983359337,0.01575011946260929,0.0007544785039499402,0.01606005523353815,0.016913453117012978,0.0008905114373192191,0.015664161182940006,0.017653297632932663,0.000986038096016273
762,0.07434652373194695,0.6440242528915405,0.009327873587608337,0.01559687010012567,0.0007268578046932817,0.008719172095879912,0.013700870098546147,0.0008546480094082654,0.008876802632585168,0.01557590113952756,0.0009675255278125405
763,0.20758704096078873,0.9224203824996948,0.03283442836254835,0.03724501561373472,0.0008854354673530906,0.031695214100182056,0.035737114027142525,0.0010011398990172893,0.03184043988585472,0.03526674769818783,0.0010815132409334183
764,0.14766308292746544,0.8454878330230713,0.021498471964150667,0.02830705838277936,0.0008678867015987635,0.019064249470829964,0.028364073485136032,0.0009633651352487504,0.018908989615738392,0.028649632818996906,0.0010393557604402304
765,0.10141552239656448,3.2602028846740723,0.015264495275914669,0.01709936000406742,0.0008307272801175714,0.013923578895628452,0.017768985591828823,0.0009349801111966372,0.017294201999902725,0.017281371168792248,0.0010178163065575063
766,0.24441994726657867,1.4141309261322021,0.046753750182688236,0.03787973336875439,0.000998194474959746,0.040965438820421696,0.03786614444106817,0.0011107788886874914,0.03772813081741333,0.03991361428052187,0.001204166212119162
767,0.16724155843257904,3.5529725551605225,0.0341034010052681,0.01980373030528426,0.0009712871396914124,0.03337212651968002,0.01964133372530341,0.0010860302136279643,0.03501690924167633,0.02208634465932846,0.001160385669209063
768,0.1452549546957016,2.691516876220703,0.02142875175923109,0.018353460356593132,0.0008640619926154613,0.02039519604295492,0.02913503721356392,0.0009706113778520375,0.02247923845425248,0.030587987042963505,0.0010406110668554902
769,0.23688221722841263,1.8999608755111694,0.03398876544088125,0.027602669317275286,0.001072670565918088,0.033255062997341156,0.024037513881921768,0.0011673956760205328,0.03428390249609947,0.08024096675217152,0.0012332737678661942
770,0.14102225750684738,1.9673253297805786,0.018007912673056126,0.02905146311968565,0.0009395737433806062,0.01724422024562955,0.02465949021279812,0.0010340505396015942,0.018295929301530123,0.030685518868267536,0.001104102295357734
771,0.2233327478170395,1.2940170764923096,0.027093245647847652,0.046859415248036385,0.0010247425525449216,0.02685851976275444,0.04301144368946552,0.0010967776761390269,0.028041056357324123,0.048192404210567474,0.001155143545474857
772,0.1931036114692688,1.6145775318145752,0.03942624479532242,0.027330607175827026,0.0009091568063013256,0.035805149003863335,0.026239901781082153,0.001013982284348458,0.033424561843276024,0.027860404923558235,0.001093606697395444
773,0.07078589126467705,0.8247284889221191,0.010934400139376521,0.012271987274289131,0.0006679116631858051,0.010268130106851459,0.011727364966645837,0.0007980420778039843,0.010803603567183018,0.0124129350297153,0.0009015157702378929
774,0.2013714462518692,1.5879563093185425,0.038453102111816406,0.02882550936192274,0.0007522694650106132,0.03526574466377497,0.03346247971057892,0.0008699590980540961,0.03284311946481466,0.029940403066575527,0.0009588627726770937
775,0.11131715029478073,0.6147763133049011,0.01287828292697668,0.02423297893255949,0.0008984981686808169,0.01207407983019948,0.024059556424617767,0.0009996402950491756,0.012000617571175098,0.023089793510735035,0.001083708310034126
776,0.09237713366746902,0.8744504451751709,0.015163027681410313,0.01566576585173607,0.000743614073144272,0.013747960329055786,0.015812307596206665,0.0008630442025605589,0.013328874483704567,0.016094529069960117,0.0009580131154507399
777,0.22598261386156082,1.905227541923523,0.04512977972626686,0.03867206443101168,0.0007929998100735247,0.040377890691161156,0.022676406428217888,0.0008976897224783897,0.03753424808382988,0.03892049938440323,0.0009810354094952345
778,0.0919814184308052,0.6928120255470276,0.012125702109187841,0.016874867025762796,0.0007874915027059615,0.011495077516883612,0.018556591123342514,0.0008935891964938492,0.011596655007451773,0.01867802534252405,0.0009734219638630748
779,0.1324848122894764,0.6577165126800537,0.0226582414470613,0.022036495618522167,0.0009296286734752357,0.020449337549507618,0.02175197470933199,0.0010392165568191558,0.020198996644467115,0.022304853424429893,0.001116071653086692
780,0.2876921743154526,2.8163180351257324,0.055458514019846916,0.030207699164748192,0.0009329206659458578,0.048678282648324966,0.052038269117474556,0.0010512139415368438,0.04435278847813606,0.05382365919649601,0.001148813869804144
781,0.09676995873451233,0.8948996663093567,0.012759982608258724,0.01985024195164442,0.0009302115940954536,0.010875165462493896,0.019289840944111347,0.0010080987121909857,0.010859401430934668,0.020124935545027256,0.0010720754507929087
782,0.1426321566104889,0.5419266819953918,0.031109297648072243,0.015937758143991232,0.000880831154063344,0.029695662669837475,0.01640674937516451,0.0009811104682739824,0.029756625182926655,0.016811485402286053,0.0010526390979066491
783,0.1263374611735344,2.099175453186035,0.021380701567977667,0.020342309027910233,0.0008424983243457973,0.02041451446712017,0.019375945441424847,0.000946337211644277,0.021300073247402906,0.02070496417582035,0.0010301107540726662
784,0.24485021829605103,0.536166250705719,0.04810656141489744,0.03480183146893978,0.0009094641427509487,0.04287060257047415,0.026828098110854626,0.0010285719181410968,0.040663753636181355,0.0485089011490345,0.0011324436054565012
785,0.16057110205292702,0.528164803981781,0.028339301235973835,0.02225461881607771,0.0008734040311537683,0.025460829958319664,0.034081163816154,0.0009773962665349245,0.024554398376494646,0.02297334000468254,0.0010566494311206043
786,0.21495766937732697,0.8616310954093933,0.0303510669618845,0.038648976013064384,0.0009762219269759953,0.028560113161802292,0.045610373839735985,0.001046570367179811,0.02857804298400879,0.040082573890686035,0.0011037340154871345
787,0.19140871986746788,0.5599299669265747,0.024196548853069544,0.039451561868190765,0.0009155172447208315,0.022750109434127808,0.03802988398820162,0.0010017109743785113,0.023715532384812832,0.04027478490024805,0.0010730670765042305
788,0.0954383835196495,0.3367840647697449,0.013070648536086082,0.019192981533706188,0.0007954388856887817,0.012207134626805782,0.01806946098804474,0.0009085563942790031,0.012167691718786955,0.018026620149612427,0.0009998537716455758
789,0.20290731266140938,2.912038564682007,0.039604967925697565,0.03133979719132185,0.0010264545562677085,0.034974159207195044,0.03028461430221796,0.0011292747221887112,0.031940314918756485,0.031387655064463615,0.0012200672645121813
790,0.1971886157989502,0.5299273729324341,0.04408248886466026,0.024650507606565952,0.00077131821308285,0.038765521720051765,0.025060949847102165,0.0008749980770517141,0.03681717813014984,0.02520263846963644,0.0009630178101360798
791,0.23121966421604156,2.9501962661743164,0.03906793240457773,0.03729085251688957,0.0009357700473628938,0.03512943163514137,0.03938165865838528,0.0010254520457237959,0.03345803078263998,0.04384937509894371,0.00108114950126037
792,0.14785204082727432,1.1588246822357178,0.02330417837947607,0.022122430615127087,0.0009149243123829365,0.02045045606791973,0.027193279936909676,0.0009937584982253611,0.01955469325184822,0.03225249424576759,0.0010658283135853708
793,0.19634070619940758,2.6013855934143066,0.02373173786327243,0.039535016752779484,0.0009452267258893698,0.024029808584600687,0.03859544079750776,0.0010210386535618454,0.025279142893850803,0.04211734514683485,0.0010859547182917595
794,0.06796087138354778,1.0772567987442017,0.00833684392273426,0.01302701816894114,0.000666972977342084,0.008117746794596314,0.013516471954062581,0.0008202424796763808,0.008255827007815242,0.014280904084444046,0.000938850047532469
795,0.18112744763493538,1.368716835975647,0.023800509981811047,0.03491884283721447,0.000852619472425431,0.023332172073423862,0.03683891985565424,0.0009542604093439877,0.02379118511453271,0.03561169095337391,0.0010272407089360058
796,0.20671038702130318,2.69156551361084,0.03964393213391304,0.03970072604715824,0.0010242210701107979,0.035022699274122715,0.028206199407577515,0.0011357998591847718,0.03180554788559675,0.028938859701156616,0.0012324043782427907
797,0.19838377833366394,2.3516526222229004,0.030936002731323242,0.03869466856122017,0.0008880315581336617,0.029192368499934673,0.03940420038998127,0.0010099062928929925,0.02839725650846958,0.028757168911397457,0.001104168884921819
798,0.172657310962677,1.4322218894958496,0.02971304440870881,0.018178346566855907,0.0008248818339779973,0.027352840173989534,0.0349842794239521,0.0009459285065531731,0.026140980888158083,0.033488230779767036,0.001028790371492505
799,0.15854686498641968,1.0098484754562378,0.02978586358949542,0.024995352141559124,0.0007749955402687192,0.02769023133441806,0.027264422737061977,0.0008873959595803171,0.025688961148262024,0.020480846986174583,0.0009787954622879624
800,0.14904829859733582,1.1041605472564697,0.021156455855816603,0.02868406195193529,0.0008737929747439921,0.019768494181334972,0.02953892108052969,0.000982480647508055,0.019554039929062128,0.027432644739747047,0.0010574024636298418
801,0.07251649722456932,1.3856230974197388,0.009078615345060825,0.013641782337799668,0.0007373039261437953,0.00883970013819635,0.013935449533164501,0.0008542606956325471,0.0092749975156039,0.015194155275821686,0.0009602322825230658
802,0.14736469089984894,1.123512864112854,0.01656663464382291,0.033097091130912304,0.0009801861888263375,0.0166561184450984,0.0324034346267581,0.0010686376481316984,0.01739182136952877,0.028055149130523205,0.0011456127976998687
803,0.09524183720350266,4.099602222442627,0.011269824113696814,0.01691229734569788,0.0007872350688558072,0.012283640448004007,0.016882683150470257,0.0008880865934770554,0.015162119176238775,0.020093602128326893,0.0009623465593904257
804,0.07537628896534443,2.3680825233459473,0.008048813324421644,0.015707176877185702,0.0008025382703635842,0.007998612942174077,0.015943767968565226,0.0009274043841287494,0.008885072078555822,0.016028881072998047,0.0010340227745473385
805,0.1974010318517685,0.6748895645141602,0.0396820493042469,0.030181558802723885,0.0008357608166988939,0.03711157105863094,0.03160712728276849,0.0009604673832654953,0.03664514236152172,0.019327132031321526,0.001050227729137987
806,0.16594216227531433,0.5026497840881348,0.027922766283154488,0.03368702158331871,0.0008632197568658739,0.025532281957566738,0.02696068212389946,0.0009815754601731896,0.025859125889837742,0.023068402893841267,0.0010670871706679463
807,0.10058911889791489,0.49815475940704346,0.01354534039273858,0.02103150449693203,0.0009339568205177784,0.012315874453634024,0.018123826943337917,0.0010390598035883158,0.012325708288699389,0.02015440072864294,0.0011194493854418397
808,0.1347082555294037,2.049905776977539,0.023112177848815918,0.023016326129436493,0.0010093335877172649,0.021260371897369623,0.02170817367732525,0.0011167285847477615,0.020569502376019955,0.021721054799854755,0.0011945831938646734
809,0.22187697887420654,1.7484931945800781,0.033499883487820625,0.041131747886538506,0.0010401165927760303,0.031578670255839825,0.03895089775323868,0.0011360141215845942,0.030818307772278786,0.042517274618148804,0.0012040716828778386
810,0.1586732268333435,1.3250046968460083,0.028188372030854225,0.023287439718842506,0.0008676751749590039,0.025113081093877554,0.022542888298630714,0.0009828577167354524,0.024119258392602205,0.032500023022294044,0.0010716230608522892
811,0.037403009831905365,0.9145986437797546,0.004750807303935289,0.006912365090101957,0.0005613991233985871,0.004161957185715437,0.007325479062274098,0.000746092846384272,0.004521444672718644,0.007538030855357647,0.0008854343323037028
812,0.3256639838218689,2.3747212886810303,0.06468670070171356,0.048209888860583305,0.0010623637354001403,0.05490267090499401,0.04649074003100395,0.0012104749912396073,0.05000865459442139,0.05775729380548,0.001335193170234561
813,0.2577953040599823,2.719353675842285,0.029151906725019217,0.017095106188207865,0.000998172938125208,0.02901421207934618,0.07342371251434088,0.001096984080504626,0.03166534565389156,0.07416063640266657,0.0011892274487763643
814,0.14286502450704575,3.3507916927337646,0.016421902924776077,0.02665168885141611,0.000991064589470625,0.01724538393318653,0.03247690387070179,0.0010829894454218447,0.018796095624566078,0.028042293153703213,0.0011567064793780446
815,0.16186857968568802,2.928891181945801,0.0278190104290843,0.03171286266297102,0.0008584754541516304,0.026136572007089853,0.022717958316206932,0.0009744904236868024,0.02749798260629177,0.02309094090014696,0.0010602854890748858
816,0.22601032257080078,3.188856601715088,0.03445415571331978,0.038473536260426044,0.0009387425961904228,0.03470316529273987,0.03883899562060833,0.001027963444357738,0.03644545562565327,0.04003109037876129,0.00109721819171682
817,0.09140881896018982,3.1130759716033936,0.01297491928562522,0.015640091616660357,0.0008049989119172096,0.012740910984575748,0.01554334070533514,0.0009158357279375196,0.014008101541548967,0.017777992878109217,0.001002624980174005
818,0.2703951299190521,2.860639810562134,0.04451279155910015,0.04626670014113188,0.0009177614701911807,0.03993075713515282,0.049841469153761864,0.0009995763830374926,0.03829765506088734,0.04857659339904785,0.0010518170893192291
819,0.1762237846851349,2.415724992752075,0.033435318153351545,0.030927518848329782,0.000828745192848146,0.028687833342701197,0.02261569071561098,0.0009349217580165714,0.027429945766925812,0.03036053664982319,0.0010032794962171465
820,0.16726373136043549,0.867339015007019,0.03119038138538599,0.031159019097685814,0.0009466359042562544,0.029976380057632923,0.020508885383605957,0.001078821049304679,0.030327255837619305,0.020911172032356262,0.0011651723179966211
821,0.29965774714946747,2.496114492416382,0.04971865937113762,0.050248898565769196,0.0010227709426544607,0.04446551203727722,0.058831969276070595,0.001127749274019152,0.041963281109929085,0.05106727220118046,0.0012116346042603254
822,0.19949854910373688,0.6841726303100586,0.030714894644916058,0.01679296139627695,0.0010210562613792717,0.029930694960057735,0.016183847095817327,0.00111732428194955,0.030161358416080475,0.07238111738115549,0.0011953021166846156
823,0.14276976883411407,0.3774661719799042,0.02141510834917426,0.027528773993253708,0.0007941102958284318,0.020718384068459272,0.029840636998414993,0.0009408849582541734,0.02056014398112893,0.0199267053976655,0.0010450202389620245
824,0.3947698622941971,0.7092164754867554,0.040334487333893776,0.09194337949156761,0.0010403651394881308,0.038741618394851685,0.09206034615635872,0.0011281094630248845,0.03905058465898037,0.08927701786160469,0.0011939449468627572
825,0.30000651627779007,0.8734747171401978,0.029855260625481606,0.06901230802759528,0.0008975366072263569,0.02916969684883952,0.06880068685859442,0.0010237028764095157,0.02966063655912876,0.07047576177865267,0.0011109385814052075
826,0.08362310752272606,0.3491427004337311,0.01257871137931943,0.014457900542765856,0.0007988905417732894,0.011546020861715078,0.015391914173960686,0.0009371690102852881,0.011333135422319174,0.01554393908008933,0.001035424880683422
827,0.2185492366552353,3.338291883468628,0.04354816675186157,0.035353872925043106,0.0009666468249633908,0.03855995740741491,0.027330677956342697,0.0010733179515227675,0.036381401121616364,0.03420477733016014,0.0011304070940241218
828,0.12366791814565659,0.9167909622192383,0.016209974884986877,0.024757524486631155,0.0008852847968228161,0.01570759667083621,0.024126581847667694,0.0009952601976692677,0.015689150895923376,0.024216501973569393,0.0010800451855175197
829,0.2041541263461113,0.9644352793693542,0.03201435785740614,0.032427772879600525,0.0009526360081508756,0.029461893253028393,0.03863799385726452,0.0010553068714216352,0.02852060180157423,0.03994731418788433,0.0011362467193976045
830,0.1006244532763958,2.751121997833252,0.011857677716761827,0.019918713718652725,0.0008882905240170658,0.011639885604381561,0.02169671282172203,0.0009782793349586427,0.012418190483003855,0.020161407999694347,0.0010652973433025181
831,0.09967980533838272,3.286489725112915,0.01148876454681158,0.021747869439423084,0.0008251245890278369,0.011675676330924034,0.02052929811179638,0.0009331205801572651,0.013151584658771753,0.01830383390188217,0.0010245346347801387
832,0.20189479365944862,2.5405757427215576,0.029763941187411547,0.01607664255425334,0.0009883712627924979,0.030323367100208998,0.01737705012783408,0.0010957674821838737,0.03161023184657097,0.07348340470343828,0.0011760217603296041
833,0.17925284802913666,4.00225305557251,0.030431977473199368,0.02057860977947712,0.0009545077627990395,0.02959054335951805,0.031052658334374428,0.001093535654945299,0.03268519043922424,0.03168986923992634,0.0011759513290598989
834,0.13557369261980057,1.9450466632843018,0.015790550969541073,0.028271549381315708,0.0009477196144871414,0.01578395301476121,0.030551430769264698,0.0010460178018547595,0.01650805352255702,0.025549388490617275,0.0011250413372181356
835,0.08900114521384239,1.1121997833251953,0.013051888905465603,0.015937344636768103,0.0008341888897120953,0.01203554030507803,0.015188237652182579,0.0009460764122195542,0.012449550908058882,0.01752124447375536,0.001037074369378388
836,0.11517343670129776,0.6181854605674744,0.018407282419502735,0.021764267701655626,0.0008441889367531985,0.01694601308554411,0.02158034546300769,0.0009436380350962281,0.016797392163425684,0.01686814008280635,0.0010221697157248855
837,0.12912597879767418,1.6841481924057007,0.016819171607494354,0.02847122447565198,0.0009267294371966273,0.016019431874155998,0.023320181760936975,0.001034500019159168,0.015719585586339235,0.025696697644889355,0.0011184546747244895
838,0.21524885296821594,3.7203433513641357,0.03750765509903431,0.03152037411928177,0.0009421053982805461,0.03286955412477255,0.035791427828371525,0.0010331453522667289,0.030829722993075848,0.04366909712553024,0.0010857838788069785
839,0.18092437088489532,1.455993413925171,0.029227912425994873,0.0394184123724699,0.000895527919055894,0.026621641591191292,0.028514604084193707,0.0010148545843549073,0.025996959768235683,0.028122692368924618,0.0011117786634713411
840,0.16870202124118805,2.1822445392608643,0.03588527347892523,0.02434919122606516,0.0008507190796080977,0.03196535166352987,0.01935364119708538,0.0009468101197853684,0.029277386143803596,0.025055897422134876,0.001017750968458131
841,0.13453233614563942,1.0959668159484863,0.02254668716341257,0.022417529486119747,0.0009844395099207759,0.020968369208276272,0.021705124527215958,0.001090427569579333,0.020537931472063065,0.02310981135815382,0.0011720176553353667
842,0.14254716038703918,0.28492841124534607,0.01611713506281376,0.031836796551942825,0.0010442659258842468,0.015695772133767605,0.02770654298365116,0.0011307626264169812,0.015814051497727633,0.031998506747186184,0.0012033226084895432
843,0.1751146838068962,1.0576796531677246,0.03099819738417864,0.02730343583971262,0.0009410292259417474,0.029152401722967625,0.02616655034944415,0.0010379147715866566,0.030019967816770077,0.028394206892699003,0.001100973633583635
844,0.21298159658908844,1.526306390762329,0.03848294587805867,0.029810398817062378,0.0009686712874099612,0.03326878556981683,0.03937642090022564,0.0010849143145605922,0.030295046512037516,0.038507839664816856,0.0011865656124427915
845,0.08550261706113815,1.4712170362472534,0.012417612131685019,0.014704267960041761,0.0007713158847764134,0.012128039263188839,0.01461635297164321,0.0008948621980380267,0.012583335395902395,0.0163948992267251,0.0009919309231918305
846,0.1687440648674965,0.4066072702407837,0.022766715846955776,0.03417973406612873,0.0009781037224456668,0.020520085468888283,0.03325794916599989,0.00105173303745687,0.021202461794018745,0.033670324832201004,0.001116957690101117
847,0.1682097464799881,2.104836940765381,0.02640057634562254,0.029665187001228333,0.0009929837251547724,0.02294587716460228,0.02810576092451811,0.0010687204776331782,0.0223105875775218,0.03559126891195774,0.0011287800734862685
848,0.07272916659712791,1.6699479818344116,0.008547033183276653,0.014489187160506845,0.0008069569012150168,0.008279042784124613,0.015394626650959253,0.0009335657232441008,0.008651725249364972,0.01459265872836113,0.0010343723115511239
849,0.09161710366606712,1.7205861806869507,0.013006656896322966,0.017320377752184868,0.0008246876241173595,0.012275913264602423,0.015936811454594135,0.0009395584347657859,0.01209397055208683,0.018192335963249207,0.0010267901816405356
850,0.22065351530909538,1.9572829008102417,0.038899749517440796,0.03552044555544853,0.0009305293206125498,0.03376276884227991,0.03793227858841419,0.0010799224546644837,0.03209811495617032,0.03923630900681019,0.0011933961068280041
851,0.19340717792510986,2.0263142585754395,0.03425603825598955,0.021191603504121304,0.0008987358887679875,0.030070044100284576,0.03729063458740711,0.001002321019768715,0.0288950027897954,0.03872574772685766,0.0010770499939098954
852,0.13840974122285843,0.49866342544555664,0.028851946350187063,0.01726544462144375,0.0007386340585071594,0.025833926163613796,0.017959284596145153,0.0008681056497152895,0.02396329026669264,0.02196036046370864,0.0009687458805274218
853,0.08193988353013992,1.022932529449463,0.011617276351898909,0.015991960186511278,0.0007235285011120141,0.011223749723285437,0.014546725433319807,0.0008545637247152627,0.011336109135299921,0.014697183854877949,0.0009487866191193461
854,0.11750534176826477,0.4820883572101593,0.020886973943561316,0.017152617685496807,0.0008328200201503932,0.019968275912106037,0.017957604490220547,0.000978298659902066,0.01985263219103217,0.01880484540015459,0.0010712728835642338
855,0.2248196080327034,4.139197826385498,0.04891307093203068,0.03276162128895521,0.0007984520925674587,0.041053105145692825,0.02938531804829836,0.0009010854410007596,0.0374877005815506,0.03254668414592743,0.0009725700074341148
856,0.2421211302280426,1.3264799118041992,0.05498933978378773,0.026616348419338465,0.0010740390280261636,0.05008625239133835,0.03428862849250436,0.0011972463107667863,0.047285670414566994,0.025286701507866383,0.0012969056842848659
857,0.21432827413082123,0.7686275243759155,0.0380763066932559,0.04017949849367142,0.001053265412338078,0.03293531108647585,0.04014046583324671,0.0011629697401076555,0.030096269212663174,0.029423181898891926,0.0012610168778337538
858,0.19417575001716614,0.7162305116653442,0.022508468478918076,0.041893091052770615,0.0009612278081476688,0.021523145493119955,0.041408431716263294,0.001045587530825287,0.021578609477728605,0.04213750548660755,0.001119690656196326
859,0.22173798084259033,0.26985979080200195,0.02629642654210329,0.047164008021354675,0.001041025563608855,0.025577510707080364,0.04821557365357876,0.0011179232969880104,0.025552467443048954,0.045596860349178314,0.00117618462536484
860,0.12761885300278664,0.23114806413650513,0.016611745581030846,0.023815692402422428,0.0008933861390687525,0.01637778151780367,0.023530982434749603,0.0010141677921637893,0.016453114338219166,0.0278248256072402,0.0010971571318805218
861,0.18174205720424652,0.4791163504123688,0.031661042012274265,0.026477311737835407,0.0009298625227529556,0.02909543737769127,0.030724946409463882,0.0010358286672271788,0.02905795443803072,0.03164349403232336,0.0011161863803863525
862,0.15819448977708817,1.0142220258712769,0.027089788112789392,0.01816654810681939,0.0008792378939688206,0.023798804730176926,0.03077503200620413,0.0010106973932124674,0.02294424409046769,0.03242992423474789,0.0011002133251167834
863,0.08167246729135513,0.28588104248046875,0.012000469490885735,0.015621705912053585,0.0008103908039629459,0.010799331590533257,0.014594453852623701,0.0009565252403263003,0.010787994600832462,0.015043884515762329,0.0010577120701782405
864,0.1235877275466919,0.4405750334262848,0.01846212148666382,0.025233250111341476,0.0009328476444352418,0.016160907223820686,0.024630963802337646,0.0010250157210975885,0.01605097809806466,0.019988014362752438,0.0011036297655664384
865,0.14035390317440033,0.5896698236465454,0.016073313541710377,0.03138870745897293,0.0009806639864109457,0.015408535953611135,0.027015453204512596,0.0010764709440991282,0.01546721113845706,0.03178625460714102,0.001157291466370225
866,0.11652692779898643,0.6737377643585205,0.015139151364564896,0.025450417771935463,0.0008165985927917063,0.014112628996372223,0.025942979380488396,0.0009216124017257243,0.013964140322059393,0.01917334832251072,0.0010060473578050733
867,0.11638645455241203,2.4092841148376465,0.022427941672503948,0.014210633933544159,0.0008818155038170516,0.022259806748479605,0.014882660936564207,0.0010105886904057115,0.023539922200143337,0.01607319200411439,0.0010998934740200639
868,0.1413016989827156,1.6271836757659912,0.021123309154063463,0.02504099626094103,0.0007565391715615988,0.02047592354938388,0.024811505805701017,0.0009147108357865363,0.020929014775902033,0.026220948435366154,0.0010287521872669458
869,0.15625998377799988,0.7919735908508301,0.02898027142509818,0.03051000740379095,0.0008580682915635407,0.026596699375659227,0.01949967071413994,0.000982191413640976,0.026039902586489916,0.02172273676842451,0.00107043533353135
870,0.19090020656585693,0.3288416862487793,0.037051139399409294,0.03545532654970884,0.0009876773692667484,0.034129463136196136,0.02372436597943306,0.001106058363802731,0.03361297957599163,0.023645375855267048,0.0011878188233822584
871,0.05920233204960823,0.9004730582237244,0.007506051566451788,0.0107694489415735,0.0007339272415265441,0.006972528761252761,0.011825548019260168,0.0009053648682311177,0.007336715003475547,0.01211869134567678,0.0010340539156459272
872,0.11670789495110512,1.0408467054367065,0.01533595658838749,0.02544939238578081,0.000822709349449724,0.014289639424532652,0.02410839218646288,0.0009359819232486188,0.014508856926113367,0.02022571349516511,0.0010312547092325985
873,0.14048488810658455,0.5157001614570618,0.020894310902804136,0.028870731592178345,0.0007938781345728785,0.02006694534793496,0.028109975159168243,0.0009533865959383547,0.019981329329311848,0.019749863538891077,0.0010644674766808748
874,0.21528923511505127,0.6440651416778564,0.03750089788809419,0.028224091976881027,0.0009362432756461203,0.03258199477568269,0.04142541717737913,0.0010791204404085875,0.030780684668570757,0.04156783316284418,0.0011929517495445907
875,0.1461476981639862,2.309542655944824,0.017465459182858467,0.03113639634102583,0.0009232862503267825,0.01711168885231018,0.028983253054320812,0.0010042453650385141,0.018250351771712303,0.0301870908588171,0.001085926778614521
876,0.12270750850439072,3.156510591506958,0.021384685765951872,0.016951315104961395,0.0008256214787252247,0.021404992323368788,0.01793498918414116,0.0009704210970085114,0.02366435993462801,0.018510750494897366,0.0010603736736811697
877,0.10249693691730499,2.870680809020996,0.0129084512591362,0.019916214048862457,0.0008900191751308739,0.013155967928469181,0.01923320349305868,0.0009995626169256866,0.01459744805470109,0.019706943072378635,0.0010891336714848876
878,0.1405332274734974,1.6181354522705078,0.023782648611813784,0.027059562737122178,0.0007135171035770327,0.021866026567295194,0.016576684080064297,0.0008521571289747953,0.021734869573265314,0.02698920341208577,0.0009585577645339072
879,0.09241358563303947,1.3640315532684326,0.013877145014703274,0.016636492684483528,0.0008551698992960155,0.012916665524244308,0.016315885819494724,0.0009725215786602348,0.013235973659902811,0.016537854447960854,0.0010658755782060325
880,0.08838757872581482,0.34603506326675415,0.01159946620464325,0.017770126461982727,0.0008837394416332245,0.010385953355580568,0.01691603660583496,0.0010035455925390124,0.010436242911964655,0.018298229202628136,0.0010942365624941885
881,0.2020338624715805,2.151862621307373,0.03842095751315355,0.028098334558308125,0.0009199231280945241,0.034148522187024355,0.037590778432786465,0.0010487372055649757,0.03154533822089434,0.029106151312589645,0.0011551273055374622
882,0.2092435210943222,2.007904291152954,0.026509064249694347,0.043498240411281586,0.0009426590404473245,0.025054282508790493,0.04367438703775406,0.001027126854751259,0.024832372553646564,0.04260846506804228,0.001096918887924403
883,0.1487875133752823,1.0856683254241943,0.019461520947515965,0.03147802408784628,0.0009190450655296445,0.017918928060680628,0.029607071541249752,0.00101767189335078,0.017630197573453188,0.029654016718268394,0.001101035624742508
884,0.20635420829057693,1.1594008207321167,0.025725611485540867,0.04344417154788971,0.0009496805723756552,0.024279997684061527,0.04768380895256996,0.0010354880942031741,0.024296755902469158,0.037838506512343884,0.0011001774109899998
885,0.10038626194000244,0.8188492655754089,0.012161435093730688,0.020041638985276222,0.0008942053536884487,0.011910917703062296,0.02009324263781309,0.0010021470952779055,0.012149068992584944,0.021042033098638058,0.0010915776947513223
886,0.08679383620619774,1.6657295227050781,0.011062837205827236,0.01680505182594061,0.000851865450385958,0.010692465119063854,0.01681345794349909,0.0009409874910488725,0.010994524229317904,0.017612161114811897,0.0010204853606410325
887,0.2674943283200264,1.9126521348953247,0.05395456589758396,0.029030431993305683,0.0009484016627538949,0.04681685194373131,0.03985985741019249,0.001072542043402791,0.04290626384317875,0.051728470250964165,0.0011769435950554907
888,0.1980034038424492,1.6140788793563843,0.03752700099721551,0.028259756974875927,0.0009948195656761527,0.03235685871914029,0.028390946798026562,0.0011053031776100397,0.029301233123987913,0.03886454924941063,0.0012029404751956463
889,0.11454742401838303,2.005671501159668,0.020045938901603222,0.018217730335891247,0.000888536189449951,0.01767536485567689,0.02103849221020937,0.0009969034581445158,0.01694214204326272,0.017665415070950985,0.001076907035894692
890,0.2775674909353256,2.522026300430298,0.04939739406108856,0.08482286147773266,0.0009742268593981862,0.04516363888978958,0.029255001340061426,0.001075257605407387,0.043847229331731796,0.021898350212723017,0.0011335376766510308
891,0.11506666988134384,0.5166130065917969,0.023760683834552765,0.018317870795726776,0.0006626020185649395,0.020880164811387658,0.013873552205041051,0.0008036589133553207,0.01978370500728488,0.01605168031528592,0.0009327537845820189
892,0.16967762634158134,3.0733482837677,0.032999529503285885,0.031159834004938602,0.0008494987268932164,0.027537273708730936,0.02449870854616165,0.0009624763624742627,0.0255707036703825,0.02506965398788452,0.0010299382265657187
893,0.09859993308782578,2.4977805614471436,0.011675726622343063,0.021546670235693455,0.0008357951301150024,0.011408555321395397,0.021587498486042023,0.0009491967502981424,0.011737515218555927,0.01781099382787943,0.001047978235874325
894,0.2878561019897461,3.2955172061920166,0.05681850388646126,0.04241315834224224,0.0009653213201090693,0.04604274407029152,0.05284676514565945,0.0010934998863376677,0.043611280620098114,0.04288189858198166,0.0011829495197162032
895,0.08970150351524353,2.1634950637817383,0.011229022406041622,0.016600477509200573,0.0007913313747849315,0.011094627436250448,0.018846976570785046,0.0009112808329518884,0.01152447471395135,0.017712826374918222,0.000990486703813076
896,0.0944664254784584,1.4805165529251099,0.011092000640928745,0.020273588597774506,0.0009843152365647256,0.010720723308622837,0.01938694529235363,0.0010955106117762625,0.011353847570717335,0.018384990748018026,0.0011744980001822114
897,0.11857917159795761,0.6648569107055664,0.01870786165818572,0.018221663311123848,0.0009146468946710229,0.016884492710232735,0.022543026134371758,0.0010255529778078198,0.01680084178224206,0.022379490546882153,0.0011015975615009665
898,0.15779616683721542,0.7373154163360596,0.01857670769095421,0.032832901924848557,0.0010022922651842237,0.01814895775169134,0.03755743242800236,0.001089214812964201,0.018374010920524597,0.02905480656772852,0.0011598392156884074
899,0.11741376481950283,0.5902829766273499,0.015046889893710613,0.02445849310606718,0.0008092458010651171,0.013805404538288713,0.02284393785521388,0.0009304675040766597,0.013603464467450976,0.02487393096089363,0.0010419280442874879
900,0.09724034368991852,0.5341249704360962,0.011394896544516087,0.019474861212074757,0.0008529442129656672,0.011096831411123276,0.019896782003343105,0.0009764413116499782,0.011263084597885609,0.02120869979262352,0.0010757980053313076
901,0.09239154681563377,0.30146947503089905,0.012337230145931244,0.01700567826628685,0.0008121365972328931,0.011924440506845713,0.017722980119287968,0.0009521586471237242,0.011984026525169611,0.01859024027362466,0.001062657160218805
902,0.18177898228168488,0.41784346103668213,0.021855267696082592,0.03841813746839762,0.0009566272492520511,0.02114286832511425,0.04107931535691023,0.0010520643554627895,0.021321199368685484,0.03482632525265217,0.0011271698167547584
903,0.16134515404701233,0.5403710007667542,0.03071737941354513,0.01995361316949129,0.000941328820772469,0.029406119138002396,0.019739648327231407,0.0011056148796342313,0.028913850896060467,0.02936192788183689,0.001205675071105361
904,0.06339656189084053,0.7192777991294861,0.007721248781308532,0.012111419579014182,0.0007215353543870151,0.007592363748699427,0.012492197565734386,0.0008840395312290639,0.007783391745761037,0.01308339019306004,0.001006978505756706
905,0.17558586597442627,0.6147684454917908,0.03604438807815313,0.02086556889116764,0.0008251926337834448,0.03296472877264023,0.019218706525862217,0.0009838090045377612,0.03221697360277176,0.031377519480884075,0.0010889786062762141
906,0.060371240600943565,1.5028144121170044,0.008048645686358213,0.010775896022096276,0.0006403432344086468,0.008042945875786245,0.011016379110515118,0.0008000140078365803,0.008295948035083711,0.011818607803434134,0.0009324615821242332
907,0.2065381035208702,1.48396897315979,0.03710575867444277,0.028721651062369347,0.001005838392302394,0.03169423108920455,0.037982067093253136,0.0011145342141389847,0.029023283161222935,0.038672796450555325,0.0012179379700683057
908,0.12378350645303726,0.5577585101127625,0.014891667757183313,0.023582392372190952,0.0008537624962627888,0.013940948527306318,0.025659424252808094,0.0009626148967072368,0.013905506581068039,0.028935753740370274,0.0010514410678297281
909,0.14749577641487122,1.1483001708984375,0.02878979593515396,0.016947233118116856,0.0007969107246026397,0.02791316621005535,0.025511063635349274,0.000967143103480339,0.028138108551502228,0.01735992543399334,0.0010724219027906656
910,0.09540872648358345,0.42078152298927307,0.010967589914798737,0.020204040221869946,0.0009326483123004436,0.010184289887547493,0.019643940962851048,0.0010193773778155446,0.010239939205348492,0.021113818511366844,0.00110308249713853
911,0.22311246395111084,1.2639449834823608,0.04570942185819149,0.03538876213133335,0.0009291859169024974,0.04006710648536682,0.02516857348382473,0.0010928137926384807,0.037330321967601776,0.036206601187586784,0.0012196767493151128
912,0.21390029042959213,0.997062087059021,0.03825318580493331,0.03546578995883465,0.0009548693778924644,0.03287369292229414,0.03667462896555662,0.0010873943683691323,0.030283720698207617,0.03711403347551823,0.0011929655447602272
913,0.05439712293446064,0.4054403007030487,0.00692554225679487,0.01044461689889431,0.0007222163840197027,0.006214920082129538,0.011100981617346406,0.0008818435599096119,0.0064219224732369184,0.010689528658986092,0.0009955545247066766
914,0.16534186154603958,0.6055241227149963,0.035977632738649845,0.02282604295760393,0.0007801983447279781,0.031838431023061275,0.02178608952090144,0.0009380878182128072,0.031034487299621105,0.019108478911221027,0.0010524134850129485
915,0.1199493296444416,0.8500310778617859,0.020292984787374735,0.01954111596569419,0.0010048205440398306,0.018623150419443846,0.020123344846069813,0.0011294112191535532,0.018410555087029934,0.019606036599725485,0.001217912300489843
916,0.14568320661783218,1.3823785781860352,0.018243589904159307,0.03003033436834812,0.0009826467430684716,0.017256335821002722,0.02880493551492691,0.0010803175973705947,0.017705687321722507,0.030433432199060917,0.0011459244997240603
917,0.06313226744532585,0.6639084219932556,0.008507654769346118,0.011726340278983116,0.0007061446667648852,0.008289836696349084,0.011257745092734694,0.0008640222658868879,0.008346025366336107,0.012458472978323698,0.0009760280081536621
918,0.17643127590417862,1.7846266031265259,0.028028331696987152,0.03166268579661846,0.0010825449135154486,0.026038761250674725,0.030852186493575573,0.0011736297165043652,0.02552460040897131,0.030829930678009987,0.0012386046582832932
919,0.23758261650800705,0.876775324344635,0.04368618316948414,0.019902103580534458,0.0009576254524290562,0.04043448902666569,0.01762153720483184,0.0010748635686468333,0.03995187394320965,0.07278687972575426,0.001167059293948114
920,0.17814546078443527,0.48456433415412903,0.02267227414995432,0.03377198241651058,0.0008715775329619646,0.022023452445864677,0.0373642323538661,0.0009899085271172225,0.021987018641084433,0.037387607619166374,0.0010773988906294107
921,0.15782791376113892,1.3154195547103882,0.021322364918887615,0.03134157136082649,0.0010164704290218651,0.019052582792937756,0.029615395702421665,0.0011098377290181816,0.01831691525876522,0.03487663250416517,0.0011761374771595001
922,0.13801144808530807,1.8349995613098145,0.02749356278218329,0.026130969636142254,0.0007005184597801417,0.02359562471974641,0.017928904853761196,0.0008365662943106145,0.021417075069621205,0.01897320756688714,0.0009350167820230126
923,0.15867386013269424,1.5401182174682617,0.030280553735792637,0.02954082889482379,0.0008045383146964014,0.02551052998751402,0.023922334425151348,0.0009157555177807808,0.023004634771496058,0.023710506968200207,0.0009841777791734785
924,0.12802953645586967,4.012521266937256,0.023375535383820534,0.017745066434144974,0.0009289022418670356,0.023788282182067633,0.017664956394582987,0.001035030698403716,0.024676206056028605,0.01770214270800352,0.0011134138330817223
925,0.08751033246517181,2.930310010910034,0.011703184340149164,0.01518848305568099,0.0008215534617193043,0.011591929476708174,0.016424942761659622,0.0009358198440168053,0.01220635510981083,0.017623561434447765,0.0010145020205527544
926,0.09471108764410019,1.9702469110488892,0.012344317510724068,0.017924584448337555,0.0008316713792737573,0.012172539252787828,0.017005278263241053,0.0009573648567311466,0.012497379444539547,0.01992809772491455,0.0010498520568944514
927,0.09553369879722595,0.8907118439674377,0.012644730042666197,0.017370328307151794,0.0008446048304904252,0.012406498193740845,0.01743063796311617,0.0009649232961237431,0.012756474316120148,0.02006829623132944,0.0010472037829458714
928,0.12931938841938972,0.39319178462028503,0.021315607707947493,0.02181540708988905,0.0010119943181052804,0.02061477117240429,0.02061078604310751,0.0011315361480228603,0.020468097180128098,0.021145592443645,0.001205594977363944
929,0.060309650376439095,0.698785126209259,0.008095231605693698,0.010676216101273894,0.0006940020248293877,0.007613623049110174,0.010955667356029153,0.0008464370912406594,0.00757871032692492,0.012876421213150024,0.0009733428014442325
930,0.1692362204194069,0.8060258626937866,0.02665295358747244,0.03439564350992441,0.0008417551580350846,0.024275318253785372,0.02189452201128006,0.0009768320305738598,0.024025346618145704,0.035096692852675915,0.0010771570377983153
931,0.15672855824232101,0.38972270488739014,0.03316291607916355,0.018641289323568344,0.000981634424533695,0.03243324253708124,0.017988739535212517,0.0011082348064519465,0.03252067882567644,0.01870157290250063,0.001190252834931016
932,0.08813316375017166,2.033775806427002,0.012279337737709284,0.015861792024224997,0.0008529649348929524,0.012077237013727427,0.016370036639273167,0.0009737685322761536,0.012548378203064203,0.016106474213302135,0.001063173753209412
933,0.293725848197937,1.950286865234375,0.03354858234524727,0.0775999017059803,0.0010825606877915561,0.03353254310786724,0.027821192983537912,0.0011865362175740302,0.03390133287757635,0.08378990367054939,0.0012632792349904776
934,0.12803983315825462,2.4997503757476807,0.014571997802704573,0.025824377313256264,0.0009130093967542052,0.014763986226171255,0.027080455794930458,0.001017895236145705,0.015446073841303587,0.027323822490870953,0.0010982202365994453
935,0.2098964788019657,0.7553398609161377,0.03693648613989353,0.03836541064083576,0.0009829866467043757,0.03179986868053675,0.027561171911656857,0.00111762760207057,0.030626201070845127,0.04127359203994274,0.0012331424513831735
936,0.17450043559074402,3.810739040374756,0.031887699384242296,0.024618211202323437,0.0008463574049528688,0.027729182969778776,0.03111949283629656,0.0009540115715935826,0.026135519612580538,0.03019037377089262,0.0010195980430580676
937,0.172540083527565,1.5864559412002563,0.021830467507243156,0.03725720942020416,0.0009737837826833129,0.019880224019289017,0.03741881065070629,0.0010586690623313189,0.019705533050000668,0.033285328187048435,0.0011300508049316704
938,0.08047967776656151,0.5791721940040588,0.011893899645656347,0.014085769653320312,0.0007286660838872194,0.011476499494165182,0.014553483109921217,0.0008692511182744056,0.011461625806987286,0.014439056627452374,0.0009714252082630992
939,0.175803042948246,1.677095651626587,0.030244220979511738,0.027757793199270964,0.0009548228699713945,0.029160515405237675,0.027798354625701904,0.0010509660933166742,0.029378356412053108,0.02834224794059992,0.001115765015129
940,0.09322870150208473,1.6604984998703003,0.01095836004242301,0.019522606395184994,0.0009278061043005437,0.010515755042433739,0.018912700936198235,0.0010282553848810494,0.010931313037872314,0.019324122928082943,0.0011077816016040742
941,0.1146790124475956,1.2481001615524292,0.022586423438042402,0.015215694438666105,0.0007948466227389872,0.022351711057126522,0.01363524654880166,0.0009180050110444427,0.022529250010848045,0.015642299316823483,0.0010055317252408713
942,0.09353607892990112,0.46430084109306335,0.011011659167706966,0.019869758747518063,0.0008770789427217096,0.010307037737220526,0.02027082908898592,0.0009730757446959615,0.01031562639400363,0.018848509527742863,0.001062507275491953
943,0.09111735597252846,1.0488178730010986,0.011927501764148474,0.01684398902580142,0.0008584169554524124,0.011328353080898523,0.018385399132966995,0.000981700315605849,0.011206607334315777,0.01851463597267866,0.0010707498877309263
944,0.15845845639705658,1.6575403213500977,0.03373312018811703,0.023006395436823368,0.0008658277220092714,0.029377377592027187,0.018169437535107136,0.0009674838511273265,0.02763249631971121,0.023656489327549934,0.0010498313640709966
945,0.14279812946915627,1.2929569482803345,0.017989987041801214,0.02927491068840027,0.0009759751264937222,0.016836018301546574,0.02806819975376129,0.0010617453372105956,0.01746397465467453,0.030004204250872135,0.0011231094249524176
946,0.21384254097938538,0.44460955262184143,0.03125388268381357,0.03854312654584646,0.0010647637536749244,0.03008968010544777,0.03696585260331631,0.001149357354734093,0.03042667079716921,0.043145124800503254,0.0012040793080814183
947,0.12833259999752045,0.7799776196479797,0.019981957972049713,0.027837714180350304,0.0008001673559192568,0.019329064525663853,0.018936628475785255,0.0009426209144294262,0.019607636146247387,0.019839704036712646,0.0010570999584160745
948,0.17385777831077576,3.3975918292999268,0.029931227210909128,0.031084096990525723,0.0007927700062282383,0.025551215279847383,0.03125302121043205,0.0008947062306106091,0.02377415355294943,0.02961454028263688,0.0009620458586141467
949,0.27631843090057373,2.797186851501465,0.053429316729307175,0.04941263236105442,0.0009520919120404869,0.046868136152625084,0.028943604789674282,0.0010755974799394608,0.04361226223409176,0.050859298557043076,0.0011654923437163234
950,0.24289866164326668,0.9267500042915344,0.02930007316172123,0.06973139895126224,0.0010099998326040804,0.028613281436264515,0.013919520657509565,0.0011357103358022869,0.028562188148498535,0.06940563209354877,0.0012208670377731323
951,0.1322447992861271,1.1032577753067017,0.02718302235007286,0.018749828450381756,0.0008086679154075682,0.024392422754317522,0.018835242837667465,0.0009346831939183176,0.02274369029328227,0.01758121559396386,0.0010160297970287502
952,0.21922656893730164,0.43433043360710144,0.04009628668427467,0.013548644725233316,0.0009718305082060397,0.039939338341355324,0.06879126466810703,0.0010877448949031532,0.04004359804093838,0.013583443127572536,0.0011644204496406019
953,0.18187808990478516,0.37154725193977356,0.035360537469387054,0.029729709960520267,0.0008271439292002469,0.03227571677416563,0.029864056035876274,0.000979339296463877,0.032002490013837814,0.019758598878979683,0.0010804958874359727
954,0.11405666545033455,1.0505313873291016,0.01744260499253869,0.02056394424289465,0.0009285871055908501,0.015147974714636803,0.018564284779131413,0.0010244951117783785,0.014619272667914629,0.024662761017680168,0.0011027420405298471
955,0.14997438341379166,2.306662082672119,0.026909899432212114,0.031415725126862526,0.0008595181861892343,0.024398397654294968,0.019288008101284504,0.0009827976464293897,0.024721344467252493,0.020333344116806984,0.0010653494391590357
956,0.06354401633143425,3.808690071105957,0.007912926841527224,0.01240107580088079,0.0006640241481363773,0.008242368465289474,0.012426471803337336,0.0007996782660484314,0.008838839596137404,0.01135543966665864,0.0009031877852976322
957,0.15571791678667068,0.31246426701545715,0.02881752885878086,0.026660239323973656,0.0007940659415908158,0.02784517128020525,0.024853315204381943,0.0009772818884812295,0.027627620846033096,0.017039770260453224,0.001102920330595225
958,0.18587437272071838,3.1487889289855957,0.03297356143593788,0.03209344204515219,0.0008833655156195164,0.027216836810112,0.03193001542240381,0.000977655901806429,0.024467848241329193,0.03429372888058424,0.0010379242594353855
959,0.2368718832731247,3.552931308746338,0.04510854370892048,0.03679968323558569,0.0008606585033703595,0.03726317919790745,0.03452272806316614,0.0009713167091831565,0.03410365618765354,0.04620857164263725,0.0010335396509617567
960,0.09702051803469658,1.7164791822433472,0.011528211180120707,0.019496502354741096,0.0009402898722328246,0.011165553238242865,0.019383201375603676,0.001058743568137288,0.011376274283975363,0.020927813835442066,0.001143930887337774
961,0.1751757599413395,2.8839268684387207,0.029897500295192003,0.03455873392522335,0.0008295482548419386,0.024144465569406748,0.03508404456079006,0.0009451756486669183,0.021478916984051466,0.027212905697524548,0.0010244668810628355
962,0.2004712112247944,1.7745603322982788,0.02940186345949769,0.016911828890442848,0.0010703692678362131,0.029213143978267908,0.07345022354274988,0.0011805366375483572,0.03012173157185316,0.017855843529105186,0.0012656636536121368
963,0.15952430665493011,0.3629969656467438,0.027469929307699203,0.027680233120918274,0.0009530102834105492,0.027377036400139332,0.02250552363693714,0.0010639779502525926,0.027519002556800842,0.023815809283405542,0.0011397884809412062
964,0.17278627306222916,0.7793273329734802,0.021540989633649588,0.03683645278215408,0.000987099134363234,0.021099852863699198,0.034355100244283676,0.0010689274058677256,0.02126263827085495,0.03450202103704214,0.0011331869172863662
965,0.07837031036615372,0.6796292066574097,0.011823730077594519,0.013911840505897999,0.0007284313323907554,0.01133238896727562,0.013820351101458073,0.0008717845485080034,0.011232987977564335,0.013673221692442894,0.0009755732025951147
966,0.09683295339345932,0.6480356454849243,0.011684500612318516,0.020664877258241177,0.0008440164383500814,0.01124777877703309,0.02102445811033249,0.000972362671745941,0.011134674306958914,0.018191995099186897,0.0010682839201763272
967,0.12211332842707634,1.1128722429275513,0.01465174974873662,0.022916108835488558,0.0009120943723246455,0.014335992746055126,0.028048885986208916,0.0010157476062886417,0.014414538163691759,0.024724598973989487,0.0010936079488601536
968,0.10563992708921432,1.3162051439285278,0.013258813414722681,0.02416908834129572,0.0009163796785287559,0.012229295447468758,0.01992077985778451,0.0010222021373920143,0.012619778513908386,0.020397521555423737,0.0011060721008107066
969,0.1263946257531643,0.34844112396240234,0.020708417985588312,0.021206247620284557,0.001032222993671894,0.01969542820006609,0.021144846454262733,0.0011280432809144258,0.019474583212286234,0.020803908817470074,0.0012009299825876951
970,0.09351980313658714,0.7996084094047546,0.011357217095792294,0.01967558078467846,0.0008929393370635808,0.010782766621559858,0.019360382109880447,0.001003615150693804,0.01078140176832676,0.018578393384814262,0.001087506185285747
971,0.14982260763645172,1.5522335767745972,0.018522536847740412,0.03157431073486805,0.000969191431067884,0.01706573972478509,0.03139829356223345,0.0010562415118329227,0.016786846797913313,0.031314791180193424,0.0011346468818373978
972,0.11143888905644417,0.6766207218170166,0.017856212332844734,0.015835965983569622,0.0008513493230566382,0.01594638405367732,0.02190456911921501,0.0009701524977572262,0.015716017689555883,0.021309052128344774,0.0010491882567293942
973,0.09831869229674339,0.6700025796890259,0.017523037968203425,0.014957140432670712,0.0008226331556215882,0.016598623828031123,0.014546628342941403,0.0009791089105419815,0.0164005218539387,0.015410423744469881,0.0010805751953739673
974,0.1938847377896309,1.3990029096603394,0.036871769931167364,0.028822096064686775,0.0009674479370005429,0.03173674223944545,0.0267261965200305,0.0010932169971056283,0.02906775288283825,0.03740289993584156,0.001196614874061197
975,0.15690195932984352,3.108628034591675,0.030708147678524256,0.023116452619433403,0.0008514721994288266,0.024661005474627018,0.0302334763109684,0.0009576253360137343,0.022603933233767748,0.022752420976758003,0.0010174260823987424
976,0.17095095664262772,0.810340940952301,0.038567522540688515,0.021844091825187206,0.0008166575571522117,0.03538583219051361,0.017531754914671183,0.0009385270241182297,0.034968141466379166,0.019868504256010056,0.0010299267014488578
977,0.08870751410722733,0.7944997549057007,0.012952558696269989,0.015829618088901043,0.0008551357313990593,0.01235657837241888,0.015730086714029312,0.0009668847196735442,0.012483847793191671,0.01648571901023388,0.0010470859706401825
978,0.16521286964416504,2.4461445808410645,0.030092694330960512,0.02927581826224923,0.0007918578339740634,0.02423536730930209,0.02886872459203005,0.0009123659983742982,0.021535960026085377,0.028514522593468428,0.0009855589596554637
979,0.16662036255002022,0.5464170575141907,0.026484768372029066,0.022451081313192844,0.0008868661825545132,0.02396624581888318,0.03171464614570141,0.0009995210566557944,0.023379649966955185,0.035656968131661415,0.0010806198697537184
980,0.11660227924585342,0.25275132060050964,0.02249125298112631,0.01597752934321761,0.0008345755632035434,0.021985122933983803,0.01571658905595541,0.0009651334257796407,0.02207451919093728,0.01550745964050293,0.001050095073878765
981,0.17297536879777908,1.0851340293884277,0.03629588894546032,0.02388703729957342,0.000941529287956655,0.0321232583373785,0.022922959178686142,0.0010537354974076152,0.030896550975739956,0.023716909810900688,0.0011374950408935547
982,0.14104047045111656,0.4080839157104492,0.025009328965097666,0.01880371617153287,0.0008882356341928244,0.022076194174587727,0.030848543159663677,0.001021098520141095,0.02199023077264428,0.01929445192217827,0.001108668395318091
983,0.15760476887226105,3.7272422313690186,0.02857204247266054,0.032031682319939137,0.0008450586756225675,0.022504791617393494,0.02210186794400215,0.0009575122967362404,0.019549915567040443,0.030015308409929276,0.0010265908786095679
984,0.07554006204009056,0.5118797421455383,0.009227755945175886,0.01658173231408,0.0008740549965295941,0.00833234703168273,0.015413331799209118,0.001005288359010592,0.008463736390694976,0.014538467396050692,0.0011033458285965025
985,0.13387198746204376,0.9251373410224915,0.015539780724793673,0.03103681094944477,0.0010660543339326978,0.015225943177938461,0.025942664593458176,0.0011625778279267251,0.015301856212317944,0.02735874429345131,0.0012375572114251554
986,0.13941840082406998,1.890118956565857,0.017527795396745205,0.030149742029607296,0.0010021778289228678,0.01622298127040267,0.028803966008126736,0.0010814176639541984,0.016081863548606634,0.027398188598454,0.0011502733104862273
987,0.18109098076820374,0.2991841733455658,0.035054873675107956,0.03087676875293255,0.0008333518635481596,0.03216361440718174,0.029092331416904926,0.0009907236672006547,0.03160457219928503,0.019380328245460987,0.001094428589567542
988,0.11331598833203316,2.0560693740844727,0.017846431583166122,0.022408156655728817,0.000904910615645349,0.015339675359427929,0.021621773950755596,0.0010097805643454194,0.014482410158962011,0.018619220703840256,0.0010836224537342787
989,0.2519144266843796,0.3311932384967804,0.04481150768697262,0.035617098212242126,0.0009348810999654233,0.039244791492819786,0.04574152082204819,0.0011044634156860411,0.03741224203258753,0.04581623710691929,0.0012316788779571652
990,0.15695054829120636,1.288904070854187,0.01781331654638052,0.02913068514317274,0.0009996623266488314,0.017770028673112392,0.03293387405574322,0.0010901934001594782,0.018197910860180855,0.03785558417439461,0.0011592928785830736
991,0.1793917678296566,1.2340997457504272,0.0223468285985291,0.03374070581048727,0.0009431362268514931,0.021906507667154074,0.03746488271281123,0.0010361280292272568,0.022038881201297045,0.03880789503455162,0.0011068086605519056
992,0.14831877499818802,0.2692517936229706,0.024916904978454113,0.02870657853782177,0.0008844263502396643,0.02183083607815206,0.029158173128962517,0.0010159407393075526,0.02136826259084046,0.019330534152686596,0.0011071194894611835
993,0.15350111573934555,0.7078942060470581,0.02570547303184867,0.029941611923277378,0.0008492233464494348,0.02276984741911292,0.019879311323165894,0.0009793787612579763,0.02212018147110939,0.030187454540282488,0.0010686346795409918
994,0.035522717982530594,2.363328456878662,0.0037313736975193024,0.006756994174793363,0.0005576053517870605,0.00412116851657629,0.006950432900339365,0.0007624452118761837,0.004436391172930598,0.007290061330422759,0.0009162453352473676
995,0.10491601750254631,2.4588911533355713,0.01641344791278243,0.01921875588595867,0.0008951929048635066,0.013550275936722755,0.01831665076315403,0.0010117378551512957,0.012736474629491568,0.021682905964553356,0.0010905768722295761
996,0.17356394231319427,5.305858135223389,0.03407151158899069,0.02916706260293722,0.0009084774937946349,0.02613683883100748,0.023981165140867233,0.0010023810609709471,0.022887248545885086,0.03435111045837402,0.0010581443784758449
997,0.12278509885072708,1.4653024673461914,0.01568224374204874,0.023715540766716003,0.000950064801145345,0.015121924225240946,0.025738977827131748,0.0010694433003664017,0.014903215691447258,0.024451741483062506,0.0011519439867697656
998,0.14095912128686905,1.1419339179992676,0.016154502984136343,0.0266783544793725,0.0010566272540017962,0.0156603273935616,0.031227687373757362,0.0011638217838481069,0.015587435103952885,0.032189288176596165,0.001241072895936668
999,0.09552411735057831,2.020148992538452,0.011212332639843225,0.019836071878671646,0.0009570272522978485,0.01076923729851842,0.019283083267509937,0.0010784798068925738,0.010753915179520845,0.020475327037274837,0.0011586487526074052
1000,0.08773650601506233,3.4953219890594482,0.010695628821849823,0.01909308135509491,0.0009171240089926869,0.010472139809280634,0.016818014439195395,0.0010280744754709303,0.01078368816524744,0.01682561030611396,0.001103146350942552
1001,0.12563640996813774,2.510521411895752,0.023363365791738033,0.017181135714054108,0.0008923419809434563,0.023082796949893236,0.018136962316930294,0.0010079205967485905,0.023262067697942257,0.017614533193409443,0.0010952914017252624
1002,0.18837310373783112,1.0785304307937622,0.03624330135062337,0.03064022958278656,0.0009497573773842305,0.03156373603269458,0.02652129717171192,0.001090417121304199,0.030289141461253166,0.029862971045076847,0.001212247705552727
1003,0.08936014398932457,1.1172987222671509,0.012835422065109015,0.016023031435906887,0.000871972442837432,0.012530676554888487,0.01583478692919016,0.0009911314118653536,0.012659072410315275,0.01654989831149578,0.0010641480330377817
1004,0.10959530994296074,1.0065361261367798,0.01533225504681468,0.023360878229141235,0.0009639336494728923,0.01292054122313857,0.022242017090320587,0.0010552145540714264,0.012580771464854479,0.020011902786791325,0.001127792231272906
1005,0.18918513506650925,0.33659669756889343,0.03818261995911598,0.02941964380443096,0.0008664519409649074,0.03612341918051243,0.016842013224959373,0.0009945612982846797,0.03573689050972462,0.029944305308163166,0.0010752198286354542
1006,0.06846551969647408,0.6357147693634033,0.008055213605985045,0.012662256136536598,0.000676340248901397,0.007824164116755128,0.014758730307221413,0.0008465299906674773,0.007850701455026865,0.01480406685732305,0.0009875174728222191
1007,0.15522609651088715,3.526524543762207,0.02870438899844885,0.03184307552874088,0.0008301624038722366,0.022630303632467985,0.022415106184780598,0.0009508565999567509,0.020169653464108706,0.02664753794670105,0.0010350130614824593
1008,0.08051349222660065,0.4324926733970642,0.009902707766741514,0.016547996550798416,0.0009027073974721134,0.009283761726692319,0.016089381650090218,0.0010331992525607347,0.009358467068523169,0.016274741385132074,0.0011205315822735429
1009,0.17266035825014114,0.4414382576942444,0.034718419425189495,0.02686253935098648,0.0008069752366282046,0.031518394127488136,0.018193598836660385,0.0009679890936240554,0.03117680922150612,0.02733441349118948,0.0010812262771651149
1010,0.2987516224384308,2.354536533355713,0.029229972045868635,0.06860668957233429,0.0009257334750145674,0.02920172782614827,0.06965831760317087,0.0010592926701065153,0.02933174418285489,0.06958536291494966,0.0011527827591635287
1011,0.08924002572894096,0.4747084081172943,0.011049157939851284,0.018615465611219406,0.00084833794971928,0.010699278675019741,0.01780697889626026,0.000980484823230654,0.010705445427447557,0.01745704747736454,0.0010778268915601075
1012,0.20252065360546112,2.794491767883301,0.03259812016040087,0.039155714213848114,0.000968698674114421,0.02614480908960104,0.035908267833292484,0.0010679252445697784,0.023572532460093498,0.04198174364864826,0.001122843474149704
1013,0.12185181304812431,1.1090078353881836,0.014964492991566658,0.022073624655604362,0.000850853364681825,0.014195551630109549,0.025230972096323967,0.0009698574431240559,0.014073485042899847,0.028431273065507412,0.0010617065709084272
1014,0.10992197692394257,0.4659947454929352,0.015254362020641565,0.018978543113917112,0.0008215898124035448,0.014565030578523874,0.024110316298902035,0.0009437129483558238,0.01452441792935133,0.019687915220856667,0.0010360905434936285
1015,0.16924261301755905,2.888277053833008,0.03057423233985901,0.026064944453537464,0.0008910467149689794,0.02353085856884718,0.038848234340548515,0.0009972178959287703,0.021490720100700855,0.02578897960484028,0.0010563797550275922
1016,0.10464733466506004,3.314650774002075,0.012300107628107071,0.01965390332043171,0.0009254667966160923,0.012814311776310205,0.018856306560337543,0.0010386535432189703,0.013799918349832296,0.024137827567756176,0.0011208350188098848
1017,0.14978035539388657,2.1180484294891357,0.029061902314424515,0.02001915965229273,0.0009743385890033096,0.02844279259443283,0.020146089605987072,0.0011268724920228124,0.02886259090155363,0.01994272507727146,0.0012038818676955998
1018,0.15344873815774918,1.72919499874115,0.02736062929034233,0.03197273798286915,0.0008633401594124734,0.021003343164920807,0.021667025052011013,0.0009777402447070926,0.01848077680915594,0.030078194104135036,0.0010449464316479862
1019,0.11247134953737259,1.9452813863754272,0.01231126906350255,0.023831605445593596,0.0009223087108694017,0.012226439081132412,0.023779592476785183,0.0010396388242952526,0.012802247889339924,0.024433615151792765,0.0011246302165091038
1020,0.1657288447022438,1.2843207120895386,0.0350399985909462,0.018107539042830467,0.0007984953699633479,0.03214731439948082,0.028744869865477085,0.0009604509396012872,0.030510631389915943,0.01835471671074629,0.001064821844920516
1021,0.14151694625616074,0.5192649364471436,0.028343415819108486,0.020960279740393162,0.0009114996064454317,0.02631413657218218,0.02056374866515398,0.0010212805937044322,0.0259878970682621,0.01632012939080596,0.0010945686954073608
1022,0.17960672080516815,1.4338778257369995,0.022380578331649303,0.0352674899622798,0.0010662917629815638,0.021466772072017193,0.039859065786004066,0.0011508186580613256,0.021268201060593128,0.03593345172703266,0.001214045740198344
1023,0.11460856348276138,0.6006421446800232,0.01416374696418643,0.023563409224152565,0.0008086834277492017,0.013536516344174743,0.022815879434347153,0.0009461876470595598,0.013596902834251523,0.024133448721840978,0.0010437833552714437
1024,0.28814180195331573,0.9876245260238647,0.043352074921131134,0.07078624609857798,0.0009545097127556801,0.040745045989751816,0.01651682425290346,0.001071341393981129,0.03941263258457184,0.07414385117590427,0.0011592854280024767
1025,0.0971515104174614,2.743513584136963,0.014994170051068068,0.021325701847672462,0.0009297386568505317,0.011712065199390054,0.01569383591413498,0.0010414605494588614,0.011000183876603842,0.01932339882478118,0.0011309568071737885
1026,0.18260479345917702,2.500319004058838,0.03492976212874055,0.03372586006298661,0.0009928408544510603,0.030032431008294225,0.025214154738932848,0.0011429018923081458,0.028676100773736835,0.026644394267350435,0.0012463520397432148
1027,0.05692830681800842,0.6379836201667786,0.006821166491135955,0.012167365057393909,0.0006976482109166682,0.006559080211445689,0.010621797759085894,0.0008708294772077352,0.006602602661587298,0.011593201896175742,0.0009946167701855302
1028,0.0623894315212965,1.6573268175125122,0.007425128133036196,0.012355579296126962,0.0007303563761524856,0.007314649992622435,0.012489228043705225,0.0008952728821896017,0.007431832258589566,0.0127266151830554,0.0010207703744526953
1029,0.18696287646889687,0.6612961888313293,0.036715459544211626,0.03467197623103857,0.0009096057910937816,0.031584735959768295,0.024454808793962002,0.0010781646706163883,0.03012920031324029,0.0262235589325428,0.0011953755747526884
1030,0.08770100772380829,0.399422287940979,0.011488836724311113,0.01683686999604106,0.0008523075084667653,0.01126306364312768,0.016934658400714397,0.0009863987215794623,0.011311349458992481,0.01695252489298582,0.0010749964276328683
1031,0.16828366369009018,3.9950125217437744,0.023005641996860504,0.030971184372901917,0.001024428172968328,0.021132368128746748,0.03127302695065737,0.0011066592996940017,0.02291710674762726,0.03569071367383003,0.0011625316692516208
1032,0.14167944341897964,0.7004141807556152,0.02579296939074993,0.01899262983351946,0.0008800731156952679,0.025597727857530117,0.02307519782334566,0.0009975325665436685,0.025817425921559334,0.019448336213827133,0.0010775485425256193
1033,0.060418445616960526,0.7109673023223877,0.007068257895298302,0.012378517538309097,0.0007230927585624158,0.0070026651956140995,0.012078085681423545,0.0008924303110688925,0.00717213109601289,0.012092556804418564,0.0010107061825692654
1034,0.13047299906611443,0.45718517899513245,0.025537739042192698,0.018928089179098606,0.0008145573665387928,0.023230132181197405,0.017449979204684496,0.0009433483355678618,0.022718785796314478,0.019814598374068737,0.001035770634189248
1035,0.08298127725720406,0.7363142967224121,0.011632322799414396,0.01572734210640192,0.0007983701361808926,0.011289176065474749,0.01383421290665865,0.0009209807030856609,0.011300633661448956,0.01646356750279665,0.0010146719287149608
1036,0.1333632655441761,0.45556512475013733,0.027849593199789524,0.015531694050878286,0.0010011448757722974,0.027700891252607107,0.015637945383787155,0.0011189886718057096,0.02779214456677437,0.015532098710536957,0.0011987586040049791
1037,0.2887584716081619,3.3276102542877197,0.061401236802339554,0.04599214904010296,0.0010742784361355007,0.05187462270259857,0.044227954000234604,0.0012305999407544732,0.04766266793012619,0.03394077531993389,0.0013541843509301543
1038,0.1627167910337448,0.6131534576416016,0.028453269973397255,0.02506751660257578,0.0008055366633925587,0.02760356478393078,0.035359038040041924,0.000987496052403003,0.027447269298136234,0.015887842513620853,0.0011052603367716074
1039,0.08637023344635963,1.6356520652770996,0.01187353441491723,0.015906335785984993,0.0008268544625025243,0.0117143914103508,0.015561917796730995,0.0009616711467970163,0.011800613719969988,0.016674626618623734,0.0010502827353775501
1040,0.1646401509642601,0.4156949818134308,0.029183424077928066,0.028416701592504978,0.0009583479550201446,0.027900028973817825,0.0189462685957551,0.0011060856049880385,0.02775437757372856,0.029176736250519753,0.0011981773423030972
1041,0.15709756314754486,0.7360885739326477,0.031433011405169964,0.014486140571534634,0.0008275781292468309,0.03094488848000765,0.0234451936557889,0.0009951019892469049,0.030965415760874748,0.022904654033482075,0.0010955853504128754
1042,0.1778932772576809,0.4177587926387787,0.025948114227503538,0.033077131025493145,0.0008909489843063056,0.023441468365490437,0.03374522179365158,0.0010105399414896965,0.023807908408343792,0.03487897291779518,0.001092973630875349
1043,0.20304349064826965,0.4667723774909973,0.040428487583994865,0.03475729003548622,0.0008388913120143116,0.034929124638438225,0.03257387224584818,0.0009640379576012492,0.034746620804071426,0.02275370340794325,0.0010514601599425077
1044,0.11170626804232597,0.5389591455459595,0.018280412070453167,0.015624116640537977,0.0008490965119563043,0.017665306804701686,0.024330061860382557,0.001025842153467238,0.01762850070372224,0.015173207968473434,0.0011297219898551702
1045,0.1716933771967888,1.1601896286010742,0.02134944312274456,0.034440395422279835,0.0009195104939863086,0.02067905617877841,0.03206075029447675,0.0010265055752824992,0.02055467152968049,0.03956455830484629,0.0010984960244968534
1046,0.15968510508537292,0.2746948003768921,0.03772649168968201,0.016554766334593296,0.0008154467504937202,0.0342479832470417,0.016925982665270567,0.0009383126453030854,0.03364049457013607,0.01780481170862913,0.0010308186756446958
1047,0.07847683504223824,0.44475990533828735,0.00964656937867403,0.015527871903032064,0.0008963844738900661,0.009134595980867743,0.016062105540186167,0.0010232609929516912,0.009191361721605062,0.015881873201578856,0.0011128098703920841
1048,0.14071761071681976,2.0507092475891113,0.016680617351084948,0.029567879624664783,0.001014947862131521,0.016102657187730074,0.02826829068362713,0.0010916682658717036,0.016289595048874617,0.030545232817530632,0.001156722428277135
1049,0.15130846202373505,1.4789838790893555,0.02708775643259287,0.022707221563905478,0.0009591402485966682,0.027008294127881527,0.0221909093670547,0.001062870433088392,0.027127377688884735,0.02202616399154067,0.001138719089794904
1050,0.11045029759407043,0.8122435808181763,0.015530472621321678,0.02084752358496189,0.0008849570294842124,0.01500087371096015,0.02087488118559122,0.0009881322039291263,0.014964576810598373,0.02029066625982523,0.0010682092979550362
1051,0.097613126039505,0.413395494222641,0.011300298385322094,0.02134331874549389,0.0009793081844691187,0.010838151443749666,0.02010346297174692,0.0010906494571827352,0.01085476391017437,0.01993008702993393,0.0011730833793990314
1052,0.07964012585580349,0.6822730898857117,0.012027494260109961,0.01268266187980771,0.0007573254406452179,0.010017637396231294,0.01633336371742189,0.0008935622754506767,0.009637721115723252,0.01628704578615725,0.001003316108835861
1053,0.09091762825846672,1.1300439834594727,0.01118219131603837,0.02001874055713415,0.0008880721288733184,0.010713626630604267,0.017704464495182037,0.0010035044397227466,0.010632426012307405,0.01768573559820652,0.0010888672550208867
1054,0.0880751758813858,0.5426616668701172,0.010626143775880337,0.017684411257505417,0.0007800734019838274,0.01023398106917739,0.017236221581697464,0.0009052233945112675,0.010233246255666018,0.01937471516430378,0.001001156837446615
1055,0.13217008113861084,2.0768089294433594,0.01847317349165678,0.025482906959950924,0.0009340329561382532,0.01537572406232357,0.02978928852826357,0.0010252953507006168,0.01494333054870367,0.02505353931337595,0.0010927956318482757
1056,0.21525880694389343,1.3594642877578735,0.03980457782745361,0.06753461761400104,0.000976252427790314,0.03970664367079735,0.012247287202626467,0.0010905656963586807,0.039789700880646706,0.012942122295498848,0.0011670325184240937
1057,0.09007664956152439,1.3981480598449707,0.009630886372178793,0.01949045225046575,0.0007259328558575362,0.009461755049414933,0.019328495021909475,0.0008688878151588142,0.00978405075147748,0.019805437419563532,0.0009807527530938387
1058,0.11717801168560982,2.0279390811920166,0.02270126435905695,0.014827035833150148,0.0008664565393701196,0.0227052285335958,0.015551452059298754,0.0009860147547442466,0.022908769082278013,0.015569162089377642,0.0010626253788359463
1059,0.26841554045677185,0.2502586841583252,0.043278105556964874,0.08487142436206341,0.000985770660918206,0.04118473641574383,0.027386309579014778,0.001093160593882203,0.04066225700080395,0.02778221294283867,0.0011715672444552183
1060,0.13819821923971176,1.576910138130188,0.025727396830916405,0.020720575004816055,0.001031460502417758,0.022158722393214703,0.023827141150832176,0.0011252403492107987,0.021258195396512747,0.0211598239839077,0.0011896616197191179
1061,0.08453226834535599,1.4571374654769897,0.010341773740947247,0.016229455824941397,0.0008766963146626949,0.009992916602641344,0.01775438990443945,0.000980733399046585,0.010047102347016335,0.017245939932763577,0.0010632624034769833
1062,0.24255075305700302,2.268446445465088,0.04251497332006693,0.03992094285786152,0.001055107160937041,0.03637475799769163,0.04769420623779297,0.0011660431046038866,0.03419964574277401,0.03836868144571781,0.001256386109162122
1063,0.08398184925317764,0.8760281801223755,0.011787356343120337,0.01548602944239974,0.000762278912588954,0.0115055819042027,0.016039610374718904,0.0008966345340013504,0.011491093784570694,0.015008771792054176,0.00100449234014377
1064,0.09180889464914799,0.7654682993888855,0.015928995795547962,0.011260719038546085,0.0006614996236748993,0.015498521737754345,0.01095540076494217,0.0008545416058041155,0.015457709552720189,0.020207681925967336,0.0009838292316999286
1065,0.09090730547904968,1.3177694082260132,0.010434749536216259,0.020789789967238903,0.0009449837962165475,0.010043997317552567,0.017541592940688133,0.0010502803488634527,0.010108864400535822,0.018863845616579056,0.001129204814787954
1066,0.10858289897441864,0.3274572193622589,0.016688496340066195,0.02129929605871439,0.000902931671589613,0.013518984895199537,0.019949421752244234,0.0009995928267017007,0.013652682304382324,0.020502416417002678,0.0010690792696550488
1067,0.08738483861088753,1.5050235986709595,0.010405153501778841,0.017756139393895864,0.0008769647101871669,0.009999481495469809,0.019540047273039818,0.0009828032925724983,0.010086975991725922,0.016670368146151304,0.0010669073672033846
1068,0.08905532397329807,1.41372549533844,0.019041887600906193,0.00964935147203505,0.0006869917269796133,0.01919785758946091,0.009105282835662365,0.000841170025523752,0.019391943234950304,0.010187979089096189,0.0009528568480163813
1069,0.17548302561044693,5.457492828369141,0.03272115997970104,0.031293751671910286,0.0009056486305780709,0.02423352701589465,0.030337169766426086,0.0009977410081773996,0.020556177012622356,0.03339046332985163,0.0010473831207491457
1070,0.1349840685725212,1.2282682657241821,0.026280300691723824,0.018373331055045128,0.0008046725415624678,0.02400195598602295,0.0202409066259861,0.0009160947811324149,0.02225396502763033,0.021101417019963264,0.0010114257456734776
1071,0.14576203003525734,2.7974050045013428,0.03090531099587679,0.020809820853173733,0.0008828139107208699,0.026329423300921917,0.017995283007621765,0.0009769820026122034,0.02408018335700035,0.02273456286638975,0.0010476480820216238
1072,0.13432283699512482,1.0728840827941895,0.025871535297483206,0.019132789224386215,0.0008035032078623772,0.023322477005422115,0.020656384527683258,0.0009210603311657906,0.02156336884945631,0.021034731529653072,0.0010169908637180924
1073,0.09109917655587196,0.40274330973625183,0.010667405091226101,0.018216963857412338,0.0008640665910206735,0.010089489631354809,0.01974372286349535,0.0009801843261811882,0.009980177041143179,0.019493925385177135,0.0010632381308823824
1074,0.18772049248218536,0.5188327431678772,0.021168676670640707,0.036833278834819794,0.0010364599293097854,0.020704605150967836,0.042160648852586746,0.0011238969746045768,0.020770918112248182,0.04273325111716986,0.0011887482251040637
1075,0.1312309391796589,1.3850740194320679,0.01511447923257947,0.029102112166583538,0.0009400910348631442,0.01491692615672946,0.026741244830191135,0.0010430762195028365,0.0150072923861444,0.027241849340498447,0.0011238724109716713
1076,0.17249244451522827,0.7949308156967163,0.020212459843605757,0.03564735781401396,0.000886064488440752,0.019582821056246758,0.03705464955419302,0.0009751614998094738,0.019547113683074713,0.037541044875979424,0.0010457594180479646
1077,0.1333489790558815,0.6151396632194519,0.015243597328662872,0.02724170871078968,0.0010536733316257596,0.014842118602246046,0.03144205827265978,0.0011491287732496858,0.014827812556177378,0.026321563869714737,0.0012273198808543384
1078,0.1784462034702301,0.631570041179657,0.01942395605146885,0.03549820929765701,0.0010627165902405977,0.019146861508488655,0.04022720828652382,0.0011480869725346565,0.01913483440876007,0.04158904403448105,0.001215288182720542
1079,0.15361356362700462,0.8195131421089172,0.021258708089590073,0.033917466178536415,0.0010115712066181004,0.017985138576477766,0.028685370460152626,0.0010847988887690008,0.017736968118697405,0.03079512808471918,0.0011384106473997235
1080,0.07734040170907974,0.24038225412368774,0.010354023892432451,0.014970158692449331,0.0008801072253845632,0.009741862304508686,0.015363398473709822,0.0009980143513530493,0.009697034489363432,0.01424482837319374,0.0010909775737673044
1081,0.1661062017083168,0.6880161166191101,0.020969643723219633,0.03391934931278229,0.0009501964668743312,0.02027701446786523,0.03391268476843834,0.0010434333235025406,0.02013720292598009,0.03378933295607567,0.0011073558125644922
1082,0.18454689532518387,0.3370746970176697,0.0361280613578856,0.03464357275515795,0.0009079266455955803,0.030863088089972734,0.024773021694272757,0.0010605299030430615,0.02956010913476348,0.02544069429859519,0.0011698916205205023
1083,0.060418443754315376,1.9972153902053833,0.006629052804782987,0.012167039327323437,0.0007522891100961715,0.006452875444665551,0.012806580169126391,0.0008939423423726112,0.006554686930030584,0.013150117825716734,0.0010118604986928403
1084,0.1080678328871727,0.9350536465644836,0.01532070618122816,0.02423472609370947,0.0009342709090560675,0.012715552002191544,0.02216466050595045,0.0010271348292008042,0.012194902170449495,0.018372616730630398,0.0011032561887986958
1085,0.19063792750239372,0.6137704849243164,0.03494666516780853,0.027787537313997746,0.0010139384539797902,0.030438367277383804,0.025619756430387497,0.0011289544636383653,0.029527815990149975,0.038954246789216995,0.0012206469546072185
1086,0.1846550703048706,1.2007701396942139,0.021677790209650993,0.03982667997479439,0.0010732090449891984,0.021297327242791653,0.03454615920782089,0.0011428804718889296,0.021430863067507744,0.04246319644153118,0.0011969670886173844
1087,0.1249859370291233,0.20328065752983093,0.01952743763104081,0.02829488180577755,0.000921180471777916,0.01908159628510475,0.017519318964332342,0.0010767055209726095,0.019006725400686264,0.01838624570518732,0.0011718477471731603
1088,0.2531752288341522,2.318711757659912,0.042227434925735,0.04819132201373577,0.0010616661165840924,0.03664260823279619,0.037162426859140396,0.0011746035306714475,0.035105399787425995,0.050353579223155975,0.0012561832554638386
1089,0.09154992178082466,1.420578122138977,0.012535094749182463,0.016687507275491953,0.0008210247615352273,0.012235439382493496,0.018687416799366474,0.0009434522071387619,0.012225133832544088,0.01638212939724326,0.0010327245108783245
1090,0.2207937091588974,0.38045215606689453,0.03640265390276909,0.024306840263307095,0.0009516844293102622,0.036088306456804276,0.014049248304218054,0.0011037297081202269,0.03603831585496664,0.07065402902662754,0.0011988917831331491
1091,0.15841133147478104,1.7915328741073608,0.02784042153507471,0.023111152462661266,0.0008769571722950786,0.025767840445041656,0.02666314784437418,0.0009901892044581473,0.028202075511217117,0.023882610723376274,0.0010769341024570167
1092,0.19296033307909966,1.67788565158844,0.02786578657105565,0.01769617246463895,0.0009585835505276918,0.027768445666879416,0.015573433134704828,0.001079740293789655,0.027947920374572277,0.07289979141205549,0.0011704592616297305
1093,0.1330326572060585,1.561443567276001,0.015375270508229733,0.02641718741506338,0.0010660678963176906,0.015136547852307558,0.02677630167454481,0.0011623468599282205,0.015177921392023563,0.030686684884130955,0.001234319992363453
1094,0.10889611206948757,0.7856000065803528,0.01356151164509356,0.022497254190966487,0.0008010921010281891,0.012911819037981331,0.023041230626404285,0.0009348487365059555,0.012862434261478484,0.021247477503493428,0.0010384469642303884
1095,0.1857559159398079,3.0650551319122314,0.039472199976444244,0.021349818911403418,0.0008521453419234604,0.03438130021095276,0.02841939777135849,0.0009610423003323376,0.03234340529888868,0.02695755148306489,0.0010190545581281185
1096,0.15497014671564102,3.1070055961608887,0.027997347060590982,0.030603638850152493,0.0008627540664747357,0.021880194079130888,0.02919465396553278,0.0009685068216640502,0.01982254208996892,0.02261809352785349,0.0010224145371466875
1097,0.1336539462208748,3.0919837951660156,0.02342023840174079,0.02550120698288083,0.0007001905469223857,0.016827043145895004,0.02594825648702681,0.0008559177513234317,0.01467744424007833,0.02476775599643588,0.0009558906313031912
1098,0.1897275298833847,1.9714322090148926,0.02897796081379056,0.06976035377010703,0.0009948619408532977,0.02898356504738331,0.013807655312120914,0.0011007615248672664,0.029187821317464113,0.01573981624096632,0.0011747328098863363
1099,0.22037764638662338,0.5194250345230103,0.03584806062281132,0.040850660763680935,0.0009124827629420906,0.03270772844552994,0.040357707999646664,0.0010062369983643293,0.03251275792717934,0.03510734997689724,0.001074664352927357
1100,0.08438467234373093,0.7494698762893677,0.011204348877072334,0.017275423742830753,0.0008149712812155485,0.010877339635044336,0.01583728287369013,0.0009352114284411073,0.010870584286749363,0.015556999947875738,0.0010125110857188702
1101,0.05207544192671776,1.413441777229309,0.005903264391236007,0.009900357574224472,0.0007299493590835482,0.005795775447040796,0.010418780846521258,0.0008837815257720649,0.006058725295588374,0.011379111325368285,0.0010056933388113976
1102,0.14861881732940674,2.322331428527832,0.026071169413626194,0.025312883779406548,0.0008825550612527877,0.01916962582617998,0.03340322896838188,0.000993165303952992,0.018210488837212324,0.02351855020970106,0.00105715001700446
1103,0.10589072853326797,2.1986756324768066,0.012181172147393227,0.02361763594672084,0.0009242913220077753,0.011883949162438512,0.01917328592389822,0.001028483617119491,0.012288275174796581,0.023678045719861984,0.0011155913234688342
1104,0.13196883350610733,1.3408315181732178,0.015594481956213713,0.03061846364289522,0.0010661874548532069,0.015382775571197271,0.025801139883697033,0.0011625668848864734,0.01543349539861083,0.02567762229591608,0.0012320976820774376
1105,0.17194341868162155,0.6330400109291077,0.029827295802533627,0.0314304381608963,0.0009256263147108257,0.026803351007401943,0.02662496455013752,0.0010280771530233324,0.02693896647542715,0.027253306470811367,0.0011113894288428128
1106,0.16068363562226295,0.5193931460380554,0.02974262274801731,0.024493323639035225,0.0009199542691931129,0.025320002809166908,0.02060387935489416,0.001026526268105954,0.024898463860154152,0.032579176127910614,0.0010996907949447632
1107,0.1873069852590561,4.88807487487793,0.03325103037059307,0.034489305689930916,0.0009529328090138733,0.026454001665115356,0.03383805137127638,0.0010404957574792206,0.02435610629618168,0.03183815814554691,0.0010869093239307404
1108,0.12129783630371094,0.873288094997406,0.023134206421673298,0.01740999147295952,0.0008665776113048196,0.022842842154204845,0.01619407720863819,0.0009915203554555774,0.02288173558190465,0.015897590667009354,0.001079289591871202
1109,0.13755739107728004,1.4158868789672852,0.026311039924621582,0.020312375389039516,0.0009274007752537727,0.023756731301546097,0.020571600645780563,0.0010454499861225486,0.022213070653378963,0.021290945820510387,0.0011287755914963782
1110,0.08523110300302505,0.580620527267456,0.012300846166908741,0.01606928277760744,0.0008084276632871479,0.01199795538559556,0.014725334011018276,0.0009437090484425426,0.011970468331128359,0.01538059813901782,0.0010344806360080838
1111,0.1325036883354187,0.5126435160636902,0.02093123085796833,0.022966818884015083,0.001090344158001244,0.020228324458003044,0.022656801156699657,0.001201349135953933,0.020063783042132854,0.0220873998478055,0.0012776312069036067
1112,0.1905076913535595,0.6649294495582581,0.034836431965231895,0.03746901638805866,0.0010092462762258947,0.03032639157027006,0.027993274852633476,0.0011461940011940897,0.03010425064712763,0.026379089802503586,0.0012437960249371827
1113,0.13181136548519135,4.5094523429870605,0.021216927096247673,0.02142229862511158,0.0010401781764812768,0.021148962900042534,0.02137140743434429,0.0011440759408287704,0.021874164696782827,0.02138611301779747,0.0012072414392605424
1114,0.10498915612697601,3.8211960792541504,0.017558235209435225,0.015516165643930435,0.0008573364466428757,0.017928500892594457,0.015339176869019866,0.0010014894651249051,0.01886299578472972,0.016820742283016443,0.0011045095743611455
1115,0.07231285609304905,3.016686201095581,0.008218507980927825,0.014079207088798285,0.0008111370843835175,0.008535133441910148,0.014919805573299527,0.00095935128047131,0.009037938201799989,0.014683600515127182,0.0010681722778826952
1116,0.0953039601445198,4.957808971405029,0.012537804897874594,0.016630420461297035,0.0008545069140382111,0.01355111412703991,0.01689116796478629,0.000963212049100548,0.014500339981168509,0.018338448368012905,0.0010369459632784128
1117,0.12946471571922302,2.2288291454315186,0.019851537887006998,0.028520023450255394,0.0008146506443154067,0.019927144516259432,0.020282287150621414,0.0009716499189380556,0.020368944387882948,0.017652928829193115,0.0010755443945527077
1118,0.13511737063527107,0.6158976554870605,0.025559321511536837,0.018743089400231838,0.0008073861245065928,0.02277517644688487,0.021250381134450436,0.0009310480381827801,0.02200578199699521,0.022013560868799686,0.001031627005431801
1119,0.11960402503609657,3.3770017623901367,0.02344298898242414,0.017633605748414993,0.0006931367097422481,0.017585634253919125,0.02458770596422255,0.0008440566307399422,0.015388297848403454,0.018479357939213514,0.000949237757595256
1120,0.1912473887205124,2.98819899559021,0.024918812327086926,0.039929553866386414,0.0010412419214844704,0.023288153111934662,0.03818141110241413,0.0011071538319811225,0.022858467884361744,0.038762129843235016,0.0011604723404161632
1121,0.1792871654033661,0.5560657382011414,0.038394754752516747,0.01776548521593213,0.0008510459738317877,0.03605610877275467,0.019120443146675825,0.0009678381029516459,0.03531038761138916,0.02977384114637971,0.0010472611174918711
1122,0.1801992803812027,1.775887370109558,0.021799419075250626,0.04154222272336483,0.001016855239868164,0.02098994329571724,0.036226363852620125,0.0011146660544909537,0.02076523844152689,0.03555960766971111,0.0011849714210256934
1123,0.21795615553855896,1.8198238611221313,0.036198873072862625,0.039209614507853985,0.0009039365395437926,0.03347403462976217,0.039646776393055916,0.0009969145758077502,0.032117984257638454,0.034342991188168526,0.0010650322074070573
1124,0.09301159530878067,1.348083257675171,0.012647450901567936,0.017939024604856968,0.000892938522156328,0.012300601694732904,0.016955047845840454,0.0009935851267073303,0.012321339920163155,0.01789645105600357,0.0010651631746441126
1125,0.08359707146883011,1.4211466312408447,0.01039919164031744,0.01691665081307292,0.0009161704510916024,0.00988873839378357,0.016797179356217384,0.0010295523679815233,0.009944688528776169,0.016594096086919308,0.0011108061880804598
1126,0.08797849342226982,0.875756025314331,0.010271322913467884,0.018051484134048223,0.0008658992010168731,0.009997041430324316,0.01831758813932538,0.0009800505358725786,0.010162260849028826,0.018263271544128656,0.0010695774108171463
1127,0.20919878780841827,1.0917465686798096,0.040125347673892975,0.032471148297190666,0.001023036369588226,0.0344167361035943,0.03856205567717552,0.0011347337858751416,0.03348754905164242,0.026760252192616463,0.001217925630044192
1128,0.10001138225197792,1.1594165563583374,0.014916867483407259,0.019419105723500252,0.0008983845473267138,0.013250430580228567,0.017651629634201527,0.0010041419009212404,0.013401745352894068,0.018385276198387146,0.0010837999288924038
1129,0.1805269420146942,2.4776804447174072,0.030968185514211655,0.029663951136171818,0.0009597079770173877,0.02876888308674097,0.031160611659288406,0.0010508759878575802,0.029804209247231483,0.02703279908746481,0.001117721723858267
1130,0.2525112256407738,0.9260119795799255,0.03614884614944458,0.04907201789319515,0.0009605348168406636,0.029930103570222855,0.05270342528820038,0.001054627646226436,0.029750265181064606,0.051800912246108055,0.0010904944501817226
1131,0.09000935405492783,2.835981607437134,0.012071527075022459,0.016652563586831093,0.0008339033229276538,0.012368988711386919,0.016170819755643606,0.000962230667937547,0.01256360998377204,0.017333022318780422,0.0010526857804507017
1132,0.07979517802596092,1.594042181968689,0.010907912626862526,0.01508327666670084,0.0008517172245774418,0.01036839559674263,0.014914886094629765,0.0009910184307955205,0.010122645180672407,0.015479824971407652,0.001075499108992517
1133,0.10081005468964577,0.7849749326705933,0.01146907638758421,0.021630115807056427,0.0009850388742052019,0.011130603030323982,0.020497615449130535,0.0011062073172070086,0.011101755313575268,0.021699635311961174,0.0011900081881321967
1134,0.1223418191075325,0.33593031764030457,0.019400636199861765,0.026578688994050026,0.0008939214167185128,0.01911273179575801,0.017593175172805786,0.0010475364397279918,0.01912601199001074,0.01744972448796034,0.001139389001764357
1135,0.0801750048995018,1.093213677406311,0.009544460568577051,0.01680044224485755,0.0009341492841485888,0.009108142461627722,0.016512288711965084,0.0010558267822489142,0.009098788257688284,0.015981475822627544,0.0011394295142963529
1136,0.2155996486544609,3.1471669673919678,0.04070036020129919,0.03206915967166424,0.0010262171854265034,0.03667987510561943,0.0279140155762434,0.001140392676461488,0.035757316276431084,0.03909315261989832,0.0012191572459414601
1137,0.10318874567747116,0.7764074802398682,0.021515533095225692,0.013598758727312088,0.0006932386895641685,0.01971969590522349,0.013361940858885646,0.0008513213833793998,0.018771087052300572,0.013709108112379909,0.0009680607472546399
1138,0.17961082980036736,0.6613506078720093,0.02260870346799493,0.037974828854203224,0.0008729624096304178,0.022153940983116627,0.0334726981818676,0.0009890379442367703,0.02205360261723399,0.038413325790315866,0.00107173016294837
1139,0.12086756899952888,0.8383063077926636,0.014505764003843069,0.024932525120675564,0.000890585157321766,0.013993308879435062,0.02464531548321247,0.001002406992483884,0.014099582564085722,0.025716502219438553,0.001081574708223343
1140,0.1875249445438385,0.8659046292304993,0.02949571516364813,0.032625479623675346,0.0009262578678317368,0.026159859262406826,0.03235844895243645,0.0010318190325051546,0.02640566509217024,0.03741731122136116,0.0011043836711905897
1141,0.18418504297733307,1.5286396741867065,0.034468128345906734,0.025996822863817215,0.0009193133737426251,0.0295800413005054,0.023837744258344173,0.0010573508334346116,0.029577411245554686,0.03759276820346713,0.001155470556113869
1142,0.14013321697711945,3.279503107070923,0.023863165639340878,0.01962040364742279,0.0009041625307872891,0.021958905272185802,0.02843241998925805,0.0010336856357753277,0.022936685476452112,0.02025604946538806,0.0011277389712631702
1143,0.09644444286823273,5.086173057556152,0.01276753144338727,0.01768380217254162,0.0008991195645648986,0.013068716507405043,0.01759559754282236,0.001013745495583862,0.013731116894632578,0.018593152053654194,0.001091660640668124
1144,0.102371446788311,2.738664388656616,0.013342607766389847,0.020595314912497997,0.0008828362042549998,0.013192586600780487,0.019251462072134018,0.0009939215669874102,0.013448441401124,0.01959293521940708,0.0010713405790738761
1145,0.1873387023806572,4.114168643951416,0.04021700657904148,0.03328481875360012,0.0008358452178072184,0.032642852514982224,0.02382175251841545,0.0009472617239225656,0.029021991416811943,0.025545531883835793,0.0010216454393230379
1146,0.09339630231261253,2.2566287517547607,0.012187661603093147,0.017371902242302895,0.0008539721893612295,0.012221548706293106,0.01774003729224205,0.0009787553863134235,0.012489661574363708,0.018480203114449978,0.0010725617757998407
1147,0.11961057782173157,2.653737783432007,0.023870505392551422,0.014922399539500475,0.0008673573029227555,0.023929911199957132,0.013928815256804228,0.0009883063612505794,0.024220593739300966,0.015813478734344244,0.0010692081414163113
1148,0.1557515263557434,2.4144866466522217,0.028227598406374454,0.025932923890650272,0.0008603647584095597,0.025383739732205868,0.026522303000092506,0.0009695029002614319,0.024053807370364666,0.02275216206908226,0.001049115788191557
1149,0.1265319362282753,1.280981183052063,0.0262093055061996,0.0173818189650774,0.0008363262750208378,0.023699486162513494,0.016802349127829075,0.000951317953877151,0.02218077750876546,0.017440092749893665,0.0010304624447599053
1150,0.17618367075920105,1.7444400787353516,0.021620676387101412,0.0344373993575573,0.0009160986228380352,0.020978274755179882,0.037474289536476135,0.0010221385746262968,0.020778880920261145,0.0378626948222518,0.001093221828341484
1151,0.08985467255115509,1.177750825881958,0.012261230032891035,0.017159173730760813,0.0008722395286895335,0.011839582119137049,0.016940990462899208,0.0009874352253973484,0.011694628279656172,0.01703374646604061,0.0010656494996510446
1152,0.14842844754457474,3.717991590499878,0.025689394678920507,0.030503954738378525,0.0008782327931839973,0.019974454771727324,0.02293818537145853,0.0009873424714896828,0.017652961425483227,0.028756053186953068,0.0010478637414053082
1153,0.16768602281808853,0.40652263164520264,0.029185942374169827,0.026771786622703075,0.0009653377928771079,0.02871051337569952,0.026619473937898874,0.0010606467258185148,0.028693911619484425,0.02454680809751153,0.0011316011659801006
1154,0.17071261070668697,0.9898984432220459,0.03185145580209792,0.030727989738807082,0.0008228828373830765,0.02711581508629024,0.031896854750812054,0.0009989415120799094,0.026134150568395853,0.020041411509737372,0.001123099442338571
1155,0.11994072794914246,2.268343925476074,0.014274545479565859,0.026072685606777668,0.0008799926145002246,0.014592752326279879,0.02733298670500517,0.0010024031216744334,0.01482402766123414,0.01987135224044323,0.001089985016733408
1156,0.12342999875545502,2.256521463394165,0.022907025646418333,0.017460646107792854,0.0008865643467288464,0.02283398201689124,0.017553466372191906,0.0010053329751826823,0.023067209869623184,0.016621878370642662,0.0010938922059722245
1157,0.16164647787809372,1.3401535749435425,0.030241016298532486,0.023555761203169823,0.001120758126489818,0.02922973595559597,0.022473865188658237,0.0012253311579115689,0.029476823285222054,0.023034357465803623,0.0012888276833109558
1158,0.24321908503770828,2.0806725025177,0.02918850677087903,0.013951367232948542,0.0009249384165741503,0.029288530815392733,0.06826765136793256,0.001056129694916308,0.02955125691369176,0.06984691740944982,0.0011437904904596508
1159,0.0978039912879467,1.1071678400039673,0.011329314671456814,0.021681941114366055,0.0008528477046638727,0.011012051720172167,0.019346256740391254,0.000986597966402769,0.011064175516366959,0.02044355683028698,0.0010872521670535207
1160,0.10653922334313393,0.6066063046455383,0.013403614517301321,0.024226657114923,0.0008985178137663752,0.012993871700018644,0.020725378766655922,0.0010053241276182234,0.01308128796517849,0.019123819656670094,0.0010807440849021077
1161,0.07734513655304909,0.8754370212554932,0.011621546931564808,0.013940318953245878,0.0007312981178984046,0.011354438029229641,0.013068413827568293,0.000872051139594987,0.011352022178471088,0.013443081174045801,0.000961964251473546
1162,0.08737944811582565,0.49229922890663147,0.011559155769646168,0.017488306388258934,0.0008132127113640308,0.011197858024388552,0.015915720723569393,0.0009452346421312541,0.011147390585392714,0.01726884813979268,0.0010437174933031201
1163,0.11660264804959297,0.5765373706817627,0.013637309428304434,0.023101225029677153,0.0009842782747000456,0.013276376063004136,0.027401552069932222,0.0010957596823573112,0.01338795037008822,0.022542336490005255,0.0011758580803871155
1164,0.17788337171077728,1.440384030342102,0.020374045707285404,0.03901955485343933,0.0009912032401189208,0.01987020205706358,0.034889282658696175,0.0010632082121446729,0.019868285860866308,0.040681560523808,0.0011260188766755164
1165,0.17329910397529602,0.47473445534706116,0.030290194787085056,0.029202809557318687,0.0009446529438719153,0.026918955147266388,0.027890341356396675,0.0010365427006036043,0.02752138487994671,0.0283926697447896,0.0011015626369044185
1166,0.0747680775821209,1.834628701210022,0.009282521903514862,0.015194440260529518,0.0007970129663590342,0.00897691398859024,0.014760718680918217,0.0009148697718046606,0.00906836986541748,0.0147833451628685,0.0009898822172544897
1167,0.20398392900824547,1.680616855621338,0.035577154252678156,0.03691379725933075,0.0009399577975273132,0.03136646607890725,0.026312137953937054,0.0010723976884037256,0.03001041430979967,0.04062518011778593,0.001166419533547014
1168,0.1593320518732071,3.26387619972229,0.025710629299283028,0.032335580326616764,0.0008747637621127069,0.01874584285542369,0.03203424159437418,0.0009805493173189461,0.01646190695464611,0.031139726750552654,0.0010488154366612434
1169,0.08821205049753189,0.9998694062232971,0.01036576135084033,0.01843207608908415,0.0009387995814904571,0.010011509526520967,0.018459875136613846,0.0010562980314716697,0.00999105954542756,0.017823442816734314,0.0011332279536873102
1170,0.1303139142692089,1.1040889024734497,0.022654643282294273,0.019787809811532497,0.0009939979063346982,0.022129450924694538,0.019922933541238308,0.0011081828270107508,0.022040710784494877,0.020498214289546013,0.0011779717751778662
1171,0.211368590593338,1.4023594856262207,0.03547217417508364,0.03785999119281769,0.0009387306636199355,0.03063963958993554,0.03732636850327253,0.0010746911575552076,0.029004365671426058,0.03788356389850378,0.001169057679362595
1172,0.18948370963335037,3.4341073036193848,0.030270982533693314,0.03468110878020525,0.0009602156351320446,0.02378074824810028,0.03598307818174362,0.0010541082883719355,0.02185549307614565,0.03979305177927017,0.0011049298336729407
1173,0.12131398171186447,0.5086113810539246,0.02303962642326951,0.017390578985214233,0.0008661196334287524,0.022795335855334997,0.015945823397487402,0.0009783253772184253,0.022893639747053385,0.016339173074811697,0.001065362652298063
1174,0.14385986141860485,1.2300710678100586,0.018144992412999272,0.031958922278136015,0.0007707306067459285,0.017716522328555584,0.028656593058258295,0.0009024979081004858,0.017642146674916148,0.027063876390457153,0.0010035851737484336
1175,0.11288890987634659,3.5994985103607178,0.022403998533263803,0.017155975103378296,0.0006920595187693834,0.01575968787074089,0.024292116286233068,0.0008411441231146455,0.014021939598023891,0.016790410736575723,0.0009315764182247221
1176,0.06800219230353832,1.3855103254318237,0.0075673278188332915,0.014746899483725429,0.0007953947351779789,0.007400019676424563,0.013707252917811275,0.0009415310341864824,0.007541354978457093,0.014253374421969056,0.0010490340064279735
1177,0.13370271027088165,2.2069716453552246,0.020544937811791897,0.0224280571565032,0.0010148126748390496,0.020174609031528234,0.02253084536641836,0.0011205900227651,0.02070631692185998,0.02398892119526863,0.0011936274822801352
1178,0.11585043370723724,2.589519739151001,0.013694869820028543,0.022875995375216007,0.0008669965609442443,0.013569599017500877,0.02762953657656908,0.0009664655663073063,0.01390836201608181,0.021288981661200523,0.0010496295290067792
1179,0.11086329817771912,1.156255841255188,0.016395009588450193,0.018266242928802967,0.0009162974311038852,0.01518687978386879,0.021609947085380554,0.0010064089728984982,0.015220251865684986,0.021187282167375088,0.0010749772191047668
1180,0.08572351187467575,0.8080108761787415,0.01113306637853384,0.016866725869476795,0.0008391692244913429,0.010936093516647816,0.01638499367982149,0.0009515758720226586,0.011010204907506704,0.01656237756833434,0.0010393055563326925
1181,0.09722582250833511,0.49434638023376465,0.010780045296996832,0.021857277490198612,0.0008413057075813413,0.010319982655346394,0.021368439309298992,0.0009541474282741547,0.010321780107915401,0.01973137818276882,0.0010514663299545646
1182,0.13665352761745453,4.2781500816345215,0.02629115805029869,0.02936777099967003,0.0008481514523737133,0.019307848066091537,0.02033217204734683,0.0009588496759533882,0.0167248398065567,0.02180394995957613,0.0010187861626036465
1183,0.13121257349848747,1.706397294998169,0.016793875955045223,0.026852445676922798,0.0009667297126725316,0.01605152478441596,0.02465018630027771,0.0010770350345410407,0.015898121986538172,0.02777090109884739,0.0011517566163092852
1184,0.17142948135733604,1.5339436531066895,0.02130306325852871,0.036001057364046574,0.0010206184815615416,0.0207647024653852,0.03445741441100836,0.0011135302484035492,0.020688701886683702,0.034898510202765465,0.0011818902567029
1185,0.21873709559440613,1.0521347522735596,0.030972891487181187,0.04123384412378073,0.0010515415342524648,0.030087030492722988,0.04098253883421421,0.0011419348884373903,0.029801362194120884,0.042261555790901184,0.00120439229067415
1186,0.07318195328116417,0.5510131120681763,0.009134582709521055,0.014201188459992409,0.000858534564031288,0.008685819571837783,0.014485158957540989,0.0009914192196447402,0.00864144298247993,0.01510394923388958,0.0010798558942042291
1187,0.18509966135025024,0.42093053460121155,0.03472414659336209,0.0270726615563035,0.0009767557494342327,0.02929250570014119,0.03515077382326126,0.0011140339192934334,0.028424778021872044,0.027137194760143757,0.0012068093055859208
1188,0.12722454592585564,1.2491291761398315,0.018790905363857746,0.02561202645301819,0.0008754181617405266,0.018404965288937092,0.01647935714572668,0.0010132291354238987,0.018374890089035034,0.026571460999548435,0.0011022882536053658
1189,0.19187067449092865,0.4319267272949219,0.025158592499792576,0.04260462615638971,0.0009989119716919959,0.023483135737478733,0.03454459924250841,0.0010694224620237947,0.023289660923182964,0.03959753643721342,0.0011241831816732883
1190,0.16866793483495712,2.444580554962158,0.040205180644989014,0.01988720241934061,0.000777145876782015,0.03495941683650017,0.018617017194628716,0.0008900576503947377,0.03265129402279854,0.0197027288377285,0.0009778915555216372
1191,0.0760485790669918,1.6380572319030762,0.00982554629445076,0.014577900990843773,0.0008800089126452804,0.009580082260072231,0.01436078967526555,0.0010017387685365975,0.009765578899532557,0.014969544019550085,0.0010873887804336846
1192,0.07494443655014038,1.7058221101760864,0.009530830197036266,0.01396156381815672,0.0007925155805423856,0.009227541740983725,0.016310223378241062,0.0009103083284571767,0.009290988091379404,0.013931273948401213,0.000989192572887987
1193,0.16778499633073807,0.8928542137145996,0.02149836951866746,0.03352296072989702,0.0009320402750745416,0.020916095934808254,0.03661858011037111,0.0010190248722210526,0.020804329309612513,0.03139331843703985,0.0010802753386087716
1194,0.24156834930181503,0.5432169437408447,0.027822150383144617,0.015509710647165775,0.0009954471024684608,0.027534794993698597,0.06989240180701017,0.0011008026776835322,0.027514679823070765,0.07002153992652893,0.0011768148397095501
1195,0.19030793011188507,0.6448003053665161,0.027597890235483646,0.015969381667673588,0.0010753500391729176,0.027313620317727327,0.01689904648810625,0.001180354505777359,0.027336005121469498,0.07168136537075043,0.0012549032107926905
1196,0.1215687096118927,1.2639764547348022,0.01360858092084527,0.027295900508761406,0.0009685411932878196,0.012817804235965014,0.025760148651897907,0.0010685784509405494,0.012671022675931454,0.02623692713677883,0.001141207234468311
1197,0.3351931795477867,1.4079322814941406,0.037377623841166496,0.07322563603520393,0.0011066208826377988,0.03686005249619484,0.07352889701724052,0.0012110248790122569,0.03684323374181986,0.07375983707606792,0.0012802414712496102
1198,0.11901481077075005,0.8515070080757141,0.02000641357153654,0.018561610020697117,0.0009665726101957262,0.019080012571066618,0.0195838687941432,0.001081627793610096,0.018818564247339964,0.019763099029660225,0.001153040211647749
1199,0.1053190641105175,1.2019071578979492,0.013956897892057896,0.02026196848601103,0.0008868584409356117,0.01348252035677433,0.023061419371515512,0.0009878132841549814,0.013666641898453236,0.01795592252165079,0.001059024129062891
1200,0.09066445380449295,1.3167024850845337,0.015613681403920054,0.018803695449605584,0.0006669803988188505,0.015249437070451677,0.01132741360925138,0.000853236677357927,0.015217054635286331,0.011947866762056947,0.0009850944625213742
1201,0.1279667690396309,0.932966947555542,0.024283503647893667,0.019439075142145157,0.0008531732310075313,0.021225873846560717,0.02052715327590704,0.0009615352319087833,0.020028214436024427,0.019602274522185326,0.001045965007506311
1202,0.13667188584804535,3.379014492034912,0.024666004814207554,0.023591910488903522,0.0008656728605274111,0.018167312256991863,0.029068064875900745,0.0009717577486298978,0.01657135272398591,0.02174189407378435,0.0010279123671352863
1203,0.13187086954712868,1.7352346181869507,0.016815381590276957,0.027731504291296005,0.0009616360475774854,0.015995745547115803,0.02647376712411642,0.00104683474637568,0.01584348827600479,0.02589903213083744,0.0011034798226319253
1204,0.12629036605358124,0.33426469564437866,0.020090021658688784,0.02131478488445282,0.0010006242664530873,0.01926976488903165,0.021214602515101433,0.0011050829198211432,0.019094315823167562,0.02201533503830433,0.0011858366779051721
1205,0.14710478484630585,2.851579427719116,0.024622894823551178,0.031208028085529804,0.0008294833533000201,0.018230559770017862,0.03188412822782993,0.0009474391408730298,0.01664269668981433,0.021729708649218082,0.0010098397615365684
1206,0.09935985133051872,1.48720383644104,0.01518431818112731,0.01958637312054634,0.0008453927584923804,0.013346518855541945,0.01974377827718854,0.0009608234977349639,0.013041655533015728,0.015604557935148478,0.0010464328806847334
1207,0.19882196187973022,5.944744110107422,0.03790389373898506,0.04327341541647911,0.0008593038655817509,0.0252739442512393,0.033755071461200714,0.0009702821262180805,0.022142523899674416,0.03363644704222679,0.001007085433229804
1208,0.1023130901157856,0.5387529134750366,0.014079314656555653,0.019506746903061867,0.0008891305769793689,0.012042483780533075,0.020200027152895927,0.0009941757016349584,0.011807230301201344,0.021723532117903233,0.0010704543092288077
1209,0.18735302984714508,1.4849159717559814,0.028585200663655996,0.013602588325738907,0.000989058258710429,0.028525895439088345,0.06989120598882437,0.0010927667608484626,0.028637484647333622,0.01486291503533721,0.0011659066658467054
1210,0.13541070371866226,0.5319534540176392,0.025024975650012493,0.020994379185140133,0.0008953784708864987,0.022920962423086166,0.021170363761484623,0.001010727253742516,0.02257821522653103,0.019717306829988956,0.0010983989341184497
1211,0.11526701599359512,1.813459873199463,0.02326908241957426,0.014475869946181774,0.0008584802271798253,0.023205557372421026,0.013770324643701315,0.0009698441135697067,0.02332989452406764,0.014338448643684387,0.0010495093883946538
1212,0.17119503393769264,0.7670470476150513,0.033236293122172356,0.034042272716760635,0.0009900980512611568,0.028049728367477655,0.022612733766436577,0.0011389337596483529,0.027172162663191557,0.022714972496032715,0.001237841963302344
1213,0.14904242753982544,0.25567692518234253,0.02512983838096261,0.03211885970085859,0.000962745922151953,0.022594186011701822,0.02167684957385063,0.0010817975271493196,0.022641354706138372,0.021677457727491856,0.0011593364761210978
1214,0.20525913685560226,0.3015343248844147,0.03116414789110422,0.040724948048591614,0.000968988286331296,0.028374076820909977,0.031032178550958633,0.001063711242750287,0.028141447342932224,0.04266473464667797,0.0011248989612795413
1215,0.08614400774240494,0.2001909464597702,0.010321705602109432,0.017744125798344612,0.0008895399805624038,0.009869050700217485,0.018275504931807518,0.0009989184327423573,0.009854481555521488,0.017107187770307064,0.0010834898566827178
1216,0.13882453367114067,4.2441253662109375,0.023418797180056572,0.022906100377440453,0.0009021981968544424,0.017065054271370173,0.028715633787214756,0.0010046502866316587,0.014936607796698809,0.02881582546979189,0.001059672620613128
1217,0.2232559770345688,0.8430519104003906,0.038658058270812035,0.03313752915710211,0.0010789046064019203,0.033730083145201206,0.03322672098875046,0.0012018823181279004,0.03316720388829708,0.04777517355978489,0.0012804260477423668
1218,0.16493995115160942,0.8881952166557312,0.021403612103313208,0.035272992216050625,0.0008698813035152853,0.020835154224187136,0.031714778393507004,0.000979294505668804,0.020729561801999807,0.03207291103899479,0.0010617604712024331
1219,0.2904285341501236,0.6750592589378357,0.027040060609579086,0.06770639726892114,0.0009293227922171354,0.026801676023751497,0.06916613737121224,0.0010415735887363553,0.02686783717945218,0.06976021314039826,0.001115310878958553
1220,0.15271352976560593,0.31026846170425415,0.0356356855481863,0.016545243095606565,0.0008336493046954274,0.03268835600465536,0.015109538100659847,0.0009525613277219236,0.032104283571243286,0.017803102731704712,0.001041113049723208
1221,0.07896905764937401,1.6403863430023193,0.008869611890986562,0.01740562589839101,0.0009104139171540737,0.008695417083799839,0.0160365360789001,0.0010346213821321726,0.008896671701222658,0.015993154607713223,0.0011270054965279996
1222,0.06341089308261871,1.0513585805892944,0.0068902584025636315,0.013882801868021488,0.0007260198472067714,0.006597208557650447,0.012845250777900219,0.000882000953424722,0.006632145028561354,0.013958586379885674,0.0009966189390979707
1223,0.08322520926594734,1.0557739734649658,0.009627403225749731,0.017630985006690025,0.0009251817245967686,0.009277015458792448,0.01732515823096037,0.0010290428763255477,0.009303990751504898,0.017007199116051197,0.001099230779800564
1224,0.1488194279372692,0.4839848577976227,0.024350374471396208,0.02942723874002695,0.0008156655239872634,0.022221112623810768,0.03047741111367941,0.0009387435857206583,0.021816106978803873,0.01775758946314454,0.0010151902970392257
1225,0.11537595093250275,1.1252602338790894,0.023674019146710634,0.013042017817497253,0.0008450531749986112,0.023462674114853144,0.014019951689988375,0.0009676667395979166,0.023458519019186497,0.014859602320939302,0.0010464427759870887
1226,0.18968847766518593,0.401543527841568,0.033926981035619974,0.035652248188853264,0.0009632395231164992,0.029173592571169138,0.03624472953379154,0.0011057649098802358,0.028150080237537622,0.023283659014850855,0.0011881720274686813
1227,0.16971520334482193,1.170590877532959,0.029725459404289722,0.028068024665117264,0.000944849569350481,0.02635406330227852,0.026892143301665783,0.0010305120376870036,0.02533629909157753,0.030268296599388123,0.0010955556062981486
1228,0.05334071069955826,1.1566801071166992,0.006392339710146189,0.0099783253390342,0.0006910828524269164,0.0062340497970581055,0.01148059987463057,0.0008533709915354848,0.006373748416081071,0.010371809359639883,0.0009653862798586488
1229,0.13525771349668503,0.6210300922393799,0.023898495826870203,0.028844425920397043,0.0008879648812580854,0.021232872270047665,0.018287736922502518,0.0010244906297884881,0.02119283052161336,0.01877848617732525,0.0011104116565547884
1230,0.17449766397476196,2.432331085205078,0.03273109160363674,0.025577999651432037,0.0009978456946555525,0.02586998976767063,0.03199268504977226,0.001109141856431961,0.024209816940128803,0.03084786143153906,0.0011612321832217276
1231,0.07956024259328842,0.531058132648468,0.009839128702878952,0.017188677564263344,0.0008636713610030711,0.009311830159276724,0.01612928882241249,0.0009827530302572995,0.009226746391505003,0.014956707134842873,0.0010614414932206273
1232,0.14196597039699554,0.754996120929718,0.01796051673591137,0.03066301252692938,0.0010337294079363346,0.016603572759777308,0.028209734708070755,0.0011120013077743351,0.016570806968957186,0.028640300035476685,0.0011723015340976417
1233,0.06196100264787674,1.224104642868042,0.006828664685599506,0.012864335905760527,0.0007272612419910729,0.00668716779910028,0.013629099819809198,0.0008858577930368483,0.006812731851823628,0.012517316034063697,0.0010085694084409624
1234,0.1693541184067726,0.5037943124771118,0.02590485755354166,0.03028098214417696,0.0010948801646009088,0.024995963089168072,0.03109006304293871,0.0011837200145237148,0.024874180555343628,0.028687828220427036,0.0012416467070579529
1235,0.12422937899827957,0.5983357429504395,0.02002519741654396,0.021806277334690094,0.0009625295642763376,0.019356700126081705,0.02203195169568062,0.0010846729564946145,0.019218730740249157,0.018565572798252106,0.0011777457548305392
1236,0.20493019372224808,0.8460559248924255,0.03317640442401171,0.037896983325481415,0.0009269647998735309,0.030296661891043186,0.03798182122409344,0.0010173317859880626,0.02927635982632637,0.03327208571135998,0.0010855721193365753
1237,0.14052902162075043,0.8607390522956848,0.022369772661477327,0.022767354734241962,0.0010178731463383883,0.021796088200062513,0.021977201104164124,0.0011204861802980304,0.021779200993478298,0.0265149287879467,0.0011861131060868502
1238,0.125116478651762,0.49274110794067383,0.0272921877913177,0.013467198703438044,0.0009716502390801907,0.026853264775127172,0.013598634861409664,0.0010889680124819279,0.026698431931436062,0.01398116396740079,0.0011649694642983377
1239,0.1457301452755928,0.7174798846244812,0.022224958054721355,0.022760210558772087,0.0010133948526345193,0.021430253982543945,0.026918367482721806,0.001118841697461903,0.0213557668030262,0.027723463252186775,0.0011848933063447475
1240,0.17302875220775604,0.4378375709056854,0.019178688526153564,0.040723107755184174,0.0010694904485717416,0.01897650584578514,0.035467151552438736,0.0011502354172989726,0.019101770594716072,0.0361451031640172,0.0012167033273726702
1241,0.08615639433264732,0.7697510719299316,0.01138395443558693,0.017100393772125244,0.0008183119643945247,0.011031107511371374,0.015434426721185446,0.0009475768893025815,0.01103163743391633,0.017366495914757252,0.0010424868087284267
1242,0.0682622641324997,0.9216523170471191,0.008035717066377401,0.013695297297090292,0.0008662833133712411,0.007610374828800559,0.01335907680913806,0.0009998573805205524,0.00764202862046659,0.014966404996812344,0.0010872229468077421
1243,0.1845407634973526,0.47499409317970276,0.03172233700752258,0.024908331222832203,0.0010077274637296796,0.027459703851491213,0.03493664227426052,0.0011569818016141653,0.027427641209214926,0.03467395901679993,0.0012474401155486703
1244,0.2484559491276741,4.384949207305908,0.04660690203309059,0.04970649629831314,0.0009808162285480648,0.036157576367259026,0.037470726296305656,0.0011083944118581712,0.033319070003926754,0.04193653352558613,0.0011694266577251256
1245,0.13224484398961067,1.431174874305725,0.017757011577486992,0.02691321913152933,0.0008880746900103986,0.017064417712390423,0.02420298894867301,0.0009988829551730305,0.016884830314666033,0.02644967194646597,0.0010857429588213563
1246,0.12414701655507088,0.9942635893821716,0.014713008655235171,0.025763764511793852,0.0009798393002711236,0.014034237945452332,0.025283142924308777,0.001086690288502723,0.013965560588985682,0.027164921164512634,0.0011558511178009212
1247,0.14069519191980362,1.864439606666565,0.01843060553073883,0.025829140096902847,0.0010229000181425363,0.016870860010385513,0.02936233952641487,0.0011048957239836454,0.01695579243823886,0.029949343763291836,0.0011693080887198448
1248,0.09727825969457626,1.043770670890808,0.010705573484301567,0.020455646328628063,0.0009776600636541843,0.01023064972832799,0.020973297767341137,0.0010949275456368923,0.01018752995878458,0.02147133182734251,0.0011816455516964197
1249,0.1841287761926651,0.8126620054244995,0.03443530621007085,0.03484391001984477,0.0009681782685220242,0.03106651548296213,0.0250387005507946,0.0011012254399247468,0.03089349949732423,0.02459428459405899,0.001187160552944988
1250,0.22358357906341553,2.1261146068573,0.047768937423825264,0.028281215578317642,0.0009507456270512193,0.0413430193439126,0.03639440797269344,0.0010792281245812774,0.039586943574249744,0.027010830119252205,0.001168259943369776
1251,0.18480774015188217,1.7565929889678955,0.03430042089894414,0.027068844996392727,0.0009884488536044955,0.02997947484254837,0.0369705855846405,0.0011139903799630702,0.028929708059877157,0.02426339127123356,0.0011928678723052144
1252,0.13866320997476578,2.875251293182373,0.022768632043153048,0.0308016212657094,0.0009129460959229618,0.01677932543680072,0.02258183714002371,0.0010122537496499717,0.014956624247133732,0.02778131701052189,0.0010686483001336455
1253,0.2248518168926239,1.6229385137557983,0.04071005433797836,0.016552071552723646,0.0009772111952770501,0.03794350568205118,0.0719729345291853,0.001091923622880131,0.037844106554985046,0.0165838529355824,0.0011761500500142574
1254,0.1856643445789814,1.9723414182662964,0.027555682696402073,0.014487491454929113,0.001011261425446719,0.027481039986014366,0.07040607556700706,0.0011174180544912815,0.027679227758198977,0.014733974821865559,0.0011921835830435157
1255,0.17623522132635117,1.7183456420898438,0.02509222272783518,0.03554624877870083,0.000956187053816393,0.02460119128227234,0.0345265157520771,0.0010805920464918017,0.024582091718912125,0.028693318367004395,0.0011568486224859953
1256,0.1136603057384491,0.6530991792678833,0.014571565669029951,0.02440179232507944,0.0008999263227451593,0.014129905961453915,0.019501826725900173,0.0010027246898971498,0.014029291458427906,0.024048635736107826,0.0010746397310867906
1257,0.20159240067005157,1.3065948486328125,0.029214637354016304,0.033523328602313995,0.0009138840832747519,0.028487597592175007,0.04176114685833454,0.0010496318573132157,0.028253264725208282,0.03725783433765173,0.0011310814879834652
1258,0.16836955770850182,2.0373575687408447,0.02100956393405795,0.033866691403090954,0.000947296095546335,0.02030215598642826,0.03795542195439339,0.0010433514253236353,0.02007037540897727,0.03206983208656311,0.0011048773303627968
1259,0.24579618126153946,0.7623544335365295,0.029330988880246878,0.06985673122107983,0.0010018479079008102,0.02923143096268177,0.06917597725987434,0.0011110362829640508,0.02930021984502673,0.015604941640049219,0.001183008251246065
1260,0.2083735167980194,0.38609111309051514,0.04317257460206747,0.02896024100482464,0.0011121472343802452,0.038342622108757496,0.02778813522309065,0.001245324034243822,0.038163019344210625,0.02826588787138462,0.0013235582737252116
1261,0.13469580933451653,1.6020185947418213,0.027664670255035162,0.016900105867534876,0.0010124300315510482,0.027521661948412657,0.0156093155965209,0.0011188593925908208,0.027721806429326534,0.015943695791065693,0.0012032578233629465
1262,0.08286228775978088,1.0589244365692139,0.010042029432952404,0.019040267914533615,0.0008256998262368143,0.00968046672642231,0.01583552174270153,0.0009500117739662528,0.009665030520409346,0.015783490147441626,0.0010397661244496703
1263,0.15507422387599945,1.793550968170166,0.017467992613092065,0.03298380854539573,0.0007860106998123229,0.017618733225390315,0.03212246764451265,0.00092003119061701,0.01803105790168047,0.03413369529880583,0.0010104281827807426
1264,0.08261063694953918,2.2269022464752197,0.01112312264740467,0.016474586445838213,0.000854172685649246,0.010949378833174706,0.01550878956913948,0.0009656846523284912,0.011048826854676008,0.014646743889898062,0.0010393372504040599
1265,0.2304607555270195,0.7474913597106934,0.035096168518066406,0.03925451450049877,0.0009530618553981185,0.03293250780552626,0.03537213709205389,0.0010500259231776,0.03306094743311405,0.051624881103634834,0.0011165061732754111
1266,0.11964603513479233,0.6102200746536255,0.019962849095463753,0.01954606268554926,0.0009682422678451985,0.019369763787835836,0.019647665321826935,0.0010821930482052267,0.019381897058337927,0.018534338101744652,0.0011530211195349693
1267,0.16329120099544525,1.0175235271453857,0.028010740876197815,0.021764779463410378,0.0008877929067239165,0.025839445181190968,0.03714386746287346,0.000996014743577689,0.025605930015444756,0.021974449045956135,0.0010681789135560393
1268,0.2219308242201805,0.84648597240448,0.03770425822585821,0.017041672952473164,0.0010992428287863731,0.03715919237583876,0.0724070193246007,0.0012069292133674026,0.03699261508882046,0.017037760466337204,0.0012821454438380897
1269,0.05854993872344494,1.3886345624923706,0.006807993981055915,0.012122126528993249,0.0007341754680965096,0.006630551652051508,0.011825405061244965,0.0008737418393138796,0.006724427919834852,0.01184136071242392,0.0009901557641569525
1270,0.09786464273929596,0.8005542159080505,0.010880650021135807,0.02139187417924404,0.0008412644092459232,0.010467256885021925,0.020170794799923897,0.0009620579075999558,0.010428854264318943,0.021665812470018864,0.0010560801601968706
1271,0.15362656489014626,0.5847411751747131,0.02820157166570425,0.02517586387693882,0.0009325768332928419,0.024682295508682728,0.021595662459731102,0.0010352161480113864,0.02548312721773982,0.025414799340069294,0.0011054466594941914
1272,0.22980887442827225,0.45623189210891724,0.04829123057425022,0.02930285967886448,0.0009792170603759587,0.04094332084059715,0.027864737436175346,0.0011212170356884599,0.040929291397333145,0.03917092364281416,0.001206070592161268
1273,0.09510400891304016,1.4048867225646973,0.01268786657601595,0.02171066775918007,0.0008708242676220834,0.011006195563822985,0.01527109183371067,0.0009643548110034317,0.010950479190796614,0.02060656249523163,0.001035965047776699
1274,0.14205773919820786,1.3535282611846924,0.022611836437135935,0.032164448872208595,0.0008895921346265823,0.015553442295640707,0.03217925690114498,0.001003481913357973,0.014263452962040901,0.02232604008167982,0.001066188036929816
1275,0.18433629348874092,1.3847192525863647,0.0341000990010798,0.0390616562217474,0.0009532233234494925,0.02985610207542777,0.024861231446266174,0.0010991126764565706,0.028973442036658525,0.024248138070106506,0.0011832892196252942
1276,0.07901939004659653,3.4153804779052734,0.009150373749434948,0.01665020827203989,0.000949061824940145,0.008935476653277874,0.016160869505256414,0.0010637483792379498,0.009066378232091665,0.015907797496765852,0.0011354809976182878
1277,0.13096395879983902,2.1512699127197266,0.023564853705465794,0.021925278939306736,0.0009477658313699067,0.021585566457360983,0.01946987584233284,0.0010608881711959839,0.020283071789890528,0.020991151221096516,0.0011355015449225903
1278,0.15594026818871498,0.612490713596344,0.025083023589104414,0.03048751689493656,0.0008724987274035811,0.023757072165608406,0.018380572088062763,0.0009968974627554417,0.02365061268210411,0.03163696639239788,0.0010751092340797186
1279,0.12779460102319717,0.7388551831245422,0.01741270860657096,0.026155265979468822,0.0009028624626807868,0.016807434614747763,0.024166468530893326,0.0010057927283924073,0.016706363297998905,0.023553363978862762,0.0010843461495824158
1280,0.09499869868159294,0.7400768399238586,0.010864440351724625,0.019787372089922428,0.0009278182405978441,0.010484871454536915,0.018745794892311096,0.0010495714377611876,0.010428566951304674,0.021573210135102272,0.0011370517313480377
1281,0.1223120279610157,2.240201711654663,0.02005926053971052,0.019954698160290718,0.0010168800654355437,0.019640550948679447,0.019747710786759853,0.0011201695306226611,0.019668877590447664,0.01991526037454605,0.0011886211577802896
1282,0.13758060336112976,4.267551898956299,0.028603552374988794,0.015647759661078453,0.0010345919581595808,0.02862251503393054,0.015886080916970968,0.0011310349218547344,0.02880310034379363,0.016649005468934774,0.0012029630015604198
1283,0.1825983040034771,0.6556294560432434,0.03446515742689371,0.025886558461934328,0.0009135544532909989,0.02966495743021369,0.035531189758330584,0.0010671158379409462,0.02988180425018072,0.02401735493913293,0.0011706012301146984
1284,0.11575494706630707,1.2331886291503906,0.022848291788250208,0.017673597671091557,0.0008223066106438637,0.01976243918761611,0.016608163248747587,0.000940404599532485,0.018947751261293888,0.017127204686403275,0.0010247897589579225
1285,0.13204296305775642,0.35599368810653687,0.019882249645888805,0.02357255108654499,0.0007597163785248995,0.019540289416909218,0.02428352367132902,0.0009322641708422452,0.019514245446771383,0.022517348174005747,0.0010407766094431281
1286,0.12846314907073975,0.4284062683582306,0.018863087985664606,0.026568638160824776,0.0007938776398077607,0.018428679555654526,0.026934852823615074,0.00095215137116611,0.01837459160014987,0.016481569036841393,0.0010656990925781429
1287,0.16887683048844337,1.1826426982879639,0.021620262879878283,0.03625451447442174,0.0008633292745798826,0.02099784417077899,0.03003713209182024,0.000972568552242592,0.020819309167563915,0.036261660512536764,0.0010502177465241402
1288,0.1049717366695404,0.8648481965065002,0.01264629838988185,0.02465650625526905,0.0008620931766927242,0.011988344136625528,0.02208682708442211,0.0009690937295090407,0.011842542327940464,0.018873022869229317,0.0010470114066265523
1289,0.12460733577609062,0.5918093919754028,0.022802258376032114,0.021541140042245388,0.0008599492721259594,0.019635197706520557,0.01760601159185171,0.000970146938925609,0.018598787020891905,0.02153147291392088,0.0010623731068335474
1290,0.09652028977870941,2.2434470653533936,0.016919085988774896,0.014572806423529983,0.0008480387041345239,0.01652833423577249,0.014701688895002007,0.0009922721947077662,0.016535012749955058,0.014330190140753984,0.0010928612027782947
1291,0.21544715762138367,0.9123761057853699,0.04191380273550749,0.026063201017677784,0.0009579560719430447,0.03739978093653917,0.024213338270783424,0.0011263161431998014,0.03660286124795675,0.0459513608366251,0.0012185408268123865
1292,0.15076331794261932,2.0880215167999268,0.018287484999746084,0.03427416458725929,0.0009974140266422182,0.017960206605494022,0.030701621435582638,0.0010751248919405043,0.01805693469941616,0.02827987913042307,0.001130491029471159
1293,0.24091307818889618,4.7370076179504395,0.046779999509453773,0.048239050433039665,0.0009836942481342703,0.039377160370349884,0.030852172523736954,0.0011026474530808628,0.0373329920694232,0.03507702238857746,0.0011683432385325432
1294,0.1605517342686653,1.193664789199829,0.026937532238662243,0.0230090138502419,0.0009702313982415944,0.02685347944498062,0.0263715167529881,0.0010753542883321643,0.02697056531906128,0.027221977710723877,0.0011420611990615726
1295,0.11948500201106071,1.0279791355133057,0.02240736922249198,0.01723588816821575,0.0008357478654943407,0.022267764434218407,0.014957448467612267,0.0009650342399254441,0.02235329383984208,0.017412067856639624,0.0010503865778446198
1296,0.08007687702775002,1.321195363998413,0.010694530326873064,0.016328437253832817,0.0008180830627679825,0.010335670318454504,0.014692062512040138,0.0009346649749204516,0.01028064638376236,0.014979996718466282,0.0010127861169166863
1297,0.11291799694299698,0.840290904045105,0.022517710458487272,0.014604253228753805,0.0008662320324219763,0.02223903825506568,0.014321454800665379,0.0009842701256275177,0.022245734930038452,0.014078432694077492,0.0010608744341880083
1298,0.1524924859404564,0.8444900512695312,0.026443084701895714,0.026584239676594734,0.0009650173597037792,0.026310299523174763,0.02169400965794921,0.0010668010800145566,0.026382743380963802,0.021908844355493784,0.0011374448076821864
1299,0.11967834830284119,1.3189902305603027,0.02316594449803233,0.01671491004526615,0.0008589921053498983,0.019998685456812382,0.018007058184593916,0.000967991363722831,0.01968181598931551,0.01923628244549036,0.0010466639650985599
1300,0.08816999197006226,2.7983381748199463,0.011187448166310787,0.0184359448030591,0.0008947102760430425,0.010975771117955446,0.01736176759004593,0.000996426329948008,0.01106179878115654,0.01618022471666336,0.0010759002179838717
1301,0.09651469811797142,4.115577697753906,0.011758443433791399,0.01883340161293745,0.000990475557046011,0.011704490520060062,0.019769348204135895,0.0010945097892545164,0.011898290365934372,0.019302447326481342,0.0011632920941337943
1302,0.20480673760175705,0.9396669864654541,0.025902174413204193,0.04412974789738655,0.0010411074617877603,0.025333410128951073,0.04141823574900627,0.00110206613317132,0.0254053957760334,0.039328061044216156,0.0011465417919680476
1303,0.16280172392725945,0.3098311126232147,0.01868411200121045,0.032120573334395885,0.0009572283597663045,0.018097330583259463,0.03612268390133977,0.0010601947433315217,0.01810046099126339,0.036532584112137556,0.0011265569482930005
1304,0.1231888011097908,2.2019596099853516,0.023204161785542965,0.01798572950065136,0.0008534796652384102,0.020267209969460964,0.020274183712899685,0.0009582509519532323,0.018448977265506983,0.020150423981249332,0.001046381308697164
1305,0.08479184657335281,1.4407883882522583,0.01000175392255187,0.01921403594315052,0.0008657228900119662,0.009682032279670238,0.016632501035928726,0.000971644272794947,0.009675531182438135,0.016692674718797207,0.0010559593793004751
1306,0.12580636143684387,0.6205509305000305,0.01709056831896305,0.026973239146173,0.0009716024505905807,0.014881795272231102,0.023164277896285057,0.0010453718132339418,0.014406510628759861,0.026169639080762863,0.0011033478076569736
1307,0.09462248533964157,0.7139530777931213,0.014267347287386656,0.016815693117678165,0.0008508858154527843,0.012769528198987246,0.01919364370405674,0.0009573910210747272,0.012548806611448526,0.016183988191187382,0.0010351985110901296
1308,0.08481721580028534,0.35827189683914185,0.009505686815828085,0.018481776118278503,0.0008695508004166186,0.009230450261384249,0.018988829106092453,0.0009710537560749799,0.009263763669878244,0.01644742861390114,0.001058676978573203
1309,0.17901894077658653,0.7815729975700378,0.027035141363739967,0.013120946940034628,0.000922694307519123,0.026757305022329092,0.014147854875773191,0.0010254025692120194,0.026782965753227472,0.06812655506655574,0.0011000801459886134
1310,0.1794263944029808,0.6268132328987122,0.03319108905270696,0.03591905068606138,0.0010178509983234107,0.02873492892831564,0.025996830314397812,0.0011309495894238353,0.0275907670147717,0.024638070724904537,0.0012068634387105703
1311,0.1246478371322155,1.9483349323272705,0.02525043860077858,0.01815804746001959,0.000836547405924648,0.02245435630902648,0.01681491732597351,0.0009389779297634959,0.020770293660461903,0.018405341543257236,0.0010189171880483627
1312,0.1504005715250969,1.5227872133255005,0.019217834807932377,0.034142030403018,0.0009738261578604579,0.01830349024385214,0.028914351016283035,0.001046709599904716,0.018212501425296068,0.028486190363764763,0.0011036369251087308
1313,0.08289409428834915,1.410010814666748,0.010765641927719116,0.016355558298528194,0.0009082880860660225,0.010518418624997139,0.015907639637589455,0.0009994177962653339,0.010527693666517735,0.015841870568692684,0.0010695644887164235
1314,0.07444262504577637,1.8949549198150635,0.010152811417356133,0.014059511478990316,0.0008255713037215173,0.009897526819258928,0.013125089928507805,0.0009561704937368631,0.009936086600646377,0.014436805620789528,0.0010530505678616464
1315,0.14127567410469055,0.5990360379219055,0.02518871845677495,0.023854875937104225,0.0008766626997385174,0.022377847228199244,0.024818639270961285,0.0009770874166861176,0.021937387995421886,0.02018886711448431,0.0010555869666859508
1316,0.0564795583486557,1.2250285148620605,0.007771371048875153,0.010333388578146696,0.0006416598043870181,0.007675652741454542,0.009579764911904931,0.0008091058698482811,0.007764595560729504,0.01096106180921197,0.0009429576166439801
1317,0.1090676411986351,1.6592521667480469,0.022031494416296482,0.013044876977801323,0.0008405638800468296,0.021868601441383362,0.013521453365683556,0.0009598660690244287,0.021954042837023735,0.013811079319566488,0.0010356582351960242
1318,0.127060454338789,1.1020220518112183,0.014870367478579283,0.02782344538718462,0.0009775421931408346,0.014621043112128973,0.028217419981956482,0.0010716647375375032,0.01465865271165967,0.023685329593718052,0.0011349826818332076
1319,0.16638708859682083,2.3295929431915283,0.03352137980982661,0.02697072084993124,0.0009545960347168148,0.028616614174097776,0.02254812279716134,0.0010844271746464074,0.027751441579312086,0.023777645081281662,0.0011621409794315696
1320,0.2827085927128792,1.6794756650924683,0.032760139554739,0.07772953808307648,0.0010773542453534901,0.032530502416193485,0.026170447934418917,0.0011729149264283478,0.03248586133122444,0.07753942161798477,0.001242430356796831
1321,0.12457875907421112,1.3238554000854492,0.02353718550875783,0.01775243179872632,0.0009325990686193109,0.023214890155941248,0.01653272658586502,0.0010569741716608405,0.023125178646296263,0.01728854887187481,0.001138225314207375
1322,0.18386763706803322,1.1201752424240112,0.02913764351978898,0.013016894459724426,0.0009056002018041909,0.028923006262630224,0.06844605645164847,0.0010343283647671342,0.02884672023355961,0.012433340307325125,0.0011240514868404716
1323,0.2377787083387375,0.4402988851070404,0.02851096959784627,0.06773030385375023,0.0009735942585393786,0.028296781238168478,0.01383142452687025,0.0010761092999018729,0.02829319192096591,0.06791852321475744,0.0011478125816211104
1324,0.2744526267051697,4.545255661010742,0.033337623812258244,0.018935438245534897,0.001044220116455108,0.03330233134329319,0.07583330478519201,0.001135141123086214,0.03402483183890581,0.07563756126910448,0.001202177256345749
1325,0.323591984808445,1.8387376070022583,0.03816336113959551,0.09097887203097343,0.0010593764600344002,0.03771830629557371,0.08646186254918575,0.0011408559512346983,0.03765605203807354,0.029212047811597586,0.0012012615916319191
1326,0.17376424372196198,3.900848865509033,0.030181978829205036,0.0235248152166605,0.0009327033185400069,0.0277496250346303,0.0253086406737566,0.0010412203264422715,0.02920587733387947,0.03470195271074772,0.0011174272513017058
1327,0.27648042887449265,5.583443641662598,0.03364337328821421,0.07361849024891853,0.0010509148123674095,0.03318861126899719,0.021157998591661453,0.0011422037496231496,0.03440588619560003,0.07705671805888414,0.0012162270140834153
1328,0.09761659055948257,2.7117807865142822,0.011586264241486788,0.018832876812666655,0.0009108015219680965,0.011312810936942697,0.01918350998312235,0.001019576156977564,0.011438560206443071,0.022238588891923428,0.001093603204935789
1329,0.11644024774432182,3.180665969848633,0.01350883929990232,0.023287836462259293,0.0009977750305552036,0.01355980266816914,0.026596255134791136,0.0011003889376297593,0.013776340987533331,0.022441405337303877,0.0011716046137735248
1330,0.08450765907764435,2.4193203449249268,0.011668332852423191,0.015888525173068047,0.0008130766800604761,0.011462031863629818,0.015224535018205643,0.0009266904089599848,0.01153088454157114,0.015983502380549908,0.0010100819927174598
1331,0.11615008488297462,0.9387127757072449,0.019775363616645336,0.015252522192895412,0.0007680930139031261,0.019398872274905443,0.014549984596669674,0.000923262326978147,0.01934411469846964,0.025117458775639534,0.0010204078280366957
1332,0.12404928356409073,0.26920509338378906,0.019775560591369867,0.0157333891838789,0.0008276761800516397,0.01933819055557251,0.022033291403204203,0.0009669788414612412,0.019209913443773985,0.025112963281571865,0.0010513238376006484
1333,0.30365361273288727,0.7639073729515076,0.028095616027712822,0.072837945073843,0.001074167957995087,0.02785437647253275,0.07146795187145472,0.001172040996607393,0.02787501271814108,0.07203201856464148,0.0012444796739146113
1334,0.14915572106838226,1.2264946699142456,0.025440912693738937,0.024360970593988895,0.001028850965667516,0.02397557720541954,0.023679738864302635,0.001118089072406292,0.023528235033154488,0.024842532351613045,0.001180812658276409
1335,0.059568991884589195,1.556136131286621,0.007492812816053629,0.011790551710873842,0.0006926661299075931,0.007167377858422697,0.011534034507349133,0.0008343576337210834,0.00713512790389359,0.011982934083789587,0.0009391277853865176
1336,0.13479959964752197,3.479888439178467,0.017386856954544783,0.027381536550819874,0.0009113640990108252,0.016132435761392117,0.027497452683746815,0.0009979118476621807,0.015699879731982946,0.027734388131648302,0.0010577735374681652
1337,0.19067184627056122,0.6640859246253967,0.025364442728459835,0.03608965128660202,0.000981513934675604,0.02346751280128956,0.03958149254322052,0.0010499459458515048,0.023251939564943314,0.03978591412305832,0.0010994411422871053
1338,0.19223754107952118,0.3797764480113983,0.034022916574031115,0.036859141662716866,0.0009696937922853976,0.028894830029457808,0.03580844588577747,0.001093541766749695,0.02905263053253293,0.02436075359582901,0.00117559073260054
1339,0.1040843203663826,1.0234302282333374,0.014337682165205479,0.022825825959444046,0.0008629080839455128,0.01388545986264944,0.018243808299303055,0.0009557373996358365,0.013878934551030397,0.01807562354952097,0.0010183440172113478
1340,0.13565905950963497,0.9695687890052795,0.01722843572497368,0.02843775087967515,0.0007706385804340243,0.016744781518355012,0.027123338542878628,0.0008842632232699543,0.01667704782448709,0.026817460544407368,0.000975336879491806
1341,0.05941881239414215,1.812499761581421,0.007970527280122042,0.010895990300923586,0.0006922739266883582,0.007868175860494375,0.010829607723280787,0.0008254109125118703,0.007911086082458496,0.011496054008603096,0.0009296891512349248
1342,0.20689508318901062,0.3338685631752014,0.029819907620549202,0.0402830233797431,0.0010553496540524065,0.029181810095906258,0.03988920524716377,0.0011315180454403162,0.02914451900869608,0.03520905785262585,0.0011807013070210814
1343,0.09031819924712181,0.6940417885780334,0.010668076574802399,0.019107735715806484,0.0008469232998322695,0.010437913239002228,0.018229786306619644,0.0009536459110677242,0.010510277468711138,0.018524211831390858,0.0010396242723800242
1344,0.12742897868156433,0.9933366179466248,0.023518784437328577,0.02078973315656185,0.0009280686208512634,0.02061105379834771,0.019125921651721,0.0010256489331368357,0.019554839935153723,0.020776305347681046,0.0010986272827722132
1345,0.11893420666456223,2.021578788757324,0.024851404130458832,0.01769421622157097,0.0007580845267511904,0.02177572762593627,0.014904618728905916,0.0008739042095839977,0.02015419816598296,0.01695975288748741,0.0009623015066608787
1346,0.09428082033991814,1.7236591577529907,0.014153060037642717,0.01617960585281253,0.0009224991663359106,0.012571745086461306,0.016858131159096956,0.001023329037707299,0.012246501166373491,0.0192346409894526,0.0010913025471381843
1347,0.07672999985516071,1.1043199300765991,0.011258461745455861,0.015856743790209293,0.0007462777430191636,0.009740799432620406,0.014776024734601378,0.0008694445132277906,0.009691158076748252,0.01282846205867827,0.0009626265964470804
1348,0.1700543351471424,0.5027820467948914,0.020468608010560274,0.03685270715504885,0.0009350175096187741,0.019948304630815983,0.032551285810768604,0.001011276908684522,0.019918501842767,0.037303593941032887,0.0010650358744896948
1349,0.11755143105983734,0.850277841091156,0.01469640014693141,0.024520552717149258,0.0009636141767259687,0.01435264153406024,0.022456983104348183,0.0010452059505041689,0.014379207976162434,0.024026283994317055,0.0011105404701083899
1350,0.09308327734470367,1.977973461151123,0.020479262340813875,0.014358532149344683,0.000658695469610393,0.016993359895423055,0.011470511555671692,0.000797932269051671,0.015409866347908974,0.011999608715996146,0.0009155109291896224
1351,0.1321992352604866,2.570453405380249,0.02331816451624036,0.022669927217066288,0.0008369768038392067,0.017319663427770138,0.025917842984199524,0.0009394126827828586,0.015251931268721819,0.024951152503490448,0.0009941611206158996
1352,0.10228133574128151,0.4934617578983307,0.013154372572898865,0.02286318689584732,0.0009287737775593996,0.01157006761059165,0.02120193000882864,0.0010073526063933969,0.011580851394683123,0.018899789080023766,0.001075010048225522
1353,0.11059221625328064,1.2734755277633667,0.018164515029639006,0.022874055430293083,0.0008090075571089983,0.01760482368990779,0.015538490377366543,0.0009427881450392306,0.017519038636237383,0.016115914098918438,0.001023580553010106
1354,0.16095440834760666,1.524597406387329,0.0353440847247839,0.02016684925183654,0.000852964527439326,0.02904622908681631,0.02017194125801325,0.0009586516243871301,0.027361510321497917,0.02603960456326604,0.001012575812637806
1355,0.08812557719647884,1.4402990341186523,0.01893593557178974,0.009500582935288548,0.0006824879965279251,0.018916486646048725,0.00938719161786139,0.0008286328811664134,0.01908235519658774,0.009849110851064324,0.0009427911136299372
1356,0.09474190324544907,1.1638493537902832,0.010735505726188421,0.021910366602241993,0.0009065052727237344,0.010303324554115534,0.018396733328700066,0.0010205662692897022,0.010209091007709503,0.02014899905771017,0.001110813522245735
1357,0.09934365376830101,3.0127346515655518,0.0136107187718153,0.021208065561950207,0.0008876844949554652,0.011988042388111353,0.01847638050094247,0.0009793876961339265,0.011672745924443007,0.01947159878909588,0.0010490277782082558
1358,0.22900211811065674,1.4390342235565186,0.036296123173087835,0.0392387006431818,0.0010018381872214377,0.03316890634596348,0.03919940907508135,0.0011123997392132878,0.03233290137723088,0.045467402786016464,0.0011844536056742072
1359,0.19560470432043076,1.9855321645736694,0.030079013668000698,0.036008648574352264,0.0010451816488057375,0.029123367741703987,0.0348180765286088,0.001131637895014137,0.028802840039134026,0.033409697003662586,0.0011862441897392273
1360,0.14392240345478058,0.6468599438667297,0.02132436027750373,0.02636934444308281,0.000879230909049511,0.019714997615665197,0.0287253363057971,0.0010066897957585752,0.019511925522238016,0.025302356109023094,0.00108816270949319
1361,0.12283037602901459,1.5124564170837402,0.022742546163499355,0.020531571470201015,0.0008545379969291389,0.019863477908074856,0.019250460900366306,0.0009607421234250069,0.018379606306552887,0.019203350879251957,0.0010440779733471572
1362,0.1476232260465622,1.528004765510559,0.02457437850534916,0.024852672591805458,0.0008947774185799062,0.01947298599407077,0.02849960047751665,0.000989953929092735,0.017658861353993416,0.029644171707332134,0.001035823835991323
1363,0.16132044792175293,2.394900321960449,0.031111755641177297,0.025410498958081007,0.001007678103633225,0.027000219793990254,0.02402439434081316,0.0011586237233132124,0.027445597806945443,0.022918304428458214,0.0012433856027200818
1364,0.08884324133396149,2.564333200454712,0.01187967974692583,0.016761427745223045,0.0008971769420895725,0.011715359054505825,0.016755731776356697,0.001016685040667653,0.011720332317054272,0.01699808146804571,0.0010987611894961447
1365,0.12333901226520538,0.6105880737304688,0.021259400062263012,0.021654363721609116,0.0008211286622099578,0.015708361752331257,0.020904618315398693,0.0009266342676710337,0.01489530224353075,0.026189036667346954,0.000980169017566368
1366,0.09237011522054672,0.6536576747894287,0.013510902412235737,0.016846870072185993,0.0008503497228957713,0.012132250238209963,0.01599165564402938,0.0009598100441507995,0.012056164909154177,0.01898472895845771,0.001037381443893537
1367,0.09696335811167955,0.566917896270752,0.015066780732013285,0.019536852836608887,0.0006687241548206657,0.014606719370931387,0.010257539572194219,0.0008564992458559573,0.014522804296575487,0.020463699474930763,0.000983731122687459
1368,0.12375425174832344,1.9262518882751465,0.022953069303184748,0.020296161994338036,0.0009306137217208743,0.020264424849301577,0.018219459801912308,0.0010354206606280059,0.018716726452112198,0.020226052030920982,0.001112319529056549
1369,0.0589916966855526,0.5134552717208862,0.006877280189655721,0.011404084507375956,0.0006674534524790943,0.006669443566352129,0.010841048089787364,0.0008270624093711376,0.006712293950840831,0.01404370809905231,0.0009493225952610373
1370,0.09152428433299065,1.6086052656173706,0.011856787372380495,0.01804370153695345,0.0009042696037795395,0.011554421856999397,0.017738496884703636,0.001004941645078361,0.011555449571460485,0.017788022756576538,0.0010781898745335639
1371,0.1234513372182846,1.3063298463821411,0.02142995595932007,0.018626641482114792,0.0009743573609739542,0.020901462994515896,0.01906939595937729,0.0010862468625418842,0.02075308281928301,0.01945711113512516,0.001153086544945836
1372,0.11603176966309547,0.5257386565208435,0.020477496087551117,0.01787720527499914,0.0009235963225364685,0.019972527865320444,0.017304485198110342,0.0010480545461177826,0.019934510812163353,0.01736664492636919,0.0011272479896433651
1373,0.0944314282387495,2.920809268951416,0.01648881915025413,0.013872197363525629,0.0008399412618018687,0.01622565323486924,0.014210967347025871,0.0009807716123759747,0.016495919320732355,0.014233570778742433,0.0010835860739462078
1374,0.2152492180466652,2.4492886066436768,0.035236228723078966,0.03820102661848068,0.0010424655629321933,0.03015262633562088,0.036571281030774117,0.0011575560783967376,0.030478966422379017,0.04118223208934069,0.0012268449645489454
1375,0.13782952725887299,2.0047366619110107,0.02151563949882984,0.0227324478328228,0.0009684219839982688,0.01725269202142954,0.029561488889157772,0.0010704154265113175,0.01531613478437066,0.028290553018450737,0.0011217307765036821
1376,0.14399225264787674,2.0517940521240234,0.022578257834538817,0.02895729336887598,0.0009007909975480288,0.020950551377609372,0.0295112831518054,0.0010359621956013143,0.021305623464286327,0.017635732889175415,0.0011167615302838385
1377,0.09675342962145805,3.613586187362671,0.011534107383340597,0.01903687324374914,0.000827058800496161,0.01148171303793788,0.017439368180930614,0.0009467750496696681,0.011604772415012121,0.022847410291433334,0.001035347580909729
1378,0.09676104038953781,1.9796595573425293,0.012356189079582691,0.019678683020174503,0.0009456814732402563,0.011068405583500862,0.017944221384823322,0.001033650478348136,0.01102030836045742,0.021606612019240856,0.0011072878260165453
1379,0.08327852375805378,1.270101547241211,0.009475744445808232,0.014809083426371217,0.0007245048182085156,0.009210986667312682,0.018402258632704616,0.0008613304235041142,0.009259216487407684,0.019571487326174974,0.0009639078634791076
1380,0.0994608886539936,0.7020772695541382,0.013042518869042397,0.020366210490465164,0.0008967071771621704,0.012643739115446806,0.01828522700816393,0.000991845561657101,0.012627239804714918,0.019547922536730766,0.001059477566741407
1381,0.13509201258420944,0.2564128041267395,0.014652184210717678,0.0283192852512002,0.0009293720358982682,0.014315939508378506,0.030446765944361687,0.0010345663176849484,0.014271114487200975,0.030008560046553612,0.0011142211151309311
1382,0.1293182298541069,2.6161532402038574,0.025212340522557497,0.020160247571766376,0.0009018805285450071,0.02170981653034687,0.021892673335969448,0.0009875369723886251,0.02044943068176508,0.016942990012466908,0.001061305112671107
1383,0.08014652505517006,2.794640064239502,0.010154515039175749,0.015829987823963165,0.0009079899464268237,0.00984641583636403,0.015553391072899103,0.0010296180262230337,0.009772491175681353,0.015936756506562233,0.0011153567465953529
1384,0.1628788486123085,0.6693993210792542,0.04027662239968777,0.0129539230838418,0.0009641126380302012,0.04015953093767166,0.013296252116560936,0.0010807408834807575,0.04016544669866562,0.012825076933950186,0.0011571449576877058
1385,0.08961609750986099,0.8477612137794495,0.01540564897004515,0.011266603833064437,0.0006609356496483088,0.014986835536547005,0.0196353099308908,0.0008548262994736433,0.01487854216247797,0.010946557857096195,0.000980840326519683
1386,0.16379951685667038,1.2630850076675415,0.02755076065659523,0.0342216556891799,0.0008802812662906945,0.02569773979485035,0.02607620880007744,0.0009896258707158267,0.02534867264330387,0.02197051141411066,0.001064061769284308
1387,0.14186426997184753,0.8374937176704407,0.02448271820321679,0.030778617598116398,0.0008795860630925745,0.022290676832199097,0.01990108098834753,0.0009940626914612949,0.022005893755704165,0.01945315394550562,0.001078483008313924
1388,0.17057418823242188,2.281822443008423,0.02439485676586628,0.037280939519405365,0.0009723659022711217,0.020669328048825264,0.02864142134785652,0.0010513944434933364,0.018246564082801342,0.03821030259132385,0.0011070087784901261
1389,0.08498954027891159,2.4343326091766357,0.009746666997671127,0.017717581242322922,0.0008733465510886163,0.009454010054469109,0.017237676307559013,0.0009830195922404528,0.009463489055633545,0.018454203382134438,0.001059545495081693
1390,0.17541279643774033,2.527315855026245,0.020394274033606052,0.039289869368076324,0.0009163564536720514,0.020082640927284956,0.038276320323348045,0.0010057803592644632,0.0201139017008245,0.03425728715956211,0.0010763579048216343
1391,0.13010406866669655,3.2299983501434326,0.016274806577712297,0.02673488762229681,0.0009161191992461681,0.016279271338135004,0.027491324115544558,0.0010187254520133138,0.01655787928029895,0.023735968861728907,0.0010950869764201343
1392,0.09308561310172081,5.29474401473999,0.013735279906541109,0.015723807737231255,0.0008216605056077242,0.014237229246646166,0.016294243279844522,0.000938517798203975,0.014827139675617218,0.015489023644477129,0.0010187083971686661
1393,0.1195361539721489,0.8060749769210815,0.021808353252708912,0.02157416380941868,0.0008213759574573487,0.018999118357896805,0.01606172416359186,0.0009354415815323591,0.019080213736742735,0.019226287491619587,0.00102947250707075
1394,0.11439097672700882,1.2711913585662842,0.0217276057228446,0.01888335170224309,0.0007880595803726465,0.018537946976721287,0.017381479497998953,0.0008945208392105997,0.017497023101896048,0.017707839142531157,0.0009731521131470799
1395,0.15616708248853683,3.511136531829834,0.03269846271723509,0.017889046110212803,0.0009969914972316474,0.03244943916797638,0.018170861527323723,0.00110628770198673,0.03264754172414541,0.019034195691347122,0.0011742598726414144
1396,0.1238848939538002,2.5237505435943604,0.02023656852543354,0.022065321914851665,0.00082694276352413,0.015108221676200628,0.022574330680072308,0.0009372063504997641,0.013488475698977709,0.027636848390102386,0.0010109762661159039
1397,0.11281424015760422,0.8258244395256042,0.015044844709336758,0.02111172303557396,0.0009332757326774299,0.013459691777825356,0.019132811576128006,0.001013978326227516,0.013320629950612783,0.027720827609300613,0.0010764550534076989
1398,0.16054338961839676,1.0512254238128662,0.01907281205058098,0.030942018143832684,0.00105724495369941,0.01859332248568535,0.03928512707352638,0.0011333373258821666,0.018568675965070724,0.03069324977695942,0.0011976034147664905
1399,0.08562538772821426,0.3896881639957428,0.00985326012596488,0.018503905273973942,0.0009196827304549515,0.009478412102907896,0.017285414971411228,0.001017432485241443,0.009458998218178749,0.018013245426118374,0.0010950362775474787
1400,0.17954307794570923,4.255273818969727,0.024867285043001175,0.03699715435504913,0.0009625327656976879,0.02057604491710663,0.03788864426314831,0.0010437702876515687,0.018907436169683933,0.03720918297767639,0.0010910297860391438
1401,0.1192806214094162,0.6687289476394653,0.019935785792768,0.019785535521805286,0.0009480788139626384,0.019349759444594383,0.01869443617761135,0.001066661294316873,0.019252656493335962,0.019091982394456863,0.0011557316174730659
1402,0.2955496311187744,1.907844066619873,0.029022817499935627,0.06777480663731694,0.0009140151087194681,0.028863416519016027,0.0686349612660706,0.0010394718265160918,0.028883321210741997,0.06929331831634045,0.0011234990670345724
1403,0.08201466873288155,0.7302062511444092,0.011533805169165134,0.015244439244270325,0.0007967493147589266,0.01118788542225957,0.014711357187479734,0.0009224823443219066,0.011147995479404926,0.015460789669305086,0.0010091621079482138
1404,0.07517752423882484,1.9625400304794312,0.009709581267088652,0.014587655197829008,0.0008858542423695326,0.009523032465949655,0.014697971753776073,0.000999888521619141,0.0096456001047045,0.014048578683286905,0.0010793647961691022
1405,0.143668070435524,2.9089670181274414,0.021898751612752676,0.02214172575622797,0.0010242753487545997,0.0217370567843318,0.025807023979723454,0.0011178803397342563,0.021954363211989403,0.026806723326444626,0.0011802781373262405
1406,0.14563794061541557,1.887514352798462,0.017133544199168682,0.033434261567890644,0.0010345299378968775,0.016105379443615675,0.03177126031368971,0.001109245524276048,0.01611884916201234,0.027763948775827885,0.0011669256491586566
1407,0.11495402455329895,3.452678918838501,0.021963677369058132,0.015627022832632065,0.0009063439501915127,0.021895997691899538,0.015524461399763823,0.0010009581746999174,0.022035770118236542,0.014928502030670643,0.0010712924995459616
1408,0.0814546886831522,2.3762736320495605,0.01532958960160613,0.011044980492442846,0.0006804932490922511,0.015219677705317736,0.010835523251444101,0.0008558450790587813,0.015238513704389334,0.011269108159467578,0.0009809529583435506
1409,0.09943416714668274,0.7086737751960754,0.011628227308392525,0.023612773045897484,0.0009211932774633169,0.011240700259804726,0.0192331587895751,0.0010079873027279973,0.011307370383292437,0.019412429071962833,0.001070326252374798
1410,0.055627559311687946,0.7871310114860535,0.005956912063993514,0.011761167785152793,0.0007350311207119375,0.005768919130787253,0.011512050405144691,0.0008663620974402875,0.00586507492698729,0.012188666732981801,0.000973374757450074
1411,0.12719519436359406,2.476579189300537,0.02356461063027382,0.021275630220770836,0.0009248924907296896,0.021010196767747402,0.01935083046555519,0.001034668239299208,0.019543417263776064,0.01937785092741251,0.001113092410378158
1412,0.12713411077857018,0.4318336546421051,0.01858432497829199,0.02528262324631214,0.0008476221410091966,0.018042596522718668,0.026087244041264057,0.0009955919813364744,0.017900449223816395,0.018299329094588757,0.0010943247471004725
1413,0.0502204317599535,0.5771034359931946,0.006513263797387481,0.009113368578255177,0.0006362705025821924,0.006286586867645383,0.009107662132009864,0.0007842040795367211,0.006275323801673949,0.010608442360535264,0.0008953103679232299
1414,0.123469777405262,1.4560582637786865,0.014314916916191578,0.030993296764791012,0.0009017776174005121,0.014244010671973228,0.026000957004725933,0.0009920805459842086,0.014324055053293705,0.02064248826354742,0.001056196168065071
1415,0.19932935759425163,2.005798578262329,0.033256322145462036,0.035857852548360825,0.000952073052758351,0.028652128763496876,0.035998555831611156,0.0010793838591780514,0.0273736328817904,0.034999287221580744,0.0011601164587773383
1416,0.09443467110395432,0.4770757257938385,0.010603585280478,0.020709355361759663,0.0010406262590549886,0.010075686033815145,0.019993795081973076,0.0011481580440886319,0.009909775573760271,0.019734098576009274,0.0012195903109386563
1417,0.07571300864219666,0.7195808291435242,0.00883658998645842,0.015434020198881626,0.0008414466283284128,0.008428740315139294,0.014832287561148405,0.0009696317138150334,0.00835516955703497,0.01695748558267951,0.0010576352360658348
1418,0.1480427384376526,0.8660870790481567,0.02541421027854085,0.027896436396986246,0.0008051941113080829,0.023287452291697264,0.01762790745124221,0.0009291572496294975,0.0229863952845335,0.028074542991816998,0.0010214493377134204
1419,0.08690658211708069,0.5072605609893799,0.011089795734733343,0.01714507397264242,0.000870613002916798,0.010774544440209866,0.01687994785606861,0.0009726608404889703,0.010752533562481403,0.0173712563700974,0.0010501600336283445
1420,0.11791666224598885,1.6173635721206665,0.022727886214852333,0.018928615376353264,0.0008508475148119032,0.019485718570649624,0.01891474425792694,0.0009574344730935991,0.018013473600149155,0.016997949220240116,0.0010399934835731983
1421,0.3927118331193924,1.1583949327468872,0.04435623437166214,0.1218898668885231,0.0010986596462316811,0.04424208216369152,0.06682835333049297,0.001194574637338519,0.044327447190880775,0.06751602608710527,0.0012585551012307405
1422,0.10550253093242645,1.0959949493408203,0.017935934010893106,0.016199131030589342,0.0008702404738869518,0.01748105650767684,0.01603820314630866,0.0009914409019984305,0.01746894745156169,0.017443209886550903,0.001074361673090607
1423,0.16103189438581467,5.064845085144043,0.023806050419807434,0.03624687064439058,0.0008681310282554477,0.019670256413519382,0.027945738285779953,0.0009529584203846753,0.017628994770348072,0.03290251363068819,0.0010103766107931733
1424,0.1660717874765396,5.467285633087158,0.033223108388483524,0.022749878466129303,0.0008358198974747211,0.026613561436533928,0.029409626498818398,0.0009279994119424373,0.02315235137939453,0.028169117867946625,0.000990321219433099
1425,0.11253344267606735,0.9743286967277527,0.01952803647145629,0.01850020419806242,0.0009183970978483558,0.0188233545050025,0.01702955085784197,0.001023926422931254,0.018661389127373695,0.016949236392974854,0.001099355868063867
1426,0.11860604211688042,0.9226743578910828,0.01897178078070283,0.017963521648198366,0.000787154451245442,0.01838592765852809,0.0187079980969429,0.0009366806480102241,0.018280988093465567,0.023530369624495506,0.0010416224831715226
1427,0.07898958027362823,0.5406745672225952,0.009846164844930172,0.01577802002429962,0.0008753050933592021,0.00954147195443511,0.015689468942582607,0.0009721624082885683,0.009597464464604855,0.01565217785537243,0.0010373477125540376
1428,0.11752351373434067,0.5448415279388428,0.01942158630117774,0.021815175656229258,0.0007548211433459073,0.018773141782730818,0.02245249878615141,0.0009071679378394037,0.01862617814913392,0.01375376433134079,0.001019181072479114
1429,0.11552213877439499,1.3931045532226562,0.02244889922440052,0.015065225772559643,0.0008168821514118463,0.022252839989960194,0.013595480471849442,0.0009340807446278632,0.022339799907058477,0.017051223199814558,0.0010177118238061666
1430,0.11354941502213478,1.061819076538086,0.02150375535711646,0.019605635665357113,0.0007911666762083769,0.018492314498871565,0.014863873366266489,0.0008938874816522002,0.017632934264838696,0.018801054917275906,0.0009647972765378654
1431,0.1662265583872795,0.8049043416976929,0.022426468320190907,0.034334952011704445,0.0009316048235632479,0.02190642897039652,0.027221194468438625,0.0010549469734542072,0.021795792505145073,0.03542335703969002,0.0011318122269585729
1432,0.09001081809401512,1.216761589050293,0.013433014042675495,0.01834397204220295,0.0008473189081996679,0.012285616248846054,0.015095400158315897,0.0009468069765716791,0.012100291438400745,0.015930674504488707,0.0010277231922373176
1433,0.14750121533870697,0.8814353942871094,0.031490291468799114,0.0172921409830451,0.0009712525934446603,0.03097018599510193,0.016230993438512087,0.00107749761082232,0.030897896736860275,0.017427037470042706,0.0011439186055213213
1434,0.21608878672122955,2.1922106742858887,0.03611032199114561,0.03255098965018988,0.000991698179859668,0.031948861200362444,0.04345004539936781,0.0010992699535563588,0.03098807903006673,0.03777789790183306,0.0011716157896444201
1435,0.12650757282972336,2.616885185241699,0.020978739485144615,0.02874602936208248,0.0007880678167566657,0.015699741430580616,0.024892162531614304,0.0009044801699928939,0.014216398354619741,0.019308898132294416,0.0009730553720146418
1436,0.07930394262075424,1.6897609233856201,0.011031699366867542,0.01386262383311987,0.000828820135211572,0.010544686112552881,0.01536111580207944,0.0009364623110741377,0.010344814974814653,0.01538760494440794,0.0010061133652925491
1437,0.0857379324734211,0.5454732775688171,0.010233260225504637,0.01826401986181736,0.0008801953517831862,0.009735539555549622,0.01696194289252162,0.0009825373126659542,0.009607651270925999,0.01801349176093936,0.0010592970065772533
1438,0.15022949874401093,0.7135477662086487,0.031052714213728905,0.022044554352760315,0.0009603018115740269,0.027683940716087818,0.020742138847708702,0.001061708346242085,0.026436391286551952,0.01911560446023941,0.001132149074692279
1439,0.18397381901741028,2.1253435611724854,0.02699536317959428,0.07008371409028769,0.0010263193398714066,0.026918714866042137,0.014414103701710701,0.0011152592487633228,0.026943687815219164,0.015295390971004963,0.0011812548036687076
1440,0.16580408811569214,0.8171170949935913,0.035564832389354706,0.02037510508671403,0.0009446717158425599,0.03509671054780483,0.014148124493658543,0.001082592410966754,0.03495088126510382,0.022475223522633314,0.0011659417068585753
1441,0.16498662903904915,0.7033982276916504,0.021883415523916483,0.03799601178616285,0.0009892568923532963,0.020316004287451506,0.030734830535948277,0.0010558991925790906,0.020101853646337986,0.030800518579781055,0.0011088309693150222
1442,0.1113961674273014,0.5877591371536255,0.01749072317034006,0.02135329693555832,0.000811886799056083,0.016899096313863993,0.014346023090183735,0.0009539133752696216,0.016696077305823565,0.02180737815797329,0.0010377756552770734
1443,0.06351490505039692,0.6087766289710999,0.007241088547743857,0.013096100417897105,0.0007902066572569311,0.007065230165608227,0.012716243276372552,0.0009289559093303978,0.007119544898159802,0.01353054796345532,0.0010269855265505612
1444,0.2862586975097656,1.869741439819336,0.05556677654385567,0.05425642430782318,0.0010976275079883635,0.047189315780997276,0.04598810710012913,0.0012437114492058754,0.04577318765223026,0.033817317336797714,0.00132623256649822
1445,0.14586444199085236,0.43906545639038086,0.03435944579541683,0.014454142656177282,0.0008338476472999901,0.031857009045779705,0.015488549135625362,0.0009428096236661077,0.03168267197906971,0.015230254735797644,0.0010157113429158926
1446,0.11492260172963142,0.5104305744171143,0.02215381572023034,0.015450012870132923,0.0008634903933852911,0.021971082780510187,0.01517049502581358,0.0009714935440570116,0.022045640740543604,0.01524009695276618,0.0010564762633293867
1447,0.109978087246418,1.4914032220840454,0.022009842097759247,0.01332201436161995,0.0008589745266363025,0.02182935969904065,0.01403997465968132,0.0009623824153095484,0.021872653160244226,0.01404954819008708,0.00103334296727553
1448,0.12895957753062248,0.5487708449363708,0.016833045054227114,0.027165973093360662,0.0008882257388904691,0.016275898087769747,0.023383991327136755,0.0009811397467274219,0.016246645711362362,0.02613038569688797,0.0010542751697357744
1449,0.07128317654132843,0.581245481967926,0.00922686664853245,0.015599066391587257,0.0007496547477785498,0.00835946248844266,0.01168904802761972,0.0008683667401783168,0.00831423094496131,0.015513678779825568,0.0009627999388612807
1450,0.18823495134711266,0.3223114013671875,0.027544922661036253,0.014788878615945578,0.0009394090157002211,0.027276294771581888,0.016522535122931004,0.0010499432391952723,0.027231125626713037,0.07174481078982353,0.0011370410793460906
1451,0.08128859847784042,0.23257748782634735,0.009410702623426914,0.01800448726862669,0.0008546051103621721,0.008970655035227537,0.016379533801227808,0.0009621636127121747,0.008873608894646168,0.016793852671980858,0.001038988120853901
1452,0.17531124502420425,1.6277329921722412,0.03380775824189186,0.0224592424929142,0.0009831420611590147,0.03145219571888447,0.03212797828018665,0.0010952878510579467,0.03093315940350294,0.02129209227859974,0.001160386367700994
1453,0.11152318120002747,0.8145115375518799,0.01369036128744483,0.023661617189645767,0.000935960269998759,0.013125092722475529,0.023152099922299385,0.0010251534113194793,0.012939787004143,0.021903757005929947,0.0010893490980379283
1454,0.1271006166934967,1.0469822883605957,0.01680512260645628,0.02538388455286622,0.0008814050815999508,0.01604384696111083,0.024784340523183346,0.0009735858766362071,0.015838102903217077,0.025340420193970203,0.001049906830303371
1455,0.07886315882205963,1.2661755084991455,0.008629898307844996,0.017324173822999,0.0008978320984169841,0.008275469997897744,0.016763335559517145,0.0010068160481750965,0.00830379850231111,0.016563976649194956,0.001097856555134058
1456,0.15393859893083572,2.2972192764282227,0.030470486730337143,0.015014344360679388,0.0008241473115049303,0.030039042234420776,0.022605082485824823,0.0009585786028765142,0.03009885735809803,0.02288620825856924,0.0010418466990813613
1457,0.12455622851848602,2.194063901901245,0.02027452876791358,0.023126824758946896,0.000958545773755759,0.014977161306887865,0.021873568184673786,0.001062024210114032,0.013664472382515669,0.027515381574630737,0.0011037203366868198
1458,0.07698182761669159,1.360112190246582,0.010138157289475203,0.014764115680009127,0.000835434184409678,0.009882302023470402,0.014793775510042906,0.0009408924379386008,0.009884716477245092,0.014717468526214361,0.001024966361001134
1459,0.20794516056776047,0.9281346201896667,0.028904613107442856,0.04043088387697935,0.0010639801039360464,0.02817967813462019,0.038279409520328045,0.0011389990104362369,0.028123549185693264,0.040636866353452206,0.0011871757451444864
1460,0.08939610607922077,1.153103232383728,0.010953039629384875,0.02131008170545101,0.0008920973050408065,0.01030338671989739,0.016470061149448156,0.0010024111834354699,0.010217988630756736,0.017168937250971794,0.00107810168992728
1461,0.05358143802732229,0.8594794869422913,0.005874490016140044,0.011210449505597353,0.0007317614799831063,0.005664637079462409,0.01173224626109004,0.0008601156296208501,0.00571050401777029,0.010834257584065199,0.0009629778214730322
1462,0.11799785122275352,0.3075035810470581,0.022368937730789185,0.017029148060828447,0.0009335948270745575,0.022069510538131,0.01521514542400837,0.001043750817188993,0.022073117084801197,0.016147670801728964,0.0011169799254275858
1463,0.19562752544879913,1.7652758359909058,0.029077629558742046,0.038899337872862816,0.0010519551578909159,0.02816277462989092,0.034656137228012085,0.001134311023633927,0.027842535637319088,0.03361851908266544,0.0011843217653222382
1464,0.07620435208082199,1.1860201358795166,0.010377105325460434,0.015197584871202707,0.0007995794294402003,0.010095753241330385,0.01288148108869791,0.0008979332633316517,0.010061649605631828,0.01493079774081707,0.0009624653903301805
1465,0.1480998769402504,1.4449489116668701,0.02309811906889081,0.030403459444642067,0.0009124797652475536,0.021059545688331127,0.030480587854981422,0.001011888962239027,0.02101858938112855,0.01903803925961256,0.0010771728120744228
1466,0.1440022960305214,0.7711836099624634,0.031136220321059227,0.016318106092512608,0.0009702046227175742,0.030655140057206154,0.016340439207851887,0.0010747674386948347,0.03056436963379383,0.015799210406839848,0.0011438351357355714
1467,0.17949464172124863,0.4741457998752594,0.030998958041891456,0.023292972706258297,0.0009962809272110462,0.027045238064602017,0.03440722730010748,0.001128450210671872,0.026625807164236903,0.033788918517529964,0.00121078739175573
1468,0.1961013227701187,1.6652992963790894,0.044780291616916656,0.023609071038663387,0.0009578667813912034,0.04067388363182545,0.02154405042529106,0.0010801809548866004,0.03995470330119133,0.02234658505767584,0.0011546894675120711
1469,0.1996717005968094,0.7958197593688965,0.029305368196219206,0.0726694893091917,0.0009906511986628175,0.02887070970609784,0.02031877590343356,0.001081913651432842,0.028870162554085255,0.016414637677371502,0.0011499851825647056
1470,0.21212425082921982,4.427773475646973,0.02913484163582325,0.04539165645837784,0.0009293445618823171,0.024208844639360905,0.04733952507376671,0.0010051323333755136,0.022792001254856586,0.04028289392590523,0.0010400128667242825
1471,0.14688566327095032,0.5042763948440552,0.02228986844420433,0.02327623125165701,0.0009243474341928959,0.02172674983739853,0.026464782655239105,0.0010486538812983781,0.021552346646785736,0.028476078063249588,0.0011266093933954835
1472,0.21855349838733673,1.580694556236267,0.043604688718914986,0.03546481113880873,0.0009673851018305868,0.03719555772840977,0.03793510887771845,0.0010924589587375522,0.036014907993376255,0.025110804475843906,0.0011677805450744927
1473,0.14990580826997757,1.5538054704666138,0.029315744526684284,0.019172233529388905,0.0008080752741079777,0.026015842333436012,0.023480593226850033,0.0009486697381362319,0.024545563384890556,0.024581868201494217,0.0010372084216214716
1474,0.14699620008468628,3.3219478130340576,0.029428996611386538,0.017064510844647884,0.0010028857504948974,0.029454845935106277,0.016918514855206013,0.0010937047773040831,0.029634296894073486,0.02123978454619646,0.0011586677865125239
1475,0.07531862333416939,0.9689453840255737,0.009364055469632149,0.01562893996015191,0.0008578180277254432,0.008972719311714172,0.015442891512066126,0.0009600333869457245,0.008914764970541,0.014148436021059752,0.0010289604542776942
1476,0.0977136455476284,2.410271406173706,0.012322003953158855,0.023039805702865124,0.0008888380252756178,0.011365078389644623,0.017127634957432747,0.0009841436403803527,0.011376564856618643,0.019556190352886915,0.0010533863678574562
1477,0.14414072036743164,0.7243577241897583,0.023287865333259106,0.029485988430678844,0.0008522723510395736,0.0210230122320354,0.02885222528129816,0.0009671488951425999,0.020766729954630136,0.017866943031549454,0.0010385354980826378
1478,0.09325738251209259,1.078419804573059,0.011476671323180199,0.020833882503211498,0.0009570656111463904,0.010437426157295704,0.01664631813764572,0.0010323550086468458,0.01037191180512309,0.020411747507750988,0.001090006553567946
1479,0.06837629713118076,0.637653112411499,0.007645475212484598,0.015047832857817411,0.0009102520125452429,0.007256055949255824,0.014439115300774574,0.0010158948134630919,0.007249465445056558,0.013721205294132233,0.0010910003911703825
1480,0.083830326795578,0.25877779722213745,0.010841245297342539,0.016157042235136032,0.0008205352060031146,0.010517789516597986,0.015602587256580591,0.0009320745011791587,0.010442189872264862,0.017507731914520264,0.0010091311996802688
1481,0.08348532021045685,0.33689647912979126,0.00947806192561984,0.01907764095813036,0.0009312357578892261,0.008977632969617844,0.016866882797330618,0.0010375632846262306,0.008834642823785543,0.01717665884643793,0.001105000323150307
1482,0.06341229937970638,0.8829249143600464,0.007659219205379486,0.012880791909992695,0.0008564007293898612,0.007235593860968947,0.012962925713509321,0.0009769272292032838,0.007185162743553519,0.012600566260516644,0.0010547108831815422
1483,0.0773555152118206,1.831221103668213,0.00862033513840288,0.017934703268110752,0.0007179203967098147,0.008497090544551611,0.012962955981492996,0.0008462414843961596,0.00855621148366481,0.01827770727686584,0.000942346960073337
1484,0.05255008488893509,0.8445162773132324,0.007628159713931382,0.00979693979024887,0.0006226138793863356,0.007475022110156715,0.008620357606559992,0.0007816350844223052,0.007507882546633482,0.009222033433616161,0.0008954379300121218
1485,0.21550368517637253,1.9882142543792725,0.038202918134629726,0.03681808337569237,0.001075437874533236,0.03410306852310896,0.03450080193579197,0.001166219066362828,0.03340915124863386,0.03500617295503616,0.0012218353222124279
1486,0.13023711740970612,2.076707363128662,0.02183884521946311,0.022784984670579433,0.0009235949837602675,0.015883649699389935,0.0275747524574399,0.0010066026879940182,0.014680642168968916,0.024493925273418427,0.0010501208598725498
1487,0.12712020426988602,0.60678631067276,0.014358136337250471,0.0293882479891181,0.0009285653941333294,0.014035358559340239,0.022629184182733297,0.0010217611270491034,0.013991051819175482,0.0296714399009943,0.0010964575340040028
1488,0.1400161348283291,3.8871872425079346,0.02171349199488759,0.026309838518500328,0.0009224878449458629,0.015902109909802675,0.029877182096242905,0.0010032731806859374,0.014147637877613306,0.02909274585545063,0.0010473643196746707
1489,0.09466943889856339,0.36815759539604187,0.016517102252691984,0.014627881348133087,0.0008422787650488317,0.01600170019082725,0.014606901910156012,0.0009935017733369023,0.015897846315056086,0.014094945974647999,0.00108727952465415
1490,0.0853564478456974,0.5078668594360352,0.01156401913613081,0.015471738297492266,0.0008599508437328041,0.0102023184299469,0.01748416107147932,0.0009476752311456949,0.010166970081627369,0.01765289343893528,0.0010067166585940868
1491,0.20200730860233307,4.17879581451416,0.03292032051831484,0.04188688099384308,0.0008727049280423671,0.026569247245788574,0.039560647681355476,0.0009735483909025788,0.024416873697191477,0.03378105349838734,0.001026033773086965
1492,0.11285292450338602,0.7687360048294067,0.020540844299830496,0.013965938240289688,0.0007013456197455525,0.018684523762203753,0.014348268043249846,0.0008479056996293366,0.018504320760257542,0.024299654876813293,0.000960126577410847
1493,0.11189160868525505,1.1371030807495117,0.01876143692061305,0.019169663079082966,0.00096510024741292,0.018158998806029558,0.017990355379879475,0.001074211293598637,0.017943925224244595,0.016685440205037594,0.0011424783151596785
1494,0.12769271805882454,1.1870436668395996,0.015715045388787985,0.0278230719268322,0.0010022652568295598,0.015063750091940165,0.025589902885258198,0.0010642504785209894,0.01491776155307889,0.02539802435785532,0.0011186421033926308
1495,0.15359841287136078,2.7437329292297363,0.030968603678047657,0.026513145305216312,0.0008475625654682517,0.026842856779694557,0.02406967617571354,0.0009466864576097578,0.024985728785395622,0.017417991533875465,0.0010061613866128027
1496,0.16012541949748993,1.6878913640975952,0.02606248389929533,0.03071797452867031,0.0009431201033294201,0.02389762829989195,0.024659705348312855,0.0010276337852701545,0.022587811574339867,0.029136167839169502,0.001092901627998799
1497,0.07281606644392014,0.6769940257072449,0.009858555858954787,0.013524125795811415,0.0008008387521840632,0.009525252506136894,0.013773009646683931,0.000935650197789073,0.00948735442943871,0.013879842590540648,0.0010314399842172861
1498,0.14880293607711792,0.8676261901855469,0.022476802580058575,0.02644338784739375,0.0009217712795361876,0.021927008405327797,0.023318993858993053,0.0010449978290125728,0.021773061715066433,0.029771288856863976,0.0011256275465711951
1499,0.12471850961446762,1.038282871246338,0.021011536940932274,0.022756743244826794,0.0009199091291520745,0.015417509246617556,0.02752648200839758,0.0010015376028604805,0.014559483621269464,0.02048311196267605,0.0010421951301395893
1500,0.0719166062772274,0.5981711745262146,0.008763224352151155,0.014458550605922937,0.000841214059619233,0.00843898905441165,0.014315822161734104,0.0009285983396694064,0.00842968374490738,0.014742194674909115,0.0009983267227653414
1501,0.15158023685216904,0.34902361035346985,0.023731738794595003,0.028978655114769936,0.000839320186059922,0.021762338001281023,0.020201398991048336,0.0009615093877073377,0.02168009802699089,0.032379234209656715,0.0010459417826496065
1502,0.19603685289621353,0.8520895838737488,0.04401043802499771,0.02327760448679328,0.000977114017587155,0.040253667160868645,0.02207949012517929,0.0011077314848080277,0.040633589029312134,0.022507403511554003,0.0011898186057806015
1503,0.16224561631679535,0.9832912087440491,0.025632053148001432,0.03349595796316862,0.0009281633538194001,0.02276400988921523,0.022694727405905724,0.001022694748826325,0.0224802796728909,0.03214346244931221,0.001084274786990136
1504,0.40137460827827454,0.6211265325546265,0.049353109672665596,0.07834531739354134,0.0011026438442058861,0.045801129192113876,0.08974508941173553,0.0012166855158284307,0.045423928648233414,0.08909660577774048,0.0012901204754598439
1505,0.1638074293732643,1.2257708311080933,0.025104480795562267,0.029197831638157368,0.0010712571674957871,0.024097525514662266,0.027386938221752644,0.0011528103495948017,0.02381733153015375,0.030773799866437912,0.0012054502731189132
1506,0.1414058655500412,1.4588629007339478,0.02314180601388216,0.02909304155036807,0.0008106615568976849,0.021133688278496265,0.02832454303279519,0.0009225064422935247,0.020829845685511827,0.016160663217306137,0.0009891074732877314
1507,0.1530982404947281,0.4584443271160126,0.024827313609421253,0.030712256208062172,0.0009541051113046706,0.022031973116099834,0.023062140680849552,0.0010399265447631478,0.02137709129601717,0.027980539947748184,0.0011128974729217589
1508,0.08818349987268448,1.586723804473877,0.012811149004846811,0.016473233234137297,0.0009228498674929142,0.011894718278199434,0.015590325929224491,0.0010050612618215382,0.011803726200014353,0.016612840816378593,0.0010695955716073513
1509,0.07876785844564438,0.3850998878479004,0.00936934957280755,0.017634528689086437,0.000771090475609526,0.009020288940519094,0.013579974416643381,0.0008908566378522664,0.00896944897249341,0.0175597476772964,0.0009725731797516346
1510,0.16975152865052223,0.558773934841156,0.01964465295895934,0.03825569059699774,0.0009536888392176479,0.019022479187697172,0.03889566566795111,0.0010379807790741324,0.018870439380407333,0.03196587506681681,0.0011050511966459453
1511,0.12229012697935104,4.595346927642822,0.017832547891885042,0.02778208814561367,0.0008498262614011765,0.01570837153121829,0.019381452351808548,0.0009375087392982095,0.014657403342425823,0.024146794341504574,0.0009941328899003565
1512,0.09566965140402317,3.667008638381958,0.014516255003400147,0.024189770920202136,0.0007057587208691984,0.012492707464843988,0.015473794424906373,0.0008299493638332933,0.011257529957219958,0.015287512447685003,0.0009163754875771701
1513,0.13737645372748375,0.7834360599517822,0.024135783780366182,0.01957588456571102,0.0008821192022878677,0.02239391580224037,0.027599725872278214,0.000987025152426213,0.0222613918595016,0.018487633671611547,0.0010529712308198214
1514,0.08230257779359818,0.4994395971298218,0.009023474529385567,0.017923573963344097,0.0009257615020032972,0.008708302397280931,0.018388166092336178,0.0010195828508585691,0.00871510524302721,0.01650230586528778,0.001096304680686444
1515,0.07390035316348076,3.6381959915161133,0.01026806328445673,0.013407326303422451,0.0008268582460004836,0.010199347510933876,0.013072114903479815,0.0009617918985895813,0.010311783757060766,0.013800457119941711,0.0010526106925681233
1516,0.11551603302359581,0.45915547013282776,0.01406371546909213,0.022916067391633987,0.0009347430313937366,0.013708042446523905,0.022370089776813984,0.0010345704795327038,0.013643602840602398,0.025740197859704494,0.0011050095781683922
1517,0.1876969337463379,0.8563724756240845,0.02770607452839613,0.0260561415925622,0.0009751734905876219,0.025818885304033756,0.03950159810483456,0.001071073638740927,0.025515169836580753,0.039919039234519005,0.0011337779578752816
1518,0.21087250113487244,0.46840253472328186,0.025164533406496048,0.047328881919384,0.0010377223370596766,0.024587460793554783,0.047492774203419685,0.0010948305716738105,0.024471763521432877,0.03855663537979126,0.001137900515459478
1519,0.15289007872343063,2.2652199268341064,0.025672650896012783,0.0276442002505064,0.000938797282287851,0.02293612714856863,0.02744949981570244,0.0010304433526471257,0.021806668490171432,0.02430985774844885,0.0011018376098945737
1520,0.3985432833433151,2.0621533393859863,0.04604275897145271,0.1226143091917038,0.0011076729279011488,0.04588969051837921,0.06722772028297186,0.0012102636974304914,0.045844752341508865,0.06732351426035166,0.0012825943413190544
1521,0.1155678741633892,0.7235043048858643,0.022692997474223375,0.015716819558292627,0.0008576272521167994,0.022392591927200556,0.015057260170578957,0.0009696976630948484,0.022333655506372452,0.014495871495455503,0.0010513513116165996
1522,0.13033156469464302,1.7780988216400146,0.016198353376239538,0.02785500790923834,0.0010217095841653645,0.015238234307616949,0.024367455393075943,0.0010928205447271466,0.015280701220035553,0.028125292621552944,0.0011519932304508984
1523,0.18537743389606476,3.5016322135925293,0.029127371963113546,0.012757579796016216,0.0009223467204719782,0.029205896891653538,0.013932838570326567,0.00103864396805875,0.029561417642980814,0.06771383946761489,0.0011174975079484284
1524,0.21600069850683212,0.6663949489593506,0.04193395748734474,0.03693323489278555,0.0009789065807126462,0.0363456467166543,0.03684844262897968,0.0011024283594451845,0.03546878136694431,0.025205126963555813,0.0011841663508675992
1525,0.3083358258008957,3.2469282150268555,0.04126718454062939,0.018245217390358448,0.0009998155874200165,0.039870014414191246,0.08205422013998032,0.0011105671292170882,0.04061666131019592,0.08299042657017708,0.001181712024845183
1526,0.10977965593338013,2.2412257194519043,0.017303640488535166,0.021649351809173822,0.0008200380252674222,0.015072320587933064,0.01980643905699253,0.0009058165305759758,0.0139581598341465,0.01930077001452446,0.0009631183056626469
1527,0.1708187460899353,0.3699823319911957,0.03665708750486374,0.021787971258163452,0.0008891421603038907,0.032996825873851776,0.023198161274194717,0.0010051294229924679,0.032800087705254555,0.02040629368275404,0.0010780439479276538
1528,0.08200574293732643,0.8078941702842712,0.009895960800349712,0.015567482449114323,0.0008982347208075225,0.009562554769217968,0.017354524694383144,0.0010072209988720715,0.00955116143450141,0.017086082603782415,0.001082517672330141
1529,0.14117195457220078,1.902945876121521,0.024934438057243824,0.021781516261398792,0.0008517398673575372,0.02209259197115898,0.027685203589498997,0.0009794030920602381,0.021337025798857212,0.02045417297631502,0.0010558636859059334
1530,0.14899209886789322,2.2810380458831787,0.018334022723138332,0.033008345402777195,0.0009688904392533004,0.017535020597279072,0.02744679804891348,0.001046934223268181,0.017509667202830315,0.03203961253166199,0.0011028070584870875
1531,0.1634635627269745,2.2494053840637207,0.022377684712409973,0.03206427302211523,0.0009630871936678886,0.018815118819475174,0.037005217745900154,0.0010334239923395216,0.018958868458867073,0.031164861284196377,0.0010810175444930792
1532,0.15769106149673462,0.5763586759567261,0.028784243389964104,0.027175232768058777,0.0008716580050531775,0.025797498412430286,0.023847516626119614,0.0009701706876512617,0.02560759149491787,0.023608252871781588,0.0010288909543305635
1533,0.12559127062559128,1.198243260383606,0.023981360718607903,0.018221034202724695,0.0009248192654922605,0.023333391174674034,0.018513630144298077,0.0010261466959491372,0.023332007229328156,0.015163315460085869,0.0010955617763102055
1534,0.1188996247947216,2.888328790664673,0.015972775872796774,0.026925901882350445,0.0008919615065678954,0.013781874673441052,0.024213311728090048,0.0009943371405825019,0.012708319583907723,0.022351680789142847,0.0010594674968160689
1535,0.1276773139834404,0.3199942708015442,0.020804463885724545,0.022477918304502964,0.0010560621740296483,0.01972487522289157,0.01850815676152706,0.0011439165682531893,0.019616106990724802,0.02313706837594509,0.0012087509385310113
1536,0.10090307891368866,1.1712961196899414,0.011003474239259958,0.02154606906697154,0.000901062332559377,0.01063372753560543,0.022169868927448988,0.0010186582803726196,0.010611568344756961,0.021915804129093885,0.0011028472217731178
1537,0.1542820706963539,0.5166612863540649,0.023468032479286194,0.033089546486735344,0.0009350168402306736,0.022725689224898815,0.02486989041790366,0.0010616473155096173,0.022527175024151802,0.024469565600156784,0.0011355074238963425
1538,0.10183836705982685,0.7979604601860046,0.01910848170518875,0.017665280029177666,0.0008896393119357526,0.016917144181206822,0.01428984571248293,0.00100867630681023,0.016204470535740256,0.014665203634649515,0.0010896276216953993
1539,0.31198600679636,0.47662991285324097,0.036904508247971535,0.08594068884849548,0.001067312085069716,0.036491633392870426,0.02909730188548565,0.0011523468419909477,0.03642453532665968,0.08369833417236805,0.0012093473924323916
1540,0.05184181593358517,0.9116464853286743,0.007395517197437584,0.009068530052900314,0.000641854596324265,0.007273974595591426,0.008873664308339357,0.0008047705050557852,0.007360936258919537,0.009495454374700785,0.0009271109593100846
1541,0.11655649915337563,0.4540252685546875,0.020511954091489315,0.02078541275113821,0.0008793954330030829,0.018261706456542015,0.019191505387425423,0.0009942100150510669,0.017617041245102882,0.017239684239029884,0.0010755916591733694
1542,0.07442774251103401,0.41932564973831177,0.009465598035603762,0.014584045857191086,0.0008241514151450247,0.009159827139228582,0.015056709758937359,0.0009343870333395898,0.00917706498876214,0.014222278259694576,0.001003681041765958
1543,0.13106472417712212,2.2242720127105713,0.018560761120170355,0.031604173593223095,0.0009703314863145351,0.01706808991730213,0.021839422173798084,0.0010612985934130847,0.016578000970184803,0.022266171872615814,0.0011164748575538397
1544,0.27785779535770416,0.7181447148323059,0.04515375755727291,0.048364030197262764,0.0010246644378639758,0.04101213812828064,0.04910156689584255,0.0011512255296111107,0.04077620059251785,0.05005195736885071,0.0012222537188790739
1545,0.2365402840077877,1.0874325037002563,0.02796399174258113,0.06795460497960448,0.0009271362505387515,0.027870566584169865,0.012748487293720245,0.001055627886671573,0.0279377824626863,0.06893345527350903,0.0011486270814202726
1546,0.2892460525035858,0.9410638213157654,0.02791015850380063,0.06751014990732074,0.0009241306106559932,0.02778512565419078,0.06766381300985813,0.0010543434182181954,0.02781313005834818,0.06744205206632614,0.001143153931479901
1547,0.07469862326979637,0.6929494738578796,0.010407036170363426,0.0140304584056139,0.0007860418409109116,0.00993639463558793,0.01342571945860982,0.0009172877762466669,0.009811377618461847,0.01437528571113944,0.0010090228170156479
1548,0.10035208240151405,1.6558839082717896,0.011840203776955605,0.02305549569427967,0.000881456770002842,0.011383280158042908,0.017920919694006443,0.0009829059999901801,0.011334680952131748,0.0219014803878963,0.0010516553884372115
1549,0.19354314729571342,1.6447653770446777,0.030518315732479095,0.029578976333141327,0.000989877589745447,0.028520602267235518,0.03797237668186426,0.0011283864150755107,0.028610921930521727,0.035016316920518875,0.0012073733960278332
1550,0.13060148805379868,1.2976998090744019,0.016913173254579306,0.02634198497980833,0.0009029133943840861,0.016593280714005232,0.023836473934352398,0.001006307837087661,0.016528799664229155,0.02739521162584424,0.0010833402047865093
1551,0.08125559240579605,0.7922561764717102,0.009396589361131191,0.016462181694805622,0.0009816080564633012,0.009016518015414476,0.01673704944550991,0.0011130991042591631,0.008920436725020409,0.0174293820746243,0.0011987226316705346
1552,0.11778988316655159,3.54850697517395,0.01674578618258238,0.020888025872409344,0.0008419464284088463,0.015035675372928381,0.021230665035545826,0.0009430279897060245,0.01413388131186366,0.026954734697937965,0.0010161392856389284
1553,0.16460196673870087,0.32901531457901,0.02636347757652402,0.03189186751842499,0.0009361233678646386,0.023832284845411777,0.03163337055593729,0.0010355240665376186,0.023469077423214912,0.02433439251035452,0.001105847826693207
1554,0.04690882936120033,0.3531738519668579,0.005190020310692489,0.009383358294144273,0.0007244698645081371,0.005076904781162739,0.009512841934338212,0.0008868339646141976,0.005226399167440832,0.009898832766339183,0.0010091654839925468
1555,0.10371057316660881,0.9048399925231934,0.02079276484437287,0.01300048828125,0.000874326447956264,0.0207674081902951,0.012699832208454609,0.0010038454202003777,0.020918335765600204,0.012564812786877155,0.0010887595708481967
1556,0.18823064863681793,0.8051265478134155,0.027455393690615892,0.01550460234284401,0.0010041439672932029,0.027270930353552103,0.016083995811641216,0.0011134995147585869,0.027298192027956247,0.0713052935898304,0.0011946102022193372
1557,0.1863800399005413,1.053890585899353,0.0322773726657033,0.027583678252995014,0.0010788663639687002,0.029577651526778936,0.026648126542568207,0.0011987866600975394,0.028878679033368826,0.03786477353423834,0.001272098917979747
1558,0.12240950018167496,1.9361517429351807,0.024012180510908365,0.015274181496351957,0.0009164923394564539,0.023324002046138048,0.015431522391736507,0.0010134101612493396,0.02332730032503605,0.018028981052339077,0.00108142860699445
1559,0.14734935760498047,1.309105634689331,0.025191761553287506,0.027658448554575443,0.0009496028360445052,0.022897676564753056,0.023158666677773,0.0010475563758518547,0.022054941393435,0.023273619823157787,0.0011170844081789255
1560,0.12983235344290733,1.5889922380447388,0.016501380130648613,0.026700744405388832,0.0009679216309450567,0.01640029065310955,0.02411533147096634,0.0010466290987096727,0.016496642492711544,0.02650356199592352,0.0010998501093126833
1561,0.2246854454278946,0.6455339193344116,0.03312439098954201,0.04898183420300484,0.0009574043215252459,0.031203349120914936,0.0334122097119689,0.0010498217307031155,0.030995561741292477,0.04385172016918659,0.001109161414206028
1562,0.1152060329914093,1.6219667196273804,0.01905194902792573,0.018469260074198246,0.001014773646602407,0.018673626706004143,0.018206344917416573,0.0011189382639713585,0.018691889941692352,0.018795319367200136,0.0011839314247481525
1563,0.04937221482396126,1.962916374206543,0.005778370192274451,0.009897788055241108,0.0007289439963642508,0.0056256933603435755,0.00952744041569531,0.0008884943090379238,0.005660486873239279,0.010257764486595988,0.0010072320874314755
1564,0.08068684116005898,1.2145360708236694,0.009863548446446657,0.017994454130530357,0.0007661598501726985,0.009551714640110731,0.01595672033727169,0.0008897380903363228,0.009524502791464329,0.01516176387667656,0.000978239841060713
1565,0.10252832248806953,2.7194740772247314,0.01471779914572835,0.01866848859935999,0.0008678527374286205,0.014289962593466043,0.01874736789613962,0.0009704980766400695,0.014143751934170723,0.019083060324192047,0.001039540977217257
1566,0.14253094792366028,0.9121567010879517,0.03065021801739931,0.014491001609712839,0.0008166086918208748,0.03029682580381632,0.0202607954852283,0.0009710736339911819,0.030213518999516964,0.013758223969489336,0.0010726788314059377
1567,0.178982712328434,1.1074621677398682,0.031398181803524494,0.02584358211606741,0.0008423089748248458,0.029365542344748974,0.02533182967454195,0.0009942888282239437,0.029053480364382267,0.03507091850042343,0.001082579547073692
1568,0.08943696413189173,0.7710728049278259,0.015933918417431414,0.013464606134220958,0.0008297148742713034,0.015554344630800188,0.0129994738381356,0.0009797198581509292,0.015505849616602063,0.01307728048413992,0.0010920552595052868
1569,0.09976767934858799,0.6892737150192261,0.019605901325121522,0.014753609197214246,0.0007132946630008519,0.017727955360896885,0.013790037017315626,0.0008583192247897387,0.017680739983916283,0.01367455068975687,0.0009632751462049782
1570,0.11257888004183769,0.9212839603424072,0.020074051804840565,0.01696757460013032,0.0009292834438383579,0.01960109220817685,0.016975251957774162,0.0010560340888332576,0.019515196327120066,0.016325845383107662,0.0011345536331646144
1571,0.1684216633439064,0.5172337889671326,0.03238651901483536,0.021649261005222797,0.0010054425511043519,0.030266232788562775,0.01990446075797081,0.0011147307232022285,0.02991863153874874,0.030996943823993206,0.0011794373858720064
1572,0.08886956237256527,1.4963805675506592,0.019351592287421227,0.009124756557866931,0.0006964722124394029,0.01937029231339693,0.009279083926230669,0.0008421439270023257,0.01948839728720486,0.009761964669451118,0.0009548605303280056
1573,0.07591947540640831,0.5269142985343933,0.00932957325130701,0.01613921346142888,0.0008194955589715391,0.009010441601276398,0.0148306330665946,0.0009243994718417525,0.009004754014313221,0.014865963719785213,0.0009950007952284068
1574,0.21593652293086052,1.0225415229797363,0.02479637460783124,0.00953749381005764,0.0008215142879635096,0.024680740432813764,0.06448222557082772,0.0009608690161257982,0.024712373269721866,0.06488077505491674,0.0010641582775861025
1575,0.1477445363998413,1.4250636100769043,0.025736818090081215,0.016726256348192692,0.0008137339900713414,0.025110332295298576,0.029047873802483082,0.0009885122999548912,0.024866589345037937,0.02337079681456089,0.0010836306028068066
1576,0.12144280970096588,1.0566675662994385,0.021407435182482004,0.021918997168540955,0.0008607580093666911,0.018763853702694178,0.021258438006043434,0.0009734276973176748,0.0177928414195776,0.017400034703314304,0.0010670206393115222
1577,0.21691952645778656,3.142915725708008,0.03824261389672756,0.04038023576140404,0.0009902661549858749,0.03237538691610098,0.028277753852307796,0.0011051918554585427,0.03087350120767951,0.04351525753736496,0.0011593260569497943
1578,0.07274461910128593,0.5664976835250854,0.0087148561142385,0.01457457197830081,0.0008434065675828606,0.008396089542657137,0.014177867211401463,0.0009358791867271066,0.008404466789215803,0.015696643851697445,0.001000838354229927
1579,0.12157746404409409,0.47155725955963135,0.020251743495464325,0.020365105010569096,0.0008971528732217848,0.019034309312701225,0.01620376342907548,0.0010220746626146138,0.018863451201468706,0.02384074404835701,0.0010991166345775127
1580,0.0893060602247715,0.7851080894470215,0.013086813502013683,0.018362393602728844,0.0008559185662306845,0.012038631830364466,0.016984487883746624,0.0009545088396407664,0.011925815138965845,0.01406274177134037,0.0010347461502533406
1581,0.09206022880971432,1.498765230178833,0.01623482594732195,0.013807004783302546,0.0008256033179350197,0.015893414500169456,0.013246079906821251,0.0009686688426882029,0.016046628588810563,0.013963941950351,0.0010740659199655056
1582,0.13452527672052383,0.9428461790084839,0.023520399816334248,0.017908670008182526,0.0008944824221543968,0.021797780878841877,0.017804362811148167,0.0009984176140278578,0.02165236370638013,0.02888933289796114,0.0010594703489914536
1583,0.07599856331944466,1.3428065776824951,0.009562567807734013,0.014286554884165525,0.0007770958472974598,0.009277270641177893,0.01460693683475256,0.0008892086916603148,0.009256335441023111,0.01637203898280859,0.0009705537231639028
1584,0.11164581030607224,2.8794639110565186,0.01638046419247985,0.028828930109739304,0.0008569257042836398,0.013771445956081152,0.018664137460291386,0.0009431132348254323,0.012401412706822157,0.018805046565830708,0.000994333706330508
1585,0.07261743396520615,0.5503542423248291,0.008927472634240985,0.014924831222742796,0.0008892384357750416,0.008486304664984345,0.014452458824962378,0.0010048493859358132,0.008353046607226133,0.01449695322662592,0.0010822780313901603
1586,0.0905768871307373,1.4852993488311768,0.011875378899276257,0.018743688240647316,0.0009468786884099245,0.011487171053886414,0.01779740396887064,0.0010495990864001215,0.01133757596835494,0.016221548430621624,0.0011176440166309476
1587,0.16384510695934296,1.6321651935577393,0.02875993773341179,0.024545066524297,0.0009298775694333017,0.02823187131434679,0.02571727940812707,0.001019271556288004,0.028121822513639927,0.025431965477764606,0.0010880089830607176
1588,0.10300790891051292,1.2249537706375122,0.020746146561577916,0.012277350760996342,0.0008705783111508936,0.02056589350104332,0.012910449877381325,0.0009922577301040292,0.020619240822270513,0.012949506752192974,0.0010764827020466328
1589,0.0904661351814866,0.7343294024467468,0.016174517921172082,0.013457827502861619,0.0008185632468666881,0.015762289869599044,0.012961573898792267,0.000966364867053926,0.0156448035268113,0.01360161229968071,0.0010785866470541805
1590,0.18630878999829292,1.357652187347412,0.032445387449115515,0.03408043971285224,0.0009941650205291808,0.029353113379329443,0.03526969766244292,0.0011111767962574959,0.029016848653554916,0.022863736376166344,0.0011742324568331242
1591,0.141739621758461,0.7671218514442444,0.022542081773281097,0.029239509254693985,0.0008622347377240658,0.02083783084526658,0.02865974884480238,0.0009717592620290816,0.020570736844092607,0.017020164988934994,0.0010355548583902419
1592,0.13288600742816925,0.8440887928009033,0.015670514665544033,0.02915977220982313,0.0010420649196021259,0.014951690565794706,0.025828704237937927,0.0011235700221732259,0.014757512602955103,0.029174983501434326,0.0011771953431889415
1593,0.10406817868351936,0.8318687677383423,0.017192705534398556,0.014856979716569185,0.000812473997939378,0.016594536136835814,0.014662805944681168,0.0009600385674275458,0.016357718035578728,0.02158304024487734,0.0010478790500201285
1594,0.08124170452356339,0.9698745608329773,0.010774156078696251,0.015529359690845013,0.000813668651971966,0.010512782260775566,0.014653397724032402,0.0009315318311564624,0.010489107109606266,0.01650386117398739,0.0010338397696614265
1595,0.04663459863513708,1.0992881059646606,0.005139174172654748,0.009177576983347535,0.0007100374787114561,0.005062994081526995,0.009560516802594066,0.0008652365650050342,0.005194069002754986,0.009945637080818415,0.000979357457254082
1596,0.16231708973646164,1.5349106788635254,0.019731256179511547,0.032081520184874535,0.0008951179916039109,0.019135077949613333,0.03942941688001156,0.0009872917726170272,0.01899025682359934,0.030016734264791012,0.001050413935445249
1597,0.23750905692577362,0.8570249676704407,0.0408830214291811,0.017315874807536602,0.0009885314502753317,0.03925224579870701,0.08183838054537773,0.0010937419719994068,0.03906760737299919,0.01590380258858204,0.0011658287839964032
1598,0.1773337796330452,1.2879791259765625,0.027721885591745377,0.03265941422432661,0.0009201983048114926,0.025464500300586224,0.03027769736945629,0.0010115729528479278,0.025108641013503075,0.03309715632349253,0.0010727191111072898
1599,0.10820167884230614,1.6982569694519043,0.018144753761589527,0.015128307975828648,0.000799046887550503,0.017335538752377033,0.02281879587098956,0.0009457234409637749,0.01695647044107318,0.01503993896767497,0.0010330992517992854
1600,0.11104152351617813,1.3346037864685059,0.01917703077197075,0.01703186286613345,0.0009574490250088274,0.018380885012447834,0.017607067245990038,0.0010639703541528434,0.018112991470843554,0.017580995801836252,0.0011292747221887112
1601,0.07625747844576836,0.613642156124115,0.0105531788431108,0.015402295626699924,0.0008370281138923019,0.01012496929615736,0.013197452761232853,0.0009363340795971453,0.010025515221059322,0.014177312608808279,0.0010033908183686435
1602,0.10678734630346298,0.6306192874908447,0.017669863533228636,0.01767660304903984,0.0008485924045089632,0.017111973837018013,0.01638138573616743,0.0009812152129597962,0.01693147886544466,0.018114101141691208,0.0010721324943006039
1603,0.1301523596048355,3.239438056945801,0.016597685404121876,0.025282008573412895,0.0009041684097610414,0.016587693244218826,0.026651816442608833,0.0009905684273689985,0.016677016858011484,0.025409668684005737,0.0010517359187360853
1604,0.19370053708553314,3.908992052078247,0.03076145751401782,0.03523049037903547,0.0009830501221586019,0.02764737233519554,0.03362807258963585,0.0011179621797055006,0.028774538077414036,0.03437160886824131,0.001185990055091679
1605,0.15769369900226593,1.1379985809326172,0.025219369679689407,0.0317164221778512,0.0010070116259157658,0.022648105397820473,0.029061743058264256,0.0010865567019209266,0.022690268233418465,0.02313021384179592,0.0011340013006702065
1606,0.1315636932849884,0.9261360168457031,0.015199671499431133,0.027856163680553436,0.0009747741569299251,0.014713883399963379,0.02951303217560053,0.0010459167533554137,0.01465366268530488,0.026501324027776718,0.0011052669724449515
1607,0.17046824842691422,2.0108602046966553,0.03120228322222829,0.025005215778946877,0.0009174021834041923,0.027662765700370073,0.03305363515391946,0.001034501037793234,0.026904841884970665,0.023580399807542562,0.001107207965105772
1608,0.26545003056526184,2.7744033336639404,0.04559658467769623,0.04933802969753742,0.0009879295248538256,0.040896663442254066,0.04854094423353672,0.001098072505556047,0.03988239727914333,0.0379444370046258,0.0011649630032479763
1609,0.12419847398996353,1.6078461408615112,0.02010183921083808,0.021311343647539616,0.001056117471307516,0.01942798588424921,0.020606674253940582,0.001163905137218535,0.019173933658748865,0.02012720238417387,0.0012294688494876027
1610,0.11520127207040787,1.3779081106185913,0.02396530658006668,0.013706561643630266,0.0008288499084301293,0.023765570018440485,0.012902606278657913,0.0009335672075394541,0.02372243208810687,0.014369317796081305,0.0010070607531815767
1611,0.10813602805137634,2.0636491775512695,0.02109636226668954,0.015836871694773436,0.0007797798316460103,0.018978304229676723,0.016235852614045143,0.0008858819201122969,0.018112378660589457,0.015252263750880957,0.0009583316277712584
1612,0.11266464740037918,0.8031914234161377,0.012021156959235668,0.02496546320617199,0.0009693484753370285,0.011757873930037022,0.024693984538316727,0.001064010662958026,0.011742602568119764,0.02432821225374937,0.0011219939915463328
1613,0.11291157826781273,0.8602364659309387,0.01746150990948081,0.015002491883933544,0.0008164626196958125,0.016931329388171434,0.021696623414754868,0.0009517187718302011,0.016753156669437885,0.02226947247982025,0.0010288225021213293
1614,0.13610771298408508,1.1632823944091797,0.01615762198343873,0.03134220466017723,0.001018589420709759,0.015119718853384256,0.027902516536414623,0.0010885639348998666,0.015039167366921902,0.027296990156173706,0.0011423378018662333
1615,0.1698349043726921,1.4268152713775635,0.02961765369400382,0.02409197762608528,0.0010116342455148697,0.026547189569100738,0.024431099649518728,0.0011481833644211292,0.026819184189662337,0.03494707867503166,0.0012209027772769332
1616,0.08849439024925232,0.34379756450653076,0.010000674054026604,0.018568163737654686,0.0009647824917919934,0.009464425034821033,0.01844520214945078,0.001063257281202823,0.009321488440036774,0.019526153802871704,0.0011402415111660957
1617,0.1075008288025856,0.5764924883842468,0.013378057163208723,0.022923904471099377,0.0008749787230044603,0.012836458627134562,0.020985682494938374,0.0009573570278007537,0.01270513329654932,0.02182236732915044,0.0010168937733396888
1618,0.10853985324501991,2.602008581161499,0.021340483333915472,0.016510677523911,0.0008197965507861227,0.018706048373132944,0.01680334098637104,0.0009220548963639885,0.017743469215929508,0.014698316343128681,0.000995668233372271
1619,0.12867522612214088,0.9811180233955383,0.02331999596208334,0.020842776633799076,0.0009557637094985694,0.02119716303423047,0.01958442386239767,0.00105990469455719,0.020837013609707355,0.019752567633986473,0.0011256210273131728
1620,0.10873488336801529,1.4877055883407593,0.017492486629635096,0.014268174301832914,0.0007991924649104476,0.01664821757003665,0.02079673297703266,0.0009391324711032212,0.016328889410942793,0.020440776832401752,0.0010212842025794089
1621,0.1931530237197876,1.3042160272598267,0.023639611899852753,0.04011481627821922,0.0010308452765457332,0.022952741011977196,0.04254129156470299,0.0010928678093478084,0.02281815465539694,0.037825495935976505,0.001137196202762425
1622,0.12044604867696762,0.49515554308891296,0.017622254323214293,0.02510862611234188,0.0009158775210380554,0.01691580330953002,0.02411279734224081,0.0010500509524717927,0.0166022009216249,0.016992465127259493,0.0011259716702625155
1623,0.09387796372175217,2.301006555557251,0.011307186912745237,0.020016897469758987,0.0008310900593642145,0.011062792502343655,0.016413696575909853,0.0009183720394503325,0.011137706227600574,0.02120996220037341,0.000980260781943798
1624,0.13105640187859535,1.201654314994812,0.01572197349742055,0.02848601806908846,0.0009653157030697912,0.014919809997081757,0.028603588230907917,0.0010401613544672728,0.01476657809689641,0.025454086251556873,0.0010988680296577513
1625,0.1673024445772171,3.4637553691864014,0.02772604301571846,0.030620072968304157,0.000990144966635853,0.02581572998315096,0.028149538673460484,0.0010675531812012196,0.02513434737920761,0.026684517040848732,0.0011144915770273656
1626,0.12486076727509499,1.2718873023986816,0.013976297806948423,0.029000302776694298,0.0009318216471001506,0.013723861891776323,0.024528865702450275,0.0010201871627941728,0.013741549104452133,0.026850251015275717,0.0010876368614844978
1627,0.12242237105965614,2.501208782196045,0.017495999578386545,0.027827263809740543,0.0008778853807598352,0.015574737917631865,0.02485077828168869,0.0009522050386294723,0.014405169989913702,0.019435422495007515,0.001002902747131884
1628,0.19983530789613724,0.7385104298591614,0.028638574294745922,0.034796519204974174,0.0010642821434885263,0.028014839626848698,0.03826054837554693,0.001140815846156329,0.02791580930352211,0.038813899271190166,0.0011900245444849133
1629,0.07342427223920822,1.2549341917037964,0.009139353409409523,0.01572971511632204,0.0008086836896836758,0.008786290418356657,0.014568574726581573,0.0009196120663546026,0.008757600095123053,0.013716213870793581,0.0009982305928133428
1630,0.1921427845954895,1.2910491228103638,0.02360740676522255,0.03880121558904648,0.0010281064896844327,0.023039093241095543,0.04266303591430187,0.0010921924840658903,0.022929667495191097,0.03784218989312649,0.0011398778879083693
1631,0.11838757991790771,0.4859110414981842,0.017562883906066418,0.024180760607123375,0.0008434159390162677,0.016893944703042507,0.02218984067440033,0.000979606295004487,0.01665334263816476,0.018015778623521328,0.0010680057457648218
1632,0.20771053433418274,3.005070686340332,0.04319346323609352,0.02669572550803423,0.0009621366043575108,0.038554838858544827,0.03455722704529762,0.0010786765487864614,0.03734373860061169,0.024168903939425945,0.0011558157275430858
1633,0.16389555856585503,1.0686074495315552,0.018848153296858072,0.031902896240353584,0.0009737114887684584,0.018253460992127657,0.03621813282370567,0.0010410347022116184,0.01813426660373807,0.037433380261063576,0.0010905233211815357
1634,0.254712849855423,0.6414814591407776,0.029211197514086962,0.017989862710237503,0.0010080735082738101,0.028986241668462753,0.07521890755742788,0.0010955574689432979,0.029020951129496098,0.07102156057953835,0.0011604970204643905
1635,0.16145764291286469,0.45539674162864685,0.02418289054185152,0.028597824275493622,0.0010765554616227746,0.02326376736164093,0.029898831620812416,0.0011560588609427214,0.02304915525019169,0.029029222205281258,0.0012033402454108
1636,0.07132889050990343,0.8072778582572937,0.008388766669668257,0.01769602973945439,0.0007177544175647199,0.00800665223505348,0.013510986231267452,0.0008495406364090741,0.008041203836910427,0.013176191598176956,0.0009417663677595556
1637,0.12562654167413712,1.1823512315750122,0.014112233649939299,0.028230339288711548,0.0010589172597974539,0.013677037786692381,0.028316945768892765,0.0011449974263086915,0.01366089703515172,0.024221006780862808,0.001204164873342961
1638,0.1222224310040474,1.247758388519287,0.014790696557611227,0.026420293375849724,0.000970496388617903,0.014214493799954653,0.02628975361585617,0.0010427317465655506,0.01412108400836587,0.023277873639017344,0.0010950083378702402
1639,0.07627743482589722,1.5278700590133667,0.01033288985490799,0.01580335618928075,0.0008489015453960747,0.00995206693187356,0.01296834135428071,0.0009461985900998116,0.009913156041875482,0.014502207282930613,0.001010312931612134
1640,0.14039980247616768,1.4003045558929443,0.021695338189601898,0.029433599673211575,0.0009219709318131208,0.020216752076521516,0.02812127210199833,0.001016512862406671,0.020310399355366826,0.017608705908060074,0.001075253589078784
1641,0.23021067306399345,0.38513287901878357,0.026965232100337744,0.06698534358292818,0.0009571701230015606,0.026526072528213263,0.012690478935837746,0.001061076414771378,0.026358816772699356,0.06753538176417351,0.0011311103007756174
1642,0.16288045793771744,3.2311244010925293,0.027331192046403885,0.029563939198851585,0.0009247148700524122,0.02443155273795128,0.026365633122622967,0.001005433325190097,0.02362299431115389,0.028567147441208363,0.0010678560356609523
1643,0.13812261819839478,4.183770656585693,0.026794010773301125,0.020777187310159206,0.0008504169527441263,0.022885434329509735,0.021958554163575172,0.000936101860133931,0.021583858877420425,0.021343514323234558,0.000993544643279165
1644,0.1154726892709732,1.571864128112793,0.021046846639364958,0.019155725836753845,0.0008608743664808571,0.018718887120485306,0.016950733959674835,0.000967115251114592,0.01817009225487709,0.018547089770436287,0.001055325847119093
1645,0.3209465369582176,2.515167474746704,0.03782536368817091,0.08573004230856895,0.0010498001356609166,0.03738468326628208,0.09056372009217739,0.001129249925725162,0.037273094058036804,0.028806055430322886,0.0011845172266475856
1646,0.07805197313427925,0.3226657211780548,0.009199645835906267,0.015727592632174492,0.0008597562555223703,0.008755774702876806,0.015708053018897772,0.0009640471544116735,0.008688798174262047,0.017104540020227432,0.0010437667951919138
1647,0.2153233289718628,1.556903600692749,0.03907126188278198,0.0338856466114521,0.00095811189385131,0.035949261859059334,0.02516043372452259,0.0011073347413912416,0.035356502048671246,0.042643061839044094,0.0011917015654034913
1648,0.16966930031776428,0.8356946110725403,0.01996511360630393,0.03683334309607744,0.0009397789253853261,0.019397813826799393,0.03535920521244407,0.0010182793776039034,0.0192740298807621,0.0358088705688715,0.0010728748166002333
1649,0.11335118114948273,1.674893856048584,0.013813578058034182,0.021770882420241833,0.0009508132643532008,0.013473990838974714,0.022301459219306707,0.0010399347520433366,0.01344567397609353,0.02545415423810482,0.0011006917338818312
1650,0.16111396998167038,2.530942440032959,0.027198407449759543,0.020474292803555727,0.0008356368343811482,0.024584707338362932,0.030092329485341907,0.0010016282903961837,0.025712691247463226,0.03011420532129705,0.001100083056371659
1651,0.08482210710644722,3.8933026790618896,0.01117137260735035,0.018164421897381544,0.0008732388669159263,0.010459611658006907,0.014308097306638956,0.0009593871072866023,0.010545711498707533,0.017322303261607885,0.0010179626988247037
1652,0.11713597550988197,2.2531816959381104,0.02001548046246171,0.021943683736026287,0.0008812255982775241,0.017757244873791933,0.01921237912029028,0.0009878651762846857,0.017336424440145493,0.017928401939570904,0.0010732687660492957
1653,0.05464538745582104,1.5242141485214233,0.007632474531419575,0.009758951142430305,0.0006992275593802333,0.007518515107221901,0.009886799613013864,0.0008362032240256667,0.007591066532768309,0.009796104626730084,0.0009260436054319143
1654,0.1808691844344139,0.7084459662437439,0.032000030390918255,0.026572315022349358,0.0010564627009443939,0.02837977558374405,0.038022104650735855,0.0011592882219702005,0.027947152499109507,0.024510232731699944,0.0012218183255754411
1655,0.08469567820429802,1.0512951612472534,0.01120214955881238,0.017178555484861135,0.0008192150853574276,0.010885571595281363,0.013776163570582867,0.0009327914449386299,0.010818622075021267,0.01806568168103695,0.0010169263114221394
1656,0.061949530616402626,0.9712647199630737,0.007644974160939455,0.013826086651533842,0.0008486222941428423,0.007071576314046979,0.011733214370906353,0.0009677601628936827,0.006909321760758758,0.011896105483174324,0.0010518687195144594
1657,0.21205008029937744,1.6921470165252686,0.03820917848497629,0.03438867721706629,0.0009583425999153405,0.03534252196550369,0.024913087487220764,0.0011039191158488393,0.034776296466588974,0.0411716029047966,0.0011864644475281239
1658,0.14404387772083282,1.6792466640472412,0.017583507113158703,0.035583644174039364,0.000884234206750989,0.014905371703207493,0.03174014389514923,0.0009612456778995693,0.015455409418791533,0.025920591317117214,0.0010097346385009587
1659,0.13911456614732742,0.5142284035682678,0.017377160489559174,0.03320914786309004,0.000977203919319436,0.016774713061749935,0.02597004733979702,0.0010427956003695726,0.016670086421072483,0.02600579522550106,0.0010876200394704938
1660,0.1680130809545517,1.1567676067352295,0.019001402892172337,0.03600817359983921,0.0010608044685795903,0.018465401604771614,0.0351213663816452,0.0011181525187566876,0.018361007794737816,0.037715889513492584,0.0011608777567744255
1661,0.07038410194218159,1.4281103610992432,0.009064769372344017,0.014138718601316214,0.000817830441519618,0.00879641156643629,0.013382890727370977,0.0009145018993876874,0.008836951106786728,0.013443351723253727,0.0009886776097118855
1662,0.11345749348402023,0.9419927000999451,0.014948179479688406,0.021999426186084747,0.0009628946427255869,0.014674718026071787,0.02252842392772436,0.0010426564840599895,0.014662135858088732,0.02153924759477377,0.0010998136713169515
1663,0.07685350626707077,1.2879074811935425,0.00900753540918231,0.01638128887861967,0.0009078229195438325,0.008650949690490961,0.01598034705966711,0.0009962415788322687,0.008637748658657074,0.015231797471642494,0.001059775531757623
1664,0.09788521379232407,0.5411219596862793,0.012732507660984993,0.019288500770926476,0.0010075176251120865,0.011900319717824459,0.021067071706056595,0.0010973411845043302,0.01174415834248066,0.01789079699665308,0.0011570000206120312
1665,0.084495410323143,0.38221102952957153,0.010073399636894464,0.017522886395454407,0.0009176117309834808,0.009659516625106335,0.01750801783055067,0.0010293293162249029,0.009567714296281338,0.017111705616116524,0.0011052313493564725
1666,0.20143835246562958,3.9860548973083496,0.025553622283041477,0.047682562842965126,0.0009381522540934384,0.023175654001533985,0.04368392005562782,0.000998376403003931,0.02209228277206421,0.03627488762140274,0.0010389031958766282
1667,0.19728977233171463,1.5401380062103271,0.031995310448110104,0.034965545404702425,0.0009371105115860701,0.03174103517085314,0.03441360127180815,0.0010191714682150632,0.031807211227715015,0.029336320236325264,0.0010744738392531872
1668,0.08264204114675522,2.1701042652130127,0.009428995195776224,0.018411101773381233,0.0009394871303811669,0.009101614356040955,0.01708200853317976,0.0010381062456872314,0.00906151719391346,0.01647385209798813,0.001105358882341534
1669,0.12915048748254776,0.6362920999526978,0.015452130232006311,0.026696577668190002,0.0009646572289057076,0.01512041175737977,0.026442017871886492,0.0010460569756105542,0.01510917441919446,0.02721202839165926,0.001107430027332157
1670,0.10843200236558914,3.352863073348999,0.015100964810699224,0.026690170634537935,0.0008061558473855257,0.012635137420147657,0.018510944209992886,0.0008891870675142854,0.011569796595722437,0.021281981375068426,0.000947666383581236
1671,0.07133530080318451,1.3802179098129272,0.009386307559907436,0.013717546127736568,0.0008805590914562345,0.009186186362057924,0.013246887363493443,0.0009903954924084246,0.009226953377947211,0.013639142736792564,0.0010613207123242319
1672,0.1454666629433632,4.0483269691467285,0.024881153367459774,0.02294003125280142,0.0009884003375191242,0.02233253326267004,0.025919707491993904,0.001071139267878607,0.021051539573818445,0.025161567144095898,0.001120585948228836
1673,0.12599849700927734,0.7878269553184509,0.014864360447973013,0.02661200240254402,0.0009577712626196444,0.014504276681691408,0.0259260181337595,0.0010377535363659263,0.01438562897965312,0.0266169891692698,0.0010937012266367674
1674,0.15048163384199142,0.436519593000412,0.029674259014427662,0.01944158924743533,0.0008250050013884902,0.02916959673166275,0.019646508153527975,0.0009631594293750823,0.02900733705610037,0.020706133916974068,0.0010480490745976567
1675,0.09998957812786102,1.8078818321228027,0.011084854137152433,0.019481992349028587,0.0009264767286367714,0.010668010450899601,0.022492161951959133,0.0010021120542660356,0.010589558631181717,0.0226849764585495,0.0010594370542094111
1676,0.17751546949148178,1.340856909751892,0.03219962865114212,0.020959075540304184,0.000995138194411993,0.030398554168641567,0.030626995489001274,0.0011052624904550612,0.029998747631907463,0.030059649609029293,0.0011724093928933144
1677,0.15211867913603783,1.512374758720398,0.02511269459500909,0.029433761723339558,0.0009375983790960163,0.022761009633541107,0.02135742362588644,0.0010264208540320396,0.022456310223788023,0.027949871495366096,0.0010835868888534606
1678,0.11436795443296432,0.8622925877571106,0.02145814406685531,0.01756939571350813,0.0008863032562658191,0.019649920985102654,0.01623522536829114,0.0010063470108434558,0.019392608432099223,0.017084984108805656,0.0010850252583622932
1679,0.16120583564043045,1.771294355392456,0.0333116352558136,0.028570622205734253,0.0008633016841486096,0.029491405934095383,0.01924969907850027,0.0009725010604597628,0.0283701429143548,0.01932956837117672,0.0010469600092619658
1680,0.13222114741802216,2.8411872386932373,0.02910586167126894,0.015146886929869652,0.0010484405793249607,0.028258595149964094,0.014437924604862928,0.001132091914769262,0.02831088239327073,0.013588068075478077,0.001192403316963464
1681,0.07768098637461662,0.4305049777030945,0.010875167325139046,0.013753167353570461,0.0008074878714978695,0.01061349781230092,0.014157804660499096,0.0009251883020624518,0.01060556760057807,0.014939769171178341,0.0010033349972218275
1682,0.09883438050746918,0.8690005540847778,0.01071552885696292,0.019228662364184856,0.000922435603570193,0.010361868888139725,0.02239707112312317,0.0010039547341875732,0.010425516171380877,0.022711404599249363,0.0010679383995011449
1683,0.1051541194319725,0.4998505115509033,0.017018473707139492,0.02132578380405903,0.0008443126571364701,0.016358940862119198,0.015765798278152943,0.0009789177565835416,0.016170634422451258,0.01563655911013484,0.001054706983268261
1684,0.24240892380475998,1.1941450834274292,0.028748705983161926,0.05608469992876053,0.0010049119591712952,0.027825888246297836,0.04970034956932068,0.0010628881864249706,0.027572408318519592,0.04930663853883743,0.0011024443083442748
1685,0.06821337155997753,1.0732754468917847,0.008247689809650183,0.013959983829408884,0.0008415144984610379,0.007933296030387282,0.013774088118225336,0.0009336921793874353,0.007891902001574636,0.013632367830723524,0.0009988407837226987
1686,0.18833062797784805,0.42264214158058167,0.031739679630845785,0.03194326534867287,0.0010229831677861512,0.029242752585560083,0.030999045819044113,0.0011284645297564566,0.02941299043595791,0.03165382333099842,0.0011876175994984806
1687,0.12618931010365486,0.635325014591217,0.02431375253945589,0.01570052281022072,0.0008068751485552639,0.023364045657217503,0.021484565921127796,0.0009754690108820796,0.022933430038392544,0.01554509298875928,0.0010655583464540541
1688,0.1658642254769802,1.4486618041992188,0.020399800036102533,0.03102127928286791,0.0009362181299366057,0.01984947407618165,0.03599247708916664,0.0010063096997328103,0.019742014352232218,0.03586536878719926,0.0010512816370464861
1689,0.0948391780257225,0.6775550842285156,0.011754366103559732,0.018624349497258663,0.0008433379116468132,0.011148514226078987,0.022085304837673903,0.0009484155161771923,0.01103586656972766,0.01737332157790661,0.0010257046669721603
1690,0.11095110327005386,0.36853885650634766,0.023109737318009138,0.012857429217547178,0.0008422035025432706,0.022915986366569996,0.01366319740191102,0.0009469184442423284,0.022892812732607126,0.012702147476375103,0.00102066935505718
1691,0.08568558096885681,2.5067012310028076,0.0106351631693542,0.017590614035725594,0.0009649465791881084,0.009840883780270815,0.0195181081071496,0.0010376607533544302,0.009710329584777355,0.015292789787054062,0.0010950884316116571
1692,0.11236364394426346,0.7674089074134827,0.019993774127215147,0.0188574381172657,0.0008683664491400123,0.017506300006061792,0.017904154025018215,0.0009733313927426934,0.016714727971702814,0.018490404821932316,0.0010551466257311404
1693,0.13977837562561035,1.9246866703033447,0.02780042588710785,0.021563121117651463,0.0008140754653140903,0.025037575513124466,0.01569912815466523,0.0009565770742483437,0.024076225236058235,0.02277880162000656,0.0010524510289542377
1694,0.08876893669366837,1.4320334196090698,0.010075870901346207,0.019820937886834145,0.0009714424377307296,0.009647429920732975,0.01866660825908184,0.0010744440951384604,0.00956822233274579,0.017798696644604206,0.0011452838080003858
1695,0.07106217369437218,0.4198739528656006,0.009248347952961922,0.013684025965631008,0.0008714888826943934,0.00898301717825234,0.013202994596213102,0.000984774756943807,0.008955003693699837,0.014072286430746317,0.0010602352558635175
1696,0.1623397395014763,1.000523328781128,0.020210745744407177,0.0318159619346261,0.0008644581539556384,0.019575736951082945,0.03426450910046697,0.0009606203238945454,0.01940370025113225,0.03422284033149481,0.0010211690096184611
1697,0.22965740412473679,1.1042438745498657,0.026364252902567387,0.013312006834894419,0.0009214237215928733,0.026125398464500904,0.06675091572105885,0.001018280687276274,0.02611207216978073,0.06796921044588089,0.0010838362504728138
1698,0.10701138898730278,2.8799426555633545,0.016010742634534836,0.02653398457914591,0.0008031878096517175,0.014170274138450623,0.016821774654090405,0.0008973724325187504,0.01340948510915041,0.017404713667929173,0.000959853088716045
1699,0.19659577310085297,1.3307708501815796,0.04005904961377382,0.027297869324684143,0.0011115437373518944,0.03708056919276714,0.02585506346076727,0.0012307587312534451,0.03656267374753952,0.02610245905816555,0.0012957901926711202
1700,0.13752560317516327,0.909084677696228,0.016598595771938562,0.029666587710380554,0.0010289641795679927,0.015615498181432486,0.028388957493007183,0.0011116726673208177,0.015364794991910458,0.028581514954566956,0.0011690196115523577
1701,0.2408738136291504,0.41389724612236023,0.028482168912887573,0.054972052574157715,0.0010051170829683542,0.02756423968821764,0.050089966505765915,0.0010596350766718388,0.027316225692629814,0.04928531311452389,0.0010991004528477788
1702,0.07790503278374672,1.7280770540237427,0.009267078712582588,0.016252785921096802,0.0009170619596261531,0.008933820761740208,0.015618838835507631,0.000999900046736002,0.0088795255869627,0.01597141195088625,0.0010646068840287626
1703,0.11630313843488693,2.028144598007202,0.022085282020270824,0.016129817813634872,0.0008804703829810023,0.021895443089306355,0.014898995868861675,0.000984876009169966,0.021953171119093895,0.01641000062227249,0.0010650859912857413
1704,0.08114458248019218,0.24388983845710754,0.008901125751435757,0.0182331670075655,0.0009914899710565805,0.00845779082737863,0.01713424827903509,0.0010838410235010087,0.008375531295314431,0.016818241216242313,0.0011491460027173162
1705,0.12467728182673454,1.4949617385864258,0.016836943570524454,0.025759725365787745,0.0009410675265826285,0.01601233845576644,0.024200315587222576,0.0010173770424444228,0.015818210784345865,0.02302326774224639,0.0010680342093110085
1706,0.1602259874343872,1.0420197248458862,0.019309564027935266,0.031145672313869,0.0008970464987214655,0.01869171392172575,0.03750838339328766,0.0009851399227045476,0.01855460647493601,0.032085126265883446,0.001048734353389591
1707,0.171269990503788,1.280032992362976,0.025252216961234808,0.012644645292311907,0.0010015474108513445,0.025130524532869458,0.06764284847304225,0.0011135400854982436,0.025206852704286575,0.012081521563231945,0.0011962883872911334
1708,0.15161531418561935,0.33162054419517517,0.027485831640660763,0.023634078446775675,0.000938601151574403,0.026964407414197922,0.02158104395493865,0.001020417723339051,0.026931987144052982,0.021980983670800924,0.0010779668809846044
1709,0.134358748793602,1.4787369966506958,0.023934469558298588,0.0201025465503335,0.000871530850417912,0.023750188294798136,0.01959875412285328,0.0009670564322732389,0.02385555673390627,0.020240778103470802,0.0010378658771514893
1710,0.09883038327097893,0.8364720344543457,0.014284898061305285,0.019610539078712463,0.0008757298055570573,0.012164956890046597,0.018530186731368303,0.0009522007894702256,0.01257383730262518,0.018825882114470005,0.0010121525847353041
1711,0.11311152949929237,0.6945338845252991,0.020872872788459063,0.018157842569053173,0.0008470957982353866,0.01880113361403346,0.017566494643688202,0.000950178480707109,0.018086053431034088,0.01680590584874153,0.0010239482508040965
1712,0.1888360194861889,0.48657816648483276,0.030119220726191998,0.033933669328689575,0.000930014590267092,0.027247619815170765,0.03349951980635524,0.0010505426616873592,0.02737751230597496,0.033561645075678825,0.0011162694136146456
1713,0.2043117806315422,1.9329360723495483,0.04067622311413288,0.028924694284796715,0.0009764204442035407,0.03575522638857365,0.025789352133870125,0.0010972150485031307,0.03479819092899561,0.03512044344097376,0.0011740049230866134
1714,0.06279773265123367,1.3739616870880127,0.007392351981252432,0.013454546919092536,0.0007884363003540784,0.0070937396958470345,0.012505488470196724,0.0009295221825595945,0.007054510526359081,0.012547532562166452,0.001031601510476321
1715,0.20724768191576004,1.1284321546554565,0.039489598013460636,0.027608659118413925,0.0011200807057321072,0.036765349097549915,0.0363112511113286,0.0012379601830616593,0.03640582971274853,0.027005549520254135,0.0013033916475251317
1716,0.12273824959993362,0.27792590856552124,0.023619113955646753,0.017391774337738752,0.0008208969666156918,0.022191330324858427,0.017091664019972086,0.0009391973435413092,0.022019256372004747,0.017650749534368515,0.0010142627870664
1717,0.2118668556213379,0.42752107977867126,0.03730724286288023,0.03602267801761627,0.0009696053748484701,0.03481812961399555,0.031077848747372627,0.0011262258049100637,0.0344880074262619,0.034850647673010826,0.0012064711772836745
1718,0.23883700743317604,2.979170799255371,0.028376379515975714,0.06839312426745892,0.0009937169088516384,0.028267719317227602,0.06843488523736596,0.0010829525999724865,0.028326147235929966,0.013817463535815477,0.0011446280987001956
1719,0.16211016476154327,1.4715481996536255,0.021459919400513172,0.037132423371076584,0.0009752407786436379,0.019667476415634155,0.029786701314151287,0.001031393592711538,0.019208582118153572,0.031785182654857635,0.001063237083144486
1720,0.2599911242723465,1.0384492874145508,0.03977966960519552,0.042262786999344826,0.0010675567900761962,0.03793948795646429,0.0551930945366621,0.0011534499935805798,0.03761041536927223,0.04378189891576767,0.0012027655029669404
1721,0.10175922140479088,0.6437588930130005,0.012028373777866364,0.02150118723511696,0.0009727688156999648,0.01135307177901268,0.01940373331308365,0.0010670458432286978,0.011169733013957739,0.023135018534958363,0.0011282850755378604
1722,0.1942605823278427,4.137438774108887,0.023312428034842014,0.04038248956203461,0.000939351855777204,0.021121003665030003,0.0427937600761652,0.00099741414305754,0.020452184602618217,0.04323221277445555,0.0010297245171386749
1723,0.08899568766355515,0.8597217798233032,0.011006492655724287,0.017498185858130455,0.0008267283265013248,0.01049227174371481,0.01675643678754568,0.0009222921798937023,0.010502442251890898,0.02000308921560645,0.0009877524571493268
1724,0.15859796106815338,0.9526672959327698,0.026815252378582954,0.025047859642654657,0.0009562398190610111,0.026615731418132782,0.024959218222647905,0.001050590188242495,0.026626506820321083,0.025407783687114716,0.0011187822092324495
1725,0.24122899025678635,0.6105291843414307,0.026973554864525795,0.07168876938521862,0.001078029745258391,0.02667580032721162,0.07047310005873442,0.001184921246021986,0.026630989275872707,0.015276297461241484,0.0012475221883505583
1726,0.18428432941436768,1.022436261177063,0.02862741518765688,0.03311663027852774,0.0009356663795188069,0.02669494692236185,0.03553137928247452,0.0010174865601584315,0.02613206021487713,0.031158559024333954,0.0010701872524805367
1727,0.16523850709199905,1.4688187837600708,0.017766649834811687,0.034281511791050434,0.00107661634683609,0.017425192520022392,0.036858636885881424,0.001146351220086217,0.017426179721951485,0.03805848956108093,0.0011988755431957543
1728,0.18478335440158844,2.9021267890930176,0.030481925699859858,0.03365877456963062,0.0009540453320369124,0.029340169858187437,0.02326778369024396,0.0010876989108510315,0.03070903103798628,0.03411360690370202,0.0011703130439855158
1729,0.15179753303527832,1.1535176038742065,0.02017071796581149,0.03317005792632699,0.0008788574486970901,0.019658998120576143,0.027316012885421515,0.0009760874672792852,0.019604330882430077,0.028983072377741337,0.001039405819028616
1730,0.2281632497906685,0.48130807280540466,0.03484332375228405,0.03576267510652542,0.0010980243096128106,0.032643488608300686,0.04288504458963871,0.00118377641774714,0.0329145323485136,0.04559600539505482,0.0012363771675154567
1731,0.16922219470143318,0.43315941095352173,0.026698600267991424,0.02965812268666923,0.0008484338468406349,0.024971263948827982,0.0305500749964267,0.000997164228465408,0.02462002821266651,0.029778555035591125,0.0010999461519531906
1732,0.12225214391946793,0.8394608497619629,0.013946617022156715,0.0287765022367239,0.0010507128899917006,0.013429471291601658,0.02474773395806551,0.0011472271289676428,0.01330110477283597,0.024644325487315655,0.0012084445916116238
1733,0.12474830448627472,0.36680978536605835,0.019010304007679224,0.02471766620874405,0.0009067074861377478,0.01817363454028964,0.018874374218285084,0.0010329060023650527,0.01792581658810377,0.022997942753136158,0.0011089571053162217
1734,0.10470777750015259,0.6324030160903931,0.014528187457472086,0.02094169519841671,0.0008849846781231463,0.01278124051168561,0.01876300387084484,0.0009671223815530539,0.012166400905698538,0.02265485655516386,0.0010202864068560302
1735,0.15650897473096848,1.7067232131958008,0.025502203032374382,0.02624201960861683,0.0009456517291255295,0.02312895469367504,0.028860917314887047,0.0010297808912582695,0.022402665577828884,0.02730689663439989,0.0010898891487158835
1736,0.10669080540537834,1.3381829261779785,0.017690641805529594,0.01692956779152155,0.001020153722492978,0.01729730307124555,0.01687267469242215,0.001137722167186439,0.017489116173237562,0.017040114849805832,0.0012135108117945492
1737,0.1169845275580883,1.3122632503509521,0.019357676152139902,0.021855701692402363,0.0009579746401868761,0.01746850088238716,0.01817107107490301,0.0010694506345316768,0.01702738367021084,0.019936932250857353,0.0011398406350053847
1738,0.1987542361021042,5.210821628570557,0.030368944630026817,0.015985158272087574,0.0010600859532132745,0.030157732777297497,0.015060336329042912,0.0011477310326881707,0.03042892413213849,0.07333958428353071,0.0012057407293468714
1739,0.08419517427682877,1.6911290884017944,0.009346147067844868,0.018785901367664337,0.001010301086353138,0.009028647094964981,0.017014182172715664,0.0011021191021427512,0.009042134508490562,0.017701249569654465,0.0011644939659163356
1740,0.06220421940088272,0.7777729630470276,0.006683141924440861,0.012764329556375742,0.0007376181310974061,0.006532416213303804,0.013265583198517561,0.0008771135471761227,0.006627234979532659,0.013730702688917518,0.0009860820136964321
1741,0.11391395330429077,0.9599945545196533,0.017063593957573175,0.02234047744423151,0.0008645654597785324,0.016603517811745405,0.015634725335985422,0.000995600363239646,0.016501379664987326,0.022835780400782824,0.001074310508556664
1742,0.3146648332476616,1.1994231939315796,0.03682501334697008,0.030274295713752508,0.0010569831356406212,0.036257462576031685,0.08861998841166496,0.0011340058408677578,0.03612877521663904,0.08318006247282028,0.0011882391991093755
1743,0.08043172955513,0.8672248125076294,0.012402478605508804,0.013444503303617239,0.0007969237631186843,0.012149745598435402,0.0141847082413733,0.0009135554719250649,0.01209505321457982,0.01344875805079937,0.0009960017050616443
1744,0.076748076826334,0.37054428458213806,0.009159759618341923,0.016514905728399754,0.0008230005914811045,0.008701165206730366,0.01351494574919343,0.0009357711242046207,0.008623856818303466,0.01745974039658904,0.0010149317095056176
1745,0.09350931644439697,0.8521676063537598,0.011547917034476995,0.020724481903016567,0.0009660384384915233,0.010804877150803804,0.01626752410084009,0.0010386807844042778,0.010780675802379847,0.02027956396341324,0.0010995582561008632
1746,0.10742728784680367,0.5456157326698303,0.01833239197731018,0.017953898292034864,0.0009382189600728452,0.017875375226140022,0.016529173590242863,0.0010403961641713977,0.017790560610592365,0.01586351916193962,0.0011037561926059425
1747,0.13318239897489548,2.2860050201416016,0.018325816374272108,0.03128864988684654,0.0009377290261909366,0.0157979060895741,0.02731169667094946,0.0010015167063102126,0.014977993909269571,0.022494408302009106,0.0010466778185218573
1748,0.14901141077280045,0.6216782331466675,0.019083211664110422,0.03112738812342286,0.0009446698240935802,0.018604588229209185,0.03001609444618225,0.001018292037770152,0.01847849739715457,0.028670288622379303,0.001068388344720006
1749,0.13374361395835876,0.8052204847335815,0.022675589192658663,0.023261122405529022,0.0008833649044390768,0.021180955227464437,0.024138166569173336,0.0009755175560712814,0.020734347868710756,0.01885346509516239,0.0010410828399471939
1750,0.12488683685660362,0.5320502519607544,0.020691385492682457,0.021793710999190807,0.001060929091181606,0.01971304416656494,0.02109814714640379,0.0011412761523388326,0.01952024083584547,0.018667866475880146,0.001200235914438963
1751,0.12765447422862053,1.5772079229354858,0.015245040878653526,0.02613278105854988,0.0009654604364186525,0.014506398234516382,0.025552377104759216,0.0010428201640024781,0.014326015952974558,0.028780410066246986,0.0011031732428818941
1752,0.11993812397122383,0.6963035464286804,0.01820447389036417,0.021062265150249004,0.0008343876106664538,0.01765749277547002,0.02179828891530633,0.0009647092665545642,0.01744638429954648,0.020928621292114258,0.0010415022843517363
1753,0.09213090687990189,0.8147426843643188,0.011586762499064207,0.019220410846173763,0.0008901245892047882,0.011123360134661198,0.01822867337614298,0.0009855478710960597,0.011084804777055979,0.017954561859369278,0.0010566545533947647
1754,0.11393436789512634,0.4321520924568176,0.014828273095190525,0.021422828547656536,0.0008953062351793051,0.014507886487990618,0.025421931874006987,0.000997303519397974,0.014470795635133982,0.02031642012298107,0.0010736180120147765
1755,0.18543560802936554,0.7045496106147766,0.035273756831884384,0.027039343491196632,0.0008693776908330619,0.03393492475152016,0.02593474742025137,0.0009786236623767763,0.03383312374353409,0.026523609645664692,0.0010480987839400768
1756,0.07841886579990387,0.4826131761074066,0.011780473869293928,0.013138119131326675,0.0007872700225561857,0.011515847407281399,0.013926906511187553,0.000899587117601186,0.011448483914136887,0.013946011662483215,0.0009761672699823976
1757,0.1224924586713314,0.6040409207344055,0.02135186130180955,0.021037140861153603,0.0010407001827843487,0.020174039993435144,0.018293519504368305,0.0011299485922791064,0.019961514975875616,0.0183142377063632,0.0011894897324964404
1758,0.07295285910367966,0.5665368437767029,0.010032701771706343,0.014119117986410856,0.0008346650865860283,0.009579280391335487,0.013418870978057384,0.0009329775930382311,0.009432046674191952,0.013606410939246416,0.0009967871010303497
1759,0.18325688689947128,1.8585127592086792,0.02129558240994811,0.038455527275800705,0.0009399084374308586,0.020484231412410736,0.041191442869603634,0.0010073822049889714,0.02024831948801875,0.03857516776770353,0.0010593314655125141
1760,0.3180161267518997,0.6838472485542297,0.03640927467495203,0.034227227326482534,0.0010488331317901611,0.035951982252299786,0.0834614746272564,0.0011214670957997441,0.035856625996530056,0.08876454457640648,0.0011747057433240116
1761,0.10706403106451035,0.9370791912078857,0.012853231281042099,0.021402854472398758,0.0009471470839343965,0.01243723533116281,0.024203664157539606,0.0010301348811481148,0.012359328102320433,0.020743169356137514,0.0010872683487832546
1762,0.1135766226798296,1.1094563007354736,0.012180810095742345,0.02478670049458742,0.0009826675523072481,0.011934014270082116,0.02435829071328044,0.001081595430150628,0.01194543344900012,0.025163753423839808,0.0011433589970692992
1763,0.11746738851070404,1.3190357685089111,0.014369308948516846,0.027890527620911598,0.0008384486136492342,0.012201176024973392,0.023565365932881832,0.0009280656813643873,0.011806976050138474,0.024885226041078568,0.0009822927822824568
1764,0.2025240808725357,0.6650546193122864,0.023961390368640423,0.040964217856526375,0.0010226028971374035,0.02289411425590515,0.04637151397764683,0.001068223500624299,0.022587968967854977,0.04255343321710825,0.0011006163549609482
1765,0.18946923315525055,1.337532877922058,0.02797048632055521,0.033556701615452766,0.0010559748043306172,0.026997314766049385,0.03764444496482611,0.0011328589171171188,0.026712832041084766,0.03322011511772871,0.0011785021633841097
1766,0.10763642191886902,0.9713436961174011,0.022870147600769997,0.011870279908180237,0.0007879807671997696,0.022769888397306204,0.011867251247167587,0.0009123858180828393,0.022834637202322483,0.012731119990348816,0.0009927285427693278
1767,0.10354337468743324,0.9795346856117249,0.017328575486317277,0.01622477686032653,0.0010039845656137913,0.016869121231138706,0.01697607897222042,0.0011249398812651634,0.016780658392235637,0.016036135144531727,0.001199103833641857
1768,0.12833064794540405,0.6313105821609497,0.020451283548027277,0.02424570918083191,0.0010047691175714135,0.019908627960830927,0.020141152665019035,0.0010981032974086702,0.01981366192921996,0.02050829865038395,0.0011590400827117264
1769,0.11176875233650208,1.1683847904205322,0.017880985978990793,0.015797784086316824,0.0008311972487717867,0.017267101909965277,0.01935966545715928,0.0009586368105374277,0.01703536929562688,0.021607339847832918,0.0010306721087545156
1770,0.14058807492256165,1.0340436697006226,0.03171277232468128,0.01635473221540451,0.0008319088665302843,0.030013403855264187,0.014795051887631416,0.000942393351579085,0.0294753173366189,0.015439653303474188,0.0010228455066680908
1771,0.08764273300766945,0.4574125409126282,0.009704821277409792,0.01750661665573716,0.0008480442047584802,0.009398641530424356,0.02000649180263281,0.0009617932082619518,0.009392488282173872,0.018773823976516724,0.001050015038345009
1772,0.1325816661119461,0.8733386993408203,0.022579850163310766,0.01954497303813696,0.0008826586126815528,0.021108555141836405,0.017394859809428453,0.0009837765828706324,0.02097046049311757,0.028067425824701786,0.0010491019929759204
1773,0.09999983757734299,2.656761407852173,0.015424617566168308,0.01848742552101612,0.00080084428191185,0.013304874766618013,0.021844503469765186,0.0008965691376943141,0.012262169271707535,0.016021618619561195,0.0009572140988893807
1774,0.21321571618318558,1.6051231622695923,0.03682086057960987,0.07211438193917274,0.0009756538202054799,0.03494737017899752,0.015791691839694977,0.0010782640310935676,0.0345857348293066,0.015754185616970062,0.0011475744540803134
1775,0.11718001961708069,1.6633352041244507,0.013858824502676725,0.026444530114531517,0.0009487149654887617,0.01302166748791933,0.02207699976861477,0.001022100681439042,0.013017101678997278,0.02571621909737587,0.0010738617274910212
1776,0.1434541642665863,0.5523481369018555,0.02324335277080536,0.030435373075306416,0.0009985491051338613,0.020941664464771748,0.020786150358617306,0.0010802577016875148,0.02059433702379465,0.024252375587821007,0.0011221046734135598
1777,0.18060503154993057,1.0141546726226807,0.030230706091970205,0.03396777808666229,0.0009862651641014963,0.028360812459141016,0.03252424672245979,0.0010978704667650163,0.027867154218256474,0.024407578632235527,0.001162612868938595
1778,0.09673123061656952,0.8529035449028015,0.016866106539964676,0.014945708680897951,0.0008392156451009214,0.01625130232423544,0.014876739587634802,0.0009736275824252516,0.016032044775784016,0.014886328019201756,0.0010601597605273128
1779,0.35056474804878235,1.280212640762329,0.04763229005038738,0.031865112483501434,0.0011137704132124782,0.04588034562766552,0.08779477141797543,0.001217031036503613,0.04541141167283058,0.08836319297552109,0.001286820333916694
1780,0.11931568756699562,0.6343297362327576,0.0263134753331542,0.012832856271415949,0.000926000764593482,0.026118747424334288,0.012102020438760519,0.0010262209689244628,0.02614558394998312,0.012753954157233238,0.0010968294809572399
1781,0.07125864550471306,2.9916131496429443,0.009285608073696494,0.014089096803218126,0.0008842068782541901,0.00915897754020989,0.013949401210993528,0.000995862705167383,0.009238052181899548,0.012592060025781393,0.001065378193743527
1782,0.1307259565219283,1.250176191329956,0.01602363132406026,0.02667865250259638,0.0007767904899083078,0.01556512073148042,0.024364106124266982,0.0008914472418837249,0.015488847508095205,0.029967621434479952,0.0009697357600089163
1783,0.12081200256943703,0.30598241090774536,0.013531554490327835,0.025100762024521828,0.0009792631026357412,0.013106317725032568,0.02803377155214548,0.0010637211380526423,0.013022076338529587,0.02484746929258108,0.001127067138440907
1784,0.10923358052968979,0.37671002745628357,0.01281379023566842,0.02332406770437956,0.0010015006992034614,0.012401746585965157,0.02321354765444994,0.0010723709128797054,0.012354375328868628,0.02192544750869274,0.0011267359368503094
1785,0.07482264190912247,1.3167662620544434,0.008730786852538586,0.016179854050278664,0.0009135532891377807,0.00854718522168696,0.014835942536592484,0.0009977903682738543,0.008588360855355859,0.014969873707741499,0.0010592974722385406
1786,0.09968095272779465,0.5625569820404053,0.01640299055725336,0.014226618688553572,0.0007716732216067612,0.01583576388657093,0.02046586712822318,0.0009044543839991093,0.01563769532367587,0.014442379120737314,0.0009935060807038099
1787,0.10852067172527313,0.5966605544090271,0.016810156404972076,0.021169676445424557,0.0008377867634408176,0.01615252485498786,0.02084835572168231,0.0009695052285678685,0.015950461849570274,0.014729074202477932,0.0010531327570788562
1788,0.13007554784417152,0.6163148880004883,0.02247977489605546,0.017709794454276562,0.0008475237700622529,0.02102491818368435,0.026998473796993494,0.0009631130960769951,0.020895274821668863,0.01811701012775302,0.0010396658326499164
1789,0.11009323969483376,0.8208242058753967,0.018913034349679947,0.017444084398448467,0.0009869306813925505,0.018303257413208485,0.01689553866162896,0.0010894752340391278,0.01814838731661439,0.01715672854334116,0.0011557989055290818
1790,0.07474478334188461,0.5101163983345032,0.010441362857818604,0.014237599447369576,0.0008044201822485775,0.01009148359298706,0.013571223244071007,0.0009182548092212528,0.010028775315731764,0.013652240857481956,0.000999423034954816
1791,0.10909555107355118,1.1005836725234985,0.016714022029191256,0.018300753086805344,0.0008052790944930166,0.01612521195784211,0.021160750649869442,0.0009480308508500457,0.01598878437653184,0.01802077144384384,0.0010319443535991013
1792,0.1266012042760849,0.6241320967674255,0.013423780910670757,0.0272048506885767,0.000984576967312023,0.013037335127592087,0.02826901525259018,0.0010679456172510982,0.013005483895540237,0.0284759309142828,0.001132287026848644
1793,0.05376947671175003,0.9867706894874573,0.006165801547467709,0.01105794869363308,0.0007454000879079103,0.005994621082209051,0.010652478318661451,0.0008697164303157479,0.006040219450369477,0.011285234009847045,0.0009580586920492351
1794,0.05724373087286949,0.466471403837204,0.006382968509569764,0.012902133632451296,0.0006648212147410959,0.006146193016320467,0.010199652519077063,0.000814558588899672,0.00616118311882019,0.013059662189334631,0.0009125600918196142
1795,0.07061797752976418,1.9937341213226318,0.008852427825331688,0.014917993452399969,0.0008575374376960099,0.008558329194784164,0.014011362567543983,0.0009492080425843596,0.008519061375409365,0.012935430742800236,0.0010166256106458604
1796,0.14777279645204544,0.8673442602157593,0.022199627477675676,0.03086101356893778,0.0008905289287213236,0.020670751109719276,0.030132575891911983,0.0009932700777426362,0.02052347268909216,0.0204335181042552,0.0010680307750590146
1797,0.12698213011026382,0.6922611594200134,0.02062795963138342,0.020435486920177937,0.000994435977190733,0.019957483746111393,0.019470605067908764,0.0010887751122936606,0.019885735120624304,0.023369277827441692,0.0011523680877871811
1798,0.1550295166671276,0.8823785185813904,0.019832924474030733,0.03394494950771332,0.000861535721924156,0.019104063976556063,0.033069937489926815,0.0009535799326840788,0.018864808604121208,0.027383584529161453,0.0010141304519493133
1799,0.20157567411661148,0.8774199485778809,0.022571171633899212,0.04536494053900242,0.0010259799310006201,0.021694199182093143,0.0457637794315815,0.0010840770555660129,0.021461866796016693,0.04148246254771948,0.001127194904256612
1800,0.23769817501306534,1.6618849039077759,0.04245861433446407,0.03798224776983261,0.0010066730610560626,0.03891072981059551,0.03790142573416233,0.0011447534780018032,0.040308911353349686,0.03677128814160824,0.0012135320575907826
1801,0.15450214594602585,0.5730235576629639,0.01797683909535408,0.03280614549294114,0.0009146011434495449,0.017176174325868487,0.033008026890456676,0.000988747546216473,0.016920699970796704,0.03367322729900479,0.001037679787259549
1802,0.11450466886162758,0.601421058177948,0.013319388031959534,0.02290675137192011,0.0009255912736989558,0.012856067158281803,0.02502705669030547,0.0010196163784712553,0.012745635118335485,0.024616442620754242,0.0010881199850700796
1803,0.060132455080747604,1.5540729761123657,0.007254061056300998,0.01315137417986989,0.0006752752524334937,0.007145060924813151,0.012359070591628551,0.000821865804027766,0.007236156612634659,0.010558509035035968,0.0009310802561230958
1804,0.1251009702682495,0.6882116198539734,0.028347825165838003,0.012172534130513668,0.0009135050349868834,0.02814200008288026,0.012560563161969185,0.0010266915196552873,0.028083444572985172,0.01274463627487421,0.001109773467760533
1805,0.21497617661952972,2.0518226623535156,0.04301735199987888,0.03164166212081909,0.0009739538072608411,0.04128303937613964,0.032024347223341465,0.0010894526785705239,0.040895119309425354,0.02289457619190216,0.0011566601460799575
1806,0.18684426695108414,2.5266027450561523,0.02825421839952469,0.037300821393728256,0.0009608510881662369,0.02680259384214878,0.035544103011488914,0.0010333533864468336,0.026494222693145275,0.02937538828700781,0.00107870833016932
1807,0.09668366611003876,0.4063762128353119,0.017871538642793894,0.014418821781873703,0.0007682557043153793,0.017328979913145304,0.013804191257804632,0.0009171799756586552,0.017137625720351934,0.013430324848741293,0.0010067490511573851
1808,0.09591042995452881,0.6880740523338318,0.011865611420944333,0.0211907469201833,0.0007907330291345716,0.011376164737157524,0.019076915457844734,0.0009002219885587692,0.011284109088592231,0.01844760775566101,0.0009783225250430405
1809,0.12086501717567444,1.6647545099258423,0.023401408456265926,0.017386981286108494,0.0009200576459988952,0.022870067972689867,0.017281330190598965,0.0010056959290523082,0.022849825210869312,0.014081544242799282,0.0010681016719900072
1810,0.15827149897813797,0.6192227005958557,0.02018960891291499,0.030834971461445093,0.0009334024507552385,0.019696502946317196,0.030121611431241035,0.0009979024180211127,0.019591846968978643,0.034862622153013945,0.0010430256370455027
1811,0.10191890597343445,1.9355580806732178,0.013905717991292477,0.020743812434375286,0.0008378012280445546,0.012152178213000298,0.022624054457992315,0.0009186060633510351,0.011683487799018621,0.018075658939778805,0.0009775925427675247
1812,0.17829103022813797,3.2264468669891357,0.022672319784760475,0.041598375886678696,0.0009359887917526066,0.020470060408115387,0.03304089326411486,0.000983591191470623,0.01986180664971471,0.0377154340967536,0.0010125523549504578
1813,0.12764579057693481,0.9273558259010315,0.021485317032784224,0.018125628121197224,0.0009228831622749567,0.020405073184520006,0.0172166395932436,0.0010109073482453823,0.02026196289807558,0.027149589266628027,0.0010677857790142298
1814,0.07614925131201744,0.7500091195106506,0.00961553119122982,0.015080982353538275,0.0008115294040180743,0.009123976342380047,0.01710597611963749,0.0009216573089361191,0.008988842368125916,0.013502184301614761,0.0009985756478272378
1815,0.0744405034929514,1.454905390739441,0.008598087006248534,0.016883847303688526,0.0007206497830338776,0.008320118649862707,0.016763070598244667,0.0008440797682851553,0.008398160571232438,0.012963167857378721,0.00094932212959975
1816,0.17099832370877266,0.6013680696487427,0.030132330488413572,0.03354782657697797,0.0009972556727007031,0.0287519171833992,0.023175845853984356,0.0011000693193636835,0.028519208077341318,0.023618672508746386,0.0011551930801942945
1817,0.06877864524722099,2.501657724380493,0.008948575472459197,0.013338464312255383,0.0008786297694314271,0.00872347573749721,0.012209768407046795,0.0009869645873550326,0.008745643543079495,0.01388836419209838,0.0010587589349597692
1818,0.11719778552651405,1.5894025564193726,0.017807869240641594,0.019962832797318697,0.0007753995014354587,0.017336422111839056,0.02100439090281725,0.0009192939905915409,0.017222614027559757,0.02115913014858961,0.0010098354541696608
1819,0.13572250679135323,0.3221486806869507,0.022047543432563543,0.020169696770608425,0.0009663582895882428,0.020854872651398182,0.029126587323844433,0.001071154954843223,0.020837923977524042,0.019512470811605453,0.0011358937481418252
1820,0.16363371536135674,0.47216907143592834,0.029293987434357405,0.02769390679895878,0.0010092421434819698,0.027077749371528625,0.024602603167295456,0.0011305731604807079,0.02700977073982358,0.024613551795482635,0.0012023323215544224
1821,0.06536063551902771,0.7226365208625793,0.008439177181571722,0.01261461665853858,0.0007414932770188898,0.008121829945594072,0.013350874185562134,0.0008448112930636853,0.008075172081589699,0.012258412782102823,0.000914249278139323
1822,0.08990488201379776,1.6444088220596313,0.011068939231336117,0.017724069766700268,0.0008517844544257969,0.010420746868476272,0.02106195129454136,0.0009438419074285775,0.010231511667370796,0.016593520529568195,0.0010085167596116662
1823,0.2744508236646652,0.864264965057373,0.0474657341837883,0.03365423949435353,0.001111015269998461,0.045052215456962585,0.07787439972162247,0.0012302318355068564,0.045110659673810005,0.021652708761394024,0.0012996167642995715
1824,0.14785844832658768,1.216697335243225,0.024864966981112957,0.02517410833388567,0.0009479496220592409,0.02322692796587944,0.025469299405813217,0.0010254304215777665,0.022783740423619747,0.02328567299991846,0.0010803454788401723
1825,0.18694289028644562,2.2270517349243164,0.03973343409597874,0.024935536086559296,0.00098297098884359,0.03579924162477255,0.024136372841894627,0.001106720941606909,0.03533143550157547,0.02374141477048397,0.001175758778117597
1826,0.2245180979371071,1.7273118495941162,0.04305477626621723,0.03714713454246521,0.0010079098283313215,0.040154509246349335,0.03557961527258158,0.0011239948216825724,0.040070999413728714,0.02519157249480486,0.0011875833733938634
1827,0.1715516299009323,0.6865103244781494,0.02077420288696885,0.0405975840985775,0.0009495546109974384,0.020217700395733118,0.03681115247309208,0.0010156705393455923,0.020150456111878157,0.02997593116015196,0.0010593736660666764
1828,0.1483173668384552,0.8220885992050171,0.029169070534408092,0.019943801686167717,0.0008236758876591921,0.028646128252148628,0.01957498723641038,0.0009609349071979523,0.02839440479874611,0.019759290851652622,0.0010450773988850415
1829,0.10192252323031425,0.5708062648773193,0.013982188887894154,0.020389705896377563,0.0008911970071494579,0.012430808506906033,0.01943575032055378,0.0009693311585579067,0.012007958255708218,0.020791875198483467,0.0010237051465082914
1830,0.06745550967752934,0.6985900402069092,0.008064309600740671,0.013919823337346315,0.0008921145345084369,0.007716207765042782,0.013641234021633863,0.001002568140393123,0.0077007117215543985,0.013445185497403145,0.0010733581148087978
1831,0.1337830312550068,1.7932449579238892,0.025412501767277718,0.019565234892070293,0.0009767607552930713,0.02466849610209465,0.018155683763325214,0.00110858486732468,0.024452694691717625,0.018263760022819042,0.0011793151497840881
1832,0.15510093793272972,0.4896964132785797,0.018705876544117928,0.036538008600473404,0.0010240120464004576,0.01794283092021942,0.02996895182877779,0.001101256930269301,0.017727281898260117,0.03094669710844755,0.0011460289824754
1833,0.07965758815407753,0.3518087565898895,0.00950520671904087,0.017447980120778084,0.0008371655421797186,0.009176619350910187,0.0173142459243536,0.0009417424444109201,0.009165097959339619,0.014255153480917215,0.0010143740801140666
1834,0.09220824390649796,2.9452085494995117,0.012088032672181726,0.01702426979318261,0.0008828408317640424,0.010285268304869533,0.02087519271299243,0.0009738604130689055,0.009675838518887758,0.01937088556587696,0.001032056927215308
1835,0.15735279396176338,1.0228859186172485,0.02885968191549182,0.023769493214786053,0.0009601717465557158,0.027285190764814615,0.023604439571499825,0.001061481423676014,0.027195937000215054,0.023496043868362904,0.0011203558533452451
1836,0.08075659349560738,0.9830068349838257,0.009842579253017902,0.01626547472551465,0.0008796519541647285,0.009497640654444695,0.015703880693763494,0.0009776491206139326,0.009466332383453846,0.01707292627543211,0.0010504593374207616
1837,0.07235928252339363,0.659465491771698,0.008964370004832745,0.015891723334789276,0.000861531007103622,0.00843737437389791,0.014046494383364916,0.0009629643755033612,0.008334767073392868,0.013824717607349157,0.0010353385587222874
1838,0.11963794007897377,1.1805131435394287,0.0160627793520689,0.02488667657598853,0.0009449163917452097,0.015491236001253128,0.023034003097563982,0.0010150557500310242,0.015367274172604084,0.021774381399154663,0.0010616161744110286
1839,0.1813422366976738,1.4459880590438843,0.027096382807940245,0.07025470584630966,0.0009599376935511827,0.02698051230981946,0.013275029603391886,0.0010653548233676702,0.02704970771446824,0.013517940416932106,0.0011426631826907396
1840,0.1212017647922039,1.1169687509536743,0.013518799096345901,0.02463427744805813,0.00093691679649055,0.013255070429295301,0.024524664506316185,0.0010301356669515371,0.013251507189124823,0.02895338274538517,0.0010970135917887092
1841,0.13447339832782745,0.634154736995697,0.023186929523944855,0.024321104399859905,0.0008669885573908687,0.020618100184947252,0.02398927230387926,0.0009519339655525982,0.020347195211797953,0.019186101853847504,0.0010057698527816683
1842,0.26533106714487076,0.4188443422317505,0.03379735257476568,0.0738415028899908,0.0009627935651224107,0.03330444544553757,0.014029062818735838,0.0010925422539003193,0.03312194254249334,0.07400256581604481,0.0011788560077548027
1843,0.06890976056456566,2.141173839569092,0.009059798903763294,0.01266263797879219,0.0008234922133851796,0.008767951745539904,0.013536161743104458,0.0009151705889962614,0.008779428899288177,0.01338748075067997,0.0009776413207873702
1844,0.09421200305223465,2.57477068901062,0.011436196509748697,0.018206915818154812,0.0009548193775117397,0.010815202258527279,0.018408888019621372,0.0010388115770183504,0.010748040396720171,0.021497758105397224,0.0011053705820813775
1845,0.3310560882091522,1.1336933374404907,0.04717944376170635,0.07848366349935532,0.001112770871259272,0.045306261628866196,0.07686615735292435,0.0012327348231337965,0.04549376666545868,0.03407813236117363,0.0013031609123572707
1846,0.09451489895582199,1.4675512313842773,0.01338738203048706,0.015945549122989178,0.0008074815850704908,0.012927664909511805,0.021046238020062447,0.0009166015952359885,0.012811310589313507,0.015677481424063444,0.0009951938409358263
1847,0.20182786136865616,1.2722511291503906,0.03308005537837744,0.036226002499461174,0.000998352246824652,0.029910288751125336,0.027333762496709824,0.0010973919997923076,0.030462544411420822,0.04157156124711037,0.0011479069653432816
1848,0.07487823069095612,0.6196701526641846,0.009798688348382711,0.014765358529984951,0.000903069565538317,0.00951244798488915,0.01447341963648796,0.0009855565149337053,0.009500572457909584,0.013891982845962048,0.001047132769599557
1849,0.17451760917901993,1.3897652626037598,0.03134749457240105,0.03013211116194725,0.0010053169098682702,0.029995053075253963,0.029606783762574196,0.0011115455999970436,0.029792661778628826,0.020353646017611027,0.0011729978723451495
1850,0.23204917460680008,2.6164932250976562,0.026813136413693428,0.06835904065519571,0.0009736014762893319,0.026652970351278782,0.012527462560683489,0.0010712456423789263,0.02668652543798089,0.06782278511673212,0.0011423926334828138
1851,0.04479371849447489,0.5300580859184265,0.004822713555768132,0.009400710696354508,0.0007223176071420312,0.004720983211882412,0.00922582228668034,0.0008744577062316239,0.004832619219087064,0.009205534821376204,0.0009885594190564007
1852,0.09280698746442795,2.648320436477661,0.012604695744812489,0.017878971993923187,0.0008884511480573565,0.012380091939121485,0.016840273514389992,0.0009688448044471443,0.012436175718903542,0.017786804120987654,0.0010226749582216144
1853,0.15234510600566864,2.3058695793151855,0.027439437806606293,0.02461993135511875,0.0009597053576726466,0.027098693884909153,0.021656788419932127,0.0010321200243197381,0.02708522230386734,0.021372273564338684,0.0010809283703565598
1854,0.1331893466413021,0.4037586450576782,0.015305620152503252,0.028584860265254974,0.0009746038704179227,0.014807733241468668,0.028300106525421143,0.0010498322662897408,0.014742714818567038,0.028320210985839367,0.0011036611977033317
1855,0.11363355815410614,1.484596848487854,0.0143744433298707,0.02258268278092146,0.0008929546165745705,0.013629041612148285,0.022340848110616207,0.0009627718245610595,0.013475235551595688,0.024368238635361195,0.0010073422745335847
1856,0.12561143934726715,1.1936447620391846,0.023217715322971344,0.019371891394257545,0.000924729451071471,0.021677515469491482,0.01674151048064232,0.001012458058539778,0.021280092652887106,0.020308932289481163,0.0010765886399894953
1857,0.11350979655981064,0.4152491092681885,0.018901453353464603,0.018050795421004295,0.0009530283859930933,0.018376586493104696,0.017072339076548815,0.0010570907907094806,0.01823694072663784,0.01972995325922966,0.001131608383730054
1858,0.12960565090179443,0.5106115341186523,0.020499903243035078,0.02023184299468994,0.0010062055953312665,0.019786893390119076,0.02276706788688898,0.0010944053647108376,0.019593356642872095,0.02347684372216463,0.0011491338373161852
1859,0.09426131471991539,1.7093123197555542,0.01098582660779357,0.018443355336785316,0.0008949362672865391,0.010221057571470737,0.0205578301101923,0.0009803944267332554,0.01012319652363658,0.02100003231316805,0.001054686785209924
1860,0.14100736379623413,1.8147962093353271,0.023353286553174257,0.031790961511433125,0.0009463962051086128,0.021797836758196354,0.017855269834399223,0.0010296531254425645,0.021722061559557915,0.021424846723675728,0.0010870504775084555
1861,0.10856746882200241,1.6771817207336426,0.017810376826673746,0.01792095322161913,0.001043559517711401,0.01739743398502469,0.017290206626057625,0.0011238382430747151,0.0173970153555274,0.01740083796903491,0.0011832385789602995
1862,0.06554304994642735,1.2769463062286377,0.007275882177054882,0.014167801011353731,0.0009224406094290316,0.006978465477004647,0.01340452954173088,0.0010222624987363815,0.006998082855716348,0.01368386996909976,0.0010897140600718558
1863,0.10698800906538963,0.2317328155040741,0.019494779873639345,0.015836553648114204,0.0009215901663992554,0.01903219986706972,0.015912577509880066,0.0010362554457969964,0.01891507813706994,0.01473021600395441,0.0011087539314758033
1864,0.08327963948249817,0.8926697373390198,0.011128749698400497,0.01592334173619747,0.0008796195616014302,0.010735697112977505,0.01600261079147458,0.000995005393633619,0.010625147260725498,0.01592299249023199,0.0010664740693755448
1865,0.10218711197376251,2.3157641887664795,0.01352894026786089,0.02152509894222021,0.0009342231205664575,0.012556178495287895,0.02154671773314476,0.0010058489860966802,0.012358047068119049,0.01767189195379615,0.0010601620306260884
1866,0.12852711975574493,0.7546445727348328,0.023749356158077717,0.016775794327259064,0.0008580969006288797,0.023315006867051125,0.01962848426774144,0.0009519323357380927,0.023310717660933733,0.01892275922000408,0.0010149743175134063
1867,0.06517770141363144,0.3755650520324707,0.008821806404739618,0.012630012352019548,0.0008066721202339977,0.008519130060449243,0.011764599476009607,0.0009308591252192855,0.00850146566517651,0.01219090074300766,0.0010122546809725463
1868,0.07317154482007027,1.0906356573104858,0.00860929791815579,0.015439517796039581,0.0009077275171875954,0.008241819217801094,0.01464261207729578,0.0009849229827523232,0.008222534786909819,0.015075355768203735,0.0010477545438334346
1869,0.10543487966060638,1.304397463798523,0.020877683302387595,0.013714471366256475,0.0008890077006071806,0.0206638399977237,0.013240236323326826,0.0009767437586560845,0.0206743567250669,0.013355021830648184,0.0010435233125463128
1870,0.11652486771345139,0.7218929529190063,0.014236147981137037,0.024268862791359425,0.0008913986384868622,0.013884435873478651,0.023471223656088114,0.0009844146843533963,0.013822851702570915,0.023914002813398838,0.001051535946317017
1871,0.08088508993387222,1.3436511754989624,0.009379240684211254,0.01691679237410426,0.0008857836364768445,0.008965684566646814,0.016879912465810776,0.0009766988223418593,0.008895619306713343,0.01694078929722309,0.001044571865350008
1872,0.07194238528609276,0.44529101252555847,0.008807375561445951,0.015354333445429802,0.0008194786205422133,0.008454922586679459,0.014214782975614071,0.0009143456991296262,0.008379979990422726,0.014019334688782692,0.0009778340754564852
1873,0.21423284709453583,2.165811777114868,0.04253745824098587,0.033004393335431814,0.0009672126616351306,0.040763724595308304,0.03285889187827706,0.0010776235722005367,0.04047808609902859,0.021393933799117804,0.001151517266407609
1874,0.142726868391037,4.781179904937744,0.027484011836349964,0.021345391869544983,0.0009775337239261717,0.025961744599044323,0.020117209292948246,0.0010569121805019677,0.02540468145161867,0.01927519403398037,0.00110418934491463
1875,0.10724830999970436,1.5684744119644165,0.018419070169329643,0.014712564647197723,0.000815792940557003,0.0179384583607316,0.020699716173112392,0.000948586908634752,0.017711687833070755,0.014977928716689348,0.0010245017474517226
1876,0.10008118860423565,0.8338589072227478,0.02127331728115678,0.01157765369862318,0.0008199193980544806,0.020850459346547723,0.011245813220739365,0.0009212284639943391,0.020757927326485515,0.011646383441984653,0.0009884810424409807
1877,0.0726417750120163,0.25168099999427795,0.00881195766851306,0.017167794983834028,0.0007999857189133763,0.008389910450205207,0.014053211081773043,0.0009003996092360467,0.008316157851368189,0.013228044845163822,0.0009743129485286772
1878,0.114445760846138,0.49633750319480896,0.01668080873787403,0.018400685861706734,0.0009187533287331462,0.01602534856647253,0.022145974449813366,0.0010458713513799012,0.015817764680832624,0.022287639789283276,0.0011229062220081687
1879,0.1443585902452469,1.268721580505371,0.017381933284923434,0.029329405166208744,0.0009456340922042727,0.016896082321181893,0.032988457940518856,0.0010263496078550816,0.016796697163954377,0.027913070283830166,0.0010809607338160276
1880,0.09738270565867424,1.6844884157180786,0.01091233966872096,0.022310521453619003,0.0009169847180601209,0.01065372140146792,0.02192081604152918,0.0009853418450802565,0.010724106570705771,0.01792382262647152,0.0010350561933591962
1881,0.11666714400053024,3.539529323577881,0.016691695898771286,0.02272217534482479,0.0009212828299496323,0.014246921055018902,0.025324619375169277,0.0009828414185903966,0.013424900360405445,0.02133104670792818,0.001021655509248376
1882,0.11748653650283813,1.7422653436660767,0.014540368691086769,0.025312752462923527,0.0009544870117679238,0.014281549956649542,0.02454717503860593,0.001028769591357559,0.014313080348074436,0.021426662802696228,0.0010816932190209627
1883,0.06491329148411751,1.796661376953125,0.007382262498140335,0.013819145038723946,0.0008997422410175204,0.006991120520979166,0.013445162680000067,0.000997098977677524,0.006942675681784749,0.013368262443691492,0.0010678202379494905
1884,0.053374954499304295,0.9243178963661194,0.007928284932859242,0.009468627162277699,0.0006255169864743948,0.0077739921398460865,0.009551471564918756,0.000766698649385944,0.007762103690765798,0.008631183067336679,0.0008670775278005749
1885,0.07430776581168175,0.2882550060749054,0.010879970155656338,0.013735475484281778,0.0007489648705814034,0.010556780733168125,0.013745639473199844,0.000863549328641966,0.010495936963707209,0.012335087172687054,0.0009463633759878576
1886,0.10857900604605675,1.0749726295471191,0.017879523802548647,0.019178221933543682,0.0007551387243438512,0.0172363449819386,0.01992795616388321,0.0008973238000180572,0.016946669202297926,0.014775623101741076,0.0009822013089433312
1887,0.09951980412006378,0.42475584149360657,0.011315235868096352,0.01975732296705246,0.0008828809368424118,0.01085608173161745,0.021977804601192474,0.000964119506534189,0.010847064200788736,0.021885558031499386,0.001033737149555236
1888,0.07443484663963318,0.9931838512420654,0.011494164355099201,0.012525299098342657,0.0007823723717592657,0.01120782969519496,0.013870333321392536,0.0008835450280457735,0.011135365813970566,0.01158130168914795,0.0009546339861117303
1889,0.11806841939687729,0.7003843784332275,0.013981679920107126,0.026134418323636055,0.0009860089339781553,0.01341228955425322,0.025995532982051373,0.0010402727639302611,0.013295818818733096,0.02214210294187069,0.0010802897159010172
1890,0.15702372789382935,1.8879293203353882,0.03927676938474178,0.012092644348740578,0.0009698504582047462,0.03919384442269802,0.012092180084437132,0.0010623240959830582,0.039245715364813805,0.011957792099565268,0.0011326070525683463
1891,0.0647708959877491,2.3834445476531982,0.007216054247692227,0.013836769387125969,0.0008989775669761002,0.0068564696703106165,0.013568130787461996,0.0009974880958907306,0.006838327273726463,0.013494937680661678,0.0010637427913025022
1892,0.06959323957562447,0.7067736983299255,0.009887417312711477,0.011843448970466852,0.000782559800427407,0.009582165163010359,0.013573222793638706,0.000873518583830446,0.00953085906803608,0.012583762872964144,0.000936283846385777
1893,0.14618536084890366,2.0535542964935303,0.023570585064589977,0.026382697746157646,0.0009361764241475612,0.021866174414753914,0.02693967428058386,0.0010216712835244834,0.021217945031821728,0.023173047229647636,0.0010773809044621885
1894,0.0962761901319027,0.311699777841568,0.011195152066648006,0.020157686434686184,0.0008314705337397754,0.010765154380351305,0.02001708699390292,0.0009184502414427698,0.010717006865888834,0.02068944461643696,0.00098473607795313
1895,0.09839901700615883,1.4076006412506104,0.021030623000115156,0.01115518156439066,0.0007858157914597541,0.020793488016352057,0.011005300097167492,0.0008811597363092005,0.02075446699745953,0.011045150924474001,0.0009478349820710719
1896,0.0694984495639801,0.6168614029884338,0.00968088861554861,0.013301836792379618,0.0007857637829147279,0.009319354314357042,0.012424323707818985,0.0008726945670787245,0.009227097034454346,0.012949726078659296,0.0009367638849653304
1897,0.10946966707706451,1.113997220993042,0.019568308256566525,0.016874908935278654,0.000913818075787276,0.019102605059742928,0.015617308672517538,0.0010208426392637193,0.01900231232866645,0.01627836050465703,0.001091201149392873
1898,0.11895058304071426,1.9610852003097534,0.021112816408276558,0.018299835734069347,0.0008585414616391063,0.019093314185738564,0.022399540059268475,0.0009489610674791038,0.01858729962259531,0.016644570510834455,0.001005706493742764
1899,0.050077980384230614,1.1252824068069458,0.006342482520267367,0.01038061035797,0.0006696191849187016,0.005884511396288872,0.00980302132666111,0.0008002386894077063,0.005738849984481931,0.009570255409926176,0.0008883929695002735
1900,0.16174376755952835,0.7347798347473145,0.028547749388962984,0.022047325037419796,0.0009305086568929255,0.026492624543607235,0.022183939814567566,0.0010336337436456233,0.026181893656030297,0.03322736592963338,0.001098719541914761
1901,0.07518952339887619,1.9247071743011475,0.010084005538374186,0.016010034829378128,0.0009054434485733509,0.009113460313528776,0.014770543668419123,0.0009827807662077248,0.008955821627750993,0.013329037930816412,0.0010383966146036983
1902,0.07434310019016266,0.7895322442054749,0.008853277657181025,0.014990268740803003,0.0009276773780584335,0.0082748185377568,0.015673006419092417,0.001019973831716925,0.008097981568425894,0.01542703714221716,0.0010790577507577837
1903,0.10859397053718567,1.1386553049087524,0.019141664262861013,0.0166456401348114,0.000861961510963738,0.01724289357662201,0.017574133351445198,0.0009617191390134394,0.016777244862169027,0.01835460774600506,0.0010341077577322721
1904,0.07332487031817436,0.33811092376708984,0.00936059420928359,0.015330011025071144,0.0008192361565306783,0.008962489198893309,0.014337260276079178,0.0009121455950662494,0.008917150553315878,0.013705443125218153,0.0009805401205085218
1905,0.08631068095564842,1.9718879461288452,0.010651302989572287,0.018611786887049675,0.0009340037358924747,0.009820914827287197,0.017033358104526997,0.0010108637507073581,0.009760423097759485,0.017409644555300474,0.001078383473213762
1906,0.10483947396278381,0.4855916202068329,0.012131839292123914,0.026225470006465912,0.0008986778848338872,0.009955950314179063,0.021670447662472725,0.0009571373229846358,0.010920710163190961,0.02107298281043768,0.0010062589426524937
1907,0.2258102484047413,0.5896463394165039,0.02598526095971465,0.06811703322455287,0.0009114614222198725,0.025716104544699192,0.011166354175657034,0.0009968444937840104,0.025668673450127244,0.06618568673729897,0.0010628349846228957
1908,0.2002020701766014,4.349088191986084,0.03133062459528446,0.01689372956752777,0.0009727384895086288,0.029812118969857693,0.015783667098730803,0.0010365064663346857,0.029285971075296402,0.07400388829410076,0.0010828300437424332
1909,0.17415126413106918,2.5478625297546387,0.026235081255435944,0.03512061573565006,0.0008831265149638057,0.02514483407139778,0.029875193256884813,0.0009858814883045852,0.02467539720237255,0.030185085255652666,0.0010460474295541644
1910,0.08560420386493206,0.940653383731842,0.01566112320870161,0.012666055699810386,0.0008007751894183457,0.015151756699196994,0.012133770389482379,0.0009322329424321651,0.01503497629892081,0.012193043483421206,0.0010304727184120566
1911,0.06811682879924774,1.2223049402236938,0.010378714185208082,0.012022688053548336,0.0007544044638052583,0.00979148456826806,0.012543841265141964,0.0008609937503933907,0.009591891895979643,0.011235421057790518,0.0009373912180308253
1912,0.12261798977851868,0.3739117980003357,0.019764237105846405,0.020770586095750332,0.001039054710417986,0.018882373813539743,0.020832850597798824,0.0011184680042788386,0.018766389694064856,0.02027086354792118,0.0011731639970093966
1913,0.17857646942138672,0.9734627604484558,0.028803082183003426,0.03432515263557434,0.0010191231267526746,0.02692946302704513,0.034952509216964245,0.0011145739699713886,0.026831805938854814,0.023428620770573616,0.001172139192931354
1914,0.11022594943642616,1.6841037273406982,0.019737258087843657,0.019327127374708652,0.0009109533857554197,0.01770910480991006,0.017284725327044725,0.0009982140618376434,0.01738760434091091,0.015809984412044287,0.0010609759483486414
1915,0.2955363914370537,1.5560939311981201,0.039127934724092484,0.02510399278253317,0.0009999538015108556,0.038087885826826096,0.08082270808517933,0.0010920671047642827,0.038198208436369896,0.07095337100327015,0.001150278141722083
1916,0.0737307071685791,3.8554558753967285,0.010451553855091333,0.013102543074637651,0.0008442915859632194,0.0104010459035635,0.013511693570762873,0.0009273051982745528,0.010474246460944414,0.013034643605351448,0.0009833874646574259
1917,0.05093816854059696,4.0838942527771,0.006307397736236453,0.0096662777941674,0.0007294171082321554,0.006578769767656922,0.009259741986170411,0.0008651333337184042,0.006949906004592776,0.009619541466236115,0.0009619843331165612
1918,0.1064053401350975,1.5742169618606567,0.011535764671862125,0.021391935646533966,0.000974484981270507,0.011273073963820934,0.02354355715215206,0.0010659019462764263,0.011361152632161975,0.02413572557270527,0.0011237444705329835
1919,0.1568136289715767,0.9323229789733887,0.019654481206089258,0.03381076315417886,0.0009161948401015252,0.018920761067420244,0.03318014461547136,0.0009784438298083842,0.018698890693485737,0.029630181845277548,0.0010237757815048099
1920,0.07176439836621284,1.8305877447128296,0.00817223428748548,0.015281150583177805,0.0009547423687763512,0.007690943079069257,0.014654754661023617,0.0010656387894414365,0.007578389253467321,0.015231836587190628,0.001134708581957966
1921,0.2416839748620987,1.0606474876403809,0.04180283471941948,0.03718025516718626,0.0010086414113175124,0.03910169191658497,0.03569455072283745,0.0011173372622579336,0.03880709782242775,0.04579315707087517,0.0011784121161326766
1922,0.07201793789863586,0.8145298361778259,0.010299539659172297,0.012673165183514357,0.000789381650974974,0.009937720373272896,0.013276167213916779,0.0008922989072743803,0.009888696949928999,0.013290489558130503,0.0009704791882541031
1923,0.09142005443572998,0.8049508333206177,0.011330920271575451,0.018826252780854702,0.0010119843063876033,0.010546588338911533,0.01699539925903082,0.0010940051870420575,0.01048794062808156,0.01997704617679119,0.0011499178945086896
1924,0.08622059971094131,0.9938750863075256,0.011147560551762581,0.017958822660148144,0.0008793648157734424,0.010587264318019152,0.01666266517713666,0.0009567358356434852,0.010491855442523956,0.016525175888091326,0.0010111539158970118
1925,0.10448167473077774,1.2302685976028442,0.017991237808018923,0.01641625026240945,0.00096511299489066,0.017410052241757512,0.016408317256718874,0.0010609871242195368,0.01731610530987382,0.01579177100211382,0.0011218423314858228
1926,0.10617279447615147,1.091516375541687,0.018909750506281853,0.01302494271658361,0.0007138749933801591,0.01780964864883572,0.01356639014557004,0.0008371592848561704,0.017782306065782905,0.022594720358029008,0.0009340036776848137
1927,0.06834487617015839,0.9333768486976624,0.00986782182008028,0.012553266249597073,0.0007212772907223552,0.009576155804097652,0.01256236294284463,0.0008274978317786008,0.009553673677146435,0.011775192338973284,0.0009076300775632262
1928,0.05716547183692455,0.9649041295051575,0.00632936111651361,0.012837660033255816,0.000703890313161537,0.006086864275857806,0.012636982835829258,0.0008315282466355711,0.006090328563004732,0.010711188428103924,0.000937666860409081
1929,0.11290118098258972,2.190308094024658,0.019910831935703754,0.01814476540312171,0.0008036007056944072,0.018265507649630308,0.01772092515602708,0.000902396539459005,0.017612496856600046,0.018562872894108295,0.0009777865197975188
1930,0.1077389121055603,2.3926308155059814,0.019786547403782606,0.016222834587097168,0.0008023948466870934,0.018101954832673073,0.01786487828940153,0.0009020336729008704,0.017465478274971247,0.015612657181918621,0.0009801355190575123
1931,0.15042750909924507,1.90248441696167,0.018359513953328133,0.034736770670861006,0.0008938897517509758,0.0174834500066936,0.03309736819937825,0.0009631405118852854,0.01718067843466997,0.026699600275605917,0.0010130914743058383
1932,0.05665064416825771,1.0692673921585083,0.006097889039665461,0.012524675112217665,0.0007050988788250834,0.005909332889132202,0.012623220216482878,0.0008341750362887979,0.005943757598288357,0.011068421648815274,0.0009440742724109441
1933,0.188755564391613,0.46104225516319275,0.03039778210222721,0.0366840586066246,0.0010739354765973985,0.028780397959053516,0.03655306901782751,0.0011814367026090622,0.028699416667222977,0.024140287190675735,0.0012451704824343324
1934,0.0998503565788269,0.412342369556427,0.019457915797829628,0.014338583685457706,0.0007779307779856026,0.017724946606904268,0.013977258000522852,0.0008873921469785273,0.017229363322257996,0.014485981315374374,0.0009709907753858715
1935,0.08094491809606552,0.9376777410507202,0.00941031938418746,0.016496358904987574,0.0009090336097870022,0.00899427616968751,0.018311223946511745,0.001009163388516754,0.008913598954677582,0.015824663918465376,0.0010762797901406884
1936,0.1328808180987835,0.46366631984710693,0.019982594065368176,0.02668697200715542,0.0009232104639522731,0.019241520203649998,0.02220575325191021,0.0010329256765544415,0.01903180405497551,0.022676621563732624,0.0010994065669365227
1937,0.10742739588022232,0.39149758219718933,0.016136155929416418,0.017706111073493958,0.000790226913522929,0.015455625485628843,0.01744692772626877,0.0009212710137944669,0.015218980610370636,0.02274662535637617,0.0010054733138531446
1938,0.10454360395669937,1.6438030004501343,0.015482991002500057,0.02064461726695299,0.0008611665398348123,0.014765780651941895,0.01553591201081872,0.0009737012442201376,0.014536542352288961,0.020696495659649372,0.0010463935905136168
1939,0.15472358465194702,5.580026626586914,0.0207820450887084,0.03596474789083004,0.0009414355736225843,0.018901824951171875,0.02962354850023985,0.0009847657638601959,0.018414529971778393,0.028096473775804043,0.0010142125538550317
1940,0.26501255482435226,1.285561203956604,0.03404781501740217,0.07391103450208902,0.0009486955823376775,0.033413332886993885,0.018513561692088842,0.0010748326894827187,0.03322721738368273,0.06872442737221718,0.0011516446247696877
1941,0.06546496786177158,1.5922490358352661,0.009585294406861067,0.011547301895916462,0.0007744469912722707,0.00922804675064981,0.01198426354676485,0.000879924395121634,0.009196331491693854,0.011309892404824495,0.0009594655421096832
1942,0.09283836930990219,2.8560922145843506,0.013130501378327608,0.017800921108573675,0.0008455618226435035,0.011366236489266157,0.02055469946935773,0.0009182726498693228,0.010882053291425109,0.016377958469092846,0.000962161662755534
1943,0.10241539403796196,0.9676209688186646,0.012991122901439667,0.025606703013181686,0.000910193775780499,0.01128124026581645,0.021548003889620304,0.0009673645836301148,0.010864150244742632,0.017239863518625498,0.001006750448141247
1944,0.16590392962098122,0.5838244557380676,0.021409762557595968,0.04138251580297947,0.0009352220222353935,0.01949999388307333,0.03148835990577936,0.0009824233711697161,0.018998711835592985,0.03019817266613245,0.0010087649279739708
1945,0.14624664559960365,0.47851020097732544,0.017408474115654826,0.03437554696574807,0.0009629991836845875,0.01673436281271279,0.02991044707596302,0.0010218326933681965,0.016554252710193396,0.028219329193234444,0.001059403468389064
1946,0.07446267455816269,1.3724459409713745,0.0097868493758142,0.014408024959266186,0.0008835913613438606,0.009475826285779476,0.014167614746838808,0.0009636188333388418,0.009436510736122727,0.014321120455861092,0.0010195145150646567
1947,0.10991935804486275,1.730654001235962,0.01439765002578497,0.02480310993269086,0.0008814652101136744,0.013665013248100877,0.020406010560691357,0.000949042005231604,0.013506190152838826,0.02031105477362871,0.0009998203895520419
1948,0.15097425878047943,0.7526291012763977,0.0200533764436841,0.03171154111623764,0.0009303927072323859,0.019281631335616112,0.030999275855720043,0.0010402192710898817,0.019007963128387928,0.026835432276129723,0.0011144278105348349
1949,0.1375381164252758,1.3196334838867188,0.017388382693752646,0.029340439476072788,0.0009414994274266064,0.016642430098727345,0.028357988689094782,0.0010294619714841247,0.016455630538985133,0.02629830688238144,0.0010839792084880173
1950,0.11228777840733528,3.075859546661377,0.018460457678884268,0.01799314934760332,0.0008838728535920382,0.0173291084356606,0.019723542034626007,0.000986194412689656,0.017320389859378338,0.018535113893449306,0.0010559464571997523
1951,0.0564090758562088,2.209185838699341,0.006021602777764201,0.011995262000709772,0.0008981530554592609,0.005833406001329422,0.011895547155290842,0.001023221353534609,0.005863934056833386,0.01177614787593484,0.0011018034419976175
1952,0.07270954176783562,0.41653063893318176,0.010305795818567276,0.013922402169555426,0.0008018067455850542,0.009987125638872385,0.012261973693966866,0.0009081090975087136,0.009953012689948082,0.013591044582426548,0.0009782726992852986
1953,0.08469200506806374,2.49705171585083,0.015240264357998967,0.01459391601383686,0.0007095926266629249,0.01444669277407229,0.010325429262593389,0.0008482668199576437,0.014415644807741046,0.01316884532570839,0.0009433513041585684
1954,0.10692408680915833,1.72248375415802,0.011631410103291273,0.023389373905956745,0.0009065814083442092,0.011309219524264336,0.023791796527802944,0.0009934761328622699,0.01133822277188301,0.022499638609588146,0.0010643739369697869
1955,0.12096161022782326,1.0933279991149902,0.015718193259090185,0.022518280893564224,0.0008904990390874445,0.015496679581701756,0.023447124753147364,0.0009733385231811553,0.015479172579944134,0.025410638190805912,0.0010276783141307533
1956,0.0634267795830965,1.2074052095413208,0.008463191334158182,0.011533223558217287,0.0007780076994094998,0.00790889747440815,0.012893483974039555,0.0008770526037551463,0.00773958140052855,0.012291294056922197,0.0009420471906196326
1957,0.11448169872164726,1.6234066486358643,0.016321474686264992,0.027382310945540667,0.0008018906228244305,0.014893572311848402,0.016853430308401585,0.0008910543110687286,0.014350536745041609,0.022038260009139776,0.0009491672972217202
1958,0.17310256510972977,0.7262954115867615,0.025478840805590153,0.025460580363869667,0.000982730241958052,0.024331727996468544,0.036497753113508224,0.001064920681528747,0.02413985598832369,0.034031955525279045,0.0011142008006572723
1959,0.14252418279647827,1.5430996417999268,0.017700426280498505,0.037541940808296204,0.0009660451905801892,0.015911370515823364,0.025146792642772198,0.001022480399115011,0.015315559692680836,0.02786077093333006,0.001058798166923225
1960,0.11576681584119797,0.8499372601509094,0.019151409156620502,0.018699386157095432,0.0010725311003625393,0.018575559370219707,0.01837125327438116,0.0011732142884284258,0.018460922874510288,0.019024405628442764,0.0012381335254758596
1961,0.12264571711421013,0.8080446124076843,0.014365235809236765,0.026932185515761375,0.0009921867167577147,0.013854699674993753,0.023052323143929243,0.0010511079453863204,0.013850673101842403,0.027452855370938778,0.0010944457026198506
1962,0.12937858700752258,5.3030171394348145,0.017514370381832123,0.035648174583911896,0.0008676971774548292,0.014197040349245071,0.027648750692605972,0.0009241902735084295,0.012912355829030275,0.01871553063392639,0.0009504833142273128
1963,0.23508965969085693,2.0240371227264404,0.027593161910772324,0.012785987928509712,0.0010084820678457618,0.027480371296405792,0.06745322328060865,0.0011137270485050976,0.027581629110500216,0.068886274471879,0.0011867971625179052
1964,0.12300268188118935,2.218552827835083,0.02049484569579363,0.019403429701924324,0.0008423433173447847,0.018375106621533632,0.017679410986602306,0.0009495578124187887,0.017658474389463663,0.02659674733877182,0.001002760254777968
1965,0.10137581080198288,0.6439515948295593,0.01710277982056141,0.016127840615808964,0.0010102253872901201,0.016680262284353375,0.015112448018044233,0.0011210108059458435,0.016751036047935486,0.016283503733575344,0.0011867064167745411
1966,0.19429033994674683,4.676477432250977,0.0294448952190578,0.015952500514686108,0.0010576845961622894,0.029091940261423588,0.07298154197633266,0.0011367644765414298,0.029195840004831553,0.014236029237508774,0.0011931482004001737
1967,0.18297018110752106,0.7373515963554382,0.026743581518530846,0.03836841508746147,0.0009771978366188705,0.025511632673442364,0.034681299701333046,0.0010515636531636119,0.025562877766788006,0.028978307731449604,0.0010953103774227202
1968,0.10856083780527115,1.0144721269607544,0.017253425903618336,0.015274839475750923,0.0008384404645767063,0.01669927127659321,0.019212094601243734,0.0009562188643030822,0.01652811374515295,0.02076695766299963,0.0010314753744751215
1969,0.05832129716873169,1.2798185348510742,0.006220474955625832,0.012794462032616138,0.0007179830863606185,0.0061875516548752785,0.011510274605825543,0.0008475793874822557,0.0063052704790607095,0.01279348786920309,0.0009442136506550014
1970,0.12953319400548935,1.528962254524231,0.020616168156266212,0.025283983442932367,0.0008937385573517531,0.01961789303459227,0.02497193031013012,0.0010034795850515366,0.019557474181056023,0.016518461052328348,0.001070063270162791
1971,0.120419230312109,1.514206051826477,0.020528018241748214,0.016355326864868402,0.0008905728464014828,0.019471715670078993,0.025588403921574354,0.0010022959904745221,0.019372319569811225,0.016140880528837442,0.0010697011603042483
1972,0.07790008559823036,1.0483037233352661,0.009176116902381182,0.01772909425199032,0.0008591487421654165,0.008915144484490156,0.015987543389201164,0.0009506490314379334,0.008876269683241844,0.014385393355041742,0.0010207270388491452
1973,0.11166144162416458,0.8398489952087402,0.012629167642444372,0.024911014828830957,0.0008975479286164045,0.01221937546506524,0.02291459869593382,0.0009746551513671875,0.012126016896218061,0.023955974262207747,0.0010330945369787514
1974,0.1777607500553131,1.5917922258377075,0.02716455841436982,0.012892966624349356,0.0009792027121875435,0.026852144859731197,0.012911541387438774,0.0010726317996159196,0.0267845019698143,0.0679631126113236,0.001140095409937203
1975,0.07232996635138988,2.0120155811309814,0.008197096176445484,0.016050835140049458,0.000843444315250963,0.008015831233933568,0.01320194499567151,0.0009606491366866976,0.008043986279517412,0.015980099327862263,0.0010360826854594052
1976,0.11118891462683678,1.8791412115097046,0.0188615913502872,0.01764581073075533,0.0008640028536319733,0.017384022939950228,0.018883541226387024,0.000963781785685569,0.01679544523358345,0.018758082762360573,0.001032637374009937
1977,0.07303180173039436,0.6757246255874634,0.008616921957582235,0.015406847931444645,0.0008125664026010782,0.008260610979050398,0.014595893677324057,0.0009054649854078889,0.008214470464736223,0.015246782451868057,0.0009722418617457151
1978,0.0782645009458065,1.6763139963150024,0.008713765535503626,0.018016905523836613,0.0009845535969361663,0.008311621146276593,0.015824295580387115,0.0010675686644390225,0.008218632778152823,0.016002971213310957,0.0011241870815865695
1979,0.09546317905187607,1.2068006992340088,0.014364000875502825,0.018019895534962416,0.0007987207500264049,0.012719946913421154,0.01996959839016199,0.0008812975720502436,0.012360448949038982,0.015413890592753887,0.0009353760106023401
1980,0.17015163600444794,0.7220678329467773,0.027923010988160968,0.03267056122422218,0.0010042439680546522,0.02590246801264584,0.021806363482028246,0.001123641850426793,0.025666297180578113,0.03286564443260431,0.001189400616567582
1981,0.2115754783153534,1.899940013885498,0.03110332414507866,0.03827125858515501,0.000941684702411294,0.029737056232988834,0.04063372686505318,0.001012131106108427,0.02948697190731764,0.03933250531554222,0.0010568109573796391
1982,0.18196937441825867,2.284254312515259,0.0307757961563766,0.0338116642087698,0.000977443705778569,0.02885224111378193,0.023229612968862057,0.001075916108675301,0.02864733710885048,0.03346110275015235,0.0011382519733160734
1983,0.07478191703557968,0.8614188432693481,0.009083316195756197,0.014957054052501917,0.000755852262955159,0.008731347508728504,0.01471470482647419,0.0008537608082406223,0.008667828515172005,0.016096345148980618,0.0009217040496878326
1984,0.1826930046081543,1.5609747171401978,0.027624372392892838,0.034836750477552414,0.0009146245429292321,0.02556516695767641,0.036549474112689495,0.0009937131544575095,0.02496692445129156,0.03019593097269535,0.0010460583143867552
1985,0.11487231403589249,1.1979081630706787,0.018509211018681526,0.017777396831661463,0.0009491748351138085,0.018113121856004,0.019767691381275654,0.001050537102855742,0.01812051422894001,0.01946302969008684,0.0011216336279176176
1986,0.19827467948198318,1.661694884300232,0.03186465334147215,0.04307413101196289,0.0010052385041490197,0.029397005680948496,0.030750137753784657,0.0010951203294098377,0.029792428482323885,0.030157865025103092,0.0011381037184037268
1987,0.24251580238342285,0.5229111909866333,0.03729580156505108,0.044048160314559937,0.0010700079146772623,0.03562640305608511,0.038809143006801605,0.0011520312982611358,0.03570211585611105,0.047613346949219704,0.0011987887555733323
1988,0.11137461103498936,0.838537871837616,0.014029928017407656,0.023436739575117826,0.0008836741908453405,0.013222438748925924,0.02361363871023059,0.0009455806284677237,0.013038885779678822,0.021208223421126604,0.0009955008863471448
1989,0.07862411439418793,0.47857269644737244,0.010405597276985645,0.014605502597987652,0.0008793863235041499,0.010036008898168802,0.015407622326165438,0.000990253291092813,0.009944414254277945,0.015291823074221611,0.0010635033249855042
1990,0.07580606266856194,2.7143335342407227,0.010593330953270197,0.014829545747488737,0.0009092411200981587,0.009743472328409553,0.013597432523965836,0.000985413498710841,0.009550426388159394,0.014558152761310339,0.0010390511597506702
1991,0.09943793714046478,0.9002495408058167,0.011150864884257317,0.023383318446576595,0.0009624433587305248,0.010587587021291256,0.018294088542461395,0.0010509240964893252,0.010525587946176529,0.022375044412910938,0.001108077703975141
1992,0.0456444239243865,0.8200545310974121,0.0058091593673452735,0.009937697323039174,0.000676495983498171,0.005390856764279306,0.008415821008384228,0.0008093277283478528,0.005291706300340593,0.008401050698012114,0.0009123102354351431
1993,0.19146180152893066,1.7741597890853882,0.03081237617880106,0.03888245113193989,0.0010931339929811656,0.02950043836608529,0.034335986245423555,0.0011647043284028769,0.029338182881474495,0.0251199658960104,0.0012145687360316515
1994,0.08207214996218681,0.6427361369132996,0.009510284755378962,0.017501456663012505,0.0007888303080108017,0.009205588139593601,0.016673220321536064,0.0008983470615930855,0.009183662012219429,0.017337059136480093,0.0009736997017171234
1995,0.09003982692956924,1.4728699922561646,0.010607320815324783,0.019373171962797642,0.0008912387420423329,0.009843161329627037,0.020119345746934414,0.0009773947240319103,0.009746236726641655,0.01744228322058916,0.0010396704019512981
1996,0.13767994940280914,0.367728054523468,0.025284841656684875,0.01892531756311655,0.000966027844697237,0.02451233472675085,0.018065379932522774,0.0010916556348092854,0.024233369156718254,0.023437408730387688,0.001163619221188128
1997,0.06420842930674553,2.2307019233703613,0.007926694117486477,0.013149227015674114,0.0008411113230977207,0.00757142691873014,0.012853350024670362,0.0009167534881271422,0.0075111654587090015,0.012467396445572376,0.0009713052422739565
1998,0.14018623530864716,0.7314700484275818,0.027451923117041588,0.018977535888552666,0.001106061041355133,0.0267783859744668,0.018582604825496674,0.0012055531260557473,0.026626420207321644,0.018190372735261917,0.0012673799647018313
1999,0.08533283229917288,1.9149476289749146,0.018723175511695445,0.0087048951536417,0.0006900193402543664,0.01868775172624737,0.009000328602269292,0.0008219447045121342,0.01879913918673992,0.008991510374471545,0.0009140638867393136
2000,0.19007128477096558,0.42057493329048157,0.03364506922662258,0.03912283666431904,0.0009048862557392567,0.03187268786132336,0.020441959612071514,0.0010051974095404148,0.03183813951909542,0.030177908949553967,0.001062602095771581
2001,0.18270089477300644,0.9815031886100769,0.02214197814464569,0.0404791422188282,0.0010222287382930517,0.021374717354774475,0.03902616910636425,0.001073902240023017,0.02118148934096098,0.03529171086847782,0.0011095584486611187
2002,0.11935431882739067,0.39732182025909424,0.015380552969872952,0.024504611268639565,0.0009418674162589014,0.014746150467544794,0.024206947535276413,0.0010021429043263197,0.014626757707446814,0.02289830707013607,0.0010469850385561585
2003,0.2281309887766838,2.2205662727355957,0.03322153352200985,0.04293328337371349,0.0010819996241480112,0.031847791746258736,0.0432780385017395,0.0011624632752500474,0.031509848311543465,0.041879975236952305,0.0012160531478002667
2004,0.13353348895907402,2.4450767040252686,0.017526847310364246,0.027921942993998528,0.0009475487750023603,0.015367618296295404,0.0275660939514637,0.000991041713859886,0.01504454854875803,0.027145219035446644,0.0010226264130324125
2005,0.07830080762505531,0.3362523317337036,0.010769730899482965,0.013535934500396252,0.0007511712610721588,0.010495517868548632,0.015172929968684912,0.0008674588170833886,0.010463709011673927,0.01529036182910204,0.0009539913153275847
2006,0.17187119647860527,0.9491016268730164,0.028875069227069616,0.026347803883254528,0.0009606536477804184,0.027382359374314547,0.035420787520706654,0.0010666993912309408,0.027124655432999134,0.02355534490197897,0.0011378092458471656
2007,0.10836627706885338,0.3566213846206665,0.01891115354374051,0.017118814401328564,0.0009466939663980156,0.017351843416690826,0.018078573048114777,0.0010478557087481022,0.01701320707798004,0.01678737485781312,0.0011107578175142407
2008,0.1203322745859623,0.707368016242981,0.025898188818246126,0.013254081830382347,0.0010178780648857355,0.025702639715746045,0.01345469243824482,0.001098086650017649,0.02571552898734808,0.013027351815253496,0.0011638229480013251
2009,0.09298483282327652,1.4364228248596191,0.012176825199276209,0.02127622440457344,0.0009521373431198299,0.011584378778934479,0.016921511851251125,0.0010321721201762557,0.011554582044482231,0.016391892917454243,0.001095107989385724
2010,0.09096620604395866,2.457974910736084,0.011270798742771149,0.017949615139514208,0.0008931622141972184,0.010951884556561708,0.016615471336990595,0.0009696093911770731,0.010957997757941484,0.020335445646196604,0.0010222187847830355
2011,0.04985920898616314,1.1128287315368652,0.00590925186406821,0.010292700724676251,0.0007060426869429648,0.005707232281565666,0.009815837256610394,0.0008343386580236256,0.005713369231671095,0.009946664329618216,0.0009337740484625101
2012,0.1428542211651802,0.5410219430923462,0.021359371952712536,0.026650292798876762,0.0009295610361732543,0.020509477704763412,0.02781473845243454,0.0010282021248713136,0.020203888416290283,0.02327583823353052,0.0010828488157130778
2013,0.045876044780015945,0.9694356322288513,0.00578370550647378,0.00933767156675458,0.0006309058808255941,0.005518933292478323,0.008909280877560377,0.0007608150481246412,0.005509057082235813,0.008551415521651506,0.0008742593927308917
2014,0.14433512091636658,0.39333686232566833,0.03128390572965145,0.016368545591831207,0.0009771129698492587,0.031030076555907726,0.015665731392800808,0.0010797111317515373,0.03102860040962696,0.015751943923532963,0.001149494608398527
2015,0.11127730831503868,2.256906747817993,0.01968609308823943,0.019095622934401035,0.0008560331771150231,0.01839366089552641,0.016523168422281742,0.000951369118411094,0.018354651983827353,0.016403429675847292,0.0010132791358046234
2016,0.1413113698363304,0.426696240901947,0.025169636122882366,0.02299570105969906,0.0009638348419684917,0.02446606755256653,0.017987108789384365,0.0010943985544145107,0.024236557073891163,0.023225581273436546,0.00117248558672145
2017,0.161557637155056,1.0671948194503784,0.03395242989063263,0.017142614349722862,0.0008748887630645186,0.03316635638475418,0.01694588828831911,0.0009767491719685495,0.033115098252892494,0.024340244010090828,0.0010433655115775764
2018,0.15958799421787262,0.6647955179214478,0.018117261119186878,0.03192731458693743,0.0010414767893962562,0.017403284087777138,0.03578241914510727,0.0010927034891210496,0.0172803932800889,0.03581246733665466,0.001130669261328876
2019,0.08436955511569977,1.1311233043670654,0.00979749858379364,0.01759673561900854,0.0007783976616337895,0.009528402239084244,0.017486758530139923,0.0008843321993481368,0.00950784981250763,0.017813545651733875,0.0009760319953784347
2020,0.07722752541303635,1.091017723083496,0.009745950810611248,0.015892477240413427,0.0008681768085807562,0.009344098623842001,0.015080660115927458,0.0009588786342646927,0.009295438416302204,0.015009626280516386,0.0010322191519662738
2021,0.08421652019023895,1.9868013858795166,0.010405831504613161,0.016671243589371443,0.0009569941030349582,0.00963977025821805,0.019083921797573566,0.001024570781737566,0.009604395600035787,0.0157433426938951,0.0010864532086998224
2022,0.052226800471544266,1.4335631132125854,0.005746410344727337,0.010870004771277308,0.0007365404744632542,0.005591259337961674,0.01089590904302895,0.0008492149063386023,0.005665759323164821,0.010915819322690368,0.0009558835881762207
2023,0.07920463383197784,0.728967010974884,0.010066486895084381,0.017648485489189625,0.0008599152788519859,0.009329429129138589,0.016771848313510418,0.0009371237829327583,0.009262340608984232,0.013331479392945766,0.0009975213615689427
2024,0.08954733237624168,1.292799472808838,0.011207467876374722,0.01789536327123642,0.000884507957380265,0.010700155049562454,0.017490329220891,0.0009708023280836642,0.010612024459987879,0.018750276416540146,0.0010364046320319176
2025,0.14049682766199112,1.8374063968658447,0.03433731570839882,0.011470118537545204,0.0008513957727700472,0.034361790865659714,0.011193705257028341,0.0009531135438010097,0.0344757828861475,0.011831413488835096,0.001022193522658199
2026,0.07106231525540352,0.6081745028495789,0.008685556706041098,0.016850981395691633,0.0008078232640400529,0.008239277638494968,0.013509652577340603,0.0009033801034092903,0.008137341123074293,0.012951099779456854,0.0009772059856913984
2027,0.14328330755233765,0.4218024015426636,0.031142141669988632,0.016695764381438494,0.0009799267572816461,0.03080774750560522,0.015551457181572914,0.0010770661174319685,0.030742847360670567,0.015143932309001684,0.001142430875916034
2028,0.056995704770088196,0.9205952286720276,0.006407955312170088,0.012575258733704686,0.00078122055856511,0.006081995205022395,0.011557688936591148,0.0009103391494136304,0.006026123999617994,0.011650178348645568,0.0010049442935269326
2029,0.13124626129865646,3.632150173187256,0.01648258976638317,0.02844265755265951,0.00096010701963678,0.014767071232199669,0.027180018834769726,0.0010113567695952952,0.014121565967798233,0.027239009737968445,0.00104187784017995
2030,0.12564870715141296,0.5211470127105713,0.014570124913007021,0.026798163540661335,0.0009662701049819589,0.01393512124195695,0.026116776280105114,0.0010349025251343846,0.0138086574152112,0.02733132243156433,0.0010873744613490999
2031,0.12324155122041702,6.39801549911499,0.015483949333429337,0.027447182685136795,0.0008662236214149743,0.012532772030681372,0.02804770041257143,0.0009104086202569306,0.011626544408500195,0.025393178686499596,0.0009335967479273677
2032,0.10771182924509048,0.8119984269142151,0.017947668209671974,0.017321373336017132,0.001015829766402021,0.01746612461283803,0.016773805487900972,0.0011024806881323457,0.017372052650898695,0.017547200433909893,0.0011652931571006775
2033,0.13653812184929848,0.5140033960342407,0.016811192966997623,0.028983451426029205,0.0009489510557614267,0.01499907486140728,0.03157017566263676,0.0009894565446302295,0.014708149712532759,0.026512731797993183,0.0010149362497031689
2034,0.1844675913453102,1.1226532459259033,0.02211633510887623,0.0375967500731349,0.0010229766485281289,0.021356884390115738,0.04370003379881382,0.0010751103982329369,0.021135805174708366,0.03535028267651796,0.001113411970436573
2035,0.1812603622674942,0.5631300806999207,0.024923990480601788,0.03179645258933306,0.0009008394554257393,0.02392834611237049,0.03908333461731672,0.0009994410793296993,0.023589840158820152,0.03498400282114744,0.0010541072115302086
2036,0.1779073029756546,0.36186784505844116,0.029426791239529848,0.03344768239185214,0.00099234189838171,0.028218424879014492,0.02191107952967286,0.0010886478703469038,0.02805281663313508,0.03362189047038555,0.0011476256186142564
2037,0.08611438237130642,2.3137259483337402,0.011778490617871284,0.016577374655753374,0.0008751171990297735,0.010237559909000993,0.01955203339457512,0.0009577763266861439,0.00984561606310308,0.01527779083698988,0.0010126210981979966
2038,0.10547151789069176,2.0762619972229004,0.020851078676059842,0.013861147221177816,0.0008834464533720165,0.020657273707911372,0.013051935937255621,0.0009648162813391536,0.0206980905495584,0.01347104087471962,0.0010326889459975064
2039,0.13848240301012993,1.002268671989441,0.021223665215075016,0.025778974406421185,0.0009112050756812096,0.02011318225413561,0.025664575397968292,0.0010106993140652776,0.019816381856799126,0.02288977848365903,0.0010739376302808523
2040,0.08347296714782715,0.6626352071762085,0.018610431696288288,0.008448167704045773,0.0006797495880164206,0.018473134259693325,0.008586147101595998,0.0008134988893289119,0.018499288009479642,0.008447750005871058,0.0009148005628958344
2041,0.11948548257350922,0.3854082524776459,0.019959052791818976,0.025924973655492067,0.0008985636522993445,0.019045864464715123,0.01632571266964078,0.0010043855872936547,0.018963349284604192,0.01629508612677455,0.0010684940498322248
2042,0.10420989617705345,0.22672061622142792,0.013445560820400715,0.023057657293975353,0.0008833666797727346,0.012689818162471056,0.020520278252661228,0.000945039268117398,0.01255179406143725,0.01912423735484481,0.0009921447490341961
2043,0.21153642982244492,0.586344838142395,0.039165325462818146,0.011938277631998062,0.0009759655222296715,0.039097635075449944,0.06678298208862543,0.0010751148802228272,0.03913573548197746,0.012219227850437164,0.0011461680987849832
2044,0.1129121296107769,2.9400699138641357,0.014650384895503521,0.027869107201695442,0.0008674734854139388,0.012224467936903238,0.022975324653089046,0.0009131157421506941,0.01130229001864791,0.021172580309212208,0.0009373801294714212
2045,0.15074393898248672,2.2320306301116943,0.023125496692955494,0.027746575884521008,0.0010865951771847904,0.022487987764179707,0.02679433673620224,0.0011510811746120453,0.022409276105463505,0.024751056917011738,0.0011915310751646757
2046,0.12061191722750664,1.3699513673782349,0.017437900882214308,0.022792483679950237,0.0008619164291303605,0.01691985223442316,0.02627631276845932,0.0009770114556886256,0.016846378333866596,0.017452124506235123,0.001047939236741513
2047,0.12333312351256609,0.5840836763381958,0.0151307072956115,0.028338403906673193,0.0007656523666810244,0.014607935678213835,0.023870137287303805,0.0008753006113693118,0.014510601875372231,0.024275295669212937,0.0009590874542482197
2048,0.10028185695409775,0.5873124003410339,0.01682009221985936,0.015540506690740585,0.0007688460173085332,0.016204933635890484,0.019662570673972368,0.0009110571700148284,0.015965602360665798,0.01341258268803358,0.0009956702415365726
2049,0.1195276752114296,1.458782434463501,0.02102648699656129,0.025804792996495962,0.0008136020915117115,0.020081505179405212,0.014724300242960453,0.0009091549727600068,0.019944013562053442,0.015253225341439247,0.0009705849806778133
2050,0.11291243880987167,1.5680289268493652,0.014284604229032993,0.023508646059781313,0.00094633549451828,0.01352075720205903,0.023857489228248596,0.001011055166600272,0.013336686883121729,0.02139441343024373,0.001052452134899795
2051,0.06439542025327682,0.28684136271476746,0.007656475063413382,0.013345158658921719,0.0008798877825029194,0.007264201296493411,0.012896062806248665,0.0009858409757725894,0.0071978943888098,0.01311239879578352,0.001057504618074745
2052,0.15380813274532557,1.5976327657699585,0.02349975996185094,0.008648719172924757,0.000819288834463805,0.023424065206199884,0.008612022269517183,0.0009438197012059391,0.023440436809323728,0.06338372267782688,0.0010363039036747068
2053,0.20294839888811111,2.188965082168579,0.04053857550024986,0.03213990991935134,0.0010012495331466198,0.03982966206967831,0.023615810088813305,0.0011067965533584356,0.04009954072535038,0.023447988089174032,0.001168861344922334
2054,0.10029804706573486,0.990425705909729,0.0157372928224504,0.018414804711937904,0.0009214400197379291,0.014883114490658045,0.016907828859984875,0.0010450657282490283,0.014546044170856476,0.016724069602787495,0.0011183877941220999
2055,0.13238723576068878,0.5082387924194336,0.030408866703510284,0.013885680586099625,0.0008385809487663209,0.029238597489893436,0.013351953588426113,0.0009456034749746323,0.02891930378973484,0.013782327063381672,0.0010163230472244322
2056,0.06801100447773933,0.7502314448356628,0.008675774559378624,0.013151462189853191,0.0007604629208799452,0.008335079066455364,0.012336472049355507,0.0008554875385016203,0.008294227067381144,0.014672429766505957,0.0009296109492424875
2057,0.3220399543642998,1.0985352993011475,0.035921297036111355,0.07128016836941242,0.0010992739698849618,0.035497997887432575,0.07106581330299377,0.0011967329774051905,0.035440453328192234,0.06927668116986752,0.0012615253799594939
2058,0.09617756307125092,1.2566288709640503,0.011042572557926178,0.02048063836991787,0.000876657257322222,0.010500552132725716,0.020359599962830544,0.0009541963809169829,0.010440562386065722,0.02050958899781108,0.001013199333101511
2059,0.09084862098097801,0.22390608489513397,0.010616812389343977,0.021157116163522005,0.000880344450706616,0.01016824971884489,0.015618503093719482,0.0009578151220921427,0.010151626542210579,0.020282540936022997,0.001015608781017363
2060,0.13876362890005112,0.9593867063522339,0.03048794250935316,0.015186096541583538,0.0009739248780533671,0.03013364691287279,0.015016833320260048,0.0010698999394662678,0.030141708441078663,0.014618925750255585,0.0011346544488333166
2061,0.0690508671104908,1.8240031003952026,0.008161224192008376,0.014630659949034452,0.0009042682650033385,0.007779905339702964,0.014133926015347242,0.0009765909926500171,0.007709769532084465,0.013723907060921192,0.0010306190815754235
2062,0.07848716527223587,1.3077911138534546,0.010266461409628391,0.015330314636230469,0.0008107447647489607,0.010012899991124868,0.014900353271514177,0.0009162382921203971,0.01000263076275587,0.01524377427995205,0.001003747747745365
2063,0.31990521401166916,1.0440346002578735,0.033594331704080105,0.07446201611310244,0.0009538556332699955,0.03315460402518511,0.07358578499406576,0.001078578206943348,0.032935998402535915,0.06898653693497181,0.0011534997029229999
2064,0.07845755107700825,1.3387439250946045,0.010852967854589224,0.015048121102154255,0.0008602395246271044,0.010159897152334452,0.0165135832503438,0.000934081879677251,0.00999348727054894,0.01310257287696004,0.0009925963240675628
2065,0.13748125731945038,2.772459030151367,0.020531801506876945,0.02548596914857626,0.000885301677044481,0.019693344132974744,0.024586336221545935,0.000990063650533557,0.01953141065314412,0.02472231024876237,0.0010547235724516213
2066,0.15631651133298874,5.667001247406006,0.03397677931934595,0.016270972322672606,0.000972191512119025,0.03283388074487448,0.019588693976402283,0.0010410104878246784,0.03253381419926882,0.01800386793911457,0.0010952999582514167
2067,0.11649422720074654,1.330964207649231,0.018195541575551033,0.02153794188052416,0.0008415203774347901,0.01734650321304798,0.021891840733587742,0.0009537532459944487,0.0170203298330307,0.017685688566416502,0.0010211120243184268
2068,0.0882824957370758,0.7451885938644409,0.009582265978679061,0.01941944332793355,0.0008876328356564045,0.009169628843665123,0.019117499236017466,0.0009810413175728172,0.009099152404814959,0.018982849549502134,0.001042983029037714
2069,0.11376338824629784,0.4905790686607361,0.013484403491020203,0.024870842695236206,0.0008799778297543526,0.012781478930264711,0.02365752635523677,0.0009388427424710244,0.012581105809658766,0.023580716457217932,0.0009884965547826141
2070,0.18347973749041557,6.502101421356201,0.033971226774156094,0.027322676964104176,0.0009806245798245072,0.031439416110515594,0.029620501212775707,0.0010569497244432569,0.03092013904824853,0.027067814022302628,0.0011003880063071847
2071,0.05634020455181599,1.4004586935043335,0.006402431987226009,0.012022834969684482,0.0007745763869024813,0.006074688397347927,0.011588180204853415,0.000899376580491662,0.006034232792444527,0.011552436044439673,0.0009914443944580853
2072,0.06640197709202766,2.992724895477295,0.008210368687286973,0.013288129586726427,0.0008830373408272862,0.008000165922567248,0.012957578524947166,0.0009810070041567087,0.008040569955483079,0.012994025368243456,0.0010470954002812505
2073,0.08247439656406641,1.090705156326294,0.01538467826321721,0.013156316475942731,0.0006937635480426252,0.014372754842042923,0.012143702944740653,0.0008266039658337831,0.013985204510390759,0.010989255970343947,0.0009221148793585598
2074,0.10011027753353119,2.903441905975342,0.01368899131193757,0.022512284107506275,0.0007907847757451236,0.012268785387277603,0.019607515074312687,0.0008699448080733418,0.01189783588051796,0.017553032841533422,0.0009211007854901254
2075,0.12385299429297447,2.6572887897491455,0.01798372995108366,0.023069927468895912,0.0008632020908407867,0.017429638653993607,0.02183917397633195,0.000969256681855768,0.01727888733148575,0.023390088230371475,0.0010290911886841059
2076,0.21834653615951538,0.3685735762119293,0.034664020873606205,0.03580258786678314,0.0009697013301774859,0.03284818306565285,0.03932190127670765,0.0011064296995755285,0.03259146586060524,0.03986619971692562,0.001176052202936262
2077,0.14819951355457306,0.5842892527580261,0.027208717074245214,0.02321686130017042,0.0010051949066109955,0.02566489391028881,0.021848599892109632,0.0011203988688066602,0.025506581645458937,0.021441271994262934,0.0011869848240166903
2078,0.15095874294638634,2.2758474349975586,0.01788478111848235,0.03452571760863066,0.0009491171804256737,0.017162898555397987,0.033611295744776726,0.0010052756406366825,0.016967710107564926,0.02781106298789382,0.0010408874368295074
2079,0.20902150124311447,1.4065076112747192,0.04134260304272175,0.022696370724588633,0.0009667278500273824,0.039781076833605766,0.030987482983618975,0.0010713525698520243,0.03953331522643566,0.031507326290011406,0.0011352368164807558
2080,0.15220754593610764,1.294599175453186,0.01674614567309618,0.029232226312160492,0.0010409110691398382,0.016166927292943,0.03504640609025955,0.0011044389102607965,0.016016608104109764,0.03570832684636116,0.001145556743722409
2081,0.15310722589492798,1.562717318534851,0.01829716330394149,0.032596335746347904,0.0009368573082610965,0.017478263936936855,0.03477258700877428,0.0010030065313912928,0.01723727071657777,0.029728218913078308,0.0010575245833024383
2082,0.10967564210295677,0.3665037751197815,0.013910152949392796,0.024037132039666176,0.0008825878030620515,0.013439268805086613,0.02124072564765811,0.0009702988900244236,0.013301899190992117,0.020861517637968063,0.0010320615256205201
2083,0.10577721893787384,1.2401000261306763,0.021590576972812414,0.013303680811077356,0.000847144954605028,0.02131119789555669,0.012636370956897736,0.0009366351005155593,0.02131198113784194,0.012843408156186342,0.000996221206150949
2084,0.1990050971508026,0.5876010060310364,0.03577113337814808,0.028672303073108196,0.001049945130944252,0.03514689486473799,0.028415146749466658,0.0011116662062704563,0.03498722892254591,0.03269314067438245,0.0011576388496905565
2085,0.10209865123033524,0.8323783278465271,0.017377650132402778,0.01888860808685422,0.0008864604460541159,0.01591434353031218,0.016655571293085814,0.0009703165560495108,0.015437988564372063,0.014940145425498486,0.0010275651002302766
2086,0.13097026944160461,0.29425379633903503,0.019880975130945444,0.02701338194310665,0.0009146131051238626,0.019189665094017982,0.026407347060739994,0.0009961753385141492,0.01918440219014883,0.016335361171513796,0.0010483483783900738
2087,0.08082178607583046,0.48759227991104126,0.010253007523715496,0.015663544181734324,0.0008703804924152792,0.009968265425413847,0.015508833341300488,0.0009555147844366729,0.00993698788806796,0.01664058119058609,0.0010246732854284346
2088,0.2231704741716385,0.9531337022781372,0.0320258941501379,0.023847274016588926,0.0010596616193652153,0.03142833337187767,0.022995581850409508,0.0011249682866036892,0.03127864748239517,0.0782373957335949,0.001172730524558574
2089,0.07375309988856316,0.8670675158500671,0.008412187919020653,0.01569393090903759,0.0008136280521284789,0.008077469654381275,0.01544003700837493,0.000899659440619871,0.008050116011872888,0.015396841336041689,0.0009692294697742909
2090,0.1096303891390562,0.30755186080932617,0.01336928503587842,0.022212997544556856,0.0009256031480617821,0.012553164968267083,0.022518375422805548,0.0009876288822852075,0.012331884820014238,0.023700417950749397,0.0010310297657269984
2091,0.1267186887562275,1.1529805660247803,0.019941530423238873,0.02488662488758564,0.0008944313449319452,0.019068941939622164,0.016617062035948038,0.0009996992303058505,0.01893305010162294,0.02431546151638031,0.0010618850938044488
2092,0.2808107119053602,1.7704401016235352,0.025951307965442538,0.06776503100991249,0.0009191537974402308,0.02570677804760635,0.0664953957311809,0.0010023235226981342,0.025692636147141457,0.06620960123836994,0.00106849119765684
2093,0.14485170505940914,0.25823044776916504,0.017514148727059364,0.028016414027661085,0.0008632872777525336,0.016729711089283228,0.032394560519605875,0.0009251138544641435,0.01650827727280557,0.03093079663813114,0.0009693922474980354
2094,0.10611592233181,3.4407691955566406,0.012761276215314865,0.023208866827189922,0.0009509486262686551,0.012233518995344639,0.021247527562081814,0.00101328146411106,0.012291132472455502,0.021347477100789547,0.0010618899832479656
2095,0.20213036239147186,3.9280669689178467,0.0316551448777318,0.04406357742846012,0.001015489368000999,0.029393392149358988,0.03470316901803017,0.0010894908045884222,0.029074678663164377,0.030008326284587383,0.0011270854738540947
2096,0.07286788150668144,0.9577255845069885,0.008133168332278728,0.015810643322765827,0.0009274760959669948,0.007709059398621321,0.015553325414657593,0.0009963136399164796,0.007591991452500224,0.015094590373337269,0.0010513125453144312
2097,0.1786455288529396,0.9115242958068848,0.02481177169829607,0.03431140352040529,0.0009798405226320028,0.023747380822896957,0.03555988892912865,0.0010536558111198246,0.023525811731815338,0.033554418943822384,0.001101359201129526
2098,0.11483706533908844,1.0075478553771973,0.015550149139016867,0.023639263585209846,0.0008674611453898251,0.014872997999191284,0.020288698375225067,0.0009439114364795387,0.0147286681458354,0.022943617310374975,0.0010022983187809587
2099,0.09741619788110256,1.2113066911697388,0.014505325118079782,0.014927430544048548,0.0008446320716757327,0.01381379971280694,0.019054684787988663,0.0009814162622205913,0.01355080702342093,0.01866998802870512,0.0010681163985282183
2100,0.12217621505260468,0.9143083691596985,0.014183930587023497,0.02555728703737259,0.0009594822477083653,0.01351457741111517,0.026492060162127018,0.0010250137420371175,0.013363392557948828,0.02600483689457178,0.0010756347328424454
2101,0.10675591602921486,0.4196307063102722,0.013494571205228567,0.02338743582367897,0.0009224067907780409,0.012621261645108461,0.021604781970381737,0.000983245379757136,0.012393047334626317,0.020322524942457676,0.0010266421013511717
2102,0.14621447771787643,1.1342486143112183,0.022080578841269016,0.02752908319234848,0.001089259865693748,0.021617178805172443,0.026557955890893936,0.0011639600270427763,0.021638899110257626,0.02332318853586912,0.0012143755448050797
2103,0.09820076823234558,1.07084059715271,0.011235445272177458,0.020665164571255445,0.0008420301892329007,0.010821412783116102,0.022866462357342243,0.0009263674437534064,0.010831428691744804,0.019023816101253033,0.0009886403568089008
2104,0.06314229033887386,1.5236541032791138,0.00871412456035614,0.011374282650649548,0.0008083426801022142,0.008500705007463694,0.01156427338719368,0.0009239530772902071,0.008524298202246428,0.01173467468470335,0.0009976373403333127
2105,0.15147899091243744,0.7798084020614624,0.02273309463635087,0.032354106195271015,0.0008919040847104043,0.0216093510389328,0.0309747951105237,0.0009698672220110893,0.02154156193137169,0.019379508681595325,0.0010248051839880645
2106,0.10820351541042328,1.3280789852142334,0.015931650530546904,0.021661236882209778,0.0009132697014138103,0.015037935692816973,0.016402588691562414,0.0010343743488192558,0.01471824711188674,0.021393701434135437,0.001110512181185186
2107,0.10464033856987953,0.45632481575012207,0.016766792628914118,0.01936231041327119,0.0008260543108917773,0.01602964010089636,0.014356984756886959,0.0009379666298627853,0.015765237156301737,0.019582892768085003,0.0010124623659066856
2108,0.0963464267551899,4.254922866821289,0.011924126651138067,0.018673268146812916,0.0009424718446098268,0.010295841377228498,0.02200565952807665,0.0010091796284541488,0.009821025189012289,0.020621958188712597,0.001052892068400979
2109,0.06363983824849129,1.2696096897125244,0.006959221791476011,0.014029738027602434,0.0009075545240193605,0.00673581613227725,0.013641994446516037,0.000999774201773107,0.006752602057531476,0.012554819229990244,0.0010583154507912695
2110,0.07000552117824554,1.64310884475708,0.009278888814151287,0.013662229292094707,0.0008555262174922973,0.008811567910015583,0.013332294300198555,0.0009420713176950812,0.00871199881657958,0.013398961164057255,0.0010119820362888277
2111,0.06689289957284927,0.26549825072288513,0.00830838899128139,0.012876138091087341,0.0008239142189268023,0.007946274010464549,0.013387580402195454,0.000903266598470509,0.007892197696492076,0.01379693765193224,0.0009582006314303726
2112,0.08032869175076485,2.0920331478118896,0.00992864090949297,0.018149014562368393,0.0009113211999647319,0.0092485377099365,0.017598414793610573,0.0009847290348261595,0.00915539893321693,0.013314529322087765,0.0010381052852608263
2113,0.09405582398176193,0.9556552171707153,0.011161517817527056,0.02034673746675253,0.0008894334023352712,0.010757027193903923,0.01868755742907524,0.0009708821889944375,0.010740117635577917,0.019470891915261745,0.0010316577972844243
2114,0.09874805435538292,0.6762565970420837,0.016475051641464233,0.01571925636380911,0.0007626081933267415,0.015832949429750443,0.013969992753118277,0.0008956158417277038,0.015579800587147474,0.0185344647616148,0.000978310708887875
2115,0.10222265869379044,0.48948103189468384,0.01304599642753601,0.02059732936322689,0.0008708216482773423,0.011640381067991257,0.022068878635764122,0.0009270973387174308,0.011310878675431013,0.020795375108718872,0.0009659045608714223
2116,0.07961338758468628,0.7965604066848755,0.009471053257584572,0.014478736091405153,0.0007892315916251391,0.009183925576508045,0.018703165464103222,0.0008956467790994793,0.009187641087919474,0.015932891983538866,0.0009710940648801625
2117,0.10696683079004288,0.6756142377853394,0.018597227986902,0.017179738264530897,0.0008170437649823725,0.017229152377694845,0.018743015825748444,0.000920824968488887,0.01677142223343253,0.01571779465302825,0.0009906154009513557
2118,0.09778836742043495,0.5468312501907349,0.02013935218565166,0.011483901645988226,0.0008639892912469804,0.019950824789702892,0.011311791837215424,0.0009724170377012342,0.019958332646638155,0.012065849266946316,0.001041905372403562
2119,0.066674143075943,0.7859022617340088,0.007934179273433983,0.012940582353621721,0.0007048654952086508,0.00753808137960732,0.015766626689583063,0.0008186108316294849,0.0074990702560171485,0.012557448353618383,0.000914679781999439
2120,0.11394191905856133,1.0975621938705444,0.013909295201301575,0.021536655724048615,0.0009556019795127213,0.013523534405976534,0.023667975328862667,0.0010209124884568155,0.013521806336939335,0.024736649822443724,0.0010694846860133111
2121,0.07571643218398094,1.280015230178833,0.010094279423356056,0.015767825301736593,0.0008129921916406602,0.009818118065595627,0.01385200209915638,0.0009118663729168475,0.009801474865525961,0.013669184409081936,0.0009886881161946803
2122,0.07311307638883591,0.8134132027626038,0.010051927529275417,0.014192796312272549,0.0008108753536362201,0.00975484773516655,0.013111036270856857,0.0009092791005969048,0.009703220799565315,0.013593623880296946,0.000985471619060263
2123,0.09385024756193161,2.978781223297119,0.013443620409816504,0.024361861404031515,0.0008441026147920638,0.011828910326585174,0.01449663657695055,0.0009091772662941366,0.01139169023372233,0.015617767348885536,0.0009564809442963451
2124,0.15286287665367126,0.4824336767196655,0.01848006108775735,0.031250483356416225,0.0010122139938175678,0.01767198322340846,0.029857796616852283,0.0010808096267282963,0.01742652989923954,0.034960970282554626,0.001122029556427151
2125,0.10747628659009933,0.725693941116333,0.013191996375098825,0.023889968171715736,0.0009595620504114777,0.012607232900336385,0.021358800120651722,0.0010356120183132589,0.012463276507332921,0.020886607468128204,0.0010832325206138194
2126,0.1414251495152712,2.481196641921997,0.017948334105312824,0.027937686536461115,0.000896772718988359,0.016915154177695513,0.03168274508789182,0.0009604938677512109,0.016526843886822462,0.027550149708986282,0.0010069713462144136
2127,0.19681806862354279,2.4390146732330322,0.0380934989079833,0.025911728851497173,0.0009807292371988297,0.03475394006818533,0.03489655163139105,0.0010877206223085523,0.03417428769171238,0.025774555280804634,0.0011450580786913633
2128,0.14039672166109085,1.455439805984497,0.02116739423945546,0.029049714095890522,0.0009622275829315186,0.020009654574096203,0.019563456997275352,0.0010549304424785078,0.019850193057209253,0.02762823924422264,0.0011109101469628513
2129,0.09777506068348885,0.7356427907943726,0.01688091573305428,0.015295531135052443,0.0009844859596341848,0.016406072536483407,0.014472002163529396,0.0010876304586417973,0.016335336957126856,0.015156611800193787,0.0011564716114662588
2130,0.14763421565294266,1.2257646322250366,0.018307426944375038,0.030120703391730785,0.0009355617803521454,0.01767163025215268,0.027747055981308222,0.0009918705327436328,0.01755516417324543,0.03327718796208501,0.001027615333441645
2131,0.05868084542453289,0.5071849226951599,0.007898143259808421,0.011166818905621767,0.0007713481318205595,0.007360587827861309,0.011301802471280098,0.0008584160532336682,0.007225681096315384,0.011182119604200125,0.0009159287728834897
2132,0.17695091664791107,1.7806259393692017,0.030557338148355484,0.027513571083545685,0.0009974499698728323,0.027980624698102474,0.024928326718509197,0.0010810415842570364,0.027708586771041155,0.03506077826023102,0.001123195659602061
2133,0.20668896287679672,0.3805866241455078,0.03287707921117544,0.018393033649772406,0.0009602411300875247,0.03221954312175512,0.013572542928159237,0.0010766610503196716,0.032005177810788155,0.07443699426949024,0.0011476892977952957
2134,0.1710180602967739,0.9440498352050781,0.028040726203471422,0.03580909688025713,0.0010080114589072764,0.02678408892825246,0.024912357330322266,0.0011120445560663939,0.02667037397623062,0.02549654059112072,0.0011848087306134403
2135,0.16976171731948853,0.9485235214233398,0.02788326656445861,0.0343954972922802,0.0010066622053273022,0.026679764036089182,0.024744654074311256,0.0011098322574980557,0.02653139503672719,0.026230457238852978,0.0011801952496170998
2136,0.07414236478507519,1.7233307361602783,0.0077862662728875875,0.016380566405132413,0.0007153673213906586,0.00764505157712847,0.01599468686617911,0.0008256328292191029,0.007714161183685064,0.016167643247172236,0.0009129873942583799
2137,0.09975212067365646,1.4631839990615845,0.01684203092008829,0.016007920261472464,0.0010014287545345724,0.016495986375957727,0.014802905730903149,0.0011049213935621083,0.016480712220072746,0.015843878500163555,0.0011723353527486324
2138,0.24227787554264069,0.6309924721717834,0.03669141698628664,0.0439042579382658,0.0010601975955069065,0.035221463069319725,0.04577214829623699,0.0011487792944535613,0.03524132817983627,0.04204979166388512,0.0011884933919645846
2139,0.11414281651377678,1.6161335706710815,0.012411841657012701,0.025030347052961588,0.0009817951067816466,0.011908099986612797,0.025063584558665752,0.0010466671083122492,0.01177722355350852,0.024828990921378136,0.0010942709632217884
2140,0.10516571253538132,0.8973568677902222,0.017868249211460352,0.017690546810626984,0.0008655060082674026,0.016472741961479187,0.016911945305764675,0.0009608730324544013,0.01607339410111308,0.017293113283813,0.0010293369414284825
2141,0.11007605120539665,1.0173019170761108,0.02191842347383499,0.013899522833526134,0.000812184443930164,0.02172415889799595,0.015437120106071234,0.0009121674229390919,0.021720273420214653,0.012660037726163864,0.0009921666351146996
2142,0.09126812592148781,1.6733062267303467,0.013309339061379433,0.01682916283607483,0.0007853981514927,0.012135200668126345,0.015778866596519947,0.000867300113895908,0.011739915702491999,0.018900512717664242,0.0009224290552083403
2143,0.07888950780034065,1.6037437915802002,0.01198028028011322,0.01268433965742588,0.0008400116348639131,0.011666679289191961,0.013722337782382965,0.0009232893062289804,0.011601977050304413,0.014485047664493322,0.0009855443495325744
2144,0.07182344608008862,1.5475419759750366,0.008821948897093534,0.016149163246154785,0.0007631390762981027,0.008512647822499275,0.012365991715341806,0.0008535309752915055,0.008503937860950828,0.014930794946849346,0.0009222893277183175
2145,0.1839994378387928,1.5662710666656494,0.029853050131350756,0.023151556961238384,0.0009987438679672778,0.029261793475598097,0.03444271022453904,0.0010998800280503929,0.02951660566031933,0.03452199837192893,0.0011530901538208127
2146,0.1499483659863472,0.8464604616165161,0.023022913374006748,0.026891279965639114,0.0010700750863179564,0.02232896164059639,0.0248103654012084,0.0011360138887539506,0.02218657359480858,0.027322381734848022,0.0011797926272265613
2147,0.08464889228343964,1.0037460327148438,0.01011091424152255,0.019048435147851706,0.0009689739090390503,0.009478146210312843,0.015178484842181206,0.0010296240216121078,0.009411264443770051,0.01835131784901023,0.0010717288823798299
2148,0.31386856734752655,1.514746069908142,0.035760145634412766,0.08691444434225559,0.0010409579263068736,0.035024779848754406,0.08651400730013847,0.0011016673524864018,0.03480448853224516,0.03155898628756404,0.0011490981560200453
2149,0.17834053933620453,1.8860902786254883,0.029959524981677532,0.022283457685261965,0.0009118419548030943,0.02896939218044281,0.032155385706573725,0.0010182862170040607,0.028706754092127085,0.03323908615857363,0.0010968217684421688
2150,0.07584034651517868,0.509074866771698,0.014663623529486358,0.010778948431834579,0.0006849986384622753,0.01376403181347996,0.010431216796860099,0.000815182487713173,0.013514612219296396,0.01027229311875999,0.0009154417784884572
2151,0.08463084325194359,1.5659821033477783,0.010875415056943893,0.016924910247325897,0.0008681491308379918,0.010653826408088207,0.016742870211601257,0.0009527597576379776,0.01066886680200696,0.015933181159198284,0.0010108648566529155
2152,0.1271439641714096,0.9700596928596497,0.023612658493220806,0.015865846071392298,0.0008585304603911936,0.023190877865999937,0.019217050168663263,0.0009391347994096577,0.023188844323158264,0.0192743637599051,0.0009966571815311909
2153,0.08159306459128857,0.624873161315918,0.01823357946705073,0.008189960848540068,0.0006777286471333355,0.018157410086132586,0.007930683204904199,0.0008078957325778902,0.018234942108392715,0.008448984008282423,0.0009118796442635357
2154,0.11687331274151802,3.0920844078063965,0.014799140393733978,0.025866658426821232,0.0008895497885532677,0.014063631184399128,0.022665032651275396,0.0009602248319424689,0.01385882729664445,0.02275472693145275,0.0010155214695259929
2155,0.06920720636844635,1.4498924016952515,0.009072097018361092,0.015091244596987963,0.0007490860298275948,0.00874367356300354,0.012280869763344526,0.0008439202792942524,0.008684005588293076,0.012827194295823574,0.0009151162230409682
2156,0.08360212296247482,1.0216208696365356,0.010106173809617758,0.01713882153853774,0.0009342769626528025,0.009543171618133783,0.01707042008638382,0.0010248605394735932,0.009453774662688375,0.0172411915846169,0.0010894336737692356
2157,0.17509715631604195,0.4353695511817932,0.026411564089357853,0.013258151710033417,0.0009815556404646486,0.02615353697910905,0.0678039719350636,0.0010627032024785876,0.026124300435185432,0.012178977485746145,0.0011224040645174682
2158,0.14142682403326035,0.6230013370513916,0.021933437325060368,0.022712393198162317,0.0009575393341947347,0.02076960075646639,0.026965136639773846,0.0010374684643466026,0.020567207597196102,0.025395048782229424,0.0010889850091189146
2159,0.1273830309510231,3.3462674617767334,0.02606111764907837,0.016064089722931385,0.0008544966403860599,0.024746017064899206,0.015776142943650484,0.0009246296831406653,0.02437275554984808,0.017618820536881685,0.0009649599087424576
2160,0.1067858561873436,1.580757737159729,0.01581007894128561,0.018516363576054573,0.0009278214420191944,0.015201428439468145,0.02229525614529848,0.0010421279002912343,0.015008059795945883,0.016877098008990288,0.001107631716877222
2161,0.18378831073641777,3.2459568977355957,0.027483615092933178,0.014398090075701475,0.0009509455994702876,0.02739313244819641,0.06850742688402534,0.0010396561701782048,0.027487728279083967,0.01542530907317996,0.001102405512938276
2162,0.12067926302552223,2.765615224838257,0.014728899579495192,0.02314788941293955,0.0009590681293047965,0.014499312732368708,0.024886883329600096,0.0010281915892846882,0.014512823894619942,0.025843982584774494,0.0010722114820964634
2163,0.12420495972037315,1.3910667896270752,0.020861099008470774,0.01908381748944521,0.0008978376863524318,0.020356354769319296,0.02100240718573332,0.0009890125365927815,0.020503823645412922,0.019456936046481133,0.0010536739137023687
2164,0.10926848649978638,0.42986738681793213,0.023180192802101374,0.012472895439714193,0.0008359878265764564,0.02297657961025834,0.012756611220538616,0.0009254506148863584,0.02293089171871543,0.012200687546283007,0.0009891863446682692
2165,0.09594843164086342,0.9380369782447815,0.012388403993099928,0.017881866544485092,0.0009897894342429936,0.011352949775755405,0.021570738404989243,0.001043419528286904,0.011154249776154757,0.018482578918337822,0.0010844342759810388
2166,0.06614621356129646,0.42454656958580017,0.008597929030656815,0.013822670560330153,0.0007429228571709245,0.008189188782125711,0.01250292407348752,0.0008291126578114927,0.008064718917012215,0.012497753836214542,0.0008989917114377022
2167,0.1076161116361618,0.7555331587791443,0.021934174932539463,0.014746162574738264,0.0007933909655548632,0.021679316647350788,0.012094889767467976,0.0008904986316338181,0.021631515119224787,0.012880902737379074,0.0009652522567193955
2168,0.12143570184707642,1.2025355100631714,0.012910154182463884,0.026294637471437454,0.0009565007931087166,0.012426820583641529,0.026776067912578583,0.0010255586821585894,0.012296524830162525,0.027670208364725113,0.001079227076843381
2169,0.09294167160987854,0.8084402084350586,0.010333614889532328,0.017876577097922564,0.0008969135233201087,0.01002481346949935,0.020144073758274317,0.0009615565941203386,0.010078846476972103,0.021614328026771545,0.0010109473369084299
2170,0.11080951988697052,0.9404336810112,0.02183833159506321,0.01498620118945837,0.0009324619895778596,0.021556589286774397,0.013821498025208712,0.001022608979837969,0.021497549954801798,0.014074063394218683,0.0010802168981172144
2171,0.07862505316734314,1.3524415493011475,0.00950088957324624,0.016892130486667156,0.0009049955406226218,0.009078922681510448,0.015669542364776134,0.000994224799796939,0.009033966809511185,0.015489863231778145,0.001060518086887896
2172,0.07030780985951424,2.517322063446045,0.008318779291585088,0.015044581145048141,0.0008983036095742136,0.008052661782130599,0.014000524766743183,0.0009686429111752659,0.008040715707466006,0.013963210862129927,0.0010203896672464907
2173,0.07180972397327423,0.5240691900253296,0.008606969844549894,0.015465024393051863,0.0009176696767099202,0.008012467762455344,0.014151983428746462,0.0010012838465627283,0.00784938340075314,0.014745576772838831,0.0010593640326987952
2174,0.13089357316493988,1.282772183418274,0.02116170572116971,0.025770640466362238,0.0008552383515052497,0.020018427399918437,0.016995183657854795,0.0009366839949507266,0.019771440653130412,0.02439805818721652,0.000986201164778322
2175,0.15172270871698856,0.7069282531738281,0.027401355793699622,0.022532279137521982,0.0009951186075340956,0.026186547940596938,0.023693899158388376,0.001100528403185308,0.026004758197814226,0.022643371019512415,0.0011648485669866204
2176,0.08376692607998848,0.8856707215309143,0.009225586894899607,0.018888541497290134,0.0008315226587001234,0.00891590490937233,0.016005142591893673,0.0009182074281852692,0.008886577561497688,0.019106985069811344,0.0009884584578685462
2177,0.07651619985699654,0.684160053730011,0.010110847186297178,0.01487828604876995,0.0007973311876412481,0.00981104327365756,0.015355635900050402,0.0008937426027841866,0.009782969951629639,0.01391954766586423,0.0009667940903455019
2178,0.13607365638017654,1.4657732248306274,0.02788571547716856,0.017759470269083977,0.0009527781512588263,0.02624033484607935,0.017475657165050507,0.0010481485514901578,0.0256029749289155,0.018000622279942036,0.0011079537216573954
2179,0.1504264920949936,2.1096112728118896,0.01850070245563984,0.0334026925265789,0.0009994491119869053,0.017673537135124207,0.031091117300093174,0.0010608937009237707,0.017429037485271692,0.02917103562504053,0.0010980207589454949
2180,0.09050572663545609,0.9258477091789246,0.014308675657957792,0.018846512772142887,0.0008311413403134793,0.013422959949821234,0.013975522480905056,0.0009579234174452722,0.013046215986832976,0.014077196829020977,0.0010395810240879655
2181,0.07629608362913132,0.3967846930027008,0.00982162356376648,0.014648273587226868,0.0008719257020857185,0.00955277238972485,0.014882750809192657,0.0009406738099642098,0.009504759451374412,0.015080501325428486,0.0009928048239089549
2182,0.16795381903648376,0.39731141924858093,0.026059013791382313,0.03639247640967369,0.00095459891599603,0.024863055907189846,0.025188819505274296,0.0010128029680345207,0.024693614803254604,0.027739308774471283,0.0010501336073502898
2183,0.16292604431509972,0.22623325884342194,0.029049744829535484,0.032312098890542984,0.0009122166666202247,0.027923558373004198,0.021249071694910526,0.0010268414625898004,0.02801360283046961,0.021343183238059282,0.0010957305203191936
2184,0.15119396895170212,0.5114532709121704,0.027856255415827036,0.02348741888999939,0.0009821756393648684,0.026663823518902063,0.021483666729182005,0.0010795736161526293,0.02670661499723792,0.021796828601509333,0.0011376124457456172
2185,0.10773686319589615,0.2787398397922516,0.01923093246296048,0.016490680165588856,0.0009678035567048937,0.018818425945937634,0.015646388288587332,0.0010503120138309896,0.018739961087703705,0.015684541314840317,0.0011078212410211563
2186,0.10042958706617355,0.2748008966445923,0.01904879091307521,0.014558516442775726,0.0008364488021470606,0.017663189209997654,0.013789885677397251,0.0009266062406823039,0.01733557041734457,0.015287341549992561,0.0009832321666181087
2187,0.12918385118246078,0.465388685464859,0.02050510235130787,0.025063219480216503,0.0008821415831334889,0.01956296619027853,0.016766423359513283,0.000966629188042134,0.019463064149022102,0.024954072665423155,0.0010202269768342376
2188,0.08258698880672455,0.8705124855041504,0.009188212919980288,0.015635556541383266,0.000832199293654412,0.00885294284671545,0.0184372765943408,0.0009238861384801567,0.008826040662825108,0.01889675110578537,0.0009941203752532601
2189,0.10854196175932884,0.46317756175994873,0.012542243115603924,0.023752075619995594,0.0009119402384385467,0.012017210945487022,0.021389426663517952,0.0009860527352429926,0.011924879625439644,0.023976947646588087,0.0010411907569505274
2190,0.0731937475502491,1.7341692447662354,0.008647017413750291,0.01649987488053739,0.0007107657438609749,0.008310338482260704,0.012646533781662583,0.0008133274095598608,0.008291136007755995,0.016374194528907537,0.0009005591855384409
2191,0.26044946908950806,0.41919293999671936,0.03510888013988733,0.01710782526060939,0.0009617419564165175,0.03403542656451464,0.06882025115191936,0.0010558312642388046,0.033675012178719044,0.06856779381632805,0.0011167131597176194
2192,0.10571777075529099,0.47748517990112305,0.019221906550228596,0.014900775626301765,0.0008978031110018492,0.018771450966596603,0.01569264056161046,0.0010004559298977256,0.018721154425293207,0.015447304584085941,0.0010642836277838796
2193,0.06660810485482216,1.4097504615783691,0.007974229287356138,0.013357784133404493,0.0008202317112591118,0.007665083510801196,0.012336624320596457,0.0009264415712095797,0.007603833917528391,0.014922833535820246,0.0010010443511418998
2194,0.07788337022066116,1.2289234399795532,0.009399647824466228,0.016992046032100916,0.0009348432649858296,0.008871827740222216,0.01556225074455142,0.0010182274272665381,0.008750378619879484,0.015278193168342113,0.0010759554570540786
2195,0.10329687222838402,0.6504607796669006,0.01702983141876757,0.01732661109417677,0.0010120976367034018,0.016547753708437085,0.016575827728956938,0.0010889023542404175,0.016433929093182087,0.016138809733092785,0.0011431141174398363
2196,0.13623234629631042,0.47468191385269165,0.02428026031702757,0.018295074813067913,0.0009519185114186257,0.023431417532265186,0.02163512445986271,0.001069796271622181,0.02314395923167467,0.02228257618844509,0.0011422199895605445
2197,0.08275520615279675,2.5959367752075195,0.011301545891910791,0.021363249514251947,0.0007937232439871877,0.009816069388762116,0.01409200532361865,0.0008492683409713209,0.009344016667455435,0.014308733865618706,0.0008865954296197742
2198,0.07526205107569695,1.4589636325836182,0.008998028002679348,0.015783040784299374,0.0009458587155677378,0.0085682338103652,0.015190661884844303,0.0010277362307533622,0.008488364517688751,0.015174249187111855,0.0010858767200261354
2199,0.04821676202118397,1.1912782192230225,0.0071246420266106725,0.008123967098072171,0.0006214250170160085,0.00694503216072917,0.008875061757862568,0.0007517078192904592,0.006949396338313818,0.007975185755640268,0.0008503480057697743
2200,0.10257548093795776,0.3111097812652588,0.017780862282961607,0.016521744895726442,0.0009728594159241766,0.017200362402945757,0.015545063186436892,0.0010594711638987064,0.01707314932718873,0.01530528999865055,0.0011166781769134104
2201,0.1535348640754819,0.7425065040588379,0.023352674557827413,0.008513425942510366,0.0008116215176414698,0.02324819436762482,0.0638883754145354,0.0009296434000134468,0.023274508421309292,0.00849729822948575,0.0010191217879764736
2202,0.11058419942855835,0.3390597403049469,0.018190219532698393,0.016924561467021704,0.0009280242957174778,0.01766291121020913,0.01857027504593134,0.0010240439733024687,0.017533672507852316,0.01865932811051607,0.0010911652352660894
2203,0.14116058871150017,0.3281400203704834,0.01649087551049888,0.031768225599080324,0.0009311259491369128,0.015837197424843907,0.03161351149901748,0.001002579869236797,0.015682571567595005,0.026781864929944277,0.0010526370024308562
2204,0.06894402019679546,1.0518440008163452,0.008202977827750146,0.018903520656749606,0.0006835273234173656,0.006835708045400679,0.011874120216816664,0.000775516004068777,0.006487571052275598,0.014329812955111265,0.0008512700442224741
2205,0.17053057998418808,2.179764986038208,0.0242955656722188,0.031215805560350418,0.0008851536549627781,0.023056993260979652,0.03783107548952103,0.0009712235478218645,0.022564955055713654,0.028680489864200354,0.0010293111554346979
2206,0.12103443220257759,4.106685638427734,0.02032998902723193,0.02419301588088274,0.000839212239952758,0.017935609444975853,0.018371807411313057,0.0009066837665159255,0.017219778150320053,0.020292701199650764,0.0009456379630137235
2207,0.1109187975525856,0.7029786109924316,0.012669207993894815,0.02573672030121088,0.0009574462310411036,0.012175303883850574,0.02369539625942707,0.0010257505055051297,0.012083459179848433,0.021494023967534304,0.0010814846027642488
2208,0.11411530524492264,3.3044095039367676,0.014644359704107046,0.020572382025420666,0.0009365967125631869,0.014258516021072865,0.025189489126205444,0.0009967238584067672,0.014258416835218668,0.022214217111468315,0.0010446113883517683
2209,0.18155661970376968,1.152010440826416,0.027754363603889942,0.03674339782446623,0.0010134369367733598,0.027052965480834246,0.03418892063200474,0.0011066380538977683,0.02719458006322384,0.025334383361041546,0.0011679359595291317
2210,0.04339412599802017,0.6720573306083679,0.005560070276260376,0.008275592233985662,0.000669404398649931,0.0051211254904046655,0.008994896430522203,0.0007854211726225913,0.005022539757192135,0.008098061894997954,0.0008670140232425183
2211,0.10032117366790771,0.47594040632247925,0.01629006676375866,0.01844138093292713,0.0007539908401668072,0.015579760074615479,0.014781501144170761,0.0008751574205234647,0.015277863945811987,0.017369928304105997,0.0009515201381873339
2212,0.11222568154335022,0.30501705408096313,0.012385876849293709,0.023522195406258106,0.0009637543407734483,0.011884674429893494,0.025871459394693375,0.0010310539219062775,0.011778032407164574,0.023700900375843048,0.001087732962332666
2213,0.12747006118297577,0.18567438423633575,0.027495085261762142,0.017565814312547445,0.0008102536376100034,0.02684111800044775,0.013533679768443108,0.0009252809104509652,0.026590843684971333,0.012711020186543465,0.0009969673701561987
2214,0.060924138873815536,1.2726211547851562,0.0068374257534742355,0.013320214115083218,0.0008963527507148683,0.006524726748466492,0.012160508427768946,0.0009824801818467677,0.006473670247942209,0.012691461015492678,0.0010373014374636114
2215,0.07329811155796051,0.6044778823852539,0.008776792790740728,0.014078905805945396,0.0008156798430718482,0.00835102191194892,0.015445176512002945,0.0009005997853819281,0.008304896764457226,0.01565395388752222,0.000971087021753192
2216,0.12562735378742218,1.8753715753555298,0.019452798645943403,0.01994232088327408,0.0009975613211281598,0.01908235950395465,0.02201493363827467,0.0010713288793340325,0.019214508589357138,0.022729352116584778,0.0011221836903132498
2217,0.1239724699407816,0.6326248049736023,0.020235577365383506,0.023855354636907578,0.0008155597315635532,0.01931672217324376,0.014818284194916487,0.0008968373876996338,0.019188825273886323,0.023897697683423758,0.0009476048871874809
2218,0.11855972185730934,1.1678436994552612,0.013988635502755642,0.026013811118900776,0.000889804883627221,0.013252340722829103,0.025925299152731895,0.000950933841522783,0.013066347222775221,0.023468405939638615,0.0010041456553153694
2219,0.1543249525129795,0.7868067622184753,0.018001564778387547,0.03507212828844786,0.0009369328909087926,0.017338234465569258,0.034982120618224144,0.000994777656160295,0.017178941518068314,0.028780126944184303,0.0010401377803646028
2220,0.09239397943019867,2.3255319595336914,0.011981240939348936,0.018313461914658546,0.0010075620957650244,0.011391324922442436,0.019627681002020836,0.0010776154231280088,0.011279204860329628,0.016582644544541836,0.001133246289100498
2221,0.09396769851446152,1.5557514429092407,0.011522016488015652,0.018385198898613453,0.0009337410447187722,0.010984624270349741,0.019904980435967445,0.0010033565922640264,0.010880040004849434,0.019291424192488194,0.0010623179259710014
2222,0.09839128702878952,1.0890873670578003,0.017632954753935337,0.014736932702362537,0.0008981656283140182,0.017140682321041822,0.013999833259731531,0.0009890153887681663,0.0170054470654577,0.01494400342926383,0.001044253323925659
2223,0.1338142231106758,1.2202222347259521,0.030464057810604572,0.01582301501184702,0.0008302779751829803,0.0294447373598814,0.013239587657153606,0.000923185667488724,0.029149388894438744,0.01295175263658166,0.000988224521279335
2224,0.11674650758504868,0.6387816667556763,0.019480735529214144,0.01772246602922678,0.0010411014081910253,0.018705253023654222,0.01970000844448805,0.001117053092457354,0.018555563408881426,0.019255121238529682,0.0011692100670188665
2225,0.07768175005912781,1.5301878452301025,0.011452649720013142,0.014010255690664053,0.0008413750911131501,0.011181912384927273,0.013647620100528002,0.0009167849784716964,0.011133491061627865,0.013524160254746675,0.0009735023195389658
2226,0.09440291672945023,1.068170428276062,0.011232261080294847,0.023478687275201082,0.0008531944185961038,0.009815923869609833,0.019574969075620174,0.0009082945180125535,0.009413305204361677,0.018181573133915663,0.0009447105694562197
2227,0.12223381921648979,0.2948179543018341,0.023579424247145653,0.020388138946145773,0.0008185081533156335,0.021877720020711422,0.01614015968516469,0.0009380850824527442,0.021462014876306057,0.01601967215538025,0.001010097621474415
2228,0.069511653855443,1.4915666580200195,0.008461024146527052,0.014953670091927052,0.0008748098043724895,0.008007048396393657,0.013845653273165226,0.0009562023624312133,0.007926130667328835,0.013473899103701115,0.0010132129536941648
2229,0.11903297901153564,0.6177068948745728,0.019382630474865437,0.020877123810350895,0.0008511433261446655,0.01780635304749012,0.018860651180148125,0.0009323144040536135,0.017481991089880466,0.02185150422155857,0.0009892666130326688
2230,0.08141665533185005,0.8145709037780762,0.010525223333388567,0.016787556000053883,0.0010041994974017143,0.009779094718396664,0.016016945242881775,0.0010760583681985736,0.009627241175621748,0.015474527608603239,0.0011258060112595558
2231,0.13325802236795425,1.0500563383102417,0.024115840904414654,0.021763835102319717,0.0009428155317436904,0.023164479061961174,0.01725017186254263,0.0010577917855698615,0.02278717327862978,0.02105009276419878,0.0011258256272412837
2232,0.09871294349431992,1.2845959663391113,0.017753365449607372,0.01708994060754776,0.000797000975580886,0.016380763612687588,0.014367780648171902,0.0008968316833488643,0.01601695315912366,0.014441182371228933,0.0009691209124866873
2233,0.08395829424262047,0.5706352591514587,0.009674451546743512,0.01631835359148681,0.0007793482509441674,0.00931727176066488,0.016294903587549925,0.0008789995335973799,0.009251651936210692,0.020483769942075014,0.0009595448209438473
2234,0.09047234803438187,0.6591569781303406,0.014320532092824578,0.015205836854875088,0.000808919663541019,0.01335171633400023,0.01763086812570691,0.0009197454783134162,0.013032380258664489,0.014213379472494125,0.0009889645734801888
2235,0.10432387888431549,3.034752368927002,0.020914176711812615,0.013198374304920435,0.0008847341232467443,0.020735573256388307,0.012897779233753681,0.0009588277316652238,0.020726878894492984,0.012989788316190243,0.001017755945213139
2236,0.07754560932517052,1.3677294254302979,0.00988100003451109,0.018441204447299242,0.0008015595376491547,0.009506734786555171,0.013680423144251108,0.0008702950144652277,0.009495659731328487,0.013953556306660175,0.0009151757985819131
2237,0.20676617324352264,0.22645089030265808,0.036717736162245274,0.03604655060917139,0.0011188611388206482,0.03548138588666916,0.03422362543642521,0.001209948561154306,0.03528015036135912,0.025422291830182076,0.0012656308244913816
2238,0.09543439745903015,2.1563291549682617,0.012174940202385187,0.023522099945694208,0.0008471516484860331,0.010418679565191269,0.018670636229217052,0.0009100893512368202,0.009920935146510601,0.01802215166389942,0.0009477122803218663
2239,0.23932994157075882,1.401563286781311,0.038794489577412605,0.017317366786301136,0.0009935465059243143,0.03796072583645582,0.02401325525715947,0.0010758444550447166,0.03782938979566097,0.08021060563623905,0.0011347156250849366
2240,0.191225815564394,0.9549754858016968,0.028671220410615206,0.07261200249195099,0.0010382261243648827,0.028071204200387,0.013846241869032383,0.001110157580114901,0.02801645454019308,0.01669609174132347,0.0011642195750027895
2241,0.09819622337818146,1.134696364402771,0.012019082903862,0.021830768324434757,0.0008763290825299919,0.011479170061647892,0.019553033635020256,0.0009421634604223073,0.01139715383760631,0.019109471701085567,0.00098905258346349
2242,0.18871470540761948,1.8552701473236084,0.03437122795730829,0.02449142187833786,0.0009572705021128058,0.03271044231951237,0.034533290192484856,0.0010786002385430038,0.03226419351994991,0.027160161174833775,0.001148101466242224
2243,0.12575868144631386,1.2448142766952515,0.015585558954626322,0.026841359212994576,0.0009470889926888049,0.014715731609612703,0.027820566669106483,0.0009901795419864357,0.014591027982532978,0.02324208151549101,0.0010250897612422705
2244,0.0680084116756916,3.0707437992095947,0.008044751593843102,0.013853882905095816,0.000896710465895012,0.007774651516228914,0.013795406557619572,0.0009635397000238299,0.007775002857670188,0.01389055559411645,0.0010139126679860055
2245,0.08681373298168182,2.9674160480499268,0.015600539278239012,0.012187113286927342,0.0008269445970654488,0.015497392509132624,0.012151472503319383,0.0009424819145351648,0.01570426137186587,0.012880354188382626,0.00102317234268412
2246,0.17508061788976192,3.717778205871582,0.026986525394022465,0.012474677059799433,0.0009271727758459747,0.026883795857429504,0.012095027137547731,0.0010010803525801748,0.026949535589665174,0.06670829840004444,0.001054503198247403
2247,0.19305092841386795,3.3323049545288086,0.02892404980957508,0.017444482538849115,0.001055956701748073,0.028563653118908405,0.07195260003209114,0.0011261480394750834,0.028657803311944008,0.01415042532607913,0.0011758050532080233
2248,0.076822929084301,1.7343652248382568,0.00999880488961935,0.015940614510327578,0.0008087778405752033,0.00976882316172123,0.014949793461710215,0.000876175647135824,0.00987759348936379,0.013676428236067295,0.0009259199141524732
2249,0.06579218059778214,0.9396420121192932,0.008960858220234513,0.012239313218742609,0.0008567655750084668,0.008732932852581143,0.012694794218987226,0.0009496940183453262,0.00873657502233982,0.011602146551012993,0.0010190997272729874
2250,0.07805185765028,3.024308204650879,0.0103109588380903,0.015591123141348362,0.0008724759100005031,0.008726659463718534,0.0179663160815835,0.0009385657031089067,0.008267229190096259,0.01439066557213664,0.0009878614800982177
2251,0.07258238270878792,1.0186183452606201,0.011234455741941929,0.011676703114062548,0.0007719466229900718,0.010956402868032455,0.012121978681534529,0.0008659379673190415,0.010882418137043715,0.013134276494383812,0.0009382592979818583
2252,0.02598254755139351,1.6480790376663208,0.002809896715916693,0.005341946380212903,0.000517698033945635,0.0027763781836256385,0.004923673579469323,0.0006689703150186688,0.0028931954875588417,0.00524505227804184,0.0008057364611886442
2253,0.07449814304709435,0.7858843207359314,0.008834457490593195,0.014727301429957151,0.0008101876301225275,0.00844708364456892,0.01570298010483384,0.0008952793141361326,0.008402140811085701,0.015712594613432884,0.0009661175135988742
2254,0.0767456442117691,0.5078322291374207,0.010878152679651976,0.015428812243044376,0.000786403747042641,0.009307967033237219,0.013921891339123249,0.0008413245959673077,0.008889561519026756,0.015812489204108715,0.0008790408901404589
2255,0.10946926102042198,1.9383506774902344,0.014947524759918451,0.021908418275415897,0.0008705932123120874,0.014508077409118414,0.020149685442447662,0.0009369546896778047,0.014412990305572748,0.020748795941472054,0.0009862274746410549
2256,0.1660720407962799,1.4164468050003052,0.028448263183236122,0.023910002782940865,0.0009189787087962031,0.02758994698524475,0.02296979585662484,0.0010305067989975214,0.027723719831556082,0.03238753229379654,0.0010932917648460716
2257,0.19571442902088165,1.1323282718658447,0.02929862681776285,0.029467173852026463,0.000993338762782514,0.028022024780511856,0.038618805818259716,0.001075622159987688,0.027950871735811234,0.03916153311729431,0.001126426737755537
2258,0.11191114783287048,2.994460344314575,0.013648240827023983,0.023532684892416,0.0009538085432723165,0.012935813516378403,0.02410817751660943,0.0010007963282987475,0.012770155677571893,0.02192142140120268,0.001040053553879261
2259,0.06473856419324875,2.1395132541656494,0.008664670865982771,0.012321399990469217,0.0008631756063550711,0.008435251889750361,0.012403004337102175,0.0009525266650598496,0.008423426188528538,0.011657225899398327,0.0010178803349845111
2260,0.08137647062540054,0.7460970282554626,0.009380278643220663,0.017619049176573753,0.0008716205484233797,0.0091306297108531,0.017568079754710197,0.0009560321632307023,0.009114362299442291,0.015710974112153053,0.0010254387161694467
2261,0.08234582096338272,0.9446974992752075,0.00926987361162901,0.016926630400121212,0.0008936630911193788,0.008871771395206451,0.01774037443101406,0.0009825098677538335,0.008816400542855263,0.017795496620237827,0.0010490978602319956
2262,0.10304472222924232,1.0202150344848633,0.018129101023077965,0.019503511488437653,0.0007997169450391084,0.016903706826269627,0.014142194762825966,0.0008895850332919508,0.016637048684060574,0.01508363476023078,0.0009562232007738203
2263,0.10880514606833458,0.5192580223083496,0.021388164721429348,0.014454195741564035,0.0009249720023944974,0.021067671943455935,0.013807197101414204,0.0010138922662008554,0.021023256704211235,0.014053547754883766,0.0010722462320700288
2264,0.06898143887519836,1.2725409269332886,0.009422447998076677,0.01292373426258564,0.0008104915614239872,0.009141833754256368,0.012870806269347668,0.000891937263077125,0.00908105936832726,0.012877742294222116,0.0009613852889742702
2265,0.14605160057544708,0.8494080305099487,0.02505304105579853,0.023067659698426723,0.0009416546963620931,0.0247940756380558,0.022181096486747265,0.0010128688300028443,0.024803808890283108,0.023135275579988956,0.0010621249675750732
2266,0.07275058329105377,0.804965615272522,0.008941099978983402,0.015741555951535702,0.0008026162395253778,0.008592040278017521,0.014600241556763649,0.0008799085044302046,0.008535302244126797,0.013724551536142826,0.0009332718909718096
2267,0.13251478970050812,0.526677668094635,0.026510655879974365,0.017579594627022743,0.000960251345532015,0.02513434924185276,0.017458973452448845,0.001056041568517685,0.024816508404910564,0.017888137139379978,0.001110280107241124
2268,0.16479220986366272,0.6363562345504761,0.02530284132808447,0.035447973757982254,0.0009603877842891961,0.024085448123514652,0.02530062571167946,0.0010132837342098355,0.023892740719020367,0.02774065174162388,0.0010482593206688762
2269,0.0968761295080185,0.6077166795730591,0.020732464967295527,0.01041842345148325,0.0007695458771195263,0.020495536969974637,0.011124062351882458,0.0008528982580173761,0.020472574280574918,0.011103614699095488,0.0009070107771549374
2270,0.061869923025369644,2.0882980823516846,0.007375989807769656,0.012752781622111797,0.0008691906987223774,0.007128533907234669,0.012230153195559978,0.0009578857861924917,0.007144184084609151,0.012390493415296078,0.0010207133018411696
2271,0.11992097273468971,6.874524116516113,0.017936889082193375,0.026986208744347095,0.0008485274156555533,0.01519389869645238,0.0222883652895689,0.0008891357865650207,0.014317846391350031,0.02054518274962902,0.0009149160177912563
2272,0.10322164371609688,0.5094553232192993,0.012953046942129731,0.022412254009395838,0.000863875902723521,0.012204364407807589,0.021750668063759804,0.0009125816286541522,0.01199876144528389,0.019176212139427662,0.0009498749277554452
2273,0.15264411643147469,0.7361234426498413,0.01917095948010683,0.03251958731561899,0.0009128873934969306,0.018478970043361187,0.03286998439580202,0.0009665240650065243,0.01828596042469144,0.028435045387595892,0.001004198973532766
2274,0.11467289924621582,1.2707260847091675,0.019011002499610186,0.017251421231776476,0.0008811246079858392,0.018242022953927517,0.015308262780308723,0.0009786263981368393,0.018131282180547714,0.02382433647289872,0.0010448198881931603
2275,0.11255505308508873,1.6603515148162842,0.01496870955452323,0.020671012811362743,0.0008593139355070889,0.014302795752882957,0.022043457720428705,0.000927670655073598,0.014114328194409609,0.02368243783712387,0.0009853235678747296
2276,0.06101110018789768,0.4579731822013855,0.008320700144395232,0.010964651126414537,0.0007929425337351859,0.00804597302339971,0.01133290445432067,0.0009036703559104353,0.007994078565388918,0.011667914688587189,0.0009882647427730262
2277,0.0687592402100563,0.6562625765800476,0.01095921779051423,0.011512011755257845,0.0007161886896938086,0.010685533285140991,0.011217739433050156,0.0008246033103205264,0.010633173864334822,0.011297312565147877,0.0009134575666394085
2278,0.1062939316034317,0.7319042086601257,0.017820444889366627,0.01773575134575367,0.0009902800375130028,0.017371946945786476,0.016190855763852596,0.0010783348116092384,0.01732336450368166,0.016643978655338287,0.0011389738065190613
2279,0.08824634179472923,1.3692142963409424,0.011802430730313063,0.019819476641714573,0.0008636449929326773,0.011509229429066181,0.015660651493817568,0.0009325823048129678,0.01152727659791708,0.015149320475757122,0.0009817269747145474
2280,0.13654601573944092,0.9368415474891663,0.021571232937276363,0.027705312706530094,0.0009336932853329927,0.02044833218678832,0.022655786015093327,0.0010099648497998714,0.020010025706142187,0.02114996872842312,0.0010616970248520374
2281,0.17666542530059814,1.213075041770935,0.026676508598029613,0.028783919289708138,0.0009067092905752361,0.025330844335258007,0.03426261804997921,0.0009720431989990175,0.0248913811519742,0.03382632648572326,0.001015074725728482
2282,0.1319105178117752,1.1376643180847168,0.01518259011209011,0.028879674151539803,0.0009523718326818198,0.014548295643180609,0.025945721194148064,0.0009963765332940966,0.014436268247663975,0.029941609129309654,0.0010276094544678926
2283,0.07245399430394173,0.5933790802955627,0.011231165379285812,0.0122825400903821,0.0007720454595983028,0.0109455487690866,0.01207870151847601,0.0008627710922155529,0.010876794811338186,0.012470248155295849,0.0009341823460999876
2284,0.07569399569183588,0.5073915123939514,0.014270045445300639,0.01250818744301796,0.0006727501458954066,0.013213192927651107,0.010202963137999177,0.0007970065926201642,0.013058894546702504,0.010071920463815331,0.0008990379865281284
2285,0.06237610150128603,1.0027772188186646,0.008331955526955426,0.01226130174472928,0.0006828789773862809,0.006910292082466185,0.01481414190493524,0.0007758552092127502,0.006560864509083331,0.011185022769495845,0.0008537869434803724
2286,0.054085951298475266,0.7224408388137817,0.005817529861815274,0.010743012186139822,0.0007021890196483582,0.005598215735517442,0.011743788607418537,0.0008108994516078383,0.005611213971860707,0.012145915534347296,0.0009131878614425659
2287,0.11489688605070114,1.1951019763946533,0.019271185621619225,0.025673674419522285,0.0008389994327444583,0.01702468516305089,0.01574173104017973,0.0009069772786460817,0.01696558203548193,0.01751874852925539,0.0009553042473271489
2288,0.10814513266086578,0.7050887942314148,0.017964827828109264,0.017595362849533558,0.001060327747836709,0.017393495421856642,0.01708175800740719,0.0011462694383226335,0.017315843142569065,0.017380508594214916,0.0012067400384694338
2289,0.1068800538778305,1.6922087669372559,0.01325168740004301,0.022505613509565592,0.0009105420904234052,0.012302643852308393,0.020791990216821432,0.0009637212206143886,0.012006400851532817,0.023146154824644327,0.0010013022692874074
2290,0.10536881163716316,0.7557384371757507,0.016973630990833044,0.01958118099719286,0.0008545439632143825,0.01602297555655241,0.017834607511758804,0.0009431628277525306,0.01583310356363654,0.016316042747348547,0.0010095626930706203
2291,0.17064866237342358,1.2025505304336548,0.02722631348297,0.022931735031306744,0.0010218176466878504,0.026414554100483656,0.03143782541155815,0.0011165598989464343,0.026342759607359767,0.03297783760353923,0.0011792568839155138
2292,0.17725782841444016,1.4506453275680542,0.030350730754435062,0.027117899619042873,0.0008997331606224179,0.029682365246117115,0.026458611246198416,0.0009672677260823548,0.029533524997532368,0.03122910112142563,0.0010185916326008737
2293,0.08292701095342636,1.6905014514923096,0.01293520862236619,0.015994979068636894,0.0007844810024835169,0.011551693081855774,0.014757487922906876,0.0008587644551880658,0.01118181087076664,0.01394842378795147,0.0009141601913142949
2294,0.11976126581430435,0.5960522890090942,0.014039125293493271,0.027345234528183937,0.001022517099045217,0.013274298515170813,0.024896003305912018,0.0010768292704597116,0.0131062394939363,0.02388669177889824,0.0011143271112814546
2295,0.0921171773225069,0.5291509628295898,0.010503621422685683,0.020024403696879745,0.0007714595703873783,0.010005675023421645,0.019815003499388695,0.000858443760080263,0.009911501430906355,0.01929391920566559,0.000933149247430265
2296,0.09231476485729218,0.9197966456413269,0.016997387632727623,0.014922372065484524,0.0007703380251768976,0.015956356888636947,0.012299940921366215,0.0008548070327378809,0.015652740374207497,0.013952774927020073,0.0009080518502742052
2297,0.1421116590499878,1.8668670654296875,0.022026298567652702,0.026688912883400917,0.0009168140823021531,0.020512014627456665,0.02522390056401491,0.0009777321247383952,0.020140649750828743,0.02460802160203457,0.001017318369122222
2298,0.1689625233411789,0.9064833521842957,0.027072372380644083,0.031841826625168324,0.0009890891669783741,0.02604060573503375,0.03147320635616779,0.0010809395171236247,0.02590805571526289,0.0234216321259737,0.0011347977560944855
2299,0.20176178961992264,1.1516176462173462,0.029369143303483725,0.03519684448838234,0.0009974408894777298,0.028301537968218327,0.038516003638505936,0.001085250754840672,0.02818361995741725,0.03897210955619812,0.0011398348724469543
2300,0.14236175268888474,1.9386422634124756,0.021724668331444263,0.027914450503885746,0.0009302521939389408,0.02051048818975687,0.026130964048206806,0.000989862106507644,0.02021072991192341,0.02292299922555685,0.0010273353545926511
2301,0.0780157521367073,3.5349984169006348,0.010895250830799341,0.014227709267288446,0.0008254445856437087,0.010739581193774939,0.015018477570265532,0.0009078313014470041,0.010823687072843313,0.013611452654004097,0.000966316758422181
2302,0.0742945596575737,1.7104966640472412,0.008690792601555586,0.01599089289084077,0.0008783761004451662,0.0083319335244596,0.014620836358517408,0.000955303170485422,0.008303723763674498,0.01550169289112091,0.0010210119653493166
2303,0.12323696166276932,0.7524785399436951,0.015119914431124926,0.02518849354237318,0.000944080064073205,0.014276052825152874,0.02609492652118206,0.0009878741693682969,0.014079710934311152,0.02552158012986183,0.0010243283468298614
2304,0.14887105487287045,1.028680443763733,0.024689936661161482,0.02760584861971438,0.000823577371193096,0.0238041328266263,0.01854871609248221,0.0009505586349405348,0.023659659316763282,0.02776021882891655,0.0010284107993356884
2305,0.2347610518336296,0.6633639335632324,0.026567059569060802,0.014552316162735224,0.0010633398196659982,0.02626548381522298,0.06917065661400557,0.0011506074806675315,0.02623752783983946,0.06854219455271959,0.0012118581216782331
2306,0.08803290128707886,3.0279271602630615,0.011254903394728899,0.018256585113704205,0.0009267612476833165,0.010795573703944683,0.016837387811392546,0.0009908894426189363,0.01075765397399664,0.017172313295304775,0.001040837960317731
2307,0.12413489073514938,2.6479623317718506,0.01646737288683653,0.027218464761972427,0.0009588518587406725,0.014722494408488274,0.022515092976391315,0.0010035213199444115,0.014285306446254253,0.025931851007044315,0.001031936553772539
2308,0.10624511912465096,2.4787299633026123,0.019073161762207747,0.01534476038068533,0.0009165602677967399,0.018775712233036757,0.014846878591924906,0.0010121191735379398,0.018842273857444525,0.01635932270437479,0.0010743351886048913
2309,0.3093390017747879,2.1581778526306152,0.035701082088053226,0.03153839986771345,0.0010493898880667984,0.035163807682693005,0.08175190910696983,0.0011058177333325148,0.03516194596886635,0.0867196898907423,0.0011469630990177393
2310,0.07270654290914536,1.6037932634353638,0.011033066548407078,0.01303628645837307,0.000781081267632544,0.0108010433614254,0.01215332793071866,0.0008697427110746503,0.010782492812722921,0.012315941043198109,0.0009335607173852623
2311,0.20773077756166458,0.5692636966705322,0.04000450111925602,0.03153672954067588,0.00098093252745457,0.039299504831433296,0.022448315285146236,0.0010790099622681737,0.039270518347620964,0.03197587048634887,0.001135392114520073
2312,0.07620575651526451,1.098165512084961,0.01047929422929883,0.014226516243070364,0.0008492301567457616,0.010203652083873749,0.015054313465952873,0.0009326590225100517,0.010163300205022097,0.013299980200827122,0.000996807764749974
2313,0.09673957899212837,1.3145807981491089,0.017652016133069992,0.01414971798658371,0.0008411100134253502,0.01651449641212821,0.015380109194666147,0.0009247181878890842,0.01627387898042798,0.014027468394488096,0.0009760656685102731
2314,0.09668347239494324,1.154432773590088,0.015311114024370909,0.017623391933739185,0.0008386828703805804,0.014574597589671612,0.016924175899475813,0.0009492527460679412,0.01429603761062026,0.0151403839699924,0.0010258381953462958
2315,0.19011418148875237,1.4268423318862915,0.03561121504753828,0.025033626705408096,0.0009871338261291385,0.03411105554550886,0.033264434430748224,0.0010804262419696897,0.03392168693244457,0.024973024614155293,0.00113158009480685
2316,0.21397832036018372,0.5189827680587769,0.038696879521012306,0.027861235663294792,0.0010162689140997827,0.037267982959747314,0.03465060703456402,0.00111541390651837,0.03730514366179705,0.0349029116332531,0.0011618855060078204
2317,0.11622292920947075,2.267080068588257,0.014887094963341951,0.023795639164745808,0.0010185152641497552,0.01433789636939764,0.024319143034517765,0.0010729887872003019,0.014387527946382761,0.02128773368895054,0.001116391969844699
2318,0.07575912028551102,1.5239455699920654,0.008392283460125327,0.016412091441452503,0.0009795078076422215,0.008076671045273542,0.015524541959166527,0.0010516016627661884,0.008043259847909212,0.016174249351024628,0.0011049131280742586
2319,0.13936273753643036,0.7445486783981323,0.021617594175040722,0.023076577112078667,0.0010667333845049143,0.021127408370375633,0.02294317726045847,0.001142149674706161,0.02107325941324234,0.02612176351249218,0.0011940711410716176
2320,0.11163081228733063,1.851543664932251,0.013977472204715014,0.023450493346899748,0.0009434811072424054,0.013432245701551437,0.02361918520182371,0.0009964503697119653,0.013336775358766317,0.020844105165451765,0.0010305980104021728
2321,0.146270290017128,0.4716111719608307,0.026394271291792393,0.02222807239741087,0.0009194064186885953,0.025889186188578606,0.02006358839571476,0.0009802314161788672,0.025807524099946022,0.02296118065714836,0.0010268307523801923
2322,0.10087587684392929,0.9091871976852417,0.015135202091187239,0.02135371696203947,0.0009143799543380737,0.014274565503001213,0.017123832367360592,0.0010229995823465288,0.013971998821943998,0.015983962919563055,0.0010952172451652586
2323,0.0718612652271986,0.37232130765914917,0.008362551685422659,0.01591211836785078,0.0008496133959852159,0.007884616265073419,0.014354041777551174,0.0009265131666325033,0.007776935584843159,0.014804966747760773,0.0009899070719256997
2324,0.0935596413910389,3.2169322967529297,0.01224368205294013,0.024237746372818947,0.0009413205552846193,0.010490286629647017,0.017006617039442062,0.0009995175059884787,0.010015856940299273,0.016588957980275154,0.0010356557904742658
2325,0.19410750642418861,3.163822650909424,0.032727309968322515,0.03558409586548805,0.0009962408803403378,0.03035782277584076,0.027457470074295998,0.0010614697821438313,0.029831883031874895,0.034996251575648785,0.0010949661955237389
2326,0.14981144666671753,1.1515586376190186,0.019104280043393373,0.029742153827100992,0.0009091689134947956,0.0183988269418478,0.02876163786277175,0.0009630376298446208,0.018293550703674555,0.032633045222610235,0.0010057507315650582
2327,0.08057411201298237,1.1693944931030273,0.011035335250198841,0.01502290554344654,0.0007913016015663743,0.009571552975103259,0.017375055700540543,0.0008479856769554317,0.009208103409036994,0.015837939456105232,0.0008839297806844115
2328,0.20039813220500946,0.4111381769180298,0.04165494441986084,0.022372516337782145,0.0009777350933291018,0.0407455675303936,0.030167986638844013,0.0010774228430818766,0.04069441556930542,0.021566316951066256,0.0011412256862968206
2329,0.09551633149385452,1.583092451095581,0.0120096227619797,0.019918063888326287,0.000772849511122331,0.011526528047397733,0.019701901357620955,0.000854509649798274,0.011470925062894821,0.018325979821383953,0.0009359572432003915
2330,0.07447639107704163,0.384287565946579,0.008226773701608181,0.015996263828128576,0.0009764309506863356,0.007791096344590187,0.01593953277915716,0.001045148412231356,0.007714756531640887,0.015688144136220217,0.001098239328712225
2331,0.07989882677793503,0.9869102835655212,0.010004119481891394,0.016418851912021637,0.000864261033711955,0.0097437035292387,0.01485397107899189,0.0009425060707144439,0.009706076700240374,0.016367205884307623,0.00099813292035833
2332,0.1032693050801754,1.2335431575775146,0.02147872792556882,0.012430515140295029,0.0008330346609000117,0.021183436270803213,0.011919662356376648,0.0009194208541885018,0.021157309412956238,0.012364031746983528,0.0009831635688897222
2333,0.08996154367923737,5.099384784698486,0.01188000338152051,0.020773859694600105,0.0008654918055981398,0.010410187067463994,0.01730759395286441,0.000937337230425328,0.010069625219330192,0.016728952061384916,0.0009884955070447177
2334,0.3381170481443405,1.5169552564620972,0.04683052748441696,0.022654937580227852,0.0011110086925327778,0.04609306715428829,0.08682959899306297,0.0011936392402276397,0.04593409597873688,0.08621923066675663,0.0012509519001469016
2335,0.08552837744355202,0.5648797154426575,0.009446418844163418,0.016353302635252476,0.0008811276056803763,0.009130985476076603,0.018916981760412455,0.0009664409444667399,0.0091587845236063,0.01964519452303648,0.0010291372891515493
2336,0.12144140899181366,2.6631884574890137,0.01794166537001729,0.0241811852902174,0.0008377317572012544,0.01610010303556919,0.021459335461258888,0.0009226444235537201,0.015545155853033066,0.023481089621782303,0.0009724989358801395
2337,0.06958946958184242,3.2536683082580566,0.00919994292780757,0.013604956213384867,0.0008732514397706836,0.008872094098478556,0.01294707041233778,0.0009453858656343073,0.008876550011336803,0.013274827040731907,0.0009953907574526966
2338,0.10693038627505302,0.9988089799880981,0.017885621171444654,0.01813437230885029,0.0009332738118246198,0.016607048455625772,0.018383259885013103,0.0010286307660862803,0.01624894980341196,0.016624568961560726,0.0010846565710380673
2339,0.17554833739995956,1.909596562385559,0.027497556526213884,0.033831870183348656,0.001028367958497256,0.026600192533805966,0.03406374203041196,0.0011151337530463934,0.02652341197244823,0.023725238628685474,0.0011628317297436297
2340,0.07773613929748535,2.812711000442505,0.011477796826511621,0.013277597725391388,0.0008490998006891459,0.011287531815469265,0.014270482119172812,0.0009245203400496393,0.011272755451500416,0.013403746765106916,0.000972608191659674
2341,0.026985947974026203,1.024705410003662,0.00312727817799896,0.005142966518178582,0.0005172714882064611,0.0029720169259235263,0.005205848254263401,0.0006611605058424175,0.0029938328079879284,0.005572394002228975,0.0007931794389151037
2342,0.0487485658377409,0.5242088437080383,0.006846154923550785,0.009004538180306554,0.0006724156846757978,0.006657624733634293,0.008583196438848972,0.0007861231570132077,0.006655437988229096,0.0086677186191082,0.0008753555594012141
2343,0.09233083203434944,0.6606332659721375,0.009948316728696227,0.02047053724527359,0.0008963332511484623,0.009625818114727736,0.020209348294883966,0.0009597011376172304,0.009599054232239723,0.019615632481873035,0.0010060903150588274
2344,0.07077274471521378,0.8921571373939514,0.008652526652440429,0.014300607610493898,0.0009181824862025678,0.008062775945290923,0.014180026017129421,0.001000360178295523,0.007897265022620559,0.014701356180012226,0.0010596411302685738
2345,0.18042387068271637,0.8185610175132751,0.026748348027467728,0.014408648014068604,0.001062690105754882,0.026448944117873907,0.06925010867416859,0.0011453157057985663,0.02639507409185171,0.01375774946063757,0.0012069953372702003
2346,0.075324147939682,1.0744643211364746,0.01002657413482666,0.014746935106813908,0.0008011634345166385,0.009746167808771133,0.013420536648482084,0.0008947776805143803,0.009736592881381512,0.014988328330218792,0.0009630736312828958
2347,0.1749436967074871,1.4703071117401123,0.029113879427313805,0.031061291694641113,0.000977423187578097,0.027995917946100235,0.0311343465000391,0.0010818828595802188,0.02814337844029069,0.02429628698155284,0.0011392817250452936
2348,0.23068546503782272,1.4995384216308594,0.026746047660708427,0.052608370780944824,0.0009827253525145352,0.025608906522393227,0.05138106271624565,0.0010192784829996526,0.025323230773210526,0.04597572609782219,0.0010401280596852303
2349,0.08846373111009598,0.612798810005188,0.011793361511081457,0.018269583582878113,0.0007950833532959223,0.011332852765917778,0.014429464470595121,0.0008795534668024629,0.011283133644610643,0.01873550284653902,0.0009451952064409852
2350,0.13653219491243362,0.6172299385070801,0.030243332497775555,0.016456758603453636,0.0008349319396074861,0.029342557303607464,0.014224653597921133,0.0009282933315262198,0.029151764698326588,0.014361920766532421,0.00098798715043813
2351,0.06412505358457565,0.5179582238197327,0.009348667925223708,0.011560342740267515,0.0007641681004315615,0.008886012947186828,0.01107934070751071,0.0008579090645071119,0.008765586651861668,0.011933053843677044,0.0009299687808379531
2352,0.06837783008813858,0.6793599724769592,0.00913051888346672,0.013094366993755102,0.000817684514913708,0.008864816511049867,0.013138568960130215,0.0008978797122836113,0.008809986291453242,0.012654499616473913,0.0009695057233329862
2353,0.06300390884280205,0.4700556993484497,0.007316545583307743,0.014420208055526018,0.000865614099893719,0.006844476331025362,0.012944354210048914,0.0009358207753393799,0.006738589610904455,0.011942545883357525,0.0009957532165572047
2354,0.11656712740659714,2.3823091983795166,0.014222366735339165,0.024762166664004326,0.0009353143395856023,0.013483223039656878,0.02254642080515623,0.0009904280595947057,0.0132746328599751,0.025317897088825703,0.001034672954119742
2355,0.0981712844222784,0.3184593915939331,0.02080230531282723,0.01159980846568942,0.0007701709400862455,0.020568573148921132,0.011401100549846888,0.0008538069669157267,0.020527203334495425,0.01072493102401495,0.0009233866003341973
2356,0.09771537035703659,1.1307703256607056,0.014960821252316236,0.018445106223225594,0.0009139686590060592,0.014108245261013508,0.01642765011638403,0.0010218434035778046,0.01382484519854188,0.01692626252770424,0.001086621719878167
2357,0.1334199160337448,0.5359132885932922,0.018427884206175804,0.02657486218959093,0.000922559091122821,0.017506425268948078,0.02597493678331375,0.0010148350265808403,0.017203596886247396,0.024718817323446274,0.0010759938159026206
2358,0.12822598591446877,0.2939673364162445,0.029696572571992874,0.012703333050012589,0.0008222602191381156,0.028738356195390224,0.012022865936160088,0.0009173711878247559,0.028519396670162678,0.01382702961564064,0.0009788029710762203
2359,0.11211974173784256,0.4844704270362854,0.013689396437257528,0.023201274685561657,0.0009374512592330575,0.013251861091703176,0.022847025655210018,0.0009992860723286867,0.013185526244342327,0.022962809074670076,0.0010451081907376647
2360,0.05833088792860508,2.3390791416168213,0.006914942758157849,0.012384639587253332,0.0007842698832973838,0.006703102262690663,0.011197744403034449,0.0008966409950517118,0.006739678792655468,0.011731395730748773,0.0009784739231690764
2361,0.09752363711595535,4.353280067443848,0.013973933178931475,0.019210374914109707,0.0009270163718611002,0.01295020803809166,0.019453514367341995,0.0009780629188753664,0.012893229722976685,0.01613163249567151,0.0010056684259325266
2362,0.16356191039085388,1.3726820945739746,0.026530008763074875,0.027120815590023994,0.0008545342134311795,0.02520539052784443,0.03018768783658743,0.0009670643485151231,0.024871425703167915,0.026791912503540516,0.0010330710792914033
2363,0.17098728939890862,0.9222092628479004,0.02651925222016871,0.012026513926684856,0.0009022757294587791,0.02625406114384532,0.01102430745959282,0.0009792811470106244,0.026174328522756696,0.06606957595795393,0.001037695474224165
2364,0.11409465223550797,0.5868797898292542,0.018822455313056707,0.017549768090248108,0.0008503705030307174,0.017574161291122437,0.02016668114811182,0.0009280681551899761,0.017353906761854887,0.01987242791801691,0.0009768111922312528
2365,0.07380101457238197,0.44562646746635437,0.008650485426187515,0.015379010234028101,0.0008610050135757774,0.00826170202344656,0.014937546569854021,0.0009390533959958702,0.00821240758523345,0.015554205514490604,0.0010055979946628213
2366,0.2024991661310196,1.7174961566925049,0.03289472684264183,0.041425878182053566,0.001051809813361615,0.03143320977687836,0.029166847467422485,0.0011165515752509236,0.031160633079707623,0.03309433348476887,0.0011551824864000082
2367,0.07595811039209366,1.1123027801513672,0.01013140194118023,0.014830455183982849,0.0008682443876750767,0.009721531998366117,0.014468510169535875,0.0009579903562553227,0.009640742093324661,0.014311598148196936,0.0010276359389536083
2368,0.09861438721418381,0.7265708446502686,0.017106858547776937,0.01684579160064459,0.0007981273229233921,0.016119752544909716,0.013676066417247057,0.0008908741001505405,0.015864753164350986,0.016350855119526386,0.0009613132569938898
2369,0.060388412326574326,0.6415350437164307,0.007973299361765385,0.012374711222946644,0.0007790002855472267,0.007526623085141182,0.011884861160069704,0.0008520588162355125,0.007425704039633274,0.010665185749530792,0.0009069638326764107
2370,0.2836325094103813,0.6615591645240784,0.038082314655184746,0.07142013031989336,0.0009992148843593895,0.037344396114349365,0.02465106314048171,0.0010748704662546515,0.03721286542713642,0.0717147383838892,0.001132924051489681
2371,0.04252362251281738,2.326253890991211,0.004868219257332385,0.008397400612011552,0.0007030791603028774,0.004783320473507047,0.008522308664396405,0.0008304769871756434,0.004824677482247353,0.008662802400067449,0.0009313384653069079
2372,0.07057255506515503,1.3362689018249512,0.007917934563010931,0.01504176901653409,0.0009184889204334468,0.007594491587951779,0.014985966961830854,0.0009780810214579105,0.007532945601269603,0.014578585047274828,0.0010242959833703935
2373,0.10622939467430115,1.0476793050765991,0.021733452565968037,0.013412449974566698,0.0007896245806477964,0.02153153344988823,0.013830651994794607,0.0008822637319099158,0.0215235548093915,0.011561157647520304,0.0009647016413509846
2374,0.12726826965808868,1.1382086277008057,0.02182833943516016,0.023839144967496395,0.0008011572645045817,0.021002767141908407,0.02226562425494194,0.0008925714064389467,0.0208564349450171,0.014825163409113884,0.000957063864916563
2375,0.07847998104989529,0.31503134965896606,0.009789664065465331,0.01842400385066867,0.0008442789840046316,0.009166254661977291,0.015042705461382866,0.0009108685771934688,0.009010764071717858,0.01433194475248456,0.0009594973525963724
2376,0.07212061807513237,2.682990074157715,0.008310217875987291,0.015460944268852472,0.0009047834610100836,0.00802596053108573,0.01442045159637928,0.0009691551676951349,0.007976055378094316,0.015027501620352268,0.0010255507659167051
2377,0.0636512953788042,2.849958658218384,0.008694299031049013,0.012086989358067513,0.0007987558201421052,0.008513167267665267,0.011456400621682405,0.0008982031140476465,0.008513543521985412,0.011712619103491306,0.000977321236860007
2378,0.10944413766264915,1.6686227321624756,0.021534106694161892,0.014753102324903011,0.000925022701267153,0.021225247532129288,0.014120509382337332,0.0010077031038235873,0.021173507906496525,0.013640122953802347,0.0010648187599144876
2379,0.0754166878759861,0.5484421253204346,0.009738744236528873,0.01582556590437889,0.0008525598095729947,0.009442467708140612,0.013541840948164463,0.000925996428122744,0.00937628373503685,0.01472795382142067,0.0009852765942923725
2380,0.16692926734685898,2.3544669151306152,0.027944049797952175,0.02484002895653248,0.001053448999300599,0.026847485452890396,0.02386376913636923,0.0011425222037360072,0.026519927196204662,0.03351879958063364,0.0011992399813607335
2381,0.07736607640981674,0.9094110131263733,0.011414960958063602,0.01630521658807993,0.0008430758316535503,0.010811226908117533,0.013231417164206505,0.0009158482716884464,0.010631213430315256,0.012237168848514557,0.0009759517852216959
2382,0.10364801809191704,2.2400095462799072,0.01311712502501905,0.02333797188475728,0.0008973582298494875,0.012090543517842889,0.020879178773611784,0.0009513036347925663,0.011813664343208075,0.019575543235987425,0.0009853306110017002
2383,0.18404696509242058,1.1025030612945557,0.02743808412924409,0.03342681657522917,0.0009822430729400367,0.02645788248628378,0.03298044949769974,0.0010697967954911292,0.026305025909096003,0.03425624128431082,0.0011304245563223958
2384,0.06298687495291233,0.7952346205711365,0.009214683901518583,0.011245439294725657,0.0007736159022897482,0.008868387201800942,0.010891066398471594,0.0008437941432930529,0.008800199022516608,0.011447134427726269,0.0009025573963299394
2385,0.09628463536500931,0.6894592642784119,0.01178044849075377,0.02200936758890748,0.0008792036096565425,0.011186294490471482,0.01871369406580925,0.0009376024245284498,0.011033316608518362,0.01875626714900136,0.0009884440223686397
2386,0.07667247205972672,0.29964250326156616,0.009491177974268794,0.01839986490085721,0.0007884111255407333,0.008976420620456338,0.014049686025828123,0.0008516013040207326,0.008863309863954782,0.014348885975778103,0.0009031136287376285
2387,0.057726653292775154,0.38944610953330994,0.008015701547265053,0.010977695696055889,0.0007748485659249127,0.007532493211328983,0.010557710658758879,0.0008468321175314486,0.007429417222738266,0.010690064635127783,0.0009018898126669228
2388,0.1049460880458355,0.8678891658782959,0.018086801283061504,0.016928672790527344,0.0009367640013806522,0.01764298276975751,0.015571551397442818,0.0010237934184260666,0.017573237884789705,0.016087397933006287,0.0010948888084385544
2389,0.1831393837928772,1.603275179862976,0.022482377476990223,0.038538407534360886,0.0009901276789605618,0.02135517168790102,0.04213576018810272,0.0010186501313000917,0.021071286872029305,0.034511784091591835,0.0010358223225921392
2390,0.08830370754003525,2.1800589561462402,0.010160585166886449,0.022283476311713457,0.0008869809389580041,0.008920173160731792,0.018562456127256155,0.0009261669183615595,0.008525857236236334,0.017084757331758738,0.0009532575495541096
2391,0.09882080927491188,0.3442685604095459,0.01689610816538334,0.016685151495039463,0.0008500088879372925,0.015960801392793655,0.014635127503424883,0.000935299030970782,0.01571721490472555,0.016146302223205566,0.0009947948274202645
2392,0.12467372789978981,0.6334256529808044,0.01619880646467209,0.02519961353391409,0.0008365288958884776,0.015376654453575611,0.0247498806566,0.0009301725658588111,0.015195867512375116,0.025195561349391937,0.0009906390914693475
2393,0.15260472893714905,0.808345377445221,0.017508136108517647,0.03333755396306515,0.000923973391763866,0.01674275239929557,0.03279722994193435,0.0009785732254385948,0.016584699973464012,0.03271361393854022,0.0010181886027567089
2394,0.16509326547384262,1.1558845043182373,0.02326164674013853,0.030206836760044098,0.0008901284309104085,0.021950860507786274,0.032273031771183014,0.0009709309670142829,0.0215966934338212,0.03292529005557299,0.0010178458760492504
2395,0.16971376910805702,0.5603762865066528,0.023098556324839592,0.03436569031327963,0.000890650786459446,0.02173605188727379,0.03364662732928991,0.0009692079620435834,0.021317437291145325,0.032670638523995876,0.0010189074091613293
2396,0.10384173691272736,0.6481578946113586,0.0221921531483531,0.011925024911761284,0.0008237604924943298,0.022008830681443214,0.012146704830229282,0.0009037614508997649,0.02201161114498973,0.010862786322832108,0.0009670985746197402
2397,0.09088387340307236,0.6051180958747864,0.016362858470529318,0.016414910554885864,0.000765614619012922,0.015281090047210455,0.012900864705443382,0.0008522889984305948,0.015053824055939913,0.012344035785645247,0.0009083855547942221
2398,0.12061155214905739,1.0078871250152588,0.01935474993661046,0.023194691631942987,0.0008611554221715778,0.018709182273596525,0.014911041595041752,0.0009434779058210552,0.018704518442973495,0.02294173277914524,0.0009910110384225845
2399,0.06574245169758797,0.19976942241191864,0.00798092526383698,0.014104080386459827,0.0009104969212785363,0.00731999590061605,0.013315897434949875,0.0009893329697661102,0.0071676799561828375,0.012906985823065042,0.001047061028657481
2400,0.17914631962776184,0.6575902700424194,0.02222725935280323,0.04059141408652067,0.0009962220210582018,0.021056463941931725,0.03400682006031275,0.001024838536977768,0.020843141712248325,0.03736116364598274,0.001038984686601907
2401,0.06619134545326233,0.5915588736534119,0.007376474095508456,0.014975300058722496,0.0008751187706366181,0.007092657731845975,0.014472451526671648,0.0009685015538707376,0.007045303704217076,0.012352607678622007,0.0010329310898669064
2402,0.07778704166412354,4.423196315765381,0.01208843314088881,0.014924425631761551,0.0008267004159279168,0.010357688879594207,0.01400073291733861,0.0008801844669505954,0.009861376835033298,0.01393101504072547,0.0009164864604827017
2403,0.11404075101017952,1.2229686975479126,0.01907633920200169,0.01602222677320242,0.0008878489024937153,0.018511559115722775,0.014902828726917505,0.0009746887371875346,0.01845484389923513,0.024177972692996264,0.001032443717122078
2404,0.13749980181455612,0.28915098309516907,0.026812158524990082,0.018321107141673565,0.001095144310966134,0.026371126994490623,0.01803467608988285,0.0011904488201253116,0.02625328302383423,0.01817283406853676,0.0012490196386352181
2405,0.06477129831910133,0.5206112265586853,0.008339630905538797,0.013257171958684921,0.0008529080078005791,0.007872171234339476,0.012219680473208427,0.000926287641050294,0.007815706543624401,0.012511014472693205,0.0009767247829586267
2406,0.08969773724675179,1.2018375396728516,0.014234556118026376,0.015082324855029583,0.0008143055310938507,0.013431211235001683,0.016954499296844006,0.0009140282636508346,0.013157231966033578,0.014132353942841291,0.0009772244957275689
2407,0.09356194734573364,0.5915780663490295,0.016572680324316025,0.01641966961324215,0.0008398446661885828,0.015515328384935856,0.01334340637549758,0.000918104313313961,0.015197505010291934,0.013783299829810858,0.0009721114183776081
2408,0.10332644358277321,0.7041821479797363,0.018671976402401924,0.015208571217954159,0.0008990266360342503,0.01833514589816332,0.01489012036472559,0.0009928305225912482,0.01837111357599497,0.014902608003467321,0.0010550465667620301
2409,0.08172063156962395,0.5739102363586426,0.009999637957662344,0.016111791599541903,0.0008607573690824211,0.009461513021960855,0.018615886569023132,0.00092415398103185,0.009379315190017223,0.0153951202519238,0.0009724560659378767
2410,0.05171620473265648,0.8086784482002258,0.005809670314192772,0.011623893864452839,0.0007601059623993933,0.0054492749040946364,0.010380565654486418,0.0008676128345541656,0.005373587133362889,0.010494499700143933,0.0009569941903464496
2411,0.17637233436107635,1.196468472480774,0.0272648180834949,0.02567792683839798,0.0010597893269732594,0.026300580706447363,0.03367990627884865,0.0011432203464210033,0.02606864646077156,0.03398044593632221,0.0011969972401857376
2412,0.12265826761722565,2.5736441612243652,0.02042067050933838,0.02042708732187748,0.0010396278812550008,0.019809015095233917,0.01936878077685833,0.001113721402361989,0.019756808876991272,0.019561330787837505,0.0011612277594394982
2413,0.15350793302059174,0.5073203444480896,0.03262803517282009,0.016484495252370834,0.0008578800479881465,0.032004574313759804,0.015698489733040333,0.0009418775443919003,0.031936452724039555,0.021959017496556044,0.0009971026156563312
2414,0.08405499160289764,0.8322059512138367,0.009598445147275925,0.017577690072357655,0.000838080479297787,0.009039731696248055,0.018226906191557646,0.0009042180026881397,0.008947210619226098,0.017969985958188772,0.0009527249203529209
2415,0.17382126301527023,0.7063140869140625,0.02480030618607998,0.03429226391017437,0.0009538068261463195,0.023732900619506836,0.03290605917572975,0.0010059194755740464,0.023600048385560513,0.03149126935750246,0.001038695394527167
2416,0.13812415301799774,0.6705214977264404,0.016885140677914023,0.03171707782894373,0.0008495648507960141,0.016052294755354524,0.030375773087143898,0.0008979943231679499,0.01588311418890953,0.024529021698981524,0.0009341745753772557
2417,0.0817406065762043,4.7335920333862305,0.010990273673087358,0.01823899568989873,0.0009276459459215403,0.010589943267405033,0.014319956302642822,0.000986705010291189,0.010614975355565548,0.014039530884474516,0.0010325845214538276
2418,0.18987268954515457,4.28155517578125,0.028415233828127384,0.016404002904891968,0.0010519534116610885,0.028180029708892107,0.013795881066471338,0.0011175397085025907,0.02826726157218218,0.07147189509123564,0.0011688884114846587
2419,0.17700041085481644,0.9358104467391968,0.02879098756238818,0.026471651159226894,0.0009864995954558253,0.027455108240246773,0.025041114538908005,0.00107150076655671,0.027449843008071184,0.03861328214406967,0.0011204189504496753
2420,0.14652372151613235,0.393327921628952,0.01880738651379943,0.030597795732319355,0.000984397454885766,0.01772478548809886,0.028481843881309032,0.0010243628057651222,0.01747070997953415,0.030380387790501118,0.0010520545183680952
2421,0.1348690167069435,1.2293341159820557,0.02064205566421151,0.025688561145216227,0.0008358030172530562,0.019939648918807507,0.027241671457886696,0.00091621617320925,0.01983949961140752,0.018784753046929836,0.0009808009199332446
2422,0.06407137587666512,2.207697868347168,0.008863267721608281,0.011446214746683836,0.0007979881775099784,0.008712953887879848,0.011735074687749147,0.0009004007442854345,0.008677319390699267,0.011970194522291422,0.0009679599024821073
2423,0.26215896010398865,1.2637076377868652,0.032772633247077465,0.0724857160821557,0.0009500639280304313,0.032093971967697144,0.07265202887356281,0.001056110515492037,0.03183563891798258,0.01718583842739463,0.0011269579990766943
2424,0.059205953031778336,0.5757989287376404,0.008151848334819078,0.01118340902030468,0.0007791848620399833,0.007712953956797719,0.011113605462014675,0.0008485735452268273,0.007614874048158526,0.010894670151174068,0.0009068375511560589
2425,0.06456733122467995,1.1362252235412598,0.008274358697235584,0.013345040380954742,0.0008499041432514787,0.007870805449783802,0.012357878498733044,0.0009202843939419836,0.007798993727192283,0.012176268734037876,0.0009737994114402682
2426,0.20383316278457642,0.5685150623321533,0.03479013592004776,0.015827318653464317,0.000969288288615644,0.034131395630538464,0.06853149272501469,0.0010538831120356917,0.03405042365193367,0.013365225400775671,0.0011139897396788
2427,0.06762516126036644,1.8045217990875244,0.00896372995339334,0.012808525003492832,0.0008183012250810862,0.008700653444975615,0.013018026947975159,0.0008946761954575777,0.008653220254927874,0.012817740440368652,0.0009502876200713217
2428,0.07344626635313034,1.1451936960220337,0.010063026566058397,0.014717441983520985,0.0008670213865116239,0.009729890618473291,0.013255969621241093,0.0009551520342938602,0.009680178016424179,0.013162079267203808,0.001015508663840592
2429,0.10495759546756744,1.2464325428009033,0.014507989399135113,0.01915990188717842,0.0009850005153566599,0.013656358234584332,0.019023348577320576,0.001038376532960683,0.013451159931719303,0.022051923908293247,0.0010835352004505694
2430,0.28058531880378723,2.174351215362549,0.045469800010323524,0.03201153175905347,0.0011003935942426324,0.04486921243369579,0.022685340605676174,0.0011861855164170265,0.04468164220452309,0.08733650110661983,0.001244724786374718
2431,0.05388510599732399,0.6227782368659973,0.006731095258146524,0.01080617867410183,0.0007909428386483341,0.0063738583121448755,0.010827652644366026,0.0008787477272562683,0.006285296753048897,0.010250956285744905,0.0009403771837241948
2432,0.11012785136699677,1.9302579164505005,0.013424075907096267,0.023625065572559834,0.000899147882591933,0.012589721009135246,0.02227433118969202,0.0009489696240052581,0.012339613167569041,0.023039639461785555,0.0009872908412944525
2433,0.2575960233807564,1.2809103727340698,0.032502518966794014,0.0729909697547555,0.0009413645893801004,0.03168111480772495,0.017639874015003443,0.0010449608671478927,0.03125815745443106,0.06842473521828651,0.0011123352451249957
2434,0.0815281830728054,1.7725372314453125,0.018388705560937524,0.007962845033034682,0.0006779125251341611,0.018338221707381308,0.00805149506777525,0.0007934791501611471,0.01836283435113728,0.00806290004402399,0.0008897896623238921
2435,0.14165659621357918,0.6114601492881775,0.018807416781783104,0.028403499629348516,0.0008400282240472734,0.018157845363020897,0.02982476633042097,0.0009056617273017764,0.018013023305684328,0.02574918931350112,0.0009551684197504073
2436,0.06328432261943817,0.6764285564422607,0.009228140115737915,0.010620072484016418,0.0007538169447798282,0.008814209140837193,0.011661608703434467,0.0008388696587644517,0.008718931581825018,0.011747433338314295,0.0009012444061227143
2437,0.06772023811936378,1.2227951288223267,0.008071871241554618,0.01570131117478013,0.0008416938944719732,0.0075961442198604345,0.01297868974506855,0.000914834497962147,0.007477871375158429,0.013163837604224682,0.000973984831944108
2438,0.2824319005012512,0.37119489908218384,0.02565885311923921,0.06819314882159233,0.0010041093337349594,0.025443497579544783,0.06751826824620366,0.0010711310897022486,0.02539500524289906,0.06702092802152038,0.0011269644601270556
2439,0.06277032941579819,1.2845048904418945,0.00943926116451621,0.011476671323180199,0.0007491298601962626,0.008884757058694959,0.010770003776997328,0.000838013191241771,0.00867899740114808,0.011030941735953093,0.0009025525650940835
2440,0.06802225112915039,0.674648642539978,0.0101118222810328,0.01185201620683074,0.0007726746844127774,0.009740352630615234,0.011494123376905918,0.000860374653711915,0.009655122645199299,0.01260855421423912,0.0009272146853618324
2441,0.1647423654794693,3.729788303375244,0.01954751880839467,0.035767778754234314,0.0009168472024612129,0.017636735923588276,0.03640536777675152,0.0009491400851402432,0.01709709782153368,0.03545323573052883,0.0009686419507488608
2442,0.056894171983003616,1.7413862943649292,0.007030111504718661,0.012157703284174204,0.0008080240222625434,0.006712061585858464,0.011059413198381662,0.0008921920962166041,0.00667795236222446,0.010602325201034546,0.0009543898631818593
2443,0.12242135778069496,0.6312359571456909,0.02318293461576104,0.01977983210235834,0.0008476243820041418,0.02198331104591489,0.017440880183130503,0.0009099585295189172,0.02166396612301469,0.015660781878978014,0.0009520756429992616
2444,0.07246094569563866,1.744429349899292,0.01107406197115779,0.012743910774588585,0.0007849583926144987,0.010828287340700626,0.011517016217112541,0.0008656741410959512,0.01075646048411727,0.012959981802850962,0.0009305959683842957
2445,0.3889319747686386,0.7740699052810669,0.044042570516467094,0.06624207552522421,0.001099472981877625,0.043902892619371414,0.06566469836980104,0.0011730886180885136,0.04391702264547348,0.12164733558893204,0.0012428189511410892
2446,0.15827327966690063,2.3330490589141846,0.019347185734659433,0.035345437936484814,0.0009087889920920134,0.01737789111211896,0.030934265814721584,0.0009428456542082131,0.01690714620053768,0.035548241809010506,0.0009614791488274932
2447,0.088515130802989,0.7724838852882385,0.010595512227155268,0.019555198960006237,0.0007623300771228969,0.010020297835581005,0.016669333213940263,0.0008462611585855484,0.00991908146534115,0.01922908262349665,0.0009180332417599857
2448,0.12257562205195427,0.9627416729927063,0.01921473816037178,0.019117701798677444,0.0009880313591565937,0.018888394813984632,0.021688859909772873,0.0010605077259242535,0.018916884437203407,0.021590168587863445,0.0011103429133072495
2449,0.09489769488573074,3.2421483993530273,0.01083070132881403,0.023122337646782398,0.0008561265130992979,0.009437060914933681,0.020359191112220287,0.0009107267542276531,0.009069077670574188,0.019363438710570335,0.0009490347874816507
2450,0.08192523941397667,3.9197757244110107,0.010933131678029895,0.015041743405163288,0.0008601186564192176,0.010568522149696946,0.014740833546966314,0.000921128288609907,0.010586027521640062,0.017312132753431797,0.0009616042370907962
2451,0.06221069395542145,0.6924266219139099,0.008506949990987778,0.011843878775835037,0.000792800186900422,0.008250770391896367,0.011288426350802183,0.0008896160870790482,0.008275717729702592,0.011399297509342432,0.0009632369037717581
2452,0.13302180171012878,0.9841545224189758,0.01589644909836352,0.026922992430627346,0.0009247887646779418,0.01512694451957941,0.02629839815199375,0.0009908885404001921,0.014934787759557366,0.03089013136923313,0.0010364194749854505
2453,0.09610335156321526,0.43705037236213684,0.020563658326864243,0.011139525100588799,0.0007601408578921109,0.020292895147576928,0.010722465347498655,0.0008379334467463195,0.020266753621399403,0.010617847554385662,0.0009021303849294782
2454,0.11104978621006012,0.6476989984512329,0.014345534145832062,0.022469262592494488,0.0009178111504297704,0.013720549177378416,0.02196462359279394,0.0009645198588259518,0.01355608319863677,0.02211315929889679,0.0009982488700188696
2455,0.08200959861278534,0.4549260437488556,0.01016458123922348,0.018904713913798332,0.0008562631555832922,0.00961846113204956,0.015626995358616114,0.0009198118932545185,0.00950325420126319,0.01545040588825941,0.0009651142754592001
2456,0.1703548263758421,1.0662864446640015,0.02552663628011942,0.030170696787536144,0.0010057033505290747,0.025028942618519068,0.030687724240124226,0.0010922880028374493,0.024935054825618863,0.030757919419556856,0.0011498569510877132
2457,0.06711482722312212,1.6893683671951294,0.007898857933469117,0.017622327897697687,0.000682542915455997,0.006682416889816523,0.013909827917814255,0.0007689647609367967,0.006370242801494896,0.012338607339188457,0.0008410403388552368
2458,0.08207989856600761,0.46975746750831604,0.010332201141864061,0.017188773024827242,0.0008482064004056156,0.009640999604016542,0.01634683832526207,0.0009093123662751168,0.009509197203442454,0.016345894429832697,0.0009584747022017837
2459,0.07406670600175858,1.2709307670593262,0.008933559991419315,0.01586869778111577,0.0008505415171384811,0.00849332008510828,0.015289194881916046,0.0009223416273016483,0.00841414462774992,0.014307288452982903,0.000987614126643166
2460,0.07070629484951496,0.5272625684738159,0.00871059950441122,0.014384584501385689,0.0009280691738240421,0.008036975981667638,0.01594098610803485,0.0010057201725430787,0.007975856075063348,0.012664797250181437,0.0010587042197585106
2461,0.1832195371389389,5.379556655883789,0.03222112264484167,0.03870529215782881,0.0009714763436932117,0.03011301252990961,0.023801203817129135,0.001038423739373684,0.029670732095837593,0.02562545705586672,0.0010728296474553645
2462,0.1742202788591385,0.8801310658454895,0.024753338657319546,0.0332158962264657,0.0009558681631460786,0.02386624924838543,0.03174079768359661,0.0010106181725859642,0.023896334692835808,0.03373824059963226,0.0010429344256408513
2463,0.23229225724935532,2.9558334350585938,0.02708420157432556,0.06773871695622802,0.0009809176553972065,0.02686890820041299,0.06772182462736964,0.0010499930940568447,0.026888974010944366,0.01285126619040966,0.0011074566282331944
2464,0.06990229338407516,2.430863857269287,0.009272131836041808,0.013380401767790318,0.0008199093281291425,0.009065659483894706,0.013108843471854925,0.000889190414454788,0.009068473940715194,0.013351024128496647,0.0009466609335504472
2465,0.06108049117028713,1.4222036600112915,0.008358630118891597,0.011609627865254879,0.0007914818706922233,0.008237911621108651,0.011508769821375608,0.0008868251461535692,0.008287937147542834,0.010441028978675604,0.0009582818602211773
2466,0.11237170547246933,0.6872574687004089,0.02025724994018674,0.017756283283233643,0.0008742774662096053,0.019583638291805983,0.01672033639624715,0.0009442064038012177,0.019477564375847578,0.0157673810608685,0.0009907667990773916
2467,0.12946994602680206,1.46620774269104,0.019438011571764946,0.024903802201151848,0.0009006676846183836,0.01818213053047657,0.02451393660157919,0.0009744209528435022,0.017767222598195076,0.021769586019217968,0.0010201746481470764
2468,0.1615903005003929,1.7181624174118042,0.027151894057169557,0.023914162535220385,0.001003965298878029,0.025922952685505152,0.023730515502393246,0.001083093520719558,0.025714143877848983,0.03194261668249965,0.0011269653914496303
2469,0.10795820876955986,0.3926984667778015,0.016231657937169075,0.02139122784137726,0.0008365070971194655,0.015440985560417175,0.02052853163331747,0.0009278287761844695,0.01521379454061389,0.016400554683059454,0.0009871228248812258
2470,0.100026935338974,0.22835974395275116,0.01733617251738906,0.015495872590690851,0.0009622074430808425,0.0168144591152668,0.015428491402417421,0.0010423732455819845,0.01673529320396483,0.015111792366951704,0.0011002771207131445
2471,0.13383134454488754,0.4245539605617523,0.026976970955729485,0.017625016625970602,0.0008045962313190103,0.02623129077255726,0.01678023161366582,0.0009123246709350497,0.02601570449769497,0.017504578456282616,0.0009806349989958107
2472,0.10548917576670647,0.7813740372657776,0.017137823277153075,0.02105844672769308,0.000705057056620717,0.01648566999938339,0.012505547143518925,0.0008109712216537446,0.016429716488346457,0.019470494706183672,0.0008854538900777698
2473,0.10320195183157921,0.5989509224891663,0.013361008372157812,0.022147657349705696,0.0008715504081919789,0.012984749861061573,0.01952897710725665,0.000945264648180455,0.01290122326463461,0.019468387123197317,0.000993129622656852
2474,0.07095563970506191,1.7853896617889404,0.008403908926993608,0.01596025563776493,0.000796324631664902,0.0079390830360353,0.01530747627839446,0.0008751270070206374,0.007833590963855386,0.012908481527119875,0.0009313878836110234
2475,0.08036765735596418,1.2029943466186523,0.014442057930864394,0.012068931013345718,0.0007993179024197161,0.014158438541926444,0.011266192654147744,0.0009156218147836626,0.01416323205921799,0.011550307041034102,0.0010035637533292174
2476,0.07743857800960541,3.530404567718506,0.011031131725758314,0.015149643644690514,0.0008599995926488191,0.00941779394634068,0.016524989157915115,0.0009267146233469248,0.008923491230234504,0.013635235372930765,0.0009695766202639788
2477,0.09629591926932335,0.8831851482391357,0.02084536338225007,0.010823995806276798,0.0008060896361712366,0.020421529188752174,0.010656701866537333,0.0008879529777914286,0.02028234815225005,0.010628310032188892,0.0009436248510610312
2478,0.10331302881240845,1.1765987873077393,0.018756308127194643,0.015939196571707726,0.0009513154800515622,0.018357200548052788,0.015115250367671251,0.0010329447104595602,0.01826868625357747,0.013802477158606052,0.00108964997343719
2479,0.06558996066451073,2.004523515701294,0.007304570870473981,0.01396505068987608,0.0008760990458540618,0.00701370625756681,0.013198904227465391,0.00096199891413562,0.006975111551582813,0.014260964468121529,0.0010335551341995597
2480,0.055637093260884285,1.8344275951385498,0.0075522675178945065,0.011623138096183538,0.0007637495873495936,0.007063669851049781,0.009765265975147486,0.0008298889442812651,0.00695383083075285,0.010199590120464563,0.0008856934728100896
2481,0.06428463011980057,1.5915879011154175,0.007098973961547017,0.013765263836830854,0.0008754238660912961,0.006820626789703965,0.014196713455021381,0.0009633582376409322,0.006786569254472852,0.012740415055304766,0.0010372857213951647
2482,0.11004895716905594,3.0807669162750244,0.016486480366438627,0.022947583347558975,0.0008259668829850852,0.014462157618254423,0.019850634038448334,0.0009066282655112445,0.013811071868985891,0.019806262105703354,0.0009521788451820612
2483,0.16413458436727524,1.498172402381897,0.023155419155955315,0.031225940212607384,0.0008855973137542605,0.02185694221407175,0.03193437773734331,0.0009629498235881329,0.02143800910562277,0.03166510257869959,0.001010251056868583
2484,0.13158513605594635,0.316142737865448,0.029796907678246498,0.015679000411182642,0.0008200389565899968,0.028726370073854923,0.0125545603223145,0.0009144839132204652,0.02839659806340933,0.013722287956625223,0.0009748887969180942
2485,0.08068811148405075,1.5917778015136719,0.00898046139627695,0.01685995701700449,0.0008691782422829419,0.00866437703371048,0.016463465057313442,0.0009474362013861537,0.008617937564849854,0.018255175091326237,0.0010301225702278316
2486,0.07534665614366531,1.1732934713363647,0.010137130040675402,0.015276158694177866,0.0008551531936973333,0.00972044374793768,0.013542413711547852,0.0009423294104635715,0.009594183880835772,0.014274658169597387,0.0010041882924269885
2487,0.07501953095197678,2.7277839183807373,0.010087856324389577,0.018673136830329895,0.0007808910741005093,0.008970870403572917,0.013506356626749039,0.0008317040046676993,0.008629825664684176,0.012671680189669132,0.0008672080293763429
2488,0.11116646602749825,1.6701549291610718,0.013647322077304125,0.024265075102448463,0.0008957624377217144,0.013105386402457952,0.021207144018262625,0.0009484614711254835,0.013010242488235235,0.023097400553524494,0.0009896644623950124
2489,0.10923373699188232,1.2460559606552124,0.012107665184885263,0.022015529684722424,0.0009621675417292863,0.011671734973788261,0.02265739906579256,0.001023134303977713,0.011622746475040913,0.02610054612159729,0.0010728134657256305
2490,0.054897235706448555,1.2153632640838623,0.007214766461402178,0.011252198368310928,0.0007583477417938411,0.006756756221875548,0.010070345364511013,0.0008265440701507032,0.006657101446762681,0.010484743863344193,0.0008764339436311275
2491,0.1747407205402851,0.4787461757659912,0.026007782900705934,0.03214420331642032,0.0010138136567547917,0.024840723257511854,0.03203748678788543,0.0010945539106614888,0.024777918122708797,0.03168832790106535,0.0011359074269421399
2492,0.08049490302801132,0.6323132514953613,0.010976130608469248,0.016967233270406723,0.0008894643979147077,0.010062726214528084,0.014072219375520945,0.0009518001461401582,0.009761152090504766,0.015820560976862907,0.0009936164133250713
2493,0.08616029098629951,0.4915916919708252,0.011111156083643436,0.018853521905839443,0.0009231229196302593,0.01041474100202322,0.016927843913435936,0.0009861175494734198,0.010252709034830332,0.01565478229895234,0.0010362964821979403
2494,0.058606162667274475,1.9808520078659058,0.007333694724366069,0.012240494135767221,0.0008012877078726888,0.006928068585693836,0.011059891432523727,0.0008619923610240221,0.006830917904153466,0.011638277675956488,0.0009115395077969879
2495,0.09911201149225235,1.40586519241333,0.011696851579472423,0.021037321537733078,0.0009136815497186035,0.010986837558448315,0.019941970705986023,0.0009733107290230691,0.010754418326541781,0.021793467458337545,0.0010141567909158766
2496,0.07432682067155838,1.6960365772247314,0.009816793259233236,0.014916148036718369,0.0009281664388254285,0.009422546718269587,0.014159685000777245,0.0009965865756385028,0.009357208386063576,0.013679185416549444,0.0010505022364668548
2497,0.07880567014217377,1.5935078859329224,0.009437461383640766,0.01795744989067316,0.000843937013996765,0.008920581545680761,0.013791440520435572,0.0009052340756170452,0.00884116836823523,0.0171593870036304,0.0009490100492257625
2498,0.3355781137943268,2.399608612060547,0.04434601217508316,0.12130842730402946,0.0010999112855643034,0.04429483786225319,0.06625775527209044,0.0011719124158844352,0.044310249388217926,0.011563516687601805,0.0012254792964085937
2499,0.10608401894569397,2.0565545558929443,0.017431799788028002,0.019705318845808506,0.0008610071963630617,0.016347045078873634,0.018326858058571815,0.0009380046976730227,0.016201923601329327,0.01527215912938118,0.0009999017929658294
2500,0.07622435316443443,0.22058174014091492,0.008673714008182287,0.01727905310690403,0.0008213507826440036,0.008338982705026865,0.015590751077979803,0.0009009827335830778,0.008270772639662027,0.015379310585558414,0.0009694343025330454
2501,0.053436851128935814,0.4783165454864502,0.005780584877356887,0.011491600191220641,0.0006378583493642509,0.005549559835344553,0.011377299670130014,0.0007490317220799625,0.005532397190108895,0.0114786506164819,0.0008398669306188822
2502,0.07044161856174469,0.5583603978157043,0.009113256121054292,0.013751374557614326,0.0008681064937263727,0.00884980265982449,0.013357965275645256,0.0009280311642214656,0.008778209565207362,0.013820548076182604,0.0009743275004439056
2503,0.09502335265278816,0.6730043888092041,0.017270752927288413,0.015027659013867378,0.0008915150538086891,0.01674478710629046,0.013177547138184309,0.0009688694262877107,0.016609623795375228,0.01331302523612976,0.00101957080187276
2504,0.1081666573882103,0.8504365086555481,0.013504874892532825,0.024378989823162556,0.0008804576355032623,0.012746273539960384,0.022586197592318058,0.000931706337723881,0.012574500869959593,0.019593222066760063,0.0009704325930215418
2505,0.08751428872346878,3.4555373191833496,0.011788527015596628,0.02124764956533909,0.0008440882374998182,0.009915213100612164,0.016804889775812626,0.0008924725989345461,0.009461881825700402,0.01563330413773656,0.0009262623498216271
2506,0.05595412850379944,1.4202512502670288,0.0067924861796200275,0.011229796335101128,0.0008381655206903815,0.006450230255723,0.011034664697945118,0.0009194420126732439,0.006386246299371123,0.011324047110974789,0.0009790493350010365
2507,0.10093538463115692,0.7463160753250122,0.017447861842811108,0.017193926963955164,0.0007989812584128231,0.016248544212430716,0.016247360967099667,0.000890282797627151,0.015905302483588457,0.015254189725965261,0.0009489271906204522
2508,0.09528425335884094,1.4940470457077026,0.011663343291729689,0.021712129935622215,0.0008793279703240842,0.011151925195008516,0.018140370026230812,0.0009312053443863988,0.011031280970200896,0.018802030012011528,0.0009726394200697541
2509,0.1725066602230072,0.267651230096817,0.026186025701463223,0.03138092719018459,0.001028805272653699,0.025352378375828266,0.02795632928609848,0.001085694064386189,0.02517764735966921,0.03321578912436962,0.0011230680393055081
2510,0.059122875332832336,1.4561171531677246,0.008115578908473253,0.011852126568555832,0.0008060617838054895,0.007441083202138543,0.010981918312609196,0.0008791596628725529,0.007193085039034486,0.010919603519141674,0.0009342606063000858
2511,0.1100526973605156,0.9374771118164062,0.020195907447487116,0.01661319797858596,0.0008638928702566773,0.01933952933177352,0.01632957812398672,0.0009374220680911094,0.01920486055314541,0.015580493025481701,0.0009878204436972737
2512,0.04767297673970461,0.43249350786209106,0.006595824612304568,0.008524235803633928,0.0006690627487841994,0.006460634642280638,0.009459130000323057,0.000775358552346006,0.006468728766776621,0.007858833065256476,0.0008611675584688783
2513,0.060622891411185265,1.5003292560577393,0.008132727816700935,0.01290226774290204,0.0008068830356933177,0.007483270950615406,0.010811830405145884,0.0008803455275483429,0.007238677702844143,0.01143224025145173,0.0009346461738459766
2514,0.1030544564127922,2.9103007316589355,0.012585217598825693,0.020584959536790848,0.0009249307040590793,0.011873106472194195,0.02166961831972003,0.000986299361102283,0.011685534380376339,0.02171001024544239,0.0010347728966735303
2515,0.0744202733039856,0.6189820170402527,0.00985333789139986,0.013921566307544708,0.0007844330975785851,0.009561873972415924,0.014960282482206821,0.0008660298190079629,0.009504753164947033,0.014035801403224468,0.0009321920806542039
2516,0.1056373342871666,0.723071277141571,0.0216121100820601,0.012374287005513906,0.0007915821915958077,0.021401140838861465,0.014232639223337173,0.0008781154756434262,0.021375607699155807,0.012029537931084633,0.0009423137526027858
2517,0.10036834329366684,2.4011435508728027,0.02129776729270816,0.011750166770070791,0.000835917133372277,0.021080199163407087,0.011009169276803732,0.0009098222362808883,0.02106539625674486,0.011457165703177452,0.0009627342806197703
2518,0.12964395433664322,0.7042191624641418,0.020682362839579582,0.021070697344839573,0.0009263872052542865,0.01941497763618827,0.022373495623469353,0.001000579388346523,0.019077911041676998,0.02405264275148511,0.0010448969551362097
2519,0.14377110451459885,0.9637044668197632,0.017002993263304234,0.03321772813796997,0.0010239403345622122,0.01634952612221241,0.03078017197549343,0.0010560209630057216,0.016196249518543482,0.027058997191488743,0.0010854729916900396
2520,0.2042470946907997,0.33687546849250793,0.031435917131602764,0.03462965786457062,0.0010610778699629009,0.030423416756093502,0.0407937616109848,0.0011151182698085904,0.030140569433569908,0.03349927254021168,0.0011483040871098638
2521,0.054668597877025604,1.7144191265106201,0.007709266617894173,0.01058903569355607,0.0006950625102035701,0.007199202897027135,0.00986548513174057,0.0007614076894242316,0.007068028906360269,0.009965184610337019,0.0008159233839251101
2522,0.15987033396959305,1.0107039213180542,0.026261859806254506,0.029242282267659903,0.0009494918631389737,0.02501216484233737,0.021937557961791754,0.001031899533700198,0.02469369093887508,0.029655893333256245,0.0010854955180548131
2523,0.16025613993406296,1.196492314338684,0.025439316174015403,0.02304431376978755,0.0009830749477259815,0.024254051269963384,0.03019472025334835,0.0010829635430127382,0.024055188987404108,0.030056717805564404,0.0011457958025857806
2524,0.1278819814324379,0.3903028964996338,0.021527007687836885,0.023947488982230425,0.0008030036697164178,0.0207728398963809,0.02412425260990858,0.0008884278067853302,0.02070008683949709,0.014172097202390432,0.0009467757772654295
2525,0.07430782727897167,1.5068804025650024,0.014241612982004881,0.010056193452328444,0.0006734287017025054,0.013238886487670243,0.01122097996994853,0.0007848289096727967,0.01309511554427445,0.010119631653651595,0.0008771528082434088
2526,0.09779486060142517,0.36467668414115906,0.014601210597902536,0.017394674010574818,0.0007836611184757203,0.01370889414101839,0.015247103292495012,0.0008947984606493264,0.013461797498166561,0.020730475895106792,0.0009722482354845852
2527,0.09952040761709213,4.911006450653076,0.01317395456135273,0.018144385889172554,0.0009277826175093651,0.011893081478774548,0.019977029412984848,0.000970230670645833,0.011607790365815163,0.021834060549736023,0.0009920872980728745
2528,0.09782104752957821,0.46545279026031494,0.016922733513638377,0.0138088115490973,0.0007056108443066478,0.01623774995096028,0.019686365267261863,0.0008113677613437176,0.016182752791792154,0.012577590765431523,0.0008880670357029885
2529,0.0640966184437275,0.8399250507354736,0.007962094619870186,0.01288900850340724,0.0008622637251392007,0.0074846176430583,0.012618612498044968,0.0009338126983493567,0.007386514917016029,0.012979356106370687,0.0009803420398384333
2530,0.06504694558680058,0.5505233407020569,0.0071221834514290094,0.01429753890261054,0.0009412179642822593,0.006717699812725186,0.013493640813976526,0.0010282406001351774,0.006649417569860816,0.013704412616789341,0.0010925934766419232
2531,0.07797901332378387,0.7319896221160889,0.008772172499448061,0.013764033559709787,0.000763358490075916,0.008455469273030758,0.01781371422111988,0.0008519327093381435,0.008432737551629543,0.018207342363893986,0.0009182514622807503
2532,0.09869884327054024,0.22620652616024017,0.01735771168023348,0.015114246867597103,0.0009617581381462514,0.01686117611825466,0.014594788197427988,0.0010412054252810776,0.01676418399438262,0.01490566972643137,0.0010981026571244001
2533,0.09882667660713196,0.941699743270874,0.016741911647841334,0.015945238526910543,0.0009968352387659252,0.01630697981454432,0.015392519533634186,0.0010686910536605865,0.016229392495006323,0.015021831262856722,0.0011232743854634464
2534,0.11566999182105064,3.2595438957214355,0.014180760830640793,0.027776731178164482,0.0009472368401475251,0.012569251470267773,0.02433579694479704,0.0009817664395086467,0.01214238628745079,0.02173373056575656,0.0010023254726547748
2535,0.08695326745510101,1.9685895442962646,0.01032237010076642,0.01817770767956972,0.0008642575994599611,0.008908818941563368,0.019621454179286957,0.000914235453819856,0.008544704876840115,0.01864725910127163,0.0009524617926217616
2536,0.10211890190839767,1.7296442985534668,0.020707143936306238,0.012940716464072466,0.0008663530752528459,0.020492836833000183,0.012188306543976068,0.0009348104649689049,0.02045439463108778,0.012546685058623552,0.0009876560361590236
2537,0.16171715036034584,1.1891659498214722,0.027868242003023624,0.030797669664025307,0.0009339922689832747,0.027323157992213964,0.02316032024100423,0.0010192790650762618,0.0272604594938457,0.02227808441966772,0.0010759419819805771
2538,0.25431371852755547,1.0006153583526611,0.03467386029660702,0.06843278044834733,0.0009574875584803522,0.033756460063159466,0.0674567949026823,0.0010373661934863776,0.033539204858243465,0.013362647499889135,0.0010971014853566885
2539,0.0713353157043457,4.14239501953125,0.00959436735138297,0.014362317509949207,0.0008812210580799729,0.009391681523993611,0.012630310840904713,0.0009389884653501213,0.009367598686367273,0.01318288454785943,0.0009859472047537565
2540,0.07519439235329628,1.1449880599975586,0.009264839114621282,0.015800478402525187,0.0008724613289814442,0.008945477195084095,0.014704436529427767,0.0009476419363636523,0.008923085639253259,0.014732163865119219,0.0010038075561169535
2541,0.13903338089585304,1.7838020324707031,0.02226609643548727,0.023767699487507343,0.0009002473088912666,0.02070088777691126,0.024654877372086048,0.0009582758648321033,0.02029395941644907,0.024496793746948242,0.0009945365018211305
2542,0.11925971880555153,0.826084554195404,0.018866926431655884,0.021462676115334034,0.000979600299615413,0.018536155112087727,0.02104713674634695,0.001047108497004956,0.018657803535461426,0.017566618509590626,0.0010956951591651887
2543,0.07794012129306793,2.0204131603240967,0.010380144231021404,0.017882185988128185,0.0009201211214531213,0.009812566917389631,0.013881780672818422,0.0009760343236848712,0.009768128395080566,0.01329698832705617,0.0010221684642601758
2544,0.08261538669466972,0.4478117525577545,0.01104162959381938,0.018543722573667765,0.0008440734527539462,0.010663869325071573,0.014094450045377016,0.0009050681546796113,0.010613186284899712,0.014955609105527401,0.0009537757723592222
2545,0.1963457092642784,2.083120107650757,0.03596843872219324,0.03391414135694504,0.0009600896155461669,0.034176480025053024,0.02274086559191346,0.0010494074376765639,0.03381805866956711,0.03261944465339184,0.0010987835703417659
2546,0.07913439348340034,1.6526163816452026,0.008884551702067256,0.015104265883564949,0.0008608754724264145,0.008501112926751375,0.017724146135151386,0.0009372563217766583,0.008446763036772609,0.017677053343504667,0.0009983654308598489
2547,0.10643625259399414,0.40600845217704773,0.012087854091078043,0.023392295464873314,0.0009511014795862138,0.011594935320317745,0.02302080485969782,0.0010079858475364745,0.011479071341454983,0.02184521034359932,0.0010569910518825054
2548,0.06418492458760738,0.4021154046058655,0.00934498431161046,0.011929560452699661,0.0008321731875184923,0.008940582862123847,0.011367353610694408,0.0009000777499750257,0.00884924759157002,0.011067368555814028,0.0009535785648040473
2549,0.10822410136461258,1.645840048789978,0.018174265511333942,0.017671815119683743,0.000937753648031503,0.017807715572416782,0.01770955789834261,0.0010238089598715305,0.017738412134349346,0.01608144026249647,0.0010793316178023815
2550,0.0930280052125454,0.46020445227622986,0.015452666208148003,0.014466552063822746,0.0007508465205319226,0.014679999090731144,0.014144603163003922,0.0008639409788884223,0.014402745757251978,0.017331457696855068,0.000935190066229552
2551,0.11265469714999199,0.5932391881942749,0.01697756233625114,0.02029639924876392,0.0007092484447639436,0.016460731509141624,0.019848403986543417,0.0008126442553475499,0.01643052150029689,0.020228263223543763,0.000890925177372992
2552,0.1978556588292122,1.4898080825805664,0.028561370447278023,0.038387542590498924,0.0009389141923747957,0.027422635816037655,0.03086706344038248,0.000987803825410083,0.027243212796747684,0.042432745918631554,0.001014365756418556
2553,0.10688413307070732,1.263222336769104,0.012611175421625376,0.02345332084223628,0.0009514426346868277,0.011868782574310899,0.02327389409765601,0.0009861903672572225,0.011690013343468308,0.02102952403947711,0.001019788847770542
2554,0.09724755212664604,4.648016452789307,0.012785167898982763,0.024537588469684124,0.0008714701107237488,0.011942327953875065,0.016185229644179344,0.0009181081841234118,0.011799654923379421,0.017262298613786697,0.0009457061241846532
2555,0.16745930165052414,3.7880642414093018,0.026343442499637604,0.025648266077041626,0.0010032788559328765,0.026278093922883272,0.025312498211860657,0.0010923511581495404,0.026744517497718334,0.03389488812536001,0.001141957996878773
2556,0.11616954952478409,1.0578560829162598,0.019366668071597815,0.017239412292838097,0.0008755504386499524,0.018657649401575327,0.01596190920099616,0.0009434305829927325,0.018597992602735758,0.023537353612482548,0.0009895794210024178
2557,0.07330823317170143,2.6698896884918213,0.008840090362355113,0.016544529236853123,0.0009354165231343359,0.00825652340427041,0.015610158443450928,0.0010068879928439856,0.008174167480319738,0.012880127411335707,0.001060332404449582
2558,0.05250233691185713,0.578627347946167,0.0058778326492756605,0.011494501028209925,0.0007610413013026118,0.005578595097176731,0.010606186464428902,0.0008676607103552669,0.0055370519403368235,0.010815219022333622,0.0009642469813115895
2559,0.08136354759335518,0.8124135136604309,0.00931948667857796,0.01639048452489078,0.000768455327488482,0.008928147959522903,0.01938704587519169,0.0008622938476037234,0.008879564120434225,0.01589515688829124,0.0009329118474852294
2560,0.1038738302886486,2.2532944679260254,0.013336669420823455,0.022124951239675283,0.000841558474348858,0.012532624183222651,0.01995932310819626,0.000885309069417417,0.012335221283137798,0.020937740802764893,0.0009204281668644398
2561,0.1546577289700508,0.3398025929927826,0.019197202753275633,0.034966735169291496,0.0009238058119080961,0.018308928702026606,0.033544701524078846,0.0009613378206267953,0.01816543284803629,0.027601326815783978,0.0009882602316793054
2562,0.07110378798097372,0.7784655094146729,0.011805241578258574,0.014574159169569612,0.0006524228083435446,0.011176713393069804,0.00991064659319818,0.0007803779444657266,0.010988531867042184,0.010330225573852658,0.0008854722836986184
2563,0.10963007435202599,0.7770834565162659,0.012142304331064224,0.025784284807741642,0.0010188054293394089,0.011562410276383162,0.021259902976453304,0.0010790455853566527,0.011423982214182615,0.02423813845962286,0.0011212000390514731
2564,0.2984326481819153,0.6182786226272583,0.03502380196005106,0.08520907536149025,0.0010336489649489522,0.034344752319157124,0.0812376607209444,0.0010838759480975568,0.03421370219439268,0.025165541097521782,0.0011206076014786959
2565,0.15371720492839813,1.3130749464035034,0.033039236441254616,0.015942647121846676,0.0008420937228947878,0.03240101970732212,0.015003065578639507,0.0009187358082272112,0.032295577228069305,0.02230252791196108,0.000972299458226189
2566,0.1672094203531742,1.1654127836227417,0.028211820404976606,0.03001495636999607,0.0008939971739891917,0.027279025875031948,0.030516825150698423,0.0009895028779283166,0.027058761101216078,0.021190666127949953,0.0010538723436184227
2567,0.14800432324409485,0.9281423091888428,0.0265814196318388,0.022753852419555187,0.0009650012361817062,0.025603586807847023,0.02240962814539671,0.0010518217750359327,0.025530676124617457,0.02200703090056777,0.0011013031762558967
2568,0.10758296400308609,1.6487165689468384,0.013410789426416159,0.02083897916600108,0.0009401287534274161,0.013059053104370832,0.020410841796547174,0.0009931126842275262,0.013025286141782999,0.023872802034020424,0.0010319688881281763
2569,0.10036994889378548,2.0972788333892822,0.011884430423378944,0.023084205109626055,0.000885028566699475,0.011421761941164732,0.017974422313272953,0.0009341739933006465,0.011350233107805252,0.021862012799829245,0.000973680434981361
2570,0.2250595986843109,1.2137969732284546,0.025868990924209356,0.011993650812655687,0.0009670864383224398,0.025658205151557922,0.06634814478456974,0.0010363131295889616,0.025629097828641534,0.06646782299503684,0.001090293430024758
2571,0.05138573423027992,0.657110869884491,0.0056444809306412935,0.010363788809627295,0.0006902619497850537,0.005430640885606408,0.011000103550031781,0.0007939173374325037,0.005396793014369905,0.011182088404893875,0.0008836599590722471
2572,0.07551763392984867,2.7232964038848877,0.010069714160636067,0.01921981293708086,0.0008331712160725147,0.008868887554854155,0.013280314859002829,0.0008777438779361546,0.00839615287259221,0.013063200283795595,0.0009086388745345175
2573,0.1656581461429596,0.8048499226570129,0.03244415298104286,0.022451828233897686,0.0008612211386207491,0.03191629517823458,0.02207374293357134,0.0009381392155773938,0.031868946738541126,0.022106459364295006,0.0009973549749702215
2574,0.10099269822239876,1.5274333953857422,0.014285813085734844,0.019610220566391945,0.0008313573198392987,0.013538958970457315,0.01843388145789504,0.0009325022692792118,0.013266794849187136,0.01909033954143524,0.0010028273100033402
2575,0.06474728509783745,1.8631011247634888,0.008893851656466722,0.013029160909354687,0.0008290140540339053,0.008396067656576633,0.011819954495877028,0.0009004078747238964,0.008283357601612806,0.011642511002719402,0.0009529615344945341
2576,0.056465218774974346,3.9083778858184814,0.008305806783027947,0.011377599788829684,0.0006748934392817318,0.00704028329346329,0.010292194550856948,0.0007573249749839306,0.006738208932802081,0.01045200927183032,0.0008268943056464195
2577,0.28052930533885956,1.074743628501892,0.03754150029271841,0.07233361899852753,0.0009945932542905211,0.036937203258275986,0.07764232158660889,0.0010672608041204512,0.03685902617871761,0.01603012904524803,0.001123662805184722
2578,0.26619069278240204,3.75921893119812,0.044925423339009285,0.04368491470813751,0.0011421539820730686,0.04478183947503567,0.042300375178456306,0.0012293788604438305,0.044933829456567764,0.041916538029909134,0.0012762441183440387
2579,0.05859421566128731,3.207181930541992,0.007228304166346788,0.011860597413033247,0.0008647559443488717,0.0069345703814178705,0.01147611252963543,0.0009445441828574985,0.0069183839950710535,0.011360060423612595,0.0010068867122754455
2580,0.08500496298074722,1.1663905382156372,0.01093630539253354,0.01796746999025345,0.0008643225883133709,0.00951852137222886,0.016886389814317226,0.0009198609041050076,0.009208164177834988,0.01775298360735178,0.000950942630879581
2581,0.12913000583648682,2.800161361694336,0.014880433329381049,0.027892840327695012,0.0007570770103484392,0.014382072491571307,0.027059440268203616,0.0008317758329212666,0.014367072843015194,0.02805981202982366,0.0008994829258881509
2582,0.07505016028881073,1.4814974069595337,0.009936320595443249,0.014502255246043205,0.0009233794407919049,0.009301542770117521,0.013081938493996859,0.0009822483407333493,0.009222107473760843,0.016078343149274588,0.00102202472044155
2583,0.19359593093395233,0.5153365135192871,0.02861388958990574,0.031214933842420578,0.0009465267648920417,0.027544250711798668,0.04080085642635822,0.0009923180914483964,0.02737943548709154,0.03508559800684452,0.0010181180550716817
2584,0.07097545266151428,1.28818678855896,0.007991722086444497,0.0156319672241807,0.0009576112497597933,0.007582892430946231,0.014868797734379768,0.00102167297154665,0.00748349423520267,0.014362744521349669,0.0010745495092123747
2585,0.07344820350408554,1.9660481214523315,0.008329888572916389,0.016199054196476936,0.0008313393336720765,0.0080443168990314,0.01381208235397935,0.0009037806594278663,0.008015201892703772,0.01634188834577799,0.0009706502314656973
2586,0.11992623656988144,0.5254416465759277,0.026645050384104252,0.013482308480888605,0.0008036840590648353,0.025941140949726105,0.012671013828366995,0.0009115057473536581,0.025715185329318047,0.012770462781190872,0.0009858831763267517
2587,0.07602829486131668,1.0558096170425415,0.011174475308507681,0.01317040715366602,0.0008437469368800521,0.010529577732086182,0.015038894023746252,0.000916344637516886,0.010416528210043907,0.012960666324943304,0.000977652904111892
2588,0.10065195709466934,3.0715510845184326,0.013954879716038704,0.023650869727134705,0.0009408011101186275,0.012841669376939535,0.016426777467131615,0.0009916145936585963,0.012451360933482647,0.01837008446455002,0.0010239010443910956
2589,0.090041633695364,2.225774049758911,0.011416116263717413,0.019781721755862236,0.0009319688833784312,0.010729428380727768,0.01873738970607519,0.0009832644718699157,0.010643246117979288,0.015798384323716164,0.0010201149270869792
2590,0.09503208845853806,2.170053243637085,0.011216115672141314,0.022596271708607674,0.0009317713847849518,0.010557018220424652,0.018490752205252647,0.0009858052362687886,0.010552857536822557,0.018678681924939156,0.0010228173341602087
2591,0.08731958735734224,0.5214031934738159,0.01021683809813112,0.01868053898215294,0.0007534507021773607,0.009635495604015887,0.01839170861057937,0.0008318024920299649,0.009569887188263237,0.01833750237710774,0.0009023664169944823
2592,0.07387744262814522,1.6770600080490112,0.008727413602173328,0.016089509706944227,0.0008945239242166281,0.008310979697853327,0.01482456550002098,0.0009744373965077102,0.008239229675382376,0.01477820798754692,0.0010385721398051828
2593,0.05705336667597294,0.894479513168335,0.007131258025765419,0.011829517781734467,0.0008483824203722179,0.006705963751301169,0.011213083751499653,0.0009301741374656558,0.00661432184278965,0.0107899010181427,0.0009907651110552251
2594,0.19546644762158394,1.7979981899261475,0.027974017430096865,0.017756124958395958,0.000984343292657286,0.027743767015635967,0.0732034957036376,0.0010486733517609537,0.02781372284516692,0.01784548442810774,0.0010968214483000338
2595,0.10498224198818207,0.5176331400871277,0.017255255486816168,0.018604240380227566,0.0008030390599742532,0.016213427763432264,0.017128808423876762,0.0008835467742756009,0.016006780322641134,0.017137646675109863,0.0009495045815128833
2596,0.1376214697957039,1.6827902793884277,0.022259329445660114,0.02454231772571802,0.0010415346478112042,0.021459423005580902,0.022720607928931713,0.0010968506103381515,0.021255147643387318,0.022110327146947384,0.001135927450377494
2597,0.052515529096126556,1.0845822095870972,0.006145847146399319,0.011213679099455476,0.0007533191237598658,0.005817080498673022,0.010384370805695653,0.0008635147241875529,0.005764419911429286,0.010622744914144278,0.0009505529305897653
2598,0.2598355561494827,0.9549875855445862,0.03499096445739269,0.0692937495186925,0.001094078819733113,0.03474832605570555,0.01386357843875885,0.001175569195766002,0.03472511190921068,0.06871126219630241,0.0012329055462032557
2599,0.047601981088519096,1.2633212804794312,0.006913170334883034,0.008119809441268444,0.0006102857587393373,0.006786978105083108,0.008327610325068235,0.0007228911854326725,0.006797969690524042,0.008511243853718042,0.0008120228594634682
2600,0.14127851277589798,1.0278613567352295,0.02195204608142376,0.024164408445358276,0.0010510333231650293,0.021263073198497295,0.024511086754500866,0.001102675567381084,0.02109915018081665,0.02499794028699398,0.0011371051659807563
2601,0.10345005244016647,1.174507737159729,0.021283946000039577,0.014316235668957233,0.0007956256740726531,0.021064840257167816,0.011818295810371637,0.0008772216096986085,0.021051799412816763,0.011292431969195604,0.0009496587445028126
2602,0.06706304475665092,1.9112459421157837,0.008807657286524773,0.013238614425063133,0.0007806681387592107,0.008402968989685178,0.013117871712893248,0.0008515641675330698,0.008279660483822227,0.012670932337641716,0.0009131051483564079
2603,0.17553457617759705,0.7672185897827148,0.02646800735965371,0.013192115351557732,0.0009999610774684697,0.02622869680635631,0.012309658341109753,0.0010584231931716204,0.02616641134954989,0.06800086051225662,0.0011104424484074116
2604,0.11954798176884651,1.7581819295883179,0.021852631587535143,0.023526556324213743,0.0007890174747444689,0.02115604979917407,0.01486488338559866,0.00087208446348086,0.020993384066969156,0.014567401725798845,0.0009259718644898385
2605,0.145072802901268,2.224876642227173,0.026591653935611248,0.02157831098884344,0.0008893179765436798,0.02599471714347601,0.020811316091567278,0.0009434352978132665,0.02584495861083269,0.02143639326095581,0.000982697936706245
2606,0.11327490955591202,2.8144795894622803,0.015349703375250101,0.022785209584981203,0.0008989638881757855,0.014611446298658848,0.021758762188255787,0.0009434578823857009,0.014418743085116148,0.021532916463911533,0.0009757034131325781
2607,0.15130886062979698,0.6952984929084778,0.028663243167102337,0.024961560033261776,0.0008564218296669424,0.02720566187053919,0.02369839744642377,0.0009388542966917157,0.026965838856995106,0.01703445753082633,0.0009844310116022825
2608,0.0711158774793148,1.4026185274124146,0.008093603188171983,0.015304139349609613,0.000964930426562205,0.007681156042963266,0.015027539804577827,0.0010222626442555338,0.007608312647789717,0.014348104130476713,0.0010658306418918073
2609,0.2656531110405922,2.3316855430603027,0.03594385180622339,0.07006714399904013,0.0010910737910307944,0.03579180687665939,0.06953291594982147,0.0011656786664389074,0.03587259724736214,0.014964552596211433,0.0012234800960868597
2610,0.0640555489808321,0.9997015595436096,0.007831919472664595,0.013751819264143705,0.0008606974151916802,0.007337601855397224,0.012346938718110323,0.000925972155528143,0.007236028555780649,0.012786191422492266,0.0009783827408682555
2611,0.05878739804029465,1.313242793083191,0.0068598659709095955,0.013521083630621433,0.0008529917104169726,0.006411689100787044,0.011410763021558523,0.0009081854950636625,0.00634096865542233,0.011530742514878511,0.0009511079988442361
2612,0.11643562838435173,1.3723360300064087,0.018947138218209147,0.02514006895944476,0.0008966122986748815,0.01818138756789267,0.016356000676751137,0.0009516184218227863,0.01805432653054595,0.016917276196181774,0.0009911980596370995
2613,0.12080216407775879,0.9985693097114563,0.020353696309030056,0.020893835462629795,0.00079524633474648,0.019116844981908798,0.019360793754458427,0.0009194156154990196,0.018729954957962036,0.01963125541806221,0.0010011304984800518
2614,0.05805658921599388,0.47637438774108887,0.008251182967796922,0.01035000616684556,0.0007798574515618384,0.007990655023604631,0.010841407347470522,0.0008747664396651089,0.007927814731374383,0.010097013786435127,0.0009438861161470413
2615,0.07610516250133514,1.8239763975143433,0.010067715309560299,0.014690072275698185,0.0009093456901609898,0.009676307905465364,0.014661392197012901,0.000980591052211821,0.009560974780470133,0.014521665405482054,0.0010370929376222193
2616,0.11017561703920364,0.6950466632843018,0.01904125907458365,0.017752600368112326,0.0008976520912256092,0.018329658079892397,0.01657818490639329,0.0009559621685184538,0.01823104382492602,0.017393349669873714,0.0009959026938304305
2617,0.1665453091263771,0.6716375350952148,0.027951369062066078,0.030284437350928783,0.0009135088184848428,0.027155297808349133,0.03035158757120371,0.0010006420779973269,0.027019650675356388,0.020813276525586843,0.0010555339395068586
2618,0.23079818487167358,0.8536360263824463,0.026198845822364092,0.06835997849702835,0.0009803063294384629,0.02602585917338729,0.012901604175567627,0.0010516642360016704,0.026027031242847443,0.06813744362443686,0.00111544004175812
2619,0.05564308725297451,1.5085874795913696,0.005975435255095363,0.012361027766019106,0.0008863617840688676,0.0056999861262738705,0.011566997040063143,0.0009541653853375465,0.005662904586642981,0.011524544563144445,0.0010116638732142746
2620,0.10446243360638618,4.762722015380859,0.013554519973695278,0.028713753446936607,0.0008513041830155998,0.011644384358078241,0.0196392759680748,0.0008755021262913942,0.011018514633178711,0.017281539272516966,0.000883644912391901
2621,0.1467886045575142,1.5639166831970215,0.01736975461244583,0.033162713050842285,0.0009857125405687839,0.01638069935142994,0.032966154627501965,0.0010363804176449776,0.01615969487465918,0.027654238045215607,0.0010732534574344754
2622,0.060903580859303474,0.4900949001312256,0.009114663349464536,0.011248389724642038,0.0006982725753914565,0.008752814261242747,0.010071935132145882,0.0007755257247481495,0.008685998618602753,0.0107202366925776,0.0008357474580407143
2623,0.14616000652313232,0.792762041091919,0.018405753187835217,0.030407052487134933,0.0008312154968734831,0.017556622624397278,0.02955437498167157,0.0008902490953914821,0.017412589862942696,0.030166358221322298,0.0009357889066450298
2624,0.05292447283864021,0.5493506193161011,0.007265686057507992,0.010598828084766865,0.00074610929004848,0.0066072947811335325,0.010200169403105974,0.0008122121507767588,0.006433730712160468,0.009397219400852919,0.0008632218523416668
2625,0.06772365793585777,1.2745970487594604,0.008257332723587751,0.014155129436403513,0.000851874181535095,0.007925666170194745,0.013291452080011368,0.000916362478164956,0.007914550369605422,0.013441284652799368,0.0009700069786049426
2626,0.06443553417921066,0.6706946492195129,0.007732045371085405,0.013654176611453295,0.000784690462751314,0.007334511959925294,0.012293425854295492,0.0008482529665343463,0.007258864585310221,0.013631056528538465,0.0008985073072835803
2627,0.05915790982544422,0.5794491171836853,0.007894688518717885,0.011622868478298187,0.000731420237571001,0.007471764460206032,0.011259874328970909,0.0008009523735381663,0.007402841001749039,0.011108675971627235,0.0008648249495308846
2628,0.15604479610919952,0.9572246670722961,0.027544022537767887,0.02311453502625227,0.000907140492927283,0.026615394512191415,0.01971372961997986,0.0009856010728981346,0.02653055125847459,0.02960050944238901,0.0010333132813684642
2629,0.13056981563568115,0.6341462731361389,0.023577186278998852,0.02150904294103384,0.0009347588638775051,0.022689122706651688,0.02034010738134384,0.0010467855026945472,0.022370616905391216,0.01698886975646019,0.001113325182814151
2630,0.139845859259367,0.9919717311859131,0.017186321318149567,0.033858854323625565,0.0008642397588118911,0.016297372058033943,0.025849835015833378,0.0009165291266981512,0.016102619469165802,0.02781118080019951,0.0009589047986082733
2631,0.09863777086138725,0.5704329609870911,0.018339437898248434,0.013744272757321596,0.0008229028899222612,0.017428888473659754,0.015063741244375706,0.0008981636201497167,0.017103894613683224,0.014284487813711166,0.0009519851300865412
2632,0.1312292441725731,0.6952291131019592,0.0281600384041667,0.015536149963736534,0.0009737357613630593,0.027821720577776432,0.014561303425580263,0.001032645406667143,0.02773768501356244,0.0143273058347404,0.001078662637155503
2633,0.08685339987277985,0.7619414329528809,0.010097003541886806,0.01762329787015915,0.0008724254439584911,0.00970218749716878,0.017149697989225388,0.000932517577894032,0.009701671078801155,0.01979256561025977,0.0009820344566833228
2634,0.06648395210504532,2.455427408218384,0.009417737368494272,0.012669200543314219,0.0008214032859541476,0.009044275153428316,0.011587575543671846,0.0008864365227054805,0.008979430422186852,0.012145671993494034,0.0009322187397629023
2635,0.10242177546024323,0.6634781360626221,0.01748443441465497,0.016803335398435593,0.0009787101880647242,0.01709815440699458,0.015255101025104523,0.001057507935911417,0.017067289911210537,0.015563573688268661,0.0011136699467897415
2636,0.1174822449684143,4.283619403839111,0.021671856753528118,0.020967457443475723,0.000825813680421561,0.01942857913672924,0.018090701662003994,0.0008907790761440992,0.018833484034985304,0.015856816433370113,0.0009167567477561533
2637,0.13574374839663506,1.0874799489974976,0.016661334550008178,0.027710161171853542,0.0009356180380564183,0.01592747401446104,0.025649788789451122,0.0009738207445479929,0.015781899448484182,0.031101256143301725,0.0010023899376392365
2638,0.14095836877822876,0.4819827675819397,0.021514111664146185,0.02594493981450796,0.0009449985809624195,0.020667539909482002,0.024480640422552824,0.0010107647394761443,0.020595748908817768,0.02475483901798725,0.0010447814129292965
2639,0.2731899321079254,1.6357829570770264,0.046305764466524124,0.033070314675569534,0.001096134539693594,0.044934576377272606,0.05032569542527199,0.001191089628264308,0.04469722509384155,0.05033119209110737,0.0012379190884530544
2640,0.09318255260586739,0.45281556248664856,0.019677301170304418,0.01065901480615139,0.0008364955720026046,0.01948241819627583,0.01044539175927639,0.0009248782589565963,0.019473180873319507,0.010695258621126413,0.0009886118641588837
2641,0.07005591318011284,0.529585599899292,0.008720451034605503,0.014867295511066914,0.0007975615444593132,0.008332050871104002,0.014730113558471203,0.0008680643804837018,0.008268268313258886,0.01254350133240223,0.0009286053827963769
2642,0.18173259496688843,3.3723700046539307,0.028090106789022684,0.013768867589533329,0.0010369890951551497,0.027692783623933792,0.06851392053067684,0.001095329993404448,0.027638723142445087,0.012750002089887857,0.0011458672815933824
2643,0.0681188628077507,0.4165717661380768,0.00985129689797759,0.01263611763715744,0.0007298106793314219,0.009569910354912281,0.012628661002963781,0.0008157605188898742,0.00951549457386136,0.011481636203825474,0.0008901762194000185
2644,0.07793161645531654,3.3829457759857178,0.011846086475998163,0.01496887905523181,0.0007776436395943165,0.010344390757381916,0.012782477773725986,0.0008355811005458236,0.009877210482954979,0.01561746746301651,0.0008818793576210737
2645,0.14311397075653076,0.46896669268608093,0.01705100294202566,0.030785052105784416,0.0010189265012741089,0.01630017114803195,0.029506529681384563,0.0010482945945113897,0.01605996722355485,0.03027324378490448,0.0010707791661843657
2646,0.12892558053135872,1.3617850542068481,0.019612987991422415,0.024487545248121023,0.0008784267702139914,0.018876679008826613,0.022023199126124382,0.0009405978780705482,0.018724607303738594,0.022395477164536715,0.0009860647260211408
2647,0.14812207594513893,0.523402214050293,0.025787198217585683,0.02357439836487174,0.0010352861718274653,0.025089956587180495,0.022184398490935564,0.001092573074856773,0.0249363009352237,0.02329127537086606,0.00113068736391142
2648,0.09857364743947983,0.8425524830818176,0.016695196740329266,0.016141544561833143,0.0009249144932255149,0.015682272613048553,0.016438137739896774,0.0009993954445235431,0.015364344231784344,0.015277537051588297,0.0010503088706173003
2649,0.23277098312973976,2.1665704250335693,0.027933676727116108,0.06711775343865156,0.0009664458339102566,0.02785060042515397,0.01201582420617342,0.0010360928135924041,0.027890955563634634,0.06686579529196024,0.0010938277118839324
2650,0.09905479103326797,0.5190966725349426,0.01792224310338497,0.01669307891279459,0.0008316500170622021,0.016926333773881197,0.013760763686150312,0.0009098773880396038,0.016649199184030294,0.014402677770704031,0.0009589644032530487
2651,0.20037691295146942,0.656864583492279,0.03918929770588875,0.030294602271169424,0.0009727471915539354,0.038633082062006,0.02996552875265479,0.001059351663570851,0.03861950524151325,0.020524832420051098,0.0011179599678143859
2652,0.10329751297831535,0.6325262188911438,0.022263355553150177,0.01129726180806756,0.0008197549032047391,0.022097621578723192,0.01164237828925252,0.0008941885898821056,0.022090569604188204,0.01123620243743062,0.0009561809129081666
2653,0.08355331979691982,0.6074726581573486,0.010173314018175006,0.018996658269315958,0.0007988948200363666,0.009736304869875312,0.017679703887552023,0.0008566518954467028,0.009671858744695783,0.014736022800207138,0.000903912412468344
2654,0.15973036736249924,0.9817420840263367,0.03227067831903696,0.017173752654343843,0.000865274399984628,0.0316016711294651,0.02182920230552554,0.0009407064935658127,0.031631472520530224,0.022427202202379704,0.0009904037578962743
2655,0.13566954433918,0.7361016869544983,0.01646525668911636,0.027571067214012146,0.000840908323880285,0.01563278678804636,0.028544779866933823,0.0008842931129038334,0.01547327870503068,0.029338981956243515,0.0009181888890452683
2656,0.14234375953674316,0.7633364796638489,0.01696168351918459,0.03215636219829321,0.0009903945319820195,0.01601090282201767,0.03186971973627806,0.0010404868517071009,0.015798778738826513,0.026442022062838078,0.001073402469046414
2657,0.17397944629192352,3.249234914779663,0.02874334715306759,0.0312678636983037,0.001007155457045883,0.027251336723566055,0.032156068831682205,0.0010565081029199064,0.027735774405300617,0.023668402805924416,0.0010929881245829165
2658,0.10997644066810608,1.6737051010131836,0.013912667986005545,0.02539924904704094,0.0008765525999478996,0.013225739821791649,0.02030749898403883,0.0009277581702917814,0.013107207603752613,0.021251481026411057,0.0009682865929789841
2659,0.0668545663356781,1.422518014907837,0.009468276519328356,0.013178722001612186,0.0008035834180191159,0.009219841100275517,0.011727890465408564,0.0008765850798226893,0.00923064281232655,0.01141273882240057,0.0009362833807244897
2660,0.1607276275753975,0.8687743544578552,0.018872218672186136,0.0374262360855937,0.0009224099630955607,0.017868692986667156,0.03292248398065567,0.0009616572351660579,0.017608483787626028,0.03315528202801943,0.0009901687153615057
2661,0.10727328434586525,0.9873740673065186,0.021337872371077538,0.014199398458003998,0.0007960985531099141,0.0211594901047647,0.014321378897875547,0.0008780713542364538,0.021174596156924963,0.012466543354094028,0.0009398404217790812
2662,0.15948385000228882,0.2894560694694519,0.023901594802737236,0.03298480808734894,0.0009529378148727119,0.022864512167871,0.030391983687877655,0.0009930487722158432,0.022631347179412842,0.023744159378111362,0.0010194559581577778
2663,0.06447871588170528,1.0164743661880493,0.0077353722881525755,0.013208497315645218,0.0009100203751586378,0.0071779906284064054,0.013335860799998045,0.0009815952216740698,0.00708263972774148,0.013014457188546658,0.0010322864400222898
2664,0.07734083011746407,2.35536789894104,0.010135952848941088,0.01993103139102459,0.00084908795543015,0.00874510919675231,0.013901648111641407,0.0008964897133409977,0.008398724487051368,0.013552286196500063,0.0009304987615905702
2665,0.0987921953201294,0.3611670732498169,0.013918888289481401,0.01729550724849105,0.0009080322925001383,0.013023616280406713,0.019412134774029255,0.001010768988635391,0.012753206072375178,0.019395250361412764,0.001074791420251131
2666,0.08889143262058496,0.8367965221405029,0.010443025850690901,0.018759398721158504,0.0007618195959366858,0.00991136278025806,0.01826503686606884,0.0008391697192564607,0.009850461035966873,0.01916010887362063,0.0009010472567752004
2667,0.0689372792840004,1.3463388681411743,0.008433226961642504,0.014182283077389002,0.0008353584562428296,0.007873360300436616,0.014293035957962275,0.0009120749600697309,0.00765442312695086,0.013786736875772476,0.0009667804115451872
2668,0.15717041492462158,0.7454853653907776,0.02842714637517929,0.019732894375920296,0.0009982952033169568,0.02762481104582548,0.025547444820404053,0.0010796283022500575,0.027530137449502945,0.025104643777012825,0.0011254132841713727
2669,0.1709633618593216,0.6247997283935547,0.02755340188741684,0.02395099215209484,0.0009778515086509287,0.02703499374911189,0.03178333817049861,0.0010576259228400886,0.026971460320055485,0.03052183287218213,0.0011118555848952383
2670,0.06636441871523857,0.29153549671173096,0.008683980209752917,0.013006612658500671,0.0008711793052498251,0.008390357717871666,0.012154506519436836,0.0009325749124400318,0.00833276892080903,0.013009354937821627,0.000983086763881147
2671,0.06733114644885063,1.0813876390457153,0.008273464627563953,0.014572960324585438,0.0007388388330582529,0.007942651631310582,0.013090564403682947,0.0008168183558154851,0.007890136213973165,0.013128629885613918,0.0008770845015533268
2672,0.1098882257938385,3.1007118225097656,0.019553623627871275,0.020074483938515186,0.0009264907275792211,0.018412602599710226,0.015271731652319431,0.0009918565046973526,0.018139731604605913,0.015481948386877775,0.0010357584105804563
2673,0.11463514529168606,1.25375497341156,0.014199919532984495,0.02318595419637859,0.0007418281747959554,0.013498511747457087,0.02646837313659489,0.0008297928143292665,0.013348481967113912,0.021461372496560216,0.0009009140194393694
2674,0.03747777733951807,0.896899938583374,0.0049292066833004355,0.006943241460248828,0.0006115116702858359,0.004639009363017976,0.007410074817016721,0.0007140241505112499,0.004621583037078381,0.0068001700565218925,0.0008089569746516645
2675,0.10690589249134064,2.4329864978790283,0.0158755024895072,0.019136415794491768,0.0008475143404211849,0.01529083214700222,0.021205658093094826,0.0009398767724633217,0.015230411663651466,0.017379356548190117,0.0010003216448239982
2676,0.07083263248205185,2.14741587638855,0.008520019240677357,0.01536653796210885,0.0009381055424455553,0.008130611851811409,0.013943181838840246,0.0010061615612357855,0.008095108903944492,0.013776671141386032,0.001056237000739202
2677,0.1368865743279457,0.9431880116462708,0.02110881358385086,0.02113368920981884,0.0008984979358501732,0.020405400544404984,0.025580495595932007,0.0009607197716832161,0.020409703254699707,0.025385979562997818,0.0010032672435045242
2678,0.38649725914001465,1.078367829322815,0.044436000287532806,0.07808629609644413,0.0011138315894640982,0.04407917708158493,0.0863632969558239,0.0011883070110343397,0.04406706616282463,0.08592237159609795,0.0012409121845848858
2679,0.05368685722351074,0.6118208765983582,0.0063803791999816895,0.01173462439328432,0.0008360389620065689,0.005983427399769425,0.010520100127905607,0.0009225998073816299,0.005942980758845806,0.010377532802522182,0.000989174732239917
2680,0.06323125772178173,1.4528675079345703,0.008716891286894679,0.011437356006354094,0.0008434833725914359,0.008501502918079495,0.011597203090786934,0.0009290616726502776,0.008486875100061297,0.011724797077476978,0.0009940896416082978
2681,0.0730506181716919,1.669817328453064,0.009930971777066588,0.014540859032422304,0.0008323836955241859,0.00918316375464201,0.014533808454871178,0.0008967937319539487,0.008912835037335753,0.013272713869810104,0.0009470900113228709
2682,0.06525367684662342,0.41466981172561646,0.007950478000566363,0.01498224213719368,0.0009091335523407906,0.007292675087228417,0.012709720525890589,0.000979044707491994,0.007097654044628143,0.012297782581299543,0.0010349441436119378
2683,0.08905668184161186,0.7296251058578491,0.014030606718733907,0.01669947663322091,0.0008112739305943251,0.013233000878244638,0.01258935360237956,0.0009133694693446159,0.013031365582719445,0.016769512090831995,0.0009787183662410825
2684,0.10811206698417664,0.9050611853599548,0.02119733113795519,0.01460441155359149,0.0008561841095797718,0.020988785661756992,0.013025655411183834,0.0009334600763395429,0.02097999630495906,0.014531722292304039,0.0009945263154804707
2685,0.12901621311903,2.575064182281494,0.021202719304710627,0.019894042052328587,0.0009169740369543433,0.019764110445976257,0.026274293661117554,0.0009506952483206987,0.01943868026137352,0.019606251269578934,0.0009684448596090078
2686,0.08935507666319609,2.107586145401001,0.00970001274254173,0.01959687238559127,0.0007971120649017394,0.009453440550714731,0.01901110610924661,0.0008821785449981689,0.009473271202296019,0.0194922867231071,0.0009487963397987187
2687,0.13385210931301117,0.8368837237358093,0.020923851057887077,0.023341489024460316,0.0008973501098807901,0.02013818034902215,0.023785000666975975,0.000948968983720988,0.020032217260450125,0.022798306308686733,0.0009867436019703746
2688,0.19168924912810326,1.6891610622406006,0.03332047630101442,0.03567832615226507,0.0009641722426749766,0.032287743873894215,0.03250358533114195,0.0010641110129654408,0.03203926607966423,0.022699887864291668,0.0011316777090542018
2689,0.12179242819547653,0.7309713959693909,0.019480080343782902,0.020168306306004524,0.0008826555858831853,0.018742313608527184,0.024287368170917034,0.0009472639067098498,0.018636102322489023,0.01765216886997223,0.0009961697505787015
2690,0.2320842444896698,0.49042487144470215,0.026203992776572704,0.06814078614115715,0.0009868874331004918,0.026024740654975176,0.06801765691488981,0.0010576205386314541,0.026020940393209457,0.01451079547405243,0.0011208357173018157
2691,0.06656139902770519,0.3611220121383667,0.009380706585943699,0.01267101475968957,0.0008307562384288758,0.009025875711813569,0.011308969464153051,0.00089664661209099,0.008965064538642764,0.012532649096101522,0.0009497168648522347
2692,0.13610488548874855,1.6955164670944214,0.016547047765925527,0.029224210418760777,0.0008361642248928547,0.015535935992375016,0.028177376836538315,0.0008774004527367651,0.015278825536370277,0.028722353745251894,0.000905567838344723
2693,0.0881316289305687,1.720579981803894,0.011021473444998264,0.016130768693983555,0.0008606853371020406,0.010714410338550806,0.017826237715780735,0.0009177059400826693,0.010711246635764837,0.018990025389939547,0.0009590754052624106
2694,0.2062295898795128,1.3313194513320923,0.034975429996848106,0.07026051916182041,0.0011022681137546897,0.034768384881317616,0.01382523588836193,0.0011793117155320942,0.03479400463402271,0.014093587175011635,0.001230848312843591
2695,0.10607223957777023,0.5384575128555298,0.013153922744095325,0.01995552657172084,0.0008810390718281269,0.012802076991647482,0.022238900419324636,0.0009472294477745891,0.012731814291328192,0.02236002031713724,0.0010017147869803011
2696,0.13677393645048141,0.8007415533065796,0.020050241146236658,0.02534523420035839,0.0008993289084173739,0.019312130752950907,0.025207240134477615,0.0009689336875453591,0.019235465675592422,0.024742932058870792,0.0010124319233000278
2697,0.10126891732215881,0.4365779161453247,0.022264254745095968,0.010518406517803669,0.0007527368143200874,0.02205478446558118,0.010708491317927837,0.0008411745948251337,0.022015098948031664,0.01119678420946002,0.0009171847777906805
2698,0.10278799757361412,0.7793371081352234,0.022607450373470783,0.011427128687500954,0.000808479730039835,0.022439164109528065,0.01055558817461133,0.0008833830361254513,0.022426731884479523,0.010689799673855305,0.0009502698667347431
2699,0.08357946388423443,2.8246402740478516,0.011650864267721772,0.01903320336714387,0.0008606826304458082,0.010422345483675599,0.01637667790055275,0.0009169959230348468,0.010125498054549098,0.013231889344751835,0.0009613078145775944
2700,0.07073618471622467,2.356243848800659,0.007822850253432989,0.015843844041228294,0.000963399070315063,0.007433768128976226,0.014619269408285618,0.0010212018969468772,0.007329401560127735,0.014640511013567448,0.0010619419044815004
2701,0.10944857448339462,1.1159197092056274,0.018185710534453392,0.02220017369836569,0.0008475143113173544,0.017100185621529818,0.015524856746196747,0.0009145307703875005,0.016881948802620173,0.01683603785932064,0.0009576157317496836
2702,0.0643889382481575,1.8393112421035767,0.007290945155546069,0.014259471092373133,0.0009426100587006658,0.006898247869685292,0.013278509955853224,0.0010241479321848601,0.006797334877774119,0.012811595108360052,0.0010860759648494422
2703,0.06157698482275009,1.0749942064285278,0.007932563312351704,0.01287040300667286,0.0008394023461733013,0.007520769024267793,0.011537691112607718,0.0009021444129757583,0.007398135960102081,0.01162870554253459,0.0009471691737417132
2704,0.15028230473399162,0.8514159917831421,0.017046695575118065,0.03198239440098405,0.0008656434656586498,0.016173241194337606,0.03312434256076813,0.0009190187556669116,0.01594474073499441,0.033263249322772026,0.0009629831765778363
2705,0.05017499439418316,1.3475043773651123,0.006682465318590403,0.00975445518270135,0.0007800336461514235,0.006296231877058744,0.009377154987305403,0.0008584970782976598,0.006202062591910362,0.009303261991590261,0.0009208318078890443
2706,0.06920192018151283,1.6682840585708618,0.007835400989279151,0.01549203833565116,0.0008292721176985651,0.0075009583961218596,0.013051464688032866,0.000895758013939485,0.007480583386495709,0.015156837645918131,0.0009596073650754988
2707,0.13621999323368073,1.8787788152694702,0.022261744365096092,0.024250922724604607,0.001038671878632158,0.021484842523932457,0.021786770783364773,0.001093170081730932,0.02127434592694044,0.021900923922657967,0.0011285971850156784
2708,0.15004230290651321,0.47614696621894836,0.028351294808089733,0.02002951968461275,0.000997516035567969,0.027500731870532036,0.025105795823037624,0.0010771413799375296,0.02738738339394331,0.01847384311258793,0.0011190769728273153
2709,0.11511965841054916,0.5430102348327637,0.018872618675231934,0.021587770897895098,0.0008559896377846599,0.017893529497087002,0.021124040242284536,0.0009242281666956842,0.01777025475166738,0.015130083076655865,0.0009611511486582458
2710,0.10500318929553032,0.7734419107437134,0.01637305470649153,0.019451735075563192,0.0007080836221575737,0.015607600682415068,0.01754171447828412,0.0008110877242870629,0.015598716214299202,0.018020113231614232,0.0008910873148124665
2711,0.0963692907243967,1.9433366060256958,0.010603052796795964,0.021965921856462955,0.0009587884414941072,0.010290367994457483,0.021097615361213684,0.001024344761390239,0.010261599207296968,0.019092961214482784,0.0010746392072178423
2712,0.11519269645214081,1.2567487955093384,0.01813735067844391,0.02213963493704796,0.0008476728689856827,0.016921791713684797,0.018829071428626776,0.0009166838135570288,0.016664064954966307,0.019777444191277027,0.0009589822439011186
2713,0.0865447111427784,1.5435680150985718,0.011380596552044153,0.01740217488259077,0.0009372253553010523,0.010006037075072527,0.017541395965963602,0.0009632417932152748,0.00953952269628644,0.0177930761128664,0.000981439952738583
2714,0.04465992283076048,1.0942168235778809,0.005982285714708269,0.008723900420591235,0.0006651093135587871,0.005641754833050072,0.00815684162080288,0.0007684076845180243,0.005572951980866492,0.008300890680402517,0.0008477814262732863
2715,0.06937189027667046,1.4936190843582153,0.007721178000792861,0.015706944279372692,0.0009700677474029362,0.00733795715495944,0.014490215573459864,0.0010265348828397691,0.007214969024062157,0.013835366815328598,0.0010686558089219034
2716,0.07567980512976646,3.0161287784576416,0.008800314040854573,0.016980293672531843,0.0009607088577467948,0.00826019886881113,0.013330907095223665,0.0010018326865974814,0.008182083955034614,0.01712246658280492,0.0010410005925223231
2717,0.159545186907053,0.6037630438804626,0.028300106059759855,0.02278031362220645,0.0009292702306993306,0.027304711751639843,0.030287966132164,0.001024203869746998,0.027221055701375008,0.020617624279111624,0.00107993942219764
2718,0.17596112936735153,1.0805325508117676,0.03097839653491974,0.02809056732803583,0.0009027282940223813,0.02968478575348854,0.022510568611323833,0.0009680930234026164,0.02940763719379902,0.03241164609789848,0.001006713544484228
2719,0.15150263160467148,1.4151982069015503,0.026342956582084298,0.031224142760038376,0.0009008788620121777,0.025171479675918818,0.02045593038201332,0.0009805819427128881,0.024903281591832638,0.02049519633874297,0.001028182974550873
2720,0.06582890450954437,0.7415981292724609,0.009531070478260517,0.01294300938025117,0.0008303287904709578,0.009154177736490965,0.011322906240820885,0.0008965306624304503,0.009069099323824048,0.011136417742818594,0.000945364183280617
2721,0.04542194027453661,0.7262517809867859,0.006742727593518794,0.008066910551860929,0.0006048088253010064,0.006581541150808334,0.007272644666954875,0.0007214452780317515,0.006554335937835276,0.008061209926381707,0.0008163145685102791
2722,0.12697052955627441,0.47527796030044556,0.019452381413429976,0.020481991581618786,0.000906667672097683,0.01861023623496294,0.023662305902689695,0.0009728283039294183,0.01854765648022294,0.023318547755479813,0.0010179117089137435
2723,0.08753011375665665,1.15090811252594,0.016060601687058806,0.01382821798324585,0.0008327431278303266,0.0150295605417341,0.012657432816922665,0.000906734203454107,0.014782507438212633,0.012481218203902245,0.0009510969102848321
2724,0.12012961506843567,1.7787898778915405,0.021747712045907974,0.018328674137592316,0.0009893991227727383,0.02030072407796979,0.019975125789642334,0.0010376200079917908,0.019944310188293457,0.016738547012209892,0.001067501725628972
2725,0.1335042081773281,1.2722545862197876,0.016408058814704418,0.030473058111965656,0.0008458883676212281,0.015552963363006711,0.024012334179133177,0.0008842491661198437,0.015361437806859612,0.029057244770228863,0.0009089803206734359
2726,0.07677397690713406,0.5119957327842712,0.00827996782027185,0.01505084615200758,0.0008659572922624648,0.007958276430144906,0.01751489657908678,0.0009397827670909464,0.007945713819935918,0.017223882488906384,0.0009946539357770234
2727,0.1002051830291748,1.5000816583633423,0.011321403086185455,0.02346280822530389,0.0009632000874262303,0.010852289386093616,0.020322466734796762,0.0010093931341543794,0.010722193401306868,0.020499879494309425,0.0010515544563531876
2728,0.1099017933011055,0.9787643551826477,0.01344414334744215,0.021457570604979992,0.0010107957059517503,0.012730742804706097,0.023181680589914322,0.001054616121109575,0.012534311506897211,0.02339869225397706,0.0010892435675486922
2729,0.10263782553374767,0.9809218049049377,0.011997920460999012,0.022559754550457,0.0009552244446240366,0.011415835469961166,0.022710905876010656,0.0009844874148257077,0.011281873099505901,0.019713594112545252,0.0010182330152019858
2730,0.1261133924126625,0.30586007237434387,0.025349748320877552,0.016545468475669622,0.0009597995085641742,0.02449155133217573,0.016637621447443962,0.0010444147046655416,0.024269433692097664,0.015717328060418367,0.0010980252700392157
2731,0.09710749797523022,1.308258295059204,0.017049079295247793,0.014555194415152073,0.0009657587506808341,0.01666405680589378,0.01477701123803854,0.0010418191668577492,0.016626299591735005,0.014333125669509172,0.0010951511794701219
2732,0.0653590764850378,1.1336039304733276,0.007145954994484782,0.01426162850111723,0.0008186748600564897,0.006824580719694495,0.01409772876650095,0.0009034235845319927,0.0067728899884969,0.013567541260272264,0.000966652762144804
2733,0.08571238815784454,0.7229899168014526,0.010272530373185873,0.01801667083054781,0.0008125054882839322,0.009733833838254213,0.020569167099893093,0.0008793229935690761,0.009584099985659122,0.014914487954229116,0.0009297693031840026
2734,0.04645811300724745,0.3615804612636566,0.00668685557320714,0.008407954592257738,0.0006003223243169487,0.006521297851577401,0.00792852626182139,0.0007119159563444555,0.006499347742646933,0.00829469133168459,0.0008071991906035691
2735,0.13055648654699326,0.365979939699173,0.029329619370400906,0.01510572386905551,0.0008288727258332074,0.028601165860891342,0.013294755481183529,0.000906707689864561,0.028415178880095482,0.013111384119838476,0.0009630746499169618
2736,0.21304720640182495,3.19502854347229,0.032188362441957,0.021541455294936895,0.0010314283426851034,0.03155311103910208,0.01900458801537752,0.0010788262006826699,0.03140510153025389,0.07412347942590714,0.0011208532378077507
2737,0.10042054951190948,1.572472095489502,0.016842429526150227,0.018361739814281464,0.0009144988725893199,0.01587727852165699,0.014963444322347641,0.000991321518085897,0.015621918253600597,0.015807421877980232,0.0010405014036223292
2738,0.2260685469955206,1.3812432289123535,0.0263945278711617,0.06726236175745726,0.0009588328830432147,0.026060911128297448,0.0663323337212205,0.0010283215378876776,0.025981320533901453,0.01096250768750906,0.0010874165454879403
2739,0.10112987831234932,0.7538430690765381,0.018571060616523027,0.014499871991574764,0.0009012485970743,0.018264033365994692,0.014397997874766588,0.0009907163330353796,0.018218145705759525,0.014227988664060831,0.0010588130680844188
2740,0.08866098895668983,2.0243921279907227,0.00992716709151864,0.020192758180201054,0.0009442730224691331,0.009649548679590225,0.016867902595549822,0.0010064752423204482,0.009715886553749442,0.01930938335135579,0.0010475937742739916
2741,0.22691607847809792,2.982839345932007,0.02627810789272189,0.0673262421041727,0.0009722225659061223,0.02608864684589207,0.06642231857404113,0.0010399770690128207,0.02612992445938289,0.011569448746740818,0.0010891916463151574
2742,0.08937742002308369,2.6162109375,0.015091931913048029,0.01624855399131775,0.0008520287228748202,0.014307185541838408,0.013993923086673021,0.0009466095943935215,0.014196775620803237,0.012729876674711704,0.001010534557281062
2743,0.13761411234736443,0.4395807981491089,0.01649614004418254,0.03142373962327838,0.0009037317358888686,0.015625645639374852,0.029759836848825216,0.000947360647842288,0.015457519562914968,0.02602442540228367,0.0009757063526194543
2744,0.07567745447158813,0.38655710220336914,0.009131251135841012,0.01672150380909443,0.0007818256272003055,0.008705526823177934,0.01706375228241086,0.0008406804408878088,0.008661963045597076,0.012886600103229284,0.0008843546384014189
2745,0.11221085488796234,2.027428388595581,0.013366229366511106,0.02422947995364666,0.0009247195557691157,0.012639783788472414,0.024457477033138275,0.0009658671333454549,0.012468722183257341,0.022153396159410477,0.0010051829740405083
2746,0.0928686112165451,0.3329702317714691,0.020344765856862068,0.010675286874175072,0.0007508917478844523,0.02003309060819447,0.009969557169824839,0.0008232276304624975,0.019956803880631924,0.009434288367629051,0.0008806987316347659
2747,0.13292699307203293,0.5564626455307007,0.019618745427578688,0.02372801350429654,0.0008304133953060955,0.01882555754855275,0.023667035158723593,0.0009026029438246042,0.018710015807300806,0.025686807930469513,0.0009577995515428483
2748,0.08416564390063286,2.956509828567505,0.010958763305097818,0.022664600051939487,0.000802882801508531,0.009908830281347036,0.014352402649819851,0.0008547082252334803,0.009563955944031477,0.014162410516291857,0.0008970927156042308
2749,0.06309585645794868,0.6022279858589172,0.007686174008995295,0.01298647839576006,0.000868852948769927,0.007314351387321949,0.012208686210215092,0.00092200274229981,0.007245346438139677,0.012893427163362503,0.0009705346310511231
2750,0.10228073596954346,0.26121068000793457,0.016682148445397615,0.018900741823017597,0.0008417146163992584,0.015638547018170357,0.017289333045482635,0.0009182930225506425,0.015364181715995073,0.015673046000301838,0.0009727306896820664
2751,0.06855902448296547,1.6716506481170654,0.010771564673632383,0.011504345573484898,0.000766591023420915,0.010509529151022434,0.01161139365285635,0.000840945664094761,0.01046006754040718,0.011193737853318453,0.0009008494671434164
2752,0.10279251262545586,2.4988229274749756,0.018756683450192213,0.016582707408815622,0.0009041856101248413,0.017549437936395407,0.014866895508021116,0.0009696857305243611,0.017269388306885958,0.014880924485623837,0.001012604305287823
2753,0.09927308559417725,2.333956241607666,0.012001058552414179,0.02142673498019576,0.0009249617578461766,0.011327572399750352,0.019048975314944983,0.0009789575124159455,0.011170772137120366,0.0213673934340477,0.001026665500830859
2754,0.08390302956104279,3.71683406829834,0.010763879865407944,0.017544654197990894,0.0009225143003277481,0.009295039810240269,0.01773553341627121,0.000973762507783249,0.008918010396882892,0.016747535206377506,0.001002100296318531
2755,0.06661181710660458,1.2624918222427368,0.009194037178531289,0.014634230639785528,0.0008487841114401817,0.008477733936160803,0.011573545634746552,0.0008976866956800222,0.008348779520019889,0.011700527276843786,0.0009364921716041863
2756,0.16204248741269112,0.5767565965652466,0.026574645657092333,0.03261642623692751,0.0009890901274047792,0.025908684823662043,0.022740744054317474,0.0010655218502506614,0.025823079515248537,0.025205343030393124,0.0011189468204975128
2757,0.0669312085956335,1.0494154691696167,0.007994025247171521,0.01398837985470891,0.0008250735991168767,0.007426834665238857,0.014082730282098055,0.000892551732249558,0.007264943327754736,0.013507838360965252,0.0009488332725595683
2758,0.1200992576777935,2.106757879257202,0.0252342252060771,0.016363706439733505,0.0008221648167818785,0.02366673294454813,0.014520685654133558,0.0009007995540741831,0.023233833722770214,0.014401108026504517,0.0009560012840665877
2759,0.07844754308462143,1.787936806678772,0.008553611114621162,0.017587844282388687,0.0008196707931347191,0.008255385793745518,0.017420885153114796,0.0008870932506397367,0.008240810129791498,0.01573543343693018,0.0009468091884627938
2760,0.25092974305152893,2.052969455718994,0.04472352936863899,0.04103325121104717,0.0011005029082298279,0.04405463486909866,0.030983980745077133,0.0012221531360410154,0.04478645883500576,0.0417557992041111,0.0012694407487288117
2761,0.20627427101135254,0.9681792259216309,0.031138629652559757,0.041231291368603706,0.001046937715727836,0.030202221125364304,0.03911461401730776,0.001106429088395089,0.03014394361525774,0.031158429570496082,0.0011317746830172837
2762,0.10335665196180344,1.0030533075332642,0.018793283496052027,0.014868585392832756,0.0009425344760529697,0.018447985406965017,0.014109014067798853,0.0010223713179584593,0.018382104113698006,0.01571491500362754,0.001075859589036554
2763,0.13811112940311432,2.3066811561584473,0.017258976586163044,0.029230821877717972,0.0008565194148104638,0.016343664843589067,0.028464687056839466,0.0009051278466358781,0.016163548920303583,0.027936925180256367,0.0009508558141533285
2764,0.10272727161645889,1.141518473625183,0.022566176485270262,0.010859348811209202,0.0007429982942994684,0.02236685436218977,0.011021730955690145,0.0008322226640302688,0.022316187620162964,0.011118224821984768,0.0009035216644406319
2765,0.21086207032203674,1.0572577714920044,0.03818404860794544,0.028706702403724194,0.0010058986372314394,0.03699869196861982,0.031170787289738655,0.0010737826232798398,0.036860096268355846,0.03574831038713455,0.0011137437541037798
2766,0.07772442698478699,0.8275721669197083,0.011624103877693415,0.01387720089405775,0.0008452303591184318,0.01110499445348978,0.015151871368288994,0.0009115978609770536,0.011030463501811028,0.012216397561132908,0.0009625679231248796
2767,0.08537383377552032,6.1930084228515625,0.012739027850329876,0.017251894809305668,0.0008431282185483724,0.01039418950676918,0.015631618909537792,0.0008788802661001682,0.009748121723532677,0.01700151013210416,0.0008854608458932489
2768,0.2506728805601597,2.027991771697998,0.028711408842355013,0.017709356732666492,0.0009848238551057875,0.028557284735143185,0.07359825167804956,0.0010423721687402576,0.028773756232112646,0.07020730338990688,0.0010883265058510005
2769,0.12250825390219688,1.688340663909912,0.014121565036475658,0.02618289738893509,0.0009665322722867131,0.013677432667464018,0.029154367744922638,0.0010131609160453081,0.013683304656296968,0.022661389783024788,0.001047604571795091
2770,0.13367729634046555,3.3557634353637695,0.025802873075008392,0.020379720255732536,0.0009657040354795754,0.025135223753750324,0.017345971427857876,0.001046083401888609,0.025057531893253326,0.016849885694682598,0.0010943053057417274
2771,0.20886749774217606,0.7177360653877258,0.03150043357163668,0.031836641021072865,0.001065572607330978,0.030750863254070282,0.03887645807117224,0.0011124718002974987,0.03060134034603834,0.04198408126831055,0.001139628584496677
2772,0.12017989158630371,1.526509404182434,0.014432800933718681,0.0239266324788332,0.0009225268149748445,0.01361989276483655,0.024337551556527615,0.0009553568670526147,0.013461645692586899,0.027538985013961792,0.0009844964370131493
2773,0.06509819999337196,0.407205730676651,0.008636261336505413,0.012877222150564194,0.0008015548519324511,0.00837059156037867,0.011691163759678602,0.0008658638398628682,0.00831880746409297,0.012613640632480383,0.0009230952127836645
2774,0.27714255824685097,0.9493885040283203,0.02605519932694733,0.0659238095395267,0.000942487211432308,0.02555393404327333,0.06525890901684761,0.0010077801416628063,0.025433196686208248,0.06590159609913826,0.0010656486556399614
2775,0.08572994917631149,0.5277584791183472,0.010223961900919676,0.01796692982316017,0.00086222990648821,0.009849836584180593,0.017797714099287987,0.0009248449932783842,0.009800742845982313,0.017329182475805283,0.000974506139755249
2776,0.043380195274949074,1.1116340160369873,0.004611065029166639,0.009258092381060123,0.0006983104394748807,0.004393876879476011,0.008821218740195036,0.0007886472740210593,0.004391358350403607,0.009532784577459097,0.0008848420111462474
2777,0.1676490604877472,1.5689404010772705,0.025240786373615265,0.028759715612977743,0.0008986777102109045,0.02379410434514284,0.031600914895534515,0.0009448484051972628,0.023441012017428875,0.031995403580367565,0.0009736013598740101
2778,0.12660197168588638,0.30281370878219604,0.02315726224333048,0.020363694056868553,0.000946253421716392,0.022321117110550404,0.01944761909544468,0.0010513376619201154,0.022088550962507725,0.016112086828798056,0.0011140516144223511
2779,0.08340495079755783,3.305753469467163,0.010755148716270924,0.017272664234042168,0.0008611878147348762,0.0097196651622653,0.016740988940000534,0.000904667132999748,0.009494482073932886,0.016714343335479498,0.0009418042318429798
2780,0.13728245347738266,1.9746332168579102,0.030428566969931126,0.014983012806624174,0.0009601988713257015,0.03020273894071579,0.014153870288282633,0.0010461705387569964,0.030217968858778477,0.014192829374223948,0.0010970939765684307
2781,0.06341882050037384,1.6047868728637695,0.007572905393317342,0.013274327386170626,0.0008745755476411432,0.007277829805389047,0.012259861454367638,0.0009276911441702396,0.007292028516530991,0.012965573463588953,0.0009740274399518967
2782,0.16285251826047897,1.6330537796020508,0.027062505949288607,0.024547606706619263,0.00097664661007002,0.026253032498061657,0.032499101012945175,0.0010534368338994682,0.026029072701931,0.023317357059568167,0.001113762438762933
2783,0.09115592390298843,1.413804531097412,0.014005844481289387,0.01827493915334344,0.0008126824395731091,0.013072744011878967,0.017379067838191986,0.0009069987281691283,0.01281052129343152,0.012917510233819485,0.0009756158106029034
2784,0.06173808500170708,0.8399208188056946,0.007998842978850007,0.012138882651925087,0.0007743964670225978,0.007497106678783894,0.013356857001781464,0.0008471304608974606,0.007386908866465092,0.010834996588528156,0.0009029635693877935
2785,0.0849558636546135,0.627913236618042,0.010130901355296373,0.01695074513554573,0.0009242445230484009,0.009482699912041426,0.01756342826411128,0.000980788841843605,0.009368203580379486,0.018523450940847397,0.0010314045939594507
2786,0.09499741718173027,0.9255313873291016,0.011312796967104077,0.020275463350117207,0.0008700803155079484,0.010846127290278673,0.018425739370286465,0.0009200227214023471,0.010777064599096775,0.020612722728401423,0.00095739885000512
2787,0.055354466661810875,0.790031373500824,0.006757101975381374,0.011281578335911036,0.0008464601705782115,0.006418244680389762,0.01061650924384594,0.000921243365155533,0.006402875762432814,0.011124890763312578,0.0009855641692411155
2788,0.08256776630878448,1.270973563194275,0.009033263195306063,0.019750467501580715,0.0008904829155653715,0.008670552866533399,0.01866857660934329,0.0009363695280626416,0.008640161249786615,0.014999619219452143,0.0009782759880181402
2789,0.10030176118016243,0.35087090730667114,0.011736505664885044,0.021318139508366585,0.0010178980883210897,0.011152758495882154,0.021585583686828613,0.0010708941845223308,0.011004361789673567,0.020307399332523346,0.0011082193814218044
2790,0.07839984446763992,1.3646043539047241,0.009714629035443068,0.016136131715029478,0.000927018525544554,0.009146470110863447,0.017109159845858812,0.0009840774873737246,0.009067547973245382,0.01428483473137021,0.0010299740824848413
2791,0.10984412208199501,1.0915933847427368,0.018890785286203027,0.01745732594281435,0.0008462458790745586,0.017713104374706745,0.020077185705304146,0.000914058939088136,0.017454045359045267,0.015534930862486362,0.000956443342147395
2792,0.07884760480374098,0.7309946417808533,0.008944362751208246,0.01614459161646664,0.000766427896451205,0.008571247686631978,0.015432839747518301,0.0008576705004088581,0.00849166710395366,0.018705923343077302,0.0009328690939582884
2793,0.14537147339433432,0.7862889766693115,0.023588230833411217,0.0269063136074692,0.0008033774211071432,0.023092669900506735,0.01847125170752406,0.000912924122530967,0.0230362000875175,0.02755374927073717,0.001006762613542378
2794,0.1454092487692833,1.7741268873214722,0.016823212150484324,0.03259824775159359,0.0010033060098066926,0.015876737888902426,0.029191101901233196,0.0010310537763871253,0.015635634306818247,0.03219422325491905,0.0010557301575317979
2795,0.10179471969604492,0.20119883120059967,0.012950160074979067,0.021492410451173782,0.0008619025757070631,0.012515529990196228,0.021297974046319723,0.0009247552661690861,0.012387136463075876,0.018386617302894592,0.0009782353299669921
2796,0.12456070631742477,1.0033422708511353,0.0184726445004344,0.023997150361537933,0.0008899300300981849,0.017247822135686874,0.021372349932789803,0.0009604306542314589,0.016932915896177292,0.023679908830672503,0.0010075484751723707
2797,0.08704153448343277,0.7722887396812439,0.010805136524140835,0.01825608406215906,0.0007839153404347599,0.010511104948818684,0.017534117214381695,0.0008491847547702491,0.010538609698414803,0.016859758645296097,0.0009036249830387533
2798,0.11420908197760582,0.2676447033882141,0.020318723749369383,0.021994495764374733,0.0008013969054445624,0.019354022573679686,0.01575901871547103,0.0008784272358752787,0.019228994846343994,0.014948150143027306,0.0009258558857254684
2799,0.26107481122016907,1.349182367324829,0.038648733869194984,0.010778043419122696,0.0009544971981085837,0.03856317885220051,0.06611739564687014,0.0010323672904632986,0.03858458995819092,0.06529248086735606,0.0011035194038413465
2800,0.03866876661777496,1.069688081741333,0.005057110101915896,0.00804020999930799,0.0006076564895920455,0.004830691963434219,0.006965264678001404,0.0006995959556661546,0.00483196449931711,0.006852505262941122,0.0007837689772713929
2801,0.18585127219557762,2.183913469314575,0.0329482639208436,0.02479635365307331,0.0009485998889431357,0.03180474787950516,0.026318305172026157,0.0010532101150602102,0.03148442134261131,0.03538281377404928,0.0011145672760903835
2802,0.07793442904949188,4.088016510009766,0.010967351030558348,0.015440358780324459,0.0008004536211956292,0.00984142953529954,0.014110308606177568,0.0008464641869068146,0.009573376271873713,0.015471570193767548,0.0008831202867440879
2803,0.0635178741067648,1.2216287851333618,0.0078430634457618,0.013448473997414112,0.0008482394914608449,0.007344145094975829,0.012634769547730684,0.0009115763823501766,0.007219549268484116,0.012301805894821882,0.0009662499069236219
2804,0.15277348831295967,1.7723287343978882,0.018910720944404602,0.034472085535526276,0.0009119785681832582,0.01801556581631303,0.0280184093862772,0.0009464457689318806,0.01776327332481742,0.0327629754319787,0.0009720419766381383
2805,0.2207006849348545,0.6300151944160461,0.02553662285208702,0.06563281966373324,0.0009409742197021842,0.02514093229547143,0.06571346241980791,0.0010054028825834394,0.025062928907573223,0.010606779716908932,0.0010607687290757895
2806,0.13125771284103394,0.9102702736854553,0.01554238609969616,0.030043422244489193,0.0009217747719958425,0.014864076394587755,0.02897878736257553,0.0009785625443328172,0.014745222171768546,0.024166911374777555,0.0010165652493014932
2807,0.08989280462265015,0.42440563440322876,0.01310703344643116,0.017337983939796686,0.0007971193117555231,0.012165199965238571,0.01656486140564084,0.0008911258773878217,0.011892222799360752,0.016183034051209688,0.0009542226325720549
2808,0.13785958290100098,0.348351389169693,0.025574316270649433,0.020998904947191477,0.0009009487112052739,0.02502587530761957,0.020129389129579067,0.0009478064603172243,0.02490740269422531,0.01838696515187621,0.0009879794670268893
2809,0.09842357784509659,0.4067993760108948,0.012117471313104033,0.02042333409190178,0.0008478469680994749,0.011327854823321104,0.02001274097710848,0.0008809634018689394,0.011152735678479075,0.020746514666825533,0.0009141171467490494
2810,0.04681381769478321,0.8850399255752563,0.006917808554135263,0.008508056402206421,0.0006614541343878955,0.006736763287335634,0.007852394599467516,0.0007585519924759865,0.006756412563845515,0.0077809435315430164,0.0008414284675382078
2811,0.14653123915195465,0.6839513182640076,0.017172140069305897,0.029824174009263515,0.0009153796127066016,0.016297605354338884,0.03249226417392492,0.0009627678664401174,0.016170192044228315,0.03169712843373418,0.0009995847358368337
2812,0.06735554710030556,0.5822427868843079,0.009103864198550582,0.0156794972717762,0.0008473295602016151,0.008463627425953746,0.01157761737704277,0.0008970692288130522,0.008361503016203642,0.01148500433191657,0.0009400341077707708
2813,0.10447559505701065,1.0989736318588257,0.011704663280397654,0.021541275084018707,0.0009538620652165264,0.01118694175966084,0.022555053234100342,0.001004392164759338,0.011127006961032748,0.02335269097238779,0.0010497119510546327
2814,0.07809139788150787,0.39876192808151245,0.010630736127495766,0.018628954887390137,0.0009170289267785847,0.009044231846928596,0.014467249158769846,0.0009510796517133713,0.008612976409494877,0.013867861591279507,0.0009712763130664825
2815,0.16878104209899902,1.1914669275283813,0.02936213370412588,0.026893038768321276,0.0008849614532664418,0.028545603156089783,0.028469184413552284,0.0009381470154039562,0.02835187129676342,0.024365569930523634,0.0009705361153464764
2816,0.09503007680177689,0.41074103116989136,0.016576615627855062,0.015336139127612114,0.0009137725865002722,0.015687078703194857,0.014638618100434542,0.0009878326673060656,0.015450608683750033,0.01439680578187108,0.0010426025837659836
2817,0.06854729540646076,0.959783673286438,0.007553779985755682,0.015710933599621058,0.0008855423075146973,0.007193916477262974,0.014740080572664738,0.0009391446365043521,0.007135627092793584,0.013400052674114704,0.000988219864666462
2818,0.10055798664689064,0.41661322116851807,0.022207053378224373,0.011025972664356232,0.000755609362386167,0.022044084034860134,0.009828153997659683,0.0008399736834689975,0.022020741365849972,0.01093554263934493,0.0009008575580082834
2819,0.06202148459851742,1.045493721961975,0.00763741391710937,0.013215785380452871,0.0008575937827117741,0.007153623271733522,0.01175965229049325,0.0009180331253446639,0.0070634710136801004,0.012444295920431614,0.0009716140339151025
2820,0.12122882157564163,2.6803109645843506,0.02750844554975629,0.012245664838701487,0.0009682241943664849,0.027380254585295916,0.012351019773632288,0.0010342347668483853,0.027388832066208124,0.011266306508332491,0.001085842668544501
2821,0.04841601848602295,1.739946961402893,0.006664480548352003,0.008398806909099221,0.0006737868534401059,0.006541162612847984,0.009026872459799051,0.0007703764131292701,0.006559341331012547,0.00893125869333744,0.0008499318500980735
2822,0.1070784330368042,1.1052730083465576,0.013153723441064358,0.023337490390986204,0.0009236119221895933,0.012412577867507935,0.022697695065289736,0.0009664991521276534,0.012260996270924807,0.020322563126683235,0.0010032812133431435
2823,0.07775219157338142,1.8201490640640259,0.009838918223977089,0.016964107286185026,0.0008206006605178118,0.009144216077402234,0.012967558111995459,0.0008795752946753055,0.008950106333941221,0.017262091394513845,0.0009250186558347195
2824,0.09551534056663513,2.3335721492767334,0.01234752219170332,0.01938452012836933,0.0009198755724355578,0.01081168744713068,0.02152791991829872,0.0009531872638035566,0.010377474594861269,0.01821750495582819,0.0009756454674061388
2825,0.20527000445872545,0.7988767623901367,0.023339414270594716,0.007521313847973943,0.0007927097612991929,0.02322704833932221,0.06278643989935517,0.0008941506966948509,0.02323928417172283,0.06247379910200834,0.0009958419541362673
2826,0.06937488913536072,0.3799715042114258,0.00900899968110025,0.013887971639633179,0.0008307417738251388,0.008437285432592034,0.013680013362318277,0.0008879523375071585,0.008315776474773884,0.013388218823820353,0.0009379321127198637
2827,0.09582642465829849,0.6925206780433655,0.017743690870702267,0.016147686168551445,0.000760439143050462,0.016778571996837854,0.01332444278523326,0.0008518515387549996,0.016403884161263704,0.012899779714643955,0.0009160811896435916
2828,0.07415254972875118,2.627922296524048,0.009611512767150998,0.01814223825931549,0.0007847519009374082,0.008319549029693007,0.015604162588715553,0.0008263219497166574,0.007927998434752226,0.012079515028744936,0.0008564993622712791
2829,0.06420272588729858,2.0466344356536865,0.009450516197830439,0.011135855689644814,0.0007769926160108298,0.009171449579298496,0.01140569243580103,0.00084847048856318,0.00914760585874319,0.011361669283360243,0.0009044741746038198
2830,0.07529590278863907,2.054617166519165,0.009603362996131182,0.015539782587438822,0.0008542045252397656,0.009365140926092863,0.015461885370314121,0.0009165730443783104,0.009372988250106573,0.013207514304667711,0.0009744484559632838
2831,0.2741561830043793,0.823677659034729,0.045036543160676956,0.047780321910977364,0.0010990776354447007,0.0443457905203104,0.039025173522531986,0.001181268715299666,0.044293658807873726,0.05016486905515194,0.0012294971966184676
2832,0.12408234924077988,2.189121723175049,0.014385266229510307,0.027988072484731674,0.000919312471523881,0.013494405895471573,0.02713702991604805,0.0009524956694804132,0.013300696853548288,0.024926033802330494,0.0009790383046492934
2833,0.05124508589506149,1.724366307258606,0.006727506406605244,0.010097294114530087,0.0007765498303342611,0.006329058902338147,0.009478161577135324,0.0008535492233932018,0.006239305716007948,0.009829717688262463,0.00091394322225824
2834,0.06307592242956161,0.5427964329719543,0.007759164087474346,0.013771912083029747,0.000823266978841275,0.007220910396426916,0.01193601917475462,0.0008875292842276394,0.00710556423291564,0.012631830293685198,0.0009397277026437223
2835,0.10803314298391342,0.4108908772468567,0.017608856316655874,0.01703715231269598,0.000973361951764673,0.017262707464396954,0.017817385494709015,0.001050621911417693,0.017226675525307655,0.017944318242371082,0.0011120583512820303
2836,0.060819607228040695,0.6351504325866699,0.008881972404196858,0.011330822017043829,0.0007629151514265686,0.008532283129170537,0.011348227970302105,0.0008221891475841403,0.008455702103674412,0.00981526542454958,0.0008702305203769356
2837,0.12289447337388992,1.925839900970459,0.022490324452519417,0.01912405528128147,0.0008352593285962939,0.021110658533871174,0.01837882772088051,0.0009300306264776736,0.020895378664135933,0.018146507907658815,0.00098343106219545
2838,0.09895940870046616,0.4905951917171478,0.012852929998189211,0.01935764728114009,0.0008688901143614203,0.012436864897608757,0.01833980903029442,0.0009316566865891218,0.012350213713943958,0.020845038816332817,0.0009763555717654526
2839,0.1304522156715393,1.5588104724884033,0.02909222152084112,0.01534444885328412,0.0008327144896611571,0.028406516648828983,0.013216057326644659,0.0009084675111807883,0.02835473045706749,0.013334700837731361,0.0009623573278076947
2840,0.10285795480012894,2.543668508529663,0.018703338224440813,0.014655029866844416,0.0009673382737673819,0.01843363605439663,0.013945001177489758,0.001040420844219625,0.01845057914033532,0.015573684591799974,0.0010889317491091788
2841,0.07382602244615555,1.5208628177642822,0.009698487352579832,0.014864242170006037,0.0009251988958567381,0.009397537913173437,0.014349786564707756,0.0009934609988704324,0.009352127090096474,0.013203117996454239,0.0010420642793178558
2842,0.19687354564666748,0.7098559737205505,0.03655676916241646,0.03469206299632788,0.0011088800965808332,0.03595427703112364,0.024697544053196907,0.0011886752909049392,0.0358140729367733,0.025627718307077885,0.001233541639521718
2843,0.080290038138628,0.9326518774032593,0.011561137158423662,0.013396820519119501,0.000839454703964293,0.011020529549568892,0.015755143482238054,0.0009058417635969818,0.010943550616502762,0.014906452037394047,0.0009611086861696094
2844,0.054020607843995094,1.5119762420654297,0.006862335372716188,0.010670195333659649,0.0008342506480403244,0.006568247685208917,0.010356668382883072,0.0009141756454482675,0.006533247884362936,0.01030593179166317,0.0009755543433129787
2845,0.21139909327030182,2.288069248199463,0.04075371287763119,0.028300175443291664,0.0009444457828067243,0.039887942373752594,0.02929656906053424,0.0010286784381605685,0.03970060497522354,0.03039553202688694,0.0010914421873167157
2846,0.07273625954985619,0.5719342827796936,0.009973484557121992,0.014377473387867212,0.0007745017646811903,0.009645537938922644,0.01448369538411498,0.0008480586984660476,0.009559310972690582,0.012163995299488306,0.0009102028561756015
2847,0.10766569525003433,0.9522499442100525,0.01221413491293788,0.022401411086320877,0.000889304094016552,0.01175388554111123,0.024959784001111984,0.0009446702897548676,0.011642050929367542,0.021871674805879593,0.0009887794440146536
2848,0.05131369270384312,0.7884781360626221,0.00659919111058116,0.009966874960809946,0.0007819934689905494,0.006233258405700326,0.009506571106612682,0.000850637094117701,0.006161123048514128,0.010304590221494436,0.0009094527340494096
2849,0.0752029586583376,0.67545086145401,0.00833061314187944,0.017634499818086624,0.0008598582353442907,0.007972517982125282,0.016865625977516174,0.0009276272030547261,0.007937571033835411,0.013695283327251673,0.0009793607168830931
2850,0.11312877386808395,4.067811965942383,0.017084516119211912,0.021188977174460888,0.0008146068721543998,0.015010055620223284,0.021585961803793907,0.0008924183202907443,0.0143140172585845,0.021301073022186756,0.0009371445048600435
2851,0.0631870198994875,0.973592221736908,0.009281105361878872,0.011663367040455341,0.0007650364423170686,0.008941970998421311,0.011328057385981083,0.0008361692889593542,0.008895014645531774,0.010577269829809666,0.000899026112165302
2852,0.16632592305541039,0.6785433888435364,0.026556643191725016,0.02850035484880209,0.0009041500743478537,0.02523176441900432,0.02866857871413231,0.000984692422207445,0.025152081856504083,0.02930182870477438,0.001025838719215244
2853,0.09593908861279488,0.3972564935684204,0.013357686344534159,0.019011904019862413,0.0008508354658260942,0.012527506332844496,0.01800602488219738,0.0009365355363115668,0.012231283821165562,0.018018214497715235,0.000999097479507327
2854,0.07505815476179123,0.588081419467926,0.009008566848933697,0.01526095625013113,0.0009441413567401469,0.008431347087025642,0.014459729194641113,0.000990460452158004,0.008337249513715506,0.01659503998234868,0.0010306641925126314
2855,0.09091061912477016,2.7558329105377197,0.01709387800656259,0.015201621688902378,0.0007471557764802128,0.016120390268042684,0.011785383336246014,0.000812117476016283,0.015721738571301103,0.012561518233269453,0.0008668182999826968
2856,0.09269918501377106,1.919193148612976,0.01662806305103004,0.015344746876507998,0.0008398118079639971,0.015795768704265356,0.01304063480347395,0.0009264396212529391,0.015544380992650986,0.013596771750599146,0.0009825678716879338
2857,0.10918630287051201,1.4190235137939453,0.013896748423576355,0.020606835838407278,0.0009175761369988322,0.013462956994771957,0.02292149793356657,0.0009708649304229766,0.013349959626793861,0.022045803256332874,0.0010140614467673004
2858,0.11192727088928223,1.0583595037460327,0.018666941672563553,0.017156897112727165,0.0010293740779161453,0.018125927541404963,0.017856060527265072,0.0010986197739839554,0.01802746532484889,0.01882448699325323,0.0011414973414503038
2859,0.19337741285562515,0.5529284477233887,0.027973722666502,0.03640275076031685,0.0009852622170001268,0.027095457073301077,0.03567327745258808,0.0010543952812440693,0.026937528513371944,0.03616117313504219,0.0010938459308817983
2860,0.07153748162090778,0.7943795323371887,0.010740913799963892,0.013847685884684324,0.0006549290555994958,0.010038043954409659,0.013646837789565325,0.000779405323555693,0.009873936302028596,0.01107714488171041,0.0008785822137724608
2861,0.13328728824853897,0.6760796308517456,0.02426581922918558,0.01877654157578945,0.0009204337256960571,0.023872724268585443,0.01816777465865016,0.0009774011559784412,0.02383121009916067,0.021449008956551552,0.0010263770818710327
2862,0.06650864519178867,1.0483040809631348,0.009192136814817786,0.01253433944657445,0.0008850933809299022,0.008333430625498295,0.013989480212330818,0.0009408682235516608,0.008175404509529471,0.011472661979496479,0.0009852312214206904
2863,0.0650080032646656,1.2396197319030762,0.007486895192414522,0.013243390712887049,0.0008708301465958357,0.007252024486660957,0.01389364618808031,0.0009496407874394208,0.007231507683172822,0.013065719045698643,0.001014350273180753
2864,0.0853896476328373,0.6241928339004517,0.009641053155064583,0.01932956324890256,0.0008584755123592913,0.00919277174398303,0.016636318527162075,0.0009125887881964445,0.009113992098718882,0.01874130079522729,0.0009635853348299861
2865,0.10153379663825035,0.8871712684631348,0.022152244113385677,0.010907053016126156,0.0008067313465289772,0.021986572537571192,0.011478468775749207,0.0008778588089626282,0.02197438944131136,0.010419619269669056,0.0009308556036558002
2866,0.10451650246977806,2.570293426513672,0.01845558499917388,0.016323904041200876,0.0010340746957808733,0.01792745990678668,0.01573005225509405,0.001096061198040843,0.017893760930746794,0.014919187873601913,0.0011364127276465297
2867,0.05531010404229164,0.8930752277374268,0.007048454834148288,0.011352268978953362,0.0006772679043933749,0.005903636338189244,0.01286236778832972,0.0007499375496990979,0.005653060041368008,0.010253533255308867,0.0008095791563391685
2868,0.1364791989326477,1.7795578241348267,0.02165876142680645,0.023218205198645592,0.0010412224801257253,0.021084466017782688,0.024357246235013008,0.0010857838788069785,0.02100440487265587,0.021909696981310844,0.0011194052058272064
2869,0.051576992496848106,2.4272966384887695,0.006531991995871067,0.011746249394491315,0.0007403951021842659,0.006152857095003128,0.009542957181110978,0.0008291432750411332,0.006133942166343331,0.008991306880488992,0.0009081473108381033
2870,0.0961916483938694,1.0178252458572388,0.01646449649706483,0.01720754476264119,0.0008617999847047031,0.015631990041583776,0.01336836302652955,0.0009273070900235325,0.01545292092487216,0.015307057648897171,0.0009701703675091267
2871,0.1029539704322815,1.1081348657608032,0.013019111007452011,0.0236408868804574,0.0008704514184501022,0.012266373261809349,0.020374742802232504,0.0009119294409174472,0.012121629901230335,0.018800074700266123,0.0009487756760790944
2872,0.17927659302949905,1.7112958431243896,0.02826022356748581,0.026525304652750492,0.0009725394775159657,0.02713714586570859,0.03524626046419144,0.0010374054545536637,0.026872236747294664,0.03214532230049372,0.0010801642783917487
2873,0.09144004061818123,0.5800738334655762,0.016038859728723764,0.014426983892917633,0.0009635116730351001,0.01569701312109828,0.013767214491963387,0.0010551053273957223,0.015616866759955883,0.012758029624819756,0.0011164612951688468
2874,0.13931477814912796,0.4046051502227783,0.020638495218008757,0.028309416025877,0.0008779560739640146,0.01976914145052433,0.023879571817815304,0.0009309994056820869,0.019636115059256554,0.02430887334048748,0.0009642169461585581
2875,0.07022309675812721,1.2452709674835205,0.009036572650074959,0.013113182969391346,0.0008365924877580255,0.008429794339463115,0.014374593272805214,0.0008833627216517925,0.00827003107406199,0.014359651133418083,0.0009193190489895642
2876,0.11100057512521744,0.2391883134841919,0.018700556131079793,0.017022893764078617,0.0008637901046313345,0.017805338837206364,0.01584700495004654,0.0009264498949050903,0.017664727056398988,0.021203883457928896,0.0009659364586696029
2877,0.16413039714097977,2.142350196838379,0.02523040701635182,0.03147968323901296,0.001000762335024774,0.024612066568806767,0.02410615189000964,0.0010722902370616794,0.024683160008862615,0.03082388173788786,0.0011220030719414353
2878,0.10988034307956696,2.602241039276123,0.0183078208938241,0.01690289517864585,0.0010294122621417046,0.017720594070851803,0.01785346493124962,0.0010923846857622266,0.017651892732828856,0.01818520575761795,0.0011366798426024616
2879,0.09118316695094109,1.051612377166748,0.016159613151103258,0.01525109726935625,0.0008199091244023293,0.015220358269289136,0.01380593841895461,0.0008865509298630059,0.014964070403948426,0.013143916614353657,0.0009317172516603023
2880,0.09229050204157829,2.0366013050079346,0.013266181107610464,0.02135311672464013,0.0008445271232631058,0.012092691380530596,0.016991804353892803,0.0008868946752045304,0.011720087844878435,0.014221388380974531,0.0009138151363003999
2881,0.09776855632662773,0.5038106441497803,0.012550434097647667,0.021120771765708923,0.0009102582989726216,0.011847063200548291,0.019111899193376303,0.0009450155775994062,0.011673548724502325,0.018636567518115044,0.0009729965240694582
2882,0.13306280598044395,0.2834392786026001,0.01655313652008772,0.027202661149203777,0.0008996129618026316,0.01580908545292914,0.02536527533084154,0.000939598772674799,0.015663508092984557,0.029663410037755966,0.0009665285761002451
2883,0.10313865542411804,0.28351280093193054,0.01735157798975706,0.01629954483360052,0.0009674380125943571,0.01696763513609767,0.017064079642295837,0.0010420151520520449,0.01689897943288088,0.015441722702234983,0.0011056592338718474
2884,0.09951760619878769,1.6007494926452637,0.011176534229889512,0.020555537194013596,0.0009607079264242202,0.010718784062191844,0.020575327333062887,0.0009987798403017223,0.010608358308672905,0.02289202343672514,0.0010315547115169466
2885,0.08619586750864983,3.56247615814209,0.012251862324774265,0.017361721955239773,0.0008585576724726707,0.00983911007642746,0.018228810280561447,0.0008739213808439672,0.009107624646276236,0.016797563061118126,0.000876693578902632
2886,0.22152548655867577,2.4861061573028564,0.026259142206981778,0.0652502179145813,0.0009033448295667768,0.026012229500338435,0.009828731883317232,0.0009619527845643461,0.02596253645606339,0.06533983070403337,0.0010075048776343465
2887,0.31813281774520874,2.7508389949798584,0.03545417636632919,0.06976655125617981,0.001094966777600348,0.03524515125900507,0.06898976396769285,0.0011704814387485385,0.03525914717465639,0.06993082445114851,0.0012217465555295348
2888,0.08159877546131611,0.8415085077285767,0.008830875274725258,0.016426946967840195,0.0007691775099374354,0.00847839133348316,0.01867063669487834,0.0008517534588463604,0.008454426657408476,0.0181887811049819,0.0009277864883188158
2889,0.16628585010766983,1.0397095680236816,0.02006930485367775,0.03494005836546421,0.0009983523050323129,0.01902405498549342,0.03278291877359152,0.0010281800059601665,0.018793083261698484,0.03760515805333853,0.00104473193641752
2890,0.07267987914383411,0.4989965558052063,0.008949763840064406,0.017441774252802134,0.0009438157430849969,0.008384560002014041,0.013671986293047667,0.00098653748864308,0.008292694808915257,0.012982561253011227,0.0010261884308420122
2891,0.061098361387848854,0.3094607889652252,0.008399485377594829,0.011601780075579882,0.0007983616378623992,0.008081026142463088,0.010975924786180258,0.0008610992517787963,0.008003466064110398,0.011457424610853195,0.0009197948384098709
2892,0.13441696763038635,1.4696160554885864,0.03351343423128128,0.010574747808277607,0.000813398277387023,0.03342483565211296,0.010501210577785969,0.0008934659708756953,0.03347023390233517,0.010277254041284323,0.0009483845788054168
2893,0.11348924040794373,0.7025638222694397,0.013335282914340496,0.02315289620310068,0.0009468996722716838,0.012750104069709778,0.024213751778006554,0.0009882671874947846,0.012586369644850492,0.024495734833180904,0.0010199286043643951
2894,0.13470470905303955,1.8722485303878784,0.016230998560786247,0.02928535593673587,0.0008271307742688805,0.015290600480511785,0.027890036813914776,0.0008656787686049938,0.015020021703094244,0.02840099949389696,0.0008938911487348378
2895,0.27763065695762634,0.8134902119636536,0.04409279301762581,0.029319212306290865,0.0010890818666666746,0.04361529089510441,0.08433329500257969,0.0011632535024546087,0.043507665395736694,0.02928911242634058,0.0012209444539621472
2896,0.10699833557009697,2.900763511657715,0.01643674774095416,0.017806687392294407,0.0008248494705185294,0.015144915785640478,0.01920874696224928,0.0009016848634928465,0.01472310209646821,0.021011941134929657,0.0009396590467076749
2897,0.09446598961949348,1.9053078889846802,0.016173857497051358,0.014717353042215109,0.0009779711836017668,0.015930796042084694,0.01426196750253439,0.001065302873030305,0.015899628633633256,0.014311597216874361,0.001127514522522688
2898,0.0964217483997345,1.6695477962493896,0.017835251986980438,0.013552219606935978,0.0008301942434627563,0.017074421048164368,0.014026833232492208,0.0008994553063530475,0.01689019240438938,0.014363958034664392,0.0009492214303463697
2899,0.2496570721268654,1.7675009965896606,0.044383579865098,0.034523360431194305,0.0010868521640077233,0.04326556250452995,0.039833033457398415,0.0011720696347765625,0.043039752170443535,0.041132207959890366,0.00122065597679466
2900,0.2273164913058281,0.5397418141365051,0.027170994319021702,0.06623422214761376,0.0009542774641886353,0.02702026441693306,0.06598116364330053,0.001018501032376662,0.026975289918482304,0.010887049604207277,0.0010747125488705933
2901,0.25406740605831146,1.5401947498321533,0.04389653913676739,0.07722675986588001,0.0010825195349752903,0.043230343610048294,0.021073589101433754,0.0011566143948584795,0.043040674179792404,0.022153331898152828,0.0012070400989614427
2902,0.10544219240546227,1.2326903343200684,0.021275134291499853,0.013245170004665852,0.0009010037174448371,0.020963425748050213,0.013020457234233618,0.0009760769316926599,0.020894736051559448,0.01313313515856862,0.0010330553341191262
2903,0.08516861125826836,0.6585012078285217,0.015740283532068133,0.014697326812893152,0.0007621667464263737,0.014880981529131532,0.01148261595517397,0.0008278334862552583,0.014715347904711962,0.011183455120772123,0.0008786000253167003
2904,0.0921986773610115,0.5081149339675903,0.013533653225749731,0.016533563379198313,0.0009020381257869303,0.012552539585158229,0.01878462638705969,0.0009969592501875013,0.012306701159104705,0.015533491037786007,0.0010551093146204948
2905,0.10308070853352547,1.02446711063385,0.0208230116404593,0.013773438986390829,0.0008367389091290534,0.020645765122026205,0.012641165871173143,0.0009068001236300915,0.02064755978062749,0.01183439139276743,0.000971839006524533
2906,0.17501240223646164,0.8970677256584167,0.025903535541146994,0.013991468120366335,0.0010502847144380212,0.025626359041780233,0.013004564680159092,0.001117983367294073,0.025606323266401887,0.06753387581557035,0.0011780050117522478
2907,0.09895237535238266,0.601936399936676,0.018290127627551556,0.014208138454705477,0.0008804547251202166,0.017961773555725813,0.01310869911685586,0.0009702060197014362,0.01791374944150448,0.014585206750780344,0.0010340132866986096
2908,0.0782964900135994,0.48596101999282837,0.008862491929903626,0.017774884589016438,0.0008264376665465534,0.008315989980474114,0.0161004182882607,0.0008802406373433769,0.008218709845095873,0.016392579302191734,0.000924738502362743
2909,0.06125229597091675,0.7799341082572937,0.00884012202732265,0.012530087027698755,0.0007994720945134759,0.008357454324141145,0.010284670162945986,0.0008635308186057955,0.008232134860008955,0.010431069880723953,0.0009137594606727362
2910,0.07728921249508858,3.6137828826904297,0.010188637301325798,0.016275422647595406,0.0009176995954476297,0.008564852410927415,0.015275519341230392,0.0009668924321886152,0.007987009128555655,0.01611744472756982,0.0009957390429917723
2911,0.06301261484622955,0.9471303224563599,0.009383649565279484,0.011258569546043873,0.0007622733828611672,0.009062080178409815,0.011190986260771751,0.0008346520480699837,0.009005931206047535,0.010619314853101969,0.0008951592317316681
2912,0.08496351912617683,1.454235553741455,0.013227685121819377,0.01660876302048564,0.0007393818523269147,0.012286690762266517,0.012491201981902122,0.0008306053059641272,0.01201396039687097,0.015872064512223005,0.0008931690244935453
2913,0.10295838117599487,0.2801497280597687,0.020967422984540462,0.012328865006566048,0.000777892186306417,0.020750406198203564,0.013832458294928074,0.0008531411876901984,0.02072595153003931,0.01180673437193036,0.0009155104926321656
2914,0.14296019077301025,1.081593632698059,0.018407293129712343,0.02786631230264902,0.0009741506655700505,0.017384760081768036,0.03280137851834297,0.0010055085876956582,0.017158242873847485,0.02633107453584671,0.0010314718820154667
2915,0.21105174720287323,1.4530630111694336,0.030622110702097416,0.020132211036980152,0.001031398423947394,0.029936673119664192,0.0762548865750432,0.0010690568597055972,0.029814754612743855,0.02108556730672717,0.0011050792527385056
2916,0.07638532668352127,0.5031792521476746,0.009278169833123684,0.01824283879250288,0.0009921543532982469,0.008563145296648145,0.01410544291138649,0.0010457260650582612,0.00843959255144,0.014634386636316776,0.0010838659945875406
2917,0.10901592671871185,0.33001235127449036,0.019253771752119064,0.01681510079652071,0.0007975159678608179,0.018088030628859997,0.01879399549216032,0.0009185300441458821,0.017760636284947395,0.015585027635097504,0.0010033099097199738
2918,0.09104778617620468,0.9514889717102051,0.015694327419623733,0.013777961488813162,0.0009712580940686166,0.015404904494062066,0.013961933553218842,0.0010583512485027313,0.015368851600214839,0.013687354978173971,0.001122844172641635
2919,0.06376936100423336,1.2024167776107788,0.008969145594164729,0.01286045229062438,0.0008865571580827236,0.008179172407835722,0.011465798132121563,0.000940082740271464,0.00803206698037684,0.011459165252745152,0.000976919080130756
2920,0.05803978070616722,0.9228430986404419,0.00885176844894886,0.00999275827780366,0.0007425971853081137,0.00835769553668797,0.01022665947675705,0.0008130712667480111,0.008208885323256254,0.00997759448364377,0.0008687523077242076
2921,0.10220414772629738,0.3741423785686493,0.017071694135665894,0.016111928038299084,0.0010374908451922238,0.01662228861823678,0.01687079295516014,0.001118338666856289,0.016502655344083905,0.01569929765537381,0.0011696622241288424
2922,0.19415366649627686,0.987527072429657,0.031639804132282734,0.03546912968158722,0.0009464320028200746,0.030733751133084297,0.026482190936803818,0.0010475352173671126,0.0303994407877326,0.03632594831287861,0.001109433127567172
2923,0.0778043270111084,2.3732922077178955,0.008878184948116541,0.015570717863738537,0.0008549781341571361,0.008584786206483841,0.015990871470421553,0.0009203136432915926,0.008570019155740738,0.017439700663089752,0.0009947516955435276
2924,0.0909796953201294,1.0625373125076294,0.01678942213766277,0.012819382827728987,0.0008792487788014114,0.016402604524046183,0.01275112759321928,0.0009574414580129087,0.016347168246284127,0.01302345097064972,0.0010098508791998029
2925,0.09928447753190994,0.96471107006073,0.020290100015699863,0.012081914581358433,0.0008539908740203828,0.020152135053649545,0.01146668754518032,0.0009156758023891598,0.02019733819179237,0.012349468655884266,0.0009771640179678798
2926,0.1918962150812149,1.492069125175476,0.030491752550005913,0.03043979685753584,0.0010374801931902766,0.02940582949668169,0.029366711154580116,0.0010858853347599506,0.02917736303061247,0.03977440297603607,0.0011169789941050112
2927,0.12539248168468475,0.41592836380004883,0.02254890277981758,0.017970168963074684,0.0009288977889809757,0.021701964549720287,0.01930361706763506,0.001034749177051708,0.02146340347826481,0.01934076752513647,0.001100012450478971
2928,0.08900030702352524,0.7862740755081177,0.015432276530191302,0.013770253397524357,0.0009672198793850839,0.015143193071708083,0.01326560927554965,0.0010527057747822255,0.015119599644094706,0.013134075328707695,0.0011153829982504249
2929,0.1028432585299015,1.3430445194244385,0.021024358924478292,0.012791989371180534,0.0009063772158697248,0.020726606249809265,0.012337933760136366,0.000978378695435822,0.020675826119259,0.012371351011097431,0.0010304346214979887
2930,0.05903258174657822,2.8091702461242676,0.007262783590704203,0.012240833137184381,0.000811975565738976,0.006990673486143351,0.011389285326004028,0.0008578262059018016,0.006944212364032865,0.011637447867542505,0.000897544901818037
2931,0.09699741750955582,1.4775309562683105,0.016348038567230105,0.01593534229323268,0.0009915742557495832,0.016078721964731812,0.014578956179320812,0.0010553753818385303,0.01606707740575075,0.014841469004750252,0.0011008618166670203
2932,0.10628532618284225,1.3131381273269653,0.012722359970211983,0.02350444905459881,0.0009911762899719179,0.011983805801719427,0.022646556608378887,0.0010312472004443407,0.011806600028648973,0.020536954049021006,0.001062183640897274
2933,0.06305941939353943,1.1676775217056274,0.007921103620901704,0.013131498359143734,0.0008180822478607297,0.0073417844250798225,0.011635896284133196,0.0008849261503200978,0.007142668589949608,0.013248177245259285,0.0009352803463116288
2934,0.06857257336378098,1.044685959815979,0.010672969277948141,0.01166702015325427,0.0008180859149433672,0.010426378808915615,0.011824679095298052,0.0008783691737335175,0.010346891824156046,0.011016144882887602,0.00092203269014135
2935,0.26226828061044216,1.0288728475570679,0.023744040867313743,0.06285485997796059,0.0007842326886020601,0.023603440960869193,0.06290536397136748,0.0008791039581410587,0.023596485028974712,0.06292408076114953,0.000976683630142361
2936,0.05920945480465889,1.3883733749389648,0.008925392059609294,0.011616547591984272,0.0007420398469548672,0.00855533848516643,0.009598706383258104,0.0008135338430292904,0.008524683304131031,0.009565351530909538,0.0008678629819769412
2937,0.07005825638771057,3.623997926712036,0.00950904400087893,0.01477747317403555,0.0008234397973865271,0.008350650081411004,0.01446710666641593,0.0008660195162519813,0.008068746188655496,0.01230560801923275,0.0008901713299565017
2938,0.08533992245793343,4.120584011077881,0.01019146153703332,0.021230092272162437,0.0008641087333671749,0.009158581029623747,0.016438068822026253,0.0009034153772518039,0.0089297229424119,0.016690110322088003,0.0009343632264062762
2939,0.09340694919228554,1.8156529664993286,0.01971599948592484,0.010450349189341068,0.0008418051584158093,0.019649333553388715,0.01068036025390029,0.0009212997974827886,0.019692168571054935,0.010474424343556166,0.0009812055504880846
2940,0.1247987374663353,2.09940767288208,0.016633214661851525,0.02595354663208127,0.0008429952431470156,0.01594177191145718,0.024478129111230373,0.0008772191940806806,0.0158574094530195,0.02331122476607561,0.0009032243979163468
2941,0.12221470102667809,0.49986135959625244,0.020219639409333467,0.022211162839084864,0.0007972997846081853,0.01953734876587987,0.01615087641403079,0.0008703903877176344,0.01950202276930213,0.022002364974468946,0.0009235998732037842
2942,0.08930472657084465,0.7895757555961609,0.0157294028904289,0.014014586340636015,0.0008525989833287895,0.014844571938738227,0.013601364102214575,0.000913818395929411,0.014633858809247613,0.013751850463449955,0.0009626780229154974
2943,0.07892457954585552,1.8316031694412231,0.014577982132323086,0.01104250131174922,0.0007859233301132917,0.0144398637348786,0.010833066888153553,0.0008924526919145137,0.014469825313426554,0.010897107888013124,0.000985856429906562
2944,0.09727571904659271,0.7096437811851501,0.011038366239517927,0.021167960949242115,0.0008564161253161728,0.010643649846315384,0.020499550737440586,0.0008989432244561613,0.01064970949664712,0.02058563567698002,0.0009354866342619061
2945,0.11803865805268288,2.036402463912964,0.025257593020796776,0.016741253901273012,0.0008063872810453176,0.023384681902825832,0.013020501006394625,0.0008749305852688849,0.02285908441990614,0.014170348178595304,0.0009238813072443008
2946,0.10042079165577888,2.034139394760132,0.011438562767580152,0.023164781741797924,0.000952012836933136,0.01099914126098156,0.022365281358361244,0.0009915288537740707,0.010870077880099416,0.01861077081412077,0.0010286354226991534
2947,0.06338631361722946,0.8967359662055969,0.009419609792530537,0.011487858835607767,0.0007497134211007506,0.009074559202417731,0.010578222572803497,0.000806219526566565,0.008991844719275832,0.011426073964685202,0.0008522130083292723
2948,0.18793077766895294,0.6206018328666687,0.02968550706282258,0.03302532434463501,0.001061987946741283,0.028841900639235973,0.03206760808825493,0.0011366673279553652,0.02876622974872589,0.03217901475727558,0.0011665300116874278
2949,0.07472113147377968,0.6138423681259155,0.00924883782863617,0.015277496539056301,0.0009415254171472043,0.008705603424459696,0.013438097666949034,0.0009819275583140552,0.008600636618211865,0.016505833715200424,0.0010211701155640185
2950,0.06674769893288612,1.1648246049880981,0.008251252584159374,0.013699265662580729,0.0008028140291571617,0.00789604987949133,0.014403958804905415,0.0008670062525197864,0.007840361446142197,0.012068894226104021,0.0009180958440992981
2951,0.1652333065867424,0.6322333216667175,0.0249111563898623,0.011021284852176905,0.0009753977647051215,0.024707230972126126,0.011303632985800505,0.0010494613670744002,0.0246876438613981,0.06546780047938228,0.0011096930829808116
2952,0.18705324828624725,1.5482146739959717,0.03223983384668827,0.028591112233698368,0.0009443034650757909,0.031496995128691196,0.03408416919410229,0.0010417487937957048,0.03132215142250061,0.02623046189546585,0.0011024712002836168
2953,0.109681885689497,3.4049031734466553,0.01829611137509346,0.017776652239263058,0.0008132764487527311,0.016298132482916117,0.018672820180654526,0.0008856186759658158,0.01584707200527191,0.020165164954960346,0.0009270398586522788
2954,0.0609123520553112,0.901240348815918,0.0073395781219005585,0.012808698695152998,0.0008623686444479972,0.006939511047676206,0.012232671957463026,0.0009112195111811161,0.006859131855890155,0.012005257420241833,0.0009539154707454145
2955,0.3636733591556549,2.151916027069092,0.044495582580566406,0.07594012469053268,0.0010809915256686509,0.044133104383945465,0.07625220995396376,0.0011483327252790332,0.044021001085639,0.07539957389235497,0.0012024363968521357
2956,0.1262413077056408,0.7141056060791016,0.016182262916117907,0.025220169220119715,0.0008321771747432649,0.015412930632010102,0.028942293487489223,0.0008647463982924819,0.01522645028308034,0.0226712329313159,0.0008890482131391764
2957,0.16382815688848495,1.1331509351730347,0.02006886713206768,0.0396973080933094,0.000995406968286261,0.019075830932706594,0.03174598887562752,0.001020894036628306,0.018877831753343344,0.03130571451038122,0.0010403097257949412
2958,0.07739105634391308,0.6120043992996216,0.014318045694380999,0.011340126162394881,0.0007790758972987533,0.014031362487003207,0.010070536518469453,0.0008915133075788617,0.01396860124077648,0.011011903639882803,0.0009798943647183478
2959,0.04936244525015354,0.3674733638763428,0.006815647706389427,0.010576487518846989,0.0006923191249370575,0.0063126892782747746,0.00857621431350708,0.0007436030427925289,0.006156704621389508,0.008708269335329533,0.0007805093773640692
2960,0.09490230679512024,1.1980630159378052,0.020845347084105015,0.010399644263088703,0.0007872439746279269,0.020361092407256365,0.01074869092553854,0.0008576334803365171,0.020240269601345062,0.009743490256369114,0.0009188941912725568
2961,0.09097221866250038,1.9603270292282104,0.015551626682281494,0.014102807734161615,0.0009737688233144581,0.015293440083041787,0.014092568773776293,0.0010543172538746148,0.015293539734557271,0.013495311141014099,0.0011148344492539763
2962,0.06853067688643932,2.2382380962371826,0.008438830263912678,0.014553377404808998,0.0009240428335033357,0.008034290745854378,0.01330076577141881,0.0009837158140726388,0.007966588251292706,0.013303032610565424,0.0010260356939397752
2963,0.09149523079395294,2.471937417984009,0.01654483866877854,0.014213663060218096,0.0008952623466029763,0.01616172818467021,0.013163334224373102,0.0009613540023565292,0.01613466744311154,0.012415402568876743,0.0010049772390630096
2964,0.09164818003773689,1.4543288946151733,0.010564720258116722,0.018999957013875246,0.0008231653482653201,0.010209616739302874,0.02111485507339239,0.0008826469129417092,0.010181489400565624,0.01794456783682108,0.0009271593298763037
2965,0.05737810954451561,0.46631839871406555,0.00760128372348845,0.011715775355696678,0.0007698917761445045,0.007078757509589195,0.010959234088659286,0.0008365705434698611,0.006968219298869371,0.010560869239270687,0.000887510774191469
2966,0.06706874631345272,0.5375592112541199,0.008142310194671154,0.01499710138887167,0.0007864721701480448,0.007752907928079367,0.014139782171696424,0.0008501324919052422,0.007687961915507913,0.011809548363089561,0.0009025296312756836
2967,0.09872410632669926,0.9209265112876892,0.010709317633882165,0.023219906259328127,0.0009556915028952062,0.010169967776164412,0.019130393397063017,0.0009925691992975771,0.010054385056719184,0.02246054168790579,0.0010313348611816764
2968,0.09851966798305511,0.6811071038246155,0.015100557822734118,0.017342548817396164,0.0008850421290844679,0.014027957804501057,0.020426834002137184,0.0009670110302977264,0.0137472627684474,0.0150059899315238,0.0010164626874029636
2969,0.1140813548117876,0.8170789480209351,0.018783322302624583,0.02139810984954238,0.0008425399719271809,0.01760983024723828,0.021002836525440216,0.0009032066445797682,0.017424350138753653,0.015173777006566525,0.0009433912928216159
2970,0.12459159269928932,0.5081263184547424,0.016098480205982924,0.024772718083113432,0.0008303622889798135,0.015108931111171842,0.023267177864909172,0.0008653289114590734,0.014860496390610933,0.027896118350327015,0.0008919871179386973
2971,0.12181322276592255,0.5122101306915283,0.019304878544062376,0.019925901666283607,0.0008272617706097662,0.018378013279289007,0.024392390623688698,0.0008926719892770052,0.01824889238923788,0.01890814583748579,0.0009350664913654327
2972,0.13750403374433517,0.5680115818977356,0.016219214536249638,0.030435647815465927,0.0008915142971090972,0.015270438976585865,0.029131921008229256,0.0009307313885074109,0.015034724492579699,0.028625985141843557,0.0009638564952183515
2973,0.09100676327943802,1.5137180089950562,0.015522631350904703,0.01496904669329524,0.0008047933806665242,0.014716205652803183,0.014352326281368732,0.0008917587401811033,0.014479903504252434,0.014321965631097555,0.0009481278248131275
2974,0.09136959537863731,1.4524190425872803,0.010966234607622027,0.022221167106181383,0.0008957277750596404,0.01020352728664875,0.017917998135089874,0.0009465809271205217,0.01000020862556994,0.017237115185707808,0.0009810352348722517
2975,0.0965617448091507,0.8564975261688232,0.016482855658978224,0.017585797235369682,0.0009038685820996761,0.015559616964310408,0.014242841862142086,0.0009735192870721221,0.015285518718883395,0.014509646687656641,0.0010180834215134382
2976,0.09178707376122475,0.8317899107933044,0.019528202014043927,0.010288487188518047,0.0008236653811763972,0.01934584998525679,0.010400169529020786,0.0009085045894607902,0.01933509693481028,0.010175428818911314,0.0009816689416766167
2977,0.23494309186935425,1.0959184169769287,0.02749753324314952,0.07069551944732666,0.0010260113631375134,0.02693350240588188,0.012569321785122156,0.0010790950036607683,0.02682454837486148,0.0671956087462604,0.001121944165788591
2978,0.11588336899876595,0.693600594997406,0.013844471424818039,0.026645473204553127,0.0009145846706815064,0.012190427631139755,0.025059976615011692,0.0009293402836192399,0.012316924054175615,0.023034173529595137,0.0009479959844611585
2979,0.08856785297393799,0.29361772537231445,0.01643960806541145,0.013683703262358904,0.0008796239853836596,0.016018651891499758,0.011837133672088385,0.0009503390174359083,0.015929674496874213,0.011828973423689604,0.0010001447517424822
2980,0.10768154636025429,2.2613039016723633,0.012780224438756704,0.022253540810197592,0.0008781711803749204,0.012147290632128716,0.02347433939576149,0.0009149922989308834,0.01203525299206376,0.022253859788179398,0.0009438756387680769
2981,0.11004698649048805,3.482834815979004,0.019683191552758217,0.016646678559482098,0.0009479722648393363,0.018594192806631327,0.01786292251199484,0.0010046405950561166,0.01834281627088785,0.015928803011775017,0.0010357689461670816
2982,0.13398882187902927,0.8712417483329773,0.016183538595214486,0.026576579548418522,0.0008992198272608221,0.01540683931671083,0.02897289302200079,0.0009386552264913917,0.015262438217177987,0.02878214744850993,0.000966517545748502
2983,0.17804602906107903,1.8594083786010742,0.026153993792831898,0.06936022639274597,0.0009280633530579507,0.02600210439413786,0.013766728341579437,0.0009916693961713463,0.026007716078311205,0.013785866554826498,0.0010496535687707365
2984,0.10390907526016235,1.4637845754623413,0.013915220275521278,0.020335662178695202,0.0008332435681950301,0.013169524725526571,0.01957624964416027,0.0008802473312243819,0.012987156864255667,0.021301352884620428,0.000910415779799223
2985,0.09472150355577469,0.22528782486915588,0.013625707942992449,0.018345137126743793,0.0007739588618278503,0.01287336042150855,0.016988971270620823,0.0008676522993482649,0.01270364224910736,0.01760859042406082,0.0009344860445708036
2986,0.10250160470604897,2.485318899154663,0.0149244568310678,0.019650110974907875,0.0008876624633558095,0.013957752380520105,0.02008080668747425,0.000966903637163341,0.01372178690508008,0.017296134028583765,0.0010159903904423118
2987,0.1331372708082199,2.347431182861328,0.02169742062687874,0.022762862034142017,0.0010171800968237221,0.020907262340188026,0.021007542498409748,0.0010683296713978052,0.020714000798761845,0.0228574201464653,0.0011052589397877455
2988,0.07863860577344894,0.32344600558280945,0.008942143525928259,0.017849613912403584,0.0008192371169570833,0.008338832994922996,0.016022974625229836,0.0008750639099162072,0.008205223828554153,0.016666805371642113,0.0009187071118503809
2989,0.0752093754708767,3.363492488861084,0.010344975860789418,0.014778796583414078,0.0008720105106476694,0.009277162840589881,0.014379472937434912,0.0009020805591717362,0.00905338628217578,0.014671124517917633,0.0009303693368565291
2990,0.09357466548681259,0.8021836280822754,0.017435616347938776,0.013000433798879385,0.0008209603256545961,0.01673512253910303,0.013811978977173567,0.0008894503116607666,0.01657767966389656,0.013367556501179934,0.0009358740353491157
2991,0.09486488625407219,0.6132360696792603,0.013633943628519773,0.01715759187936783,0.0008271668339148164,0.012840254232287407,0.0163539070636034,0.0009197666950058192,0.012690628645941615,0.019459817558526993,0.0009818107355386019
2992,0.1088368147611618,0.31455788016319275,0.01817193441092968,0.018114480189979076,0.0008466645376756787,0.017265774542465806,0.015149000566452742,0.0009036948613356799,0.017058192985132337,0.020388075150549412,0.0009389945189468563
2993,0.10729656368494034,0.27588504552841187,0.012516616377979517,0.02278896328061819,0.0009261365630663931,0.011872750706970692,0.021824954077601433,0.0009611189016140997,0.011714936699718237,0.023691893555223942,0.000999193696770817
2994,0.0884641595184803,1.7924875020980835,0.013955019880086184,0.01698795845732093,0.0007989011646714061,0.013105064164847136,0.016037453897297382,0.00089248814038001,0.012816483154892921,0.01291634188964963,0.0009544399799779058
2995,0.07076391018927097,1.0299121141433716,0.008354959776625037,0.014873568899929523,0.0008698514429852366,0.007169175427407026,0.0161834885366261,0.0008968677138909698,0.006857410306110978,0.014638824388384819,0.0009197630570270121
2996,0.2591697424650192,0.2050790637731552,0.029213350266218185,0.019562636502087116,0.0010550397564657032,0.028720779344439507,0.07610831037163734,0.0011070292675867677,0.02864820370450616,0.07360043469816446,0.0011539539555087686
2997,0.14710933156311512,0.8805873394012451,0.02578560239635408,0.02082935767248273,0.0008963082800619304,0.02510820934548974,0.018954089377075434,0.0009608553373254836,0.02500854479148984,0.028556312434375286,0.0010100456420332193
2998,0.16960162669420242,0.48124611377716064,0.02917967177927494,0.028857399243861437,0.0008888095617294312,0.028372153639793396,0.023107539862394333,0.000938353972742334,0.028228732757270336,0.029050065204501152,0.0009788997122086585
2999,0.13420910388231277,1.6298906803131104,0.021348608657717705,0.023510723374783993,0.0010333361569792032,0.020679532550275326,0.023198827169835567,0.0010842244373634458,0.020559148862957954,0.021675923839211464,0.0011187810450792313
3000,0.0668894425034523,3.9078712463378906,0.008270654128864408,0.015638883225619793,0.0009306538850069046,0.007837696466594934,0.012335820589214563,0.0009940171148627996,0.007815602235496044,0.012023821473121643,0.0010422923369333148
3001,0.22287838906049728,1.9161781072616577,0.03709877468645573,0.039882879704236984,0.0009936160640791059,0.03618421498686075,0.03970835078507662,0.0010595613857731223,0.036047494038939476,0.030805298127233982,0.0010982027743011713
3002,0.1273706927895546,2.0197272300720215,0.02073854487389326,0.02494963724166155,0.0009001436992548406,0.019592300057411194,0.020283502526581287,0.0009422163129784167,0.019180143252015114,0.019812345504760742,0.0009718539658933878
3003,0.1247859001159668,1.248667597770691,0.025116710923612118,0.015560818836092949,0.0009409139165654778,0.024259925819933414,0.01718665286898613,0.0010263387521263212,0.023932273499667645,0.015681755263358355,0.0010805072961375117
3004,0.19160009175539017,0.8660262823104858,0.034155890345573425,0.02973773330450058,0.001022439799271524,0.03334055934101343,0.02932335715740919,0.0010692397481761873,0.03312848415225744,0.028717718087136745,0.0011046684230677783
3005,0.09689517319202423,0.5957021713256836,0.018000208772718906,0.013620191253721714,0.0008858118380885571,0.01771755889058113,0.013752044644206762,0.0009735006024129689,0.017668315675109625,0.013239301275461912,0.0010382382897660136
3006,0.10331052169203758,1.2737797498703003,0.0124004608951509,0.023289721459150314,0.0010118763893842697,0.011703006457537413,0.019018017686903477,0.0010510057909414172,0.011566812172532082,0.022191799245774746,0.0010778261930681765
3007,0.09237901493906975,1.9931732416152954,0.01724231941625476,0.013550307136029005,0.0008277809538412839,0.016532099340111017,0.013846172951161861,0.0008979334379546344,0.016388400923460722,0.012147816829383373,0.0009461856097914279
3008,0.2063021957874298,0.6194221377372742,0.03015765640884638,0.020391792058944702,0.0010391361429356039,0.029591891914606094,0.0752895437180996,0.0010779414442367852,0.02948919916525483,0.01815388910472393,0.0011111560161225498
3009,0.17236099392175674,1.2498008012771606,0.029569096863269806,0.027712997049093246,0.0009080932941287756,0.02831555623561144,0.030962633900344372,0.0009623558144085109,0.028176335617899895,0.024760541506111622,0.000993387249764055
3010,0.1175413429737091,0.5625016689300537,0.018874731846153736,0.017266172915697098,0.0008297710155602545,0.01801982382312417,0.018606937490403652,0.0008975458622444421,0.017907434608787298,0.024189116433262825,0.0009498068247921765
3011,0.1527676209807396,0.2910521924495697,0.017607242334634066,0.03505503758788109,0.0009130254620686173,0.016698707826435566,0.03233723435550928,0.0009431940561626107,0.01647539483383298,0.031770012341439724,0.0009677714551798999
3012,0.16003834456205368,0.9187242388725281,0.025003795512020588,0.031222060788422823,0.0009950656676664948,0.02463264507241547,0.029498212970793247,0.0010581068345345557,0.02457261085510254,0.021957336459308863,0.0010984943946823478
3013,0.09061737358570099,0.9595944881439209,0.010719098150730133,0.020761338993906975,0.0009195022867061198,0.010066477581858635,0.014993466902524233,0.0009638548945076764,0.00998665438964963,0.021205215714871883,0.0010017676977440715
3014,0.08468658104538918,0.28033626079559326,0.015462133102118969,0.013003489933907986,0.0008011928002815694,0.014463526895269752,0.012713875621557236,0.0008745422237552702,0.014163922984153032,0.012278900016099215,0.0009249979048036039
3015,0.0645938292145729,2.5897600650787354,0.007009073626250029,0.014034716412425041,0.0008201056043617427,0.006753720808774233,0.013254037126898766,0.0008964623557403684,0.006715774768963456,0.014145532622933388,0.0009644087986089289
3016,0.14093151688575745,2.924801826477051,0.017545325215905905,0.030575213953852654,0.0009756509971339256,0.016427534632384777,0.029695813078433275,0.0010059968917630613,0.0162132466211915,0.027465698309242725,0.0010270330240018666
3017,0.08465195819735527,4.234975337982178,0.00998190464451909,0.0210200110450387,0.0008916790829971433,0.008901565568521619,0.017284028232097626,0.0009227907285094261,0.008523763157427311,0.016179104801267385,0.0009471142839174718
3018,0.13910843431949615,1.3574635982513428,0.020986170042306185,0.02584113087505102,0.000889096554601565,0.01937503693625331,0.026019837707281113,0.0009302721300628036,0.01898274151608348,0.02513612061738968,0.0009480261360295117
3019,0.19557423889636993,0.5561942458152771,0.029389734379947186,0.03608738724142313,0.0010627448791638017,0.028770586010068655,0.03200225904583931,0.0011198431020602584,0.028650810476392508,0.037335420958697796,0.0011554545490071177
3020,0.31974034756422043,1.8955914974212646,0.030562732368707657,0.07605339027941227,0.0010284127783961594,0.029902114532887936,0.07405855879187584,0.0010681282728910446,0.029771055094897747,0.07618739549070597,0.0011085780570283532
3021,0.12783902883529663,0.7925710678100586,0.026972835883498192,0.01524524437263608,0.0010334525140933692,0.026507685892283916,0.014593410771340132,0.0010867081582546234,0.026449892669916153,0.014809532091021538,0.0011402629315853119
3022,0.08325908705592155,0.42852407693862915,0.012841990916058421,0.01573327463120222,0.0007883023354224861,0.011902679922059178,0.013000678271055222,0.0008810487925074995,0.011666748439893126,0.015503250993788242,0.00094110521604307
3023,0.07529352232813835,1.7236199378967285,0.010310916230082512,0.01454925537109375,0.0009833177318796515,0.009495142381638288,0.015737720765173435,0.0010229357285425067,0.009376834612339735,0.012762188911437988,0.001055207394529134
3024,0.12115158513188362,0.25725454092025757,0.01670106453821063,0.026496177539229393,0.0009083861950784922,0.01562162907794118,0.02062623668462038,0.000985679216682911,0.015348975080996752,0.023426531814038754,0.0010369051597081125
3025,0.07100438326597214,0.43192389607429504,0.008775383001193404,0.01744317589327693,0.0008249823586083949,0.008189217187464237,0.012731708586215973,0.0008796384208835661,0.008053344674408436,0.013185021001845598,0.0009219104540534317
3026,0.12314499914646149,0.5760757327079773,0.02213142905384302,0.01956024020910263,0.0009346225997433066,0.021294855512678623,0.017101443372666836,0.0010423898638691753,0.02108633704483509,0.01888827607035637,0.0011054073693230748
3027,0.16312818229198456,1.177059292793274,0.019472943153232336,0.03887784853577614,0.000996073824353516,0.018375150859355927,0.033796526491642,0.0010198516538366675,0.018143489956855774,0.03140575531870127,0.0010405383072793484
3028,0.08889484032988548,1.0873034000396729,0.01073019695468247,0.02146419696509838,0.0009053869871422648,0.010000604204833508,0.01689755078405142,0.000955810712184757,0.00979548436589539,0.017150613944977522,0.0009949972736649215
3029,0.20223622024059296,0.8141703009605408,0.029093945864588022,0.018521668389439583,0.001060144742950797,0.02873833989724517,0.0209986693225801,0.0011100675910711288,0.028666576836258173,0.07288866490125656,0.0011581513099372387
3030,0.10510905086994171,1.3532025814056396,0.017708413768559694,0.01713197724893689,0.0008880728273652494,0.016907632816582918,0.019221231807023287,0.0009599841432645917,0.01676384429447353,0.014522532001137733,0.0010053663281723857
3031,0.10344389081001282,1.1596735715866089,0.012719017919152975,0.022143365815281868,0.0009221135696861893,0.012267159763723612,0.020582403987646103,0.000968902837485075,0.012146816123276949,0.02068361360579729,0.0010104977991431952
3032,0.17143280804157257,0.9176522493362427,0.02925700508058071,0.02561335638165474,0.00088210724061355,0.028451772406697273,0.028588267508894205,0.0009314421913586557,0.02826797589659691,0.028473770711570978,0.0009671107982285321
3033,0.0688104722648859,1.9746108055114746,0.012492413050495088,0.011745345080271363,0.000686723506078124,0.011041136807762086,0.010190172819420695,0.0007706457690801471,0.010851566446945071,0.010206598090007901,0.0008258761663455516
3034,0.07191317528486252,3.125868797302246,0.008568918332457542,0.014939603861421347,0.0008657903526909649,0.008314036531373858,0.014408893883228302,0.0009251499432139099,0.008281010435894132,0.014629296958446503,0.0009804721339605749
3035,0.10966680198907852,4.4079084396362305,0.013539360370486975,0.02326465491205454,0.000896299839951098,0.013069523498415947,0.02369616273790598,0.0009363015415146947,0.012989068869501352,0.020305479876697063,0.0009699506917968392
3036,0.26281873881816864,2.887479782104492,0.029691665433347225,0.02196442149579525,0.001074515050277114,0.029386010486632586,0.07436378952115774,0.0011288804817013443,0.029398028273135424,0.07463927567005157,0.0011721611954271793
3037,0.11044836789369583,3.55538010597229,0.013092293869704008,0.02407726924866438,0.0010119231301359832,0.01248329970985651,0.022517678793519735,0.0010496093891561031,0.012358154635876417,0.02278110245242715,0.0010770339285954833
3038,0.177928376942873,1.8908878564834595,0.02813603775575757,0.035584088414907455,0.0009875730029307306,0.027707246132194996,0.028442620299756527,0.0010587746510282159,0.02785268658772111,0.02706049010157585,0.001098857814213261
3039,0.08178553730249405,1.7132771015167236,0.011779472697526217,0.018942472990602255,0.0008429343579337001,0.010039319284260273,0.01497192494571209,0.000891989009687677,0.00972398417070508,0.013678416144102812,0.0009150226542260498
3040,0.22264301031827927,3.6064445972442627,0.03497027326375246,0.03674896992743015,0.0010229508043266833,0.0335870748385787,0.03346525505185127,0.0010750977089628577,0.03322650771588087,0.04744196496903896,0.0011049216846004128
3041,0.10224156826734543,0.7604767680168152,0.021267355419695377,0.012566735502332449,0.0007793099794071168,0.02108205296099186,0.012072688899934292,0.000864007044583559,0.021079689264297485,0.011591784190386534,0.0009379445691592991
3042,0.12001186236739159,0.6643129587173462,0.024687033146619797,0.014116852078586817,0.0008260381291620433,0.02345084957778454,0.016379558481276035,0.0008935575606301427,0.02303837612271309,0.015684376936405897,0.0009352235938422382
3043,0.10931883379817009,0.6814498901367188,0.017721345648169518,0.02081729704514146,0.0008845825796015561,0.01699080248363316,0.019605813082307577,0.0009596016316208988,0.016886058496311307,0.014437513425946236,0.0010158249060623348
3044,0.048953596502542496,0.5428154468536377,0.006959528662264347,0.010447612963616848,0.0006963142659515142,0.006483040517196059,0.008167883846908808,0.0007539282960351557,0.006343912333250046,0.008304350543767214,0.0007970259757712483
3045,0.13396459072828293,0.3433944284915924,0.020327778533101082,0.02435856033116579,0.0010541908559389412,0.01980956317856908,0.022307530976831913,0.0011184290633536875,0.019747189711779356,0.024084391072392464,0.0011569549678824842
3046,0.0957876518368721,0.8865535259246826,0.011517778970301151,0.020346343982964754,0.000931236834730953,0.010974841890856624,0.018824880942702293,0.0009821535204537213,0.010875415289774537,0.02031333791092038,0.0010216562077403069
3047,0.1607791632413864,0.3883979618549347,0.019528708420693874,0.033795446157455444,0.0010029952100012451,0.018527144100517035,0.03426823392510414,0.0010339628206565976,0.018320998176932335,0.03324823081493378,0.0010534532484598458
3048,0.11652746796607971,0.39727550745010376,0.013752603437751532,0.023834978230297565,0.0009253242169506848,0.013014336582273245,0.026823715306818485,0.0009545078501105309,0.012889877427369356,0.023350347764790058,0.0009817780228331685
3049,0.03770865686237812,1.2097333669662476,0.004630899871699512,0.0073041957803070545,0.0006543424678966403,0.004289320786483586,0.007576742675155401,0.0007526723493356258,0.004251589300110936,0.00740694859996438,0.0008419478253927082
3050,0.058172620832920074,0.5253642797470093,0.008570291800424457,0.010968474205583334,0.0007475672464352101,0.008127433713525534,0.010558557696640491,0.0008254866406787187,0.008011218160390854,0.00948041956871748,0.0008831763407215476
3051,0.09373487904667854,0.883284866809845,0.0161956453230232,0.016232760157436132,0.000845444796141237,0.01567880343645811,0.01481880433857441,0.0009357012750115246,0.015506099909543991,0.012517089489847422,0.0010045272065326571
3052,0.16077066585421562,1.6264739036560059,0.02629103371873498,0.029403593856841326,0.0009624373051337898,0.025482181692495942,0.02202824456617236,0.0010377861908636987,0.025383602362126112,0.02909216657280922,0.0010896127787418664
3053,0.09222422353923321,0.9279755353927612,0.016826514853164554,0.0141756571829319,0.0008957006793934852,0.01647446327842772,0.012647473718971014,0.0009706779092084616,0.016395293874666095,0.012821102514863014,0.0010173360351473093
3054,0.09996913745999336,0.8215683102607727,0.018309466540813446,0.01488174544647336,0.000947418506257236,0.018038166221231222,0.014495471492409706,0.001028404018143192,0.017989054787904024,0.013194918632507324,0.001084488700143993
3055,0.06779554486274719,0.21271006762981415,0.010458088479936123,0.011021350510418415,0.0007636289810761809,0.010217106435447931,0.012082199100404978,0.0008382227679248899,0.010167939588427544,0.011346787214279175,0.0009002247243188322
3056,0.3894756883382797,0.7901527881622314,0.044176746159791946,0.12135131657123566,0.0010784046608023345,0.04386461526155472,0.06611001864075661,0.0011488540912978351,0.04381386749446392,0.06672489689663053,0.001206961227580905
3057,0.07036945223808289,3.0582730770111084,0.00822325237095356,0.01464549358934164,0.0009716353961266577,0.007854498457163572,0.014621879905462265,0.0010254003573209047,0.007774504832923412,0.01418284559622407,0.001069943537004292
3058,0.1066591739654541,1.9425925016403198,0.01310986140742898,0.02309195091947913,0.0010117884958162904,0.012457469012588263,0.021444776095449924,0.0010530457366257906,0.012312486069276929,0.02109741559252143,0.0010803869809024036
3059,0.23438594117760658,4.007015228271484,0.028194522485136986,0.06808956246823072,0.0009747568401508033,0.02819385612383485,0.011243393644690514,0.0010404978529550135,0.02828846499323845,0.06726260203868151,0.00109829381108284
3060,0.06671170517802238,3.2702131271362305,0.007538605714216828,0.014438074082136154,0.0008346585091203451,0.007372823543846607,0.012858230620622635,0.0009137416200246662,0.0074163919780403376,0.014358030632138252,0.0009811469935812056
3061,0.06117929518222809,1.5940446853637695,0.007201891392469406,0.012881978414952755,0.000876009784406051,0.006873589940369129,0.012333359569311142,0.0009300262317992747,0.006848358549177647,0.012261871714144945,0.0009722101385705173
3062,0.1857863888144493,1.9197968244552612,0.027538832742720842,0.016073889564722776,0.001048560079652816,0.02719201659783721,0.06799099082127213,0.0011048572487197816,0.027204517740756273,0.016482583712786436,0.001150135591160506
3063,0.0626244843006134,1.1541004180908203,0.007197105325758457,0.013902801088988781,0.0008092425705399364,0.006908846320584416,0.011596934404224157,0.000891174073331058,0.006897236919030547,0.013464512303471565,0.0009566321969032288
3064,0.06263092160224915,1.8236260414123535,0.008072805707342923,0.015088475774973631,0.0006778479728382081,0.007031806861050427,0.012112781871110201,0.0007539667130913585,0.006665717111900449,0.011404396966099739,0.0008231205865740776
3065,0.06461497582495213,1.9157158136367798,0.008894855855032802,0.012028917670249939,0.0008292746497318149,0.008614961756393313,0.011679862160235643,0.0009043756872415543,0.00853725802153349,0.012156995944678783,0.0009684741089586169
3066,0.10126458294689655,3.4427263736724854,0.01400235528126359,0.02110935654491186,0.0008269873505923897,0.01315388549119234,0.019049608148634434,0.0008654203847981989,0.012950416654348373,0.018407538533210754,0.0008990186615847051
3067,0.04578892141580582,1.5003085136413574,0.0053289750358089805,0.009107897523790598,0.0006909921939950436,0.005162561195902526,0.009198419516906142,0.0007802932523190975,0.005162973538972437,0.009502491680905223,0.0008543157018721104
3068,0.07717989757657051,0.3696748912334442,0.00843697926029563,0.016852377448230982,0.0008541744318790734,0.008040646091103554,0.016614855267107487,0.0009174870792776346,0.007983592338860035,0.016513649374246597,0.0009661358781158924
3069,0.1314791925251484,0.9371006488800049,0.01994409877806902,0.023299444932490587,0.0009451531805098057,0.01918347692117095,0.0208554957062006,0.0010018382454290986,0.01933347899466753,0.025882459245622158,0.0010337468702346087
3070,0.10231474041938782,3.121549129486084,0.02153697656467557,0.01226929109543562,0.0008362070948351175,0.021322754677385092,0.011591837275773287,0.0008961099665611982,0.021331260912120342,0.011586148757487535,0.0009441598667763174
3071,0.0602116659283638,0.46631139516830444,0.008826951030641794,0.011541412211954594,0.0007401151233352721,0.008331933757290244,0.010244322940707207,0.0008133320661727339,0.008242245530709624,0.010601228103041649,0.0008701233891770244
3072,0.11243678256869316,1.6723054647445679,0.018190682167187333,0.018451053649187088,0.0009094940323848277,0.017533583799377084,0.016700168140232563,0.0009548525558784604,0.01740391389466822,0.02130402298644185,0.0009890100336633623
3073,0.12740854173898697,1.2753221988677979,0.029412669129669666,0.012503429315984249,0.0008234145061578602,0.028705669566988945,0.01331002963706851,0.0008966163441073149,0.028510402888059616,0.012294028420001268,0.0009522820764686912
3074,0.07399600371718407,0.5671103000640869,0.008513946551829576,0.016400086227804422,0.0009408189507666975,0.007963753072544932,0.016570060048252344,0.000980844401055947,0.007860352518036962,0.013749012257903814,0.0010171312605962157
3075,0.09421025402843952,1.3879667520523071,0.011518307263031602,0.02070912206545472,0.0008563167648389935,0.010944033740088344,0.020006551407277584,0.0009026048355735838,0.010757905431091785,0.01757562719285488,0.0009397821268066764
3076,0.09154578670859337,1.23653244972229,0.014217822346836329,0.014233448076993227,0.000807665113825351,0.013497404986992478,0.01698062987998128,0.0008983664447441697,0.013192490674555302,0.01675681909546256,0.0009611405548639596
3077,0.07805869728326797,1.9977327585220337,0.008840641006827354,0.016810878179967403,0.0008550506317988038,0.008496798109263182,0.016515929251909256,0.0009232064476236701,0.008420552127063274,0.016200489830225706,0.0009951521642506123
3078,0.07569612935185432,1.8220940828323364,0.00859220139682293,0.016903312876820564,0.0009253624884877354,0.008158193435519934,0.01480356277897954,0.0009917954739648849,0.00801718421280384,0.016251498833298683,0.001053013140335679
3079,0.11166571825742722,0.4549597501754761,0.01928133424371481,0.019986537285149097,0.0007935937901493162,0.017846290953457355,0.018749827053397894,0.0009155806619673967,0.017479446716606617,0.01562520395964384,0.0009879000135697424
3080,0.108110211789608,1.9462437629699707,0.01338650705292821,0.021636744029819965,0.0009271429153159261,0.013082787860184908,0.02177990786731243,0.0009764464339241385,0.013053486589342356,0.022259113378822803,0.001008075021672994
3081,0.17820312082767487,2.147014617919922,0.02771600103005767,0.030646301805973053,0.0009632240689825267,0.027233066968619823,0.03143375786021352,0.001034905930282548,0.02720436966046691,0.030892961658537388,0.0010785326885525137
3082,0.0772564560174942,2.6036791801452637,0.008987781591713428,0.016351900063455105,0.0007687227916903794,0.008706008084118366,0.017574193887412548,0.0008348806586582214,0.008685057517141104,0.01446578511968255,0.0008821266528684646
3083,0.09355007857084274,0.44720253348350525,0.01368880644440651,0.017324923537671566,0.0008895756327547133,0.012759825680404902,0.016031537670642138,0.0009819152764976025,0.012489120475947857,0.01834269193932414,0.0010416786535643041
3084,0.04679726157337427,1.631394624710083,0.005743491463363171,0.009716521017253399,0.0006370761548168957,0.005525692482478917,0.00915098749101162,0.0007293886737897992,0.0055034084944054484,0.008969895541667938,0.0008207986538764089
3085,0.04708055779337883,0.4975650906562805,0.006973724463023245,0.00837274082005024,0.0006514554261229932,0.0068156387424096465,0.008271800819784403,0.000743574055377394,0.0068071261048316956,0.007617066614329815,0.000827430107165128
3086,0.07484282180666924,3.1007726192474365,0.010265334509313107,0.014492646791040897,0.0008686993969604373,0.009478879626840353,0.014919354114681482,0.00091925187734887,0.009163998300209641,0.01377679780125618,0.0009578548779245466
3087,0.14151040464639664,2.416353702545166,0.01649427809752524,0.030461530201137066,0.0009188468684442341,0.01568990689702332,0.030047958251088858,0.0009506457136012614,0.015497172018513083,0.030472629237920046,0.000977439049165696
3088,0.1259886510670185,1.7114969491958618,0.027390501461923122,0.017070593312382698,0.0007835218566469848,0.02673690766096115,0.013143033720552921,0.0008857036882545799,0.02648294810205698,0.012538051698356867,0.0009573886636644602
3089,0.08348776958882809,0.6499928832054138,0.013114599278196692,0.01711337035521865,0.0008202136377803981,0.012416881741955876,0.01355496235191822,0.0009234582248609513,0.012199757620692253,0.012340675573796034,0.001003857352770865
3090,0.12493588030338287,3.1818997859954834,0.022658715955913067,0.021430669352412224,0.0009526756475679576,0.021403544582426548,0.018929824233055115,0.0010086656548082829,0.021190174855291843,0.016316119581460953,0.0010454899747855961
3091,0.16414803266525269,1.4704910516738892,0.030109860002994537,0.02633727341890335,0.0008918991079553962,0.028777786530554295,0.02100578509271145,0.0009488654904998839,0.02851306740194559,0.026578523218631744,0.0009849653579294682
3092,0.058303214609622955,1.3839335441589355,0.00902597140520811,0.010021925438195467,0.0007020173070486635,0.008751767920330167,0.009630274027585983,0.0007666012388654053,0.008751726243644953,0.0098325926810503,0.0008203383767977357
3093,0.1123862937092781,2.7712671756744385,0.01423576194792986,0.022494832053780556,0.0009879193967208266,0.013538361061364412,0.02272096835076809,0.0010141253005713224,0.013462956063449383,0.022900307085365057,0.0010310639045201242
3094,0.15349800139665604,1.2969447374343872,0.027066894341260195,0.024483799934387207,0.0010343770845793188,0.02625275682657957,0.024502974934875965,0.0010981743107549846,0.026193588506430387,0.021727412939071655,0.0011380231007933617
3095,0.06462687626481056,2.247690439224243,0.008776168106123805,0.012497613672167063,0.0008037545194383711,0.00852263462729752,0.012007954064756632,0.0008637924038339406,0.008480894146487117,0.011757451109588146,0.0009166138479486108
3096,0.10702887549996376,2.169705629348755,0.021241269540041685,0.01327511016279459,0.0008444708946626633,0.02106437087059021,0.013483164366334677,0.0009108470403589308,0.02103858534246683,0.01420301804319024,0.0009680400835350156
3097,0.1162235215306282,0.876685619354248,0.013101594056934118,0.02319682575762272,0.0009493348770774901,0.012662926688790321,0.027236280031502247,0.0009881762089207768,0.012609686236828566,0.024457084946334362,0.0010216109512839466
3098,0.14447741582989693,1.0022547245025635,0.016684330068528652,0.030846447218209505,0.0009081852913368493,0.01579544274136424,0.030910894740372896,0.0009474068356212229,0.015600814018398523,0.031802051700651646,0.0009818425751291215
3099,0.04549272917211056,1.2629011869430542,0.0059814415872097015,0.009116466622799635,0.0006583268113899976,0.005667094490490854,0.008363077649846673,0.0007519989158026874,0.005575353978201747,0.008551527513191104,0.0008274402352981269
3100,0.0724698007106781,2.6738078594207764,0.008707314729690552,0.014163403771817684,0.000850147451274097,0.008169876644387841,0.0169366504997015,0.0009150699188467115,0.008009097073227167,0.013746551238000393,0.0009716881322674453
3101,0.10013419762253761,1.4177627563476562,0.015627430751919746,0.017755072563886642,0.0007980116351973265,0.014907614793628454,0.016946676187217236,0.0008869760495144874,0.014705556444823742,0.01755766198039055,0.0009491946548223495
3102,0.10262497514486313,0.3372129201889038,0.020898628048598766,0.012486847583204508,0.0008266624063253403,0.020688804797828197,0.012563029304146767,0.000895460630999878,0.02066998276859522,0.012637109961360693,0.0009584457438904792
3103,0.11994408071041107,2.6449923515319824,0.025951840914785862,0.013974746223539114,0.0008043368579819798,0.024153645150363445,0.014939904678612947,0.0008921289991121739,0.023588841781020164,0.014702730812132359,0.0009359046525787562
3104,0.11454731971025467,0.8608454465866089,0.012552788946777582,0.027229897677898407,0.0009393245272804052,0.011896996758878231,0.02149323746562004,0.0009767256560735404,0.011849149595946074,0.026603326201438904,0.0010058760817628354
3105,0.15321670472621918,0.8831836581230164,0.03159369342029095,0.016440054401755333,0.000855264428537339,0.030857693403959274,0.020653780084103346,0.0009210045100189745,0.030770277604460716,0.020167014561593533,0.0009579249890521169
3106,0.09643341414630413,1.184744119644165,0.010260323295369744,0.020342782139778137,0.000959511031396687,0.009684609016403556,0.02167797228321433,0.00099555792985484,0.009594361064955592,0.02189170802012086,0.0010265923920087516
3107,0.05969357118010521,1.0365018844604492,0.008753765374422073,0.010981980711221695,0.0007580292585771531,0.008383311564102769,0.011130861937999725,0.0008111090573947877,0.00829950231127441,0.009712530300021172,0.0008624802867416292
3108,0.05382249318063259,3.619521141052246,0.006972291273996234,0.010611363686621189,0.0006705349660478532,0.005961637711152434,0.011732287472113967,0.0007474387239199132,0.005686413613148034,0.010629378957673907,0.0008111478528007865
3109,0.1428971290588379,2.933584451675415,0.02075411332771182,0.02569406758993864,0.0008690244285389781,0.019902335945516825,0.026632478460669518,0.0009136446169577539,0.01971373427659273,0.027468974702060223,0.0009487499191891402
3110,0.05720898136496544,2.697230815887451,0.007467388408258557,0.012254973407834768,0.0007861946942284703,0.007077299524098635,0.010298257693648338,0.0008374096069019288,0.006953641073778272,0.010654935147613287,0.000878882419783622
3111,0.056009567342698574,1.4607819318771362,0.0069338459288701415,0.01153922756202519,0.0006731638568453491,0.006570031633600593,0.011236186372116208,0.0007635042711626738,0.006497714435681701,0.010955505538731813,0.0008403893443755805
3112,0.12405957281589508,0.25568708777427673,0.02232754696160555,0.018172026611864567,0.0009291667956858873,0.021546277217566967,0.01866880152374506,0.0010344776674173772,0.0213468037545681,0.018932909704744816,0.001101565663702786
3113,0.0774599090218544,2.2965502738952637,0.009418165776878595,0.0204720264300704,0.0009251703741028905,0.008217825088649988,0.014564409852027893,0.000967275322182104,0.007898957701399922,0.014002661220729351,0.0009934183908626437
3114,0.09041109681129456,1.074695110321045,0.014304789248853922,0.015017225407063961,0.0007996628992259502,0.013538680039346218,0.016953591257333755,0.0008918341773096472,0.013360878452658653,0.014594696462154388,0.000949743262026459
3115,0.0813223347067833,0.7819060683250427,0.01235336740501225,0.016326391603797674,0.0007839314930606633,0.011380266398191452,0.012184012681245804,0.0008755965973250568,0.011161563685163856,0.015324832871556282,0.0009323705453425646
3116,0.11503209918737411,0.5755711793899536,0.019044005777686834,0.021623444743454456,0.0008221551834139973,0.018161687534302473,0.016784805804491043,0.0008883995469659567,0.018045921344310045,0.018734115175902843,0.0009275591291952878
3117,0.10331520438194275,1.1988887786865234,0.013734798412770033,0.020276802126318216,0.0008894702477846295,0.012979164253920317,0.019389580469578505,0.0009270948939956725,0.012845069169998169,0.02132231928408146,0.000950908666709438
3118,0.057307954877614975,1.1358885765075684,0.008518921211361885,0.011002387385815382,0.0007506860129069537,0.008190724765881896,0.009609166532754898,0.0008051811601035297,0.00814081053249538,0.009442009031772614,0.000848068913910538
3119,0.0958363339304924,0.6421105265617371,0.01145371119491756,0.020831544883549213,0.0009326552972197533,0.010675490135326982,0.020972914528101683,0.0009600167104508728,0.01051470241509378,0.018513089511543512,0.0009822059073485434
3120,0.09594931453466415,1.5994887351989746,0.01617266098037362,0.017217576503753662,0.0008364086097571999,0.015437227673828602,0.01540510868653655,0.0009109923848882318,0.015278344042599201,0.013726278208196163,0.0009647156693972647
3121,0.2180118840187788,0.30848127603530884,0.025215148692950606,0.06542195053771138,0.0009307258878834546,0.024767452850937843,0.06517541222274303,0.0009906110353767872,0.024650828214362264,0.009811041876673698,0.0010487086547072977
3122,0.07097070477902889,4.292662620544434,0.009503393899649382,0.01456540497019887,0.0008612135716248304,0.008317954605445266,0.015085450373589993,0.000891642936039716,0.007765837945044041,0.01305463956668973,0.000925167667446658
3123,0.2918417453765869,0.5710602402687073,0.03412444144487381,0.08420282788574696,0.0010207334416918457,0.03335479460656643,0.07947792857885361,0.0010599701199680567,0.03318715002387762,0.024321872740983963,0.001092017162591219
3124,0.08859702199697495,0.6124725937843323,0.013707318343222141,0.016424329951405525,0.0008876139763742685,0.012811681954190135,0.0149519476108253,0.000978472555289045,0.01244639907963574,0.015350637026131153,0.0010386239737272263
3125,0.11308266967535019,0.8352990746498108,0.0216032387688756,0.020604416728019714,0.0007951162988319993,0.02024348359555006,0.014220794662833214,0.0008931030170060694,0.019801251590251923,0.013968152459710836,0.0009531176183372736
3126,0.1732761487364769,1.3663837909698486,0.026802911423146725,0.030288999900221825,0.0009271205926779658,0.02551266923546791,0.03421774972230196,0.0009625222010072321,0.025219676084816456,0.028362805023789406,0.0009816900710575283
3127,0.19466687738895416,1.1622583866119385,0.031149310059845448,0.035182300955057144,0.0009352574124932289,0.030063554644584656,0.03424961492419243,0.0010330600198358297,0.029727952554821968,0.03123475704342127,0.0010910597629845142
3128,0.12130618467926979,1.2606199979782104,0.01499821594916284,0.02931692823767662,0.0009143608040176332,0.014280041214078665,0.022805185988545418,0.0009625056991353631,0.014148746617138386,0.022877743002027273,0.001002455479465425
3129,0.06049148552119732,2.3588013648986816,0.008460456971079111,0.012916414998471737,0.0008092617499642074,0.007026696112006903,0.011603978462517262,0.0008557219989597797,0.006693490315228701,0.011243436951190233,0.0008820266521070153
3130,0.17494933307170868,0.40029987692832947,0.030581296421587467,0.02738236077129841,0.0009408780024386942,0.02950148843228817,0.023759888485074043,0.001040179282426834,0.029216310009360313,0.031430110801011324,0.0010968282585963607
3131,0.11710222251713276,1.1354678869247437,0.015284020686522126,0.025060830172151327,0.0008699359896127135,0.014214474242180586,0.023459008894860744,0.0009101410687435418,0.013981392839923501,0.02238267846405506,0.0009397410321980715
3132,0.15620935708284378,0.5257472395896912,0.021752955857664347,0.03135467041283846,0.0009659038914833218,0.020763761829584837,0.027662676759064198,0.0010119439393747598,0.020670278929173946,0.030987785197794437,0.00103938631946221
3133,0.09870823845267296,0.9071477055549622,0.014931941404938698,0.018972400575876236,0.0008843775140121579,0.013853167649358511,0.017770622856914997,0.000966761726886034,0.013568231370300055,0.01674121990799904,0.001019521034322679
3134,0.08526158705353737,2.7840397357940674,0.009566918946802616,0.019019228406250477,0.0009398441179655492,0.009178755804896355,0.016061849892139435,0.0009925836930051446,0.009152517188340425,0.019316247664391994,0.0010336455306969583
3135,0.07185984030365944,0.6102349758148193,0.009356076829135418,0.013938784133642912,0.0008443366677965969,0.009078321047127247,0.01267161499708891,0.0009075405250769109,0.009031885769218206,0.015067714266479015,0.000963563536060974
3136,0.20754424482584,1.120988368988037,0.03898558206856251,0.010769834741950035,0.0009441644069738686,0.03894418850541115,0.065548290964216,0.0010235875379294157,0.038991695269942284,0.0112498770467937,0.00108702655415982
3137,0.16011499240994453,2.139030694961548,0.024285539984703064,0.030597165692597628,0.0008877099608071148,0.02297878172248602,0.025876431725919247,0.0009333347261417657,0.02257539890706539,0.031015843152999878,0.0009647876722738147
3138,0.1945153921842575,0.6028255820274353,0.030856705270707607,0.03871077112853527,0.001040027302224189,0.030189983546733856,0.030973220244050026,0.0010816418216563761,0.03001426812261343,0.030533259734511375,0.00111551268491894
3139,0.22434760630130768,2.998215436935425,0.03441051486879587,0.046008823439478874,0.0010164515697397292,0.03339232876896858,0.04129131883382797,0.0010643465211614966,0.033136483281850815,0.03293202258646488,0.0010953124146908522
3140,0.09709348902106285,0.9238468408584595,0.012353979283943772,0.02043799590319395,0.000906812958419323,0.01164439576677978,0.02023955760523677,0.000942687940550968,0.011496136663481593,0.018102374859154224,0.000969547894783318
3141,0.2248530462384224,2.6362674236297607,0.034210069105029106,0.03602832742035389,0.0010258317342959344,0.033114892430603504,0.0381539911031723,0.0010692427167668939,0.032905993051826954,0.047246525064110756,0.0010981758823618293
3142,0.19148039817810059,1.1809803247451782,0.030277583748102188,0.031003729440271854,0.0010441612103022635,0.029479851946234703,0.03728512395173311,0.0010841324110515416,0.029331790283322334,0.03086382057517767,0.0011101992568001151
3143,0.08189023286104202,0.7122083902359009,0.014677634928375483,0.01247450290247798,0.0008477706869598478,0.014084002235904336,0.01249661622568965,0.0009274611074943095,0.013960935175418854,0.011431912891566753,0.0009893965034279972
3144,0.06314514949917793,1.5600823163986206,0.009086211677640676,0.012238257564604282,0.0008354383171536028,0.00880919792689383,0.010917492676526308,0.0008961964049376547,0.00874976790510118,0.010666527785360813,0.000946058687986806
3145,0.21940503269433975,0.6542307138442993,0.025257812347263098,0.06584623781964183,0.000939763558562845,0.024934847373515368,0.06529927626252174,0.0010076368635054678,0.02486627781763673,0.010192146059125662,0.0010610436147544533
3146,0.10002550855278969,1.734594464302063,0.021962732076644897,0.011483503505587578,0.0008228264923673123,0.021843685302883387,0.010304630268365145,0.0008943067805375904,0.021855279337614775,0.009904340840876102,0.0009541986510157585
3147,0.20648962631821632,2.7307047843933105,0.035091061145067215,0.03425111714750528,0.000976582319708541,0.03460685536265373,0.03234601207077503,0.00106213687104173,0.03459942061454058,0.032444571144878864,0.001111862191464752
3148,0.10687867924571037,1.8164567947387695,0.013045250438153744,0.023165344260632992,0.0008861587266437709,0.01248905947431922,0.02166514564305544,0.0009258436621166766,0.012405724730342627,0.021333586424589157,0.0009625657694414258
3149,0.1023397222161293,1.1452571153640747,0.013890170492231846,0.020025480072945356,0.0008977919933386147,0.01329229585826397,0.01843166397884488,0.0009384156146552414,0.013111235108226538,0.020782281644642353,0.0009703926043584943
3150,0.07045110687613487,2.6382944583892822,0.010271437466144562,0.013792104553431273,0.0008432168106082827,0.009305543499067426,0.012841161340475082,0.0008811572915874422,0.008968344889581203,0.012641352601349354,0.0009067858336493373
3151,0.09756343066692352,1.9049949645996094,0.015243635978549719,0.017464385367929935,0.0007916897884570062,0.014610556419938803,0.017151644453406334,0.0008871931058820337,0.014412839896976948,0.016040062997490168,0.0009614225709810853
3152,0.14019347727298737,1.4710042476654053,0.024220582097768784,0.024441183544695377,0.0008408795692957938,0.023060517385601997,0.02098765503615141,0.0009268874709960073,0.022790471091866493,0.021936486940830946,0.0009888049098663032
3153,0.0704338513314724,1.758421778678894,0.009404269978404045,0.013266396708786488,0.0009045111655723304,0.008862082147970796,0.012440948747098446,0.0009533895063214004,0.008732931222766638,0.014869886450469494,0.0009994365100283176
3154,0.260552354156971,0.46645110845565796,0.029014313127845526,0.07640065997838974,0.0010530537692829967,0.02857655519619584,0.019120863638818264,0.0011015307973138988,0.028494111727923155,0.07565045356750488,0.0011408059508539736
3155,0.14028801023960114,0.6787327527999878,0.02143837232142687,0.02617879956960678,0.0009689180296845734,0.02043853886425495,0.022605832666158676,0.0010147845605388284,0.02032517548650503,0.026273081079125404,0.0010445031803101301
3156,0.0720641128718853,2.0880165100097656,0.009533042088150978,0.012878690846264362,0.000800228415755555,0.009258703794330359,0.013628252781927586,0.0008622563618700951,0.009213934186846018,0.014969141688197851,0.0009198639600072056
3157,0.07643844559788704,0.4092581272125244,0.008512090425938368,0.015449766535311937,0.0008691300463397056,0.00823305081576109,0.01594496751204133,0.0009367911261506379,0.00819986080750823,0.017301633022725582,0.0009911528322845697
3158,0.1752897948026657,0.3157644271850586,0.025874916929751635,0.013595577795058489,0.0009778038365766406,0.025667361449450254,0.06769515294581652,0.0010428696405142546,0.025640448089689016,0.013696447014808655,0.0010992249590344727
3159,0.13399136438965797,0.6516675353050232,0.017353694420307875,0.02865989087149501,0.0008342336222995073,0.016517968848347664,0.028292060364037752,0.0008863202529028058,0.01636064099147916,0.024160793516784906,0.0009257626952603459
3160,0.16137972474098206,3.0734426975250244,0.027990506496280432,0.03151184692978859,0.000978752417722717,0.026603890117257833,0.02335524559020996,0.0010335449478588998,0.026320514734834433,0.02253037877380848,0.0010550497099757195
3161,0.1125703901052475,1.9353340864181519,0.012702513951808214,0.026949777267873287,0.0009529665112495422,0.01222983980551362,0.02410822920501232,0.0009916528360918164,0.01221803529188037,0.02139927539974451,0.0010180944809690118
3162,0.13416948914527893,0.36440134048461914,0.025345293805003166,0.019065581262111664,0.0008986731700133532,0.02480288129299879,0.018005052115768194,0.0009430985664948821,0.024678681045770645,0.019456356298178434,0.0009738690278027207
3163,0.12557842954993248,0.6513497829437256,0.019300914369523525,0.02240535384044051,0.0009235098259523511,0.018361535388976336,0.021579965949058533,0.000975976960035041,0.018095480278134346,0.02292365301400423,0.0010120435617864132
3164,0.28119030594825745,0.3572770655155182,0.027096576057374477,0.06556956423446536,0.0008863742114044726,0.02693089796230197,0.06580548686906695,0.0009675789042375982,0.02688427036628127,0.06601625308394432,0.0010333048994652927
3165,0.0687444843351841,0.2709086835384369,0.00918632885441184,0.014285000041127205,0.0009086714126169682,0.008797440212219954,0.012501038145273924,0.0009744149283505976,0.008686995366588235,0.012383985333144665,0.0010206103906966746
3166,0.059900715947151184,1.187541127204895,0.0075502158142626286,0.012699915561825037,0.000846650218591094,0.007083929609507322,0.01136627933010459,0.000911328534130007,0.0069523456040769815,0.011533333919942379,0.0009567171800881624
3167,0.06766019761562347,0.2799300253391266,0.009250920731574297,0.013858990743756294,0.0008472923072986305,0.008862670976668596,0.011978630907833576,0.0009254803298972547,0.008763914462178946,0.012178327422589064,0.000993966474197805
3168,0.09376467391848564,1.0099356174468994,0.011871220078319311,0.0188223822042346,0.0008391169831156731,0.01114584505558014,0.019336951430886984,0.0008751103887334466,0.010980557650327682,0.018993226811289787,0.0009002608130685985
3169,0.039264630526304245,1.1505188941955566,0.005013683228753507,0.008149397792294621,0.0006558377644978464,0.004643124877475202,0.007482853019610047,0.0007567092252429575,0.004550188430584967,0.0071713621728122234,0.0008414726180490106
3170,0.0986185111105442,1.7443299293518066,0.012491144705563784,0.019663105253130198,0.0009283385006710887,0.012064388021826744,0.021592353004962206,0.0009764524875208735,0.011986285913735628,0.017902794759720564,0.0010136450873687863
3171,0.04636813420802355,1.9593024253845215,0.006363022257573903,0.008002141723409295,0.000669380184262991,0.00621863454580307,0.008597453124821186,0.0007668324979022145,0.00622440769802779,0.00867837481200695,0.0008478878880850971
3172,0.10380300506949425,1.0895514488220215,0.017635234631597996,0.015730333980172873,0.0008378716302104294,0.01689608721062541,0.01964286807924509,0.0009010384674184024,0.016638280358165503,0.014574303291738033,0.0009469890501350164
3173,0.09865301102399826,0.3881266117095947,0.012606695760041475,0.02112106839194894,0.0008651072566863149,0.012166190426796675,0.017188903409987688,0.0009246131521649659,0.012016238644719124,0.02079068310558796,0.0009735103813000023
3174,0.06955936923623085,2.3169517517089844,0.009144574403762817,0.013924208469688892,0.0008448671433143318,0.007975587621331215,0.014829046558588743,0.0008818024070933461,0.007620188873261213,0.013426309917122126,0.0009127857629209757
3175,0.11425521224737167,1.6393793821334839,0.020990538876503706,0.017434201668947935,0.000857675593579188,0.020464225206524134,0.016998181119561195,0.0009141379850916564,0.02035394497215748,0.015282094944268465,0.0009602111531421542
3176,0.09681233763694763,0.8629132509231567,0.016124700661748648,0.015827133785933256,0.0009195654420182109,0.015391023829579353,0.016077283769845963,0.000989099615253508,0.015166290570050478,0.015276818536221981,0.0010404203785583377
3177,0.08927382156252861,0.9394665360450745,0.010706364642828703,0.020068454556167126,0.0008623528992757201,0.010142788290977478,0.019039288628846407,0.000906498113181442,0.01000461378134787,0.016595966648310423,0.0009474944090470672
3178,0.06494976580142975,0.35133445262908936,0.00781361828558147,0.013942837249487638,0.0009204636444337666,0.007373006548732519,0.012867948040366173,0.0009815065131988376,0.007279607467353344,0.01273406995460391,0.0010367079521529377
3179,0.09336641803383827,0.2396668791770935,0.016615645959973335,0.014248366467654705,0.0009529072849545628,0.016274338588118553,0.013666140846908092,0.0010326685733161867,0.01621002540923655,0.013281299266964197,0.001085029449313879
3180,0.09102814830839634,0.714937150478363,0.01623677695170045,0.014297300484031439,0.0009255770419258624,0.01570077775977552,0.013494544196873903,0.0010077368933707476,0.015568772796541452,0.01273219520226121,0.0010644627618603408
3181,0.05769573710858822,1.8676975965499878,0.007388312602415681,0.010395463788881898,0.0007409672252833843,0.0069265346974134445,0.01151214074343443,0.0008274939027614892,0.006832414539530873,0.01215524086728692,0.0009171676938422024
3182,0.09696277603507042,2.1483826637268066,0.011044840328395367,0.021449243649840355,0.0009395929519087076,0.010688485344871879,0.01895531639456749,0.0009872811497189105,0.010634025791659951,0.021245614625513554,0.0010183769918512553
3183,0.13433422148227692,0.615364670753479,0.0164847020059824,0.029229994863271713,0.000988885702099651,0.015536203049123287,0.027722494676709175,0.0009980585891753435,0.015371767338365316,0.02699559833854437,0.0010065183159895241
3184,0.09719937667250633,0.6246052980422974,0.01662257220596075,0.016590706072747707,0.0009138314053416252,0.01578407338820398,0.015893518924713135,0.0009835744858719409,0.015531134093180299,0.013849817682057619,0.0010301473957952112
3185,0.10881185159087181,0.5297338962554932,0.01754924631677568,0.020507863257080317,0.0008816053450573236,0.016895651118829846,0.020104362163692713,0.0009526716021355242,0.016783848637714982,0.01413330202922225,0.0010033021681010723
3186,0.07919922657310963,5.1364545822143555,0.010171042988076806,0.017945304047316313,0.0008684991917107254,0.00911257229745388,0.01563852047547698,0.0008993220399133861,0.008908951189368963,0.014726253692060709,0.0009287593420594931
3187,0.06615200638771057,1.2422115802764893,0.00726930727250874,0.014894175808876753,0.0009481371962465346,0.0068488153629004955,0.013953741174191236,0.0010010955738835037,0.0067537701688706875,0.013432937674224377,0.0010500264470465481
3188,0.04814964905381203,0.9540258646011353,0.005886060418561101,0.010482152458280325,0.0007821175968274474,0.0055345939472317696,0.009260469116270542,0.0008478303207084537,0.00544850155711174,0.009000170044600964,0.0009077531285583973
3189,0.15022485330700874,0.5482386350631714,0.02473500301130116,0.030781521927565336,0.0010018321627285331,0.024240995524451137,0.021444549784064293,0.0010572325845714658,0.024107032921165228,0.021752981934696436,0.0011037071817554533
3190,0.06968436017632484,1.0734193325042725,0.00791992386803031,0.015998732764273882,0.0009423388983123004,0.00741943740285933,0.012828492559492588,0.0009787356539163738,0.0073095744010061026,0.015270477160811424,0.0010166456340812147
3191,0.04786067456007004,0.3958045244216919,0.0058110232930630445,0.010223794728517532,0.0007760346052236855,0.005465653957799077,0.009568495210260153,0.0008436875941697508,0.005405446281656623,0.00885984767228365,0.000906691187992692
3192,0.1340891346335411,0.9548172950744629,0.0216546431183815,0.02314103301614523,0.0010247734899166971,0.020976472645998,0.023368358612060547,0.0010769483633339405,0.02080957405269146,0.02092642243951559,0.0011109065380878747
3193,0.08308083564043045,1.2818629741668701,0.01068752072751522,0.014894024934619665,0.000828778778668493,0.01028158189728856,0.01633427059277892,0.0008809286227915436,0.01020503370091319,0.01804635813459754,0.0009223378146998584
3194,0.10533393546938896,0.34583455324172974,0.013334566727280617,0.021014197263866663,0.0009807550231926143,0.012494752183556557,0.021299543790519238,0.0010049149859696627,0.012329194694757462,0.021848566830158234,0.0010274488013237715
3195,0.08888133428990841,0.8976199626922607,0.01163996011018753,0.019237658008933067,0.000843706337036565,0.01097428915090859,0.01682605454698205,0.0008723385108169168,0.010864030104130507,0.01672978326678276,0.0008935098303481936
3196,0.21785710752010345,1.1421959400177002,0.02515240223146975,0.06508628092706203,0.0009384809527546167,0.024863278726115823,0.009655411820858717,0.0009990004473365843,0.024855195777490735,0.06525397440418601,0.00105308520141989
3197,0.08882923796772957,0.7589110732078552,0.014304213225841522,0.015190457925200462,0.0008881620597094297,0.013302204199135303,0.013915764167904854,0.0009679462236817926,0.013004920911043882,0.016235700342804193,0.0010198719683103263
3198,0.13888445869088173,1.2099896669387817,0.017230866476893425,0.029573891311883926,0.0008866668795235455,0.016423934139311314,0.028669495601207018,0.0009247231646440923,0.01621920568868518,0.027999548241496086,0.0009561292245052755
3199,0.09757721424102783,0.3851100504398346,0.01666539767757058,0.015545821283012629,0.0009875287651084363,0.01636845781467855,0.014464854262769222,0.0010503257508389652,0.016340152826160192,0.015055077616125345,0.0010995937045663595
3200,0.11542933806777,0.7345079183578491,0.01966702565550804,0.017996891867369413,0.0008607873460277915,0.019028785172849894,0.016020910814404488,0.0009154372964985669,0.01891937805339694,0.02106249239295721,0.0009576341835781932
3201,0.08445194736123085,0.6505197286605835,0.014944728696718812,0.012396376114338636,0.0008388246642425656,0.01422652485780418,0.012798192910850048,0.0009180688648484647,0.014050712576135993,0.013295163866132498,0.000983349746093154
3202,0.07913598045706749,0.34244871139526367,0.012482646619901061,0.014344289898872375,0.0007843954081181437,0.011496002785861492,0.012241899501532316,0.0008765761158429086,0.011208970565348864,0.014758034609258175,0.0009431621001567692
3203,0.05719383247196674,0.7826821804046631,0.008965358836576343,0.010472547262907028,0.0006949736853130162,0.008607052033767104,0.009647270664572716,0.0007630602922290564,0.008493510540574789,0.008734114933758974,0.0008159425342455506
3204,0.2948596924543381,0.6114658117294312,0.033855611458420753,0.07992310635745525,0.001022669835947454,0.033091616816818714,0.027987599838525057,0.0010627495357766747,0.03295567538589239,0.0838601402938366,0.0011005190899595618
3205,0.1584123820066452,1.2113378047943115,0.02311084885150194,0.03000878542661667,0.0009526550420559943,0.02208677399903536,0.028057018294930458,0.000987385108601302,0.022002866491675377,0.0302064074203372,0.000999641662929207
3206,0.04271099716424942,1.7763071060180664,0.005165605340152979,0.008871430298313498,0.0006769825704395771,0.004947681445628405,0.00792440096847713,0.000767315796110779,0.004948192159645259,0.008563177427276969,0.0008462128171231598
3207,0.07881224155426025,2.588679790496826,0.009476521518081427,0.01776123745366931,0.0009976698202081025,0.008878558641299605,0.013908554799854755,0.0010499574709683657,0.008827091194689274,0.01682808343321085,0.0010845707729458809
3208,0.14416860789060593,1.5050984621047974,0.026690218597650528,0.023139503318816423,0.0008569500059820712,0.025449869222939014,0.023431134410202503,0.0009208698465954512,0.025173361413180828,0.017550384625792503,0.0009563207859173417
3209,0.12610997259616852,0.5476703643798828,0.019279747735708952,0.024220346473157406,0.0009215456084348261,0.018347338773310184,0.02072590636089444,0.000977336778305471,0.018070256803184748,0.022554664872586727,0.0010128346912097186
3210,0.3162096068263054,2.3452422618865967,0.03058492485433817,0.07543142139911652,0.001023401360725984,0.029906428419053555,0.0746272774413228,0.0010636091465130448,0.029767940752208233,0.07270197570323944,0.0011026092106476426
3211,0.04886498022824526,0.8599064946174622,0.006579936831258237,0.01004528091289103,0.0007394814456347376,0.006072271149605513,0.00905723636969924,0.0008286979864351451,0.00598091003485024,0.008653964381664991,0.0009072004468180239
3212,0.06439679861068726,1.0011405944824219,0.00814887578599155,0.014404798857867718,0.000794276304077357,0.007802137406542897,0.011859930586069822,0.0008592065423727036,0.0077266269363462925,0.011889606714248657,0.0009113387204706669
3213,0.09510652720928192,0.2627485692501068,0.0205022303853184,0.010872415266931057,0.0008168385829776525,0.020284349797293544,0.01043469738215208,0.0008869916200637817,0.02023277385160327,0.010137080680578947,0.0009391531930305064
3214,0.06044077314436436,2.9140784740448,0.00914409989491105,0.009944041259586811,0.0007672913779970258,0.008900250773876905,0.010421982035040855,0.0008218783477786928,0.008885444607585669,0.010686772875487804,0.0008690123213455081
3215,0.12254620529711246,0.7706644535064697,0.015943696722388268,0.025426644831895828,0.0009022779413498938,0.015178112545982003,0.024700548965483904,0.0009392717038281262,0.015016853576526046,0.0234781876206398,0.0009606091771274805
3216,0.06827827543020248,2.885892629623413,0.010813339613378048,0.011324175633490086,0.0007669430633541197,0.010680065024644136,0.010809188708662987,0.0008378133352380246,0.01070299744606018,0.01145009184256196,0.0008936618396546692
3217,0.06023463234305382,1.3064320087432861,0.006801319541409612,0.013117363676428795,0.000935087155085057,0.006501053925603628,0.012538399081677198,0.001007099577691406,0.006444311235100031,0.011829156894236803,0.001060844399034977
3218,0.13424625992774963,0.4884242117404938,0.02381880022585392,0.020606710575520992,0.0009093757253140211,0.023469542153179646,0.019709340762346983,0.0009665089892223477,0.02340646367520094,0.020353285130113363,0.001006245001917705
3219,0.06551092863082886,1.5230084657669067,0.007271254668012261,0.014051023870706558,0.0009428095654584467,0.006853199563920498,0.013810977339744568,0.0009981259936466813,0.006735967937856913,0.013808848802000284,0.0010387215879745781
3220,0.08774636685848236,1.0415011644363403,0.010530776344239712,0.018709728494286537,0.000925763975828886,0.010022366419434547,0.018746092915534973,0.0009764468413777649,0.009875464253127575,0.016937576700001955,0.0010221495176665485
3221,0.10873416811227798,4.450803756713867,0.013319397810846567,0.02301708608865738,0.000931023561861366,0.01207559322938323,0.022529228124767542,0.0009564217762090266,0.011688117869198322,0.02324279025197029,0.0009745130373630673
3222,0.22359850071370602,0.5711907148361206,0.025982738472521305,0.06614353368058801,0.0009542071202304214,0.025744622573256493,0.010728093795478344,0.0010200482793152332,0.02571575716137886,0.06622636877000332,0.0010831184918060899
3223,0.03759239800274372,1.1083178520202637,0.005074775661341846,0.006895298836752772,0.0006101214385125786,0.004864996066316962,0.006803524913266301,0.0007027083192951977,0.00487568334210664,0.0069819544441998005,0.0007833345443941653
3224,0.10935861244797707,0.4703086316585541,0.01277517806738615,0.023562404327094555,0.0008760452037677169,0.01202475419268012,0.02333130221813917,0.0009139194153249264,0.011846074368804693,0.023083649575710297,0.000945285486523062
3225,0.1015852652490139,1.1154391765594482,0.02071405854076147,0.01310521550476551,0.0009078700095415115,0.02041158126667142,0.012092623393982649,0.0009761495748534799,0.020374239655211568,0.011973053216934204,0.0010304697789251804
3226,0.23192523419857025,1.791523814201355,0.033878643065690994,0.0462169386446476,0.0010285311145707965,0.03293607849627733,0.04191634617745876,0.0010746927000582218,0.03270546719431877,0.04106662794947624,0.0011018967488780618
3227,0.07846647873520851,2.0150249004364014,0.009585665073245764,0.016478118486702442,0.0008737394236959517,0.009114613756537437,0.015375223010778427,0.0009304328414145857,0.00906654167920351,0.016062297392636538,0.000979849195573479
3228,0.09401858225464821,1.7983556985855103,0.012308430392295122,0.02027746196836233,0.0009000373538583517,0.011530495714396238,0.017846026457846165,0.0009322753758169711,0.011369270738214254,0.017890832852572203,0.0009637522452976555
3229,0.07084902934730053,1.0532242059707642,0.008296669460833073,0.01498111430555582,0.000918531499337405,0.007825400214642286,0.014266215730458498,0.0009858328267000616,0.00775363901630044,0.014781841542571783,0.0010397802107036114
3230,0.125934936106205,2.592949390411377,0.025257142260670662,0.016194500029087067,0.0009617303730919957,0.02471284382045269,0.016846549697220325,0.0010392740368843079,0.024623263627290726,0.015205958858132362,0.0010936685430351645
3231,0.1126588024199009,0.6861682534217834,0.018194171832874417,0.021101478952914476,0.0008700415783096105,0.017445745645090938,0.019722646102309227,0.0009242596279364079,0.017318133730441332,0.016113603487610817,0.0009687211713753641
3232,0.06598139554262161,0.36186838150024414,0.009114233776926994,0.012160448357462883,0.0008500947442371398,0.008763783611357212,0.01163637824356556,0.0009272947208955884,0.008681015344336629,0.012863572221249342,0.000984576647169888
3233,0.11129669100046158,2.7902932167053223,0.013709073886275291,0.02379063330590725,0.00092935940483585,0.013094267342239618,0.021632514894008636,0.0009554081480018795,0.013004741165786982,0.023205529898405075,0.0009751614416018128
3234,0.05594445392489433,3.3663828372955322,0.006228598998859525,0.01193279679864645,0.0008939006365835667,0.005994163919240236,0.011548134963959455,0.0009593123686499894,0.005927553167566657,0.011453448794782162,0.0010065422975458205
3235,0.12874361872673035,0.9187206625938416,0.019953555427491665,0.022536837495863438,0.0010543130338191986,0.019432335626333952,0.023145005106925964,0.0011157412664033473,0.01931366929784417,0.02103226352483034,0.0011598942219279706
3236,0.1001090481877327,0.7931278347969055,0.01720054168254137,0.015600139275193214,0.0009119110181927681,0.016872005071491003,0.015380613040179014,0.000997461611405015,0.016823445446789265,0.01526675559580326,0.0010561761737335473
3237,0.14513690397143364,1.8457107543945312,0.025569358374923468,0.021225724834948778,0.0009355171350762248,0.02478277450427413,0.018534660805016756,0.0010080549400299788,0.02459854888729751,0.027427698485553265,0.0010545611730776727
3238,0.06230273935943842,1.7747230529785156,0.007320248405449092,0.014312256826087832,0.0006690872978651896,0.006911784410476685,0.014012576313689351,0.0007562456303276122,0.006797595997340977,0.010687880450859666,0.0008350619464181364
3239,0.06272681057453156,0.7917857766151428,0.008443297818303108,0.012097332160919905,0.000850503914989531,0.008137414930388331,0.012016110587865114,0.0009010415233206004,0.008065650472417474,0.011266377288848162,0.0009490804804954678
3240,0.19448044151067734,0.6961716413497925,0.0337436692789197,0.012851191684603691,0.000945850188145414,0.03318535257130861,0.0667945803143084,0.001016867667203769,0.03305672202259302,0.011819470673799515,0.0010667363239917904
3241,0.12339364364743233,2.1841490268707275,0.019681875128298998,0.02389562875032425,0.0008835056214593351,0.0189646752551198,0.02089813258498907,0.0009297426440753043,0.01889367075636983,0.018285812810063362,0.0009606021922081709
3242,0.1010463535785675,0.9970225691795349,0.02059554075822234,0.012727368157356977,0.0009019160643219948,0.02032503136433661,0.012242021970450878,0.0009713097824715078,0.02027883450500667,0.011982100084424019,0.001022226584609598
3243,0.1023540049791336,2.6583902835845947,0.01365384878590703,0.01896108314394951,0.0008466452127322555,0.013133380096405745,0.020333121996372938,0.0008893185877241194,0.0130237084813416,0.020586336962878704,0.0009265673579648137
3244,0.10152323544025421,2.689070463180542,0.01814013859257102,0.014750570058822632,0.0009514906560070813,0.017901781480759382,0.014940750319510698,0.0010246789897792041,0.017852723132818937,0.01488473266363144,0.0010763757745735347
3245,0.08803126215934753,2.8981940746307373,0.011712098959833384,0.021441340446472168,0.0009188402036670595,0.010647634975612164,0.01671149581670761,0.0009451278601773083,0.010267484001815319,0.01442712638527155,0.0009601150813978165
3246,0.09856754168868065,1.0085004568099976,0.011127100326120853,0.021682068705558777,0.0009189452393911779,0.010566045064479113,0.021001357585191727,0.0009570490219630301,0.01047039870172739,0.020852480083703995,0.0009921019955072552
3247,0.20496676117181778,1.4319438934326172,0.03893818147480488,0.010145178996026516,0.0009312403562944382,0.03878866694867611,0.010317447129637003,0.0010040015913546085,0.03877527639269829,0.06499381875619292,0.0010729585483204573
3248,0.03430834412574768,0.7658221125602722,0.004349705646745861,0.006903875852003694,0.0006369837210513651,0.003994255908764899,0.006430120440199971,0.0007344613550230861,0.003956530010327697,0.0064835783559829,0.0008188310312107205
3249,0.05444317311048508,0.6191762089729309,0.008645585272461176,0.009547873865813017,0.0006881706940475851,0.008291878970339894,0.008481836877763271,0.0007545268163084984,0.008202000986784697,0.009018770419061184,0.000812528160167858
3250,0.13127430528402328,2.894712209701538,0.016431224532425404,0.02878131251782179,0.0009665625402703881,0.015179241076111794,0.02679454442113638,0.0009736723732203245,0.014865410048514605,0.026303893886506557,0.0009784483700059354
3251,0.06879221461713314,0.8516287207603455,0.013376067858189344,0.009365339996293187,0.0006551136029884219,0.012635601800866425,0.008925906848162413,0.0007594917551614344,0.01247631898149848,0.009765726514160633,0.0008326464449055493
3252,0.08123289421200752,0.6689868569374084,0.012716974597424269,0.013317258562892675,0.0007382048352155834,0.011962123913690448,0.014429130591452122,0.0008227616781368852,0.011753672035411,0.01461536344140768,0.00087740458548069
3253,0.11431324854493141,0.41588926315307617,0.013411497697234154,0.025190233252942562,0.0009144110954366624,0.012506906874477863,0.02232028916478157,0.0009380025148857385,0.012353081721812487,0.025722545571625233,0.0009562824270687997
3254,0.21698261052370071,1.3109592199325562,0.025408336194232106,0.06442152196541429,0.0008887035655789077,0.025181284407153726,0.009665749501436949,0.0009448810596950352,0.02515161642804742,0.06432702485471964,0.0009934963309206069
3255,0.052613990381360054,0.2960807979106903,0.006981987971812487,0.010440951213240623,0.0007990346057340503,0.006406126311048865,0.01010237354785204,0.0008553404768463224,0.006242185598239303,0.009883330669254065,0.000902662257431075
3256,0.053549377247691154,0.7533165812492371,0.006652590120211244,0.01121503859758377,0.0007890695706009865,0.0062679387629032135,0.010174721013754606,0.0008312966674566269,0.006155672948807478,0.010594342835247517,0.0008687083900440484
3257,0.1368793472647667,6.2828545570373535,0.01928352052345872,0.02739354968070984,0.0008907776500564069,0.017658547963947058,0.028256257995963097,0.000906200468307361,0.017254010308533907,0.02431930135935545,0.000917180790565908
3258,0.20050305128097534,1.4823057651519775,0.029324581380933523,0.019002751912921667,0.0010432364651933312,0.0288615757599473,0.07337742298841476,0.001091730548068881,0.028717438224703074,0.01794563513249159,0.0011386781698092818
3259,0.1008065789937973,0.3052363097667694,0.017074014525860548,0.016590792685747147,0.0009603396756574512,0.01675939792767167,0.015266521368175745,0.001036470988765359,0.016691714990884066,0.01533552585169673,0.0010918079351540655
3260,0.10488621890544891,0.7830243110656738,0.014809639193117619,0.022353950887918472,0.0008179979049600661,0.01414820458739996,0.018437367863953114,0.0008964902081061155,0.013963451143354177,0.01850950252264738,0.0009496161947026849
3261,0.09843718633055687,1.367040991783142,0.021955502219498158,0.010474068112671375,0.0007511479198001325,0.021804748568683863,0.01071108179166913,0.0008272100531030446,0.02180203003808856,0.009213499259203672,0.0008978982223197818
3262,0.11277839913964272,0.35136449337005615,0.021041899919509888,0.015662281308323145,0.0007947364647407085,0.019833832047879696,0.017736407462507486,0.0008894862257875502,0.019388887099921703,0.016483374871313572,0.0009474924299865961
3263,0.06272495910525322,2.390842914581299,0.009263449581339955,0.012883830349892378,0.0007667728350497782,0.008157636737450957,0.011103651951998472,0.0007993877516128123,0.007907749619334936,0.011025849264115095,0.0008166322659235448
3264,0.11199839413166046,0.8729687929153442,0.017404363490641117,0.021880971267819405,0.0008970405033323914,0.01663547707721591,0.02073092944920063,0.0009404527954757214,0.0165203926153481,0.01601370144635439,0.0009750585886649787
3265,0.06497608125209808,1.1575274467468262,0.007752168690785766,0.013584690168499947,0.0008429549925494939,0.007413125829771161,0.013707776088267565,0.0008987064065877348,0.007350186817348003,0.01247804844751954,0.0009484236943535507
3266,0.06334095448255539,1.0340272188186646,0.008102683583274484,0.012752124574035406,0.0008441551472060382,0.007796380436047912,0.012265798635780811,0.0008925458532758057,0.0077335883397608995,0.012018689420074224,0.0009349918691441417
3267,0.11993225663900375,1.0285245180130005,0.024646160192787647,0.015400934964418411,0.0009333740745205432,0.023860877379775047,0.015170564409345388,0.0010149136069230735,0.02357467543333769,0.014268910977989435,0.001061845337972045
3268,0.12837834656238556,0.6225675940513611,0.023742233868688345,0.020354642067104578,0.0009041488810908049,0.023310753516852856,0.017811316531151533,0.0009568552486598492,0.023201012052595615,0.01709668943658471,0.0010007006931118667
3269,0.0900266133248806,0.20054252445697784,0.010385090252384543,0.019393921364098787,0.0008548901241738349,0.009773628553375602,0.01915725413709879,0.0008942338754422963,0.00960499863140285,0.019035985227674246,0.000926616252399981
3270,0.10153480991721153,0.26082849502563477,0.020575693808496,0.013395017012953758,0.0008251657127402723,0.02035857061855495,0.011519113089889288,0.0008927743183448911,0.020327887730672956,0.01268932456150651,0.0009512630640529096
3271,0.07783382013440132,3.314121723175049,0.011371428146958351,0.016783838625997305,0.0007736011175438762,0.01067512109875679,0.013783960603177547,0.0008208810759242624,0.010458910372108221,0.012311314698308706,0.0008547623874619603
3272,0.3200738877058029,1.956454873085022,0.043123358860611916,0.029211205430328846,0.0010941913933493197,0.04283827356994152,0.08370174467563629,0.001161118969321251,0.04283369705080986,0.07489445339888334,0.0012158482568338513
3273,0.13236096780747175,0.8057546019554138,0.022757509723305702,0.026329716201871634,0.0007956828339956701,0.022411786019802094,0.017193303909152746,0.000895616045454517,0.022423039423301816,0.018564209109172225,0.0009901059383992106
3274,0.0734579861164093,3.752838373184204,0.009429285302758217,0.015118380077183247,0.0008072587661445141,0.008482830598950386,0.013030169997364283,0.0008511354390066117,0.008204594254493713,0.016654960811138153,0.0008793678716756403
3275,0.057537421584129333,2.179194688796997,0.007799775106832385,0.01163224270567298,0.0007345765188802034,0.007465499918907881,0.010431159753352404,0.0007890426786616445,0.007418573601171374,0.010427966713905334,0.0008385886903852224
3276,0.18173790350556374,1.396331548690796,0.027034359984099865,0.014767912216484547,0.0009682576637715101,0.02680738316848874,0.0693516070023179,0.0010159995290450752,0.026814029552042484,0.013916940428316593,0.0010614141065161675
3277,0.023402472957968712,1.0732122659683228,0.0024288599379360676,0.004546301905065775,0.0004977362987119704,0.002449603518471122,0.004562811693176627,0.0006196057074703276,0.00256409530993551,0.004984209779649973,0.000749247963540256
3278,0.11429478600621223,1.10288667678833,0.018274762202054262,0.019561794586479664,0.0009565645013935864,0.017780784517526627,0.018709007184952497,0.0010171870235353708,0.017694493755698204,0.01923677697777748,0.0010634161008056253
3279,0.10216972231864929,0.7279084324836731,0.017075836192816496,0.01513779116794467,0.0009047171333804727,0.01676485361531377,0.0163341099396348,0.0009793055651243776,0.016706692054867744,0.017232000827789307,0.0010344160837121308
3280,0.11476477608084679,4.149281978607178,0.024181933142244816,0.016607933212071657,0.0008155172690749168,0.023222007788717747,0.011911541223526001,0.000856909726280719,0.02305568428710103,0.013223609887063503,0.0008896401268430054
3281,0.06964268907904625,1.9091826677322388,0.009782187873497605,0.014220812823623419,0.0008954106015153229,0.009274817537516356,0.012347082607448101,0.0009403098374605179,0.009193447418510914,0.012011005077511072,0.0009776139922905713
3282,0.11466526240110397,1.6774470806121826,0.015255189966410398,0.023720668628811836,0.0008634226396679878,0.014219752047210932,0.023034794721752405,0.00090024434030056,0.013979163719341159,0.021765317302197218,0.000926709093619138
3283,0.08719378337264061,0.41391482949256897,0.01495509222149849,0.016558428294956684,0.0007360558665823191,0.014174265321344137,0.012596290558576584,0.0008353632292710245,0.013922093901783228,0.012515524867922068,0.000900670449482277
3284,0.1919633224606514,1.410347580909729,0.03270339872688055,0.033213007263839245,0.0009438764536753297,0.031212653033435345,0.026623218320310116,0.0010462177451699972,0.03089059144258499,0.03423020802438259,0.0011001479579135776
3285,0.16867826133966446,0.42910581827163696,0.026978413108736277,0.03260099980980158,0.0009258533536922187,0.025844863150268793,0.030115656554698944,0.001012226362945512,0.025733028072863817,0.024410679005086422,0.0010565425618551672
3286,0.2516108825802803,0.793067991733551,0.03396915644407272,0.012705760076642036,0.00094302833895199,0.03330391738563776,0.067426479421556,0.0010063399095088243,0.03320050425827503,0.06800443772226572,0.0010512537555769086
3287,0.08997289463877678,1.2670530080795288,0.017132606357336044,0.014719701837748289,0.0007566572458017617,0.01645240793004632,0.010948657523840666,0.0008298774482682347,0.016253074165433645,0.012000646442174911,0.0008792629814706743
3288,0.06241821404546499,1.4116932153701782,0.007106948527507484,0.014065508265048265,0.0006808358593843877,0.006900977110490203,0.01105249160900712,0.0007636075606569648,0.006875860970467329,0.014134390046820045,0.0008375936013180763
3289,0.16201365739107132,0.6469477415084839,0.02697005122900009,0.0292730163782835,0.0009060112643055618,0.026471697259694338,0.02093761507421732,0.000980992044787854,0.026369936764240265,0.029070851393043995,0.0010334938415326178
3290,0.10859580710530281,0.604988694190979,0.017386760329827666,0.02029782487079501,0.0008815842447802424,0.01681346888653934,0.015493609011173248,0.0009443159215152264,0.016710676485672593,0.01907503232359886,0.0009925344784278423
3291,0.06901418045163155,4.002622127532959,0.009695298038423061,0.013490801211446524,0.0008329660049639642,0.008670343551784754,0.0124373366124928,0.0008649410156067461,0.00837149959988892,0.013757094740867615,0.0008939011895563453
3292,0.0903708003461361,1.156873106956482,0.020296104019507766,0.009806244634091854,0.000735056702978909,0.02005418506450951,0.009066148661077023,0.0008010360179468989,0.020040364703163505,0.008707420900464058,0.0008642432512715459
3293,0.30428560078144073,1.1456960439682007,0.032040901482105255,0.06845545768737793,0.0009269106667488813,0.03146934788674116,0.07096219900995493,0.0010184688144363463,0.031272430904209614,0.0670426320284605,0.0010972527088597417
3294,0.09524369239807129,0.5615968108177185,0.013823311775922775,0.01911156252026558,0.0008208672516047955,0.013111635111272335,0.014774097129702568,0.0009096271242015064,0.012880688533186913,0.018839196301996708,0.0009727053984533995
3295,0.08728505671024323,1.5137102603912354,0.014784352388232946,0.014088846277445555,0.0007978261564858258,0.014062172267585993,0.012478339951485395,0.0008827319252304733,0.01389637915417552,0.015352997928857803,0.0009414108353666961
3296,0.11461500078439713,2.4006857872009277,0.025308161973953247,0.012519803363829851,0.0009921591263264418,0.025136506417766213,0.011941484175622463,0.0010391417308710515,0.0251086731441319,0.011488351039588451,0.0010807221988216043
3297,0.09382030367851257,0.7084174156188965,0.017978531774133444,0.012873007450252771,0.000808061973657459,0.01725851185619831,0.012790125329047441,0.0008691531838849187,0.016987334471195936,0.013337286189198494,0.0009182935173157603
3298,0.10248378291726112,1.558632254600525,0.017434739973396063,0.017580941319465637,0.0009172140271402895,0.017193310894072056,0.014966662507504225,0.000994220026768744,0.01717893499881029,0.0151684763841331,0.001049287326168269
3299,0.14590026065707207,0.9114910960197449,0.024853563169017434,0.02132223080843687,0.0009361496777273715,0.024290123488754034,0.02743844361975789,0.0010017464228440076,0.02415412780828774,0.020854675211012363,0.0010491996363271028
3300,0.05700338073074818,2.3666088581085205,0.00743537419475615,0.01394380908459425,0.0006622042274102569,0.006634188117459416,0.009647489991039038,0.0007335309928748757,0.006528269732370973,0.010631182929500937,0.0007873330032452941
3301,0.1814945861697197,1.8139728307724,0.02682306431233883,0.03853538911789656,0.000928084715269506,0.025654377415776253,0.028509119525551796,0.0009583419014234096,0.025510395877063274,0.03360083233565092,0.0009749821620061994
3302,0.11720115132629871,1.7529492378234863,0.014186710584908724,0.02285923040471971,0.0007170839526224881,0.013451409991830587,0.025106661021709442,0.0007848957320675254,0.01333512004930526,0.02590859541669488,0.000851440621772781
3303,0.04530856292694807,1.7187366485595703,0.005525744636543095,0.009096248308196664,0.0006862686423119158,0.005305467639118433,0.008581399451941252,0.0007652354543097317,0.00527234876062721,0.009232151322066784,0.0008436987118329853
3304,0.050480686128139496,0.5484864115715027,0.0057262416230514646,0.009568026755005121,0.000625106884399429,0.005477538798004389,0.010977182071655989,0.0007145511917769909,0.005468707764521241,0.011117721674963832,0.0008056140213739127
3305,0.07170717790722847,0.9184746146202087,0.00911543401889503,0.01520687760785222,0.0008437131182290614,0.008706246735528111,0.013882103376090527,0.0008912766061257571,0.008673460455611348,0.013457105029374361,0.0009309598244726658
3306,0.09270895645022392,1.8783544301986694,0.016502866754308343,0.014463475905358791,0.0009377012611366808,0.01613079314120114,0.013315171469002962,0.0010056176106445491,0.01609553978778422,0.01320256432518363,0.00105522689409554
3307,0.12159691751003265,1.1214685440063477,0.021870382130146027,0.01806638017296791,0.0008033799822442234,0.020795202814042568,0.019121781922876835,0.0008974701922852546,0.02053187694400549,0.01855816412717104,0.0009522809705231339
3308,0.05716121941804886,1.7652933597564697,0.00873849238269031,0.010102772153913975,0.0006996210431680083,0.008447481319308281,0.009618534706532955,0.0007576625212095678,0.008399417856708169,0.009585322346538305,0.000811916688689962
3309,0.07967520318925381,2.3385934829711914,0.010802267817780375,0.017974441405385733,0.000868767558131367,0.009798230370506644,0.015677773859351873,0.0008927210001274943,0.009599472163245082,0.013152658939361572,0.0009088708902709186
3310,0.10099099203944206,1.632582187652588,0.01394208986312151,0.020654279738664627,0.0008841186645440757,0.013208514545112848,0.01954135810956359,0.0009181126079056412,0.01306507783010602,0.017829200718551874,0.0009482414170634001
3311,0.18305375799536705,1.5297046899795532,0.03257966414093971,0.027986939996480942,0.0009296125499531627,0.030893148854374886,0.022910595405846834,0.0010404008789919317,0.03057172615081072,0.035042883828282356,0.0010987923888023943
3312,0.05575069785118103,0.7773799300193787,0.00691777840256691,0.011169977020472288,0.0008399956277571619,0.006665301509201527,0.010522941127419472,0.000903869658941403,0.006630657473579049,0.011142509989440441,0.0009576677693985403
3313,0.09876661002635956,0.3988722860813141,0.01242194278165698,0.02096016565337777,0.0009116570581682026,0.011964890640228987,0.018295845482498407,0.0009581982158124447,0.011861442122608423,0.020394892897456884,0.0009975790162570775
3314,0.11507545784115791,0.42731374502182007,0.012550358194857836,0.024935943074524403,0.0009342963458038867,0.011987762991338968,0.02667357586324215,0.000970672641415149,0.011852256022393703,0.024169856682419777,0.0010007330274675041
3315,0.1618201583623886,1.6339200735092163,0.027545946650207043,0.028944866731762886,0.0008814313914626837,0.026980355381965637,0.019615021534264088,0.0009611747227609158,0.026873926632106304,0.028996897861361504,0.001020531402900815
3316,0.16197991371154785,0.8505527377128601,0.02871180884540081,0.027086535468697548,0.0008951082127168775,0.027524602599442005,0.01987176202237606,0.0009443971794098616,0.02730179764330387,0.0286727137863636,0.0009711892635095865
3317,0.20359135419130325,1.2869681119918823,0.03386328276246786,0.035570171661674976,0.001020952855469659,0.03286829590797424,0.03268584609031677,0.0010659222607500851,0.03264827374368906,0.03277985565364361,0.0010887609678320587
3318,0.17828142642974854,0.792564332485199,0.027124163694679737,0.0684458832256496,0.0010339117143303156,0.026729405391961336,0.011836436111479998,0.0010842876508831978,0.026687479577958584,0.014207628089934587,0.0011322319624014199
3319,0.06794259510934353,0.6798466444015503,0.007831988157704473,0.01456825016066432,0.0009228398266714066,0.007350902771577239,0.014427578076720238,0.0009844465821515769,0.007270871428772807,0.013546292204409838,0.0010394241544418037
3320,0.1324525848031044,1.9204357862472534,0.016227563843131065,0.026876072399318218,0.0009744483977556229,0.015280067920684814,0.030336355324834585,0.0010154862829949707,0.015030951704829931,0.025669044815003872,0.0010425958316773176
3321,0.10295503586530685,0.7053995132446289,0.012226917315274477,0.020824117586016655,0.000997728668153286,0.011498462874442339,0.02215662505477667,0.0010296148830093443,0.011334409937262535,0.02182658016681671,0.0010605790885165334
3322,0.2513410225510597,0.6972874402999878,0.03380264062434435,0.0677418177947402,0.0009491968667134643,0.03321792371571064,0.013547386974096298,0.0010130802693311125,0.033055550418794155,0.06694957613945007,0.0010638584499247372
3323,0.0612250380218029,0.44643497467041016,0.008464253041893244,0.011521261185407639,0.0008319470507558435,0.007890711072832346,0.010235343128442764,0.000873793032951653,0.007771381642669439,0.012724441476166248,0.0009119054302573204
3324,0.28496523573994637,0.27138853073120117,0.025810495484620333,0.06835050601512194,0.0009682378440629691,0.025609374046325684,0.06777502642944455,0.0010306951007805765,0.025565683376044035,0.0687678661197424,0.0010873679420910776
3325,0.2526075020432472,3.5142483711242676,0.043190972879529,0.039047274738550186,0.0011040017125196755,0.04313347861170769,0.039615022018551826,0.0011876795906573534,0.04314834624528885,0.04095281660556793,0.0012279052170924842
3326,0.08771778829395771,0.39576485753059387,0.012898104032501578,0.017112366389483213,0.0008045756840147078,0.012113377684727311,0.015481621492654085,0.0008900715038180351,0.01189016760326922,0.015577450394630432,0.0009500533051323146
3327,0.13367262482643127,1.8696765899658203,0.02004379453137517,0.024756191298365593,0.0009537976002320647,0.01911407895386219,0.024007792584598064,0.001000119373202324,0.019065113738179207,0.023704148828983307,0.0010275869281031191
3328,0.084168191999197,0.8772956728935242,0.01203977013938129,0.0171157936565578,0.0008408552675973624,0.0112369186244905,0.013995104469358921,0.0009192428551614285,0.011035768082365394,0.016012873500585556,0.000971866276813671
3329,0.06933148391544819,1.2877357006072998,0.008698205463588238,0.014221401419490576,0.0007748015341348946,0.008234026376157999,0.014986834023147821,0.0008172023808583617,0.008144787978380919,0.012596802785992622,0.0008574234088882804
3330,0.09676139801740646,0.3426594138145447,0.01706663565710187,0.014901257120072842,0.0009096126304939389,0.016693766228854656,0.01457137055695057,0.000985372083960101,0.016629438381642103,0.01396107580512762,0.0010428717359900475
3331,0.10135325789451599,0.4676293730735779,0.020748836919665337,0.013050498440861702,0.0008932796481531113,0.020443334244191647,0.011896359734237194,0.0009619673946872354,0.02037642151117325,0.011965397745370865,0.0010171633039135486
3332,0.10732772201299667,1.231638789176941,0.012563775293529034,0.024275410920381546,0.0009318029333371669,0.012039906810969114,0.020881379023194313,0.0009667399281170219,0.011914526112377644,0.02275580447167158,0.0009983734344132245
3333,0.09683699905872345,1.864939570426941,0.017644998151808977,0.014357947278767824,0.0008951508498284966,0.016684301663190126,0.01337409345433116,0.0009463589813094586,0.0163922724314034,0.015557283535599709,0.0009845985332503915
3334,0.08249136805534363,1.1703026294708252,0.013169265817850828,0.014177346136420965,0.0007997805951163173,0.012316934764385223,0.01248976681381464,0.0008847060089465231,0.012078187195584178,0.015628518536686897,0.0009468609350733459
3335,0.05753210186958313,0.4583650827407837,0.008493125205859542,0.010451655369251966,0.0007562432438135147,0.008176663657650352,0.009621933568269014,0.0008076720114331692,0.008096262579783797,0.01027181139215827,0.0008567347540520132
3336,0.05317641794681549,0.9115468859672546,0.006495304871350527,0.010814519599080086,0.000799955305410549,0.006140360375866294,0.010373806580901146,0.0008408396388404071,0.00604527466930449,0.010784977115690708,0.0008813833992462605
3337,0.07362803444266319,2.8715996742248535,0.008990406524389982,0.017180378548800945,0.000991034205071628,0.008433585753664374,0.01380960177630186,0.001036900037433952,0.008360573323443532,0.013748489320278168,0.0010770604712888598
3338,0.13018584996461868,1.3351541757583618,0.015850750263780355,0.025689648929983377,0.000897806283319369,0.01506275380961597,0.027239039540290833,0.0009296332427766174,0.014909121906384826,0.028655079193413258,0.0009520146122667938
3339,0.0926559641957283,1.4192719459533691,0.017148694023489952,0.014642681926488876,0.0008092675707302988,0.016563215758651495,0.012674978002905846,0.0008735357550904155,0.016393421683460474,0.012631102930754423,0.0009190681448671967
3340,0.06041721627116203,1.5915800333023071,0.00846661627292633,0.011499251239001751,0.000786949007306248,0.008200095500797033,0.01044425554573536,0.0008478705713059753,0.008171895053237677,0.011103459168225527,0.000896825164090842
3341,0.18588335067033768,1.6886789798736572,0.0310153029859066,0.03144749067723751,0.0009238189086318016,0.030035974457859993,0.03482484444975853,0.0010196184157393873,0.029777133837342262,0.02575366012752056,0.0010855005530174822
3342,0.1529146023094654,1.9496835470199585,0.021030258387327194,0.03182020038366318,0.0008607360650785267,0.01962157152593136,0.02541042398661375,0.0009268796711694449,0.019239254295825958,0.03303316608071327,0.0009721058304421604
3343,0.12308212369680405,0.3196732699871063,0.028430461883544922,0.011691976338624954,0.0007978577050380409,0.02786430064588785,0.012479375582188368,0.0008659523155074567,0.02772235032171011,0.01231302134692669,0.0009168268588837236
3344,0.051441650837659836,1.1239439249038696,0.006177317118272185,0.010782340541481972,0.0006353041680995375,0.006075443467125297,0.010975704062730074,0.0007276911346707493,0.006113308947533369,0.009138291468843818,0.0008162502199411392
3345,0.1669747233390808,0.7048209309577942,0.02688371203839779,0.027457602322101593,0.0009619443153496832,0.02629121672362089,0.026497852988541126,0.0010214715148322284,0.026176704093813896,0.030623076483607292,0.0010611476609483361
3346,0.1004069559276104,0.9665069580078125,0.013387947343289852,0.019935800693929195,0.0008312652644235641,0.012709868140518665,0.019416713621467352,0.0008743343641981483,0.012541685719043016,0.01980343647301197,0.0009059054136741906
3347,0.08834796771407127,0.41865774989128113,0.016339067602530122,0.013598029036074877,0.000874606310389936,0.015969834756106138,0.011925849597901106,0.0009437763947062194,0.01588207995519042,0.011822608299553394,0.0009921130840666592
3348,0.17986374348402023,1.0056897401809692,0.026167710311710835,0.03879509400576353,0.000928883848246187,0.02489687316119671,0.029233703389763832,0.0009601766359992325,0.024717445485293865,0.033188337460160255,0.0009755181381478906
3349,0.06583747267723083,0.7836114764213562,0.009071591775864363,0.01281661819666624,0.0008466370054520667,0.008728662971407175,0.012464129365980625,0.0009162060159724206,0.008663133019581437,0.011358058080077171,0.0009724371484480798
3350,0.08984231948852539,4.436418533325195,0.011152931954711676,0.022633002139627934,0.0008610613003838807,0.010195084381848574,0.015266461297869682,0.0008802410156931728,0.009960487484931946,0.017991731874644756,0.0009013201924972236
3351,0.09097106754779816,0.47628748416900635,0.01937154703773558,0.010279659181833267,0.0008323266520164907,0.019211743492633104,0.009864047169685364,0.0009091412939596921,0.019217633176594973,0.010307096410542727,0.0009778757521416992
3352,0.06717278063297272,0.47974494099617004,0.007843257393687963,0.014146700501441956,0.0008443436527159065,0.007518575759604573,0.013691275846213102,0.0009001603466458619,0.00744917755946517,0.013829579576849937,0.0009497097926214337
3353,0.10364875197410583,1.5794848203659058,0.013324583880603313,0.022869798354804516,0.0009843595325946808,0.012441878207027912,0.019333114847540855,0.0010006277007050812,0.012301185633987188,0.020375980529934168,0.0010172214824706316
3354,0.11519449949264526,1.6788833141326904,0.019750589039176702,0.020586916245520115,0.0008488967432640493,0.019106064457446337,0.01944320509210229,0.000899147882591933,0.01900609489530325,0.01461173640564084,0.000941853504627943
3355,0.08752338401973248,0.642396092414856,0.015421596821397543,0.013295636512339115,0.0009610933484509587,0.015134089160710573,0.012629429809749126,0.0010514300665818155,0.01508689927868545,0.012827514670789242,0.0011156980181112885
3356,0.061868881806731224,1.0674983263015747,0.007212875178083777,0.014038763009011745,0.0009160837798845023,0.006671968149021268,0.013580596540123224,0.0009713721228763461,0.0065807627979665995,0.010871592443436384,0.0010248700273223221
3357,0.05703658424317837,0.515541136264801,0.008229566272348166,0.011880184523761272,0.0007968922727741301,0.007825111504644156,0.009601620957255363,0.0008537671528756618,0.007723779650405049,0.009226665832102299,0.0008989991911221296
3358,0.14012233912944794,2.4740233421325684,0.01681514224037528,0.030453892424702644,0.0009677615598775446,0.015775118488818407,0.027912896126508713,0.00099060038337484,0.01558285765349865,0.030612817034125328,0.0010112496092915535
3359,0.09696906805038452,1.0308691263198853,0.0216584294103086,0.010349763557314873,0.0008018765947781503,0.02149488963186741,0.009597525466233492,0.0008653752156533301,0.021481141913682222,0.009798224549740553,0.0009218435734510422
3360,0.15062744542956352,1.4152954816818237,0.02656964398920536,0.02116054529324174,0.0008948148461058736,0.0262778764590621,0.018998073413968086,0.0009661544754635543,0.02622469747439027,0.02851811144500971,0.0010175254428759217
3361,0.09909174218773842,0.7822301983833313,0.02062483155168593,0.011986265424638987,0.0008874959894455969,0.020304349716752768,0.012000893242657185,0.0009552775300107896,0.02021944639272988,0.011106198653578758,0.001006981503451243
3362,0.05243071913719177,0.43593841791152954,0.006413330556824803,0.010879253968596458,0.000832776160677895,0.005885913968086243,0.010878839530050755,0.000881699234014377,0.005728539312258363,0.010004813317209482,0.0009255558543372899
3363,0.08578185364603996,1.9306458234786987,0.010196279967203736,0.017953573260456324,0.0009438260749448091,0.009751257486641407,0.0176106127910316,0.0009933894034475088,0.009660002309828997,0.01763489842414856,0.0010380130843259394
3364,0.14394526556134224,1.3049724102020264,0.016710082534700632,0.03263626620173454,0.0009574739378876984,0.01556005422025919,0.03154715150594711,0.0009818803810048848,0.015320124570280313,0.029232824221253395,0.0009994084830395877
3365,0.06338496506214142,0.9786835312843323,0.007525542750954628,0.014157421421259642,0.000913471361855045,0.007022620178759098,0.011224894784390926,0.0009678727365098894,0.006939062383025885,0.013619915582239628,0.0010141637176275253
3366,0.0588101614266634,1.358025074005127,0.0071864346973598,0.013217194937169552,0.0008756674651522189,0.006564990151673555,0.01137187471613288,0.000935771968215704,0.006378000136464834,0.011295903008431196,0.0009843235311564058
3367,0.20360124111175537,0.6632245182991028,0.02899850206449628,0.01843640860170126,0.0010457830503582954,0.02864289516583085,0.020174528937786818,0.0010903850197792053,0.028610431123524904,0.07547467947006226,0.0011276311706751585
3368,0.10890698805451393,1.07319176197052,0.01814057771116495,0.016522659920156002,0.0009485147020313889,0.01774908322840929,0.0198117857798934,0.001011502929031849,0.01767762005329132,0.015986946411430836,0.0010582995600998402
3369,0.12903420627117157,0.5920001864433289,0.015861927531659603,0.029166003689169884,0.0008515339286532253,0.014967422233894467,0.02349854214116931,0.0008879589731805027,0.014754973817616701,0.02812220435589552,0.0009236460318788886
3370,0.11128152906894684,0.9752640128135681,0.012109317816793919,0.02598403301090002,0.000934357289224863,0.011622949037700891,0.023556264117360115,0.0009661877702455968,0.011587845627218485,0.023527272045612335,0.0009933046239893883
3371,0.09244027733802795,0.5703517198562622,0.01173416175879538,0.018957521300762892,0.0008931714401114732,0.010956777725368738,0.017698793672025204,0.0009210027346853167,0.010781257646158338,0.019553689286112785,0.0009439043642487377
3372,0.08280589245259762,0.5154918432235718,0.015563656110316515,0.012777174822986126,0.000752071850001812,0.014961478766053915,0.01193799264729023,0.0008032711048144847,0.014749752590432763,0.010417009703814983,0.0008434833434876055
3373,0.11778245866298676,0.36295226216316223,0.02180444449186325,0.017304079607129097,0.0009264599066227674,0.021008801646530628,0.018902234733104706,0.0010259267874062061,0.020808004774153233,0.014911382459104061,0.001091131882276386
3374,0.09413082897663116,0.9244328141212463,0.012315691914409399,0.02052225638180971,0.0008503617718815804,0.011807797942310572,0.017631038557738066,0.000903467444004491,0.011670857202261686,0.017476134467869997,0.0009532246040180326
3375,0.20322973281145096,0.9908998608589172,0.034835866652429104,0.068344471976161,0.001068559242412448,0.03459943365305662,0.013934568502008915,0.001146621536463499,0.034542459063231945,0.0135521967895329,0.0012055622064508498
3376,0.1472010314464569,0.5938604474067688,0.02977103181183338,0.01888775173574686,0.0010236570960842073,0.029173809569329023,0.01787709491327405,0.0010564154363237321,0.0290339607745409,0.019290642347186804,0.0010866719530895352
3377,0.09626182913780212,1.0895036458969116,0.013111738953739405,0.01888682320713997,0.0008334464801009744,0.012491823174059391,0.01943438034504652,0.0008742358768358827,0.012374304700642824,0.017350970301777124,0.0009041008306667209
3378,0.1744167096912861,2.5740716457366943,0.026237039361149073,0.01335910800844431,0.0010390569223091006,0.025961987441405654,0.06777872517704964,0.0010981629020534456,0.02592037175782025,0.011873394250869751,0.0011488652671687305
3379,0.12820538878440857,0.3204585015773773,0.02075654175132513,0.02179878018796444,0.0010134284966625273,0.02009931718930602,0.020159361883997917,0.001059484638972208,0.019999828189611435,0.022225094959139824,0.001093558152206242
3380,0.06679674237966537,0.3151445686817169,0.009481851011514664,0.01166238822042942,0.0007781744643580168,0.009213071782141924,0.01162329874932766,0.0008386815316043794,0.009162868838757277,0.013150478713214397,0.0008859284280333668
3381,0.05605006963014603,0.30660000443458557,0.007374749053269625,0.011152524966746569,0.000816847663372755,0.007033556699752808,0.010604765266180038,0.0008707831730134785,0.006930205272510648,0.010348161682486534,0.0009184768423438072
3382,0.09757277369499207,0.24457845091819763,0.016558051574975252,0.016074043698608875,0.0010200366959907115,0.016146367648616433,0.014520619064569473,0.0010958787752315402,0.016063393326476216,0.014941361267119646,0.0011530235642567277
3383,0.14805109053850174,0.4074891209602356,0.030965594574809074,0.02030825847759843,0.0008523162396159023,0.030352178029716015,0.019044136628508568,0.0009107815276365727,0.030273599550127983,0.01439443789422512,0.0009497922146692872
3384,0.11722705699503422,0.6756714582443237,0.015308236936107278,0.026949397288262844,0.0008200172451324761,0.014307697769254446,0.022112790029495955,0.0008484598365612328,0.014103098073974252,0.021901209838688374,0.0008761452045291662
3385,0.05710107646882534,0.8386871814727783,0.0068962962832301855,0.012469080742448568,0.0008561255817767233,0.006551338825374842,0.011113679502159357,0.0009006777254398912,0.006491020554676652,0.01088350499048829,0.0009393520304001868
3386,0.15060549974441528,0.7480251789093018,0.026656623929739,0.020515020471066236,0.0008831698796711862,0.02621929533779621,0.01922674383968115,0.0009574997238814831,0.02614533808082342,0.028991379775106907,0.0010104305110871792
3387,0.11171829700469971,3.468304395675659,0.022719724103808403,0.014611272141337395,0.0008877444197423756,0.02241840399801731,0.011789622250944376,0.0009418561821803451,0.022448045201599598,0.014915802050381899,0.0009858263656497002
3388,0.07082242146134377,0.3136647343635559,0.007839949568733573,0.015877585858106613,0.0009256883640773594,0.007412692764773965,0.015281853266060352,0.0009849201305769384,0.007315530674532056,0.014142788015305996,0.0010414127027615905
3389,0.1440059244632721,0.9552316069602966,0.017277462407946587,0.028355369344353676,0.0009105358913075179,0.01634454121813178,0.02967908326536417,0.0009333900816272944,0.01614065282046795,0.03341386467218399,0.0009510275558568537
3390,0.09707297384738922,0.2999524176120758,0.016507337102666497,0.015488317236304283,0.0010245650191791356,0.016124123940244317,0.015177835710346699,0.0010991207673214376,0.01602989831008017,0.014468412846326828,0.0011533631477504969
3391,0.1809212937951088,0.7319331765174866,0.028332384768873453,0.029201370663940907,0.0010479470365680754,0.027746035251766443,0.037494393065571785,0.001097841770388186,0.027578540612012148,0.027291624806821346,0.0011311588459648192
3392,0.09750137850642204,1.9327805042266846,0.010831065010279417,0.022822396829724312,0.0008432903559878469,0.010262253228574991,0.022177329286932945,0.0008796769834589213,0.010059106163680553,0.01871118787676096,0.0009150741680059582
3393,0.11263580992817879,1.456595540046692,0.017191577004268765,0.02094017481431365,0.0008757010800763965,0.016470954986289144,0.019816179759800434,0.0009411814098712057,0.016381765715777874,0.019030856899917126,0.0009874132229015231
3394,0.206427663564682,1.2521278858184814,0.030721292831003666,0.02009957144036889,0.0010260194540023804,0.03017829731106758,0.07253553625196218,0.0010598261142149568,0.030093654058873653,0.019621776416897774,0.0010916816536337137
3395,0.11380352824926376,0.5041128993034363,0.013228611554950476,0.02549357432872057,0.00091040093684569,0.012499625328928232,0.023815237917006016,0.0009288989822380245,0.012375892605632544,0.02360529452562332,0.000945991137996316
3396,0.12925483286380768,0.5777830481529236,0.01955709746107459,0.023574184626340866,0.0010402575717307627,0.01904393406584859,0.02218043291941285,0.0010969447321258485,0.018937586806714535,0.022685708478093147,0.001138682127930224
3397,0.0893494263291359,2.7843453884124756,0.010059101041406393,0.022385302931070328,0.0008460170938633382,0.008979649282991886,0.017845901660621166,0.0008698937890585512,0.008721471764147282,0.018757399171590805,0.0008846876153256744
3398,0.09029909782111645,0.41990163922309875,0.019993254216387868,0.009595775045454502,0.0007851020200178027,0.01968012796714902,0.009348963387310505,0.0008517244714312255,0.019642523489892483,0.009488372597843409,0.0009132559061981738
3399,0.06918608024716377,0.30042707920074463,0.007843147264793515,0.01564633520320058,0.0009228374401573092,0.0074519990012049675,0.014175278600305319,0.0009830331546254456,0.007361586904153228,0.013760853558778763,0.0010410098475404084
3400,0.067686278373003,1.5677480697631836,0.009936589747667313,0.012803252320736647,0.0007685325108468533,0.008943286258727312,0.013040806166827679,0.0008098212420009077,0.008596257539466023,0.011946368962526321,0.0008413613250013441
3401,0.15832727402448654,0.3895823061466217,0.020805487409234047,0.03052285872399807,0.0008669277594890445,0.019511042162775993,0.03272165730595589,0.0009319679229520261,0.019206319004297256,0.032787484116852283,0.0009735288040246814
3402,0.09011991322040558,2.0939786434173584,0.01010782178491354,0.019391057081520557,0.0009632215951569378,0.009564759442582726,0.020359973423182964,0.000994172878563404,0.009497865103185177,0.018220355734229088,0.001020686759147793
3403,0.16208504140377045,0.8442825675010681,0.025273441802710295,0.031721729785203934,0.000981209974270314,0.024865092243999243,0.021960781421512365,0.0010410582763142884,0.024800861021503806,0.030354388523846865,0.0010864712530747056
3404,0.05943548306822777,0.44253993034362793,0.008018975844606757,0.011736346408724785,0.0007897024042904377,0.0077352216467261314,0.010770344641059637,0.000844431750010699,0.0076799646485596895,0.010963074397295713,0.0008974217344075441
3405,0.19293738156557083,2.5753984451293945,0.02977938298135996,0.030079119838774204,0.0010190524626523256,0.028824910521507263,0.037056898698210716,0.001056287408573553,0.0286082006059587,0.03543095104396343,0.0010825780045706779
3406,0.09605508297681808,1.7582393884658813,0.013500729110091925,0.018521999940276146,0.0008216382702812552,0.012737503740936518,0.018585863523185253,0.0008627951610833406,0.012555226683616638,0.017563633620738983,0.0009056974668055773
3407,0.06539560854434967,4.4629807472229,0.009801121428608894,0.012017488479614258,0.000806169759016484,0.008488153805956244,0.013354401104152203,0.0008421491365879774,0.0081845847889781,0.011035488452762365,0.0008660515304654837
3408,0.1005905270576477,0.46466150879859924,0.017097010277211666,0.01632109936326742,0.0009047146886587143,0.016806003637611866,0.013953120447695255,0.0009839202393777668,0.01676039071753621,0.016717908903956413,0.0010463633225299418
3409,0.07465288043022156,0.9787819981575012,0.009033021051436663,0.016680187080055475,0.0009193258301820606,0.008434690302237868,0.01369507098570466,0.0009640940988902003,0.00833666487596929,0.015582984779030085,0.0010068393021356314
3410,0.055705733597278595,0.7578551173210144,0.008325037080794573,0.010532782413065434,0.0007975953922141343,0.007872930495068431,0.009441793896257877,0.0008517290116287768,0.007761301239952445,0.009221549611538649,0.0009010147769004107
3411,0.06099921837449074,3.110633611679077,0.00806319760158658,0.012763550505042076,0.0008564089075662196,0.007014613365754485,0.011484907008707523,0.0008978748810477555,0.006766808219254017,0.012222264893352985,0.0009295925265178084
3412,0.05691440403461456,0.4607779085636139,0.0071109014097601175,0.011392918415367603,0.0007660891569685191,0.006637972546741366,0.010215259622782469,0.0008269830141216516,0.006528023164719343,0.012549938168376684,0.0008863170514814556
3413,0.06175563111901283,0.7544831037521362,0.008788838982582092,0.011889294255524874,0.0008184080361388624,0.008516816655173898,0.011414245702326298,0.0008716461597941816,0.008458122843876481,0.010082148015499115,0.0009161096822936088
3414,0.14990971982479095,0.31210261583328247,0.0388177614659071,0.010497425217181444,0.000934386596782133,0.03861832432448864,0.009974278509616852,0.0010007447563111782,0.038599422201514244,0.010402031242847443,0.0010653515346348286
3415,0.14763209223747253,0.25022295117378235,0.030926099978387356,0.015735003165900707,0.0008527650497853756,0.03028196096420288,0.018738259561359882,0.000915377982892096,0.03022297751158476,0.018994022626429796,0.0009656224865466356
3416,0.10503590106964111,0.33497461676597595,0.019465152639895678,0.01707569044083357,0.000792119128163904,0.0186806065030396,0.01487161498516798,0.0008557521796319634,0.018546803388744593,0.013845390640199184,0.000902775558643043
3417,0.07240361347794533,1.99461030960083,0.009371685329824686,0.014397959224879742,0.00090685227769427,0.008820394519716501,0.013359129428863525,0.0009547499939799309,0.008697530720382929,0.014894540421664715,0.0010007709497585893
3418,0.1992080956697464,0.45742812752723694,0.03466653544455767,0.03139769844710827,0.0010748556815087795,0.03429372143000364,0.03064648061990738,0.0011537245009094477,0.03414090629667044,0.030628590378910303,0.001205572858452797
3419,0.10598614625632763,2.116507053375244,0.01357517542783171,0.025076004676520824,0.0007196218939498067,0.01267980330158025,0.020613935310393572,0.000789175188401714,0.01243946619797498,0.019244249211624265,0.000848714669700712
3420,0.098930474370718,1.091739296913147,0.016605284996330738,0.01674594357609749,0.0009586676605977118,0.016310607315972447,0.014887960627675056,0.0010327845811843872,0.01625483063980937,0.015041706152260303,0.0010926898685283959
3421,0.09353771060705185,0.5919134616851807,0.010163093218579888,0.01943876827135682,0.0009532443946227431,0.009611159097403288,0.020727062597870827,0.0009865144384093583,0.00946680805645883,0.021174250170588493,0.0010168126609642059
3422,0.276224073022604,1.0677260160446167,0.025530135724693537,0.06553572183474898,0.000955934141529724,0.025292494799941778,0.06595691991969943,0.0010131224989891052,0.02527517988346517,0.06560330791398883,0.0010612605256028473
3423,0.0627349242568016,1.198382019996643,0.008805712452158332,0.011514856480062008,0.0008182677265722305,0.008489255327731371,0.011449331417679787,0.0008729854307603091,0.008427886525169015,0.011440754868090153,0.000915874756174162
3424,0.06840229779481888,0.8714826703071594,0.007775650825351477,0.014943964313715696,0.0009965905919671059,0.00728895072825253,0.014336526859551668,0.0010588240693323314,0.00715184211730957,0.01374799944460392,0.00110194634180516
3425,0.06734220311045647,1.1307743787765503,0.009222547989338636,0.01165429363027215,0.0007266319880727679,0.008946141693741083,0.012725377455353737,0.0007940770010463893,0.00889915693551302,0.013520789332687855,0.0008531881030648947
3426,0.056877631694078445,1.3700587749481201,0.006537150824442506,0.012625861912965775,0.0009187161922454834,0.0061373834032565355,0.011626132298260927,0.0009872982336673886,0.006045006215572357,0.010958561673760414,0.0010415210854262114
3427,0.1810820773243904,1.1303431987762451,0.033843422308564186,0.03247932158410549,0.0009497407590970397,0.033009822480380535,0.02315919566899538,0.0010150460293516517,0.032789756543934345,0.022777361795306206,0.0010584077681414783
3428,0.08492288365960121,1.0395641326904297,0.010494727408513427,0.01696790661662817,0.0008500443364027888,0.009900135220959783,0.01649265270680189,0.0008881876710802317,0.009737439220771194,0.018668652744963765,0.0009231357835233212
3429,0.18643608689308167,1.501600742340088,0.026595314033329487,0.03839673101902008,0.0009301191312260926,0.025402894243597984,0.03156299144029617,0.0009557834127917886,0.025120701640844345,0.03650431055575609,0.0009672344313003123
3430,0.129015251994133,0.5826318860054016,0.015143989585340023,0.02900544833391905,0.0010002173949033022,0.014281670097261667,0.026950908824801445,0.0010132078314200044,0.014050924219191074,0.026541723869740963,0.0010271662613376975
3431,0.12044815346598625,0.5662081241607666,0.021962681785225868,0.01922358199954033,0.000930178037378937,0.021200074814260006,0.015465535689145327,0.0010289127239957452,0.02100214548408985,0.018540803343057632,0.0010942346998490393
3432,0.10301043838262558,3.0294198989868164,0.013887044042348862,0.02103323396295309,0.0009158860193565488,0.012606734409928322,0.02083033137023449,0.0009176260209642351,0.01225234242156148,0.019648320972919464,0.0009189196862280369
3433,0.07662523537874222,1.8751015663146973,0.010731242131441832,0.017581777647137642,0.0008253781707026064,0.00986546277999878,0.013075299561023712,0.0008557518303859979,0.009604884311556816,0.013207967393100262,0.0008774708840064704
3434,0.17596855759620667,3.724147319793701,0.026903661899268627,0.0676177041605115,0.0009565741056576371,0.02593689365312457,0.013612781185656786,0.000987243722192943,0.025645315181463957,0.01329572219401598,0.0010126642300747335
3435,0.07836447283625603,0.8293279409408569,0.009546389104798436,0.0175671991892159,0.0007349881925620139,0.008887368836440146,0.014553850749507546,0.0007978955400176346,0.00880800758022815,0.016619961941614747,0.0008488114690408111
3436,0.05873687192797661,0.5936087965965271,0.0077024586498737335,0.011844448279589415,0.0008147936605382711,0.007366377394646406,0.010817787144333124,0.0008693855779711157,0.0073194734286516905,0.01109243743121624,0.0009097096626646817
3437,0.07835773285478354,0.6538912057876587,0.009255161276087165,0.016672577476128936,0.0007357920112553984,0.00862406869418919,0.01629724889062345,0.0007948572456371039,0.008567112032324076,0.016560770571231842,0.0008501452684868127
3438,0.15270187705755234,1.9189612865447998,0.024293766357004642,0.021625728346407413,0.0009718246292322874,0.023828526958823204,0.028277992270886898,0.001054242777172476,0.023838939843699336,0.027710909489542246,0.001099950633943081
3439,0.1569747030735016,1.1644433736801147,0.01963783521205187,0.03348255902528763,0.0009578597091604024,0.018279052805155516,0.035182470455765724,0.0009697623318061233,0.018005524296313524,0.029489456675946712,0.0009701830567792058
3440,0.1534012258052826,0.3198431134223938,0.02359965816140175,0.028891964815557003,0.0008821837254799902,0.022196916863322258,0.030139132402837276,0.0009266063862014562,0.021880109794437885,0.0239357459358871,0.0009489153744652867
3441,0.10644711926579475,0.609678328037262,0.017529478296637535,0.01981041207909584,0.0008010348537936807,0.016762821469455957,0.018789660651236773,0.0008486962760798633,0.016669351141899824,0.01435728371143341,0.0008783831726759672
3442,0.1212750319391489,1.4253993034362793,0.015018468955531716,0.026870441157370806,0.0008626707131043077,0.013936567585915327,0.02238185564056039,0.0008973910007625818,0.013665928039699793,0.026721041183918715,0.0009206656541209668
3443,0.1012113131582737,1.0200527906417847,0.012835317756980658,0.022185147739946842,0.0009862526203505695,0.012030545622110367,0.019781754352152348,0.0010172673501074314,0.011845271103084087,0.019489926286041737,0.001039826835040003
3444,0.09314349666237831,0.3360118567943573,0.015880460385233164,0.016008305363357067,0.0008388593269046396,0.015220036264508963,0.013986137695610523,0.0008945055305957794,0.015047953929752111,0.014324870891869068,0.0009423700103070587
3445,0.08359411731362343,0.916881799697876,0.014254961162805557,0.015852064359933138,0.0007374663255177438,0.013586030807346106,0.01252249302342534,0.0008333679870702326,0.013367199338972569,0.011532244272530079,0.0009082901524379849
3446,0.10087462142109871,0.3236253261566162,0.01733621908351779,0.019122363533824682,0.00084682647138834,0.016551736742258072,0.014046242460608482,0.0008959069382399321,0.01639413763768971,0.014749739784747362,0.0009314455091953278
3447,0.08050233870744705,1.5687315464019775,0.011956633534282446,0.01688070548698306,0.0008436704229097813,0.011188085656613111,0.013320742174983025,0.0009199519408866763,0.010995844611898065,0.01342133292928338,0.0009753749473020434
3448,0.06374938040971756,1.8348878622055054,0.008053515572100878,0.012990654911845922,0.0008522046555299312,0.007754464400932193,0.01219049422070384,0.0009054252877831459,0.007704976946115494,0.012347681447863579,0.0009499613661319017
3449,0.1226683184504509,3.2837979793548584,0.01785974856466055,0.02621783595532179,0.0009162001078948379,0.016543779987841845,0.021942573599517345,0.0009226174734067172,0.01626667520031333,0.021069695241749287,0.0009291888272855431
3450,0.14626092463731766,1.0962928533554077,0.0314741050824523,0.020199740305542946,0.0008428232395090163,0.030857675708830357,0.015199696645140648,0.0009047921921592206,0.030741270631551743,0.01509030070155859,0.0009505176567472517
3451,0.1925174593925476,0.9765725135803223,0.0384531170129776,0.020020357333123684,0.0009418991103302687,0.037999024614691734,0.026824406813830137,0.0010139563819393516,0.0379187036305666,0.028275280259549618,0.0010707095498219132
3452,0.08856553211808205,1.5483771562576294,0.013039465993642807,0.018689739517867565,0.0009131000260822475,0.011541347485035658,0.015285362023860216,0.0009418791742064059,0.011311212554574013,0.01588879805058241,0.0009546256333123893
3453,0.19271820783615112,0.4211047291755676,0.030851383693516254,0.014160561840981245,0.0009254753240384161,0.03028628882020712,0.06778431357815862,0.0010165998537559062,0.030151410959661007,0.01646130857989192,0.001080860529327765
3454,0.16659728065133095,1.0367655754089355,0.024781173560768366,0.01171701168641448,0.0009866238106042147,0.02456247014924884,0.01192499278113246,0.0010336263803765178,0.024533453630283475,0.06597570795565844,0.0010822181939147413
3455,0.1489856019616127,1.022089958190918,0.030073530972003937,0.01957244798541069,0.0010309676290489733,0.029547120444476604,0.01947286818176508,0.00106286775553599,0.029487166553735733,0.01764302747324109,0.0010956049663946033
3456,0.08621381595730782,1.6351925134658813,0.009862315142527223,0.01859774813055992,0.0009498264407739043,0.00943148322403431,0.018400331493467093,0.0010007566888816655,0.009330730885267258,0.01759563386440277,0.0010449878172948956
3457,0.14701144397258759,0.9459949731826782,0.025083067826926708,0.021967371460050344,0.0009525016066618264,0.024576366180554032,0.020540816243737936,0.0010176721843890846,0.024443171452730894,0.02737225266173482,0.0010582284594420344
3458,0.15632933005690575,1.1453431844711304,0.026398051995784044,0.022633622400462627,0.0010391341056674719,0.025707542896270752,0.028859936632215977,0.0010887536918744445,0.025501441676169634,0.023974801413714886,0.0011260398314334452
3459,0.0785769633948803,2.343855142593384,0.008992133429273963,0.0159019879065454,0.0008731542038731277,0.008640992688015103,0.01546459412202239,0.0009147237869910896,0.008605120703577995,0.018231865484267473,0.0009523921471554786
3460,0.0800868347287178,0.708358645439148,0.009342622943222523,0.01874148054048419,0.0009269105212297291,0.008896512910723686,0.016042649280279875,0.0009798654937185347,0.008804690325632691,0.01532613206654787,0.0010259714617859572
3461,0.09029939025640488,0.5400394201278687,0.012863500276580453,0.015786674804985523,0.0008942486601881683,0.012000919785350561,0.017814422491937876,0.0009827562025748193,0.01178725203499198,0.01712310640141368,0.0010465114610269666
3462,0.21466948091983795,1.953531265258789,0.03764996211975813,0.03128666337579489,0.0010328918579034507,0.03708270378410816,0.03836953453719616,0.0010888001997955143,0.03706721868366003,0.029973717406392097,0.0011179865687154233
3463,0.12784460932016373,0.4566328823566437,0.020643766038119793,0.021719934418797493,0.0009057415300048888,0.019715404137969017,0.022266298532485962,0.0009437467087991536,0.01945707853883505,0.02122236182913184,0.0009702827082946897
3464,0.06499551236629486,1.2516707181930542,0.010392928496003151,0.010818089824169874,0.0007594533381052315,0.01017293380573392,0.01007272768765688,0.0008259373134933412,0.01011674664914608,0.010956597048789263,0.000880095933098346
3465,0.09523433446884155,0.5795839428901672,0.017088789958506823,0.014418468810617924,0.0008998538833111525,0.016262871213257313,0.01462338212877512,0.0009512033429928124,0.01604738784953952,0.013952905777841806,0.0009894724644254893
3466,0.09193605929613113,2.8887434005737305,0.011725107207894325,0.021412581205368042,0.0009275421325583011,0.01103131240233779,0.017730516381561756,0.0009543380583636463,0.011090191546827555,0.01609560614451766,0.0009688630816526711
3467,0.05987849272787571,0.8465408682823181,0.0075608170591294765,0.012874750420451164,0.0008441698446404189,0.007094207685440779,0.01151000102981925,0.0008987051551230252,0.006948242895305157,0.011206146329641342,0.000941449252422899
3468,0.09218938276171684,0.7550405263900757,0.02045413269661367,0.01057160971686244,0.0007558095967397094,0.02019654936157167,0.008949407143518329,0.0008140068966895342,0.020136335864663124,0.009446064475923777,0.0008654672710690647
3469,0.06145462766289711,1.5838184356689453,0.007684767944738269,0.013423509895801544,0.0007744293834548444,0.007314647315070033,0.010974898468703032,0.000829262804472819,0.007246381137520075,0.012317136861383915,0.0008895958308130503
3470,0.06915379874408245,1.34830641746521,0.01158701628446579,0.013436190085485578,0.0006425433093681931,0.010883125010877848,0.009956585243344307,0.0007638157694600523,0.010614714934490621,0.010416659759357572,0.0008531470375601202
3471,0.16228128224611282,1.1799538135528564,0.028880062513053417,0.024945341981947422,0.0008825823897495866,0.028134536929428577,0.02690659137442708,0.0009259502694476396,0.02798146102577448,0.022660240996629,0.000964513688813895
3472,0.10739800333976746,1.6805217266082764,0.019209722988307476,0.016532404348254204,0.00102774437982589,0.01883848151192069,0.01594336610287428,0.001092897029593587,0.018807346001267433,0.014810124412178993,0.0011359125492163002
3473,0.11725319176912308,0.6312630772590637,0.01897639548406005,0.02386875171214342,0.0008440496167168021,0.01809730287641287,0.019433440640568733,0.0009013845701701939,0.017977589275687933,0.01621528435498476,0.0009389929473400116
3474,0.071077149361372,0.5582389235496521,0.008910681121051311,0.016993313562124968,0.0008468519663438201,0.007714263861998916,0.014140489511191845,0.0008767336257733405,0.007370917359367013,0.013322860468178988,0.0009010375651996583
3475,0.07405229285359383,1.9915862083435059,0.008151258807629347,0.016634298488497734,0.0008179579745046794,0.007860756013542414,0.015484991483390331,0.0008746750245336443,0.007839723490178585,0.015454561449587345,0.0009340721881017089
3476,0.11045091971755028,1.280975341796875,0.018178398022428155,0.02104097744449973,0.0008138273551594466,0.01751329656690359,0.014755696058273315,0.0008592424564994872,0.01742452522739768,0.018973038531839848,0.0008919218671508133
3477,0.126002985984087,0.868474543094635,0.016944037284702063,0.024286756291985512,0.0008308027754537761,0.016198111698031425,0.022357065696269274,0.0008754505543038249,0.016045407857745886,0.027562501840293407,0.000902853294974193
3478,0.11155186221003532,2.108522653579712,0.018507738132029772,0.021965578198432922,0.0008441615500487387,0.01734550716355443,0.01811167784035206,0.0009003474842756987,0.01711502205580473,0.01582798035815358,0.0009338462259620428
3479,0.07511983811855316,0.5933157205581665,0.012646195944398642,0.0130456886254251,0.0007777942810207605,0.011672441381961107,0.011946041602641344,0.0008645345515105873,0.011340441880747676,0.01189835136756301,0.0009283489198423922
3480,0.0657417606562376,1.3988348245620728,0.007600709097459912,0.014810173772275448,0.0008191451779566705,0.007287027547135949,0.014390761032700539,0.000869284151121974,0.0072385643143206835,0.011803520377725363,0.0009225737303495407
3481,0.05193455517292023,0.35562023520469666,0.007284254301339388,0.009604322258383036,0.0007560626254417002,0.006911405827850103,0.009218380320817232,0.0008067361195571721,0.006811019964516163,0.009688002988696098,0.0008543721633031964
3482,0.03576931916177273,0.3506225347518921,0.004686126601882279,0.0073234629817306995,0.0005951764469500631,0.004417201387695968,0.006410486297681928,0.0006799291004426777,0.004394609364680946,0.006488167913630605,0.0007741593872196972
3483,0.10085604339838028,0.7479895353317261,0.020856939256191254,0.012224605772644281,0.0008257982553914189,0.020621537696570158,0.012095875572413206,0.0008932661439757794,0.020603901939466596,0.011765673756599426,0.0009684463439043611
3484,0.06080522760748863,0.6329990029335022,0.007327983388677239,0.013067231979221106,0.0007248675101436675,0.006932506337761879,0.011858271434903145,0.000775811611674726,0.006844591815024614,0.01244682352989912,0.0008271404658444226
3485,0.1299549788236618,1.6372511386871338,0.02110185381025076,0.02300151251256466,0.0008914354257285595,0.019802642054855824,0.021827538032084703,0.0009278444340452552,0.01950585190206766,0.021943883504718542,0.0009524152555968612
3486,0.12558669596910477,0.749817967414856,0.028837653808295727,0.014104460831731558,0.0008115817618090659,0.02818623837083578,0.011523150373250246,0.000880210951436311,0.0280357226729393,0.012271145358681679,0.0009365345467813313
3487,0.05192515254020691,1.4172898530960083,0.007063303142786026,0.01026044599711895,0.000764665484894067,0.006731426576152444,0.00939689390361309,0.0008089740003924817,0.006694501964375377,0.009356909431517124,0.0008480314863845706
3488,0.12102862447500229,0.9877753257751465,0.016917587723582983,0.02462726552039385,0.000822673027869314,0.016041931230574846,0.02209873916581273,0.0008689119422342628,0.01587269874289632,0.022873369976878166,0.0009054498805198818
3489,0.0868831705302,0.7079665660858154,0.015219975728541613,0.01288160402327776,0.0008583402959629893,0.014463245403021574,0.014017781242728233,0.0009062288445420563,0.014202154707163572,0.013392104301601648,0.0009417323162779212
3490,0.05895397439599037,0.7071977853775024,0.008862846298143268,0.01078823721036315,0.000749532482586801,0.008539036149159074,0.009682743810117245,0.0008134852396324277,0.008444232633337379,0.010202571749687195,0.0008712868730071932
3491,0.09926991909742355,1.815583348274231,0.017340078484266996,0.01770662609487772,0.0008872915641404688,0.016328785102814436,0.013941940851509571,0.0009371517226099968,0.01603816170245409,0.015118461567908525,0.0009714242187328637
3492,0.05731493607163429,0.3438665568828583,0.006917590741068125,0.012464704923331738,0.0008840416558086872,0.006368571426719427,0.011270088143646717,0.0009397387038916349,0.006242854753509164,0.01124512916430831,0.0009822155116125941
3493,0.07371442951261997,0.6615738272666931,0.008200361393392086,0.015620761550962925,0.0007571994792670012,0.007760854437947273,0.014942870009690523,0.0008321141940541565,0.007667355122976005,0.017024067230522633,0.0009088490915019065
3494,0.050361184403300285,0.639808714389801,0.007056163856759667,0.009455538354814053,0.0007499853381887078,0.0066862215753644705,0.008961464278399944,0.0007996214553713799,0.0066040989477187395,0.009201405569911003,0.000846684561111033
3495,0.05948558263480663,1.5479000806808472,0.00783652882091701,0.01148854661732912,0.0008754110313020647,0.007178731029853225,0.012988424394279718,0.0009177664760500193,0.007069937186315656,0.010171704459935427,0.0009585291554685682
3496,0.08700680732727051,0.4113945960998535,0.01699973689392209,0.01182570867240429,0.0007438654720317572,0.016305429860949516,0.012329705990850925,0.0008164248138200492,0.016101724468171597,0.011017668060958385,0.0008665434434078634
3497,0.057576749473810196,0.3317457437515259,0.0062463515205308795,0.013675233582034707,0.0006728471780661494,0.005916752037592232,0.010280237533152103,0.0007539849611930549,0.005917043192312121,0.0132729837205261,0.000841313973069191
3498,0.07023687288165092,0.9445105195045471,0.007810435025021434,0.013644992373883724,0.0008520804112777114,0.007398935034871101,0.01583817880600691,0.0009105380158871412,0.007344535086303949,0.015480038244277239,0.000957141222897917
3499,0.07847703993320465,3.3620543479919434,0.01103577041067183,0.014739888720214367,0.0008725810912437737,0.009984026197344065,0.014158791862428188,0.0009027004125528038,0.009774422738701105,0.01608673995360732,0.0009221173822879791
3500,0.061190567910671234,1.7398062944412231,0.00771087477914989,0.013764780014753342,0.0007927491678856313,0.007359477924183011,0.011425259988754988,0.000846022623591125,0.007307174149900675,0.011082212906330824,0.000902018480701372
3501,0.14401773735880852,1.0557894706726074,0.025617241160944104,0.021824330557137728,0.00099259550916031,0.025145206367596984,0.021831913851201534,0.001047037134412676,0.02507244609296322,0.02140289032831788,0.0010840813629329205
3502,0.1522936001420021,0.5617904663085938,0.020864980295300484,0.030402634292840958,0.0008710533147677779,0.019687616266310215,0.029591944068670273,0.0009341577533632517,0.019350198097527027,0.02962042624130845,0.000970601016888395
3503,0.07766866683959961,1.718055248260498,0.0151359629817307,0.010786802042275667,0.0007562548271380365,0.014437092002481222,0.010325383394956589,0.0008103053842205554,0.014283885713666677,0.010282055009156466,0.0008509267645422369
3504,0.07387670129537582,1.378455400466919,0.009538422105833888,0.017489532008767128,0.0008219126029871404,0.008140509482473135,0.014666222501546144,0.0008587359625380486,0.007794720586389303,0.013685610145330429,0.0008810363069642335
3505,0.13817078433930874,1.4609122276306152,0.025031265104189515,0.021632001735270023,0.0009805485024116933,0.024534187512472272,0.01981923123821616,0.0010334321996197104,0.024428166216239333,0.019636469893157482,0.0010754770482890308
3506,0.0874033197760582,0.7685198783874512,0.010294739156961441,0.017830978613346815,0.0008477242663502693,0.009737524669617414,0.018400145694613457,0.0008852789760567248,0.009575712261721492,0.01891712984070182,0.0009140858892351389
3507,0.23288587480783463,0.5589950680732727,0.027245141100138426,0.0681264316663146,0.0009656981565058231,0.026187744922935963,0.01473466819152236,0.0010088940034620464,0.02599815814755857,0.06757226819172502,0.0010468772961758077
3508,0.07611142098903656,1.451279640197754,0.01392861653584987,0.011087693274021149,0.0007869386172387749,0.013774527469649911,0.010124159045517445,0.0008948321919888258,0.013783224509097636,0.010755866765975952,0.0009755635401234031
3509,0.0944426953792572,0.3661016821861267,0.010637187166139483,0.020450289826840162,0.0010032348800450563,0.010021091671660542,0.018968486227095127,0.0010470651905052364,0.00984675600193441,0.02138761943206191,0.0010809635277837515
3510,0.07359055057168007,2.1999199390411377,0.008161072619259357,0.015957615803927183,0.0008640596061013639,0.007895810529589653,0.015531735494732857,0.0009230073483195156,0.007872767746448517,0.015404298435896635,0.0009801816195249557
3511,0.05274010822176933,1.4310539960861206,0.005659983493387699,0.011706945020705462,0.0008768045227043331,0.005425634793937206,0.011162848211824894,0.0009327789884991944,0.0054086733143776655,0.010578237008303404,0.0009882027516141534
3512,0.13035733252763748,2.262528896331787,0.015831224154680967,0.02668279269710183,0.0009017346892505884,0.01489936769939959,0.02525462443009019,0.0009385498997289687,0.01466415380127728,0.030212298966944218,0.0009725869458634406
3513,0.13973037339746952,1.438990831375122,0.02349884423892945,0.02494641882367432,0.0007902903598733246,0.023143601487390697,0.024824190884828568,0.0008862423128448427,0.02306854829657823,0.017606383888050914,0.0009658479539211839
3514,0.0895698182284832,1.4812507629394531,0.01362910820171237,0.013943093363195658,0.000760923110647127,0.012807181105017662,0.015491215512156487,0.0008510014740750194,0.0125664584338665,0.01860180962830782,0.0009190262062475085
3515,0.08118283934891224,1.3592137098312378,0.012525961035862565,0.014467794448137283,0.0007304640021175146,0.011641879798844457,0.014347601681947708,0.0008104451117105782,0.011379486648365855,0.014405139721930027,0.0008740689372643828
3516,0.06767245382070541,0.9788898825645447,0.0076078674755990505,0.015108027029782534,0.0009891244117170572,0.007076794281601906,0.013808991760015488,0.0010484473896212876,0.006942982552573085,0.013995764311403036,0.0010944565874524415
3517,0.07932670041918755,2.078817129135132,0.009192923782393336,0.016690113581717014,0.0008488148159813136,0.008848689263686538,0.01667934050783515,0.0008898648666217923,0.008841481292620301,0.01640996802598238,0.000925505708437413
3518,0.2277502752840519,2.8351998329162598,0.02754215244203806,0.06583692878484726,0.0008994762029033154,0.02749650552868843,0.06594002619385719,0.0009618559270165861,0.02752994792535901,0.01052705617621541,0.001016319525660947
3519,0.21846447326242924,2.532536029815674,0.025538059882819653,0.06485396204516292,0.0008951632189564407,0.025343798333778977,0.06490410910919309,0.0009446049516554922,0.02533790934830904,0.009653180371969938,0.0009936902788467705
3520,0.062073418870568275,2.578507661819458,0.006990001886151731,0.013831159099936485,0.0006947706278879195,0.0068229829194024205,0.011301718186587095,0.0007681250281166285,0.00687497400213033,0.013952360721305013,0.000837329716887325
3521,0.07278113439679146,0.7366685271263123,0.008959446102380753,0.014430713839828968,0.0008414618787355721,0.008524080272763968,0.016351318918168545,0.0008844072290230542,0.008458091178908944,0.013407967519015074,0.0009236463811248541
3522,0.03917803056538105,0.8351027965545654,0.004841375513933599,0.008098580176010728,0.0006572734855581075,0.004627707879990339,0.0074559603817760944,0.0007418813183903694,0.004615694051608443,0.007319578668102622,0.0008199805743061006
3523,0.1497552953660488,1.024766445159912,0.018634788691997528,0.03458352293819189,0.0009891264489851892,0.017524555791169405,0.029579524882137775,0.0010076073231175542,0.017251750454306602,0.029163301922380924,0.0010211174376308918
3524,0.2027905210852623,1.4272713661193848,0.035135988146066666,0.014086867682635784,0.0010597435757517815,0.034661149606108665,0.012800215743482113,0.0011384448152966797,0.03455536812543869,0.06814883835613728,0.0012039041612297297
3525,0.09215297549962997,1.1324920654296875,0.015836576465517282,0.01566651137545705,0.0007812219846528023,0.015144126955419779,0.01367891300469637,0.0008405892876908183,0.014880255097523332,0.014437294099479914,0.0008874871418811381
3526,0.1152840182185173,0.6994156241416931,0.0183497522957623,0.022765113040804863,0.0008792450535111129,0.017699585296213627,0.017013369128108025,0.0009311758331023157,0.017587849404662848,0.019083636812865734,0.000974293623585254
3527,0.08548342436552048,1.925366997718811,0.013059122953563929,0.016130627132952213,0.0008888972806744277,0.012319567147642374,0.01464212080463767,0.0009726965508889407,0.012114205164834857,0.01432472001761198,0.0010314664687030017
3528,0.07459713146090508,0.34844160079956055,0.00892284233123064,0.017292864620685577,0.0009195926832035184,0.00839993474073708,0.014489647466689348,0.0009635516908019781,0.008293444057926536,0.014308228623121977,0.0010070247808471322
3529,0.09958375990390778,0.9318766593933105,0.016511789290234447,0.015815340913832188,0.0009628595144022256,0.016221674159169197,0.016030129976570606,0.0010382012405898422,0.01618116651661694,0.015726851299405098,0.0010957477788906544
3530,0.08210433088243008,1.6837033033370972,0.012850838247686625,0.013899583369493484,0.0008026696741580963,0.0121928914450109,0.015499958768486977,0.0008857950160745531,0.012034158920869231,0.01299058785662055,0.0009478481370024383
3531,0.06264246441423893,0.7742030024528503,0.010291858110576868,0.010335851926356554,0.0006868525524623692,0.010036415420472622,0.009969301987439394,0.0007644920260645449,0.009982479736208916,0.00972610805183649,0.000849105097586289
3532,0.06464100815355778,0.8733771443367004,0.007764221169054508,0.01330026239156723,0.0009315856150351465,0.00721935904584825,0.014615997206419706,0.0009649422718212008,0.007138438289985061,0.011704320088028908,0.0010018815519288182
3533,0.11620700359344482,1.0566675662994385,0.027129006572067738,0.011228534858673811,0.0009357021772302687,0.026915105991065502,0.009899603202939034,0.0009931446402333677,0.026857982389628887,0.011195645201951265,0.0010522790835238993
3534,0.09138740971684456,1.8397419452667236,0.011889614863321185,0.0192855978384614,0.0008868948207236826,0.011103512486442924,0.01772534754127264,0.0009162953647319227,0.010918463813140988,0.01771480916067958,0.0009468722564633936
3535,0.0822310782968998,0.43140608072280884,0.009590007364749908,0.01922918064519763,0.0008548547921236604,0.009179736953228712,0.01724269986152649,0.0008997407858259976,0.009105590870603919,0.015183510724455118,0.0009457559499423951
3536,0.06978177465498447,0.5707153081893921,0.009595562005415559,0.013802457135170698,0.0008224386256188154,0.007875355891883373,0.014932592865079641,0.0008657786820549518,0.007223870838060975,0.013773784041404724,0.0008899378008209169
3537,0.0665591424331069,0.4238203465938568,0.010454260278493166,0.01285791746340692,0.0006348133028950542,0.00975940062198788,0.009344820398837328,0.0007553189643658698,0.009623089106753469,0.012277012690901756,0.0008525114972144365
3538,0.12210533022880554,1.48018479347229,0.028335963375866413,0.011505033820867538,0.0008151367073878646,0.027907175943255424,0.012281610164791346,0.0008847354620229453,0.027828692458570004,0.011611210647970438,0.0009357723465654999
3539,0.15482884645462036,1.055884599685669,0.028732672333717346,0.022148420102894306,0.0009134222927968949,0.02779601700603962,0.02518849540501833,0.0009705838747322559,0.027751360088586807,0.020333259366452694,0.0009946187492460012
3540,0.11640260741114616,0.966661810874939,0.01781741133891046,0.02066732244566083,0.000904696062207222,0.017169816652312875,0.02004930842667818,0.0009438127162866294,0.01703677955083549,0.02083506202325225,0.000978398136794567
3541,0.06659632734954357,0.5355058312416077,0.008135302225127816,0.013711049687117338,0.0009359552641399205,0.007690988713875413,0.012117807287722826,0.0009709198493510485,0.007617661263793707,0.014406193047761917,0.0010104497778229415
3542,0.1563991829752922,1.9272074699401855,0.02601612266153097,0.030967948026955128,0.0009643872617743909,0.025585750117897987,0.021770654246211052,0.0010280568967573345,0.025459181517362595,0.023525867611169815,0.0010812128020916134
3543,0.09947140514850616,1.0772325992584229,0.016883306670933962,0.01582489674910903,0.0010195951908826828,0.016478682402521372,0.0152821927331388,0.0010967532289214432,0.01637655613012612,0.015351245179772377,0.0011581765138544142
3544,0.21825216710567474,1.3489940166473389,0.024712298763915896,0.06523973820731044,0.0009605865343473852,0.024505883222445846,0.010405107401311398,0.0010296838008798659,0.024479475570842624,0.06582936318591237,0.0010900344350375235
3545,0.10294027253985405,0.8175095915794373,0.017092880327254534,0.0186747582629323,0.000888997659785673,0.016199319623410702,0.01683743391185999,0.0009331295150332153,0.015910439658910036,0.01543456595391035,0.0009687478886917233
3546,0.09200337156653404,0.2680155634880066,0.015873446594923735,0.015535715501755476,0.000778618996264413,0.015173663850873709,0.012785745318979025,0.0008363140805158764,0.014939074637368321,0.015196721069514751,0.0008840710506774485
3547,0.06853145733475685,0.4168151319026947,0.009423309471458197,0.0133300069719553,0.0007166723080445081,0.009099496062844992,0.01168150408193469,0.0007805035857018083,0.0090063507668674,0.013655598741024733,0.0008380153449252248
3548,0.13189192116260529,2.3080079555511475,0.016478714533150196,0.027512050233781338,0.0009677014022599906,0.015269929077476263,0.02841732744127512,0.0009680878720246255,0.01500954246148467,0.02629903145134449,0.0009695384942460805
3549,0.05897903814911842,0.9649020433425903,0.008968258276581764,0.010204767808318138,0.0007557622739113867,0.008707451401278377,0.00988254277035594,0.000816807703813538,0.008665430126711726,0.010100255720317364,0.0008777611656114459
3550,0.05754172056913376,0.9139649271965027,0.008786930935457349,0.01055318582803011,0.000756011955672875,0.0085067767649889,0.009413327556103468,0.0008162279264070094,0.00845884601585567,0.009377645794302225,0.0008727696258574724
3551,0.05049661360681057,0.4566420912742615,0.006713449954986572,0.009829604532569647,0.0007954801549203694,0.006230018800124526,0.009914159309118986,0.0008495027723256499,0.006143399979919195,0.00912165967747569,0.00089933758135885
3552,0.10400491207838058,0.8435636758804321,0.012774786446243525,0.019734355621039867,0.0009965483041014522,0.012036212254315615,0.021150881424546242,0.001025020785164088,0.011885716114193201,0.023350794799625874,0.0010505966492928565
3553,0.070284235291183,0.6055193543434143,0.013199956505559385,0.01150844944640994,0.000660621008137241,0.012767724110744894,0.00856740539893508,0.0007483158842660487,0.012698967126198113,0.009311418514698744,0.0008213727851398289
3554,0.09662995487451553,0.6839386224746704,0.021956842858344316,0.009964046068489552,0.0007382190378848463,0.021812271792441607,0.009532495867460966,0.0008123581064864993,0.02182863373309374,0.009098115842789412,0.0008869708690326661
3555,0.08879854157567024,1.6737208366394043,0.01148206740617752,0.018099982291460037,0.0008821923402138054,0.010775984032079577,0.01668351935222745,0.000906231114640832,0.010636396473273635,0.018401450477540493,0.0009307184955105186
3556,0.06505488231778145,2.692140579223633,0.008822951233014464,0.013298291712999344,0.0008332747383974493,0.00836904183961451,0.01328705484047532,0.0008688712259754539,0.008356267586350441,0.01031563663855195,0.0009034909307956696
3557,0.2578929737210274,0.5718164443969727,0.03840918652713299,0.06457563256844878,0.0009335979702882469,0.038332901895046234,0.06502773053944111,0.0009990310354623944,0.03836724907159805,0.010189175140112638,0.0010584780247882009
3558,0.10320441797375679,2.544820785522461,0.01795992162078619,0.01565640512853861,0.0010159595985896885,0.017530695535242558,0.014568248763680458,0.0010747783817350864,0.017486649565398693,0.01679281983524561,0.0011189401848241687
3559,0.07564255967736244,2.1965739727020264,0.009499181411229074,0.016309630125761032,0.0007195411453722045,0.00878353847656399,0.016184167005121708,0.0007791536045260727,0.008647380978800356,0.013881406281143427,0.0008385551336687058
3560,0.07921126112341881,2.4854509830474854,0.009739979170262814,0.01585865067318082,0.0008566045726183802,0.009275954682379961,0.015168646816164255,0.0008936396334320307,0.009138237684965134,0.01734612789005041,0.000933419622015208
3561,0.09544026851654053,3.1068837642669678,0.012188962195068598,0.020942773669958115,0.0009136810840573162,0.011410315753892064,0.01876133680343628,0.0009340317046735436,0.01125710946507752,0.01807070942595601,0.0009613446309231222
3562,0.09416799247264862,0.8316416144371033,0.011131952982395887,0.01948981499299407,0.0009106482029892504,0.010524001438170671,0.019922470208257437,0.0009483427566010505,0.010377225233241916,0.019875709433108568,0.0009878259734250605
3563,0.09863494709134102,1.233453392982483,0.013222682289779186,0.01892232010141015,0.0008917791128624231,0.012554932851344347,0.019848324824124575,0.0009165576193481684,0.012428727466613054,0.01891111023724079,0.0009385099401697516
3564,0.08266781643033028,0.6934193968772888,0.01516744215041399,0.013251932337880135,0.000782428978709504,0.01421545841731131,0.012050825636833906,0.0008415334741584957,0.013971984153613448,0.011502636596560478,0.0008835725020617247
3565,0.15600089728832245,1.4644275903701782,0.03189774136990309,0.021400679368525743,0.0008608829521108419,0.03132763039320707,0.01716573443263769,0.0009153437567874789,0.031261468306183815,0.020220497623085976,0.0009509119554422796
3566,0.08929745107889175,1.3961589336395264,0.019823525566607714,0.009377436246722937,0.0007852246926631778,0.01949614263139665,0.009617188479751348,0.0008454553026240319,0.019442155258730054,0.0090152183547616,0.0008951056806836277
3567,0.09785323590040207,0.5871617197990417,0.011216534301638603,0.020975071005523205,0.0008905197610147297,0.010695550590753555,0.02056113723665476,0.0009310999885201454,0.010598245076835155,0.021019969135522842,0.000965106999501586
3568,0.15993307530879974,2.1746468544006348,0.020955344662070274,0.03340721316635609,0.0008611770172137767,0.019584033638238907,0.032125198282301426,0.00092169942217879,0.019192474894225597,0.03192157298326492,0.0009643585071898997
3569,0.12463488057255745,1.5408718585968018,0.014891440514475107,0.027675479650497437,0.0009899004071485251,0.01388104259967804,0.0260255616158247,0.0009999647736549377,0.013623083010315895,0.025540309958159924,0.0010081020882353187
3570,0.0714385136961937,1.7811963558197021,0.009082649368792772,0.016070497687906027,0.0009751769248396158,0.008512470638379455,0.013011954259127378,0.0010178197408095002,0.008349092910066247,0.013359847012907267,0.001059008645825088
3571,0.09952579438686371,2.4291887283325195,0.012923429254442453,0.02037859708070755,0.0009661517688073218,0.011944995261728764,0.019893554504960775,0.000978605734417215,0.011707176454365253,0.019733074121177197,0.001000212214421481
3572,0.09293343126773834,1.5366199016571045,0.010393385775387287,0.021173913031816483,0.0009463598544243723,0.009847741341218352,0.020783279091119766,0.0009773230412974954,0.009693043073639274,0.018117264844477177,0.001001121534500271
3573,0.056033600121736526,1.630174994468689,0.007869243854656816,0.011715318076312542,0.000827007694169879,0.007294166833162308,0.009761236375197768,0.0008632836397737265,0.007200634106993675,0.00959856086410582,0.0009041521407198161
3574,0.12514689192175865,0.5311049818992615,0.015740598551928997,0.027135257609188557,0.0008534431108273566,0.014839012641459703,0.023854658473283052,0.0008867190917953849,0.01462491462007165,0.026295275427401066,0.0009170032572001219
3575,0.1284814588725567,0.7757112383842468,0.015469745732843876,0.026939677074551582,0.0009061662130989134,0.014564975863322616,0.029342396184802055,0.0009352455963380635,0.014370599994435906,0.024986757896840572,0.0009658925409894437
3576,0.05902843177318573,2.9516403675079346,0.006573807448148727,0.013040045276284218,0.0009294798946939409,0.006252329330891371,0.012136350385844707,0.0009938340808730572,0.00617931573651731,0.011874874588102102,0.0010483924415893853
3577,0.24076656252145767,0.6787521243095398,0.027238888200372458,0.014141668565571308,0.0009613036236260086,0.026957026217132807,0.07148043811321259,0.001007407932775095,0.02695438964292407,0.07097747176885605,0.0010479756456334144
3578,0.09160513058304787,1.038744568824768,0.011706930818036199,0.01882103644311428,0.0008868123113643378,0.010893263621255755,0.017374711576849222,0.0009139574249275029,0.01070919819176197,0.019359116442501545,0.0009400960989296436
3579,0.07459063827991486,3.3264331817626953,0.009976327186450362,0.017646143212914467,0.0008620110456831753,0.008401850936934352,0.014486503787338734,0.0008927765302360058,0.008052472723647952,0.013366688042879105,0.0009058632422238588
3580,0.16110599413514137,0.4474293291568756,0.024418042274191976,0.010197006165981293,0.0009607045794837177,0.0241985775064677,0.01007289532572031,0.0010303511226084083,0.024172698380425572,0.06496626976877451,0.0010894487495534122
3581,0.16094721853733063,1.4812734127044678,0.025793947279453278,0.029745125211775303,0.0009606168605387211,0.025360753759741783,0.021738962270319462,0.0010265050223097205,0.02528712200000882,0.0299571231007576,0.0010770525550469756
3582,0.12268368527293205,0.4090878367424011,0.01847951579838991,0.02237470168620348,0.00091526098549366,0.01765640266239643,0.022025402169674635,0.0009561816114000976,0.01746468199416995,0.021824155002832413,0.0009873853414319456
3583,0.06311103701591492,0.9363145232200623,0.008609814802184701,0.015957556199282408,0.0007629544124938548,0.006921431748196483,0.012192715890705585,0.0008030679018702358,0.006613871082663536,0.010429502232000232,0.000820120534626767
3584,0.1147327683866024,1.0118213891983032,0.019486454781144857,0.018321999814361334,0.0009349712636321783,0.01865518558770418,0.02075136359781027,0.0009714816696941853,0.01851637475192547,0.016096978448331356,0.0009979631286114454
3585,0.06510993093252182,3.241917371749878,0.008013791404664516,0.014522034674882889,0.0008695829892531037,0.006889760494232178,0.013841355219483376,0.0009003266750369221,0.006688432767987251,0.012468007858842611,0.0009166378295049071
3586,0.03388666734099388,1.3919776678085327,0.004568840027786791,0.006411658134311438,0.0005974179948680103,0.004364395048469305,0.0059792527463287115,0.0006805168814025819,0.0043720180401578546,0.0061568403616547585,0.0007557300559710711
3587,0.05082236789166927,0.44084811210632324,0.006978695280849934,0.010505855549126863,0.0007520971412304789,0.006592970108613372,0.008938414976000786,0.0007998817309271544,0.006512773921713233,0.008894059807062149,0.0008476200746372342
3588,0.06545832753181458,0.7901116013526917,0.007784421555697918,0.013553870376199484,0.0007813739939592779,0.0074255012441426516,0.013375260401517153,0.0008400188817176968,0.007362746866419911,0.01343965670093894,0.0008954771910794079
3589,0.07968377321958542,2.8036112785339355,0.010239128489047289,0.013513495679944754,0.0009701247909106314,0.009555035270750523,0.016883477568626404,0.000999326177407056,0.009397637564688921,0.017093670554459095,0.0010318782296963036
3590,0.07791615650057793,3.8803610801696777,0.009656112175434828,0.02017545886337757,0.0009070958476513624,0.00843442464247346,0.015310307033360004,0.0009277559001930058,0.008162159938365221,0.013399038929492235,0.000943804974667728
3591,0.058179198764264584,0.982164740562439,0.00655564886983484,0.013130635255947709,0.0006702205864712596,0.0062659516697749496,0.013310248032212257,0.0007456423190888017,0.006232215324416757,0.01045229914598167,0.000816336105344817
3592,0.08360076695680618,2.1459407806396484,0.01196457096375525,0.01677264040336013,0.0008399969665333629,0.011324698571115732,0.015854862052947283,0.0009129357349593192,0.011167243355885148,0.013800655025988817,0.0009631605644244701
3593,0.17463847249746323,2.5974690914154053,0.027880900539457798,0.010837495792657137,0.0008975688833743334,0.027793866116553545,0.011184184346348047,0.0009608581895008683,0.027812651824206114,0.06624622084200382,0.0010247159516438842
3594,0.07206779345870018,3.381625175476074,0.009135839063674212,0.015099868178367615,0.0008441057289019227,0.008856837637722492,0.013563226442784071,0.0008831207815092057,0.008881337940692902,0.013880429789423943,0.0009230299619957805
3595,0.0652044415473938,1.032159686088562,0.010360746178776026,0.011000850703567266,0.0007549437286797911,0.010146124754101038,0.010819499846547842,0.0008174582035280764,0.010115650482475758,0.010314777493476868,0.0008743904472794384
3596,0.12982364743947983,1.2692301273345947,0.01717268070206046,0.02704189158976078,0.000818689091829583,0.016333552077412605,0.023014194332063198,0.0008610142976976931,0.016108345240354538,0.027572819031774998,0.0009004637540783733
3597,0.18390454351902008,1.6000149250030518,0.03407661523669958,0.02397497557103634,0.0010883150971494615,0.033719372004270554,0.024016987066715956,0.0011651184177026153,0.03368270676583052,0.03097127377986908,0.0012091777171008289
3598,0.19014441221952438,0.714995265007019,0.029109615832567215,0.02982805948704481,0.0010307040647603571,0.028279364574700594,0.035562802106142044,0.001062590687070042,0.028122893068939447,0.03606589790433645,0.0010824872588273138
3599,0.10040279477834702,2.695878744125366,0.012658961117267609,0.024464820511639118,0.0009063238394446671,0.011013748589903116,0.02049613604322076,0.0009105366480071098,0.010697331512346864,0.018342758063226938,0.0009121813054662198
3600,0.054345427080988884,1.9601781368255615,0.007113381288945675,0.010645224247127771,0.0007776260026730597,0.006762623554095626,0.01037012878805399,0.0008190502412617207,0.006680960999801755,0.010314657585695386,0.0008617736457381397
3601,0.10738193988800049,1.1349698305130005,0.018233017530292273,0.01887390809133649,0.0009537833102513105,0.017837469931691885,0.015831717289984226,0.0010201490949839354,0.01776607148349285,0.0157992634922266,0.0010665646404959261
3602,0.16272537969052792,0.9624786972999573,0.02516467496752739,0.06604255270212889,0.0009258168865926564,0.024731722893193364,0.009791805874556303,0.0009834381053224206,0.024624590296298265,0.009431507904082537,0.001029270642902702
3603,0.06525486893951893,0.6169534921646118,0.010104668093845248,0.010092477314174175,0.0006368640752043575,0.0094009815948084,0.012080795131623745,0.0007545349071733654,0.009191967197693884,0.012152873212471604,0.0008397065103054047
3604,0.13115601986646652,3.8639447689056396,0.02094119507819414,0.02155498042702675,0.0010401943582110107,0.02043566992506385,0.022364361211657524,0.0010774052352644503,0.02037930116057396,0.02225752640515566,0.0011053848429583013
3605,0.1163071058690548,1.4193092584609985,0.015545776579529047,0.023914645425975323,0.0009043934987857938,0.014632064383476973,0.022116929292678833,0.000978366646450013,0.014477719087153673,0.02271689474582672,0.001020318188238889
3606,0.12795830145478249,1.038041353225708,0.016927248798310757,0.025336243212223053,0.0008923576097004116,0.01618773303925991,0.0234523368999362,0.000924054445931688,0.016075522173196077,0.02721608802676201,0.0009467181225772947
3607,0.09388517215847969,1.4717752933502197,0.013303241692483425,0.02113284543156624,0.0008190243388526142,0.011751088313758373,0.017377401702106,0.0008800330979283899,0.011305024148896337,0.01640697242692113,0.0009095430141314864
3608,0.16222986578941345,1.8570305109024048,0.025148502783849835,0.06541463732719421,0.000883381551830098,0.024922860553488135,0.009281003847718239,0.0009344899444840848,0.024896536022424698,0.00976699311286211,0.000981456454610452
3609,0.08928040415048599,2.5149412155151367,0.010266425553709269,0.019879589788615704,0.0009104543132707477,0.009807490278035402,0.01713901199400425,0.0009432711522094905,0.009772177319973707,0.01958723273128271,0.0009747490403242409
3610,0.09292514622211456,2.4862189292907715,0.015234600752592087,0.016809756867587566,0.0007816726283635944,0.014583234209567308,0.016308105550706387,0.0008685314678587019,0.01431436650454998,0.013090413995087147,0.0009344631689600646
3611,0.0752186831086874,1.7279634475708008,0.01259150286205113,0.01202655304223299,0.0007248530164361,0.011786802439019084,0.011187144555151463,0.0008038153755478561,0.011493174359202385,0.01374064665287733,0.0008641939493827522
3612,0.059735363349318504,1.4064072370529175,0.0074900605250149965,0.012482988648116589,0.0007635942311026156,0.007133648730814457,0.010850762017071247,0.0008160075813066214,0.007039559772238135,0.012288490310311317,0.0008702500199433416
3613,0.11212270334362984,1.457798957824707,0.018455218290910125,0.017896265257149935,0.0009384200093336403,0.01773775671608746,0.021360691636800766,0.0009873913368210196,0.017562713706865907,0.016161923296749592,0.0010223214922007173
3614,0.04676417168229818,0.37961772084236145,0.005113797727972269,0.010208689840510488,0.0006725536368321627,0.004925379413180053,0.009144223295152187,0.0007606164726894349,0.004921496263705194,0.010167881613597274,0.000849534262670204
3615,0.19364594668149948,3.3118855953216553,0.023759943433105946,0.03974119946360588,0.0009500113083049655,0.02219924982637167,0.039991555735468864,0.0009681721858214587,0.021851185709238052,0.04321349412202835,0.0009711310267448425
3616,0.04986620508134365,3.0042359828948975,0.006946349749341607,0.00970315933227539,0.000747783575206995,0.0065787541680037975,0.009208116214722395,0.0007943508389871567,0.006543170195072889,0.008509991224855185,0.0008345292590092868
3617,0.1192781999707222,3.6962826251983643,0.016798981465399265,0.024676596745848656,0.0008863303228281438,0.016045321244746447,0.020427793264389038,0.0009503999026492238,0.015938600059598684,0.02257293090224266,0.0009812481002882123
3618,0.11925008147954941,4.746404647827148,0.020240573212504387,0.021961806807667017,0.0008879626402631402,0.019406110979616642,0.01822628825902939,0.0009314617491327226,0.019332621712237597,0.017327100038528442,0.0009361591655761003
3619,0.15956972539424896,1.4995721578598022,0.024343552999198437,0.029887109994888306,0.0010257275134790689,0.02347769495099783,0.025592164136469364,0.0010747823398560286,0.02333326544612646,0.029733615927398205,0.0011018140357919037
3620,0.08009214885532856,2.205853223800659,0.011786372167989612,0.015019712038338184,0.0007853416900616139,0.01105878222733736,0.014073988888412714,0.0008717653108760715,0.01090060593560338,0.014667668845504522,0.0009279065998271108
3621,0.055001746863126755,1.1830424070358276,0.008260458242148161,0.009457297157496214,0.0007351608364842832,0.007863978389650583,0.009812403935939074,0.0008007109572645277,0.007822215789929032,0.009392393287271261,0.0008571295475121588
3622,0.03457162529230118,0.7362995743751526,0.004373249365016818,0.007370875217020512,0.0006326128204818815,0.003982875728979707,0.006228626240044832,0.0007189290481619537,0.003913239692337811,0.006546101998537779,0.000805116695119068
3623,0.2449798807501793,1.1319650411605835,0.03090369887650013,0.01566047267988324,0.0009176665917038918,0.030130301602184772,0.06767172180116177,0.001006045175017789,0.02991482987999916,0.06770148826763034,0.001073645573342219
3624,0.09948809444904327,2.2237491607666016,0.012288608821108937,0.021532004699110985,0.0009664240351412445,0.011435933411121368,0.019230199046432972,0.000996209098957479,0.011217406718060374,0.02079860819503665,0.0010227033635601401
3625,0.03360440023243427,1.181652545928955,0.004406793974339962,0.006898041581735015,0.000579535641008988,0.0041480554500594735,0.005699241999536753,0.0006604358204640448,0.0041366745717823505,0.006341713247820735,0.0007339067524299026
3626,0.059978142380714417,1.0381203889846802,0.008334275102242827,0.012220792006701231,0.0007571577152702957,0.007108720019459724,0.011905875289812684,0.0007865637890063226,0.006798949092626572,0.0112602012231946,0.0008056098013184965
3627,0.0822308324277401,2.450115919113159,0.009850950911641121,0.018215039279311895,0.0008394731266889721,0.008542674127966166,0.0168714364990592,0.0008632227836642414,0.008297074353322387,0.017874338198453188,0.0008766224200371653
3628,0.09179242327809334,0.7161296010017395,0.015615958254784346,0.016634084284305573,0.0008998520497698337,0.014813305344432592,0.01323401229456067,0.0009607581014279276,0.014609381789341569,0.01402034005150199,0.001004735880997032
3629,0.0916236937046051,0.53716641664505,0.010732757626101375,0.0194472991861403,0.0009252966556232423,0.009959626011550426,0.018918900284916162,0.0009434341918677092,0.009826901601627469,0.019900567829608917,0.000968907552305609
3630,0.11449895799160004,0.8127231001853943,0.018241936806589365,0.02148872846737504,0.0008327681280206889,0.017523063346743584,0.02157284040004015,0.0008818410860840231,0.01741271559149027,0.015620311722159386,0.0009247497946489602
3631,0.08960344269871712,0.920498251914978,0.00981786148622632,0.018862220458686352,0.0009481828601565212,0.009275080868974328,0.01965632662177086,0.0009787764865905046,0.009145476156845689,0.01990904798731208,0.0010104694229084998
3632,0.09967365115880966,0.4071590304374695,0.020948853809386492,0.01289368188008666,0.0007667457102797925,0.020713170524686575,0.011102927383035421,0.0008345729438588023,0.02070258161984384,0.010821551084518433,0.0008895643695723265
3633,0.03791909106075764,1.2472285032272339,0.004032055381685495,0.008227509446442127,0.0006912396347615868,0.0038642657455056906,0.007926143240183592,0.0007630180916748941,0.0038481911178678274,0.007727030897513032,0.0008396359044127166
3634,0.0513533353805542,1.1029542684555054,0.0063229340594261885,0.010379236191511154,0.0008388746064156294,0.0060760395135730505,0.009827318135648966,0.0009006892214529216,0.006024001864716411,0.010022779926657677,0.0009614608134143054
3635,0.09961005300283432,0.2385430634021759,0.016730592120438814,0.015847356989979744,0.0009543189662508667,0.01644165115430951,0.01460299314931035,0.0010304624447599053,0.016373021993786097,0.01654022838920355,0.0010894272127188742
3636,0.06525580398738384,2.3476624488830566,0.00891057844273746,0.016015714034438133,0.0008103401050902903,0.007521103136241436,0.01174609549343586,0.0008458329830318689,0.007101842435076833,0.011435935273766518,0.0008683643536642194
3637,0.045976944267749786,0.277311235666275,0.006472747772932053,0.008524174336344004,0.0007271715439856052,0.005988864693790674,0.008657165104523301,0.0007757522398605943,0.0058561565820127726,0.008160897064954042,0.0008140168793033808
3638,0.08491683565080166,1.6450055837631226,0.015813968377187848,0.013564052060246468,0.0008047550509218127,0.015038602985441685,0.012209993321448565,0.0008593376551289111,0.014746037544682622,0.010973083321005106,0.0009070033556781709
3639,0.1567297801375389,0.8333559632301331,0.026646407786756754,0.03033933136612177,0.0009787322487682104,0.025979330530390143,0.02308605518192053,0.0010487384570296854,0.025881872978061438,0.021679112687706947,0.0010901977657340467
3640,0.035182930529117584,0.8244103193283081,0.004400406265631318,0.007627031533047557,0.000622981577180326,0.004024716559797525,0.00673688342794776,0.0007089534483384341,0.00392190832644701,0.006361409556120634,0.0007786393107380718
3641,0.15884007140994072,0.3539448082447052,0.02658463502302766,0.030503032729029655,0.0010309279023203999,0.025725816376507282,0.02339775301516056,0.0010887072421610355,0.02559714810922742,0.023792343214154243,0.0011197180137969553
3642,0.03345141373574734,1.6440423727035522,0.0042638921877369285,0.006579614011570811,0.0006340348918456584,0.003964520641602576,0.006203781347721815,0.0007179647800512612,0.00395778170786798,0.006326733157038689,0.0008030902245081961
3643,0.17403608560562134,1.4180917739868164,0.025754152797162533,0.03391652833670378,0.0009252710733562708,0.024431790225207806,0.03144660405814648,0.0009497977735009044,0.024162910878658295,0.03148623649030924,0.0009628013358451426
3644,0.06585633382201195,2.373089075088501,0.00788132194429636,0.01408914802595973,0.0008606458432041109,0.007587043568491936,0.013408375903964043,0.0009126694640144706,0.007561433361843228,0.012601595837622881,0.0009541017934679985
3645,0.07481365278363228,3.0689492225646973,0.010628433898091316,0.01720738736912608,0.0008304702350869775,0.009969676844775677,0.011954092420637608,0.0008694623538758606,0.009800339117646217,0.012660692445933819,0.0008931026677601039
3646,0.07986607775092125,3.9492597579956055,0.009981569368392229,0.018057553097605705,0.0009086488862521946,0.00903098564594984,0.015204173978418112,0.0009362106793560088,0.00883523654192686,0.01596533041447401,0.000946370157180354
3647,0.0720172319561243,0.9447464942932129,0.007705375086516142,0.016107221599668264,0.0008528715407010168,0.007320299046114087,0.015472189523279667,0.0009071191889233887,0.00726712541654706,0.015432317741215229,0.000952710397541523
3648,0.11266275122761726,0.4371623396873474,0.01816416485235095,0.01862157229334116,0.0008736814488656819,0.017461901996284723,0.016898552421480417,0.00092253991169855,0.017355988966301084,0.021398558281362057,0.0009657910850364715
3649,0.19265048578381538,0.3942747414112091,0.030613853596150875,0.01387200690805912,0.0009246738045476377,0.02998299151659012,0.015293578617274761,0.00100943649886176,0.02978221047669649,0.0700954757630825,0.0010762634337879717
3650,0.14316116273403168,0.6879339218139648,0.025310744997113943,0.021911894902586937,0.0009828567854128778,0.024946078192442656,0.020851831417530775,0.0010528151178732514,0.0249776360578835,0.022032219916582108,0.0010950756259262562
3651,0.06137927249073982,1.381232500076294,0.008584969211369753,0.011473319958895445,0.0007819654711056501,0.008287835167720914,0.010353167541325092,0.0008375386823900044,0.008219896350055933,0.011939869727939367,0.0009007112821564078
3652,0.09287556260824203,0.7060397267341614,0.01699134474620223,0.014979103580117226,0.0008089799084700644,0.01632133312523365,0.013580185826867819,0.0008676666475366801,0.01618691487237811,0.012225053273141384,0.0009149794932454824
3653,0.08195061981678009,0.6689484715461731,0.0149515678640455,0.013810778502374887,0.0007913227309472859,0.014115829486399889,0.011881446931511164,0.0008532897336408496,0.013939823722466826,0.010710532311350107,0.0008960305713117123
3654,0.0804186537861824,1.9813381433486938,0.00939408247359097,0.016383099369704723,0.0009280290687456727,0.00905273831449449,0.018380554392933846,0.0009722874674480408,0.009046358289197087,0.015254378784447908,0.00100712786661461
3655,0.12928122282028198,2.602320909500122,0.02085763681679964,0.022169025614857674,0.0010274260421283543,0.020287778228521347,0.022618205286562443,0.0010648986790329218,0.020243723411113024,0.019921989180147648,0.0010905434028245509
3656,0.09760746359825134,1.1930471658706665,0.016451173229143023,0.015418630093336105,0.0010296431719325483,0.016097663901746273,0.01491757296025753,0.0010981382220052183,0.016060226829722524,0.015388553962111473,0.0011458596563898027
3657,0.10353926941752434,1.44571053981781,0.020953912753611803,0.01289057033136487,0.0008301795751322061,0.020794928539544344,0.012224629055708647,0.0008884912822395563,0.020794662181288004,0.013221852947026491,0.0009400465060025454
3658,0.06562699005007744,1.16013503074646,0.009089854778721929,0.012762438971549273,0.0008946720045059919,0.008706751046702266,0.011838540900498629,0.0009498797007836401,0.00863904575817287,0.011749385390430689,0.0009964213822968304
3659,0.1647903472185135,2.467402935028076,0.024919371120631695,0.029791122302412987,0.0009959624148905277,0.023985454812645912,0.029913495294749737,0.001052308245562017,0.023728628642857075,0.029319872613996267,0.0010841280163731426
3660,0.06215500086545944,1.311732530593872,0.00841255602426827,0.011585685424506664,0.000786923774285242,0.008169933222234249,0.011533265467733145,0.0008392000454477966,0.008085515815764666,0.011854796670377254,0.0008871277095749974
3661,0.11780467629432678,1.786296010017395,0.022621185518801212,0.01867144089192152,0.0009085321216844022,0.021904719062149525,0.015084353275597095,0.0010110257426276803,0.021684182807803154,0.014835611917078495,0.0010836274595931172
3662,0.12188787758350372,4.778599262237549,0.02232697606086731,0.021531041711568832,0.0008720246842131019,0.02102860575541854,0.016542326658964157,0.0008934607030823827,0.020769625902175903,0.017020299565047026,0.0009035169787239283
3663,0.2904580384492874,3.324371814727783,0.029367435723543167,0.06807065941393375,0.0009544765343889594,0.02855263976380229,0.066697605419904,0.000988384912488982,0.02840153221040964,0.06640801951289177,0.0010172885667998344
3664,0.2884271889925003,3.057856321334839,0.028428447898477316,0.06780869094654918,0.0009547926019877195,0.027600665111094713,0.06648835213854909,0.0009890887304209173,0.027427327819168568,0.06771324807778001,0.0010165780549868941
3665,0.10056593641638756,3.7274343967437744,0.013260116335004568,0.021202947944402695,0.0009032883390318602,0.011857171077281237,0.019373114686459303,0.0009056764538399875,0.011442793998867273,0.020713506266474724,0.0009073251858353615
3666,0.1014198549091816,1.576494812965393,0.021075541619211435,0.014845417812466621,0.0008177986019290984,0.0201877118088305,0.011183653492480516,0.0008606506744399667,0.019959910307079554,0.01159942802041769,0.0008897400693967938
3667,0.05880825035274029,4.1067376136779785,0.008546378929167986,0.011210058815777302,0.0007690678467042744,0.00747982575558126,0.011723809875547886,0.0007971444283612072,0.007190599804744124,0.010280610993504524,0.0008107508765533566
3668,0.08721328526735306,2.169177293777466,0.01126182358711958,0.018653050530701876,0.0008390869479626417,0.010561724426224828,0.01750552235171199,0.0008598074491601437,0.010413438314571977,0.01624572044238448,0.0008731065317988396
3669,0.18531832098960876,0.45153847336769104,0.038173070177435875,0.028068368788808584,0.0009507278446108103,0.03796209208667278,0.020213466603308916,0.0010150088637601584,0.03793728165328503,0.0199300111271441,0.0010682994034141302
3670,0.07184939458966255,3.803514003753662,0.010809284402057528,0.013372473418712616,0.0008313193102367222,0.00979383778758347,0.01301309373229742,0.0008630435622762889,0.009759524371474981,0.012521241325885057,0.0008855784544721246
3671,0.12237536907196045,0.4462839365005493,0.014608335215598345,0.028464842587709427,0.0009931198437698185,0.013641489204019308,0.02592312265187502,0.0010050798300653696,0.01342119975015521,0.023301771841943264,0.0010164114937651902
3672,0.13030704855918884,0.6369732618331909,0.02289684023708105,0.018436118960380554,0.0008427698921877891,0.021808366291224957,0.023449251428246498,0.0009156084852293134,0.0215290654450655,0.019466381520032883,0.0009626427781768143
3673,0.07550123333930969,3.2622509002685547,0.011768590193241835,0.014697654638439417,0.0009077066206373274,0.010606157127767801,0.012832875829190016,0.000925367814488709,0.01026418711990118,0.01255977526307106,0.0009389189654029906
3674,0.09311906807124615,0.9782054424285889,0.020374977495521307,0.010246332734823227,0.0007958506175782531,0.02015040093101561,0.010090699419379234,0.0008592377416789532,0.020118509884923697,0.009561982937157154,0.0009210796561092138
3675,0.05761839263141155,0.2881908714771271,0.0064980273600667715,0.01269910717383027,0.0009242605301551521,0.006112245609983802,0.011438151821494102,0.0009884685277938843,0.006034815916791558,0.011880922131240368,0.0010423954809084535
3676,0.12162095680832863,0.7348968386650085,0.013574763666838408,0.02722599171102047,0.0010099897626787424,0.012827442027628422,0.02636579889804125,0.0010358287836425006,0.01260702358558774,0.025917203165590763,0.0010569197474978864
3677,0.12220721319317818,0.2704128324985504,0.028860965743660927,0.011635695584118366,0.0008007995784282684,0.028290453366935253,0.011587657500058413,0.0008626968483440578,0.02805113885551691,0.011208710260689259,0.0009090974926948547
3678,0.05960370600223541,0.9995420575141907,0.008085050387308002,0.013461267575621605,0.0008277376764453948,0.0075479664374142885,0.010443647857755423,0.0008650813833810389,0.007472532568499446,0.010003522736951709,0.0008968972833827138
3679,0.16029207408428192,0.42273610830307007,0.028091521002352238,0.023034892044961452,0.0008716135926079005,0.027294334955513477,0.025928180664777756,0.0009109089151024818,0.027124952524900436,0.026094994507730007,0.000940674712182954
3680,0.06448935344815254,0.8481122851371765,0.007605209946632385,0.014095486141741276,0.0007562519458588213,0.007155594881623983,0.013171571306884289,0.000814951432403177,0.00706342002376914,0.01295512868091464,0.0008717364689800888
3681,0.05799161642789841,0.7695973515510559,0.007432813523337245,0.012764549348503351,0.0007569371955469251,0.006957706529647112,0.010916214901953936,0.0008153328381013125,0.006849916186183691,0.010628570802509785,0.0008695742581039667
3682,0.22561386227607727,0.6943141222000122,0.02547294949181378,0.06793516920879483,0.0010347479837946594,0.02516444562934339,0.012030282989144325,0.001090083154849708,0.025094845797866583,0.06664403714239597,0.001147315138950944
3683,0.09417805448174477,2.2358477115631104,0.01125907339155674,0.02126469649374485,0.000935899413889274,0.010534529574215412,0.020178761798888445,0.0009529190429020673,0.010362371103838086,0.017720638308674097,0.0009691649756859988
3684,0.11473802849650383,0.4647428095340729,0.025390216382220387,0.012235235888510942,0.001028468192089349,0.025064621353521943,0.01171943312510848,0.0010880603222176433,0.024989710422232747,0.012084861751645803,0.0011374266468919814
3685,0.09324515238404274,1.2772066593170166,0.00996338133700192,0.021622095722705126,0.0009601172932889313,0.009480808628723025,0.02120176050812006,0.0009901303856167942,0.009394237538799644,0.01861424744129181,0.001018376846332103
3686,0.06627706810832024,0.9715222120285034,0.009160508401691914,0.012225096579641104,0.0007724844908807427,0.008884187322109938,0.011564908549189568,0.0008372585871256888,0.008866933640092611,0.013073521666228771,0.0008921714324969798
3687,0.14425746351480484,2.794349431991577,0.025626513874158263,0.02009445708245039,0.0009226064430549741,0.02491071168333292,0.01888997107744217,0.0009861793369054794,0.02471727365627885,0.027080208528786898,0.0010295370884705335
3688,0.17086098343133926,3.0647950172424316,0.02636045776307583,0.03374146204441786,0.0009253393800463527,0.025045624002814293,0.026311049237847328,0.0009522041655145586,0.02471689786761999,0.03184227645397186,0.0009656739712227136
3689,0.06711088120937347,0.604572594165802,0.009326240280643106,0.014560376293957233,0.0008890412864275277,0.0088147958740592,0.011580567341297865,0.0009316219948232174,0.00869147083722055,0.011344458907842636,0.0009723108960315585
3690,0.11185210943222046,2.6143624782562256,0.014976860024034977,0.023782397620379925,0.0008127716719172895,0.013984039193019271,0.02186541771516204,0.0008404551772400737,0.013695978792384267,0.021025790832936764,0.0008683977066539228
3691,0.17161984741687775,2.069849729537964,0.0258740596473217,0.03295863699167967,0.0009226134861819446,0.02454521134495735,0.03062424063682556,0.0009496814454905689,0.024278522469103336,0.030504927970468998,0.0009619562770240009
3692,0.13644715398550034,0.3447127044200897,0.022976204752922058,0.024554669857025146,0.0008400637016166002,0.021842308342456818,0.018280964344739914,0.0009190307464450598,0.021647059358656406,0.024419058114290237,0.0009677912457846105
3693,0.11788615211844444,0.7212657928466797,0.01655957428738475,0.024390988051891327,0.0008230528910644352,0.015725996810942888,0.02209546137601137,0.0008629845979157835,0.015547561459243298,0.02098654303699732,0.0008939931867644191
3694,0.09480812773108482,2.1408603191375732,0.01329239783808589,0.019620873034000397,0.0009003860177472234,0.012686436530202627,0.01715621817857027,0.0009278190555050969,0.012563648633658886,0.0167086161673069,0.0009517328289803118
3695,0.09509429335594177,0.8555442690849304,0.019859395688399673,0.011217171791940928,0.0008358513296116143,0.019656839314848185,0.011157762724906206,0.0008871526224538684,0.01964257680810988,0.01090739481151104,0.0009301454410888255
3696,0.12639077752828598,0.508427619934082,0.023424928076565266,0.019584396854043007,0.00090291682863608,0.02302626334130764,0.01758047705516219,0.000951438385527581,0.022970554418861866,0.016961393877863884,0.0009884082828648388
3697,0.09733067080378532,2.0825541019439697,0.011793525889515877,0.021442342083901167,0.0009934961562976241,0.01110078301280737,0.01857011904940009,0.0010205252328887582,0.010989267844706774,0.020376958418637514,0.0010436512529850006
3698,0.09024942480027676,1.6676616668701172,0.019438269780948758,0.010077945422381163,0.0008290738333016634,0.01934078079648316,0.009589774068444967,0.0009035867406055331,0.019336538389325142,0.00976941967383027,0.0009640346397645772
3699,0.08457239717245102,0.6815783381462097,0.009574216324836016,0.019195636734366417,0.000946499640122056,0.009024047758430243,0.017637161072343588,0.0009747221483848989,0.008905010996386409,0.017308348324149847,0.0010067513794638216
3700,0.09996677190065384,0.3944920003414154,0.01747258473187685,0.015026530716568232,0.001019709015963599,0.016988099087029696,0.013832634780555964,0.0010811948450282216,0.01689764577895403,0.01652163825929165,0.0011267289519309998
3701,0.06496630236506462,1.1104545593261719,0.009118533693253994,0.012003438547253609,0.0008302445057779551,0.008752266876399517,0.01177589362487197,0.0009009611094370484,0.008630986092612147,0.01199355162680149,0.0009604246006347239
3702,0.047857293859124184,1.4312838315963745,0.005564113147556782,0.010340104345232248,0.0006316714861895889,0.005389931844547391,0.01027334458194673,0.0007197794911917299,0.00537690578494221,0.00875950651243329,0.0008019363740459085
3703,0.14444704912602901,0.3503245711326599,0.022723017842508852,0.02397113759070635,0.0007843406638130546,0.022452619392424822,0.024664508178830147,0.0008836115011945367,0.02247247623745352,0.025533497100695968,0.0009618421900086105
3704,0.12386756390333176,1.4057610034942627,0.016783964820206165,0.027738994918763638,0.0008798546623438597,0.01596813928335905,0.02280640508979559,0.0009115200955420732,0.015763798262923956,0.02207775041460991,0.0009371347259730101
3705,0.08785567060112953,0.8522343635559082,0.010463723912835121,0.01823220355436206,0.0009213198791258037,0.009963392512872815,0.01929758582264185,0.0009603477956261486,0.009854255011305213,0.017165555153042078,0.000997284718323499
3706,0.05096268095076084,1.0209860801696777,0.0060484298737719655,0.009177188854664564,0.0007288220222108066,0.005699277273379266,0.010843026684597135,0.0008050129690673202,0.005670640734024346,0.011093709385022521,0.0008965759188868105
3707,0.06529884040355682,0.8880559206008911,0.007533605210483074,0.015121116768568754,0.000929702102439478,0.007057027891278267,0.011930515058338642,0.000963123980909586,0.006967546185478568,0.013792724348604679,0.0010034749866463244
3708,0.1623503416776657,1.03114914894104,0.035820686258375645,0.017035434022545815,0.0009969163802452385,0.035316538996994495,0.01963358372449875,0.001052294042892754,0.03531111963093281,0.0160911837592721,0.0010925813694484532
3709,0.1642665509134531,0.4656788408756256,0.02533377567306161,0.010476952884346247,0.0009403722069691867,0.025077340193092823,0.010238760150969028,0.0009978890011552721,0.025051863165572286,0.06509323185309768,0.0010563636606093496
3710,0.1117803305387497,1.2992024421691895,0.019247653894126415,0.02140586543828249,0.0009308278386015445,0.018331734463572502,0.016008068807423115,0.0009716595232021064,0.018198444973677397,0.015687291510403156,0.0009987832163460553
3711,0.10736974328756332,1.4485809803009033,0.022103187162429094,0.013644236139953136,0.0008136095711961389,0.021759422030299902,0.013018463738262653,0.0008681535546202213,0.021683902479708195,0.012563448864966631,0.0009153216087725013
3712,0.04336176346987486,1.2246321439743042,0.006460675969719887,0.007302038371562958,0.000590108975302428,0.006318754167295992,0.007291177520528436,0.0006859444547444582,0.006348878727294505,0.007592450128868222,0.0007717342232353985
3713,0.1382276751101017,1.2933977842330933,0.016494229901582003,0.02762762550264597,0.0009551853290759027,0.015404672361910343,0.030204483307898045,0.0009764743153937161,0.015161522198468447,0.03041154518723488,0.0009919326403178275
3714,0.22801953554153442,1.191323161125183,0.03333120699971914,0.02733696112409234,0.0010067446564789861,0.03249826468527317,0.07787506841123104,0.0010419993195682764,0.03234638459980488,0.02151502203196287,0.001067878125468269
3715,0.046438589692115784,0.8763217926025391,0.005787658039480448,0.009603697340935469,0.0007754785474389791,0.005478489678353071,0.008732787566259503,0.0008300300978589803,0.00543975317850709,0.008904995862394571,0.0008856983622536063
3716,0.09456834942102432,0.9411294460296631,0.011919218581169844,0.020836213137954473,0.0009167962125502527,0.011399009730666876,0.016765992157161236,0.0009570415422786027,0.011296344920992851,0.019487015437334776,0.0009907159255817533
3717,0.06729894131422043,0.8651114702224731,0.008466297527775168,0.014518995303660631,0.0009215319296345115,0.007285502273589373,0.013234656769782305,0.0009514259290881455,0.006962281186133623,0.013987649232149124,0.0009706016280688345
3718,0.12122121080756187,0.6859191060066223,0.01632005302235484,0.024379486218094826,0.0008794541354291141,0.015455781482160091,0.025790573563426733,0.0009109113598242402,0.015258978586643934,0.021288692019879818,0.0009372804197482765
3719,0.06965744495391846,1.9905433654785156,0.01002594968304038,0.01353300828486681,0.0008293139399029315,0.009557465557008982,0.01342032803222537,0.0008816806366667151,0.009475136175751686,0.01099997153505683,0.0009345926519017667
3720,0.05758995935320854,0.5041093826293945,0.006561999907717109,0.012941488064825535,0.0008545856981072575,0.00625246437266469,0.011098326649516821,0.0009188477706629783,0.00620453804731369,0.011778353713452816,0.000979358155746013
3721,0.13109277561306953,1.9010977745056152,0.015189327066764235,0.02847656747326255,0.0009627589024603367,0.014194970019161701,0.02859414415434003,0.0009953805420082062,0.013894952367991209,0.02776892576366663,0.001015752088278532
3722,0.13673236221075058,1.0250134468078613,0.016059693414717913,0.030929033644497395,0.0009575062431395054,0.0149416564963758,0.030411419458687305,0.0009769738535396755,0.014694571495056152,0.026770432014018297,0.0009910754743032157
3723,0.15723299235105515,0.8480991125106812,0.025165476370602846,0.02930728904902935,0.0010362208704464138,0.02458317345008254,0.021595122292637825,0.0010955953621305525,0.024418499320745468,0.02889481745660305,0.001136795210186392
3724,0.1720365360379219,0.45063135027885437,0.025759856216609478,0.03320946544408798,0.0009290065499953926,0.02443930320441723,0.031313082203269005,0.0009559466852806509,0.02417202852666378,0.030289769172668457,0.0009680777147877961
3725,0.10441616177558899,0.9659392833709717,0.017795249819755554,0.016181879211217165,0.0008626379712950438,0.01709316484630108,0.014743944630026817,0.0009093547996599227,0.01698263781145215,0.018902668729424477,0.0009446226758882403
3726,0.06841041147708893,1.7505072355270386,0.008085454814136028,0.014436569064855576,0.0007615351350978017,0.007717237574979663,0.0119643728248775,0.0008164793252944946,0.007630830630660057,0.01613071747124195,0.0008672117546666414
3727,0.10392196476459503,1.0860424041748047,0.01666952040977776,0.019744601100683212,0.0008853109902702272,0.016058430075645447,0.01857336238026619,0.0009434969106223434,0.01593011780641973,0.014130841474980116,0.0009862909791991115
3728,0.13865593075752258,0.6858125329017639,0.026723860763013363,0.018364951014518738,0.0009801043779589236,0.026083549484610558,0.017032045405358076,0.0010489661362953484,0.02597049158066511,0.021361546590924263,0.0010904234659392387
3729,0.05570066720247269,0.782254159450531,0.0061668953858315945,0.011827539186924696,0.0009193309815600514,0.005739297019317746,0.011626942548900843,0.000986031664069742,0.005638311617076397,0.011748794466257095,0.0010475249728187919
3730,0.08562665805220604,1.5015959739685059,0.010470513952895999,0.017000085674226284,0.0008426430867984891,0.009880430530756712,0.017996265785768628,0.0008779430645518005,0.009693308966234326,0.017958829645067453,0.0009066365601029247
3731,0.22721055895090103,0.5690463781356812,0.02564866142347455,0.012543587945401669,0.000961813289904967,0.025371208786964417,0.06686392379924655,0.0010186685831286013,0.02530892752110958,0.06841922085732222,0.0010745591425802559
3732,0.0811275914311409,0.8764620423316956,0.014694679761305451,0.012268386781215668,0.0007971569721121341,0.01400926080532372,0.012226191814988852,0.0008505616569891572,0.013846174580976367,0.011540208477526903,0.0008949742477852851
3733,0.0908898264169693,0.7737836241722107,0.015411662636324763,0.01447129063308239,0.0009807696042116731,0.015090575208887458,0.013492824975401163,0.0010415239376015961,0.01502186874859035,0.014292600564658642,0.001086710166418925
3734,0.08957467973232269,1.5755200386047363,0.015318705700337887,0.013461064547300339,0.0008382288506254554,0.014740435406565666,0.014065529685467482,0.0008926379668992013,0.014615516411140561,0.014702740591019392,0.0009398175752721727
3735,0.05578979291021824,1.4834495782852173,0.0077591994777321815,0.010365517344325781,0.0008405850094277412,0.007568795699626207,0.009880623314529657,0.0009000275458674878,0.007552838884294033,0.009969391394406557,0.0009528123773634434
3736,0.06389006227254868,0.8473948240280151,0.008905644761398435,0.01225287513807416,0.0008996884571388364,0.008542984025552869,0.011546574532985687,0.0009523961343802512,0.00847325730137527,0.011315406300127506,0.0010012339625973254
3737,0.14507682994008064,1.459671139717102,0.02678836788982153,0.021955970209091902,0.0009511776152066886,0.02643723553046584,0.02050024177879095,0.0010072603763546795,0.026346101891249418,0.020030122250318527,0.0010603534174151719
3738,0.0719303609803319,0.7716424465179443,0.007841138751246035,0.014878962654620409,0.0007486032845918089,0.007424530922435224,0.015878159552812576,0.0008226169738918543,0.007404581177979708,0.016034923028200865,0.0008968429174274206
3739,0.12835161574184895,1.8589216470718384,0.014603776391595602,0.028809701092541218,0.0009114359272643924,0.013689070474356413,0.027280795853585005,0.0009332376066595316,0.013460831949487329,0.027707609347999096,0.0009551568073220551
3740,0.08764300867915154,0.39400506019592285,0.009543011197820306,0.01856902102008462,0.0009443263406865299,0.008996977237984538,0.019504392985254526,0.0009727312717586756,0.008884710958227515,0.019222100265324116,0.0010057350737042725
3741,0.11620032787322998,1.8640961647033691,0.016806618310511112,0.024048088118433952,0.0008690871763974428,0.015528990887105465,0.02242307923734188,0.0009252139134332538,0.015228580683469772,0.0194063656963408,0.0009642978257033974
3742,0.08463412895798683,1.45040762424469,0.009847973240539432,0.01830394845455885,0.0008533830114174634,0.009257587837055326,0.01773247541859746,0.000883944274391979,0.009143226081505418,0.017699375515803695,0.0009122132323682308
3743,0.05796039290726185,1.6313523054122925,0.008210074622184038,0.010909099131822586,0.0007950082654133439,0.007821343606337905,0.010571844410151243,0.0008487675513606519,0.00773286260664463,0.010176272131502628,0.0008951204363256693
3744,0.09616553410887718,1.2002954483032227,0.011723024304956198,0.019142080564051867,0.0009124217322096229,0.011186210438609123,0.019998581148684025,0.0009510529052931815,0.011047272011637688,0.02021976001560688,0.000985135033261031
3745,0.04992254637181759,0.6893590688705444,0.006119824363850057,0.013092051958665252,0.0006733881309628487,0.004832119215279818,0.010205385275185108,0.0007367594516836107,0.004575074301101267,0.008900749497115612,0.000787192489951849
3746,0.12274997681379318,1.4312829971313477,0.028879232704639435,0.011478448752313852,0.0008008932636585087,0.028345835395157337,0.012058877851814032,0.0008632991521153599,0.028120332397520542,0.011288379319012165,0.0009146808879449964
3747,0.06823658011853695,1.1285512447357178,0.009687141515314579,0.01214997423812747,0.0007136054045986384,0.00939553277567029,0.012590620666742325,0.0007827561057638377,0.00933189271017909,0.012731076683849096,0.0008539768750779331
3748,0.18904594331979752,0.547572135925293,0.03073577582836151,0.015470635611563921,0.0009262322564609349,0.030086422339081764,0.012574516236782074,0.001014933455735445,0.029868665151298046,0.06728200241923332,0.0010867618257179856
3749,0.05685747228562832,1.389758586883545,0.007216152269393206,0.012094833888113499,0.0008278409950435162,0.006739286007359624,0.010716232238337398,0.0008795422618277371,0.006607400253415108,0.010857436805963516,0.000918747391551733
3750,0.06747493892908096,0.6594072580337524,0.008436355972662568,0.013538862112909555,0.0007692304207012057,0.008080417290329933,0.012470560614019632,0.0008070913318078965,0.008039052598178387,0.014492446556687355,0.000840921769849956
3751,0.07761741802096367,1.874456524848938,0.008935396326705813,0.015702839009463787,0.0008570916834287345,0.008627318777143955,0.015936363488435745,0.000898175552720204,0.00859480700455606,0.017129637766629457,0.0009357905073557049
3752,0.14730563759803772,0.5683432221412659,0.02080502826720476,0.028644448146224022,0.000966052059084177,0.019993644673377275,0.028685282915830612,0.0010050515411421657,0.020050187595188618,0.026131597347557545,0.0010243476717732847
3753,0.07692993804812431,0.28304609656333923,0.01173987821675837,0.013596396427601576,0.0007727118791081011,0.010822973679751158,0.014097549952566624,0.0008552514482289553,0.010545814409852028,0.013588108588010073,0.0009112507686950266
3754,0.12443731725215912,0.4199694097042084,0.014250636100769043,0.028035414405167103,0.000985565799055621,0.013226208742707968,0.027395987883210182,0.0009965223725885153,0.01301749562844634,0.025520483031868935,0.0010089990100823343
3755,0.2179793268442154,0.8673179149627686,0.03575970884412527,0.019583026878535748,0.0009822965948842466,0.035108454525470734,0.015866491943597794,0.001031947263982147,0.0349975535646081,0.07357907108962536,0.001070778613211587
3756,0.13820874691009521,0.9424975514411926,0.02050225343555212,0.029225041158497334,0.0009527806541882455,0.019499637186527252,0.02161707729101181,0.0009841063874773681,0.01927623152732849,0.025146794505417347,0.0010048203403130174
3757,0.034483855590224266,0.5461874604225159,0.0036930317291989923,0.007116637192666531,0.0006721751415170729,0.003509501228109002,0.007030366687104106,0.0007672886422369629,0.003499537706375122,0.007325987098738551,0.0008693309791851789
3758,0.08594373241066933,1.184378743171692,0.014031580649316311,0.01569851441308856,0.0007368185033556074,0.013388237915933132,0.01170718064531684,0.0008280110487248749,0.013246713671833277,0.015414194203913212,0.0008924785070121288
3759,0.14332477003335953,0.9140875339508057,0.022457474493421614,0.02424039994366467,0.0007826559012755752,0.022278154850937426,0.024640789721161127,0.0008768438419792801,0.022255222662352026,0.02484411164186895,0.0009491270175203681
3760,0.20982693135738373,0.7028304934501648,0.034898837096989155,0.03285353723913431,0.0009876866242848337,0.03411905374377966,0.036016665399074554,0.0010438070457894355,0.03393786400556564,0.034888188354671,0.0010812897235155106
3761,0.07378372736275196,1.3916289806365967,0.011439771857112646,0.01268170727416873,0.0008148037013597786,0.010711254086345434,0.011630463413894176,0.0009081188181880862,0.010497568640857935,0.014116104692220688,0.0009839326667133719
3762,0.09091326594352722,0.6679171919822693,0.015777078457176685,0.014840875752270222,0.0007836103613954037,0.015125026227906346,0.013528210576623678,0.0008413019531872123,0.014963952824473381,0.014167233370244503,0.0008859753143042326
3763,0.06928764656186104,1.3357144594192505,0.00933663547039032,0.013528015464544296,0.000824315327918157,0.009059378877282143,0.01278093596920371,0.0008830932201817632,0.008987664012238383,0.012950932141393423,0.0009366751182824373
3764,0.0731372982263565,0.3969178795814514,0.00874498044140637,0.017816083040088415,0.0008470249595120549,0.007408246165141463,0.014229001477360725,0.0008886862779036164,0.007187322247773409,0.015098444186151028,0.0009175121376756579
3765,0.06526700407266617,0.9482043385505676,0.008846933953464031,0.012152681592851877,0.0007746057817712426,0.008565818890929222,0.013018499128520489,0.0008388319402001798,0.008513671578839421,0.011656286660581827,0.0008996753604151309
3766,0.11213454976677895,2.3351995944976807,0.014086993411183357,0.024225189350545406,0.0009132497070822865,0.01324799982830882,0.02257539890706539,0.0009525806817691773,0.013058128068223596,0.02208837680518627,0.0009866380714811385
3767,0.11990386620163918,1.0831475257873535,0.013609538320451975,0.02852332592010498,0.001027671038173139,0.012895279563963413,0.02510883379727602,0.0010513433371670544,0.012716502882540226,0.023902779445052147,0.0010685916058719158
3768,0.1526346653699875,1.1554628610610962,0.025695518357679248,0.0248263506218791,0.000983895966783166,0.025303979637101293,0.02398488624021411,0.0010414903226774186,0.025223925011232495,0.02448597177863121,0.0010886424861382693
3769,0.06834648922085762,0.24792100489139557,0.007657068548724055,0.014840392395853996,0.0009155223960988224,0.007263851817697287,0.013408937025815248,0.0009719718073029071,0.007176366867497563,0.015085943043231964,0.001026436424581334
3770,0.14987248368561268,1.9763728380203247,0.024887377629056573,0.02213734108954668,0.0009874319075606763,0.02440446545369923,0.0213939999230206,0.0010340367152821273,0.024275301722809672,0.029678285121917725,0.0010742461308836937
3771,0.16888590902090073,5.262538909912109,0.028136669658124447,0.03190323989838362,0.0009583777864463627,0.026973112486302853,0.030284783337265253,0.0009933820110745728,0.02675786754116416,0.021863221190869808,0.0010152620379813015
3772,0.08742576465010643,0.9942681193351746,0.01928818877786398,0.00952164689078927,0.0008199841540772468,0.019117158139124513,0.00881100818514824,0.0008946614980231971,0.019111440517008305,0.008895052131265402,0.000966625550063327
3773,0.07541205268353224,1.4815852642059326,0.009208091185428202,0.016183193307369947,0.000727708189515397,0.008608167176134884,0.014017347479239106,0.0007872600108385086,0.008502755779772997,0.01654185215011239,0.0008356834296137094
3774,0.09733431413769722,0.6276376843452454,0.011838216334581375,0.0203804774209857,0.0008641068416181952,0.011173165403306484,0.019932148046791553,0.0008921188418753445,0.011017527431249619,0.020312310196459293,0.0009242413798347116
3775,0.06773735210299492,1.2684602737426758,0.007738931570202112,0.013241393025964499,0.000871769996592775,0.007309049135074019,0.014692011289298534,0.0009256481716874987,0.007221982814371586,0.01474884944036603,0.0009877168340608478
3776,0.08789397217333317,1.7250736951828003,0.01610651519149542,0.012545870151370764,0.0008868109434843063,0.015797926113009453,0.012432460207492113,0.0009514764533378184,0.015754225198179483,0.01241845590993762,0.0010002286289818585
3777,0.12256379425525665,0.5063938498497009,0.028293372131884098,0.01368431095033884,0.000809360237326473,0.027798986993730068,0.011685392819344997,0.0008724224753677845,0.027599179185926914,0.010899769142270088,0.0009209952841047198
3778,0.060333169996738434,0.7473354339599609,0.007285983534529805,0.012323874980211258,0.0007735672115813941,0.006898613413795829,0.012386131100356579,0.000821084133349359,0.006807844620198011,0.012165855150669813,0.0008702149498276412
3779,0.06580466032028198,4.10101318359375,0.009161338210105896,0.013479323592036963,0.0008266060031019151,0.00789307476952672,0.013430421706289053,0.0008558167610317469,0.007629305124282837,0.01164114661514759,0.0008876288775354624
3780,0.07705874741077423,1.3238325119018555,0.012424972839653492,0.014757143333554268,0.0007290922803804278,0.01160461688414216,0.013510762481018901,0.0008076314406935126,0.011322778882458806,0.011024934006854892,0.0008768201805651188
3781,0.06772977486252785,1.6021002531051636,0.011793664656579494,0.01076809037476778,0.0006732672918587923,0.01151250023394823,0.009502450935542583,0.0007544916588813066,0.011356019414961338,0.010551409795880318,0.0008178816642612219
3782,0.08988707885146141,1.4181187152862549,0.020066906698048115,0.009786940645426512,0.0007717701082583517,0.019690746907144785,0.008959333412349224,0.0008389478898607194,0.019557494670152664,0.009322181809693575,0.0008927642775233835
3783,0.16673505306243896,0.3562414050102234,0.026583849918097258,0.025225844234228134,0.0010282042785547674,0.026029773522168398,0.02888314798474312,0.0010743922903202474,0.02586731966584921,0.03093530423939228,0.0011072154738940299
3784,0.05467835068702698,1.9915575981140137,0.007807255256921053,0.010087049100548029,0.0007775985286571085,0.007606851402670145,0.009372926782816648,0.0008486071601510048,0.007569502806290984,0.009700518101453781,0.0009080427116714418
3785,0.05402924492955208,1.9966832399368286,0.00827902159653604,0.010052783181890845,0.0007544134859926999,0.007994471117854118,0.008549887221306562,0.0007969588914420456,0.007951116189360619,0.008814190980046988,0.0008364018867723644
3786,0.12387260049581528,2.109302282333374,0.02839650772511959,0.013477002270519733,0.0008051138429436833,0.02794817928224802,0.012611129321157932,0.0008724749204702675,0.027895711362361908,0.010947118978947401,0.000919363897992298
3787,0.11617276072502136,1.4743537902832031,0.01279070321470499,0.02423891145735979,0.000932270719204098,0.01216190867125988,0.025989859364926815,0.0009652324661146849,0.011976175475865602,0.026129068806767464,0.0009886333136819303
3788,0.10053873807191849,1.6534397602081299,0.021253987681120634,0.013503038324415684,0.0008826310804579407,0.020845778286457062,0.010965900961309671,0.0009309248125646263,0.020818508230149746,0.010362807661294937,0.0009751581237651408
3789,0.0749700553715229,0.3573196232318878,0.011866891058161855,0.014176811557263136,0.0007381993636954576,0.011145637137815356,0.013412948697805405,0.0008149555360432714,0.010976237477734685,0.010974990203976631,0.0008633830584585667
3790,0.05541903153061867,0.6114258170127869,0.007028244668617845,0.01163821155205369,0.0008338829502463341,0.0065445676445961,0.010660253465175629,0.0008822929230518639,0.0064147834200412035,0.010495019610971212,0.0009217745391651988
3791,0.07932861894369125,0.8862207531929016,0.01382973836734891,0.013399352319538593,0.0008355721947737038,0.013208838179707527,0.012043453752994537,0.0009016885014716536,0.013076392468065023,0.011076621245592833,0.0009569590911269188
3792,0.0375971756875515,0.38221779465675354,0.004735253984108567,0.00767655810341239,0.0006487410864792764,0.004468486178666353,0.007136366795748472,0.0007270748028531671,0.004431660636328161,0.006959355436265469,0.0008136766846291721
3793,0.10860417783260345,0.8331119418144226,0.01784896058961749,0.016567287966609,0.0009550650138407946,0.017482703551650047,0.0182877229526639,0.0010200929245911539,0.017415207345038652,0.01796334097161889,0.0010637951490934938
3794,0.11594533547759056,0.35268470644950867,0.017911147559061646,0.02227646205574274,0.0008793800952844322,0.01721058413386345,0.020798740442842245,0.0009253033204004169,0.017063387902453542,0.017913570627570152,0.0009667591075412929
3795,0.14901728183031082,0.3748767673969269,0.02605708921328187,0.02048891270533204,0.0009389490005560219,0.0256623444147408,0.019701413810253143,0.0009983196505345404,0.025562594644725323,0.028568844310939312,0.0010388102964498103
3796,0.053375326097011566,1.3582035303115845,0.007573913550004363,0.010061280336230993,0.0007718067499808967,0.007343995617702603,0.008980752434581518,0.000839188345707953,0.007329801330342889,0.009574230760335922,0.0009003556915558875
3797,0.08608853444457054,0.5338598489761353,0.016827774234116077,0.011278788093477488,0.0007462546927854419,0.016201783437281847,0.010946955531835556,0.0008087120077107102,0.01599095994606614,0.012429175898432732,0.0008581297006458044
3798,0.10056442767381668,1.2240569591522217,0.011596295516937971,0.024617193266749382,0.0009226637484971434,0.010442657396197319,0.020690358709543943,0.0009375764057040215,0.010072536766529083,0.0203410517424345,0.0009440947324037552
3799,0.15571793168783188,1.1626687049865723,0.02473403071053326,0.029540250543504953,0.001022783137159422,0.024208705639466643,0.020922154653817415,0.0010806997888721526,0.024028070038184524,0.029056445695459843,0.0011247926158830523
3800,0.07959431037306786,0.49343058466911316,0.009952448541298509,0.017269538715481758,0.0008394396281801164,0.009337311144918203,0.015930617228150368,0.0008715366711840034,0.009158040164038539,0.015335665782913566,0.0008997145341709256
3801,0.15322422608733177,0.44201186299324036,0.025913981720805168,0.024015624076128006,0.0010173949995078146,0.025219768285751343,0.02189981611445546,0.0010653103818185627,0.02510023256763816,0.02788920607417822,0.0011028964072465897
3802,0.0678078681230545,0.5718546509742737,0.0075613874942064285,0.014700326137244701,0.000848050054628402,0.007218844490125775,0.01425046008080244,0.000896684272447601,0.007174139842391014,0.014207026921212673,0.0009509487426839769
3803,0.20243988186120987,0.34579673409461975,0.03830868378281593,0.010043257381767035,0.0009260360966436565,0.03819750063121319,0.009887522552162409,0.000987577484920621,0.03821032494306564,0.06483647227287292,0.0010424985666759312
3804,0.1201907079666853,0.6838234663009644,0.01367755769751966,0.02708719950169325,0.0008981304126791656,0.01277852919884026,0.0258675548247993,0.0009353456844110042,0.012582842027768493,0.02539461338892579,0.0009689357539173216
3805,0.0972357727587223,2.1039645671844482,0.01181200030259788,0.0215790499933064,0.0009805511217564344,0.011120786657556891,0.019668626599013805,0.0010055113234557211,0.01097462116740644,0.01906645856797695,0.0010281663271598518
3806,0.05966953560709953,2.4472835063934326,0.008333489065989852,0.011494459584355354,0.0007921055657789111,0.008049399126321077,0.01044706767424941,0.0008369353017769754,0.007989287143573165,0.010848487727344036,0.0008783068042248487
3807,0.27886526472866535,0.5180500745773315,0.026855512522161007,0.06572166923433542,0.0008753279107622802,0.02667933888733387,0.06492569064721465,0.0009360711264889687,0.02664784900844097,0.06523085758090019,0.0009929508669301867
3808,0.0984061174094677,3.0918538570404053,0.01679383497685194,0.018750036135315895,0.0008013698388822377,0.015127962455153465,0.01387012517079711,0.0008644383051432669,0.014838768634945154,0.01646051974967122,0.0008990663627628237
3809,0.07925665006041527,0.7213609218597412,0.012131560361012816,0.015294841956347227,0.0007277893600985408,0.011342227226123214,0.013737653847783804,0.0007986345735844225,0.011086693964898586,0.013278687605634332,0.0008585624163970351
3810,0.25959253311157227,0.5231717228889465,0.04277179017663002,0.08198968693614006,0.0010748166823759675,0.04244649410247803,0.026638859882950783,0.0011333783622831106,0.04235432669520378,0.02000459050759673,0.001178596809040755
3811,0.1311667263507843,1.4688944816589355,0.024498844519257545,0.019186166115105152,0.0008700762700755149,0.023853261023759842,0.0185783626511693,0.0009017101256176829,0.02371150441467762,0.01863258332014084,0.000934220792260021
3812,0.07499425858259201,3.2565321922302246,0.012104516848921776,0.015117335133254528,0.0008146127220243216,0.0109453359618783,0.012502902187407017,0.0008484160935040563,0.010782530531287193,0.011009095702320337,0.0008695118594914675
3813,0.2352946400642395,1.9407904148101807,0.028321122284978628,0.06972768902778625,0.0009501302265562117,0.02720397198572755,0.06798470951616764,0.0009887820924632251,0.02705838019028306,0.012047705706208944,0.0010121439408976585
3814,0.06193607300519943,3.0579442977905273,0.008243217365816236,0.012371218763291836,0.0008542128489352763,0.008034500759094954,0.010817535687237978,0.0008910216856747866,0.008033399702981114,0.011756924446672201,0.0009340454125776887
3815,0.09780677780508995,2.6209523677825928,0.017791335005313158,0.014111033640801907,0.0009444007300771773,0.017631061375141144,0.01399674266576767,0.0010085098329000175,0.01764612691476941,0.01361836213618517,0.0010592086473479867
3816,0.08090028539299965,1.6363495588302612,0.015016223303973675,0.013937838841229677,0.0007511341827921569,0.014259889954701066,0.010169035056605935,0.0008005514100659639,0.01399280084297061,0.011135669192299247,0.0008371464791707695
3817,0.21876726299524307,0.6656708121299744,0.025286462623625994,0.06532957311719656,0.0009421276045031846,0.025066973641514778,0.010261312127113342,0.0009953562112059444,0.02503623184747994,0.06480637611821294,0.0010428628302179277
3818,0.05589701980352402,1.113476037979126,0.0066249913070350885,0.011722600553184748,0.0008444565173704177,0.006313295103609562,0.011143704876303673,0.0008853625622577965,0.006227206438779831,0.011202995665371418,0.0009324055281467736
3819,0.06206697225570679,2.482074737548828,0.009099126094952226,0.01214699074625969,0.0008279213216155767,0.008267653407528996,0.010945981834083796,0.0008542400901205838,0.008068060269579291,0.010980057064443827,0.0008769377018325031
3820,0.08888552896678448,1.4218928813934326,0.017084093764424324,0.013093977235257626,0.0007350387750193477,0.016399461776018143,0.012571611441671848,0.000798981956904754,0.016123775392770767,0.011230221018195152,0.0008483691781293601
3821,0.09157585725188255,1.719788908958435,0.01143400720320642,0.02056705579161644,0.000965379033004865,0.01057323976419866,0.017800347879529,0.0009915285918395966,0.010322973597794771,0.017906223889440298,0.0010151073220185935
3822,0.04749085195362568,0.49163898825645447,0.00610664498526603,0.011153311235830188,0.0007239114202093333,0.0057131166104227304,0.008055951911956072,0.0007946108817122877,0.005670277518220246,0.008411453804001212,0.0008615746628493071
3823,0.06036387197673321,0.6832153797149658,0.00871401117183268,0.011743293609470129,0.0008075228543020785,0.008442791178822517,0.009713261388242245,0.0008550494676455855,0.008382240077480674,0.010799730196595192,0.0009059744770638645
3824,0.13313529267907143,1.7713884115219116,0.016605048906058073,0.02945303823798895,0.000904449523659423,0.015631697606295347,0.025880318135023117,0.0009265677072107792,0.015421862248331308,0.027375715784728527,0.0009366021840833127
3825,0.2214089184999466,2.176992177963257,0.04372735694050789,0.06601737067103386,0.0010710654314607382,0.043708112090826035,0.010128066409379244,0.0011296726297587156,0.04377436451613903,0.01065930724143982,0.0011936032678931952
3826,0.10707220807671547,1.1370277404785156,0.01888346066698432,0.016490959096699953,0.0007923955272417516,0.01828921213746071,0.015200116205960512,0.0008475527283735573,0.01819143397733569,0.017499123699963093,0.0008779544441495091
3827,0.1795177236199379,0.9337188601493835,0.028178941924124956,0.028279769234359264,0.0010450495756231248,0.02755014318972826,0.03676111903041601,0.0010881753405556083,0.02745639719069004,0.028042322024703026,0.0011158098932355642
3828,0.13741469755768776,1.502089500427246,0.02583933249115944,0.02157035656273365,0.0008461075485683978,0.0248718224465847,0.02138636726886034,0.0008903584675863385,0.02461128868162632,0.016476877965033054,0.0009221888321917504
3829,0.13187985494732857,2.136089324951172,0.023719439283013344,0.024277775548398495,0.0008275015279650688,0.022707946598529816,0.0172089459374547,0.0008993652882054448,0.022395964711904526,0.018888158723711967,0.0009547610534355044
3830,0.333535797894001,2.7660703659057617,0.03768207784742117,0.07022287044674158,0.0009656089241616428,0.037114884704351425,0.07431992422789335,0.0010213133064098656,0.03697536885738373,0.07416213862597942,0.0010716243123169988
3831,0.07842489331960678,3.351132392883301,0.010561715811491013,0.015564887784421444,0.0009573221032042056,0.009965097066015005,0.014908786863088608,0.0009838753030635417,0.009744490031152964,0.014723011292517185,0.0010157080832868814
3832,0.2338433563709259,2.5138092041015625,0.027681528124958277,0.014216457959264517,0.0010044487426057458,0.027050450444221497,0.06869335193186998,0.0010508020059205592,0.02682378888130188,0.06622553896158934,0.0010969724971801043
3833,0.06959989666938782,0.4722813069820404,0.009962462820112705,0.012089720461517572,0.0008768953557591885,0.009543864522129297,0.01112322648987174,0.0009187088871840388,0.009487513452768326,0.014641817659139633,0.0009556886507198215
3834,0.08436159044504166,1.5700147151947021,0.010176881216466427,0.018712181597948074,0.0008387026318814605,0.009287821594625711,0.01724330335855484,0.000861111911945045,0.009022703859955072,0.01734445709735155,0.0008744258375372738
3835,0.14281446114182472,1.6776962280273438,0.020535402465611696,0.028918898664414883,0.0009529156377539039,0.02026733895763755,0.027118115685880184,0.0009956563590094447,0.020565003622323275,0.022445332258939743,0.0010157986544072628
3836,0.09009355679154396,2.1785075664520264,0.01987548777833581,0.010190777946263552,0.0007825950742699206,0.019655288429930806,0.008894906844943762,0.0008416057389695197,0.019676996860653162,0.009280724450945854,0.000895171397132799
3837,0.07780761644244194,1.952972173690796,0.008641076274216175,0.017637199722230434,0.0009150886617135257,0.008257618406787515,0.01479403953999281,0.0009568713721819222,0.008222054690122604,0.017393095418810844,0.0009905729675665498
3838,0.15122686699032784,1.3989489078521729,0.02608673321083188,0.02104341657832265,0.0009395447559654713,0.02580374525859952,0.020678204484283924,0.0009937889699358493,0.025763726327568293,0.028884803876280785,0.0010329041397199035
3839,0.05625739321112633,0.30571043491363525,0.007283384678885341,0.012228082865476608,0.0007604240963701159,0.006905270973220468,0.010384766850620508,0.0008058297971729189,0.00679124123416841,0.010245635639876127,0.0008527558820787817
3840,0.10381957143545151,3.210603713989258,0.023027341812849045,0.012026534881442785,0.0007995261694304645,0.022093570791184902,0.011840869672596455,0.0008425886044278741,0.021902162116020918,0.010409732814878225,0.0008772425062488765
3841,0.08289212733507156,0.37209999561309814,0.01253268588334322,0.013901674654334784,0.000786376855103299,0.011838369769975543,0.015181425027549267,0.0008640472078695893,0.011621860787272453,0.01524104829877615,0.0009246401605196297
3842,0.0646701343357563,1.5723613500595093,0.008290512952953577,0.013370563741773367,0.0009089402738027275,0.0077518438920378685,0.01385534182190895,0.0009569260291755199,0.007661762414500117,0.010872761253267527,0.0010014793660957366
3843,0.06150469183921814,0.613132655620575,0.010060810018330812,0.010372021235525608,0.0007361500174738467,0.0098135219886899,0.01013512583449483,0.0007943607051856816,0.009753807913511992,0.008991246577352285,0.0008476472576148808
3844,0.054180316627025604,0.838874101638794,0.006823532050475478,0.011426663026213646,0.0008237182337325066,0.006355038844048977,0.010667819529771805,0.0008671879768371582,0.0062509747222065926,0.010059989988803864,0.0009053906542249024
3845,0.04905186593532562,0.7815858721733093,0.006002326961606741,0.010466964449733496,0.0008284298819489777,0.005720686865970492,0.009373237378895283,0.0008842317329254001,0.005653605097904801,0.009188386145979166,0.0009339968382846564
3846,0.12009952962398529,0.8631580471992493,0.014854876091703773,0.02702108258381486,0.0008750032575335354,0.013906325679272413,0.021777264308184385,0.0008999421261250973,0.01367542496882379,0.026169925462454557,0.0009196872706525028
3847,0.09756174683570862,1.3268924951553345,0.01393297454342246,0.019163528457283974,0.0008108257025014609,0.0132300048135221,0.017815254628658295,0.000882901658769697,0.01309302868321538,0.017704770900309086,0.0009284536354243755
3848,0.08332940936088562,0.5083330273628235,0.008841594913974404,0.01905337441712618,0.0009245103574357927,0.008287684991955757,0.017978889402002096,0.0009669956052675843,0.008201347896829247,0.018072040751576424,0.0010029732948169112
3849,0.060655899345874786,0.8655075430870056,0.008501664968207479,0.011376585345715284,0.0007983410905580968,0.008203010307624936,0.01085032569244504,0.0008442756370641291,0.008155403891578317,0.011039176490157843,0.000887112837517634
3850,0.04956546612083912,0.6079650521278381,0.006515454035252333,0.010408336762338877,0.0007796973513904959,0.006041024811565876,0.009122979827225208,0.0008293616701848805,0.005950429011136293,0.009040046017616987,0.0008781338401604444
3851,0.09792227670550346,1.7220076322555542,0.011653439374640584,0.021478746086359024,0.0008953768410719931,0.010829368606209755,0.021058485843241215,0.0009186530369333923,0.010615978157147765,0.01952896174043417,0.0009432652732357383
3852,0.09880259074270725,0.520583987236023,0.01724333711899817,0.01546351844444871,0.0007803248299751431,0.01653067721053958,0.013682187534868717,0.0008151373185683042,0.016359048197045922,0.01707754796370864,0.0008508117753081024
3853,0.08704828470945358,1.1567341089248657,0.013990732841193676,0.014977970626205206,0.0007155566418077797,0.013194849248975515,0.014421826228499413,0.0008013565093278885,0.012901730835437775,0.015181513037532568,0.0008627471106592566
3854,0.08224579691886902,0.6231902837753296,0.010629155207425356,0.017904190346598625,0.0008159191347658634,0.009819799568504095,0.016876161796972156,0.0008309475961141288,0.00961074116639793,0.014911236008629203,0.0008476492366753519
3855,0.08859626576304436,0.8773941397666931,0.019216847838833928,0.009494201745837927,0.0008069748000707477,0.01899048429913819,0.00961637869477272,0.0008747381216380745,0.018956861924380064,0.009707057382911444,0.0009327233128715307
3856,0.07344217970967293,0.3720149099826813,0.009065733291208744,0.015461507719010115,0.0008543960866518319,0.008530640043318272,0.015077954158186913,0.0008948562317527831,0.008419038727879524,0.014209670946002007,0.0009283819526899606
3857,0.1156950406730175,0.9434823989868164,0.017658879281952977,0.019768944941461086,0.0008753996808081865,0.01698045223020017,0.02083622571080923,0.000916036922717467,0.016900665126740932,0.020808630622923374,0.0009498065337538719
3858,0.04371321201324463,1.3120094537734985,0.006031932542100549,0.00851195165887475,0.0007207925955299288,0.005614524474367499,0.007924922276288271,0.0007636137597728521,0.005534494761377573,0.007803162792697549,0.0008078152895905077
3859,0.054089801385998726,0.21360501646995544,0.007081181509420276,0.011976241832599044,0.0007059839554131031,0.006693234900012612,0.009569292888045311,0.0007475256570614874,0.0066156883258372545,0.009906391380354762,0.0007942584925331175
3860,0.08320131152868271,0.8539288640022278,0.014974345453083515,0.013496489031240344,0.0006854227685835212,0.014394022058695555,0.011848628055304289,0.0007543403480667621,0.014302061288617551,0.011935996124520898,0.0008100094855763018
3861,0.047726234421133995,0.6860411763191223,0.006024579051882029,0.009754210244864225,0.0007711124198976904,0.005656152032315731,0.009166010422632098,0.0008032859186641872,0.005563108716160059,0.009141836548224092,0.0008459375821985304
3862,0.13201258331537247,0.91988205909729,0.02545949909836054,0.02216339111328125,0.0008366075926460326,0.024376112036406994,0.016596685629338026,0.0008795024186838418,0.024071854539215565,0.016716546844691038,0.0009123784839175642
3863,0.05459832027554512,1.0173183679580688,0.006404211511835456,0.01306401751935482,0.0007861044723540545,0.006073243683204055,0.01039393525570631,0.0008459576638415456,0.006006295559927821,0.010120669845491648,0.0009038847638294101
3864,0.07676377706229687,1.3220750093460083,0.01031005335971713,0.01597001776099205,0.000754763197619468,0.009882003534585238,0.015390145592391491,0.0008013195474632084,0.0097392238676548,0.013074466492980719,0.0008417822828050703
3865,0.042165184393525124,0.48341530561447144,0.0049487322103232145,0.009134392254054546,0.0007236491510411724,0.004610867123119533,0.008426013286225498,0.0008067801245488226,0.004544178489595652,0.008090388029813766,0.0008801838266663253
3866,0.05661919713020325,3.387151002883911,0.006916559534147382,0.011785271111875772,0.0008586265612393618,0.00659066392108798,0.011006697081029415,0.0008893557533156127,0.0065274424850940704,0.011111540254205465,0.000933041621465236
3867,0.12985706701874733,2.099870204925537,0.01569602033123374,0.027281510643661022,0.0008592234516981989,0.014806449878960848,0.02745291031897068,0.00088670221157372,0.014615127351135015,0.02735448209568858,0.0009046307532116771
3868,0.12066604197025299,2.730156183242798,0.019369439221918583,0.022420883178710938,0.0008972539799287915,0.01854747673496604,0.019368709065020084,0.0009243451058864594,0.018376673106104136,0.019816183019429445,0.0009450787911191583
3869,0.07038113102316856,3.698709011077881,0.007904349593445659,0.015927309170365334,0.0008563513401895761,0.007706961827352643,0.012861661147326231,0.0008991294598672539,0.007750943070277572,0.015536225400865078,0.0009382040589116514
3870,0.09873134642839432,1.4722316265106201,0.01368609955534339,0.018560854718089104,0.0008102828869596124,0.012882746756076813,0.01816359581425786,0.0008766732935328037,0.012704500928521156,0.020125487819314003,0.0009211092256009579
3871,0.05741625837981701,0.3805430829524994,0.007021196885034442,0.011295040138065815,0.0007504018722102046,0.006519158370792866,0.011853243224322796,0.0008014599443413317,0.006401172839105129,0.011924506165087223,0.0008500784169882536
3872,0.19243662059307098,1.3363423347473145,0.03349918965250254,0.06631396617740393,0.0009289120498578995,0.032904600724577904,0.01255734171718359,0.000980373821221292,0.03275413904339075,0.011471292469650507,0.0010268036858178675
3873,0.10092142224311829,3.5258266925811768,0.012378093786537647,0.021623042412102222,0.0008868419099599123,0.011517212493345141,0.01971826981753111,0.0009104882774408907,0.011335893301293254,0.021611579693853855,0.0009400007547810674
3874,0.15530018880963326,2.5001845359802246,0.024273297283798456,0.027026967145502567,0.0009538227168377489,0.023650494636967778,0.027055658865720034,0.0010161974932998419,0.0235257965978235,0.0267318207770586,0.001066124881617725
3875,0.10669690370559692,0.9456721544265747,0.019317592959851027,0.015402312856167555,0.0007771490199957043,0.01858881628140807,0.01850277464836836,0.0008292360580526292,0.018417087383568287,0.013992168940603733,0.0008697651792317629
3876,0.1482722908258438,1.891305923461914,0.025200390489771962,0.028653712011873722,0.0009452953236177564,0.024578374810516834,0.02040010504424572,0.0010004740906879306,0.024421710753813386,0.022025244310498238,0.001046982331899926
3877,0.05951915681362152,0.4646245837211609,0.008622878231108189,0.011239443439990282,0.0007940508075989783,0.008323752786964178,0.010679558385163546,0.0008417227945756167,0.008266317890956998,0.009868286550045013,0.0008831448503769934
3878,0.2701793313026428,2.2195324897766113,0.024862968362867832,0.06497866054996848,0.0009162403293885291,0.024645021418109536,0.06444239430129528,0.0009691786544863135,0.02464851620607078,0.06370060471817851,0.0010157672222703695
3879,0.08783235028386116,3.280843496322632,0.012690109200775623,0.01791869755834341,0.0008082083077169955,0.012155970558524132,0.015640633646398783,0.0008845310076139867,0.01205253996886313,0.0147389923222363,0.0009426647739019245
3880,0.07932363823056221,1.8495770692825317,0.01015695882961154,0.017675673589110374,0.0008397670462727547,0.008943583816289902,0.014452424831688404,0.000862144457641989,0.008700014557689428,0.016822800505906343,0.0008702707418706268
3881,0.1002633236348629,2.7770156860351562,0.012007927987724543,0.02155020833015442,0.0009864943858701736,0.011347063351422548,0.020384594798088074,0.001016165770124644,0.011265393812209368,0.020667598582804203,0.0010378811275586486
3882,0.09076313115656376,2.246708631515503,0.010673420503735542,0.019322389271110296,0.0009312960901297629,0.01001988840289414,0.01925885258242488,0.000940901052672416,0.009850753005594015,0.018809719011187553,0.0009559072786942124
3883,0.04411129653453827,1.604533314704895,0.006341071450151503,0.007533577736467123,0.0006445437320508063,0.006245551398023963,0.007141212234273553,0.0007179342792369425,0.0062864868668839335,0.008410844020545483,0.0007900760683696717
3884,0.11449847370386124,1.5831489562988281,0.01851676218211651,0.018283596262335777,0.0008692277478985488,0.017293110257014632,0.020906362682580948,0.0008948281174525619,0.016931628109887242,0.019903757609426975,0.0008992049260996282
3885,0.10627907142043114,2.1539711952209473,0.02197478199377656,0.011824658140540123,0.0008599556749686599,0.021609310060739517,0.013167118653655052,0.0009099457820411772,0.021522367373108864,0.013449528720229864,0.0009614052250981331
3886,0.08383592963218689,1.4839855432510376,0.01556811691261828,0.01345131080597639,0.0007973318570293486,0.014868771890178323,0.011107863392680883,0.0008466006838716567,0.014618485467508435,0.011690201237797737,0.0008872481703292578
3887,0.1272582821547985,3.6610970497131348,0.017187231685966253,0.028144762851297855,0.0008570203208364546,0.01628039823845029,0.02598788356408477,0.0008871292811818421,0.01605134503915906,0.020943222101777792,0.0009192889847327024
3888,0.05572158843278885,0.7705051302909851,0.00863102194853127,0.00988875376060605,0.0007327166968025267,0.008327368414029479,0.009270782116800547,0.0007902462966740131,0.008242185926064849,0.00899643637239933,0.0008420784724876285
3889,0.056311482563614845,0.5457419157028198,0.007502158405259252,0.010664472822099924,0.0008146772161126137,0.007262160303071141,0.010321603156626225,0.0008717700256966054,0.007231799652799964,0.010717731434851885,0.0009251095762010664
3890,0.06242925301194191,0.4584698975086212,0.00869270320981741,0.012082448694854975,0.0008161933801602572,0.008390330476686358,0.011098890099674463,0.0008618447172921151,0.008344054222106934,0.011233546305447817,0.0009092398686334491
3891,0.1467480007559061,3.8605172634124756,0.023385694716125727,0.027439999394118786,0.0009667533740866929,0.023207433754578233,0.01932700304314494,0.0010279346606694162,0.02322255726903677,0.027097743935883045,0.0010728752822615206
3892,0.223067294806242,1.967018961906433,0.026888610795140266,0.06480672862380743,0.0008751747373025864,0.026823158841580153,0.06565835047513247,0.0009323249687440693,0.026845057494938374,0.009254192933440208,0.000983694742899388
3893,0.10655716806650162,1.6106047630310059,0.022371395491063595,0.014870559331029654,0.0008088394242804497,0.021619430277496576,0.012427890207618475,0.0008423782419413328,0.02149286726489663,0.011258662678301334,0.0008651460520923138
3894,0.14214623719453812,0.859491765499115,0.030451425351202488,0.018554859794676304,0.000839103217003867,0.029809230007231236,0.013636837713420391,0.0008869739540386945,0.029757441021502018,0.017290729098021984,0.0009196426253765821
3895,0.2526470459997654,1.3236464262008667,0.028622694313526154,0.07470621261745691,0.001028895319905132,0.027950126212090254,0.07131861243396997,0.0010682770516723394,0.02777743712067604,0.019073367584496737,0.001101423753425479
3896,0.06740111671388149,0.4255349934101105,0.00970637146383524,0.013153742998838425,0.000815754581708461,0.0092681385576725,0.012626802548766136,0.0008607505587860942,0.009170216042548418,0.010891379788517952,0.0009079612500499934
3897,0.16373110190033913,0.8074040412902832,0.02477926923893392,0.029930375516414642,0.0010221398551948369,0.024277090094983578,0.028423449024558067,0.0010788887739181519,0.024124230723828077,0.028969022445380688,0.0011266325018368661
3898,0.1551988124847412,0.6135515570640564,0.024793617893010378,0.022792940959334373,0.0009021750302053988,0.02435853728093207,0.02916712313890457,0.0009613249567337334,0.024261815939098597,0.02695078495889902,0.0010104966058861464
3899,0.0335041843354702,0.8410738706588745,0.0041498669888824224,0.007128095719963312,0.0006171249260660261,0.003768709721043706,0.006514729931950569,0.0006966313521843404,0.003679563640616834,0.006164773367345333,0.0007846907246857882
3900,0.07625851035118103,0.28024762868881226,0.008987765293568373,0.01538983965292573,0.0007952114101499319,0.008535490138456225,0.014046048745512962,0.0008325651579070836,0.008460511453449726,0.018344628624618053,0.0008664490305818617
3901,0.05319777876138687,3.2019288539886475,0.00719097931869328,0.010790690314024687,0.0008014864870347083,0.006834794068709016,0.009529373608529568,0.0008461298712063581,0.006798628019168973,0.009516682010143995,0.000889015180291608
3902,0.054372576996684074,3.7491977214813232,0.006916799582540989,0.010864286217838526,0.0008442183898296207,0.006692014634609222,0.010116767138242722,0.000893535150680691,0.006663568085059524,0.010440674144774675,0.0009407139441464096
3903,0.045527235604822636,2.4516398906707764,0.00551742420066148,0.009862624108791351,0.000622982275672257,0.005364892305806279,0.0085366889834404,0.0006948162626940757,0.005379976239055395,0.008784153265878558,0.0007636806112714112
3904,0.1292244866490364,0.7730994820594788,0.024535626638680696,0.01806596526876092,0.0008676451980136335,0.023930900264531374,0.018024830147624016,0.0008991910726763308,0.02379905665293336,0.018174292519688606,0.0009269723668694496
3905,0.06900329887866974,3.7928402423858643,0.008707095868885517,0.01486772345378995,0.0008435077616013587,0.007773512974381447,0.015132034663110971,0.0008677644655108452,0.007478934247046709,0.012442935723811388,0.0008897913794498891
3906,0.08397926762700081,0.7393926382064819,0.01565449731424451,0.012002079281955957,0.0009115489665418863,0.015265619615092874,0.011611232534050941,0.0009805838053580374,0.015201449394226074,0.011318422388285398,0.0010338309220969677
3907,0.08830345794558525,1.0636746883392334,0.01312431925907731,0.017098414711654186,0.0008005629351828247,0.01164997834712267,0.01638683769851923,0.0008534363587386906,0.011344798374921083,0.016155012883245945,0.000890098832314834
3908,0.05854008812457323,0.5191466212272644,0.009812414646148682,0.010277113877236843,0.0006174189184093848,0.009106497396714985,0.009496446698904037,0.0007216307567432523,0.008898068685084581,0.00880248355679214,0.0008080134866759181
3909,0.23594196140766144,0.7711727619171143,0.0444278996437788,0.031192725524306297,0.0010577761568129063,0.04361036978662014,0.03805245831608772,0.0011274745338596404,0.043437566608190536,0.031869787722826004,0.001165904279332608
3910,0.12480991333723068,0.8392385244369507,0.025466992519795895,0.015848910436034203,0.0010448697721585631,0.025159917771816254,0.015257708728313446,0.001133437268435955,0.025089806877076626,0.014603640884160995,0.0012046315823681653
3911,0.09417480230331421,0.30023425817489624,0.010224472498521209,0.02176373451948166,0.000986668950645253,0.009596154326573014,0.020071151666343212,0.0010193841881118715,0.009446365991607308,0.02001598197966814,0.0010508890263736248
3912,0.045222166925668716,1.049349069595337,0.005903510143980384,0.008907272946089506,0.0008019517408683896,0.005426103249192238,0.008586963173002005,0.0008576321706641465,0.005298719042912126,0.008533085696399212,0.0009069262887351215
3913,0.17387549579143524,2.7981162071228027,0.02848715614527464,0.02935617556795478,0.0009757012012414634,0.027419052086770535,0.02878602221608162,0.0010145219857804477,0.0272466242313385,0.029566137120127678,0.0010241112322546542
3914,0.05549382418394089,1.6799551248550415,0.0062152359168976545,0.012145387008786201,0.0009165927476715297,0.005916575202718377,0.011388615239411592,0.0009704497060738504,0.005850012181326747,0.011069590225815773,0.001021366799250245
3915,0.0559568777680397,1.580783486366272,0.00659463438205421,0.01175625016912818,0.000856504135299474,0.0062778606079518795,0.011153718456625938,0.0008903789566829801,0.006226444384083152,0.01127913361415267,0.000921951315831393
3916,0.06707514822483063,0.8126922249794006,0.008167668245732784,0.014762160368263721,0.0007484216766897589,0.007863151840865612,0.014008152764290571,0.000800871872343123,0.007820445578545332,0.012055346742272377,0.0008489257888868451
3917,0.10449232161045074,4.202445983886719,0.014586872886866331,0.024488160386681557,0.0009084053745027632,0.013189466670155525,0.01811616262421012,0.0009016515978146344,0.01288329716771841,0.018521690741181374,0.0008966133464127779
3918,0.12641942501068115,4.656271934509277,0.017571686301380396,0.026892104651778936,0.0008984523883555084,0.016010836232453585,0.025362866930663586,0.0008966625318862498,0.015615190379321575,0.022275792434811592,0.0008958281250670552
3919,0.08762358501553535,0.4147602617740631,0.011081259930506349,0.01890804758295417,0.0008726718078833073,0.01032658712938428,0.016415805090218782,0.0008914318168535829,0.010128706227988005,0.018090353813022375,0.000908718619029969
3920,0.08336354605853558,1.1780450344085693,0.00969865988008678,0.01843192335218191,0.0008918055100366473,0.009110555052757263,0.01657519582659006,0.000922639446798712,0.00896496744826436,0.017818788066506386,0.0009490135707892478
3921,0.10851562395691872,0.788849949836731,0.025237701134756207,0.010345923714339733,0.0009364803554490209,0.02504565566778183,0.0098701068200171,0.0009867749467957765,0.02503421064466238,0.010022253729403019,0.0010365122579969466
3922,0.05640185996890068,0.34715911746025085,0.008321444736793637,0.010179754346609116,0.0007792675169184804,0.007894686190411448,0.010580372530966997,0.0008276622975245118,0.007774842670187354,0.009175245184451342,0.0008685842622071505
3923,0.044696200639009476,0.7616901993751526,0.0065493464935570955,0.00808498403057456,0.0006712736212648451,0.006115594645962119,0.007977379020303488,0.0007069247949402779,0.0059751588851213455,0.007861560676246881,0.0007539769867435098
3924,0.09855559468269348,2.301957607269287,0.013574403710663319,0.018779280595481396,0.0008695499273017049,0.012841962743550539,0.018139139749109745,0.0008932359050959349,0.012654101010411978,0.019889125134795904,0.0009147938981186599
3925,0.07633928954601288,1.1382217407226562,0.010128279216587543,0.014864197000861168,0.0008778312476351857,0.009706761222332716,0.014566135127097368,0.0009152662532869726,0.009626706596463919,0.014706780668348074,0.0009473351819906384
3926,0.08606885746121407,0.743801474571228,0.010236459784209728,0.01998963952064514,0.0009019472054205835,0.009636622853577137,0.016545459628105164,0.0009318558149971068,0.009542356710880995,0.017327184323221445,0.0009573335410095751
3927,0.1744103841483593,0.5508888959884644,0.027368119452148676,0.03509539179503918,0.0009637387411203235,0.026919810101389885,0.02805981133133173,0.0010059030319098383,0.026797393802553415,0.027165981009602547,0.001034225948387757
3928,0.10318026319146156,0.46466320753097534,0.021340726409107447,0.013112809974700212,0.0008697205630596727,0.02101683197543025,0.010980595834553242,0.0009154473664239049,0.020990639459341764,0.012996268458664417,0.0009572235867381096
3929,0.10404955223202705,1.0157665014266968,0.02135880896821618,0.013880161102861166,0.0008727904059924185,0.021020437590777874,0.013191607780754566,0.0009182606881950051,0.02104412019252777,0.010800614021718502,0.0009627493564039469
3930,0.03469230141490698,1.5381954908370972,0.004528189776465297,0.00669771246612072,0.0006267207791097462,0.00429796171374619,0.006342355394735932,0.000703359255567193,0.0042922209249809384,0.006426459178328514,0.0007773219549562782
3931,0.04872651770710945,2.4427170753479004,0.007273491937667131,0.008338716812431812,0.0006989636458456516,0.006989736808463931,0.008418139070272446,0.0007285726023837924,0.006968595553189516,0.008544852025806904,0.0007654489891137928
3932,0.11658384650945663,0.38602158427238464,0.025801890529692173,0.013463090173900127,0.0007778036524541676,0.025230873376131058,0.012465446721762419,0.000864226050907746,0.02500601951032877,0.012047672178596258,0.0009268222493119538
3933,0.1217125877737999,1.742058515548706,0.015254208352416754,0.02841855539008975,0.0009576448355801404,0.014190974878147244,0.023628053721040487,0.0009860468562692404,0.013928167289122939,0.02333973068743944,0.0010092057927977294
3934,0.16014797240495682,2.461841106414795,0.0280337231233716,0.02161475457251072,0.000899016042239964,0.026952787302434444,0.02711007557809353,0.000935782678425312,0.02676456794142723,0.026878776028752327,0.0009584930958226323
3935,0.05795721337199211,2.5845186710357666,0.00793064315803349,0.014115397818386555,0.0007603000267408788,0.006914328085258603,0.010363602079451084,0.0007725510513409972,0.0066535319201648235,0.0096570891328156,0.0007897665491327643
3936,0.10243311151862144,1.5919255018234253,0.017093428876250982,0.018466321751475334,0.0008266770164482296,0.016259856056421995,0.014096391387283802,0.0008693444251548499,0.016108220908790827,0.01781507581472397,0.0008977918478194624
3937,0.09895975887775421,0.7045661211013794,0.017325084190815687,0.01646272512152791,0.0008914261125028133,0.01657970016822219,0.01307152071967721,0.0009333474445156753,0.016344760544598103,0.016388386953622103,0.0009628100087866187
3938,0.09702162817120552,1.3045246601104736,0.02172518288716674,0.010040376801043749,0.0007966665725689381,0.021585611160844564,0.009770074393600225,0.0008474125934299082,0.02158306771889329,0.009781600441783667,0.0008916296064853668
3939,0.1689157709479332,0.36137935519218445,0.027268848847597837,0.01035954849794507,0.0008674006094224751,0.02700517512857914,0.06512456620112062,0.0009275452757719904,0.026958755683153868,0.009421389549970627,0.0009825454908423126
3940,0.0688374824821949,1.9908466339111328,0.008908892283216119,0.014324178453534842,0.0008133554947562516,0.008469347609207034,0.01307294936850667,0.0008505457371938974,0.008420514408499002,0.01309928810223937,0.0008784103265497833
3941,0.11096040904521942,3.210282564163208,0.01863891026005149,0.018373001366853714,0.0009664234821684659,0.01834430079907179,0.017287323251366615,0.0010183381382375956,0.018340105656534433,0.01693514920771122,0.0010568479774519801
3942,0.056162722408771515,1.0109158754348755,0.007019492564722896,0.011807266157120466,0.0008634784317109734,0.006471728440374136,0.010792306158691645,0.0009152819111477584,0.006319935666397214,0.011016457807272673,0.00095677500939928
3943,0.1187053993344307,1.472537875175476,0.017063413746654987,0.02158117387443781,0.0008621801098342985,0.01574517646804452,0.023777482099831104,0.0009146466327365488,0.015344444662332535,0.022469223476946354,0.0009476566920056939
3944,0.07402998022735119,0.6020086407661438,0.010308166965842247,0.013549144845455885,0.000756550143705681,0.009940859396010637,0.01566548179835081,0.0008017992367967963,0.009888183325529099,0.012269177474081516,0.0008506142185069621
3945,0.08473875932395458,0.9542559385299683,0.009257426718249917,0.01919620344415307,0.00092004903126508,0.008710128720849752,0.019276265986263752,0.0009646928519941866,0.008591854479163885,0.016818026546388865,0.0010041076748166233
3946,0.09968031942844391,0.8384793400764465,0.020894169341772795,0.011758655775338411,0.0007635745860170573,0.020667326170951128,0.012600118294358253,0.0008185229962691665,0.02063450636342168,0.010678316000849009,0.0008651372918393463
3947,0.10520264506340027,1.3521463871002197,0.012675798032432795,0.022162402980029583,0.0009050410881172866,0.01199499424546957,0.022711663506925106,0.0009162838105112314,0.01186241116374731,0.02104729786515236,0.0009267508867196739
3948,0.0646402221173048,0.8686730861663818,0.008953058160841465,0.012762206140905619,0.000762357289204374,0.008703708183020353,0.011546191293746233,0.0008152593509294093,0.008656868943944573,0.011566902045160532,0.0008736707968637347
3949,0.12788505852222443,2.2663607597351074,0.016717144288122654,0.027673015370965004,0.0009512290125712752,0.015660489443689585,0.026392965577542782,0.0009672719752416015,0.015331294853240252,0.023214542772620916,0.000977104064077139
3950,0.12028474360704422,2.7831075191497803,0.018689272459596395,0.02385652344673872,0.0008646045753266662,0.017431968357414007,0.02079151477664709,0.0008798723574727774,0.017069093184545636,0.019818896427750587,0.0008829944708850235
3951,0.22813670709729195,1.1790897846221924,0.025769751518964767,0.013311370275914669,0.000952440284891054,0.02547737886197865,0.06774034630507231,0.0009993353742174804,0.02540654083713889,0.06742838677018881,0.0010511548025533557
3952,0.11349271610379219,1.35026216506958,0.013787161326035857,0.022983050905168056,0.0008920499531086534,0.012869987869635224,0.026375499553978443,0.000926231819903478,0.012642258312553167,0.02206512074917555,0.0009513578552287072
3953,0.11850520223379135,0.44884243607521057,0.018789337016642094,0.022061466239392757,0.0008999396522995085,0.017669457010924816,0.018468419555574656,0.0009423462033737451,0.017183250281959772,0.021517463959753513,0.0009735241765156388
3954,0.06772656366229057,2.691941261291504,0.008293187711387873,0.01610107347369194,0.0007780360174365342,0.007373749045655131,0.013899966143071651,0.0008064538997132331,0.007103995885699987,0.012542382813990116,0.0008277201268356293
3955,0.08741800114512444,1.9092744588851929,0.018978645326569676,0.009495922829955816,0.0008154864190146327,0.018845664337277412,0.009517190512269735,0.0008774394518695772,0.01886613550595939,0.009085583034902811,0.00093593102064915
3956,0.05348382145166397,1.3686765432357788,0.0071588323917239904,0.01077904598787427,0.000807836273452267,0.006829686462879181,0.00964003475382924,0.0008511143387295306,0.006761643104255199,0.009756326675415039,0.0008992969233077019
3957,0.08399353176355362,0.4602809548377991,0.01664749998599291,0.011469383258372545,0.0007385759381577373,0.01592067116871476,0.010834685061126947,0.0008043874404393137,0.01573641551658511,0.010991094633936882,0.000850822136271745
3958,0.07950116693973541,0.9712347388267517,0.009447597898542881,0.017154339235275984,0.0007868525863159448,0.008998266188427806,0.013916843105107546,0.0008257490408141166,0.00886310706846416,0.01864750776439905,0.0008609089709352702
3959,0.08855748176574707,1.099984884262085,0.01526784710586071,0.013660023920238018,0.0008200473384931684,0.014555100351572037,0.01397647988051176,0.0008714159193914384,0.014392435550689697,0.014094628393650055,0.0009195035672746599
3960,0.0437935758382082,0.9624699354171753,0.00502600462641567,0.009505294496193528,0.0007189235038822517,0.004671713337302208,0.009063346777111292,0.0008006295538507402,0.0045775038888677955,0.008560303365811706,0.0008698542369529605
3961,0.19432273507118225,0.6150581240653992,0.03544142376631498,0.029391871765255928,0.0009874683164525777,0.034614838659763336,0.025578651577234268,0.0010334605467505753,0.034450337290763855,0.03176423907279968,0.0010604478884488344
3962,0.07682477869093418,0.5580430626869202,0.013953225454315543,0.011511845979839563,0.0008197932038456202,0.013327231165021658,0.011377120390534401,0.0008809754799585789,0.01319480617530644,0.010826526675373316,0.0009332543122582138
3963,0.0814235582947731,0.34282636642456055,0.008920582244172692,0.018628486432135105,0.0009197447216138244,0.008368843467906117,0.015899697318673134,0.0009591821290086955,0.008228944148868322,0.0184994675219059,0.0009986117365770042
3964,0.10272536054253578,0.3892563581466675,0.01628404948860407,0.017247367650270462,0.0008171713852789253,0.015601655468344688,0.017949494533240795,0.0008568373450543731,0.015404251404106617,0.017677159048616886,0.0008873727638274431
3965,0.13996190018951893,0.2665986716747284,0.02443714952096343,0.021038555074483156,0.0008708967361599207,0.023962378967553377,0.01774794515222311,0.0009190894779749215,0.02383984811604023,0.026187255047261715,0.0009587802924215794
3966,0.2164285946637392,2.023784875869751,0.025255981367081404,0.06423787120729685,0.0009212965378537774,0.024995813611894846,0.06467293156310916,0.0009730286838021129,0.02496683644130826,0.009385786950588226,0.0010190396860707551
3967,0.16208193823695183,0.3298811614513397,0.024853697512298822,0.028827914968132973,0.0010171756730414927,0.024337068432942033,0.028409393969923258,0.0010742481681518257,0.0241886496078223,0.028259183280169964,0.0011146058095619082
3968,0.05899903364479542,1.1927319765090942,0.006966248387470841,0.01490846648812294,0.0008387724228668958,0.006029078969731927,0.011158890090882778,0.0008722699130885303,0.006045361049473286,0.011280081234872341,0.000899864302482456
3969,0.13987303525209427,2.990882635116577,0.024572959169745445,0.021269820630550385,0.0009620751661714166,0.02404235233552754,0.021303096786141396,0.0010106171830557287,0.02388385566882789,0.02178181754425168,0.0010464439983479679
3970,0.18659863248467445,0.2725394070148468,0.03044914547353983,0.013348074164241552,0.0009137424640357494,0.029812625609338284,0.06787231098860502,0.0009930924570653588,0.029582404531538486,0.012577536050230265,0.001049702987074852
3971,0.11562029272317886,1.2636085748672485,0.017739788629114628,0.02159957494586706,0.0008612599631305784,0.01700196648016572,0.020107909571379423,0.000906033004866913,0.016896238550543785,0.019567936658859253,0.0009395863744430244
3972,0.14159048348665237,0.9666304588317871,0.020327157340943813,0.026262150146067142,0.000942331098485738,0.019371786154806614,0.027297000400722027,0.0009704339317977428,0.01921890815719962,0.026212284341454506,0.0009884390456136316
3973,0.09427126869559288,1.918431043624878,0.020020768279209733,0.010963090229779482,0.0008201082237064838,0.01983196707442403,0.010768494103103876,0.0008678422309458256,0.019804917043074965,0.010282653849571943,0.0009114304557442665
3974,0.3088724613189697,0.5148008465766907,0.04252995364367962,0.07646865770220757,0.0010689063929021358,0.04219329170882702,0.020173816941678524,0.001128467614762485,0.04215340130031109,0.08198864385485649,0.001167321519460529
3975,0.09558108821511269,2.7889530658721924,0.01432546554133296,0.01987824309617281,0.0007991654565557837,0.012525355909019709,0.01749182865023613,0.000867700029630214,0.012222963385283947,0.016575587447732687,0.0008947784081101418
3976,0.05572696588933468,1.9131405353546143,0.008434423012658954,0.01071050576865673,0.0007562671380583197,0.00698371697217226,0.010040341410785913,0.0007908961561042815,0.006796729285269976,0.010412628762423992,0.0008014581690076739
3977,0.2737765498459339,1.1160168647766113,0.02538691950030625,0.06555128563195467,0.0009380650008097291,0.025180019671097398,0.0647653117775917,0.0009866183390840888,0.025175750255584717,0.06475920090451837,0.001033379405271262
3978,0.12411589920520782,1.9762630462646484,0.01572755305096507,0.0299141937866807,0.000859876221511513,0.01487785717472434,0.023109527304768562,0.000884897424839437,0.014728003647178411,0.02311348682269454,0.0009004951280076057
3979,0.08586205914616585,1.1537282466888428,0.013787105213850737,0.013852854259312153,0.0007937221380416304,0.013180865906178951,0.014678466599434614,0.0008670217357575893,0.013002102728933096,0.014775364194065332,0.000924556195968762
3980,0.0638890378177166,0.3286746144294739,0.008767313323915005,0.012099596671760082,0.0008280219626612961,0.008389148162677884,0.011757738888263702,0.00088412084733136,0.008305146126076579,0.011916239745914936,0.0009417098481208086
3981,0.050170496106147766,1.1872847080230713,0.006723684025928378,0.010289637371897697,0.0007770521915517747,0.006262582261115313,0.009412828832864761,0.0008253284031525254,0.006120961159467697,0.008893428836017847,0.0008649919473100454
3982,0.15163259953260422,3.4643666744232178,0.026192097924649715,0.02898993482813239,0.0009668922866694629,0.025169096887111664,0.02217056741937995,0.0009948586230166256,0.02480421564541757,0.021330667659640312,0.0010142663959413767
3983,0.09664575383067131,0.7362262010574341,0.02028214489109814,0.011394976172596216,0.0008723378705326468,0.020003873156383634,0.01116954768076539,0.0009327787265647203,0.019957431592047215,0.011043729726225138,0.000988934247288853
3984,0.09660793468356133,1.4275254011154175,0.016474991803988814,0.0153240617364645,0.0009551505791023374,0.01619542855769396,0.014562744181603193,0.0010235912632197142,0.016155484365299344,0.014843195676803589,0.0010732855298556387
3985,0.08045664057135582,0.4909093379974365,0.011581967351958156,0.01607473101466894,0.0008218473813030869,0.01080066873691976,0.015633415430784225,0.000887722650077194,0.010590041289106011,0.013125693425536156,0.0009405497112311423
3986,0.1434327121824026,0.6085749268531799,0.024323671124875546,0.025346812792122364,0.0008668992668390274,0.023842983646318316,0.0184711585752666,0.0009131403639912605,0.023681428050622344,0.025029698153957725,0.0009569239045958966
3987,0.1243799664080143,2.1516032218933105,0.01551797054708004,0.026955507695674896,0.0009492835961282253,0.014290228486061096,0.02513628639280796,0.0009470040095038712,0.014075084123760462,0.025564691051840782,0.0009439105342607945
3988,0.08233296126127243,0.5751814246177673,0.01051009725779295,0.017095605842769146,0.0008574430830776691,0.009656635811552405,0.017331976909190416,0.000881189713254571,0.009497180813923478,0.015600611455738544,0.000902218627743423
3989,0.12163831293582916,0.46598920226097107,0.024525633081793785,0.016628301702439785,0.0009337194496765733,0.023829994723200798,0.014937130734324455,0.001000593474600464,0.023666187189519405,0.015072229318320751,0.0010445261432323605
3990,0.08496147766709328,1.947090744972229,0.015433493303135037,0.012579603586345911,0.0009153865103144199,0.015085042454302311,0.011735946405678988,0.0009796098747756332,0.015044693369418383,0.012158851604908705,0.0010288474150002003
3991,0.09221040084958076,1.7699486017227173,0.010327639058232307,0.020542397163808346,0.0009328860323876143,0.009753555292263627,0.018792306073009968,0.0009646117687225342,0.009649474173784256,0.020252977032214403,0.0009945541969500482
3992,0.12886183708906174,0.7069125771522522,0.03314514830708504,0.009306826163083315,0.0007808773953001946,0.03306334465742111,0.008616937790066004,0.0008451684261672199,0.033085521310567856,0.009113953448832035,0.0009040586301125586
3993,0.08870670944452286,1.2646194696426392,0.015883837826550007,0.01566687785089016,0.0008216431306209415,0.014581162482500076,0.013033087830990553,0.000843469868414104,0.014216930838301778,0.01280104136094451,0.000858658371726051
3994,0.1097315214574337,0.6993750929832458,0.020435267128050327,0.018084502778947353,0.0007826661458238959,0.019425679929554462,0.013314238749444485,0.0008556508983019739,0.019070224836468697,0.016852816101163626,0.0009104725322686136
3995,0.053588055074214935,1.5577045679092407,0.008471304783597589,0.009027181658893824,0.0007070802093949169,0.00802025361917913,0.008337004575878382,0.0007670473423786461,0.007862275466322899,0.009574104566127062,0.0008218041039071977
3996,0.07040023803710938,1.072452187538147,0.010247323662042618,0.013855512253940105,0.0008711499976925552,0.009800828993320465,0.012152897659689188,0.000908046931726858,0.009712881408631802,0.01190713094547391,0.0009444656898267567
3997,0.153854139149189,2.009765863418579,0.02433981653302908,0.026732628233730793,0.0009959519375115633,0.02346136886626482,0.02420008648186922,0.0010423901258036494,0.023230562917888165,0.028776551596820354,0.0010747875203378499
3998,0.05994310975074768,1.1198848485946655,0.010050792712718248,0.009792128577828407,0.0006800900446251035,0.009834317490458488,0.008888920303434134,0.0007387744262814522,0.009789577219635248,0.009373142383992672,0.0007953659805934876
3999,0.09823956340551376,1.9450411796569824,0.01788790477439761,0.014169474132359028,0.000933181814616546,0.017719171941280365,0.013693077955394983,0.0009971065446734428,0.01773009030148387,0.01406207587569952,0.0010474791342858225
4000,0.07690515276044607,1.9630433320999146,0.014607359888032079,0.010232444852590561,0.0007856882875785232,0.014533759793266654,0.010212016524747014,0.0008701956830918789,0.014583209762349725,0.010132957017049193,0.000947521417401731
