step,stage,loss,grad_norm,lr_ssr,lr_heads,lr_backbone,base/k1/edge,base/k1/global,base/k1/local,refined/k1/edge,refined/k1/global,refined/k1/local,refined/k2/edge,refined/k2/global,refined/k2/local,refined/k3/edge,refined/k3/global,refined/k3/local,ssr_max_abs_log_depth_residual,ssr_max_depth_span
1,refiner_only,0.12479068245738745,0.6199098825454712,2e-06,0.0,0.0,0.0006325665726762963,0.018368317978456616,0.022080961673054844,0.0006325665726762963,0.018368317978456616,0.02321601938456297,0.0006325665726762963,0.018368317978456616,0.022068591904826462,0.0006325665726762963,0.018368317978456616,0.022503419662825763,0.0,564.0
2,refiner_only,0.15771464235149324,0.3155968487262726,2e-06,0.0,0.0,0.0005233390584180597,0.02564439771231264,0.03169128380250186,0.0005233465308265295,0.025644351000664756,0.030010794987902045,0.0005233724623394664,0.025643752596806735,0.03013816603925079,0.0005234159652900416,0.025643438973929733,0.019064000458456576,4.898620682070032e-05,564.0
3,refiner_only,0.2087232694029808,0.2001548409461975,2e-06,0.0,0.0,0.0006078175647417083,0.03549303533509374,0.0167642030864954,0.0006078330989112146,0.03549216268584132,0.04169801017269492,0.0006078904516471084,0.03549223323352635,0.041400441084988415,0.0006079878730815835,0.03549232392106205,0.017324395361356437,8.532638457836583e-05,501.0
4,refiner_only,0.20604398380964994,0.6705332398414612,2e-06,0.0,0.0,0.0007222991916933097,0.035428044851869345,0.034218236221931875,0.0007223166321637109,0.035426302114501595,0.033160125953145325,0.0007224099826999009,0.03542484692297876,0.03184717730619013,0.0007225732915685512,0.035423054825514555,0.03259517974220216,0.00014277201262302697,455.0
5,refiner_only,0.1473086215555668,0.4523966908454895,2e-06,0.0,0.0,0.0005336773174349219,0.029653559671714902,0.018356742803007364,0.0005337178081390448,0.029651885386556387,0.019658235483802855,0.0005338613154890481,0.02965032623615116,0.01771704450948164,0.0005341003488865681,0.029646224225871265,0.01938322582282126,0.00021651620045304298,634.0
6,refiner_only,0.15933808125555515,0.5368853211402893,2e-06,0.0,0.0,0.0006088053924031556,0.02553686103783548,0.027818646864034235,0.0006088446461944841,0.025534424115903676,0.02821437711827457,0.0006090145652706269,0.025531971943564713,0.026418548077344894,0.000609293274465017,0.025529537815600634,0.026282067177817225,0.00020802239305339754,481.0
7,refiner_only,0.2211795710027218,0.33357521891593933,2e-06,0.0,0.0,0.0007041740100248717,0.04022211558185518,0.02799999574199319,0.0007042438737698831,0.04022320406511426,0.026722365524619818,0.0007045014426694252,0.04022430395707488,0.029129598406143486,0.0007049231135169975,0.040225458797067404,0.042540969676338136,0.0003248441207688302,815.0
8,refiner_only,0.10066332621499896,0.273600697517395,2e-06,0.0,0.0,0.0004846218362217769,0.017291044758167118,0.015546272916253656,0.0004848052813031245,0.017288727569393814,0.016857090406119823,0.00048535650421399623,0.017286339425481856,0.015257205930538476,0.0004862129171669949,0.017284026951529086,0.01523356098914519,0.00025218407972715795,557.0
9,refiner_only,0.14573580399155617,0.3060867190361023,2e-06,0.0,0.0,0.0005466852999234106,0.028711303137242794,0.018278002156876028,0.0005468031449709088,0.02871085691731423,0.019509876030497253,0.0005472098528116476,0.028710432816296816,0.0197542401147075,0.0005478567181853577,0.028710000216960907,0.018698533764109015,0.00033524338505230844,502.0
10,refiner_only,0.20086627453565598,0.3514643907546997,2e-06,0.0,0.0,0.0006980853904678952,0.03702392126433551,0.030965853133238852,0.000698302079399582,0.037021703785285354,0.025271428399719298,0.0006989459616306704,0.03701958362944424,0.028079803567379713,0.0006999269062362146,0.037017389899119735,0.03435918770264834,0.00047860684571787715,792.0
11,refiner_only,0.20499496627599,0.24712572991847992,2e-06,0.0,0.0,0.0006533410232805181,0.03297649510204792,0.034043389139696956,0.0006534871572512202,0.032972054090350866,0.0351377441547811,0.0006539555251947604,0.032971438486129045,0.03389742237050086,0.0006546894946950488,0.032969818566925824,0.03508435329422355,0.00040036923019215465,733.0
12,refiner_only,0.1613191980868578,0.25029709935188293,2e-06,0.0,0.0,0.0005410581106843892,0.02602170530008152,0.04013546457281336,0.0005412937243818305,0.026018959702923894,0.019727645092643797,0.0005419570079538971,0.026017127383966,0.04077584878541529,0.000542959627637174,0.026015382958576083,0.02113802556414157,0.0004063167725689709,593.0
13,refiner_only,0.10804903553798795,0.24426297843456268,2e-06,0.0,0.0,0.0005377962661441416,0.019064714782871306,0.015409447340061888,0.0005381016271712724,0.019061254628468305,0.014981932647060603,0.0005389879333961289,0.01905797701328993,0.01731897020363249,0.0005403392424341291,0.019054651726037264,0.016956820065388456,0.0003613302542362362,499.0
14,refiner_only,0.17994868848472834,0.20796078443527222,2e-06,0.0,0.0,0.0006763940618839115,0.02759093709755689,0.031139970174990594,0.0006765753932995722,0.027590362704358995,0.03103396249935031,0.000677134441502858,0.02758980169892311,0.030905264313332736,0.000678010968840681,0.027589242556132376,0.0332083412213251,0.0005378216155804694,815.0
15,refiner_only,0.16629073582589626,0.25525906682014465,2e-06,0.0,0.0,0.0006661565785179846,0.024518991354852915,0.03097515064291656,0.0006663594940619078,0.024516044068150222,0.03042013745289296,0.0006669696522294544,0.02451324078720063,0.03125767223536968,0.0006679221078229602,0.024510551942512393,0.02907183929346502,0.000553165387827903,601.0
16,refiner_only,0.13031919300556183,0.337525874376297,2e-06,0.0,0.0,0.0005627227619697805,0.021624453831464052,0.023804585391189903,0.0005629845836665481,0.021620215382426977,0.023613894823938608,0.0005637625617964659,0.021615986828692257,0.019729646970517933,0.0005649386730510741,0.021611856995150447,0.020435909391380847,0.000520760309882462,593.0
17,refiner_only,0.11277781007811427,0.4305679202079773,2e-06,0.0,0.0,0.0004825005780730862,0.019382357713766396,0.015619452053215355,0.0004829629324376583,0.019376269658096135,0.01822244841605425,0.0004841278132516891,0.01937027124222368,0.018370674806647003,0.00048577788766124286,0.019364309962838888,0.016620969108771533,0.000551017583347857,593.0
18,refiner_only,0.16054260497912765,0.20158517360687256,2e-06,0.0,0.0,0.0005291460693115368,0.033506864216178656,0.0204819044447504,0.0005295900482451543,0.03350307862274349,0.019482272502500564,0.0005307986502884887,0.03349928790703416,0.019422498589847237,0.0005326093487383332,0.033495534560643137,0.019546933617675677,0.00046522487537004054,607.0
19,refiner_only,0.26481131790205836,0.2845030725002289,2e-06,0.0,0.0,0.000654824441880919,0.0377132308203727,0.04017746716272086,0.0006552083505084738,0.037708033341914415,0.043701609305571765,0.0006562603593920358,0.03770479583181441,0.064335953182308,0.0006578048560186289,0.03770175331737846,0.04168989846948534,0.0006298588123172522,733.0
20,refiner_only,0.21233311295509338,0.36217832565307617,2e-06,0.0,0.0,0.0006611224525840953,0.03746692289132625,0.03653668350307271,0.000661614063574234,0.03746673103887588,0.03612054331460968,0.0006628865230595693,0.037466488080099225,0.035553946800064296,0.0006647171758231707,0.0374663935508579,0.02626979339402169,0.0007085897377692163,792.0
21,refiner_only,0.12780736247077584,0.37980905175209045,2e-06,0.0,0.0,0.0004896328227914637,0.024894110450986773,0.026700716407503933,0.0004903990957245696,0.024896405375329778,0.02622491170768626,0.0004923885280732065,0.0248977258161176,0.012614759005373344,0.0004952556118951179,0.024894417205359787,0.01280109936487861,0.0007206507725641131,634.0
22,refiner_only,0.08562630880624056,0.2711557149887085,2e-06,0.0,0.0,0.0004150421627855394,0.015494546736590564,0.013024643703829497,0.0004157126459176652,0.01548928243573755,0.012003145937342197,0.0004174364439677447,0.015484050323721021,0.013560078339651227,0.00041996792424470186,0.015478858549613506,0.012357776693534106,0.0006988816312514246,502.0
23,refiner_only,0.1541560753248632,0.39017969369888306,2e-06,0.0,0.0,0.000612088344496442,0.026853743474930525,0.023921989311929792,0.0006126289699750487,0.02684936171863228,0.023687361739575863,0.0006140358163975179,0.026844475010875612,0.024352324777282774,0.0006159715449030045,0.02684006979689002,0.023739852535072714,0.0006624358356930315,733.0
24,refiner_only,0.1836319314315915,0.4006569981575012,2e-06,0.0,0.0,0.0005464000532811042,0.03352423006435856,0.030924484774004668,0.0005469379175337963,0.03352259931853041,0.01760759367607534,0.0005482784545165487,0.033520903380122036,0.0318044867599383,0.0005501833693415392,0.033519205055199564,0.032011741888709366,0.0009800540283322334,607.0
25,refiner_only,0.19948274455964565,0.17882613837718964,2e-06,0.0,0.0,0.0006922376014699694,0.03193983098026365,0.02476511464919895,0.0006926523637957871,0.0319374545942992,0.03346429573139176,0.0006937052494322415,0.03193519136402756,0.03384886751882732,0.0006951980067242403,0.03193304338492453,0.03428233880549669,0.0007924854871816933,792.0
26,refiner_only,0.16188971139490604,0.27613821625709534,2e-06,0.0,0.0,0.0006079808008507825,0.029400974162854254,0.022796041797846556,0.0006084862361603882,0.029397240723483264,0.024240799830295146,0.0006098868980188854,0.029393497272394598,0.024094780324958265,0.0006119237914390396,0.029389716451987624,0.023543377057649195,0.0005646463832817972,815.0
27,refiner_only,0.11471322504803538,0.30949363112449646,2e-06,0.0,0.0,0.0005402270653576124,0.02209491445682943,0.015566032961942255,0.0005408883080235682,0.02208795363549143,0.014878527377732098,0.0005425887284218334,0.02208107413025573,0.016173681302461773,0.0005450245407701004,0.022074504697229713,0.01578898326260969,0.0008805025136098266,698.0
28,refiner_only,0.17881036293692887,0.36969372630119324,2e-06,0.0,0.0,0.0005579454391408945,0.0324606338981539,0.022178143553901464,0.0005588582607742865,0.03245206634164788,0.029492008761735633,0.0005611210799543187,0.03244369936874136,0.020323881530202925,0.0005643529802910052,0.032435128960059956,0.02997924928786233,0.0008381040534004569,792.0
29,refiner_only,0.1850874163210392,0.4003418982028961,2e-06,0.0,0.0,0.0006307555158855394,0.03072313847951591,0.028836761077400297,0.0006313477715593763,0.03072725993115455,0.03351305262185633,0.0006329525349428877,0.030731470556929708,0.028616912779398263,0.000635224914731225,0.030735695618204772,0.02886349434265867,0.0009236951591446996,908.0
30,refiner_only,0.10671874647960067,0.34887823462486267,2e-06,0.0,0.0,0.0005116068059578538,0.018166253808885813,0.017645285348407924,0.0005124877370690228,0.01816114573739469,0.016968367621302605,0.0005147776792000514,0.018156185367843136,0.016298981267027557,0.0005181409069336951,0.018151442578528076,0.01743721991078928,0.0007036896422505379,386.0
31,refiner_only,0.11064750840887427,0.36588621139526367,2e-06,0.0,0.0,0.0005217549187364057,0.019393882947042584,0.017645654443185776,0.00052241766024963,0.019386309839319438,0.017394404741935432,0.0005241329126874916,0.0193788023898378,0.01551761943846941,0.0005266174375719856,0.01937135652406141,0.01802584866527468,0.0008102174615487456,521.0
32,refiner_only,0.08921800972893834,0.29577308893203735,2e-06,0.0,0.0,0.0004309767136874143,0.01672331802546978,0.012584882584633306,0.0004320286425354425,0.01672092083026655,0.012127718917327002,0.00043471437675179914,0.01671855940367095,0.012778014061041176,0.0004385694301163312,0.016716391168301925,0.012851093953941017,0.00100105837918818,496.0
33,refiner_only,0.10738193336874247,0.22285082936286926,2e-06,0.0,0.0,0.0005361660641938215,0.017606193898245692,0.017476487206295133,0.0005368615093175322,0.01760136114899069,0.017435199639294297,0.0005387933088059071,0.01759660115931183,0.017625383741687983,0.000541581648576539,0.01759186980780214,0.017914283322170377,0.0007417346932925284,709.0
34,refiner_only,0.1379902781918645,0.5510015487670898,2e-06,0.0,0.0,0.0005869510496268049,0.02502263686619699,0.018583499710075557,0.0005876497380086221,0.02501093503087759,0.021866082737687975,0.0005893795532756485,0.02499928534962237,0.018356226733885705,0.0005918447568546981,0.024987732525914907,0.02100114308996126,0.0008566164178773761,634.0
35,refiner_only,0.13580577075481415,0.33644840121269226,2e-06,0.0,0.0,0.0006465122860390693,0.02039197809062898,0.024701943097170442,0.0006470268090197351,0.020385174080729485,0.024938914750237018,0.0006485236517619342,0.020379800349473953,0.023643206630367786,0.0006507420621346682,0.02037344651762396,0.02413893723860383,0.000755118322558701,709.0
36,refiner_only,0.2012934135273099,0.3954406678676605,2e-06,0.0,0.0,0.0006529216698254459,0.0385838383808732,0.028238821832928807,0.000653643612167798,0.03857335296925157,0.028271995193790644,0.0006554376013809815,0.03856293426360935,0.02901575469877571,0.0006578681241080631,0.03855258482508361,0.02634984557516873,0.0008630842203274369,750.0
37,refiner_only,0.19456912018358707,0.4458402097225189,2e-06,0.0,0.0,0.0005637172762362752,0.031630402081646025,0.028125064622145146,0.0005643793447234202,0.03163683495949954,0.027267469093203545,0.000565913796890527,0.03163865889655426,0.042263304407242686,0.0005681119509972632,0.03164603654295206,0.02841841208282858,0.0007855360745452344,499.0
38,refiner_only,0.15526959742419422,0.43043503165245056,2e-06,0.0,0.0,0.0006230306753423065,0.027025470801163465,0.02478647604584694,0.0006240844013518654,0.027013031532987952,0.02419079715036787,0.0006267820499488153,0.027000575209967792,0.02445272821933031,0.0006305539791355841,0.026988271973095834,0.02374276745831594,0.0008784262463450432,634.0
39,refiner_only,0.12495188927277923,0.23268269002437592,2e-06,0.0,0.0,0.0005069395883765537,0.025144144019577652,0.014546262216754258,0.000508003642607946,0.025140464946161956,0.016566487727686763,0.0005104442934680264,0.025136915675830096,0.01611471123760566,0.0005138128144608345,0.025133558607194573,0.015327490167692304,0.0010536020854488015,421.0
40,refiner_only,0.12834038399159908,0.5056291818618774,2e-06,0.0,0.0,0.0005113915522088064,0.023767958744429052,0.016869370476342738,0.0005123339160491014,0.02375399984885007,0.01979319256497547,0.0005146483126736712,0.023741138516925275,0.017134407884441316,0.0005177606217330322,0.023726270766928792,0.01864662900334224,0.0008887908770702779,698.0
41,refiner_only,0.14692192059010267,0.4685937166213989,2e-06,0.0,0.0,0.00047430999984499067,0.025900115491822362,0.02486000256612897,0.00047554727643728256,0.025884474627673626,0.0167430340370629,0.0004783934782608412,0.025868991971947253,0.025521706527797505,0.00048226123180938885,0.025853560655377805,0.02561395289376378,0.001067419070750475,792.0
42,refiner_only,0.14367514662444592,0.43288469314575195,2e-06,0.0,0.0,0.0006053458491805941,0.025140641606412828,0.021157661685720086,0.0006061476160539314,0.025136237731203437,0.022498020436614752,0.0006081200335756876,0.025131880305707455,0.021058883052319288,0.0006109069654485211,0.02512781065888703,0.022897139424458146,0.0009251908049918711,495.0
43,refiner_only,0.16035741800442338,0.3455781042575836,2e-06,0.0,0.0,0.0005717767999158241,0.031038582150358707,0.020548125612549484,0.0005730635530198924,0.031027736433316022,0.02051893330644816,0.000575944606680423,0.031017119239550084,0.02321339288027957,0.0005798046913696453,0.031006452918518335,0.021844969131052494,0.0011418680660426617,792.0
44,refiner_only,0.1420120857656002,0.38166534900665283,2e-06,0.0,0.0,0.0005766982067143545,0.02360043046064675,0.02271227102028206,0.0005776830475952011,0.023590004188008606,0.023181518889032304,0.0005799551836389583,0.023579618893563747,0.022700186411384493,0.0005830624140799046,0.023569400771521032,0.02365066116908565,0.0014103616122156382,733.0
45,refiner_only,0.12188359629362822,0.4005048871040344,2e-06,0.0,0.0,0.0005070668157713953,0.024989814613945782,0.016363968956284225,0.0005082519892312121,0.024975730455480516,0.015504368871916085,0.0005110467100166716,0.024961708462797105,0.014715155703015625,0.0005148185446159914,0.024947857717052102,0.01524466258706525,0.0010214869398623705,750.0
46,refiner_only,0.13101485557854176,0.26722556352615356,2e-06,0.0,0.0,0.0005682231421815231,0.020601631607860327,0.022361291630659252,0.0005694395731552504,0.02059152559377253,0.022799302474595606,0.0005722358182538301,0.020581696648150682,0.023479879484511912,0.0005760007043136284,0.02057188982143998,0.021272887592203915,0.0010434617288410664,601.0
47,refiner_only,0.10659542959183455,0.25720295310020447,2e-06,0.0,0.0,0.0005461333857965656,0.017699448275379837,0.01780443510506302,0.0005475946236401796,0.01769472809974104,0.016511767462361604,0.0005508972753887065,0.017690245411358774,0.017433145723771304,0.0005553174887609202,0.01768570370040834,0.01792602881323546,0.0009002906735986471,733.0
48,refiner_only,0.13590468373149633,0.23716485500335693,2e-06,0.0,0.0,0.0005320184245647397,0.024254399177152663,0.02121287549380213,0.0005333124681783374,0.024246038810815662,0.021626502217259258,0.000536293868208304,0.024237967212684453,0.018415478756651282,0.0005401547387009487,0.02422986237797886,0.02153907110914588,0.0010026003001257777,485.0
49,refiner_only,0.12614850420504808,0.21443459391593933,2e-06,0.0,0.0,0.0006596057573915459,0.022674826439470053,0.01872427761554718,0.0006606218594242819,0.022669836995191872,0.01933236513286829,0.000662856316921534,0.02266482962295413,0.019174040528014302,0.0006657783524133265,0.022659944952465594,0.01765823003370315,0.0011713127605617046,634.0
50,refiner_only,0.12732825614511967,0.2589911222457886,2e-06,0.0,0.0,0.0005479134051711299,0.021467554732225835,0.020413689548149705,0.0005496188641700428,0.02146274142432958,0.020141468557994813,0.0005534266310860403,0.02145828865468502,0.020076418993994594,0.0005585414110100828,0.021453917492181063,0.021073833806440234,0.0016605120617896318,564.0
51,refiner_only,0.18327004928141832,0.36060234904289246,2e-06,0.0,0.0,0.0007287865955731831,0.03060014417860657,0.03827993472805247,0.0007301961377379484,0.030585558735765517,0.025218988535925746,0.0007332770474022254,0.030577881494536996,0.02539829892339185,0.0007371298197540455,0.030568521237000823,0.03872019762638956,0.001065795891918242,508.0
52,refiner_only,0.14214960020035505,0.27592894434928894,2e-06,0.0,0.0,0.0005751240787503775,0.02625370363239199,0.019507349701598287,0.000576563961658394,0.026244085049256682,0.020485893939621747,0.0005795393662992865,0.02623477333690971,0.020085363765247166,0.0005834571020386647,0.026225585374049842,0.021134340087883174,0.0011838132049888372,733.0
53,refiner_only,0.12427270552143455,0.5595507621765137,2e-06,0.0,0.0,0.0005988833672745386,0.020958282460924238,0.020381815847940743,0.0006003431080898736,0.020938413275871426,0.01923538578557782,0.0006035338337824214,0.020918770984280854,0.020710706216050312,0.0006078056176193058,0.020899392577121034,0.01975835277698934,0.0011912807822227478,557.0
54,refiner_only,0.13584032794460654,0.16922390460968018,2e-06,0.0,0.0,0.0006045568661647849,0.021659482386894524,0.02259676530957222,0.0006061844323994592,0.0216519859386608,0.0221209607552737,0.0006098381782067008,0.02164447505492717,0.024229334288975224,0.0006146483356133103,0.021637277503032237,0.02272562330472283,0.0011413060128688812,557.0
55,refiner_only,0.10489276144653559,0.413271427154541,2e-06,0.0,0.0,0.0004628833721653791,0.021211992483586073,0.013458327681291848,0.0004650939954444766,0.021213145490037277,0.01342340643168427,0.0004699348792200908,0.02121469215489924,0.013197073218179867,0.000476329390949104,0.021216652035946026,0.013216434948844835,0.0010949455900117755,495.0
56,refiner_only,0.20833952398970723,0.25116634368896484,2e-06,0.0,0.0,0.0005932322237640619,0.03559985145693645,0.024229496746556833,0.0005953804211458191,0.03559401450911537,0.03211887594079599,0.0006000215435051359,0.03558839129982516,0.034038269688608125,0.0006061614003556315,0.03558558039367199,0.03361282404512167,0.001450466807000339,792.0
57,refiner_only,0.1792443674057722,0.3581917881965637,2e-06,0.0,0.0,0.000572477172681829,0.02721062331693247,0.02976088333525695,0.0005749466927227331,0.027208459214307368,0.03052284161094576,0.0005804030224680901,0.027206710510654375,0.03421563655138016,0.000587338232435286,0.02720524201868102,0.031142788822762668,0.0011527345050126314,733.0
58,refiner_only,0.13276493083685637,0.305887371301651,2e-06,0.0,0.0,0.0005321197895682417,0.020431747601833194,0.023564378352602944,0.0005337298316590022,0.020424138056114316,0.021049395290901884,0.0005374240208766423,0.020416793879121542,0.024420496250968426,0.0005424042537924834,0.020409833872690797,0.02443071483867243,0.0018846009625121951,709.0
59,refiner_only,0.14337942702695727,0.2894461154937744,2e-06,0.0,0.0,0.0004905513596895617,0.02363049820996821,0.0272697176260408,0.0004925440152874216,0.023614847974386066,0.02959359675878659,0.0004967556560586672,0.02360679372213781,0.026985785167198628,0.0005020677526772488,0.023591842385940254,0.01449519643210806,0.0010423632338643074,698.0
60,refiner_only,0.16073166113346815,0.2374335378408432,2e-06,0.0,0.0,0.0006639639905188233,0.028568246052600443,0.025288684060797095,0.0006656651676166803,0.02856413077097386,0.024007660686038435,0.0006692783790640533,0.028560279170051217,0.024830353679135442,0.0006738516385667026,0.028556448640301824,0.024203993612900376,0.0010398534359410405,815.0
61,refiner_only,0.1698834104463458,0.295383095741272,2e-06,0.0,0.0,0.0005510695336852223,0.032553075230680406,0.024462923989631236,0.000552986457478255,0.032550691277720034,0.02384322159923613,0.000556964772840729,0.03254861105233431,0.02292255306383595,0.0005618620598397683,0.03254668053705245,0.02379984041908756,0.0014808477135375142,593.0
62,refiner_only,0.14684076141566038,0.36768895387649536,2e-06,0.0,0.0,0.000657509528537048,0.02746763511095196,0.020693656464572996,0.0006592107420146931,0.02745595423039049,0.021019442239776254,0.0006626215254073031,0.02744443970732391,0.02204457961488515,0.0006669616159342695,0.02743341331370175,0.019454133813269436,0.0013448011595755816,733.0
63,refiner_only,0.1452326807193458,0.26239094138145447,2e-06,0.0,0.0,0.0005328820334398188,0.026701197493821383,0.020608699676813558,0.00053562859466183,0.02668542868923396,0.02161639492260292,0.0005410619378380943,0.026669991289963946,0.020891324151307344,0.000547747709788382,0.02665487237391062,0.021090229885885492,0.0011543640866875648,733.0
64,refiner_only,0.17878333246335387,0.23953166604042053,2e-06,0.0,0.0,0.0007010462795733474,0.029567524325102568,0.028690485982224345,0.0007025645245448686,0.0295588921289891,0.02896111592417583,0.0007059048402879853,0.029550443054176867,0.02986180892912671,0.0007101557166606653,0.029542052769102156,0.0291904000332579,0.0012081583263352513,709.0
65,refiner_only,0.17869964987039566,0.3650956451892853,2e-06,0.0,0.0,0.000624295738816727,0.028988289064727724,0.0300224372476805,0.000626204113359563,0.02897466713329777,0.030569528171326965,0.0006302333422354423,0.028961119474843144,0.027862217801157385,0.000635409975075163,0.028947409242391586,0.0314928584266454,0.0015177284367382526,908.0
66,refiner_only,0.13980049779638648,0.3531345725059509,2e-06,0.0,0.0,0.0005528541496460093,0.023448412539437413,0.020443875575438142,0.0005549721208808478,0.023447249666787684,0.02302187599707395,0.0005595992479356937,0.0234465230605565,0.02134952653432265,0.0005657482251990587,0.02344574121525511,0.02340926183387637,0.001294097863137722,815.0
67,refiner_only,0.12357302894815803,0.26778796315193176,2e-06,0.0,0.0,0.0005961680308246287,0.023594547936227173,0.01846488908631727,0.000598363079916453,0.02357783479965292,0.016514604474650696,0.0006030033946444746,0.023561603244161233,0.01591271659708582,0.0006087785186537076,0.023545544943772256,0.018650577287189662,0.0013068974949419498,545.0
68,refiner_only,0.1093550929799676,0.2680065333843231,2e-06,0.0,0.0,0.0005275891235214658,0.017464663251303136,0.01907810417469591,0.0005296645977068692,0.01744750823127106,0.01850631373235956,0.0005339248818927445,0.017430727079045027,0.019401710422243923,0.0005394431500462815,0.017414189700502902,0.01755161175969988,0.0013599091907963157,586.0
69,refiner_only,0.13612790498882532,0.38133037090301514,2e-06,0.0,0.0,0.0006421727484848816,0.02285756531637162,0.02456684084609151,0.0006437373886001296,0.02285567217040807,0.022176228230819106,0.0006469246254710015,0.02285402233246714,0.024356566602364182,0.0006509217091661412,0.022852736292406917,0.019091094844043255,0.0011788465781137347,501.0
70,refiner_only,0.11582469427958131,0.49132001399993896,2e-06,0.0,0.0,0.0004833761413465254,0.02276726783020422,0.015362905542133376,0.0004855205042986199,0.022769899806007743,0.01524828586843796,0.0004902794098597951,0.022772701806388795,0.015960164164425805,0.0004965695225109812,0.022775791701860726,0.014825479418504983,0.0013547565322369337,709.0
71,refiner_only,0.14663467835634947,0.3543200194835663,2e-06,0.0,0.0,0.0006074085576983634,0.025843356852419674,0.02208364335820079,0.0006088906156946905,0.025842916569672525,0.021744060795754194,0.0006121729020378552,0.025842967559583485,0.023754036403261125,0.0006164687074488029,0.02584342274349183,0.021769745275378227,0.0012310927268117666,733.0
72,refiner_only,0.10074307071045041,0.4117704927921295,2e-06,0.0,0.0,0.0005067128677183064,0.015113449597265571,0.01861947969882749,0.0005084899748908356,0.015095653507160023,0.018224126164568588,0.0005120673813507892,0.015078186319442466,0.018178149621235207,0.000516833235451486,0.015061060257721692,0.01756849867524579,0.0013916626339778304,438.0
73,refiner_only,0.12298077717423439,0.6437976956367493,2e-06,0.0,0.0,0.0006025647162459791,0.020662656286731362,0.02105287613812834,0.0006042036111466587,0.020637596491724253,0.020326434401795268,0.0006075258206692524,0.020613289438188076,0.01939567516092211,0.0006117162338341586,0.020589009625837207,0.019595327088609338,0.0011650765081867576,698.0
74,refiner_only,0.09555063070729375,0.33987122774124146,2e-06,0.0,0.0,0.0004997552205168176,0.015279646031558514,0.015687586914282292,0.0005017326620873064,0.015261789783835411,0.01602079760050401,0.0005059839386376552,0.015244297741446644,0.016634367231745273,0.000511455575178843,0.015227166702970862,0.015643040067516267,0.0012614261358976364,564.0
75,refiner_only,0.3039173949509859,0.24279078841209412,2e-06,0.0,0.0,0.0008455958086415194,0.04880963359028101,0.03943048603832722,0.0008474662245134823,0.048797568306326866,0.05013600131496787,0.0008510889310855418,0.04878997569903731,0.04035932628903538,0.0008554827800253406,0.048780011711642146,0.0645004769321531,0.0015694204485043883,792.0
76,refiner_only,0.10300684347748756,0.24909049272537231,2e-06,0.0,0.0,0.0005093829277029727,0.018072058563120663,0.014483804639894515,0.000511025918967789,0.01805905409855768,0.01587928959634155,0.0005143899434187915,0.018046219542156905,0.015656873234547675,0.0005187526730878744,0.018033465836197138,0.01578777504619211,0.0010405484354123473,698.0
77,refiner_only,0.13159491191618145,0.21385397017002106,2e-06,0.0,0.0,0.0005726749368477613,0.024102762225084007,0.03334448210080154,0.0005756733007729053,0.024089867190923542,0.019680573954246938,0.0005815549156977795,0.024080534640233964,0.019132592773530632,0.0005886848011869006,0.024071573396213353,0.01879385393112898,0.0013805230846628547,379.0
78,refiner_only,0.11409451812505722,0.23026636242866516,2e-06,0.0,0.0,0.0005674016574630514,0.017874346231110394,0.020154789206571877,0.0005695846848539077,0.01787023455835879,0.019126502447761595,0.0005740387714467943,0.017866542795673013,0.01938211394008249,0.0005794409771624487,0.017863005283288658,0.02026305696927011,0.0014474901836365461,593.0
79,refiner_only,0.13492002245038748,0.5086751580238342,2e-06,0.0,0.0,0.000565784936043201,0.025225898949429393,0.019069541187491268,0.0005680466601916123,0.025199905736371875,0.01919178757816553,0.0005725610899389721,0.02517401601653546,0.020051454077474773,0.0005777110927738249,0.025148448767140508,0.01843609055504203,0.0013031786074861884,709.0
80,refiner_only,0.1875858288258314,0.2995013892650604,2e-06,0.0,0.0,0.0007270442438311875,0.028189097065478563,0.03558817855082452,0.0007288032138603739,0.02819213771726936,0.0327299484051764,0.0007322788151213899,0.028195413877256215,0.03237052424810827,0.0007364393859461416,0.02819903672207147,0.035701250191777945,0.0014752531424164772,815.0
81,refiner_only,0.12481256574392319,0.38941001892089844,2e-06,0.0,0.0,0.000574560348468367,0.0217412484344095,0.01929535868111998,0.0005769681229139678,0.02171982388244942,0.018907161720562726,0.000582010587095283,0.021698721451684833,0.01871226541697979,0.0005882060213480145,0.02167802763869986,0.020349381200503558,0.0014977164100855589,607.0
82,refiner_only,0.1099853552877903,0.46675488352775574,2e-06,0.0,0.0,0.0005255344076431356,0.0203349816147238,0.013951048225862905,0.0005280367768136784,0.02030889509478584,0.016773017850937322,0.0005332415166776627,0.020283223246224225,0.015396708564367145,0.0005395449334173463,0.020257947908248752,0.015364741324447095,0.0020382103975862265,750.0
83,refiner_only,0.28945342591032386,0.36618852615356445,2e-06,0.0,0.0,0.0006736549112247303,0.048254788969643414,0.030027483880985528,0.0006759391035302542,0.04825480165891349,0.051636655058246106,0.000680236207699636,0.04825598944444209,0.060999783978331834,0.0006855185056338087,0.048257587710395455,0.030006914981640875,0.001708101131953299,792.0
84,refiner_only,0.16055697668343782,0.3845919966697693,2e-06,0.0,0.0,0.0005784575841971673,0.029508433071896434,0.023520504822954535,0.0005803138192277402,0.029489251086488366,0.022888852981850505,0.0005839123114128597,0.029470349312759936,0.022919257287867367,0.0005884084785066079,0.02945183275733143,0.02458479581400752,0.001378821674734354,709.0
85,refiner_only,0.18688495084643364,0.3599582314491272,2e-06,0.0,0.0,0.0006249212601687759,0.0324665168300271,0.02725742943584919,0.0006275674713833723,0.03244457580149174,0.03136079455725849,0.0006324107635009568,0.03242310928180814,0.025672025163657963,0.0006379290280165151,0.032401715870946646,0.03068482200615108,0.0017389787826687098,908.0
86,refiner_only,0.12729226145893335,0.31140539050102234,2e-06,0.0,0.0,0.0006104990679887123,0.021214500884525478,0.019270768854767084,0.0006121566329966299,0.021215029526501894,0.0207740186015144,0.0006157310417620465,0.02121582080144435,0.01919099921360612,0.0006202917138580233,0.021217169472947717,0.021831046440638602,0.0016340797301381826,485.0
87,refiner_only,0.11231481470167637,0.4264972507953644,2e-06,0.0,0.0,0.0005281532467051875,0.0229894844815135,0.014771412126719952,0.0005317582181305625,0.022961872396990657,0.014332730032037944,0.0005382036470109597,0.022932125139050186,0.01334646379109472,0.0005456129729282111,0.022903740988112986,0.014222309575416148,0.0016498183831572533,698.0
88,refiner_only,0.1489047072827816,0.30333060026168823,2e-06,0.0,0.0,0.0005791327566839755,0.02978463121689856,0.0194648775504902,0.0005818586141685955,0.02976562106050551,0.020907188998535275,0.0005871679350093473,0.029746485874056816,0.018873275024816394,0.0005936197048868053,0.029727828106842935,0.018121663597412407,0.0019615141209214926,557.0
89,refiner_only,0.18456005863845348,0.394846647977829,2e-06,0.0,0.0,0.000644782732706517,0.035389955271966755,0.03537441533990204,0.0006471731867350172,0.035390058532357216,0.03387855365872383,0.0006520313763758168,0.035397037980146706,0.02152307517826557,0.0006579819382750429,0.035401507280766964,0.021012634388171136,0.0021965859923511744,815.0
90,refiner_only,0.15050118882209063,0.20987975597381592,2e-06,0.0,0.0,0.0005773841658083256,0.024127498851157725,0.039384996925946325,0.0005803169224236626,0.02411213528830558,0.0185534258489497,0.0005857695905433502,0.0240986505523324,0.039666805299930274,0.0005921243136981502,0.02408471517264843,0.01822724100202322,0.0017060884274542332,485.0
91,refiner_only,0.08435835991986096,0.3230522871017456,2e-06,0.0,0.0,0.00046556238339690026,0.015870952047407627,0.011757441854570061,0.00046947853843448684,0.01585779822198674,0.011604117782553658,0.0004769569932250306,0.01584531328990124,0.012810470856493339,0.000485732623928925,0.01583356989431195,0.010974921373417601,0.001669380348175764,502.0
92,refiner_only,0.13866864517331123,0.23789095878601074,2e-06,0.0,0.0,0.0005972966719127726,0.024293736554682255,0.022710781369823962,0.0006009848912071902,0.02428578762919642,0.021569367789197713,0.0006078029437048826,0.024278259981656447,0.02174967003520578,0.0006155045775813051,0.024271272850455716,0.020689994853455573,0.0016334853135049343,815.0
93,refiner_only,0.23709125956520438,0.21577943861484528,2e-06,0.0,0.0,0.0006241818337002769,0.030435839958954602,0.027866735705174506,0.000627779863862088,0.030420776514802128,0.04780086918617599,0.0006345821093418635,0.030407121288590133,0.04871740922681056,0.0006422813676181249,0.03039408108452335,0.04744635071256198,0.0019580230582505465,908.0
94,refiner_only,0.16968840081244707,0.25649046897888184,2e-06,0.0,0.0,0.0006582990026799962,0.02683049556799233,0.03294471919070929,0.0006603919391636737,0.026818019221536815,0.019981535733677447,0.0006642050939262845,0.026811017538420856,0.03318993770517409,0.0006690468035230879,0.026803170796483755,0.03409107984043658,0.0016501076752319932,586.0
95,refiner_only,0.19271856732666492,0.31086787581443787,2e-06,0.0,0.0,0.0006730657987645827,0.03832764888647944,0.02870594954583794,0.0006755082868039608,0.03830974956508726,0.02521047170739621,0.0006799648108426481,0.03829166549257934,0.024429558194242418,0.0006852226142655127,0.0382741877110675,0.026162245078012347,0.0022239668760448694,750.0
96,refiner_only,0.13592843804508448,0.4298340678215027,2e-06,0.0,0.0,0.0005297789011819987,0.026089811814017594,0.02027100563282147,0.0005326082100509666,0.026066299760714173,0.02023345627821982,0.0005377827874326613,0.026042465236969292,0.017043279367499053,0.0005439479282358661,0.026019377168267965,0.0189092181972228,0.0018319408409297466,586.0
97,refiner_only,0.1510805981233716,0.35611751675605774,2e-06,0.0,0.0,0.000565369933610782,0.030673042871057987,0.016719739593099803,0.0005684263705916237,0.030672462191432714,0.020403629983775318,0.0005740190354117658,0.030672412423882633,0.019471317355055362,0.000580737952986965,0.0306729928124696,0.017464601551182568,0.0012956620194017887,428.0
98,refiner_only,0.14734481554478407,0.2571152448654175,2e-06,0.0,0.0,0.0006252804887481034,0.028807954746298492,0.04114129091612995,0.0006278183172980789,0.0288015027763322,0.01982066547498107,0.000632705727184657,0.028796147787943482,0.019416411058045924,0.0006384115695254877,0.028791491989977658,0.019819664070382714,0.001580529846251011,709.0
99,refiner_only,0.11388264689594507,0.3288796842098236,2e-06,0.0,0.0,0.000624317000983865,0.02133165899431333,0.01622351788682863,0.000626941560767591,0.02132041411823593,0.016094322374556214,0.0006321889486571308,0.021309685369487852,0.01618511904962361,0.0006386459426721558,0.021299384883604944,0.01577594576519914,0.0016788861248642206,508.0
100,refiner_only,0.12942535988986492,0.2585121691226959,2e-06,0.0,0.0,0.0005435703278635629,0.02211288665421307,0.02104320444050245,0.0005455746104416903,0.02211199060548097,0.021210439736023545,0.0005494328070199117,0.022111268481239676,0.020894677727483213,0.0005543903280340601,0.02211113111115992,0.019336455879965797,0.00220705708488822,709.0
101,refiner_only,0.19629853405058384,0.5811967849731445,2e-06,0.0,0.0,0.000741414311050903,0.030393352964892983,0.03499924810603261,0.0007439189648721367,0.030405369121581316,0.03603500663302839,0.0007488452611141838,0.03041779831983149,0.03323754924349487,0.0007545007829321548,0.030430904356762767,0.033524642465636134,0.0022102687507867813,908.0
102,refiner_only,0.07164911413565278,0.4224887788295746,2e-06,0.0,0.0,0.0005101384122099262,0.013103996228892356,0.012345884984824806,0.0005145836330484599,0.013100297190248966,0.01032711859443225,0.0005232659095781855,0.013097563409246504,0.010403520951513201,0.0005333473563950974,0.01309538766508922,0.010054029815364629,0.0015204779338091612,462.0
103,refiner_only,0.14208968612365425,0.4544020891189575,2e-06,0.0,0.0,0.0005656528901454294,0.024241501989308745,0.02132155722938478,0.0005681243892468046,0.024249435460660607,0.02295544761000201,0.0005728282958443742,0.02425755703006871,0.022183006803970784,0.0005785206776636187,0.02426615869626403,0.02245860660332255,0.001560360542498529,709.0
104,refiner_only,0.16846489813178778,0.38188713788986206,2e-06,0.0,0.0,0.0006694396943203174,0.028443232411518693,0.025952251628041267,0.0006721741156070493,0.028439250774681568,0.026535681099630892,0.0006773382483515888,0.028435649117454886,0.0284321210347116,0.0006833415100118145,0.028432474238798022,0.02615686843637377,0.0013700515264645219,815.0
105,refiner_only,0.1045529511757195,0.5673155784606934,2e-06,0.0,0.0,0.0004986722087778617,0.018928318517282605,0.014045289368368685,0.0005012128676753491,0.018894356908276677,0.0165739914518781,0.0005056667869212106,0.01886092685163021,0.013980462914332747,0.000511088510393165,0.018827957333996892,0.01589728973340243,0.001336321933194995,733.0
106,refiner_only,0.19068848993629217,0.43335986137390137,2e-06,0.0,0.0,0.0006613382502109744,0.035380884539335966,0.02981452993117273,0.000663268452626653,0.03538810973986983,0.02683072700165212,0.0006673965544905514,0.03539534192532301,0.028825440909713507,0.0006725165003444999,0.035402936860919,0.026842755265533924,0.0017557046376168728,709.0
107,refiner_only,0.0782590857706964,0.382703572511673,2e-06,0.0,0.0,0.00047437498506042175,0.012371506018098444,0.013470485777361318,0.0004773499858856667,0.012367290502879769,0.013250946853077039,0.0004833460734516848,0.012363756657578051,0.013375737646128982,0.0004907479124085512,0.012360884749796242,0.013089024840155616,0.0013118276838213205,501.0
108,refiner_only,0.1562509979121387,0.2717357873916626,2e-06,0.0,0.0,0.00062342398086912,0.024917147704400122,0.029825744219124317,0.0006261136004468426,0.024907748796977103,0.02934894384816289,0.0006312791774689686,0.024898634990677238,0.02367925678845495,0.000637140852632001,0.02488996461033821,0.02663191535975784,0.001901534735225141,908.0
109,refiner_only,0.1315437238663435,0.1489206850528717,2e-06,0.0,0.0,0.0005891095861443318,0.02286386105697602,0.021857671439647675,0.0005912497836106922,0.02285637764725834,0.021694643888622522,0.000595349061768502,0.022848972817882895,0.021884230547584593,0.0006002069931128062,0.022842198726721108,0.017630494898185134,0.0014708545058965683,521.0
110,refiner_only,0.17920866794884205,0.19601765275001526,2e-06,0.0,0.0,0.0006750275315425824,0.03258515312336385,0.029324808856472373,0.0006772410415578634,0.032576445722952485,0.024230728158727288,0.0006810228151152842,0.03256766509730369,0.026757331914268434,0.000685582053847611,0.03255918808281422,0.028473464655689895,0.001644751406274736,634.0
111,refiner_only,0.14430903503671288,0.2322685420513153,2e-06,0.0,0.0,0.0006040382686478551,0.02526078262599185,0.02295117126777768,0.0006069846785976551,0.02525142190279439,0.02257567719789222,0.000612621042819228,0.02524261607322842,0.02252826828043908,0.0006192410364747047,0.02523353655124083,0.021638667909428477,0.0014826254919171333,607.0
112,refiner_only,0.12308463640511036,0.2545097768306732,2e-06,0.0,0.0,0.0005405712581705302,0.02136351290391758,0.01817964349174872,0.0005429176744655706,0.021352473297156394,0.01939778181258589,0.0005474319586937781,0.02134204760659486,0.018128046009223908,0.0005528049659915268,0.021332195843569934,0.019888935901690274,0.0017293436685577035,750.0
113,refiner_only,0.1593772955238819,0.2882072329521179,2e-06,0.0,0.0,0.0006651429139310494,0.02459267433732748,0.02356902975589037,0.0006675752229057252,0.024583550170063972,0.025649863644503057,0.000672273356030928,0.024574826937168837,0.030164746684022248,0.0006777174858143553,0.024566586362197995,0.027820158866234124,0.0012573342537507415,471.0
114,refiner_only,0.18613732233643532,0.34801992774009705,2e-06,0.0,0.0,0.0005931514788244385,0.036176517605781555,0.024432328762486577,0.0005952419742243364,0.03615735226776451,0.02369708160404116,0.0005990071076666936,0.03613853920251131,0.025676120771095157,0.0006036599734215997,0.0361201255582273,0.026550195878371596,0.0016348832286894321,750.0
115,refiner_only,0.18272844329476357,0.3565848767757416,2e-06,0.0,0.0,0.0006611430981138255,0.031323338276706636,0.03272377350367606,0.0006632536133110989,0.031311577069573104,0.03275929996743798,0.000667119471472688,0.031299894326366484,0.022239522775635123,0.0006717870019201655,0.03128872765228152,0.031827259925194085,0.0018445065943524241,792.0
116,refiner_only,0.13589056115597486,0.21056202054023743,2e-06,0.0,0.0,0.0005989473684167024,0.021490076556801796,0.02070553955854848,0.0006007516349200159,0.02147984493058175,0.0239896432030946,0.0006042302193236537,0.021469607949256897,0.021763941505923867,0.0006083427433623001,0.021459605894051492,0.02391459175851196,0.002117549767717719,709.0
117,refiner_only,0.1848631128668785,0.24845093488693237,2e-06,0.0,0.0,0.0006516312787425704,0.030365538666956127,0.02194133959710598,0.0006532024490297772,0.030354916234500706,0.0345951869385317,0.0006560931069543585,0.03034818114247173,0.0340255411574617,0.0006597569299628958,0.03034179098904133,0.023228440317325294,0.0019466320518404245,496.0
118,refiner_only,0.134155566804111,0.5971730351448059,2e-06,0.0,0.0,0.0005884909733140375,0.02107802126556635,0.022209934308193624,0.0005906120713916607,0.021051539573818445,0.022338623413816094,0.0005946871424384881,0.021025502239353955,0.02482131135184318,0.0005996781146677677,0.020999802160076797,0.022133814520202577,0.0015594192082062364,502.0
119,refiner_only,0.2296067913994193,0.24013371765613556,2e-06,0.0,0.0,0.0007511563653679332,0.04231327713932842,0.04180399270262569,0.0007532483723480254,0.04231388750486076,0.03203321114415303,0.0007571399182779714,0.04231455468107015,0.032461597409565,0.0007618271229148377,0.04231515037827194,0.0358961679157801,0.001866622595116496,815.0
120,refiner_only,0.11576669244095683,0.6179664134979248,2e-06,0.0,0.0,0.0004939944737998303,0.020420839777216315,0.020108959957724437,0.0004963270512234885,0.020393612619955093,0.017057771736290306,0.0005005500534025487,0.02036686279461719,0.018172799347667024,0.0005054907960584387,0.020340508548542857,0.017932770249899477,0.0014893977204337716,586.0
121,refiner_only,0.10952355479821563,0.31469282507896423,2e-06,0.0,0.0,0.0005035557041992433,0.02098672150168568,0.014147636597044766,0.0005061542688054033,0.0209662874112837,0.015275846410077065,0.0005114298110129312,0.020946365722920746,0.01484241511207074,0.0005178637293283828,0.020926811848767102,0.01503038126975298,0.001277647097595036,545.0
122,refiner_only,0.15849415212869644,0.3934808671474457,2e-06,0.0,0.0,0.0005849379449500702,0.026618416886776686,0.026741693436633795,0.0005879715827177279,0.026616977993398905,0.02271714067319408,0.0005937533351243474,0.026615615701302886,0.027398807753343135,0.000600322920945473,0.026614910922944546,0.026748648495413363,0.0018469385104253888,908.0
123,refiner_only,0.15158177074044943,0.41742387413978577,2e-06,0.0,0.0,0.0005657557121594436,0.025834855157881975,0.03336775943171233,0.0005681729671778157,0.025831962702795863,0.019935874559450895,0.0005727458374167327,0.025835851731244475,0.020133910875301808,0.0005782242078566924,0.025833944673649967,0.03229108138475567,0.002072262344881892,815.0
124,refiner_only,0.23344258777797222,0.5599055886268616,2e-06,0.0,0.0,0.0006444066020776518,0.04239602491725236,0.032457377936225384,0.0006465909718826879,0.042410250985994935,0.030678259674459696,0.0006505849269160535,0.04242485936265439,0.04238111327867955,0.0006554258870892227,0.042439839569851756,0.031155660573858768,0.0019387786742299795,815.0
125,refiner_only,0.1361969206482172,0.18741761147975922,2e-06,0.0,0.0,0.0005968311234028079,0.022937110508792102,0.023355193436145782,0.0005988348384562414,0.02293230756185949,0.021445742109790444,0.0006029704272805247,0.022927994490601122,0.022191261872649193,0.0006079828526708297,0.02292423660401255,0.021965590887703,0.0017113798530772328,593.0
126,refiner_only,0.12867761310189962,0.2628893554210663,2e-06,0.0,0.0,0.0005383954630815424,0.022373512503691018,0.02203393669333309,0.0005405203482951038,0.022366990277078003,0.01741718442644924,0.0005445784372568596,0.022360751871019602,0.022510830778628588,0.0005494512588484213,0.022355146997142583,0.020032156258821487,0.0020840002689510584,709.0
127,refiner_only,0.14344511879608035,0.41756191849708557,2e-06,0.0,0.0,0.0005979682282486465,0.025572776794433594,0.02142408094368875,0.0006003027665428817,0.025553860468789935,0.021088037232402712,0.0006048468276276253,0.0255353074753657,0.022177525970619172,0.0006102691186242737,0.025517314206808805,0.021757654030807316,0.0016824041958898306,634.0
128,refiner_only,0.18175572715699673,0.41243013739585876,2e-06,0.0,0.0,0.0006028322623023996,0.031817933602724224,0.028192355210194364,0.0006050275769666769,0.031821528275031596,0.030320298246806487,0.000609257895121118,0.03182568869669922,0.029024321265751496,0.0006143400460132398,0.03183061181334779,0.025104650703724474,0.0016165839042514563,496.0
129,refiner_only,0.14780231844633818,0.27472615242004395,2e-06,0.0,0.0,0.0005493642584042391,0.024924091820139438,0.02443240865250118,0.0005513469950528815,0.02492121991235763,0.023957099561812356,0.0005552329894271679,0.02491844623000361,0.024308077641762793,0.0005599079886451364,0.024916523398132995,0.02311446421663277,0.0017063511768355966,815.0
130,refiner_only,0.09546057041734457,0.2839062809944153,2e-06,0.0,0.0,0.0005705721923732199,0.015706615755334496,0.017585421504918486,0.0005730631310143508,0.015690244792494923,0.014958128216676414,0.0005779715393146034,0.015674506372306496,0.015139008755795658,0.0005839482619194314,0.015659508295357227,0.01660418964456767,0.0014791438588872552,460.0
131,refiner_only,0.15119477920234203,0.5217663645744324,2e-06,0.0,0.0,0.0006077893485780805,0.027591940015554428,0.025165811530314386,0.0006095430435379967,0.0275682172505185,0.024897417868487537,0.0006129577086539939,0.027544679469428957,0.02098196791484952,0.0006170971610117704,0.027521226555109024,0.020841671037487686,0.0014311203267425299,607.0
132,refiner_only,0.2449483738746494,0.1753622442483902,2e-06,0.0,0.0,0.0007534315336670261,0.04090747609734535,0.03596322992234491,0.000755857843614649,0.04089741286588833,0.047127233032369986,0.0007602368496009149,0.04089039331302047,0.03024178248597309,0.0007653073917026632,0.0408842530741822,0.04262590204598382,0.001825850224122405,908.0
133,refiner_only,0.11013144464232028,0.22386886179447174,2e-06,0.0,0.0,0.0005894308251299663,0.017712291970383376,0.020297558599850163,0.0005919888826610986,0.017704414116451517,0.018626459437655285,0.0005968293771729805,0.017697220901027322,0.018540152319474146,0.0006026585469953716,0.017690790788037702,0.018080931360600516,0.0010704546002671123,406.0
134,refiner_only,0.1323481595609337,0.3562244176864624,2e-06,0.0,0.0,0.0005866227911610622,0.021482584299519658,0.021149163570953533,0.0005893816596653778,0.02146169720799662,0.02235859737265855,0.0005944704098510556,0.02144427495659329,0.022609379433561116,0.0006002770642226096,0.021421281388029456,0.021268799144309014,0.0020037053618580103,496.0
135,refiner_only,0.15313722495920956,0.417088121175766,2e-06,0.0,0.0,0.0004619508999894606,0.026011653535533696,0.013070932298433036,0.00046480013406835496,0.026007039909018204,0.030331294692587107,0.00046997670142445713,0.026002661237725988,0.016119103936944157,0.000475676373753231,0.025998604076448828,0.02726806333521381,0.0016198381781578064,709.0
136,refiner_only,0.1187360710464418,0.5577177405357361,2e-06,0.0,0.0,0.0005813754178234376,0.021432824491057545,0.016851604828843847,0.0005841606507601682,0.021403852093499154,0.017141369462478906,0.0005894859677937347,0.02137507064617239,0.018162064370699227,0.0005957335815764964,0.021346583031117916,0.01753775021643378,0.0016657215310260653,634.0
137,refiner_only,0.24473486561328173,0.567147433757782,2e-06,0.0,0.0,0.0007091933439369313,0.03948687692172825,0.02273801085539162,0.000711346794560086,0.03945980709977448,0.04645206837449223,0.0007154700215323828,0.039433115627616644,0.04594394797459245,0.0007203644854598679,0.0394072683993727,0.03189146739896387,0.0019847203511744738,792.0
138,refiner_only,0.08812503516674042,0.24759037792682648,2e-06,0.0,0.0,0.0005078247377241496,0.014649511023890227,0.014507384621538222,0.0005103295588924084,0.014629052835516632,0.014440755010582507,0.0005151434525032528,0.014609227306209505,0.014268728758906946,0.0005209156952332705,0.014590035192668438,0.014040847891010344,0.002070386428385973,508.0
139,refiner_only,0.20496188011020422,0.1814447045326233,2e-06,0.0,0.0,0.0007384306263702456,0.03598172718193382,0.036150492960587144,0.0007410031103063375,0.035976569226477295,0.03614014375489205,0.0007455472441506572,0.035969330463558435,0.03470541015849449,0.0007507856462325435,0.035971709730802104,0.02396137223695405,0.002021638909354806,792.0
140,refiner_only,0.1278044329956174,0.21434177458286285,2e-06,0.0,0.0,0.0005996797335683368,0.0198563247686252,0.022027695667929947,0.0006025510010658763,0.01984334271401167,0.02294986881315708,0.000607934325671522,0.019830875447951257,0.021483996708411723,0.0006140765071904752,0.019818776403553784,0.0220530130318366,0.0016639307141304016,698.0
141,refiner_only,0.16595246642827988,0.26019465923309326,2e-06,0.0,0.0,0.000640115984424483,0.027607636176981032,0.04167502070777118,0.0006422628648579121,0.0275991935050115,0.021382229286246,0.00064634235604899,0.027592554746661335,0.03994636156130582,0.000651278045552317,0.027587108314037323,0.01990512979682535,0.0015618059551343322,733.0
142,refiner_only,0.15338270086795092,0.3548356294631958,2e-06,0.0,0.0,0.0006790562147216406,0.02951155579648912,0.021659035701304674,0.0006817600551585201,0.029488030122593045,0.020642649964429438,0.0006865924951853231,0.02946492866612971,0.021414330694824457,0.0006921217172930483,0.029442233848385513,0.02087005111388862,0.001636357861571014,545.0
143,refiner_only,0.16869874112308025,0.28922146558761597,2e-06,0.0,0.0,0.0005688870769517962,0.030229354626499116,0.03127648786175996,0.0005718770771636628,0.03021447639912367,0.021158337127417326,0.000577091945160646,0.030199904926121235,0.022714638791512698,0.0005832055830978788,0.03018576727481559,0.03249343711649999,0.002084687352180481,792.0
144,refiner_only,0.11363558657467365,0.22526438534259796,2e-06,0.0,0.0,0.0005316138958733063,0.019142082252074033,0.017906250490341336,0.0005339764757081866,0.019134275324176997,0.018087599310092628,0.0005384570977184922,0.01912701694527641,0.01870526879793033,0.0005437962354335468,0.019120199605822563,0.017844996764324605,0.0017132513457909226,698.0
145,refiner_only,0.1339099071919918,0.5096517205238342,2e-06,0.0,0.0,0.0005635610759782139,0.024090351886115968,0.0208163998904638,0.0005665978424076457,0.024057130329310894,0.019810123718343675,0.0005721430716221221,0.024024289567023516,0.01972040458349511,0.0005785642060800456,0.023992027970962226,0.02058862376725301,0.001915015745908022,607.0
146,refiner_only,0.10292515764012933,0.40478086471557617,2e-06,0.0,0.0,0.000515898791491054,0.020353142055682838,0.013636844931170344,0.0005191456693864893,0.020323494827607647,0.012873087951447815,0.0005248007219051942,0.02029473992297426,0.013741405273322016,0.0005311314453138039,0.0202667438716162,0.013850608927896246,0.0014430276351049542,698.0
147,refiner_only,0.23406734596937895,0.3208860754966736,2e-06,0.0,0.0,0.0006666922781732865,0.0454281538259238,0.054428147443104535,0.0006697021017316729,0.0454063456854783,0.02097890235017985,0.0006750768261554185,0.04538762825541198,0.03392333351075649,0.0006814286534790881,0.04537396697560325,0.040970962727442384,0.001811824506148696,458.0
148,refiner_only,0.12730538472533226,0.2717590034008026,2e-06,0.0,0.0,0.0005736281600547954,0.024126655072905123,0.01782528916373849,0.0005765189671365079,0.02410744654480368,0.017733384971506894,0.0005814453070343006,0.024088879697956145,0.01780506398063153,0.0005868381049367599,0.024070788524113595,0.0177550200605765,0.0017944618593901396,698.0
149,refiner_only,0.16785251256078482,0.23320870101451874,2e-06,0.0,0.0,0.000611612107604742,0.02724162896629423,0.027406961598899215,0.0006139690594864078,0.02722834935411811,0.028342096135020256,0.0006181911958265118,0.027215706068091094,0.02764358907006681,0.0006231972547539044,0.027203846373595297,0.028363565099425614,0.002053443808108568,815.0
150,refiner_only,0.15778590692207217,0.30031585693359375,2e-06,0.0,0.0,0.0006121432888903655,0.02791117620654404,0.024698564724531025,0.0006152077185106464,0.027887369506061077,0.023922113585285842,0.000620420109044062,0.027864256058819592,0.02379680488957092,0.0006261235103011131,0.027841546339914203,0.024612064706161618,0.0025212953332811594,815.0
151,refiner_only,0.11103386711329222,0.2276354283094406,2e-06,0.0,0.0,0.000599561411945615,0.017282174667343497,0.018478488840628415,0.0006032688543200493,0.017274668673053384,0.018697255407460034,0.0006100799582782201,0.017268202151171863,0.019238776934798807,0.0006179777046781965,0.017262826557271183,0.019460813724435866,0.00219725607894361,601.0
152,refiner_only,0.13241601176559925,0.1747656762599945,2e-06,0.0,0.0,0.0005867621730430983,0.02115854632575065,0.022448749747127295,0.0005898202798562124,0.02114718675147742,0.022411237005144358,0.0005949948354100343,0.021136424620635808,0.022690795827656984,0.0006009798817103729,0.021126412553712726,0.022118158580269665,0.0020267327781766653,553.0
153,refiner_only,0.0926904994994402,0.19999173283576965,2e-06,0.0,0.0,0.0004992757421860006,0.017159121111035347,0.013469836208969355,0.0005029133171774447,0.017140828364063054,0.012642532819882035,0.0005096782588225324,0.017123351455666125,0.01246837992221117,0.0005175203259568661,0.017108346335589886,0.014676949009299278,0.0020229925867170095,502.0
154,refiner_only,0.22745315684005618,0.3345823287963867,2e-06,0.0,0.0,0.0006938926853763405,0.04339210083708167,0.05058784785796888,0.0006977271768846549,0.04338406163151376,0.03355952832498588,0.000703633271768922,0.043377742724260315,0.031018561421660706,0.0007100601433194242,0.04337227271753363,0.030629565269919112,0.0019127398263663054,460.0
155,refiner_only,0.08831924432888627,0.13969478011131287,2e-06,0.0,0.0,0.00047710907529108226,0.014764090825337917,0.014065520779695362,0.0004811219005205203,0.014749397058039904,0.014609578938689083,0.00048778963537188247,0.014735956734512001,0.013821147236740217,0.0004954069336235989,0.014724058913998306,0.014214784634532407,0.0021123343612998724,586.0
156,refiner_only,0.09049894940108061,0.4587211608886719,2e-06,0.0,0.0,0.00046119934995658696,0.01604119606781751,0.012408652488375083,0.00046506535363732837,0.016007774393074214,0.014048262615688145,0.0004713979687949177,0.015975517919287086,0.014577550638932735,0.00047884149898891337,0.01594453991856426,0.012530001171398908,0.0018858934054151177,481.0
157,refiner_only,0.12794198840856552,0.21030177175998688,2e-06,0.0,0.0,0.0005901004988118075,0.020902064628899097,0.020571785047650337,0.0005928317332291044,0.020891916938126087,0.020886583137325943,0.0005977934051770717,0.020882959477603436,0.021248340024612844,0.00060369010316208,0.020874783396720886,0.021363092004321516,0.0023378171026706696,601.0
158,refiner_only,0.19295346271246672,0.34837186336517334,2e-06,0.0,0.0,0.0006736257601005491,0.034486503805965185,0.031179714831523597,0.0006766785954823717,0.03447534213773906,0.032560657942667603,0.0006811902712797746,0.03446499817073345,0.02774439740460366,0.0006862870650365949,0.03445557807572186,0.027208333602175117,0.0028081622440367937,593.0
159,refiner_only,0.22480305517092347,1.1085113286972046,2e-06,0.0,0.0,0.000559654101380147,0.040753046167083085,0.037119845976121724,0.0005634338958770968,0.040793108637444675,0.0379410712630488,0.0005696175358025357,0.040833602426573634,0.02546180010540411,0.0005765940004494041,0.04087502451147884,0.03718880581436679,0.0021356847137212753,815.0
160,refiner_only,0.13596591097302735,0.2879558205604553,2e-06,0.0,0.0,0.000538618511200184,0.023137557902373374,0.020811872353078797,0.000543055484740762,0.02311601222027093,0.02182475506560877,0.0005511476629180834,0.023095583717804402,0.022878159157698974,0.0005599283504125196,0.023076186887919903,0.020321082178270444,0.002745739882811904,593.0
161,refiner_only,0.11226198775693774,0.22989703714847565,2e-06,0.0,0.0,0.0005103244329802692,0.02192365936934948,0.015175231848843396,0.0005141589026607107,0.021901933941990137,0.01441151270410046,0.000520650402904721,0.021881165797822177,0.016176712117157876,0.0005277520722302143,0.021861776884179562,0.014466326567344368,0.0025097511243075132,485.0
162,refiner_only,0.16979623772203922,0.19467628002166748,2e-06,0.0,0.0,0.0006524481359519996,0.030043789418414235,0.02565291919745505,0.0006552504128194414,0.030027221189811826,0.025676636141724885,0.0006599218322662637,0.030011191149242222,0.026136953732930124,0.0006650878640357405,0.029995644581504166,0.02596833521965891,0.002100578276440501,733.0
163,refiner_only,0.1693107383325696,0.3484586477279663,2e-06,0.0,0.0,0.0006533819432661403,0.02961199067067355,0.040509955142624676,0.0006568750650330912,0.02958467323333025,0.04053292772732675,0.0006625707901548594,0.029559101443737745,0.019480832386761904,0.0006687291715934407,0.02953454724047333,0.018630483653396368,0.0016561814118176699,545.0
164,refiner_only,0.09183478029444814,0.33697962760925293,2e-06,0.0,0.0,0.00044394123506208416,0.019346760876942426,0.024572516267653555,0.00044831753984908573,0.019337402714882046,0.01069246552651748,0.0004558614600682631,0.01932908469461836,0.011492796009406447,0.0004641659543267451,0.019322052306961268,0.010292636521626264,0.0020224922336637974,493.0
165,refiner_only,0.16109163197688758,0.3150208294391632,2e-06,0.0,0.0,0.0006342944179777987,0.02722068369621411,0.02769332824391313,0.0006371192721417174,0.027217580762226135,0.024456528917653486,0.00064227061739075,0.02721511560957879,0.028348258783807978,0.0006479978619609028,0.027213288471102715,0.02471346891252324,0.002835698891431093,593.0
166,refiner_only,0.1668393537402153,0.19771532714366913,2e-06,0.0,0.0,0.0006381654529832304,0.02900918386876583,0.02055984642356634,0.0006405635140254162,0.028999116038903594,0.0360500814858824,0.00064462465888937,0.0289939051726833,0.021441012155264616,0.000649543828330934,0.028986315825022757,0.02043418842367828,0.0020127843599766493,698.0
167,refiner_only,0.1469032852910459,0.36853960156440735,2e-06,0.0,0.0,0.0006110437752795406,0.025849029887467623,0.02522522007348016,0.0006148190877866,0.025822519965004176,0.021137567004188895,0.0006211886611708906,0.0257968608639203,0.02427156234625727,0.0006284719602263067,0.02577203483087942,0.02223826094996184,0.002054463839158416,521.0
168,refiner_only,0.099177515367046,0.151040181517601,2e-06,0.0,0.0,0.0005175297264941037,0.015963696700055152,0.015754912921693176,0.0005218048645474482,0.015945854247547686,0.016555620328290388,0.0005293982176226564,0.015929038869217038,0.016476030403282493,0.0005378461937652901,0.01591360248858109,0.01676831836812198,0.0017160297138616443,698.0
169,refiner_only,0.10504817450419068,0.47318020462989807,2e-06,0.0,0.0,0.0004972161605110159,0.020163416978903115,0.014682013832498342,0.0005008133375667967,0.020128205069340765,0.013337410695385188,0.0005067434649390634,0.02009373903274536,0.01495760545367375,0.0005132668884471059,0.020060040638782084,0.014950350159779191,0.002267745789140463,601.0
170,refiner_only,0.17375616263598204,0.1917237937450409,2e-06,0.0,0.0,0.000541172907105647,0.03053926205029711,0.01786440541036427,0.0005456258513731882,0.030520064930897206,0.01938588236225769,0.000552844452613499,0.030502591165713966,0.022904364042915404,0.0005605873629974667,0.030485685740131885,0.03829851112095639,0.0025751038920134306,908.0
171,refiner_only,0.10035587614402175,0.2466714084148407,2e-06,0.0,0.0,0.0005495223376783542,0.017472028033807874,0.01487289386568591,0.0005530463204195257,0.017454422428272665,0.016128650400787592,0.0005588901913142763,0.017438023525755852,0.015400359348859638,0.0005654980923281983,0.017422839126084,0.014834146364592016,0.0018376382067799568,495.0
172,refiner_only,0.16422261763364077,0.44160351157188416,2e-06,0.0,0.0,0.0005456182334455661,0.03121495363302529,0.020221792219672352,0.0005493290373124182,0.031221161945722997,0.02445610915310681,0.0005555853094847407,0.031227987492457032,0.020229035057127476,0.0005623477773042396,0.0312353593762964,0.024185705289710313,0.0028923803474754095,634.0
173,refiner_only,0.205385600682348,0.33539527654647827,2e-06,0.0,0.0,0.0005736930543207563,0.03413719520904124,0.0383842209703289,0.0005771622454631142,0.03413661371450871,0.041520984552334994,0.0005826507258461788,0.03413737320806831,0.0200780724408105,0.0005884247657377273,0.03413897065911442,0.03962534700985998,0.002175610978156328,750.0
174,refiner_only,0.17873228760436177,0.22824664413928986,2e-06,0.0,0.0,0.0006552784216182772,0.029426107881590724,0.022979835572186857,0.0006582634923688602,0.02942021982744336,0.02392545185284689,0.0006636036632698961,0.029415137716569006,0.03906567790545523,0.0006695388510706834,0.029410919290967286,0.025503475277218968,0.0020968627650290728,521.0
175,refiner_only,0.15222509671002626,0.46289917826652527,2e-06,0.0,0.0,0.00062407243240159,0.02850020444020629,0.022277086973190308,0.0006271991587709635,0.02846919244620949,0.02216668811161071,0.0006319070380413905,0.028439240530133247,0.020134631427936256,0.0006373984288075007,0.02841008990071714,0.022708748118020594,0.002307893941178918,634.0
176,refiner_only,0.18535727867856622,0.4598427414894104,2e-06,0.0,0.0,0.0006133708156994544,0.032624263141769916,0.027202576340641826,0.0006170792476041242,0.032629075285512954,0.02751279025687836,0.0006232717314560432,0.03263463405892253,0.031518566189333797,0.0006298520602285862,0.03264106350252405,0.02655094239162281,0.0026146224699914455,908.0
177,refiner_only,0.13789278455078602,0.26172804832458496,2e-06,0.0,0.0,0.0005673110645147972,0.024025010992772877,0.020077490305993706,0.0005710327095584944,0.024002764199394733,0.02005957649089396,0.0005766236972704064,0.023981450707651675,0.021010043274145573,0.0005828355388075579,0.023960823251400143,0.02314763725735247,0.002075935248285532,698.0
178,refiner_only,0.12298162514343858,0.3120829164981842,2e-06,0.0,0.0,0.0005534041556529701,0.02264913124963641,0.01837312348652631,0.000556862578378059,0.02262211818015203,0.018716760212555528,0.0005628593353321776,0.02259615866933018,0.016313402506057173,0.0005697590968338773,0.022571302484720945,0.018472401483450085,0.0022491414565593004,601.0
179,refiner_only,0.1407338180579245,0.24736595153808594,2e-06,0.0,0.0,0.0005671246344718384,0.025546583579853177,0.023833930608816445,0.000570538584725,0.025535020511597395,0.023156727402238175,0.0005759030173067003,0.02552938586450182,0.01861122128320858,0.0005816214434162248,0.02552225423278287,0.02065114679862745,0.002069596666842699,709.0
180,refiner_only,0.17799907643347979,0.2604331076145172,2e-06,0.0,0.0,0.0006765140387869906,0.027948314615059644,0.03048076038248837,0.0006798487884225324,0.027937902719713748,0.030320459511131048,0.0006854796556581277,0.02792859252076596,0.03322182624833658,0.0006915770609339233,0.02792053041048348,0.028612861642614007,0.0026346256490796804,908.0
181,refiner_only,0.18416432198137045,0.3514302372932434,2e-06,0.0,0.0,0.0006794831861043349,0.03526560845784843,0.03345994034316391,0.0006832910221419297,0.03524032712448388,0.026606407016515732,0.0006892139208503067,0.03521602170076221,0.025145549909211695,0.0006957618170417845,0.0351927817100659,0.024694969528354704,0.0026136988308280706,792.0
182,refiner_only,0.18082873430103064,0.19334673881530762,2e-06,0.0,0.0,0.0006339109095279127,0.02817273896653205,0.024596029135864228,0.0006368831491272431,0.02815740095684305,0.03152960242005065,0.0006419254605134483,0.028142633149400353,0.031706237234175205,0.000647582251986023,0.0281288888072595,0.03123758442234248,0.002656217198818922,908.0
183,refiner_only,0.12516295351088047,0.44083333015441895,2e-06,0.0,0.0,0.000532467667653691,0.021633436204865575,0.022327542130369693,0.0005358395392249804,0.02163833158556372,0.018302168580703437,0.0005414088918769266,0.021644197637215257,0.021812584425788373,0.0005476512196764816,0.021650941751431674,0.018489826295990497,0.0026725945062935352,908.0
184,refiner_only,0.10705289477482438,0.27059248089790344,2e-06,0.0,0.0,0.0004980361154593993,0.01812007953412831,0.015694034314947203,0.0005030105603509583,0.018110346631146967,0.01420539803802967,0.0005108337209094316,0.018102159607224166,0.01883396354969591,0.0005189762850932311,0.018094839120749384,0.018173364718677476,0.002660918515175581,521.0
185,refiner_only,0.17164413258433342,0.4909819960594177,2e-06,0.0,0.0,0.0005554419367399532,0.02669986302498728,0.015249879565089941,0.0005588103376794606,0.026702644885517657,0.030186853604391217,0.0005646008794428781,0.026706496835686266,0.030573727330192924,0.0005713254795409739,0.026711546117439866,0.029068129952065647,0.0023091507609933615,601.0
186,refiner_only,0.10431624273769557,0.35164737701416016,2e-06,0.0,0.0,0.00053090108485776,0.017547638271935284,0.017009881004923955,0.0005346464495232794,0.017516054853331298,0.01710429645027034,0.0005405518822954036,0.017485445307102054,0.015077883028425276,0.0005467959163070191,0.01745569903869182,0.018054869084153324,0.002643371233716607,438.0
187,refiner_only,0.21616523014381528,0.2835844159126282,2e-06,0.0,0.0,0.0006069737828511279,0.03644800098845735,0.03601533023174852,0.0006106921573518775,0.03642714623128995,0.03378034493653104,0.0006167137071315665,0.036406810919288546,0.03560266812564805,0.0006231896004464943,0.03638730675447732,0.03571035875938833,0.0025536841712892056,815.0
188,refiner_only,0.1751887882128358,0.3320227861404419,2e-06,0.0,0.0,0.0006644532331847586,0.03175575705245137,0.03441224945709109,0.000668218926875852,0.031737027573399246,0.02067431027535349,0.0006742406476405449,0.031722223153337836,0.035373263992369175,0.0006805992525187321,0.031708020134828985,0.021950877038761973,0.002440796233713627,607.0
189,refiner_only,0.17868075100705028,0.27742987871170044,2e-06,0.0,0.0,0.0006631566575379111,0.02962743421085179,0.02234003582270816,0.0006671657247352414,0.02961018611676991,0.03392098197946325,0.0006739803866366856,0.029593977378681302,0.03209563787095249,0.0006815435190219432,0.029578762827441096,0.021858512598555535,0.002548450604081154,792.0
190,refiner_only,0.08214471628889441,0.35318878293037415,2e-06,0.0,0.0,0.0004565708186419215,0.014459584024734795,0.013781042885966599,0.0004606468428391963,0.014423488290049136,0.011936173483263701,0.00046730896428925917,0.014388848736416548,0.012328628043178469,0.00047432552310056053,0.014356004656292498,0.013309289060998708,0.0017861479427665472,502.0
191,refiner_only,0.14565213164314628,0.28435423970222473,2e-06,0.0,0.0,0.0006445219951274339,0.023750896332785487,0.026198531937552616,0.0006479159455921035,0.0237382159975823,0.023701000784058124,0.0006536426590173505,0.023723060643533245,0.02669239166425541,0.0006598484324058518,0.023710686451522633,0.02212536713341251,0.001597684109583497,495.0
192,refiner_only,0.09092365903779864,0.4593397080898285,2e-06,0.0,0.0,0.0004775180459546391,0.01773355546174571,0.012129996437579393,0.0004807887089555152,0.017696137016173452,0.012053704645950347,0.0004859716209466569,0.01765980798518285,0.012130008894018829,0.0004917678234050982,0.01762484636856243,0.012300625734496862,0.002167782047763467,502.0
193,refiner_only,0.2103179767727852,0.33403533697128296,2e-06,0.0,0.0,0.0006998615208431147,0.03684385505039245,0.028279324993491173,0.0007024575534160249,0.03682411974295974,0.03399050724692643,0.0007068519771564752,0.03680476429872215,0.031108501367270947,0.0007119152287486941,0.03678599477279931,0.0326828669058159,0.0031356445979326963,815.0
194,refiner_only,0.1468586758710444,0.2241668701171875,2e-06,0.0,0.0,0.0006205315075931139,0.027361674001440406,0.016891776875127107,0.0006253404317249078,0.027340948930941522,0.022276731731835753,0.0006319615895336028,0.027320738066919148,0.020997730374801904,0.0006387440917023923,0.027300791582092643,0.019725687569007277,0.0022618446964770555,698.0
195,refiner_only,0.13378240074962378,0.3134300708770752,2e-06,0.0,0.0,0.0005663662886945531,0.02391372504644096,0.026706872682552785,0.0005700658330169972,0.023880357039161026,0.01578954979777336,0.0005762003129348159,0.023850589815992862,0.029066530987620354,0.000583082659431966,0.02382243238389492,0.0156435928074643,0.0024999910965561867,601.0
196,refiner_only,0.11991055961698294,0.44094201922416687,2e-06,0.0,0.0,0.0006417065087589435,0.019453735905699432,0.0189895533840172,0.0006464247016992886,0.019457976799458265,0.021314301528036594,0.0006535817046824377,0.01946344887255691,0.019281318644061685,0.0006611271128349472,0.019470104976790026,0.018962274683872238,0.0022768108174204826,496.0
197,refiner_only,0.16282712947577238,0.23168449103832245,2e-06,0.0,0.0,0.0006934934899618383,0.02982422581408173,0.020555566006805748,0.0006969669011596125,0.029803041950799525,0.017508078133687377,0.0007014186303422321,0.029782585217617452,0.02096208930015564,0.000706388360413257,0.02976318809669465,0.03290336561622098,0.001973539125174284,481.0
198,refiner_only,0.14749031839892268,0.37460750341415405,2e-06,0.0,0.0,0.0006010495781083591,0.02468730788677931,0.024682919727638364,0.0006040066291461699,0.02466185053344816,0.025370931369252503,0.0006088385671318974,0.02463730698218569,0.02446494624018669,0.0006142696875031106,0.024613753252197057,0.021914416225627065,0.002495032036677003,698.0
199,refiner_only,0.1798074971884489,0.3920685052871704,2e-06,0.0,0.0,0.00062237687598099,0.03486377280205488,0.019994990609120578,0.0006260196751100011,0.034831702476367354,0.03226801403798163,0.000631730625173077,0.03480023518204689,0.019367889850400388,0.0006380702689057216,0.034769461723044515,0.021874375001061708,0.0024698139168322086,750.0
200,refiner_only,0.08985026832669973,0.20145054161548615,2e-06,0.0,0.0,0.0004262476486474043,0.01620402286062017,0.011673714296193793,0.0004307563358452171,0.016186039574677125,0.013447135337628424,0.00043756828745245,0.016169622860616073,0.014465883519733325,0.000444615536252968,0.016154018027009442,0.012114626995753497,0.002137357834726572,709.0
201,refiner_only,0.123053012881428,0.25236937403678894,2e-06,0.0,0.0,0.000515818341227714,0.020452908240258694,0.019074983720202,0.0005204164917813614,0.020432657038327307,0.01975421461975202,0.0005275373223412316,0.020413583028130233,0.020760485902428627,0.0005352021435101051,0.02039574523223564,0.019713173096533865,0.0025081706698983908,508.0
202,refiner_only,0.10932495398446918,0.33351871371269226,2e-06,0.0,0.0,0.00050587989971973,0.021364907326642424,0.014036657201359048,0.0005115986496093683,0.021330226154532284,0.01367514397134073,0.0005196878337301314,0.0212968421401456,0.01524303006590344,0.0005280276964185759,0.021264656796120107,0.014955738908611238,0.002209156984463334,607.0
203,refiner_only,0.1197905084118247,0.1640649288892746,2e-06,0.0,0.0,0.0005994468192511704,0.019439826952293515,0.02196519321296364,0.0006029493524692953,0.019423167686909437,0.018522551748901606,0.0006083831758587621,0.019407690735533834,0.02094913914334029,0.0006143528589745983,0.01939363987185061,0.020268635940738022,0.002431748900562525,698.0
204,refiner_only,0.17304739775136113,0.28721556067466736,2e-06,0.0,0.0,0.0005936678353464231,0.03405659046256915,0.03705268958583474,0.0005977372602501418,0.034046881715767086,0.022941472561797127,0.0006042519453330897,0.034038532932754606,0.022982922528171912,0.0006112954433774576,0.03403145004995167,0.02319285593694076,0.0027078085113316774,815.0
205,refiner_only,0.15682200901210308,0.45636147260665894,2e-06,0.0,0.0,0.0006039320924173808,0.02705762826371938,0.02498626132728532,0.000607600206421921,0.027025553747080266,0.02453936979873106,0.0006140661062090658,0.026994513114914298,0.0227687232545577,0.000621468796452973,0.026963863521814346,0.02668685099342838,0.002743121702224016,564.0
206,refiner_only,0.1226212705951184,0.20913316309452057,2e-06,0.0,0.0,0.0004829743738810066,0.021036662976257503,0.01652973858290352,0.00048791802328196354,0.021012783457990736,0.022297293675364926,0.0004955414187861606,0.020990286546293646,0.018053673236863688,0.0005034246605646331,0.020969817764125764,0.01781053125159815,0.003106288146227598,908.0
207,refiner_only,0.18877660389989614,0.5512781143188477,2e-06,0.0,0.0,0.0006159220538393129,0.034887565299868584,0.02847496944013983,0.0006199664931045845,0.03484437079168856,0.026145392563194036,0.0006263049872359261,0.03480247163679451,0.02827935165259987,0.0006333793353405781,0.0347627813462168,0.0280625888844952,0.002819473622366786,733.0
208,refiner_only,0.12128081079572439,0.4765363037586212,2e-06,0.0,0.0,0.0005796487421321217,0.022453527082689106,0.017101304430980235,0.0005838448159920517,0.022411918733268976,0.01810637500602752,0.000589694765949389,0.02237176790367812,0.01719765068264678,0.0005961001370451413,0.02233292325399816,0.017090534965973347,0.0024169005919247866,733.0
209,refiner_only,0.1159857353195548,0.4369906187057495,2e-06,0.0,0.0,0.0005735048544011079,0.020292102242819965,0.01785135531099513,0.0005782600128441118,0.02025416900869459,0.017479981062933803,0.000585181394853862,0.02021712646819651,0.01708580629201606,0.0005926657395320944,0.02018033165950328,0.019012214383110404,0.00355753256008029,586.0
210,refiner_only,0.18066585715860128,0.3312806785106659,2e-06,0.0,0.0,0.0005924009419686627,0.030214421800337732,0.027465246501378715,0.0005964350129943341,0.03021265205461532,0.02696476725395769,0.000602844447712414,0.030212275800295174,0.03246944712009281,0.0006098666126490571,0.03021341294515878,0.028784157591871917,0.0032975897192955017,908.0
211,refiner_only,0.17201095912605524,0.4357806444168091,2e-06,0.0,0.0,0.0005989170858811121,0.03014340251684189,0.02424841793254018,0.0006032653436705004,0.030105082551017404,0.024375659180805087,0.0006101432845753152,0.030067454557865858,0.029155314899981022,0.0006173783149279188,0.030029973713681102,0.02644668403081596,0.0038475855253636837,908.0
212,refiner_only,0.15602464834228158,0.227296844124794,2e-06,0.0,0.0,0.00062403638548858,0.028191763325594366,0.022452701698057353,0.0006290791134233586,0.028172927210107446,0.02352088165935129,0.0006366097441059537,0.028154969797469676,0.021414636925328523,0.0006445889375754632,0.02813992986921221,0.02471102523850277,0.002892692107707262,750.0
213,refiner_only,0.11877877078950405,0.39081189036369324,2e-06,0.0,0.0,0.0005195076264499221,0.021432670298963785,0.01754229556536302,0.0005249514542811085,0.021389253437519073,0.01673672051401809,0.000532748283148976,0.02134736266452819,0.018416748091112822,0.0005408345568866935,0.021305088885128498,0.017985067737754434,0.003194405697286129,557.0
214,refiner_only,0.09294945886358619,0.2584298253059387,2e-06,0.0,0.0,0.0005188227969483705,0.015509119257330894,0.016232466557994485,0.0005236307988525368,0.015495556639507413,0.016425738227553666,0.0005312960747687612,0.015483547933399677,0.01462811860255897,0.0005395370899350382,0.015472632832825184,0.013849401089828461,0.0029257768765091896,709.0
215,refiner_only,0.14862666558474302,0.2158845216035843,2e-06,0.0,0.0,0.0005493711651070043,0.029296832741238177,0.018049337901175022,0.0005554233393922914,0.02927589463070035,0.020995106431655586,0.0005643249023705721,0.029255980043672025,0.0206123249954544,0.0005734607257181779,0.029237508308142424,0.017556640959810466,0.003173127770423889,485.0
216,refiner_only,0.13532907236367464,0.35775744915008545,2e-06,0.0,0.0,0.000552195622731233,0.024277594406157732,0.021562361856922507,0.0005561986727116164,0.02424406458158046,0.020463592431042343,0.0005627659847959876,0.02421159204095602,0.020570773107465357,0.0005702379312424455,0.024180291104130447,0.01996955508366227,0.004122698679566383,593.0
217,refiner_only,0.14332177303731441,0.2819206118583679,2e-06,0.0,0.0,0.0005741801141994074,0.02530213340651244,0.022291578934527934,0.0005793901873403229,0.025288113276474178,0.02223037846852094,0.0005868699663551524,0.025276013650000095,0.021119797369465232,0.0005949369515292346,0.025265850010327995,0.02238042268436402,0.004166930913925171,593.0
218,refiner_only,0.09289450664073229,0.5126370191574097,2e-06,0.0,0.0,0.00047860094127827324,0.016435033991001546,0.013835745514370501,0.00048465387226315215,0.01638515351805836,0.014259635005146265,0.0004935625838697888,0.016337041510269046,0.013736087246797979,0.0005029267631471157,0.016290611820295453,0.014404831978026778,0.0033011608757078648,564.0
219,refiner_only,0.13378945784643292,0.37738102674484253,2e-06,0.0,0.0,0.0004944370193697978,0.024409388075582683,0.020655930100474507,0.0005001533500035293,0.024361875315662473,0.018385602830676362,0.0005083144569653086,0.024315500864759088,0.02065416320692748,0.0005170967415324412,0.024270388938020915,0.020276359020499513,0.002117522293701768,815.0
220,refiner_only,0.12355377525091171,0.2747022807598114,2e-06,0.0,0.0,0.0005032458720961586,0.02097075420897454,0.019866391725372523,0.0005085181473987177,0.020959950867109,0.018982555833645165,0.0005160571563465055,0.020951534272171557,0.020647283410653472,0.000523769784194883,0.020945377182215452,0.01951872813515365,0.0031934005673974752,815.0
221,refiner_only,0.19673305470496416,0.26718127727508545,2e-06,0.0,0.0,0.0006808879625168629,0.0334477371070534,0.022591510554775596,0.0006859488275949843,0.033437555423006415,0.024511198978871107,0.0006931695679668337,0.03343143593519926,0.045109876431524754,0.0007007372041698545,0.033422115026041865,0.0247410184238106,0.002556589199230075,815.0
222,refiner_only,0.1619613217189908,0.20545636117458344,2e-06,0.0,0.0,0.0005713132486562245,0.031224219012074172,0.020472640288062394,0.00057702179037733,0.031210322864353657,0.022068865946494043,0.0005845663181389682,0.031197838368825614,0.023193894885480404,0.0005925487421336584,0.03118698950856924,0.021349269896745682,0.0032635086681693792,553.0
223,refiner_only,0.09864452946931124,0.7129907011985779,2e-06,0.0,0.0,0.0004985859413864091,0.015814989747013897,0.018172974057961255,0.0005062892414571252,0.015829307900276035,0.0157705886522308,0.0005177333077881485,0.015851121686864644,0.016873778658919036,0.0005292519781505689,0.01586626301286742,0.0169001909380313,0.00282598240301013,421.0
224,refiner_only,0.10898489481769502,0.3228483200073242,2e-06,0.0,0.0,0.00048271954256051686,0.020916242559906095,0.014802780497120693,0.0004885631024080794,0.020869215193670243,0.014206875988747925,0.0004971022681274917,0.020823774015298113,0.01543680703616701,0.0005059856011939701,0.02078052907017991,0.015376040915725753,0.0029900725930929184,495.0
225,refiner_only,0.1207381458953023,0.3516902029514313,2e-06,0.0,0.0,0.0005475405778270215,0.01975679479073733,0.019379855133593082,0.0005529737245524302,0.019719856791198254,0.020001269062049687,0.0005603977842838503,0.01968542067334056,0.020456447382457554,0.0005682864648406394,0.01965346757788211,0.019540024688467383,0.003077036701142788,586.0
226,refiner_only,0.11201903037726879,0.5673481822013855,2e-06,0.0,0.0,0.000584755493036937,0.020618259091861546,0.016124490823131055,0.0005904086792725138,0.020558793912641704,0.016603488358668983,0.0005982679213047959,0.020501198596321046,0.01553015602985397,0.0006065056441002525,0.02044654928613454,0.016583663527853787,0.0024619759060442448,545.0
227,refiner_only,0.14229950681328773,0.54446941614151,2e-06,0.0,0.0,0.0006293002734309994,0.025672606541775167,0.02077349240425974,0.0006345953188429121,0.02562000008765608,0.021692436537705362,0.0006415961615857668,0.02557016769424081,0.021715670824050903,0.0006488043873105198,0.025522984797134995,0.02025325014255941,0.003558139782398939,750.0
228,refiner_only,0.16989896912127733,0.3129917085170746,2e-06,0.0,0.0,0.000647481188934762,0.032423240365460515,0.024975659733172506,0.0006530231148644816,0.03239536832552403,0.02442537760362029,0.00066103561402997,0.032369392924010754,0.023111808637622744,0.000669355158606777,0.03234530473127961,0.023268298711627722,0.0031373566016554832,634.0
229,refiner_only,0.19690950959920883,0.4580676257610321,2e-06,0.0,0.0,0.0005537200740945991,0.03653632919304073,0.03322670824127272,0.0005598934039880987,0.03648703440558165,0.0293969614431262,0.0005683386043529026,0.03643955051666126,0.027760772325564176,0.0005767607326561119,0.03639410639880225,0.028726088639814407,0.0038665838073939085,908.0
230,refiner_only,0.15688323182985187,0.41870105266571045,2e-06,0.0,0.0,0.0006353050775942393,0.02667716471478343,0.025073669385164976,0.0006432946029235609,0.026676613022573292,0.02411053137620911,0.0006539752248500008,0.026676365174353123,0.02503101871116087,0.0006639864259341266,0.026677161687985063,0.025750280707143247,0.0031997612677514553,485.0
231,refiner_only,0.16523506259545684,0.24688026309013367,2e-06,0.0,0.0,0.0005856030657014344,0.027036360232159495,0.02712095360038802,0.0005911994157941081,0.027007914148271084,0.028589064488187432,0.0005989228666294366,0.026980089722201228,0.026630790322087705,0.0006064509725547396,0.026953513850457966,0.02727711317129433,0.0032186340540647507,815.0
232,refiner_only,0.10132395615801215,0.5538698434829712,2e-06,0.0,0.0,0.0004825951637030812,0.02020172687480226,0.026991585618816316,0.000490595331939403,0.02020337517024018,0.013733868225244805,0.0005015085116610862,0.020207781170029193,0.013084358244668692,0.0005120996975165326,0.020214366988511756,0.012376000900985673,0.0033876991365104914,485.0
233,refiner_only,0.17724851798266172,0.385748952627182,2e-06,0.0,0.0,0.0006004684964864282,0.0302215208648704,0.03609461698215455,0.0006068058901291806,0.030177367327269167,0.026215401536319405,0.0006154734219308011,0.030135200649965554,0.02432481333380565,0.0006245258155104239,0.03009543602820486,0.03445349237881601,0.003382718423381448,815.0
234,refiner_only,0.1479454766958952,0.32497408986091614,2e-06,0.0,0.0,0.000647703116555931,0.02440808608662337,0.023081175866536796,0.0006520230526803061,0.02436662162654102,0.024220384657382965,0.0006583040703844745,0.024327222374267876,0.023760775802657008,0.0006649468232353684,0.024289781460538507,0.02500541537301615,0.004856929183006287,733.0
235,refiner_only,0.15384616144001484,0.36054205894470215,2e-06,0.0,0.0,0.0006269628793234006,0.02718215307686478,0.022268232016358525,0.0006323867310129572,0.02714870171621442,0.023192045104224235,0.0006406258034985512,0.027117026038467884,0.02263831498567015,0.0006491524982266128,0.027087187278084457,0.02474072203040123,0.0038911388255655766,481.0
236,refiner_only,0.25355627248063684,0.41951000690460205,2e-06,0.0,0.0,0.0006338342427625321,0.0438811102649197,0.04401861026417464,0.0006395687378244475,0.04385205707512796,0.029647452174685895,0.0006468296924140304,0.043823986779898405,0.048253727494738996,0.0006545866417582147,0.04379662161227316,0.04224144225008786,0.004090726841241121,908.0
237,refiner_only,0.13784921332262456,0.8749015927314758,2e-06,0.0,0.0,0.0005967585384496488,0.02471172297373414,0.01838493609102443,0.0006026200571795925,0.02474607148906216,0.02164706715848297,0.0006115032083471306,0.02478322311071679,0.018022330128587782,0.0006209565144672524,0.02482334675733,0.021992092893924564,0.0036941603757441044,508.0
238,refiner_only,0.14905927050858736,0.2849682867527008,2e-06,0.0,0.0,0.000652797709335573,0.02607250167056918,0.02300391939934343,0.0006575910083483905,0.026055693277157843,0.024153312318958342,0.0006643335946137086,0.02605030662380159,0.021520166541449726,0.0006714907722198404,0.026037519797682762,0.023248857003636658,0.00499149551615119,593.0
239,refiner_only,0.07675776677206159,0.3854815661907196,2e-06,0.0,0.0,0.00047659885967732407,0.014784816303290427,0.011086014390457422,0.0004852507736359257,0.014756514719920233,0.010055055288830772,0.0004962613857060205,0.014730915543623269,0.009732680511660874,0.0005070418737886939,0.014708155038533732,0.011285893444437534,0.003325541503727436,493.0
240,refiner_only,0.16837488720193505,0.24923448264598846,2e-06,0.0,0.0,0.0005802934865641873,0.0298684659646824,0.019895327393896878,0.0005881851175217889,0.029852455132640898,0.02170838922029361,0.0005980762653052807,0.02983921009581536,0.0215097873006016,0.0006074734337744303,0.029829025850631297,0.0338422836503014,0.004103091079741716,908.0
241,refiner_only,0.14288806496188045,0.2727000117301941,2e-06,0.0,0.0,0.0005884378606424434,0.02378085267264396,0.025888076750561595,0.0005958174515399151,0.023753637564368546,0.023110094130970538,0.0006052841781638563,0.023727996041998267,0.023433938098605722,0.0006147965177660808,0.023703889804892242,0.02334260882344097,0.004086816217750311,908.0
242,refiner_only,0.13578080106526613,0.17688924074172974,2e-06,0.0,0.0,0.0006071679708838928,0.0233947490924038,0.01892471095197834,0.0006133337919891346,0.02336437115445733,0.020361308881547302,0.0006220286377356388,0.023336401500273496,0.021144190803170204,0.0006311952929536346,0.023310334363486618,0.022397635475499555,0.0032158209942281246,495.0
243,refiner_only,0.1567852245643735,0.5175049901008606,2e-06,0.0,0.0,0.0005866613209946081,0.026328376785386354,0.027730170055292547,0.0005937803834967781,0.026270665402989835,0.028674689849140123,0.000603293130552629,0.026213931851089,0.019410890381550416,0.0006126807274995372,0.02615809190319851,0.028247201815247536,0.003690032521262765,792.0
244,refiner_only,0.1719193011522293,0.40723782777786255,2e-06,0.0,0.0,0.0006655975957983173,0.034208683762699366,0.02228509495034814,0.0006720145829604007,0.03421998268458992,0.021886132773943245,0.0006803446740377694,0.034232027595862746,0.02265121473465115,0.0006885681323183235,0.034244759124703705,0.022644257871434093,0.0032143944408744574,499.0
245,refiner_only,0.17251189053058624,0.167558491230011,2e-06,0.0,0.0,0.0006284010960371234,0.02699408831540495,0.03077498369384557,0.0006340750842355192,0.026972629129886627,0.03136915038339794,0.0006415566240320913,0.026952158892527223,0.030045299092307687,0.0006491671738331206,0.026933098444715142,0.028314756928011775,0.0035159303806722164,815.0
246,refiner_only,0.07401461340487003,0.4784959852695465,2e-06,0.0,0.0,0.0004485399167606374,0.012405869783833623,0.011479866341687739,0.0004561855057545472,0.0123997408663854,0.010985020344378427,0.0004667125322157517,0.01239657448604703,0.01267447997815907,0.00047748130236868747,0.012396431877277792,0.011761986243072897,0.0035462433006614447,557.0
247,refiner_only,0.12489470141008496,0.26431721448898315,2e-06,0.0,0.0,0.0006483422184828669,0.02116988692432642,0.019828227581456304,0.0006536164837598335,0.021149914944544435,0.019667628686875105,0.0006608230069105048,0.02113166928756982,0.01923828711733222,0.0006679737198282965,0.0211149015231058,0.02060988382436335,0.0034886051435023546,493.0
248,refiner_only,0.08503630571067333,0.3633979260921478,2e-06,0.0,0.0,0.00047045051178429276,0.014580787334125489,0.012273722037207335,0.0004787569087056909,0.014566670986823738,0.012285181845072657,0.0004890138006885536,0.014555780071532354,0.014460394479101524,0.0004991534588043578,0.014547845144988969,0.013153508509276435,0.003519204445183277,698.0
249,refiner_only,0.1642515566200018,0.47491130232810974,2e-06,0.0,0.0,0.0005716897649108432,0.031033222330734134,0.023954295902512968,0.0005776941980002448,0.03100702620577067,0.023056354257278144,0.0005866091014468111,0.030982124037109315,0.02396095299627632,0.0005961630886304192,0.030958993127569556,0.022525644104462117,0.003192802192643285,815.0
250,refiner_only,0.11334431543946266,0.16749140620231628,2e-06,0.0,0.0,0.0005190379797568312,0.020536001306027174,0.016710414085537195,0.0005255707583273761,0.02050319965928793,0.016739604412578046,0.0005346082762116566,0.0204724483191967,0.016538328723981977,0.0005437769978016149,0.02044387545902282,0.017042901716195047,0.00485244020819664,733.0
251,refiner_only,0.13737525045871735,0.6458436846733093,2e-06,0.0,0.0,0.0005791377407149412,0.02380858571268618,0.02305480232462287,0.0005850305788044352,0.02375051286071539,0.02072114811744541,0.0005931284649705049,0.02369486086536199,0.02160150499548763,0.000601384057517862,0.023642067448236048,0.022185612469911575,0.004843898117542267,733.0
252,refiner_only,0.19522013515233994,0.20501039922237396,2e-06,0.0,0.0,0.0005842028331244364,0.028505498776212335,0.021782561496365815,0.0005918821698287502,0.028475833823904395,0.04319489069166593,0.0006017542254994623,0.02844941709190607,0.04285407313727774,0.0006114008319855202,0.028425273136235774,0.022015601687598974,0.0033160033635795116,476.0
253,refiner_only,0.15735603659413755,0.32085609436035156,2e-06,0.0,0.0,0.0005644655484502437,0.031530069827567786,0.0237535027845297,0.0005703864808310755,0.03152743456303142,0.022357204579748213,0.0005780888714070898,0.031524592457572,0.016805890976684168,0.000585571673582308,0.0315245580568444,0.021882310160435736,0.0038577516097575426,496.0
254,refiner_only,0.1975826914422214,0.1317102015018463,2e-06,0.0,0.0,0.000609248541877605,0.032931312336586416,0.029678199032787234,0.0006145357547211461,0.03290964290499687,0.032408967264927924,0.0006220960676728282,0.03288927534595132,0.03135289653437212,0.0006296806095633656,0.03287056018598378,0.03328503208467737,0.0036463697906583548,815.0
255,refiner_only,0.16011227620765567,0.45590975880622864,2e-06,0.0,0.0,0.0005678034867742099,0.029230689979158342,0.02244480198714882,0.0005733013240387663,0.029236853995826095,0.024170820543076843,0.0005812094495922793,0.029245716519653797,0.02561924426117912,0.0005893100787943695,0.029257372196298093,0.020838452328462154,0.0037580695934593678,564.0
256,refiner_only,0.2000885372981429,0.5202490091323853,2e-06,0.0,0.0,0.000730499108613003,0.031031139544211328,0.03431732545141131,0.0007351221647695638,0.031048642937093973,0.03558843664359301,0.0007416486259899102,0.031068616779521108,0.034787063603289425,0.0007485046371584758,0.031090208562090993,0.03428029653150588,0.003449180629104376,545.0
257,refiner_only,0.21536190155893564,0.30199551582336426,2e-06,0.0,0.0,0.000673185884807026,0.03890940546989441,0.032536601880565286,0.000678264768794179,0.038895072997547686,0.03295150154735893,0.0006847895856481045,0.03888144390657544,0.031355543178506196,0.0006914101759321056,0.038871421362273395,0.03235245053656399,0.0036974239628762007,502.0
258,refiner_only,0.11843500752002001,0.5621964931488037,2e-06,0.0,0.0,0.0005988916891510598,0.019896377227269113,0.020036965142935514,0.0006048756586096715,0.019839693093672395,0.0192066787276417,0.0006132251655799337,0.019784597330726683,0.01671944570261985,0.0006216356632648967,0.01973159157205373,0.021313263336196542,0.002601831452921033,476.0
259,refiner_only,0.15883194282650948,0.5045013427734375,2e-06,0.0,0.0,0.0006478471514128614,0.031702939537353814,0.020065580029040575,0.0006537653389386833,0.03164830058813095,0.02078332332894206,0.000661977053823648,0.03159507620148361,0.021127353538759053,0.0006706216299789958,0.031543408636935055,0.020148116047494113,0.0033956351689994335,607.0
260,refiner_only,0.1690335487946868,0.286053329706192,2e-06,0.0,0.0,0.0006826391763752326,0.031201446894556284,0.03998782986309379,0.0006870102661196142,0.031195619609206915,0.024219959741458297,0.0006929706432856619,0.031192888040095568,0.024338219431228936,0.0006990540568949655,0.031192276859655976,0.024815551936626434,0.003666296135634184,815.0
261,refiner_only,0.15589826786890626,0.3905099034309387,2e-06,0.0,0.0,0.0005777117221441586,0.026171784615144134,0.02365333732450381,0.0005832231727254111,0.02614433440612629,0.02418550569564104,0.0005904077224840876,0.02611884113866836,0.025938735518138856,0.0005978706321911886,0.02609575353562832,0.025643596309237182,0.003789111040532589,508.0
262,refiner_only,0.20213558338582516,0.2382238656282425,2e-06,0.0,0.0,0.0006988427194301039,0.038150557375047356,0.05184563039802015,0.0007055840760585852,0.03813073714263737,0.028429318743292242,0.0007140069137676619,0.038109684246592224,0.03034437505993992,0.0007219952385639772,0.03809618065133691,0.026883703598286957,0.00379839981906116,792.0
263,refiner_only,0.15793239558115602,0.5121931433677673,2e-06,0.0,0.0,0.0006091855466365814,0.026637941598892212,0.02479414304252714,0.0006145361185190268,0.026648586324881762,0.02313297800719738,0.0006220873001439031,0.026661073963623494,0.02850787009811029,0.0006296680767263751,0.026675741421058774,0.024439851462375373,0.004827526863664389,593.0
264,refiner_only,0.2074396964162588,0.22438234090805054,2e-06,0.0,0.0,0.0006274738952924963,0.03395565925166011,0.03502704726997763,0.0006329126044875011,0.03394079231657088,0.03616066137328744,0.0006400514685083181,0.03392776777036488,0.03238857537508011,0.0006475679692812264,0.03391683241352439,0.03518453787546605,0.00436277175322175,908.0
265,refiner_only,0.14185381028801203,0.7339567542076111,2e-06,0.0,0.0,0.0006004410643072333,0.027600834670010954,0.020385132520459592,0.0006070797935535666,0.027533907676115632,0.01911384391132742,0.0006152145979285706,0.027469009801279753,0.019650439964607358,0.0006229898535821121,0.027406884531956166,0.018834441900253296,0.0032570292241871357,586.0
266,refiner_only,0.1423492068424821,0.43754202127456665,2e-06,0.0,0.0,0.0005779748462373391,0.024189192801713943,0.02214058139361441,0.0005836889395141043,0.024143355432897806,0.022998424130491912,0.0005915160545555409,0.02409849443938583,0.022224381216801703,0.0005996390500513371,0.024054687935858965,0.02305502421222627,0.0033463998697698116,634.0
267,refiner_only,0.11830122815445065,0.3057646155357361,2e-06,0.0,0.0,0.0005596542614512146,0.0233775008819066,0.015099615906365216,0.0005668859994329978,0.02335793449310586,0.0151309710345231,0.0005754806807090063,0.02334015624364838,0.016250765474978834,0.0005840545200044289,0.023324277135543525,0.015170703059993684,0.0033059346023947,545.0
268,refiner_only,0.11931785847991705,0.4014534652233124,2e-06,0.0,0.0,0.000556246166524943,0.020440687076188624,0.021382383012678474,0.0005630871673929505,0.02039057685760781,0.016345896408893168,0.0005717674357583746,0.020342820149380714,0.022006296378094703,0.0005802338273497298,0.020297697803471237,0.01821948360884562,0.0028940539341419935,586.0
269,refiner_only,0.12875005695968866,0.3111818730831146,2e-06,0.0,0.0,0.0005666654960805317,0.023004349204711616,0.018384993309155107,0.0005724037073377986,0.02300551242660731,0.018829691573046148,0.0005800791550427675,0.023008443065918982,0.01934995607007295,0.0005881587057956494,0.0230133073637262,0.019802503695245832,0.0029672286473214626,733.0
270,refiner_only,0.21813459880650043,0.7323879599571228,2e-06,0.0,0.0,0.0006866963049105834,0.03748927707783878,0.038927002577111125,0.0006914531768416055,0.03742854646407068,0.039860801538452506,0.0006980683174333535,0.03736817499157041,0.03783567645587027,0.000705108352121897,0.037308652652427554,0.026238117599859834,0.004469549283385277,792.0
271,refiner_only,0.1572244055569172,0.2657349109649658,2e-06,0.0,0.0,0.0005443419358925894,0.031122409738600254,0.023354374920018017,0.0005497736965480726,0.031105332542210817,0.018480133381672204,0.0005573128655669279,0.031091020558960736,0.021492512780241668,0.0005650648163282312,0.03107950056437403,0.022303754114545882,0.003195131430402398,495.0
272,refiner_only,0.19187176949344575,0.3260267376899719,2e-06,0.0,0.0,0.0005838356646563625,0.03540563810383901,0.018274254514835775,0.000589669230976142,0.03537427537958138,0.020054991910001263,0.0005972685685264878,0.03534526636940427,0.03216754557797685,0.0006050185475032777,0.03531872705207206,0.031819004710996523,0.0030803242698311806,545.0
273,refiner_only,0.13043146580457687,0.26444312930107117,2e-06,0.0,0.0,0.0005561161488003563,0.01993496180512011,0.014290658145910129,0.000563684654480312,0.01989269009209238,0.014490396250039339,0.0005728411961172242,0.01985810333280824,0.027376583340810612,0.0005820221049361862,0.019826871575787663,0.027268270670901984,0.0028921798802912235,553.0
274,refiner_only,0.18729419354349375,0.42858535051345825,2e-06,0.0,0.0,0.0006144388316897675,0.0294625359820202,0.0417633879405912,0.0006228377824299969,0.029458662262186408,0.028257119498448446,0.0006328323215711862,0.029462288308423012,0.02618129551410675,0.0006419991732400376,0.02946462546242401,0.042572530976030976,0.0035254275426268578,815.0
275,refiner_only,0.06953608058393002,0.23548834025859833,2e-06,0.0,0.0,0.00041944743861677125,0.012635011342354119,0.009923653007717803,0.00042780231160577387,0.012600360438227654,0.010782803816255182,0.0004379753299872391,0.01256949984235689,0.00974851570208557,0.0004476368303585332,0.012542116164695472,0.009979370835935697,0.003457510145381093,553.0
276,refiner_only,0.10512434877455235,0.19079138338565826,2e-06,0.0,0.0,0.0005399658421083586,0.017085080035030842,0.0190940958855208,0.0005473832243296783,0.017052003677235916,0.019389970955671743,0.0005570362955040764,0.017022420128341764,0.017769723694073036,0.0005662857365678065,0.016997357190120965,0.015222168964101002,0.002876167418435216,733.0
277,refiner_only,0.13192065339535475,0.32944631576538086,2e-06,0.0,0.0,0.000512748425535392,0.027576028718613088,0.017969225998967886,0.0005203883920330554,0.027551025501452386,0.015622215054463595,0.0005296194394759368,0.027527454658411443,0.01582245429744944,0.0005385733784351032,0.02750667231157422,0.016302248928695917,0.003071041312068701,481.0
278,refiner_only,0.12245515291579068,0.45542144775390625,2e-06,0.0,0.0,0.0005265427662379807,0.020025079662445933,0.02125248807715252,0.0005338428636605386,0.019964922073995695,0.021446157013997436,0.0005430249366327189,0.019907441135728732,0.019450356863671914,0.0005519563492271118,0.01985328525188379,0.020204165222821757,0.004584623035043478,586.0
279,refiner_only,0.19358436716720462,0.25372153520584106,2e-06,0.0,0.0,0.0006850588706583949,0.032171070808544755,0.02849170082481578,0.0006917798273207154,0.0321502277511172,0.031990421906812117,0.0006999484867264982,0.032131813146406785,0.028886820102343336,0.0007072735716064926,0.032115695474203676,0.03421039099339396,0.0047004264779388905,908.0
280,refiner_only,0.13384716818109155,0.29475465416908264,2e-06,0.0,0.0,0.0004961639860994183,0.022670709178783,0.03456793984514661,0.0005027412153140176,0.022619564726483077,0.036222864873707294,0.0005114125160616823,0.02257328317500651,0.014288990816567093,0.0005201947496971115,0.02253153541823849,0.014076583436690271,0.003221206832677126,586.0
281,refiner_only,0.17398064443841577,0.17754359543323517,2e-06,0.0,0.0,0.0005965775235381443,0.030655353737529367,0.029512046778108925,0.0006037478378857486,0.030615988420322537,0.026421292015584186,0.0006124372594058514,0.03057954367250204,0.0244131704675965,0.0006207431906659622,0.030546551453880966,0.02956717152846977,0.005051237065345049,908.0
282,refiner_only,0.12596915569156408,0.17994853854179382,2e-06,0.0,0.0,0.0005204971130297054,0.022655886597931385,0.019670814217533916,0.0005268337372399401,0.022626303136348724,0.01914983068127185,0.0005351370855350979,0.022600111551582813,0.01971049199346453,0.0005434978993434925,0.02257773105520755,0.017699218704365194,0.003649938153102994,709.0
283,refiner_only,0.13534264266490936,0.24961607158184052,2e-06,0.0,0.0,0.0005837235039507505,0.02353968587704003,0.021697179996408522,0.0005913836212130263,0.02350401715375483,0.021138392679858953,0.000600932035013102,0.023470058396924287,0.021364814834669232,0.0006105003776610829,0.023439702636096627,0.02062284218845889,0.003188410773873329,607.0
284,refiner_only,0.09543765103444457,0.20510825514793396,2e-06,0.0,0.0,0.0004998597596568288,0.017398690397385508,0.01699605814064853,0.0005078903996036388,0.017366069863783196,0.013433137879474089,0.0005175359183340333,0.01733838437939994,0.015010021859779954,0.0005270196234050673,0.01731564730289392,0.013421944779111072,0.0037376040127128363,495.0
285,refiner_only,0.08904132153838873,0.304322212934494,2e-06,0.0,0.0,0.000449102655693423,0.014739241218194366,0.014839504670817405,0.000456645037047565,0.014715881668962538,0.014492136193439364,0.0004655910743167624,0.014696525991894305,0.01493357477011159,0.0004743189019791316,0.014681342407129705,0.01412530557718128,0.0034420923329889774,709.0
286,refiner_only,0.1580926338210702,0.6056017279624939,2e-06,0.0,0.0,0.0006021683075232431,0.02733753831125796,0.0287142003653571,0.0006090896276873536,0.02726731589064002,0.015240942360833287,0.0006180388445500284,0.027195055794436485,0.030745270778425038,0.000627092184004141,0.027130919334013015,0.028658913244726136,0.004247930366545916,601.0
287,refiner_only,0.14388743601739407,0.47648534178733826,2e-06,0.0,0.0,0.000605937690124847,0.02627677086275071,0.02148955943994224,0.0006130633410066366,0.02622437453828752,0.021011147182434797,0.0006217092559381854,0.026174204424023628,0.020870578358881176,0.0006302149668044876,0.026125861797481775,0.021616280893795192,0.0039884126745164394,733.0
288,refiner_only,0.2221906716004014,0.24767214059829712,2e-06,0.0,0.0,0.0006163551624922547,0.04015880427323282,0.04632189276162535,0.0006227943013072945,0.0401345316786319,0.01965233060764149,0.0006315062528301496,0.04011782514862716,0.03268434986239299,0.0006404220330296084,0.04010012256912887,0.047606779262423515,0.0049508921802043915,496.0
289,refiner_only,0.10297645721584558,0.3041708469390869,2e-06,0.0,0.0,0.0006112140836194158,0.01813903928268701,0.015885430737398565,0.0006185789970913902,0.01810568559449166,0.015224397066049278,0.0006272346581681632,0.01807600969914347,0.016042927745729685,0.0006359507970046252,0.018049128004349768,0.015596544370055199,0.004212640691548586,601.0
290,refiner_only,0.10629733745008707,0.3193773031234741,2e-06,0.0,0.0,0.0005450630087580066,0.018584390345495194,0.01670063496567309,0.0005523313411686104,0.018569296691566706,0.01766345082432963,0.0005614825713564642,0.018558322568424046,0.015811012854101136,0.0005702509915863629,0.0185512134921737,0.015459977264981717,0.004075770266354084,709.0
291,refiner_only,0.18148002959787846,0.7139868140220642,2e-06,0.0,0.0,0.0006378074140229728,0.033075965591706336,0.030663497396744788,0.0006446916959248483,0.03300498647149652,0.026855845120735466,0.0006543592135130893,0.03293565026251599,0.02694201937993057,0.0006640794708800968,0.03286860301159322,0.026909796870313585,0.0036617000587284565,460.0
292,refiner_only,0.13174493378028274,0.2075158953666687,2e-06,0.0,0.0,0.00050799701239157,0.02571794344112277,0.017402674537152052,0.0005165067086636554,0.02569454035256058,0.01823573507135734,0.0005267654632916674,0.025673028896562755,0.017509751894976944,0.0005369667196646333,0.02565326204057783,0.017398382478859276,0.0039351931773126125,815.0
293,refiner_only,0.12345954030752182,0.2550540864467621,2e-06,0.0,0.0,0.0005426934731076472,0.022811188944615424,0.018362006172537804,0.0005492529126058798,0.02279247296974063,0.01677099207881838,0.0005579537501034793,0.02277295244857669,0.01807763602118939,0.0005672729239449836,0.022757877479307353,0.018613130610901862,0.004725664388388395,750.0
294,refiner_only,0.10394244734197855,0.22696836292743683,2e-06,0.0,0.0,0.00044957596946915146,0.017331109673250467,0.017187049030326307,0.00045791922457283363,0.017287358292378485,0.01709029808989726,0.00046795701928203925,0.01724697629106231,0.016238687036093324,0.00047734791223774664,0.01721041271230206,0.017465493903728202,0.004647901281714439,815.0
295,refiner_only,0.15950991213321686,0.3037864863872528,2e-06,0.0,0.0,0.0005554214585572481,0.031964431109372526,0.021583725465461612,0.000562010747671593,0.03192232805304229,0.02282393112545833,0.0005703691640519537,0.031882221752312034,0.019555552978999913,0.0005786235560663044,0.031843985605519265,0.019770888553466648,0.0047587803564965725,557.0
296,refiner_only,0.14742953469976783,0.21157732605934143,2e-06,0.0,0.0,0.0006034582329448313,0.02818116859998554,0.01864832267165184,0.000610920167673612,0.0281377665232867,0.02068371494533494,0.0006200240713951644,0.028097898582927883,0.020407110918313265,0.0006288332551775966,0.028061128221452236,0.02018213871633634,0.004460459109395742,485.0
297,refiner_only,0.12501109763979912,0.5971382856369019,2e-06,0.0,0.0,0.0005479144638229627,0.022145848139189184,0.01676182431401685,0.000554346293938579,0.022070670616813004,0.01966834015911445,0.0005622811331704725,0.02199945121537894,0.018128155381418765,0.0005707213385903742,0.021931827068328857,0.019525303971022367,0.0047285957261919975,750.0
298,refiner_only,0.07949771988205612,0.23987193405628204,2e-06,0.0,0.0,0.00046973867574706674,0.014166386623401195,0.011613096721703187,0.00048004358177422546,0.014118427672656253,0.012605665368027985,0.0004917914739053231,0.014074873382924125,0.011532755102962255,0.0005026320577599108,0.014035494066774845,0.011656037473585457,0.0037561701610684395,394.0
299,refiner_only,0.1544090872630477,0.2901401221752167,2e-06,0.0,0.0,0.0006359477847581729,0.02529241912998259,0.024566223961301148,0.0006442383164539933,0.02525658905506134,0.025108105037361383,0.0006541236652992666,0.02522457018494606,0.02674245019443333,0.000663867533148732,0.02519599488005042,0.024919148883782327,0.004897049628198147,496.0
300,refiner_only,0.15383302653208375,0.3799688220024109,2e-06,0.0,0.0,0.0006319128588074818,0.03057818440720439,0.02218376810196787,0.0006401777391147334,0.030517828417941928,0.01924082648474723,0.0006495223315141629,0.03045911167282611,0.0204042240511626,0.0006588198666577227,0.030401847674511373,0.020860667631495744,0.004494775086641312,750.0
301,refiner_only,0.2709673414938152,0.43111878633499146,2e-06,0.0,0.0,0.0006930968520464376,0.04090026463381946,0.03736533521441743,0.0007014277507551014,0.04084877157583833,0.04736809368478134,0.0007107263736543246,0.04080465668812394,0.04091808560770005,0.0007191746772150509,0.040756164700724185,0.05814023828133941,0.005598100833594799,908.0
302,refiner_only,0.12147029023617506,0.19579637050628662,2e-06,0.0,0.0,0.0005719832224713173,0.021067690337076783,0.018292432243470103,0.0005819659527332988,0.02103325680946,0.018617432506289333,0.0005933324828220066,0.02100296862772666,0.019096525968052447,0.0006038989922672044,0.020975636085495353,0.018965271243359894,0.005480349063873291,521.0
303,refiner_only,0.1839509722776711,0.3753106892108917,2e-06,0.0,0.0,0.0004844470095122233,0.027588983066380024,0.03540288854856044,0.0004949774338456336,0.027509323321282864,0.03217800275888294,0.0005077216665085871,0.027435554191470146,0.034622271021362394,0.0005200189370953012,0.027366954367607832,0.03331614879425615,0.004388721659779549,634.0
304,refiner_only,0.15409622434526682,0.3651180863380432,2e-06,0.0,0.0,0.0005989300370856654,0.02977710054256022,0.020009132684208453,0.0006051416348782368,0.029760391917079687,0.02182139060460031,0.0006134301438578404,0.029747537802904844,0.02140244096517563,0.0006222070187504869,0.029738543671555817,0.01978514390066266,0.005747049581259489,733.0
305,refiner_only,0.1311869928613305,0.4530547559261322,2e-06,0.0,0.0,0.00054106524476083,0.02336132014170289,0.019667777727590874,0.0005501425766851753,0.023365378146991134,0.019656188669614494,0.0005606179402093403,0.02337353743496351,0.02009542181622237,0.000571256077819271,0.02338553621666506,0.019628914713393897,0.0039956942200660706,502.0
306,refiner_only,0.1650214265100658,0.3099319636821747,2e-06,0.0,0.0,0.000624521890131291,0.024636026530060917,0.02624697092687711,0.0006339495012070984,0.02458022878272459,0.030302113940706477,0.0006442880985559896,0.024528528098016977,0.031605931115336716,0.0006534536405524705,0.02448188199196011,0.027591052086791024,0.0058157905004918575,908.0
307,refiner_only,0.15445013716816902,0.49101611971855164,2e-06,0.0,0.0,0.0006399659250746481,0.027904731570743024,0.02235568023752421,0.0006484486766566988,0.027832867461256683,0.02310611994471401,0.000659424185869284,0.027764574508182704,0.023060644045472145,0.000670594225084642,0.02769984572660178,0.02300761779770255,0.00473454175516963,545.0
308,refiner_only,0.18953156284987926,0.4047107696533203,2e-06,0.0,0.0,0.0007256251410581172,0.034331650589592755,0.04880594660062343,0.0007332833483815193,0.03427275421563536,0.026283108512870967,0.0007421568589052185,0.03422081342432648,0.02479903062339872,0.0007511297662858851,0.0341720663709566,0.03355722059495747,0.00590544892475009,792.0
309,refiner_only,0.16993811074644327,0.23222163319587708,2e-06,0.0,0.0,0.0005378589230531361,0.031559171504341066,0.023901361681055278,0.0005474008648889139,0.03153467015363276,0.024045092577580363,0.0005586032493738458,0.03151204192545265,0.023700288555119187,0.0005698247186955996,0.031492264941334724,0.02597791707376018,0.005921402480453253,908.0
310,refiner_only,0.10585650685243309,0.2315893918275833,2e-06,0.0,0.0,0.000520162662724033,0.017513660714030266,0.01668846042593941,0.0005328896768332925,0.017477925459388644,0.01777182487421669,0.0005470116302603856,0.0174474764498882,0.017392008507158607,0.0005598224925051909,0.01742226112401113,0.016705288377124816,0.005050444044172764,698.0
311,refiner_only,0.15540743712335825,0.4723373353481293,2e-06,0.0,0.0,0.0005917512607993558,0.029204577207565308,0.024880023789592087,0.0006018306376063265,0.02913150523090735,0.02455672321957536,0.000613437732681632,0.02906092762714252,0.020326470636064187,0.000624588592472719,0.028993004641961306,0.021498945716302842,0.005353719927370548,601.0
312,refiner_only,0.1565736262127757,0.26220178604125977,2e-06,0.0,0.0,0.0005641259012918454,0.02783973840996623,0.024254884105175734,0.0005717008789360989,0.027815671637654305,0.02415537543129176,0.0005810192378703505,0.027795359957963228,0.02365504438057542,0.0005905173784412909,0.02777919895015657,0.023629742092452943,0.003458912717178464,815.0
313,refiner_only,0.2411014041863382,0.6926475167274475,2e-06,0.0,0.0,0.000740689858503174,0.04184476722730324,0.04422137577785179,0.0007482328219339252,0.041879984899424016,0.03305344266118482,0.0007573327420686837,0.04191822023130953,0.04021912516327575,0.0007665357479709201,0.041960576141718775,0.039797952777007595,0.004316106904298067,792.0
314,refiner_only,0.17021983163431287,0.6510894894599915,2e-06,0.0,0.0,0.0005684105344698764,0.03259362583048642,0.02364933944772929,0.0005775546887889504,0.03250651666894555,0.019719788513612002,0.0005881207544007339,0.03242095798486844,0.025546954129822552,0.0005984180206723977,0.032337283657398075,0.025924235058482736,0.004932227544486523,750.0
315,refiner_only,0.12053746357560158,0.38801267743110657,2e-06,0.0,0.0,0.0005230822607700247,0.023297036823350936,0.01772325608180836,0.0005308749568939675,0.023229996964801103,0.016737391822971404,0.0005401838134275749,0.023166940256487578,0.01771802140865475,0.0005492197014973499,0.02310801955172792,0.01495681400410831,0.004953593946993351,750.0
316,refiner_only,0.19368596840649843,0.2555997967720032,2e-06,0.0,0.0,0.0005942580428381916,0.033507087151519954,0.034138809074647725,0.0006035013429936953,0.03346369095379487,0.03247506381012499,0.000613812113442691,0.03342302102828398,0.035120343731250614,0.0006238442692847457,0.033385053859092295,0.02397763991029933,0.005176252219825983,792.0
317,refiner_only,0.08954612957313657,0.19846183061599731,2e-06,0.0,0.0,0.0004793583575519733,0.015529529540799558,0.014255059184506536,0.0004879895568592474,0.015485884505324066,0.01439563778694719,0.0004983194230590016,0.015448830556124449,0.013276246201712638,0.0005087895478936844,0.01541822706349194,0.014026204706169665,0.004058710299432278,698.0
318,refiner_only,0.10688659083098173,0.471336305141449,2e-06,0.0,0.0,0.0005886767394258641,0.017360697267577052,0.017836903338320553,0.0005966550306766294,0.01736946904566139,0.017134654335677624,0.0006060644554963801,0.017381366924382746,0.017374040966387838,0.00061533228654298,0.017395896604284644,0.018413110927212983,0.004675021395087242,499.0
319,refiner_only,0.1305523831397295,0.21254411339759827,2e-06,0.0,0.0,0.0006131870395620354,0.021504641510546207,0.021966973086819053,0.0006210213832673617,0.021467150654643774,0.022558542317710817,0.000630463044217322,0.021432924433611333,0.019728244049474597,0.0006398965560947545,0.02140276483260095,0.022071377374231815,0.004082603845745325,709.0
320,refiner_only,0.13858108455315232,0.46464991569519043,2e-06,0.0,0.0,0.0005118127137393458,0.02762714767595753,0.021082442224724218,0.0005239833990344778,0.027541531570022926,0.015587329951813444,0.0005369986938603688,0.02746297256089747,0.01878609208506532,0.0005491104675456882,0.027390757721150294,0.020202312618494034,0.005554327741265297,750.0
321,refiner_only,0.19296638760715723,0.239854097366333,2e-06,0.0,0.0,0.0006814480620960239,0.02913135616108775,0.03433814493473619,0.0006894808138895314,0.029095876147039235,0.03483512991806492,0.0006992026319494471,0.02906488988082856,0.033898925117682666,0.0007088439087965526,0.029038605629466474,0.03493543551303446,0.006705377716571093,792.0
322,refiner_only,0.24839433515444398,0.49812811613082886,2e-06,0.0,0.0,0.0006611135013372405,0.040406715765129775,0.03473601338919252,0.0006703058606944978,0.040333035751245916,0.04028863107669167,0.0006807754944020417,0.04026323268772103,0.03639886568998918,0.0006910524680279195,0.04019770404556766,0.048870729573536664,0.005607729312032461,792.0
323,refiner_only,0.17173525132238865,0.3106842041015625,2e-06,0.0,0.0,0.0005947192912572064,0.03492169617675245,0.02174344428931363,0.0006019359243509825,0.03486729372525588,0.0212890719412826,0.0006109711284807418,0.03481631731847301,0.02003234115545638,0.0006198365044838283,0.03476887178840116,0.02412860846379772,0.0054793693125247955,750.0
324,refiner_only,0.04552405443973839,0.3155575692653656,2e-06,0.0,0.0,0.00035377505446376745,0.008340570842847228,0.006701102131046355,0.00036980312142986804,0.008287659293273464,0.006490274972748011,0.00038640142884105444,0.008243504154961556,0.006472023029346019,0.0004013246070826426,0.00820851232856512,0.00666455109603703,0.005714992061257362,421.0
325,refiner_only,0.15087183564901352,0.41473090648651123,2e-06,0.0,0.0,0.0006084509695938323,0.024408090277574956,0.025490880449069664,0.0006198424198373687,0.024391732236836106,0.02109007863327861,0.0006319639542198274,0.024383129028137773,0.027686933433869854,0.0006440227589337155,0.02438175183488056,0.027042378118494526,0.006364351604133844,908.0
326,refiner_only,0.11824329942464828,0.34676408767700195,2e-06,0.0,0.0,0.00047933021050994284,0.02316422271542251,0.01671934686601162,0.0004911808828182984,0.023140017845435068,0.015579723345581442,0.0005041273689130321,0.023121164354961365,0.01621229588636197,0.0005169747710169759,0.02310670947190374,0.015571106370771304,0.005894226487725973,634.0
327,refiner_only,0.11566971242427826,0.2913098931312561,2e-06,0.0,0.0,0.0005888140749448212,0.021699682401958853,0.01681558188283816,0.0005992181213514414,0.021630449395161122,0.016118017490953207,0.0006113402887422126,0.02156755860778503,0.016809259628644213,0.0006226220066309907,0.02151206784765236,0.01619918123469688,0.004227123688906431,545.0
328,refiner_only,0.12143391789868474,0.5629830360412598,2e-06,0.0,0.0,0.0005581525729212444,0.023430785280652344,0.016251916240435094,0.000569723062653793,0.023434222675859928,0.016208517423365265,0.0005824621766805649,0.023440971970558167,0.016081184381619096,0.0005945069533481728,0.023450030363164842,0.017072298505809158,0.004598713014274836,403.0
329,refiner_only,0.12681577261537313,0.6344518065452576,2e-06,0.0,0.0,0.0005866648934897967,0.019699804252013564,0.0220956900739111,0.0005951404345978517,0.01961551746353507,0.021943315223325044,0.0006056489692127798,0.019534275052137673,0.022415210551116616,0.0006157446405268274,0.019456235459074378,0.02203468536026776,0.005907017271965742,564.0
330,refiner_only,0.10883102938532829,0.4403790533542633,2e-06,0.0,0.0,0.0005301489145494998,0.0178578095510602,0.020173126860754564,0.0005376260669436306,0.017797069216612726,0.016885175282368436,0.0005472181219374761,0.017744512006174773,0.017733639338985085,0.0005569200729951262,0.017700114694889635,0.01932875334750861,0.006521785631775856,593.0
331,refiner_only,0.14977366058155894,0.3003845512866974,2e-06,0.0,0.0,0.0005790159939351724,0.028083673969376832,0.022646454570349306,0.0005885772261535749,0.02802854572655633,0.021267623611493036,0.000599773891735822,0.027979344682535157,0.02080032625235617,0.0006104655221861321,0.027936038648476824,0.021962967643048614,0.005117400549352169,557.0
332,refiner_only,0.11946004955098033,0.26777902245521545,2e-06,0.0,0.0,0.0005527616885956377,0.022670074366033077,0.02056492364499718,0.0005633724285871722,0.022606603684835136,0.01695233362261206,0.0005755972342740279,0.022549647488631308,0.016591010964475572,0.0005872332112630829,0.022499525803141296,0.016534724389202893,0.005509600508958101,557.0
333,refiner_only,0.1408924562856555,0.20885594189167023,2e-06,0.0,0.0,0.0006196674075908959,0.019461619784124196,0.028192849829792976,0.000627005905698752,0.019426283659413457,0.027594978106208146,0.0006359698381857015,0.019398288684897125,0.027198354713618755,0.0006447586092690472,0.019379268400371075,0.02598755032522604,0.005101216025650501,709.0
334,refiner_only,0.15232066856697202,0.1862575113773346,2e-06,0.0,0.0,0.0005862026882823557,0.031987119815312326,0.020272002555429935,0.0005949736369075254,0.031938990228809416,0.01828556542750448,0.0006051883465261199,0.031896359752863646,0.017573806166183203,0.0006153729191282764,0.031860230839811265,0.0189501810236834,0.005552956834435463,586.0
335,refiner_only,0.14757702313363552,0.6881155371665955,2e-06,0.0,0.0,0.0005740761407651007,0.02713636914268136,0.023871572455391288,0.0005820999904244673,0.027047613402828574,0.021094824303872883,0.0005916514746786561,0.026962677016854286,0.02223610447254032,0.000601316278334707,0.02688113402109593,0.021579604072030634,0.005251889582723379,733.0
336,refiner_only,0.14815757842734456,0.4211636781692505,2e-06,0.0,0.0,0.0005596365008386783,0.025805594748817384,0.022664363321382552,0.000570369214983657,0.025727570930030197,0.02152545945136808,0.0005820792175654788,0.025653883698396385,0.023181006486993283,0.0005928687969571911,0.02558583824429661,0.0247385039110668,0.004196970723569393,815.0
337,refiner_only,0.13821885036304593,0.2662866711616516,2e-06,0.0,0.0,0.0004811007238458842,0.028590921545401216,0.018032983352895826,0.0004928436828777194,0.02856031258124858,0.018437825026921928,0.0005063173557573464,0.02853615744970739,0.016650710836984217,0.0005188039685890544,0.028518178733065724,0.015997704700566828,0.0038784327916800976,815.0
338,refiner_only,0.08693718048743904,0.3182062804698944,2e-06,0.0,0.0,0.0004856159448536346,0.016014145978260785,0.012616959545994177,0.000496714586915914,0.015977196308085695,0.012577371555380523,0.0005094774714962114,0.015948531887261197,0.01245993110933341,0.0005212975192989688,0.015928223234368488,0.012518436997197568,0.005162481684237719,733.0
339,refiner_only,0.11680412432178855,0.5026019811630249,2e-06,0.0,0.0,0.0004980792982678395,0.0216252610553056,0.017400761949829757,0.0005111578029755037,0.02160801860736683,0.016994627832900733,0.0005252046539681032,0.02159810543525964,0.016551624168641865,0.0005382837116485462,0.02159485057927668,0.016882250376511365,0.007250125519931316,593.0
340,refiner_only,0.10989071521908045,0.3894912004470825,2e-06,0.0,0.0,0.0005775590325356461,0.016968958370853215,0.015281573723768815,0.0005881922043045051,0.016922324197366834,0.02095717706833966,0.0006003294911351986,0.016881543735507876,0.0181615024630446,0.0006116714503150433,0.016847556980792433,0.018320416274946183,0.004612100776284933,557.0
341,refiner_only,0.20024510845541954,0.44322478771209717,2e-06,0.0,0.0,0.000592118019994814,0.04388603928964585,0.019620844163000584,0.0006006366020301357,0.04388478340115398,0.021793847728986293,0.0006102937404648401,0.04388827085494995,0.02381411613896489,0.000619461527094245,0.043896085349842906,0.021137607924174517,0.006083949003368616,564.0
342,refiner_only,0.1591853597201407,0.32048365473747253,2e-06,0.0,0.0,0.0005905757861910388,0.030794151476584375,0.01911125425249338,0.0006000803768984042,0.030782552668824792,0.02167246403405443,0.00061027852279949,0.03077539522200823,0.022503949410747737,0.0006201903415785637,0.030772961326874793,0.020847483538091183,0.004434679169207811,545.0
343,refiner_only,0.14382018614560366,0.281652569770813,2e-06,0.0,0.0,0.0006766868245904334,0.025297873886302114,0.021687649190425873,0.0006847869699413422,0.025242049479857087,0.022559708100743592,0.0006948540176381357,0.02519405970815569,0.021583923720754683,0.0007050423992041033,0.025153499911539257,0.02200226322747767,0.005220339633524418,521.0
344,refiner_only,0.15115624573081732,0.26932916045188904,2e-06,0.0,0.0,0.0005665893659170251,0.026440785150043666,0.03360732377041131,0.000576815986278234,0.026377735077403486,0.03224728151690215,0.0005883981575607322,0.026320625212974846,0.019185648881830275,0.0005998437700327486,0.02627162740100175,0.018988270196132362,0.006264704745262861,438.0
345,refiner_only,0.1609552437439561,0.16443881392478943,2e-06,0.0,0.0,0.0005951459279458504,0.03400310222059488,0.02304810204077512,0.0006029929136275314,0.033959893975406885,0.021824802504852414,0.0006123429120634682,0.03392204619012773,0.0186851741746068,0.0006218333946890198,0.03388941986486316,0.016836738563142717,0.005606871098279953,553.0
346,refiner_only,0.12112334091216326,0.19129802286624908,2e-06,0.0,0.0,0.0005448846495710313,0.019807125092484057,0.019247717631515115,0.000555112670554081,0.01975506270537153,0.021119750919751823,0.0005663389893015847,0.01970884937327355,0.020798575947992504,0.0005769139243056998,0.019671208632644266,0.018371528742136434,0.005765310488641262,496.0
347,refiner_only,0.13063136069104075,0.16769619286060333,2e-06,0.0,0.0,0.0005860876408405602,0.02328256895998493,0.01964475092245266,0.0005971103528281674,0.023229566402733326,0.020644569711294025,0.0006097545156080741,0.023182719305623323,0.01904998393729329,0.0006218779672053643,0.023141529760323465,0.019554250757209957,0.005381699185818434,557.0
348,refiner_only,0.14277292392216623,0.37729501724243164,2e-06,0.0,0.0,0.0005748689945903607,0.02732191694667563,0.019570697681047022,0.0005870847999176476,0.027239485061727464,0.02021494333166629,0.0005999343047733419,0.02716348768444732,0.01991716944030486,0.0006118345554568805,0.027095260214991868,0.019343725085491315,0.006616129539906979,908.0
349,refiner_only,0.14887175150215626,0.217090904712677,2e-06,0.0,0.0,0.0006391991628333926,0.023168910760432482,0.024172214791178703,0.0006464289108407684,0.023123332764953375,0.025136811309494078,0.0006552405247930437,0.023083808831870556,0.026489429641515017,0.0006639178245677613,0.02305253315716982,0.026020251563750207,0.005309046246111393,545.0
350,refiner_only,0.16039584996178746,0.6860781908035278,2e-06,0.0,0.0,0.000566434360735002,0.029466970765497535,0.023717890726402402,0.0005769475756096654,0.02936750918161124,0.025282641407102346,0.0005892560802749358,0.02927438187180087,0.022699543071212247,0.0006008642631059047,0.029189021297497675,0.022815680655185133,0.006148268934339285,564.0
351,refiner_only,0.1644777273759246,1.0087028741836548,2e-06,0.0,0.0,0.0005932943167863414,0.029217450297437608,0.024394118692725897,0.0006021128319844138,0.02909740956965834,0.026333752903155982,0.0006128119166532997,0.02898133546113968,0.02373786037787795,0.0006237575544218998,0.028868590714409947,0.025620097934734076,0.004862168338149786,496.0
352,refiner_only,0.15687669208273292,0.5431303977966309,2e-06,0.0,0.0,0.000619785158050945,0.03046393988188356,0.02290376997552812,0.0006285190793278161,0.0303864439483732,0.02040186687372625,0.0006390701673808508,0.030314090778119862,0.020586133236065507,0.0006497052236227319,0.03024855675175786,0.023022308014333248,0.0048853494226932526,387.0
353,refiner_only,0.10919749666936696,0.6768646836280823,2e-06,0.0,0.0,0.0005206946007092483,0.021798709698487073,0.01311122128390707,0.0005326215614331886,0.02169130474794656,0.013208014075644314,0.0005461386463139206,0.021592064324067906,0.014075177896302193,0.0005590881773969159,0.02150224123033695,0.015490844030864537,0.005674665793776512,634.0
354,refiner_only,0.1840227316133678,0.40240299701690674,2e-06,0.0,0.0,0.000662317659589462,0.03412740584462881,0.02482975146267563,0.0006722945436195005,0.034127181163057685,0.026956122426781803,0.0006825901073170826,0.034130273037590086,0.0249477835604921,0.0006922248139744624,0.03413697681389749,0.027677290607243776,0.004965463653206825,815.0
355,refiner_only,0.14605186926200986,0.33379286527633667,2e-06,0.0,0.0,0.0006088392292440403,0.027956750360317528,0.020439421001356095,0.0006193278532009572,0.027898052474483848,0.019782929797656834,0.0006305047827481758,0.027845190255902708,0.020158916246145964,0.0006414791314455215,0.027797346701845527,0.020678125496488065,0.006276572588831186,733.0
356,refiner_only,0.1780756562948227,0.5834252238273621,2e-06,0.0,0.0,0.0006156712152005639,0.02914874255657196,0.031082567758858204,0.0006256813430809416,0.029075138038024306,0.03139213391114026,0.0006368570393533446,0.029006175696849823,0.02983400912489742,0.000648056113277562,0.02894164458848536,0.02791596425231546,0.006229627411812544,564.0
357,refiner_only,0.1898201396688819,0.24196182191371918,2e-06,0.0,0.0,0.0006076877616578713,0.03495802124962211,0.028644132427871227,0.0006152986097731628,0.034905669977888465,0.028922030935063958,0.0006237394190975465,0.03485815797466785,0.02894379082135856,0.00063182591838995,0.034817219944670796,0.025502402684651315,0.007495126686990261,607.0
358,refiner_only,0.20579914469271898,0.22745643556118011,2e-06,0.0,0.0,0.000760732546041254,0.03356139414245263,0.03401210019364953,0.0007689790800213814,0.033540087461005896,0.033007898076903075,0.0007776664715493098,0.03352447506040335,0.03358541883062571,0.0007864361105021089,0.03351501759607345,0.03629315964644775,0.007043151650577784,908.0
359,refiner_only,0.11526563484221697,0.4482713043689728,2e-06,0.0,0.0,0.0005986108189972583,0.021233255742117763,0.016553568304516375,0.0006116816293797456,0.02114325761795044,0.01654892321676016,0.0006259324800339527,0.021057722973637283,0.017225723015144467,0.000639503174170386,0.02098104835022241,0.016431843978352845,0.006559549830853939,508.0
360,refiner_only,0.1069219633936882,0.7615433931350708,2e-06,0.0,0.0,0.0004685071180574596,0.018729142902884632,0.019634394644526765,0.000481280469102785,0.018732738331891596,0.013416133093414828,0.0004953462703269906,0.01874728815164417,0.016828686144435778,0.0005087700374133419,0.018773236661218107,0.01893848244799301,0.006383921485394239,601.0
361,refiner_only,0.17753330804407597,0.40669262409210205,2e-06,0.0,0.0,0.0007439042747137137,0.028379807947203517,0.03506072307936847,0.0007516631667385809,0.028341152938082814,0.020646026823669672,0.0007611475812154822,0.02831160929054022,0.034585842047818005,0.0007710784047958441,0.028292467817664146,0.035072319325990975,0.006013243459165096,733.0
362,refiner_only,0.2135362597182393,0.3159478008747101,2e-06,0.0,0.0,0.0006934849370736629,0.036351617658510804,0.030411928542889655,0.0007028754989732988,0.03628895082511008,0.03064739052206278,0.0007124657058739103,0.036237604916095734,0.04221849690657109,0.0007222822387120686,0.03618856007233262,0.029817636124789715,0.007198825478553772,908.0
363,refiner_only,0.1698268409818411,0.2769259810447693,2e-06,0.0,0.0,0.0006267649987421464,0.030034984927624464,0.02653515024576336,0.0006350123367155902,0.029976463178172708,0.025560378446243703,0.0006445783183153253,0.029921458335593343,0.025770077481865883,0.0006544040334119927,0.029870808590203524,0.02679366001393646,0.006467114202678204,815.0
364,refiner_only,0.08684913138858974,0.6306813955307007,2e-06,0.0,0.0,0.0004904973593511386,0.01619629090419039,0.01259363055578433,0.0005039247080276255,0.016069033823441714,0.012422268948284909,0.0005180157277209219,0.015949498920235783,0.01255539056728594,0.000530924771737773,0.01583932261564769,0.012460748373996466,0.004822138696908951,545.0
365,refiner_only,0.08443415677174926,0.700138509273529,2e-06,0.0,0.0,0.0005080076716694748,0.014128135982900858,0.013783553149551153,0.0005229216949373949,0.014001392526552081,0.013539659674279392,0.0005377973429858685,0.013880339451134205,0.013920960831455886,0.0005515965167433023,0.013766536256298423,0.013712949759792536,0.006208840291947126,508.0
366,refiner_only,0.13305894378572702,0.26541975140571594,2e-06,0.0,0.0,0.0005815996082674246,0.022061611874960363,0.02126640867209062,0.0005956033637630753,0.02197599725332111,0.02159809018485248,0.0006100161299400497,0.021900692663621157,0.02077940572053194,0.0006233194726519287,0.021835561899933964,0.023140256467740983,0.006464925594627857,482.0
367,refiner_only,0.17028319602832198,0.5527255535125732,2e-06,0.0,0.0,0.0005202457523409976,0.03313916199840605,0.037221292208414525,0.0005351493891794235,0.03312366723548621,0.014974175370298326,0.0005502157218870707,0.033116981969214976,0.01801856851670891,0.0005643015902023762,0.03312232671305537,0.03627781308023259,0.007012736517935991,496.0
368,refiner_only,0.15328157041221857,0.23256216943264008,2e-06,0.0,0.0,0.0005471038566611242,0.026636355905793607,0.023509095422923565,0.0005594320282398257,0.026591433852445334,0.023284403199795634,0.000572179262235295,0.026552687166258693,0.024969654041342437,0.0005844272091053426,0.02652000030502677,0.02364735782612115,0.007562932092696428,908.0
369,refiner_only,0.09711505752056837,0.45914480090141296,2e-06,0.0,0.0,0.0005276129049889278,0.015418483526445925,0.01624409353826195,0.0005380673028412275,0.015401272918097675,0.016185739426873624,0.0005492771342687774,0.015396064962260425,0.016948464908637106,0.0005604590114671737,0.015404095349367708,0.01613161596469581,0.005564868915826082,709.0
370,refiner_only,0.20317200059071183,0.47684627771377563,2e-06,0.0,0.0,0.0006612198485527188,0.03841987042687833,0.03947958949720487,0.0006754639434802812,0.03833332902286202,0.02870441009872593,0.0006898180727148429,0.038252803788054734,0.028557899058796465,0.0007033571855572518,0.03817806247388944,0.02907685551326722,0.006770730949938297,815.0
371,refiner_only,0.16935679782181978,0.4183158576488495,2e-06,0.0,0.0,0.0006144999642856419,0.02752407919615507,0.018254835507832468,0.0006237391862669028,0.027517552487552166,0.03271182830212638,0.0006342281412798911,0.027520447212737054,0.032805552473291755,0.0006447562300309073,0.027524289616849273,0.01937440241454169,0.0072447434067726135,607.0
372,refiner_only,0.18441283889114857,0.3570687174797058,2e-06,0.0,0.0,0.0006195363675942644,0.03419522673357278,0.025010548415593803,0.0006291352183325216,0.034171036910265684,0.02543974365107715,0.0006393888979800977,0.03415123210288584,0.026791444630362093,0.0006495698689832352,0.03413585398811847,0.027805431513115764,0.00647733872756362,601.0
373,refiner_only,0.14587182668037713,0.2241227924823761,2e-06,0.0,0.0,0.0005385960703279125,0.02026246313471347,0.013758206041529775,0.0005518118632608093,0.020204080385155976,0.02807005841168575,0.0005656078319589142,0.020159201085334644,0.027342435787431896,0.0005780185965704732,0.02012492119683884,0.028275692340685055,0.0039027186576277018,557.0
374,refiner_only,0.18863886035978794,0.22392135858535767,2e-06,0.0,0.0,0.0006364237851812504,0.03537137235980481,0.03337577811907977,0.0006487041900982149,0.03534010169096291,0.02346322580706328,0.0006618048355448991,0.03531502990517765,0.023979379911907017,0.0006748276427970268,0.03529496828559786,0.03326081554405391,0.006867797113955021,792.0
375,refiner_only,0.19725605379790068,0.40179139375686646,2e-06,0.0,0.0,0.0005971353366476251,0.03968065290246159,0.024109106685500592,0.0006103550440457184,0.03959759999997914,0.02589695231290534,0.0006246882949199062,0.03952150233089924,0.02550902549410239,0.000638713037915295,0.0394522167625837,0.025404995714779943,0.006037876009941101,792.0
376,refiner_only,0.19370711175724864,0.4260062873363495,2e-06,0.0,0.0,0.0006652202573604882,0.03271183464676142,0.03724627266637981,0.0006760892501915805,0.03263120714109391,0.029321754816919565,0.0006865173199912533,0.03255701623857021,0.03797082579694688,0.0006972848932491615,0.03249054425396025,0.026675870176404715,0.005700916051864624,815.0
377,refiner_only,0.2291133813560009,0.5303778648376465,2e-06,0.0,0.0,0.0006774401335860603,0.04090081434696913,0.036246055737137794,0.0006891136363265105,0.0408093670848757,0.03217694628983736,0.0007008262109593488,0.04071769816800952,0.03462920221500099,0.0007127519929781556,0.04063153569586575,0.03804593998938799,0.007921549491584301,908.0
378,refiner_only,0.14165403880178928,0.42249614000320435,2e-06,0.0,0.0,0.0005620461670332588,0.023717783740721643,0.023134699324145913,0.0005739917141909245,0.02368160360492766,0.022241730068344623,0.0005865815874130931,0.02365300606470555,0.02407264447538182,0.0005982903312542476,0.023633403005078435,0.02261279203230515,0.005910431034862995,709.0
379,refiner_only,0.17802961263805628,0.42729949951171875,2e-06,0.0,0.0,0.0006859040986455511,0.027188293170183897,0.03431786643341184,0.0006973001363803633,0.027111178962513804,0.032047016895376146,0.0007077985937939957,0.02704641205491498,0.03135723536252044,0.0007184859823610168,0.026991710008587688,0.031352474295999855,0.008313884027302265,908.0
380,refiner_only,0.1449461653828621,0.22809936106204987,2e-06,0.0,0.0,0.0006013828424329404,0.02608556323684752,0.021943681873381138,0.0006147096028144006,0.02603239577729255,0.020683113834820688,0.0006283555012487341,0.02598582790233195,0.02224577363813296,0.0006410993955796584,0.025945710367523134,0.022169178817421198,0.0070663997903466225,750.0
381,refiner_only,0.10413237661123276,0.3654393255710602,2e-06,0.0,0.0,0.000450018947958597,0.021024428540840745,0.013434104068437591,0.0004662399624066893,0.020922970375977457,0.01349153442424722,0.0004822971750400029,0.02083599573234096,0.013548348797485232,0.0004970946574758273,0.020763579930644482,0.013124313409207389,0.00577015383169055,586.0
382,refiner_only,0.1571850525215268,0.23241160809993744,2e-06,0.0,0.0,0.0006409779016394168,0.02956715354230255,0.02172280370723456,0.0006527156983793247,0.0295159729430452,0.020068831625394523,0.0006647526461165398,0.029472535010427237,0.02348096715286374,0.0006764044737792574,0.029437994468025863,0.02321487700100988,0.007169649004936218,815.0
383,refiner_only,0.16272607818245888,0.29164978861808777,2e-06,0.0,0.0,0.0005478229140862823,0.033262617187574506,0.02447851625038311,0.0005622274838970043,0.033188826870173216,0.021431096945889294,0.0005764176094089635,0.03312213369645178,0.018375825660768896,0.000589355102420086,0.03306209703441709,0.021818097680807114,0.0072118742391467094,586.0
384,refiner_only,0.21024293825030327,0.1374969184398651,2e-06,0.0,0.0,0.0006628368646488525,0.03842093900311738,0.031024833384435624,0.00067617906461237,0.038369279820472,0.0312989572994411,0.0006892336750752293,0.03832436096854508,0.030841476283967495,0.0007015480223344639,0.0382952019572258,0.031046699499711394,0.0064476183615624905,634.0
385,refiner_only,0.08601505076512694,1.0378503799438477,2e-06,0.0,0.0,0.0004917592523270287,0.01641315151937306,0.011621769692283124,0.0005067847851023544,0.01645847677718848,0.011233621422434226,0.0005224116321187466,0.01651126582873985,0.011112107458757237,0.0005372567102313042,0.01657057012198493,0.01256255543557927,0.006375518161803484,471.0
386,refiner_only,0.12299610767513514,0.5217446684837341,2e-06,0.0,0.0,0.0005585658873314969,0.020831603556871414,0.020517093944363296,0.0005718465763493441,0.020721742301248014,0.022585362195968628,0.0005854824376001488,0.020622674375772476,0.018004809389822185,0.0005984527597320266,0.02053354447707534,0.018772189505398273,0.007478904910385609,698.0
387,refiner_only,0.13095810683444142,0.31755805015563965,2e-06,0.0,0.0,0.0006009266071487218,0.02222213544882834,0.02166293270420283,0.0006125874533609021,0.022148134652525187,0.022383458563126624,0.0006244021897146013,0.022081992705352604,0.01978672167751938,0.0006358662722050212,0.02202378388028592,0.020661158370785415,0.007790996227413416,733.0
388,refiner_only,0.1791907954029739,0.7321757674217224,2e-06,0.0,0.0,0.0006460736367444042,0.028436153079383075,0.020913548360113055,0.0006582166170119308,0.02830556157277897,0.021589354204479605,0.000670954384986544,0.02818925498286262,0.03495359077351168,0.0006832494436821435,0.028078537376131862,0.03606207112898119,0.006438408512622118,508.0
389,refiner_only,0.14058591797947884,0.23775629699230194,2e-06,0.0,0.0,0.0006758564632036723,0.02524030616041273,0.020285401318687946,0.0006870680044812616,0.025188786210492253,0.02160444180481136,0.0006989654721110128,0.02514592302031815,0.021096964832395315,0.0007106796256266534,0.02511197282001376,0.020341118914075196,0.0084304204210639,545.0
390,refiner_only,0.10202411189675331,0.2376830130815506,2e-06,0.0,0.0,0.0005363728923839517,0.017810073564760387,0.01616562996059656,0.0005533790899789892,0.01773305149981752,0.015862771368119866,0.0005699294233636465,0.01766631205100566,0.015272792428731918,0.0005851469359186012,0.0176107530714944,0.01616997574456036,0.007939023897051811,586.0
391,refiner_only,0.1702828509733081,0.6476472020149231,2e-06,0.0,0.0,0.0006235605105757713,0.031880883732810616,0.01760861068032682,0.0006337262529996224,0.03189839457627386,0.020099010318517685,0.0006454864196712151,0.03192551480606198,0.03180794441141188,0.0006576887535629794,0.03196154034230858,0.020653546089306474,0.005658211652189493,553.0
392,refiner_only,0.2469254988245666,0.29214590787887573,2e-06,0.0,0.0,0.0007649492836208083,0.04191208677366376,0.04248572455253452,0.0007778373474138789,0.04187237180303782,0.03935185755835846,0.0007888787295087241,0.041842617094516754,0.04149579582735896,0.0007996412095963024,0.04182013566605747,0.03817636281019077,0.008661561645567417,908.0
393,refiner_only,0.10333829559385777,0.40301668643951416,2e-06,0.0,0.0,0.0005674167041433975,0.017699072719551623,0.01680848828982562,0.0005824341569677927,0.017589504132047296,0.015854821074754,0.0005971747268631589,0.017492118873633444,0.016539461794309318,0.0006108630877861287,0.017406440107151866,0.01666547649074346,0.005547879263758659,553.0
394,refiner_only,0.1719296236988157,0.6035255789756775,2e-06,0.0,0.0,0.0006059150873625185,0.029808933846652508,0.03006557116168551,0.0006199944182299078,0.029821415024343878,0.026973310974426568,0.0006330711585178506,0.029843183583579957,0.026354786852607504,0.0006450596665672492,0.029871989565435797,0.027166810759808868,0.007528125774115324,564.0
395,refiner_only,0.22713113389909267,0.723539412021637,2e-06,0.0,0.0,0.0007230135997815523,0.040724232443608344,0.047681564232334495,0.0007369104059762321,0.04059327702270821,0.03680790704675019,0.0007505121066060383,0.04047165747033432,0.029037858883384615,0.0007635334259248339,0.04035795194795355,0.03761153016239405,0.00569629343226552,792.0
396,refiner_only,0.15934833651408553,0.2430081069469452,2e-06,0.0,0.0,0.0005212378837313736,0.03156619635410607,0.01918059855233878,0.0005346581419871654,0.03151995374355465,0.022924347838852555,0.0005486226400535088,0.03148343728389591,0.020900600356981158,0.0005625993362627923,0.031455523800104856,0.019418598269112408,0.006007963325828314,709.0
397,refiner_only,0.10834481567144394,0.5739940404891968,2e-06,0.0,0.0,0.0004937943158438429,0.021285210270434618,0.013326374173630029,0.0005112857070344035,0.021177135058678687,0.015514991478994489,0.0005282574129523709,0.021076255827210844,0.013768475211691111,0.0005435860839497764,0.020984362927265465,0.014240466640330851,0.008734223432838917,501.0
398,refiner_only,0.16711859218776226,0.1611650139093399,2e-06,0.0,0.0,0.0006923655855644029,0.027451932430267334,0.02703825104981661,0.0007028976324363612,0.02740646747406572,0.025976313627325,0.0007151923891797196,0.027370589436031878,0.029137764708139002,0.0007281916114152409,0.027344996691681445,0.027736179996281862,0.0076025137677788734,564.0
399,refiner_only,0.1530528124421835,0.6485320329666138,2e-06,0.0,0.0,0.0006337159884424182,0.029381031752564013,0.023471506516216323,0.0006472990135080181,0.029257610178319737,0.022376276057912037,0.0006607606155739632,0.02914384863106534,0.01974465188686736,0.000673592287057545,0.029038998356554657,0.021509777376195416,0.008550827391445637,545.0
400,refiner_only,0.23914827685803175,0.24371279776096344,2e-06,0.0,0.0,0.0007595573406433687,0.033976954175159335,0.04750074842013419,0.0007694508458371274,0.03396207024343312,0.04926391749177128,0.0007796907229931094,0.03396245324984193,0.03557452233508229,0.0007904787053121254,0.033957781502977014,0.050087907584384084,0.008977756835520267,908.0
401,refiner_only,0.0864878878928721,0.3343551754951477,2e-06,0.0,0.0,0.0004399028493935475,0.01659488957375288,0.01169049512827769,0.00045620405944646336,0.01650583607261069,0.011981551680946723,0.0004716732073575258,0.016428117378382012,0.012228696519741789,0.00048613020771881565,0.016361165762646124,0.01156851276755333,0.007016608025878668,476.0
402,refiner_only,0.14089051820337772,0.5447400212287903,2e-06,0.0,0.0,0.0005776046891696751,0.026356441783718765,0.019920710707083344,0.00058741455359268,0.02634284703526646,0.01950042403768748,0.0005980750065646134,0.026338146766647696,0.01945982058532536,0.0006089615599194076,0.0263427528552711,0.021112078800797462,0.007629109546542168,709.0
403,refiner_only,0.14600983634591103,0.4758621156215668,2e-06,0.0,0.0,0.0006396579374268185,0.025125221349298954,0.01648811937775463,0.0006535811698995531,0.025003608549013734,0.03683158237254247,0.0006671209193882532,0.0248900301521644,0.01637215568916872,0.0006801722702221014,0.024784496403299272,0.016127090784721076,0.007140472065657377,601.0
404,refiner_only,0.16226539202034473,0.36882779002189636,2e-06,0.0,0.0,0.0006375284647219814,0.02788540639448911,0.034103627025615424,0.0006519629678223282,0.027861746842972934,0.020737275131978095,0.0006653489253949374,0.027851719758473337,0.02128913759952411,0.0006782828313589562,0.02785661572124809,0.03467330406419933,0.00890071876347065,586.0
405,refiner_only,0.12050531432032585,0.3927443325519562,2e-06,0.0,0.0,0.0005882977420696989,0.021699058823287487,0.03148720762692392,0.0005992835358483717,0.02166140457848087,0.01838087401119992,0.0006101051840232685,0.021643733489327133,0.01687043148558587,0.0006203646953508724,0.021647266345098615,0.018471852294169366,0.006001865956932306,499.0
406,refiner_only,0.15733657055534422,0.35058829188346863,2e-06,0.0,0.0,0.0005638312941300683,0.03116918314481154,0.02085242758039385,0.0005784333297924604,0.03113558707991615,0.019329121976625174,0.0005925589830440003,0.031112994416616857,0.022480266343336552,0.0006056940837879665,0.03109970281366259,0.020402210531756282,0.005292556714266539,607.0
407,refiner_only,0.15575291216373444,0.7551934719085693,2e-06,0.0,0.0,0.0005858267213625368,0.02957520494237542,0.022014735965058208,0.0005993763807055075,0.029431779868900776,0.02295764093287289,0.0006130719557404518,0.029295811196789145,0.021346007531974465,0.000626158420345746,0.029168642940931022,0.021714427042752504,0.005990653298795223,733.0
408,refiner_only,0.17553595919162035,0.6946880221366882,2e-06,0.0,0.0,0.0006193553053890355,0.03063577925786376,0.02218585810624063,0.0006314502024906687,0.030651375651359558,0.02284232631791383,0.0006434469687519595,0.03067613928578794,0.02329480100888759,0.0006544281641254202,0.030712481820955873,0.035429506096988916,0.0062612672336399555,424.0
409,refiner_only,0.11734027974307537,0.3385428190231323,2e-06,0.0,0.0,0.0005752407123509329,0.02030429511796683,0.019446777645498514,0.0005892925000807736,0.020283630001358688,0.017127036000601947,0.0006032278506609146,0.020271061919629574,0.02038194192573428,0.0006170070519146975,0.02026562939863652,0.017201451410073787,0.008204394951462746,698.0
410,refiner_only,0.14805014478042722,0.4164959490299225,2e-06,0.0,0.0,0.0005886517610633746,0.028884018189273775,0.019827369134873152,0.0006033664394635707,0.02878904074896127,0.02025790116749704,0.0006175305788929109,0.028699684655293822,0.02033155830577016,0.0006311644938250538,0.028616793337278068,0.019503108109347522,0.007237257901579142,634.0
411,refiner_only,0.18149464670568705,0.35550472140312195,2e-06,0.0,0.0,0.0005309296830091625,0.031203249585814774,0.03664301845128648,0.0005428855147329159,0.031124096945859492,0.035033424239372835,0.0005556498654186726,0.031059957575052977,0.03454265010077506,0.0005676496257365216,0.03101363277528435,0.01705469860462472,0.007227810565382242,557.0
412,refiner_only,0.15888946782797575,0.28226596117019653,2e-06,0.0,0.0,0.0005723793074139394,0.028621135628782213,0.021078052348457277,0.0005888866544410121,0.028532222262583673,0.024780890729743987,0.0006025686816428788,0.028450594283640385,0.02691371482796967,0.0006147036037873477,0.028377393260598183,0.020028492086566985,0.009310889057815075,908.0
413,refiner_only,0.17881203163415194,0.20745080709457397,2e-06,0.0,0.0,0.0007022597783361562,0.03391178185120225,0.02800699754152447,0.0007125850825104862,0.03386497916653752,0.02535602869465947,0.0007236329765873961,0.033820307115092874,0.02558704011607915,0.0007345233170781285,0.03378265118226409,0.02423028985504061,0.00728577421978116,601.0
414,refiner_only,0.1350458615925163,0.1899196207523346,2e-06,0.0,0.0,0.0005614202491415199,0.025434500188566744,0.018468817404937,0.0005767816146544646,0.025352759490488097,0.018306596961338073,0.0005908485763939098,0.02528442908078432,0.02034219808410853,0.0006045803784218151,0.02522981393849477,0.018757853395072743,0.007309526205062866,634.0
415,refiner_only,0.13625603169202805,0.37517988681793213,2e-06,0.0,0.0,0.0006603567162528634,0.025153520284220576,0.02000704943202436,0.0006725915736751631,0.025068077724426985,0.019547923118807375,0.0006849550190963782,0.024991119280457497,0.019823609851300716,0.0006978412639000453,0.024921956472098827,0.019847954506985843,0.007329448591917753,601.0
416,refiner_only,0.1933546238578856,0.7165939807891846,2e-06,0.0,0.0,0.0006470652660937048,0.033209754968993366,0.03321775188669562,0.0006619302766921464,0.033071336743887514,0.033687655231915414,0.0006765312573406845,0.03294124035164714,0.032850435469299555,0.000690337605192326,0.03282003186177462,0.025955125340260565,0.006833996623754501,792.0
417,refiner_only,0.21784412488341331,0.4520180821418762,2e-06,0.0,0.0,0.0007126187774701975,0.03851462772581726,0.029684098321013153,0.0007255009259097278,0.03851122537162155,0.028476992738433182,0.0007372475301963277,0.0385169277433306,0.040887315291911364,0.0007484472880605608,0.038531028549186885,0.030709437909536064,0.005846024490892887,792.0
418,refiner_only,0.14531661104410887,0.28529292345046997,2e-06,0.0,0.0,0.0005848328801221214,0.028036191361024976,0.018324746808502823,0.0005990939498587977,0.027945194160565734,0.01983549923170358,0.0006132014968898147,0.027866390417329967,0.019832267134916037,0.0006277065513131674,0.027795802452601492,0.020201455103233457,0.008091564290225506,607.0
419,refiner_only,0.1437294716015458,0.3143801689147949,2e-06,0.0,0.0,0.0005432149810076226,0.030247660295572132,0.016625037416815758,0.0005615055124508217,0.030157816188875586,0.018731626769294962,0.0005785748435300775,0.030078873969614506,0.016968659561825916,0.0005948825019004289,0.030011705646757036,0.01604582811705768,0.007783080451190472,634.0
420,refiner_only,0.1842501051723957,0.29073047637939453,2e-06,0.0,0.0,0.0006883581445435993,0.032454360742121935,0.02821021422278136,0.0007010331501078326,0.032380033982917666,0.027695304015651345,0.0007139060580811929,0.03231606015469879,0.027053870842792094,0.0007271505455719307,0.03226209944114089,0.030400648480281234,0.007808017078787088,815.0
421,refiner_only,0.21264605084434152,0.39159584045410156,2e-06,0.0,0.0,0.0006799695620429702,0.03658878896385431,0.026535666664130986,0.0006968145389691927,0.03650405164808035,0.03851977834710851,0.000711103046342032,0.03642419911921024,0.0258627247530967,0.0007239695405587554,0.03634921764023602,0.036854189820587635,0.007383615709841251,815.0
422,refiner_only,0.19492333382368088,0.5253990888595581,2e-06,0.0,0.0,0.0006958599551580846,0.03216021019034088,0.03191556013189256,0.0007104639080353081,0.03214934607967734,0.028963484801352024,0.0007234237564262003,0.03215088869910687,0.03422053065150976,0.0007368195729213767,0.03216534049715847,0.03310303739272058,0.009657591581344604,908.0
423,refiner_only,0.1405794620513916,0.3684384822845459,2e-06,0.0,0.0,0.0005792381070932606,0.023228789563290775,0.02237671340117231,0.0005940346964052878,0.02314956532791257,0.021749104431364685,0.0006089848393457942,0.023079048260115087,0.023584376380313188,0.0006234422762645409,0.023012964986264706,0.024177939456421882,0.0077989124692976475,493.0
424,refiner_only,0.10211579129099846,0.39787477254867554,2e-06,0.0,0.0,0.0004988588370906655,0.021370365633629262,0.012579116388224065,0.0005146904404682573,0.021242632414214313,0.011542581138201058,0.0005316220594977494,0.02112526592100039,0.012879470305051655,0.0005481272564793471,0.02101837075315416,0.012713032483588904,0.006491729989647865,545.0
425,refiner_only,0.1134017591830343,0.3144986927509308,2e-06,0.0,0.0,0.0005271535646897973,0.020425394584890455,0.018837511772289872,0.0005427569303719793,0.02032444885117002,0.016579086804995313,0.0005569355926127173,0.020235288568073884,0.017719767813105136,0.0005703134229406714,0.020158140890998766,0.016715021163690835,0.0077032786794006824,750.0
426,refiner_only,0.09874473512172699,0.41691991686820984,2e-06,0.0,0.0,0.0005269899556878954,0.018572860048152506,0.013943671539891511,0.0005451551478472538,0.018445769674144685,0.013669711770489812,0.0005609821855614427,0.018328329548239708,0.013792511657811701,0.0005750368945882656,0.018222287064418197,0.014604950207285583,0.007745720446109772,733.0
427,refiner_only,0.13189813517965376,0.29888486862182617,2e-06,0.0,0.0,0.0004942512805428123,0.02639466623077169,0.014574244938557968,0.0005119982997712214,0.02633373739081435,0.01697936945129186,0.0005285979277687147,0.0262878259527497,0.017637039069086313,0.0005441181201604195,0.026257373567204922,0.016818073840113357,0.007910402491688728,508.0
428,refiner_only,0.15287808096036315,0.5622984766960144,2e-06,0.0,0.0,0.0005328316983650438,0.028645242506172508,0.0206128959544003,0.0005491687043104321,0.028554052987601608,0.021113048191182315,0.0005653566549881361,0.02847401605686173,0.022438877233071253,0.000581301050260663,0.02840518346056342,0.022197074606083333,0.009156640619039536,496.0
429,refiner_only,0.1791074271313846,0.27752062678337097,2e-06,0.0,0.0,0.0005791764015157241,0.029213580419309437,0.03126708895433694,0.0005940257033216767,0.029126219102181494,0.03186145343352109,0.0006078797377995215,0.029048140335362405,0.027244222757872194,0.0006216983565536793,0.02897788106929511,0.031025910167954862,0.009940673597157001,908.0
430,refiner_only,0.18683501379564404,0.39648953080177307,2e-06,0.0,0.0,0.0006645578469033353,0.03223017032723874,0.036585036432370543,0.0006795665285608266,0.0321545593906194,0.03528240794548765,0.000693417383445194,0.03208884422201663,0.0271948502631858,0.0007066273901727982,0.03203132550697774,0.026003412785939872,0.00890765618532896,792.0
431,refiner_only,0.10434920620173216,0.2968332767486572,2e-06,0.0,0.0,0.0005106384905957384,0.019722067867405713,0.01413454400608316,0.0005273921378829982,0.019654944771900773,0.014344273775350302,0.0005441532775876112,0.019597754231654108,0.01412237691693008,0.0005609062063740566,0.019553889869712293,0.015443513926584274,0.007877588272094727,750.0
432,refiner_only,0.1945370575413108,0.8178158402442932,2e-06,0.0,0.0,0.0005885025311727077,0.03443017858080566,0.034591880335938185,0.0006040905209374614,0.03446556371636689,0.034135706489905715,0.0006182071883813478,0.0345108323963359,0.028839498641900718,0.0006318724153970834,0.03456670313607901,0.026164584269281477,0.010085451416671276,908.0
433,refiner_only,0.18636628426611423,0.497280091047287,2e-06,0.0,0.0,0.0006776242626074236,0.0367507484043017,0.024091840139590204,0.0006919571460457519,0.03663056611549109,0.0248558052117005,0.0007048568695608992,0.03652281709946692,0.02665883908048272,0.0007173086996772327,0.03642911673523486,0.02315501938574016,0.008066949434578419,495.0
434,refiner_only,0.1583099067211151,0.2559610903263092,2e-06,0.0,0.0,0.000587331538554281,0.026733751699794084,0.03024418611312285,0.0006011418045090977,0.0266570407547988,0.01581082644406706,0.0006151994239189662,0.02660105878021568,0.030905432417057455,0.0006287342948780861,0.0265491102472879,0.029941361979581416,0.008274458348751068,545.0
435,refiner_only,0.16706332936882973,0.36014699935913086,2e-06,0.0,0.0,0.000651536749501247,0.03028866625390947,0.02827242750208825,0.0006641716827289201,0.030185913667082787,0.02178498392459005,0.0006761531185475178,0.030095765134319663,0.027644233196042478,0.0006881401786813512,0.030018408549949527,0.02530555916018784,0.007899697870016098,493.0
436,refiner_only,0.2399496124126017,0.23639076948165894,2e-06,0.0,0.0,0.0006466211416409351,0.04240757296793163,0.02269935538060963,0.0006592311547137797,0.04234742687549442,0.03444126696558669,0.0006719617704220582,0.042291646474041045,0.03799119929317385,0.0006850534118711948,0.04224175412673503,0.03862007561838254,0.008033997379243374,709.0
437,refiner_only,0.170779918320477,1.1444034576416016,2e-06,0.0,0.0,0.0006616405080421828,0.028934822883456945,0.026537432800978422,0.000673212474794127,0.028758652042597532,0.027655686368234456,0.0006850239369668998,0.028590979520231485,0.02837029192596674,0.000697459836374037,0.028431599494069815,0.026917010778561234,0.009722885675728321,607.0
438,refiner_only,0.16151834838092327,0.3447189927101135,2e-06,0.0,0.0,0.0006007601441524457,0.027650487725622952,0.025160570279695094,0.0006129171015345491,0.027563050156459212,0.02572143019642681,0.0006259466645133216,0.027483376557938755,0.024979671754408628,0.0006393761468643788,0.027409653179347515,0.026482924702577293,0.010342239402234554,607.0
439,refiner_only,0.21512801386415958,0.3220732510089874,2e-06,0.0,0.0,0.0006733174632245209,0.03323427448049188,0.043897840834688395,0.0006878136591694783,0.03315543371718377,0.04499065119307488,0.0007019858567218762,0.03308947407640517,0.0348213478573598,0.0007162774745665956,0.033037927467375994,0.033927100943401456,0.00871242769062519,792.0
440,refiner_only,0.1094567640684545,0.4653639793395996,2e-06,0.0,0.0,0.000522504862601636,0.02129282057285309,0.015101306897122413,0.0005398376124503557,0.021160311356652528,0.014992845186498016,0.0005561466059589293,0.021041811618488282,0.014725031214766204,0.0005728646901843604,0.020936151791829616,0.014931764628272504,0.0067689865827560425,607.0
441,refiner_only,0.1391143649816513,0.3251086175441742,2e-06,0.0,0.0,0.0006021504632371943,0.024366805562749505,0.020991812460124493,0.0006170604610815644,0.024320862721651793,0.021928691770881414,0.0006324907990347128,0.02428477769717574,0.01926827523857355,0.000647410299279727,0.02425753860734403,0.02315725910011679,0.00889853946864605,750.0
442,refiner_only,0.1311829872429371,0.31137028336524963,2e-06,0.0,0.0,0.000570340200283681,0.023198614362627268,0.02177749533439055,0.0005869885098945815,0.023156888433732092,0.019526168645825237,0.0006028886200510897,0.02312470821198076,0.01767665660008788,0.0006181229546200484,0.023101840051822364,0.02278871973976493,0.007723167072981596,709.0
443,refiner_only,0.2031810935586691,0.19883544743061066,2e-06,0.0,0.0,0.000703890691511333,0.03171670518349856,0.027540215523913503,0.0007177704137575347,0.031640636967495084,0.02843319729436189,0.0007317097479244694,0.031580748269334435,0.0492869260488078,0.000745888777601067,0.031536791822873056,0.028507422655820847,0.008375769481062889,496.0
444,refiner_only,0.14811990782618523,0.6035136580467224,2e-06,0.0,0.0,0.0006214054155861959,0.02749361755559221,0.02246481750626117,0.0006373533215082716,0.0274879866046831,0.0216409940039739,0.0006530390273837838,0.027491410786751658,0.021480197901837528,0.0006681430204480421,0.02750406868290156,0.02055671322159469,0.008949805051088333,815.0
445,refiner_only,0.2073768745176494,0.7083086371421814,2e-06,0.0,0.0,0.0005672735496773385,0.0422132785897702,0.026625051978044212,0.0005803273925266694,0.04222784470766783,0.025703489838633686,0.0005939327747910284,0.04224726581014693,0.026491455384530127,0.0006080091079638805,0.04227294365409762,0.026651602936908603,0.00901665911078453,750.0
446,refiner_only,0.09385239286348224,0.45842981338500977,2e-06,0.0,0.0,0.0005198678481974639,0.01669074216624722,0.015679793839808553,0.0005418239779828582,0.016636614978779107,0.012372754281386733,0.000561521799681941,0.016602741088718176,0.015245352784404531,0.0005810347138321958,0.016585097589995712,0.014725452871061862,0.0070062861777842045,501.0
447,refiner_only,0.08846265217289329,0.39573943614959717,2e-06,0.0,0.0,0.0005281271205603844,0.014135284931398928,0.015030515962280333,0.0005491277952387463,0.014060202753171325,0.014749324589502066,0.0005678155066561885,0.01400322251720354,0.014665789436548948,0.0005862922735104803,0.013962062424980104,0.015318815712817013,0.006358869839459658,493.0
448,refiner_only,0.145282314857468,0.2956891357898712,2e-06,0.0,0.0,0.0005679455607605632,0.026097081892658025,0.0330291060381569,0.0005853027978446335,0.026047310617286712,0.03058887252700515,0.0006013244310452137,0.02601002185838297,0.01744647420127876,0.0006167587998788804,0.025984667125158012,0.017401582561433315,0.007416713051497936,496.0
449,refiner_only,0.15611380338668823,0.6126492619514465,2e-06,0.0,0.0,0.0005711550693376921,0.02821125357877463,0.02843197906622663,0.0005871130269952118,0.02806293696630746,0.023423779639415443,0.0006014727005094755,0.027927865681704134,0.02403026766842231,0.0006155105511425063,0.027806892001535743,0.023057967831846327,0.010476737283170223,908.0
450,refiner_only,0.1474081315100193,0.23376749455928802,2e-06,0.0,0.0,0.0007438379689119756,0.024230764829553664,0.023770612780936062,0.0007558326396974735,0.02420181210618466,0.024625922203995287,0.0007685654272790998,0.024182495544664562,0.023032138124108315,0.0007820841274224222,0.024172506877221167,0.024886770988814533,0.006356541067361832,553.0
451,refiner_only,0.14659888530150056,0.2448113113641739,2e-06,0.0,0.0,0.0005619634466711432,0.023720527067780495,0.02039682649774477,0.0005791439434688073,0.02361586905317381,0.02488716726657003,0.0005945004886598326,0.02352730493294075,0.02434286824427545,0.0006097719087847508,0.02345227770274505,0.02498998260125518,0.010468277148902416,908.0
452,refiner_only,0.13297993037849665,1.1478873491287231,2e-06,0.0,0.0,0.0005402100723586045,0.02393478713929653,0.020313580869697034,0.000555182239622809,0.024007821339182556,0.022593821748159826,0.0005688627788913436,0.024098774534650147,0.018843625846784562,0.000582807268074248,0.024205130874179304,0.01752390171168372,0.008075709454715252,521.0
453,refiner_only,0.1913880817592144,0.20991608500480652,2e-06,0.0,0.0,0.0006657851954514626,0.02942397620063275,0.033853866858407855,0.0006813551044615451,0.02935132128186524,0.03388557198923081,0.0006964602762309369,0.02929277962539345,0.03376705711707473,0.0007110556762199849,0.02924033673480153,0.03376214858144522,0.008469080552458763,815.0
454,refiner_only,0.21451252605766058,0.5543935298919678,2e-06,0.0,0.0,0.0007084125718392897,0.03664820780977607,0.025409565772861242,0.0007198937964858487,0.03655021358281374,0.02559134387411177,0.0007320355216506869,0.03646144876256585,0.03916146687697619,0.0007447060561389662,0.036378331715241075,0.03817308600991964,0.008723100647330284,815.0
455,refiner_only,0.1420851182192564,0.5930266976356506,2e-06,0.0,0.0,0.0005910061954637058,0.029072176665067673,0.01824115787167102,0.0006071030438761227,0.02892387076281011,0.01799126126570627,0.0006225233737495728,0.028781907982192934,0.018151462194509804,0.0006384867738233879,0.02864626026712358,0.01772224163869396,0.00895209051668644,733.0
456,refiner_only,0.15660967957228422,0.4093075394630432,2e-06,0.0,0.0,0.0005788857579318574,0.02789346652571112,0.02507991186575964,0.0005948460384388454,0.027794604189693928,0.023154617461841553,0.0006102348561398685,0.027703551691956818,0.02355683472706005,0.0006257135173655115,0.027619604370556772,0.024949674727395177,0.008343428373336792,815.0
457,refiner_only,0.15014336863532662,0.2669239342212677,2e-06,0.0,0.0,0.000511422327690525,0.02700620179530233,0.02560451824683696,0.0005283247810439207,0.026930981723126024,0.021274527447531,0.0005451831821119413,0.026869224733673036,0.022287107683951035,0.0005619609000859782,0.0268211557995528,0.024324902216903865,0.007376215420663357,815.0
458,refiner_only,0.10461588948965073,0.8704211711883545,2e-06,0.0,0.0,0.0005148017044120934,0.02077367907622829,0.013466689037159085,0.0005294063957990147,0.020812674309127033,0.013245414651464671,0.0005433888072730042,0.020862799196038395,0.013578893209341913,0.0005576342628046405,0.02092411246849224,0.01356156449764967,0.008661562576889992,499.0
459,refiner_only,0.13809749041683972,0.3275299370288849,2e-06,0.0,0.0,0.0005678681154677179,0.023378685989882797,0.0177213259448763,0.000584052329941187,0.023267985292477533,0.0279499011230655,0.0005994047860440332,0.023173484834842384,0.019728642626432702,0.000614320691965986,0.023097472119843587,0.0190822271106299,0.006494657602161169,792.0
460,refiner_only,0.09793445747345686,0.365215003490448,2e-06,0.0,0.0,0.0005002898433303926,0.017355321906507015,0.014478054450592026,0.0005226515713729896,0.017220193840330467,0.01474949432304129,0.0005404159383033402,0.017097577510867268,0.01468615440535359,0.0005571080946538132,0.01698626420693472,0.015574595832731575,0.008768528699874878,601.0
461,refiner_only,0.1644836594350636,0.3651774823665619,2e-06,0.0,0.0,0.0006300346212810837,0.027834468870423734,0.024868916952982545,0.0006472471686720382,0.027744859224185348,0.023873525904491544,0.0006608695512113627,0.0276672673644498,0.02819760487182066,0.0006739680356986355,0.02760337118525058,0.02741494309157133,0.010333932936191559,908.0
462,refiner_only,0.2020208789035678,0.5789611339569092,2e-06,0.0,0.0,0.0006987082269915845,0.03889721352607012,0.029810139327310026,0.0007123759969545063,0.038770962855778635,0.02591188088990748,0.0007249814043461811,0.03865295392461121,0.02982329425867647,0.0007385358985629864,0.0385416061617434,0.02814428647980094,0.01035347767174244,908.0
463,refiner_only,0.1360595270525664,0.7959085702896118,2e-06,0.0,0.0,0.0005135132996656466,0.028511413256637752,0.015128632687265053,0.0005303259276843164,0.028536699654068798,0.015232379810186103,0.0005460441025206819,0.028574623866006732,0.01649499632185325,0.0005615280315396376,0.028625039733015,0.016957887506578118,0.008703438565135002,499.0
464,refiner_only,0.19253685628063977,0.28570035099983215,2e-06,0.0,0.0,0.0006066021614969941,0.029024955991189927,0.03424957863171585,0.000619096819718834,0.02896834263810888,0.03266711998730898,0.0006316861108643934,0.02892709494335577,0.034486120886867866,0.0006441959303629119,0.028901073848828673,0.036692127876449376,0.007264952175319195,553.0
465,refiner_only,0.15695040673017502,0.39919257164001465,2e-06,0.0,0.0,0.0006145078295958228,0.025588848860934377,0.022847695741802454,0.000625566353846807,0.02554677752777934,0.019888010574504733,0.000637734181509586,0.025527315912768245,0.022159396787174046,0.0006500356103060767,0.025528800208121538,0.03638677566777915,0.008014783263206482,496.0
466,refiner_only,0.17962390976026654,0.4303407669067383,2e-06,0.0,0.0,0.0006359655890264548,0.02948797179851681,0.03185791056603193,0.0006514746673929039,0.029471873363945633,0.03221571212634444,0.000665776231471682,0.029469792905729264,0.02899598638759926,0.0006796191082685255,0.02948123007081449,0.02799244545167312,0.010431812144815922,908.0
467,refiner_only,0.14290445763617754,0.5195350050926208,2e-06,0.0,0.0,0.00045964509990881197,0.023952045070473105,0.012436908204108477,0.0004791463943547569,0.023918399529065937,0.014710974472109228,0.0004957999335601926,0.023903896391857415,0.02655193372629583,0.0005116948450449854,0.023903809022158384,0.028428806574083865,0.008613699115812778,435.0
468,refiner_only,0.2151314439252019,0.431172639131546,2e-06,0.0,0.0,0.0007480269996449351,0.03668538713827729,0.03687731199897826,0.000759228874812834,0.03667031251825392,0.022432196070440114,0.0007708418561378494,0.03667068271897733,0.022942906245589256,0.0007827090157661587,0.03668258711695671,0.05741998727899045,0.007360642310231924,733.0
469,refiner_only,0.1857265110593289,0.505302906036377,2e-06,0.0,0.0,0.0005608121609839145,0.03416293626651168,0.01791211642557755,0.0005759861414844636,0.03410567477112636,0.03189948771614581,0.000591032538068248,0.03407059161690995,0.017997547867707908,0.0006069849478080869,0.034035934892017394,0.03184327483177185,0.00879344530403614,634.0
470,refiner_only,0.14014573674649,0.7507250905036926,2e-06,0.0,0.0,0.0005964964802842587,0.023577233077958226,0.023687069828156382,0.0006069368973840028,0.023600430984515697,0.02057241805596277,0.0006180608870636206,0.023637653444893658,0.02381981268990785,0.0006296173669397831,0.023687072098255157,0.022973736515268683,0.008156916126608849,750.0
471,refiner_only,0.12912126164883375,0.5775010585784912,2e-06,0.0,0.0,0.0005564929560932796,0.02073127357289195,0.019018510822206736,0.0005707566197088454,0.020724531670566648,0.022893829504027963,0.000584929915930843,0.02073314564768225,0.0225189765333198,0.0005993589984427672,0.020754701574333012,0.01974102610256523,0.007827015593647957,438.0
472,refiner_only,0.14124998054467142,0.24063803255558014,2e-06,0.0,0.0,0.000579584750084905,0.0275912513025105,0.01910284481709823,0.0005936614979873411,0.027524788776645437,0.018844681122573093,0.0006065206798666622,0.027475388487800956,0.019828713673632592,0.0006199811396072619,0.027441115002147853,0.018315130524570122,0.007574958726763725,698.0
473,refiner_only,0.15201573353260756,0.35776758193969727,2e-06,0.0,0.0,0.0006245211297937203,0.025261334842070937,0.02527144248597324,0.0006360685074469075,0.025187941966578364,0.023365915520116687,0.0006479070580098778,0.025121755432337523,0.024062271346338093,0.0006601505592698231,0.02506326965522021,0.02727045549545437,0.007383161690086126,557.0
474,refiner_only,0.12812153901904821,0.21024620532989502,2e-06,0.0,0.0,0.0006161714300105814,0.024300938472151756,0.018067833152599633,0.0006292777688940987,0.02421978604979813,0.01752483961172402,0.0006426069194276351,0.024148647440597415,0.016440467908978462,0.0006557767483172938,0.02408755081705749,0.019772583269514143,0.008068936876952648,601.0
475,refiner_only,0.09350772947072983,0.38847482204437256,2e-06,0.0,0.0,0.0004097871405974729,0.020159444597084075,0.011812040145741776,0.0004242200666340068,0.020024552650284022,0.011008217348717153,0.0004384701132948976,0.01990667881909758,0.009275150194298476,0.00045282022620085627,0.01981218226137571,0.012165439373347908,0.008207619190216064,430.0
476,refiner_only,0.10922478581778705,0.2299278974533081,2e-06,0.0,0.0,0.0006162909066915745,0.017177186615299433,0.017619024467421696,0.0006318539089988917,0.017112826491938904,0.018815554882166907,0.0006452954366977792,0.017064683721400797,0.018753244075924158,0.0006590528064407408,0.01703280399669893,0.01850946876220405,0.007972581312060356,733.0
477,refiner_only,0.10182380909100175,0.8107957243919373,2e-06,0.0,0.0,0.00048360604159825016,0.01654568943195045,0.017551667900988832,0.0005009710876038298,0.01636327602318488,0.016980138927465305,0.0005167125709704123,0.01619263054453768,0.017411123088095337,0.0005319971751305275,0.016036047571105883,0.01729091236484237,0.00844192411750555,508.0
478,refiner_only,0.10964903514832258,0.36389273405075073,2e-06,0.0,0.0,0.0004995861017960124,0.019181882729753852,0.014955883554648608,0.0005150679535290692,0.01913527597207576,0.016300410963594913,0.000529511620698031,0.019103455124422908,0.016541658202186227,0.0005441281173261814,0.01908606372307986,0.0178934644209221,0.008783694356679916,593.0
479,refiner_only,0.1885386798530817,0.42380207777023315,2e-06,0.0,0.0,0.0007035779344732873,0.0324072299990803,0.025290018878877163,0.0007159704837249592,0.0323064555414021,0.027940361644141376,0.0007281076395884156,0.032221242610830814,0.03554444992914796,0.0007405193828162737,0.03215137397637591,0.026190198492258787,0.00745706632733345,792.0
480,refiner_only,0.18748578615486622,0.34496980905532837,2e-06,0.0,0.0,0.0006317560073512141,0.03268620534799993,0.027207615959923714,0.0006451061453844886,0.03266713803168386,0.02600167997297831,0.0006578859611181542,0.032663828576914966,0.026189666765276343,0.000670144956529839,0.03267525968840346,0.035315078421263024,0.006279099266976118,792.0
481,refiner_only,0.13918901793658733,0.5660922527313232,2e-06,0.0,0.0,0.0005116975335113239,0.018670954392291605,0.02668911451473832,0.0005273054266581312,0.018530486791860312,0.027434575953520834,0.0005417411666712724,0.018409348384011537,0.027109749033115804,0.0005559264136536513,0.018305332399904728,0.02777455054456368,0.008697609417140484,485.0
482,refiner_only,0.14599920343607664,0.5252719521522522,2e-06,0.0,0.0,0.0005276242227409966,0.03007638530107215,0.016387377545470372,0.000544677739526378,0.02994691376807168,0.019341419596457854,0.0005594818067038432,0.02982714818790555,0.017579737323103473,0.0005742251414631028,0.029716522083617747,0.01790907554095611,0.008254032582044601,750.0
483,refiner_only,0.1303407670930028,0.5213825702667236,2e-06,0.0,0.0,0.0006057526843505912,0.022220025188289583,0.021734339534305036,0.00061893678503111,0.022096114698797464,0.019974117283709347,0.0006321124128589872,0.02197934838477522,0.020845995983108878,0.0006454537797253579,0.021872398327104747,0.021676289150491357,0.007767059374600649,601.0
484,refiner_only,0.17225348530337214,1.0949090719223022,2e-06,0.0,0.0,0.000541049761523027,0.03386177244829014,0.023926888941787183,0.0005529851987375878,0.03394906094763428,0.023836093838326633,0.0005654325213981792,0.034042649844195694,0.023229223035741597,0.0005781748586741742,0.034141784941311926,0.02135808306047693,0.009278497658669949,698.0
485,refiner_only,0.14358516596257687,0.3142092823982239,2e-06,0.0,0.0,0.0005161725821380969,0.026536360033787787,0.015389565844088793,0.000531423429492861,0.026430975878611207,0.034374804818071425,0.0005458158921101131,0.026340345677454025,0.015787414216902107,0.0005596509690803941,0.026266299071721733,0.012748438806738704,0.006668195594102144,502.0
486,refiner_only,0.13206572318449616,0.4359261393547058,2e-06,0.0,0.0,0.0004327099086367525,0.022999539447482675,0.01141561201075092,0.00044881551002617925,0.02288223075447604,0.025084921391680837,0.0004643731954274699,0.022777654725359753,0.025858657783828676,0.00047906170584610663,0.022691667545586824,0.01137834251858294,0.010251203551888466,496.0
487,refiner_only,0.1676184255629778,0.40621867775917053,2e-06,0.0,0.0,0.0007032094799797051,0.030236292514018714,0.02729688648832962,0.0007141122150642332,0.030129204620607197,0.024273627437651157,0.0007248889596667141,0.030033054994419217,0.0238124598399736,0.0007357419599429704,0.029952359735034406,0.027242974028922617,0.006574890110641718,545.0
488,refiner_only,0.1545110186561942,0.5053364038467407,2e-06,0.0,0.0,0.0006288150070759002,0.030711710453033447,0.01976080145686865,0.0006392923824023455,0.030596421798691154,0.019926114240661263,0.0006505169658339582,0.03048958908766508,0.019830476841889322,0.0006625253954553045,0.030389806488528848,0.02132627333048731,0.009250697679817677,750.0
489,refiner_only,0.1329787247814238,0.3518032133579254,2e-06,0.0,0.0,0.0006092352996347472,0.023443720361683518,0.015118162700673565,0.0006226487494132016,0.023353719851002097,0.015025202388642356,0.0006361695268424228,0.023277044005226344,0.016288109123706818,0.000649825313303154,0.023209683306049556,0.02991632471093908,0.009312909096479416,496.0
490,refiner_only,0.14936770126223564,0.22238890826702118,2e-06,0.0,0.0,0.0005493172720889561,0.02443883364321664,0.030791949975537136,0.0005638012371491641,0.024360892130061984,0.029249505430925637,0.0005772177100880072,0.024297983036376536,0.015659065102227032,0.0005899503012187779,0.024250419693998992,0.0298188689048402,0.006936162244528532,586.0
491,refiner_only,0.14664980862289667,0.675998330116272,2e-06,0.0,0.0,0.00044968431393499486,0.021958729019388556,0.012588591838721186,0.0004676163553085644,0.021933768410235643,0.026798384555149823,0.00048415703349746764,0.02192912029568106,0.026396008965093642,0.0005003155129088555,0.02194568928098306,0.026194746955297887,0.0074774050153791904,476.0
492,refiner_only,0.16562244156375527,0.31016138195991516,2e-06,0.0,0.0,0.0006388584697560873,0.03309801616705954,0.019594239915022627,0.0006525136486743577,0.03305820102104917,0.021717770519899204,0.0006653888412984088,0.033033251005690545,0.022477232036180794,0.000678836448059883,0.03302172810072079,0.020317521644756198,0.00541925523430109,607.0
493,refiner_only,0.13945095613598824,0.4785614013671875,2e-06,0.0,0.0,0.0006419260535039939,0.028254945762455463,0.0397467840812169,0.0006561195550602861,0.028127747820690274,0.019393485214095563,0.0006693023751722649,0.028013205504976213,0.018735565128736198,0.0006835242347733583,0.02791043755132705,0.015261565509717911,0.008422845043241978,476.0
494,refiner_only,0.16970552690327168,0.44065341353416443,2e-06,0.0,0.0,0.000667331536533311,0.02621991455089301,0.021701351273804903,0.0006795501540182158,0.026101505965925753,0.03426471818238497,0.0006916761849424802,0.02600151498336345,0.020232866692822427,0.0007039807169348933,0.025919028441421688,0.035110689292196184,0.009711888618767262,586.0
495,refiner_only,0.126889226725325,0.22252163290977478,2e-06,0.0,0.0,0.0005814416672365041,0.020172127580735832,0.0202292155881878,0.0005945912707829848,0.020097412809263915,0.021758505929028615,0.0006078968290239573,0.02003527106717229,0.02229657003772445,0.0006212855587364174,0.019986543455161154,0.020891146385110915,0.007067408412694931,557.0
496,refiner_only,0.12586429063230753,0.3040621280670166,2e-06,0.0,0.0,0.0006016497136442922,0.02158693555975333,0.020264188438886777,0.0006152892165118828,0.021534336963668466,0.0204695297870785,0.0006286960633588023,0.021498467947822064,0.019803553237579763,0.0006427953994716518,0.02147734595928341,0.019194277236238122,0.008553034625947475,634.0
497,refiner_only,0.08062756969593465,0.9205499291419983,2e-06,0.0,0.0,0.0004565985582303256,0.014280164905358106,0.011936194845475256,0.00047470581557718106,0.014288387668784708,0.012089053605450317,0.0004908310729661025,0.014313660154584795,0.012173389841336757,0.000506649386807112,0.014355137420352548,0.01193575153592974,0.007556444965302944,421.0
498,refiner_only,0.2051767921075225,0.26448988914489746,2e-06,0.0,0.0,0.0007097516645444557,0.03234910615719855,0.03270163212437183,0.0007196709411800839,0.0323242285521701,0.03649397625122219,0.0007300661891349591,0.03231086442247033,0.032954990048892796,0.0007414102801703848,0.03230906091630459,0.0365925224032253,0.009977750480175018,908.0
499,refiner_only,0.15098556992597878,0.29015883803367615,2e-06,0.0,0.0,0.0006592902209376916,0.028430037142243236,0.031573659158311784,0.0006741291326761711,0.028384367236867547,0.014589434198569506,0.0006886327792017255,0.028352725435979664,0.016218730917898938,0.000702686116710538,0.02833535725949332,0.03303950815461576,0.008190413936972618,471.0
500,refiner_only,0.16544607374817133,0.2973179519176483,2e-06,0.0,0.0,0.0006063599066692404,0.03059776476584375,0.021936096367426217,0.0006170654960442334,0.030528608127497137,0.03272596490569413,0.0006278470900724642,0.03046991745941341,0.01831247250083834,0.0006389957707142457,0.030427532619796693,0.02109766867943108,0.008159697987139225,750.0
501,refiner_only,0.15441753063350916,0.37189939618110657,2e-06,0.0,0.0,0.0006385889500961639,0.025481762015260756,0.02403582795523107,0.0006482573953690007,0.025415594573132694,0.024468005052767694,0.0006582986825378612,0.025358219863846898,0.02550831565167755,0.0006690997106488794,0.025315653416328132,0.02637608820805326,0.008179585449397564,750.0
502,refiner_only,0.10461226175539196,0.6159729361534119,2e-06,0.0,0.0,0.0005122866405145032,0.019339884573128074,0.01584688079310581,0.0005259701174509246,0.019189384824130684,0.013119790994096547,0.0005392283637775108,0.019052115472732112,0.015358973672846332,0.0005529259578906931,0.018925900774775073,0.017347973014693707,0.007378521375358105,553.0
503,refiner_only,0.11649119947105646,0.21454229950904846,2e-06,0.0,0.0,0.0005381296687119175,0.022224688553251326,0.016701703774742782,0.0005534954179893248,0.022154157515615225,0.019316982245072722,0.0005676006621797569,0.02209319843677804,0.01438709007925354,0.0005814170399389695,0.022043397650122643,0.014793863869272172,0.009810754097998142,496.0
504,refiner_only,0.17024574615061283,0.13582782447338104,2e-06,0.0,0.0,0.0005827291533933021,0.029358659230638295,0.02771310805110261,0.0005959895133855753,0.029297111788764596,0.027737978962250054,0.0006082698600948788,0.029249682498630136,0.028428585501387715,0.0006205668432812672,0.029218449199106544,0.02448910934617743,0.009998439811170101,908.0
505,refiner_only,0.08813524059951305,0.27493539452552795,2e-06,0.0,0.0,0.0005209073497098871,0.016490580630488694,0.01220472704153508,0.0005363424643292092,0.016434540157206357,0.012826582125853747,0.0005506058005266823,0.01639359095133841,0.011550302850082517,0.0005646229401463643,0.016367614385671914,0.012911039753817022,0.008454635739326477,586.0
506,refiner_only,0.1441381722688675,0.24253752827644348,2e-06,0.0,0.0,0.0006204568853718229,0.02524321456439793,0.020043449942022562,0.0006321758301055524,0.025176965515129268,0.01848713675281033,0.000643991086690221,0.025118115358054638,0.023351630894467235,0.0006562437483808026,0.025068158050999045,0.025003755232319236,0.005510777700692415,557.0
507,refiner_only,0.15539204888045788,0.5790994763374329,2e-06,0.0,0.0,0.0006635803474637214,0.02929820923600346,0.019775995519012213,0.0006754865898983553,0.02917423250619322,0.022855083807371557,0.0006875032995594665,0.029057075618766248,0.021442132303491235,0.0007005660627328325,0.028946468723006546,0.02185350120998919,0.006293327547609806,545.0
508,refiner_only,0.16640872787684202,0.21547554433345795,2e-06,0.0,0.0,0.0005313207802828401,0.024346703896299005,0.029624558112118393,0.0005422946123871952,0.02427124371752143,0.02933981968089938,0.0005535047603189014,0.024210993549786508,0.029213888832600787,0.0005649795966746751,0.02416738885222003,0.03354461380513385,0.007663647178560495,481.0
509,refiner_only,0.20894511975347996,0.23995670676231384,2e-06,0.0,0.0,0.0006353602002491243,0.029056529281660914,0.04149886185768992,0.0006477575298049487,0.02898782689590007,0.038121216639410704,0.0006603004731005058,0.028935130569152534,0.03922020737081766,0.0006736753348377533,0.02889538509771228,0.04280361457495019,0.00698380870744586,485.0
510,refiner_only,0.12251647096127272,0.6982219815254211,2e-06,0.0,0.0,0.0006004607748764101,0.020895536290481687,0.018907881749328226,0.0006112415867391974,0.020759396022185683,0.01962029270362109,0.0006230005346878897,0.02063000143971294,0.01981361396610737,0.0006352681484713685,0.020509355352260172,0.019314302480779588,0.008953540585935116,499.0
511,refiner_only,0.09523019613698125,0.6008022427558899,2e-06,0.0,0.0,0.0004465486781555228,0.01675225020153448,0.014368796080816537,0.0004624451576091815,0.016732779855374247,0.014576221670722589,0.00047769490629434586,0.01673314446816221,0.014257033821195364,0.0004931423136440571,0.01674982940312475,0.01474790571955964,0.007142514921724796,501.0
512,refiner_only,0.16310900915414095,0.4810904860496521,2e-06,0.0,0.0,0.0005735267295676749,0.02885997004341334,0.030354219139553607,0.0005875474489585031,0.028743242262862623,0.01687344443053007,0.0006013487181917299,0.02864063740707934,0.02858442027354613,0.000615962446318008,0.028550720890052617,0.029911690624430776,0.0084717757999897,733.0
513,refiner_only,0.13261029869318008,0.5237974524497986,2e-06,0.0,0.0,0.0005778438717243262,0.022572494577616453,0.021356313372962177,0.0005914776811550837,0.022558296797797084,0.020806515938602388,0.0006042426066414919,0.022568208631128073,0.021711133886128664,0.0006174899463076144,0.022602462791837752,0.020550470100715756,0.00799598079174757,709.0
514,refiner_only,0.1245626388117671,0.8107446432113647,2e-06,0.0,0.0,0.0005419854278443381,0.021556833875365555,0.018745320034213364,0.0005582949124800507,0.021586602088063955,0.02041729772463441,0.0005725845767301507,0.021625943947583437,0.02044838119763881,0.0005870624408998992,0.021672500181011856,0.017093972419388592,0.008298887871205807,601.0
515,refiner_only,0.17438581911846995,0.28615134954452515,2e-06,0.0,0.0,0.0007327722341869958,0.03349852247629315,0.045577314507681876,0.0007467215109500103,0.03346472489647567,0.023970496840775013,0.000760225117119262,0.033439630758948624,0.024481778498739004,0.0007742541056359187,0.033423932967707515,0.02332405769266188,0.007163885049521923,815.0
516,refiner_only,0.14835814805701375,0.41480010747909546,2e-06,0.0,0.0,0.0006537131412187591,0.02533946232870221,0.023392998962663114,0.0006675621043541469,0.025310611992608756,0.022789827547967434,0.0006812574902141932,0.025301516405306756,0.024870646360795945,0.0006947844121896196,0.02531072817509994,0.022731213830411434,0.009591792710125446,496.0
517,refiner_only,0.11980927642434835,0.5069766640663147,2e-06,0.0,0.0,0.0005456388571474236,0.02162237069569528,0.018894377280957997,0.0005602526143775322,0.02149520313832909,0.01780145533848554,0.0005747394970967434,0.021379931713454425,0.018513926886953413,0.0005891551954846364,0.021276189596392214,0.01761841995175928,0.007111880928277969,733.0
518,refiner_only,0.12331627449020743,1.1693001985549927,2e-06,0.0,0.0,0.0006038037718099076,0.02172858885023743,0.019032694748602808,0.0006161118180898484,0.021528073120862246,0.018858779629226774,0.0006294077611528337,0.02133505407255143,0.019930898677557707,0.0006432620830310043,0.021150991786271334,0.01862369547598064,0.00833168812096119,601.0
519,refiner_only,0.11280179908499122,0.27933958172798157,2e-06,0.0,0.0,0.0004234196585457539,0.02239391434704885,0.014270217681769282,0.0004424102735356428,0.022278577351244166,0.015851447271415964,0.00045820739251212217,0.02218406883184798,0.0149230727693066,0.00047306107080657966,0.022111071593826637,0.014079877291806042,0.008206799626350403,750.0
520,refiner_only,0.13636462995782495,0.5036269426345825,2e-06,0.0,0.0,0.0005939505590504268,0.022805408982094377,0.02249662985559553,0.0006088346272008494,0.022679496643831953,0.02464974799659103,0.0006221604780876078,0.022567902284208685,0.020547097868984565,0.0006355593577609397,0.022471031988970935,0.021582797286100686,0.008658034726977348,593.0
521,refiner_only,0.13641157001256943,0.36325037479400635,2e-06,0.0,0.0,0.0006711849928251468,0.02429976360872388,0.021767590893432498,0.0006855931642348878,0.024194177356548607,0.020214205142110586,0.0006988590612309054,0.02410267759114504,0.02229762217029929,0.0007129980076570064,0.02402454847469926,0.01948088896460831,0.008919354528188705,607.0
522,refiner_only,0.18357574753463268,0.5246278047561646,2e-06,0.0,0.0,0.0005964235388091765,0.030061853816732764,0.03399385238299146,0.0006076882491470315,0.03005345689598471,0.02538891031872481,0.0006188360348460265,0.030057055060751736,0.03439244243782014,0.0006297495783655904,0.030071473447605968,0.031756141455844045,0.008215811103582382,792.0
523,refiner_only,0.1303463731892407,0.5419875979423523,2e-06,0.0,0.0,0.0005780445790151134,0.020106063573621213,0.02345419768244028,0.0005915387046115939,0.02007803472224623,0.021780116541776806,0.0006048252580512781,0.020069709978997707,0.0225615156814456,0.0006179366864671465,0.02008071937598288,0.02396197442431003,0.008560850284993649,553.0
524,refiner_only,0.1314219213090837,0.18663515150547028,2e-06,0.0,0.0,0.000599520979449153,0.022947478923015296,0.021411916648503393,0.0006158447431516834,0.022881057404447347,0.018697786901611835,0.0006312030454864725,0.02282840124098584,0.019664669991470873,0.0006467876592068933,0.022788120026234537,0.022668050369247794,0.008708668872714043,593.0
525,refiner_only,0.18572093732655048,0.7264866828918457,2e-06,0.0,0.0,0.0006077654106775299,0.02878993086051196,0.016385881695896387,0.000622197832853999,0.028791596298106015,0.04049070400651544,0.0006361877894960344,0.028817916754633188,0.038705332030076534,0.000650370024231961,0.028869124478660524,0.018137502018362284,0.007500616367906332,545.0
526,refiner_only,0.14389193546958268,0.5958988070487976,2e-06,0.0,0.0,0.000594695913605392,0.022176023514475673,0.022878534393385053,0.0006070679919503164,0.022047883714549243,0.025430855486774817,0.0006197611292009242,0.02193213312420994,0.026030140346847475,0.0006326106813503429,0.02182690886547789,0.024764570989646018,0.008687099441885948,698.0
527,refiner_only,0.15610938146710396,0.26360639929771423,2e-06,0.0,0.0,0.0005642861851811176,0.031191065441817045,0.028328755404800177,0.0005819076577608939,0.03109216201119125,0.03029957483522594,0.0005989807868900243,0.031011762679554522,0.014302950527053326,0.0006160685370559804,0.03093724837526679,0.016668723081238568,0.00859319232404232,634.0
528,refiner_only,0.1085127224214375,0.7521118521690369,2e-06,0.0,0.0,0.0005342489785107318,0.019316237536258996,0.01632631686516106,0.000548360898392275,0.019162711105309427,0.016253790352493525,0.0005621676609735005,0.01902541797608137,0.015937559655867517,0.000575713456782978,0.018907426740042865,0.017539574182592332,0.008415700867772102,482.0
529,refiner_only,0.24885494820773602,0.43485894799232483,2e-06,0.0,0.0,0.000803672184702009,0.043273820891045034,0.039156174287199974,0.0008162383746821433,0.04328932787757367,0.030640539713203907,0.00082766791456379,0.04331429151352495,0.0504006635164842,0.0008398421123274602,0.043350464780814946,0.035375922452658415,0.007115836255252361,792.0
530,refiner_only,0.09677060623653233,0.34879744052886963,2e-06,0.0,0.0,0.00042386069435451645,0.01880879286909476,0.013474310806486756,0.0004435180781001691,0.018715479411184788,0.01202732720412314,0.00046170423956937157,0.018640444264747202,0.015418793162098154,0.0004787545476574451,0.018581564363557845,0.0120030244870577,0.008174451068043709,601.0
531,refiner_only,0.1665031504817307,0.3786763846874237,2e-06,0.0,0.0,0.0006293240730883554,0.028999578731600195,0.02168764072121121,0.0006425576684705447,0.028947423619683832,0.03661075356649235,0.0006553309249284212,0.028916291834320873,0.01918110268888995,0.0006684255095024128,0.02890588267473504,0.021975375566398725,0.00750370929017663,496.0
532,refiner_only,0.0797768933698535,1.01142156124115,2e-06,0.0,0.0,0.00040347004323848523,0.01596603507641703,0.009724828734761104,0.00042593475154717453,0.015732546045910567,0.011251745861954987,0.0004456932183529716,0.015512870799284428,0.010937713377643377,0.00046424804895650595,0.01531009905738756,0.009696041699498892,0.007314677350223064,368.0
533,refiner_only,0.15904020378366113,0.27431249618530273,2e-06,0.0,0.0,0.0005632583779515699,0.031152733718045056,0.02432339871302247,0.0005803819803986698,0.031074030557647347,0.020965405856259167,0.0005955892665951978,0.03100622189231217,0.0234691824298352,0.0006106711334723514,0.030949077336117625,0.01978964393492788,0.008672467432916164,815.0
534,refiner_only,0.09287037421017885,0.30979859828948975,2e-06,0.0,0.0,0.0003860381093545584,0.018490089918486774,0.012067885603755713,0.0004083637904841453,0.018384510389296338,0.013013722287723795,0.0004268182019586675,0.01830310860532336,0.01170763315167278,0.0004443605103006121,0.018252290232339874,0.011929567845072597,0.008173320442438126,607.0
535,refiner_only,0.21836857125163078,0.3751870393753052,2e-06,0.0,0.0,0.0007222523054224439,0.034286081325262785,0.029380662366747856,0.0007320579679799266,0.034236438339576125,0.04227016994263977,0.0007422440467053093,0.03419676679186523,0.027621433837339282,0.0007527188936364837,0.03416545270010829,0.04365129058714956,0.009233759716153145,564.0
536,refiner_only,0.1061744038015604,0.31419697403907776,2e-06,0.0,0.0,0.0005112794933666009,0.022115722473245114,0.014004028693307191,0.0005293103386065923,0.02201228804187849,0.013226422073785216,0.0005456820254039485,0.02192168973851949,0.01294001133646816,0.000562505614652764,0.021841557580046356,0.012594936153618619,0.008286525495350361,698.0
537,refiner_only,0.11307697929441929,0.3887593150138855,2e-06,0.0,0.0,0.000533884835022036,0.018363533541560173,0.019170104525983334,0.0005468590024975128,0.018311051069758832,0.019005358044523746,0.0005600645527010784,0.018278160132467747,0.018572791828773916,0.0005738671206927393,0.018269272288307548,0.018959552166052163,0.009991920553147793,496.0
538,refiner_only,0.18313921336084604,0.4638688564300537,2e-06,0.0,0.0,0.0007303797392523848,0.03444407740607858,0.036639823112636805,0.0007419194807880558,0.0343593955039978,0.026441429159604013,0.000753690859710332,0.03428474464453757,0.026682533440180123,0.0007657414462300949,0.03421577834524214,0.02489398210309446,0.008611648343503475,792.0
539,refiner_only,0.15879292413592339,0.34017038345336914,2e-06,0.0,0.0,0.0006256838605622761,0.027839366579428315,0.02466135856229812,0.0006381114981195424,0.027753636008128524,0.026427744887769222,0.0006510230814456008,0.02768095803912729,0.023433261085301638,0.0006641026557190344,0.027622592053376138,0.023921491811051965,0.008761296980082989,564.0
540,refiner_only,0.1879556104540825,0.6547980308532715,2e-06,0.0,0.0,0.0006991096379351802,0.032201305497437716,0.037771934643387794,0.0007136746207834221,0.032061277655884624,0.03554908558726311,0.0007275557582033798,0.0319340901914984,0.025636097765527666,0.0007422854614560492,0.031818790012039244,0.028772754943929613,0.008795294910669327,792.0
541,refiner_only,0.23465806245803833,0.6428954601287842,2e-06,0.0,0.0,0.0007340478114201687,0.04482366004958749,0.041650168830528855,0.0007487877446692437,0.044696261058561504,0.03274862712714821,0.0007624730933457613,0.044575947686098516,0.033693685894832015,0.0007762377317703795,0.04446957539767027,0.03218646545428783,0.008937375620007515,792.0
542,refiner_only,0.12087159091606736,0.23701658844947815,2e-06,0.0,0.0,0.0005756186801590957,0.021359175560064614,0.017604833527002484,0.0005935172775934916,0.02126387564931065,0.018524764105677605,0.0006087677975301631,0.02118172775954008,0.019186252378858626,0.0006238893838599324,0.021112839342094958,0.017775956832338125,0.007305188104510307,586.0
543,refiner_only,0.18934569461271167,1.4844729900360107,2e-06,0.0,0.0,0.0006241719383979216,0.03595691348891705,0.03506308555370197,0.0006355117220664397,0.03609798476099968,0.022433564707171172,0.0006474623660324141,0.036247881944291294,0.03496435919078067,0.0006604251393582672,0.036410247441381216,0.02124825189821422,0.0075347283855080605,815.0
544,refiner_only,0.12516200146637857,0.24443061649799347,2e-06,0.0,0.0,0.0006580897370440653,0.020738079154398292,0.021583974885288626,0.0006713313596264925,0.02065982171916403,0.021283708832925186,0.0006837753899162635,0.02060316171264276,0.01907308615045622,0.0006967614172026515,0.02056891840766184,0.020921435207128525,0.009234634228050709,698.0
545,refiner_only,0.16418563248589635,0.39130154252052307,2e-06,0.0,0.0,0.0005067407710157568,0.03495333675527945,0.01895273703848943,0.0005212429496168625,0.03485815293970518,0.019697047508088872,0.0005347595506464131,0.034781807102262974,0.019108188222162426,0.0005490272596944124,0.03472581421374343,0.019409591710427776,0.010792519897222519,593.0
546,refiner_only,0.1442533959634602,0.25030338764190674,2e-06,0.0,0.0,0.000446055908469134,0.021664339757990092,0.025603258050978184,0.000465485907625407,0.021525603224290535,0.02718846223433502,0.0004822091468668077,0.0214072099479381,0.025793128384975716,0.0004996277311875019,0.021314123325282708,0.025577548396540806,0.009374262765049934,593.0
547,refiner_only,0.19845451833680272,0.3390900492668152,2e-06,0.0,0.0,0.0007106336706783623,0.027458841213956475,0.024237155739683658,0.0007276378855749499,0.027338089828845114,0.044588848046259955,0.0007425663934554905,0.02723334013717249,0.026389469188870862,0.0007578217482659966,0.02714434510562569,0.043532399693503976,0.009424437768757343,593.0
548,refiner_only,0.13685401901602745,0.2976914346218109,2e-06,0.0,0.0,0.0005765845417045057,0.024786551715806127,0.01383067003916949,0.0005954212356300559,0.02471985251759179,0.016295053355861455,0.0006125497639004607,0.02467485732631758,0.029098035680362955,0.0006299842571024783,0.024650779378134757,0.015577487938571721,0.008668663911521435,426.0
549,refiner_only,0.15523670706897974,0.4672302305698395,2e-06,0.0,0.0,0.000586822243349161,0.027161633712239563,0.019386928470339626,0.0005972332000965253,0.027033637976273894,0.032150637125596404,0.0006093742449593265,0.02691855374723673,0.020629001141060144,0.0006221172952791676,0.026818861020728946,0.01985729069565423,0.007508591283112764,698.0
550,refiner_only,0.16084076464176178,0.4138037860393524,2e-06,0.0,0.0,0.0006383157160598785,0.02851482213009149,0.029872298357076943,0.0006521489340229891,0.028387694503180683,0.029243099910672754,0.0006660539474978577,0.028276125551201403,0.015049597481265664,0.0006812555038777646,0.028176437597721815,0.029708351066801697,0.010746796615421772,545.0
551,refiner_only,0.2416714048013091,0.2452351599931717,2e-06,0.0,0.0,0.0006743851554347202,0.043164370115846395,0.028468188596889377,0.0006886983828735538,0.04311154060997069,0.0256370430579409,0.000701218428730499,0.04306786390952766,0.04250739561393857,0.0007146744537749328,0.04303506948053837,0.042207897175103426,0.010982085019350052,908.0
552,refiner_only,0.2515752911567688,0.36607271432876587,2e-06,0.0,0.0,0.000761911716836039,0.03821395768318325,0.031207627849653363,0.0007732296289759688,0.03819770540576428,0.0347752058878541,0.0007846161752240732,0.0381996805081144,0.049205472925677896,0.0007970984661369585,0.03820577694568783,0.05063650291413069,0.011028826236724854,908.0
553,refiner_only,0.15437424229457974,0.8692159056663513,2e-06,0.0,0.0,0.0005214085122133838,0.029684447683393955,0.02284930308815092,0.0005378899804782122,0.029507752507925034,0.020654817868489772,0.0005538968434848357,0.029341831686906517,0.02001906983787194,0.0005700532601622399,0.02918649814091623,0.02400243142619729,0.009573087096214294,750.0
554,refiner_only,0.1585793534759432,0.3129631280899048,2e-06,0.0,0.0,0.0005723788854083978,0.027426488930359483,0.020429379917914048,0.0005895715876249596,0.027358626044588163,0.0232558193965815,0.000605066121352138,0.02731405501253903,0.02612267533550039,0.0006210664832906332,0.02728915255283937,0.02542331811855547,0.006485887803137302,815.0
555,refiner_only,0.1710255891084671,0.23879286646842957,2e-06,0.0,0.0,0.0007688071491429582,0.029855603352189064,0.021046258276328444,0.0007804117485648021,0.029808676103129983,0.02200056752189994,0.0007925415848148987,0.02977631683461368,0.036814405815675855,0.0008052484554355033,0.0297583524370566,0.020489066489972174,0.009347988292574883,564.0
556,refiner_only,0.14317345526069403,0.17822565138339996,2e-06,0.0,0.0,0.0005927297752350569,0.026662425487302244,0.021105101972352713,0.0006092503062973265,0.026590140885673463,0.019922949140891433,0.0006240329639695119,0.026526264497078955,0.01882099051726982,0.0006397052420652471,0.02646996930707246,0.022970154066570103,0.009109844453632832,750.0
557,refiner_only,0.1239594416692853,0.5236630439758301,2e-06,0.0,0.0,0.0005159582797205076,0.022230193251743913,0.019602475746069103,0.0005314327863743529,0.02220847154967487,0.01753634656779468,0.0005464035712066106,0.022206018213182688,0.018807116022799164,0.0005617678616545163,0.02222088014241308,0.019341005303431302,0.00856227520853281,601.0
558,refiner_only,0.17450085445307195,0.4036644697189331,2e-06,0.0,0.0,0.0005868023727089167,0.03294285049196333,0.019270614255219698,0.0006050477968528867,0.03289554797811434,0.021426807943498716,0.0006210527026269119,0.03286288492381573,0.02268016742891632,0.0006372223833750468,0.032843357359524816,0.029928768461104482,0.007502614054828882,792.0
559,refiner_only,0.16514646727591753,0.44871586561203003,2e-06,0.0,0.0,0.0006344590728986077,0.032078701769933105,0.025318677187897265,0.0006469058353104629,0.03196886705700308,0.021432559471577406,0.0006593702928512357,0.031873078434728086,0.020422001602128148,0.0006734771668561734,0.0317884252872318,0.02568178402725607,0.009161271154880524,495.0
560,refiner_only,0.14436661452054977,0.4093121588230133,2e-06,0.0,0.0,0.0006066833229851909,0.02502076153177768,0.022645699966233224,0.0006231432271306403,0.024984541349112988,0.023085468623321503,0.0006362110470945481,0.024963476578705013,0.020792419090867043,0.0006498146613012068,0.024955681641586125,0.023675852396991104,0.010753219947218895,709.0
561,refiner_only,0.12181288283318281,0.23524248600006104,2e-06,0.0,0.0,0.0005481739826791454,0.025949954404495656,0.013940314063802361,0.0005640727613354102,0.02589230751618743,0.014063635258935392,0.0005789235838165041,0.025847867829725146,0.014397396822459996,0.0005948103171249386,0.025813845451921225,0.014060020970646292,0.008493483066558838,733.0
562,refiner_only,0.2281351089477539,0.23928764462471008,2e-06,0.0,0.0,0.0006969236201257445,0.03527732635848224,0.046649339608848095,0.0007105678450898267,0.03520871780347079,0.03542303142603487,0.0007241452512971591,0.03516128845512867,0.03792217303998768,0.0007387785299215466,0.03513315587770194,0.04711324558593333,0.009345845319330692,792.0
563,refiner_only,0.16771504376083612,0.38339507579803467,2e-06,0.0,0.0,0.0006589594850083813,0.02951017499435693,0.02683541167061776,0.0006732431284035556,0.029382738517597318,0.023885472561232746,0.0006865764080430381,0.02926949644461274,0.029583442024886608,0.0007013219728833064,0.029170543188229203,0.02436221216339618,0.008007257245481014,521.0
564,refiner_only,0.16031533665955067,0.43004411458969116,2e-06,0.0,0.0,0.0005981599024380557,0.031140060629695654,0.019810975762084126,0.0006111587936175056,0.031117960112169385,0.022006478044204414,0.0006242460949579254,0.031113939825445414,0.022126695374026895,0.0006377851459546946,0.031127657741308212,0.020949417259544134,0.008506535552442074,601.0
565,refiner_only,0.19666243717074394,0.3263264000415802,2e-06,0.0,0.0,0.0007576728967251256,0.03333219257183373,0.03516090149059892,0.0007722822992946021,0.033251736080273986,0.024746266659349203,0.0007847412562114187,0.033182644518092275,0.034219072316773236,0.0007986916025402024,0.033124433597549796,0.03578256978653371,0.008005584590137005,792.0
566,refiner_only,0.1125698178075254,0.39244258403778076,2e-06,0.0,0.0,0.0005407943717727903,0.02152620698325336,0.015669624408474192,0.0005609322106465697,0.021387000771937892,0.01599558221641928,0.0005779836064903066,0.021266152733005583,0.01545871127746068,0.0005952814281044994,0.02116233971901238,0.015565834619337693,0.008806481026113033,634.0
567,refiner_only,0.23267984483391047,0.9694088697433472,2e-06,0.0,0.0,0.0006752791923645418,0.038411757559515536,0.027125519700348377,0.0006859078821435105,0.03847866854630411,0.042429635184817016,0.0006971145849092864,0.03856100724078715,0.045059709111228585,0.0007097460802469868,0.038650049827992916,0.027408007415942848,0.007991177029907703,460.0
568,refiner_only,0.10748113039880991,0.2419157177209854,2e-06,0.0,0.0,0.0005381892915465869,0.018310599261894822,0.017916475073434412,0.0005516857527254615,0.01820730755571276,0.01610484707634896,0.0005654996566590853,0.01812660414725542,0.018125315313227475,0.0005804583488497883,0.018065665382891893,0.017153747263364494,0.007986386306583881,471.0
569,refiner_only,0.16798630496487021,0.1924305409193039,2e-06,0.0,0.0,0.0005717278727388475,0.03012261854019016,0.03213669324759394,0.0005889457315788604,0.030029676388949156,0.03140885446919128,0.0006036266859155148,0.029953096993267536,0.031069300195667893,0.0006190115891513415,0.029891137848608196,0.01382266212021932,0.009986678138375282,521.0
570,refiner_only,0.14189753169193864,0.4493086338043213,2e-06,0.0,0.0,0.0005714070648537017,0.024787125294096768,0.023049599956721067,0.0005850400630151853,0.024749225238338113,0.01923385140253231,0.000598468330281321,0.024728447664529085,0.023409317480400205,0.0006130545443738811,0.024725281284190714,0.023254848085343838,0.00874036643654108,601.0
571,refiner_only,0.12123376969248056,0.10208988934755325,2e-06,0.0,0.0,0.0005970448382868199,0.020257790107280016,0.020350083941593766,0.0006112646333349403,0.02017974405316636,0.01960339886136353,0.0006246489429031499,0.02011921862140298,0.018529947905335575,0.0006387987341440748,0.020074367756024003,0.020852383109740913,0.00942215695977211,733.0
572,refiner_only,0.1650837839115411,0.5094248652458191,2e-06,0.0,0.0,0.0005762817745562643,0.02886140235932544,0.031128954171435907,0.0005971777536615264,0.028706884593702853,0.030328153748996556,0.0006156842318887357,0.028570510214194655,0.016578918613959104,0.0006345129113469739,0.028454581275582314,0.03059736787690781,0.008898294530808926,425.0
573,refiner_only,0.09730596467852592,0.4523216784000397,2e-06,0.0,0.0,0.0005219598369876621,0.01499098667409271,0.0176120045944117,0.0005357033733162098,0.014845973928458989,0.01765524665825069,0.0005497153870237526,0.014720810228027403,0.01834014622727409,0.0005648019869113341,0.01462147815618664,0.015472087834496051,0.007090402767062187,372.0
574,refiner_only,0.17091894894838333,0.3747996985912323,2e-06,0.0,0.0,0.0005536142889468465,0.027059950167313218,0.03613652940839529,0.000568526334973285,0.02692202804610133,0.0362073031719774,0.0005833033574162982,0.02680967457126826,0.03659441811032593,0.0005982278998999391,0.02671947266208008,0.015915990516077727,0.010824967175722122,586.0
575,refiner_only,0.1740694772452116,0.3210781514644623,2e-06,0.0,0.0,0.0005923999560764059,0.031433548603672534,0.03993040538625792,0.0006127288324933033,0.031313658866565675,0.019499394489685073,0.0006301114117377438,0.031213671783916652,0.039515339653007686,0.0006470725966210011,0.031128089292906225,0.019509408011799678,0.007614807691425085,792.0
576,refiner_only,0.19237464480102062,0.7965813875198364,2e-06,0.0,0.0,0.0007236308119900059,0.03295446722768247,0.03192990098614246,0.0007370122111751698,0.03278794349171221,0.030642844969406724,0.0007499223793274723,0.03263352019712329,0.02906387799885124,0.0007639953328180127,0.03249611984938383,0.032499406952410936,0.008285902440547943,508.0
577,refiner_only,0.1388442046009004,0.42975136637687683,2e-06,0.0,0.0,0.0005359099923225585,0.026984576077666134,0.01912708400050178,0.0005491495248861611,0.02686111518414691,0.019568737247027457,0.0005618662980850786,0.026749627373646945,0.018883464625105262,0.0005760098247264978,0.02665293705649674,0.018441298161633313,0.009315947070717812,593.0
578,refiner_only,0.1450400147587061,0.2598531246185303,2e-06,0.0,0.0,0.0006472726090578362,0.0288213164312765,0.04174056358169764,0.0006619064079131931,0.028729995130561292,0.019854822428897023,0.0006766623628209345,0.028653292800299823,0.01865610817912966,0.0006923421824467368,0.028592233546078205,0.018522650352679193,0.00761430012062192,586.0
579,refiner_only,0.10940178669989109,0.2784389853477478,2e-06,0.0,0.0,0.0005026333674322814,0.018018625967670232,0.01685546600492671,0.000518066870426992,0.017965619976166636,0.017525589501019567,0.000532933947397396,0.017936518939677626,0.01731389539781958,0.0005474900208355393,0.017931524198502302,0.019130147877149284,0.00879171583801508,496.0
580,refiner_only,0.16361228097230196,0.2329537719488144,2e-06,0.0,0.0,0.0005984615891065914,0.027278863009996712,0.02669126191176474,0.0006128389759396669,0.027187097060959786,0.0232353811734356,0.0006254759682633448,0.027121019724290818,0.028781526954844594,0.0006389036352629773,0.027080763946287334,0.02832927438430488,0.01100887730717659,908.0
581,refiner_only,0.1199667789041996,0.4436294436454773,2e-06,0.0,0.0,0.0006201698342920281,0.021848561824299395,0.01849001774098724,0.0006376650744641665,0.02169908140785992,0.017706737737171352,0.0006524512718897313,0.021564620779827237,0.017698606301564723,0.0006688170724373776,0.021454863890539855,0.01788393297465518,0.009528451599180698,545.0
582,refiner_only,0.20122505258768797,0.3778158128261566,2e-06,0.0,0.0,0.000752397631003987,0.03633650473784655,0.04760328819975257,0.0007643872449989431,0.036335366195999086,0.03017328289570287,0.0007766417766106315,0.0363515893695876,0.029836175381205976,0.0007892935318523087,0.03638559009414166,0.02981272281613201,0.007675123866647482,733.0
583,refiner_only,0.1327548217959702,0.2871480882167816,2e-06,0.0,0.0,0.0005316073456924642,0.02485384076135233,0.018676615989534184,0.0005494671022461262,0.024730589968385175,0.019169742474332452,0.000565260554139968,0.024630445113871247,0.018954183964524418,0.000581772761506727,0.024556444608606398,0.019016919191926718,0.007935388013720512,607.0
584,refiner_only,0.171639502979815,0.3902742266654968,2e-06,0.0,0.0,0.0006594304504687898,0.0314457667991519,0.03575150796677917,0.0006760890391888097,0.031349192606285214,0.024313967674970627,0.0006906873168190941,0.03126617940142751,0.025850496836937964,0.0007053449953673407,0.031195623567327857,0.02559192362241447,0.010325746610760689,792.0
585,refiner_only,0.17515320051461458,0.7773185968399048,2e-06,0.0,0.0,0.0005925724763073958,0.02822159172501415,0.026717490633018315,0.0006042358218110166,0.02826367481611669,0.03023036872036755,0.0006156871750135906,0.028318653348833323,0.027980192215181887,0.0006282133617787622,0.02838651870843023,0.03012565430253744,0.0077091241255402565,709.0
586,refiner_only,0.17044035298749804,0.294074684381485,2e-06,0.0,0.0,0.0005465199719765224,0.025394759373739362,0.01660055699176155,0.0005632462416542694,0.02524965748307295,0.03820372713380493,0.0005777725637017284,0.025132121227215976,0.018516886804718524,0.00059314543614164,0.025040097592864186,0.03656369974487461,0.009606298990547657,593.0
587,refiner_only,0.2611409933306277,0.38892948627471924,2e-06,0.0,0.0,0.0007465596136171371,0.03976259339833632,0.03749099696869962,0.0007645870427950285,0.03966634254902601,0.05216186182224192,0.0007807840593159199,0.03958590264664963,0.03642345478874631,0.0007969616199261509,0.03951613686513156,0.05144495639251545,0.008803213946521282,792.0
588,refiner_only,0.13565802574157715,0.18176768720149994,2e-06,0.0,0.0,0.0005808280257042497,0.0267748978221789,0.01742708042729646,0.000597722584643634,0.026681009214371443,0.016693043988198042,0.0006127852684585378,0.026597871794365346,0.018223343533463776,0.000629303183814045,0.02652615390252322,0.019096792908385396,0.008919649757444859,521.0
589,refiner_only,0.12899876479059458,0.5072322487831116,2e-06,0.0,0.0,0.0004986018320778385,0.023085716646164656,0.025002853537444025,0.0005222252184466925,0.023034809506498277,0.016545177961234003,0.000541629473445937,0.02300879143876955,0.026007122942246497,0.0005606972881651018,0.02300098421983421,0.015777322463691235,0.0077210417948663235,792.0
590,refiner_only,0.15709104388952255,0.3172546923160553,2e-06,0.0,0.0,0.0005620288357022218,0.025078845559619367,0.02488715702202171,0.0005768555092799943,0.024975308682769537,0.030308731889817864,0.00059093158779433,0.024892546702176332,0.022581215598620474,0.0006052584431017749,0.0248326170258224,0.027727578824851662,0.008289733901619911,557.0
591,refiner_only,0.1626262655481696,0.23118630051612854,2e-06,0.0,0.0,0.0005690756315743783,0.035061542817857116,0.03522940623224713,0.0005868002699571662,0.03497969955787994,0.01793741009896621,0.0006028307470842265,0.03491823942749761,0.016271401895210147,0.0006195110399858095,0.03487803105963394,0.021832340280525386,0.00812381412833929,607.0
592,refiner_only,0.11212721886113286,1.025400161743164,2e-06,0.0,0.0,0.0004930579088977538,0.02251474978402257,0.014402485627215356,0.0005152518642717041,0.022272145317401737,0.015030736656626686,0.0005337129623512737,0.02204790199175477,0.014599900896428153,0.000552817145944573,0.021844452596269548,0.01473029944463633,0.008937020786106586,607.0
593,refiner_only,0.10659837070852518,0.6201167702674866,2e-06,0.0,0.0,0.0005219987415330252,0.02157282328698784,0.013073554553557187,0.0005391328813857399,0.021415612660348415,0.012656884384341538,0.0005552607544814236,0.02127648505847901,0.014131590316537768,0.0005718425200029742,0.021154159447178245,0.014297402056399733,0.009235992096364498,495.0
594,refiner_only,0.14526048116385937,0.29272520542144775,2e-06,0.0,0.0,0.0005699461617041379,0.025611452874727547,0.02167896245373413,0.0005851279929629527,0.025510514969937503,0.018553567701019347,0.0005995813335175626,0.025419908110052347,0.0262453478644602,0.0006153596259537153,0.02533676370512694,0.02239431196358055,0.006634836550801992,815.0
595,refiner_only,0.19182412419468164,0.1715030074119568,2e-06,0.0,0.0,0.0006060815139790066,0.03384728170931339,0.032873995252884924,0.0006221337534952909,0.033762003760784864,0.035449452814646065,0.0006376613673637621,0.033691396936774254,0.03362122073303908,0.0006534061903948896,0.03363427263684571,0.01975257066078484,0.009576604701578617,607.0
596,refiner_only,0.147794671356678,0.5102967023849487,2e-06,0.0,0.0,0.0005856963980477303,0.028229330549947917,0.03003544802777469,0.0006014049176883418,0.028072446817532182,0.014840201882179826,0.0006159757576824632,0.02793476911028847,0.017244987830054015,0.0006314114980341401,0.027817850117571652,0.03003562192316167,0.009123905561864376,557.0
597,refiner_only,0.21597348153591156,1.1845148801803589,2e-06,0.0,0.0,0.0006022643465257715,0.030473772785626352,0.03876268304884434,0.0006191976644913666,0.03054806962609291,0.04162821837235242,0.0006344974972307682,0.03063858684618026,0.0379252239363268,0.0006507585349027067,0.030742216273210943,0.04258671321440488,0.008321267552673817,433.0
598,refiner_only,0.2134169633500278,0.22453482449054718,2e-06,0.0,0.0,0.000663828344841022,0.03285304974997416,0.03370341833215207,0.0006775325236958452,0.03277059574611485,0.0345349078415893,0.0006908032519277185,0.03270729852374643,0.033849373168777674,0.0007049822015687823,0.03265972330700606,0.04482174542499706,0.009717648848891258,564.0
599,refiner_only,0.13552318094298244,0.7075840830802917,2e-06,0.0,0.0,0.0006150562330731191,0.02124805236235261,0.023750771419145167,0.0006327070332190488,0.02127801312599331,0.02399308094754815,0.0006475796617451124,0.0213232395472005,0.022621738666202873,0.0006638090126216412,0.021384065388701856,0.022978946566581726,0.008694197051227093,709.0
600,refiner_only,0.08477027481421828,0.8299763202667236,2e-06,0.0,0.0,0.0004441007331479341,0.013972918910440058,0.012231687433086336,0.0004662541141442489,0.013964059064164758,0.014802352292463183,0.00048418109508929774,0.013981783587951213,0.014467524946667254,0.0005020437856728677,0.014019557333085686,0.0120825165649876,0.00971353892236948,557.0
601,refiner_only,0.15328324539586902,0.2665514647960663,2e-06,0.0,0.0,0.0006337244230962824,0.030782881658524275,0.03273079270729795,0.0006454621179727837,0.03070272709010169,0.019461587071418762,0.0006578528955287766,0.030645903549157083,0.02006190869724378,0.0006718545519106556,0.030607723048888147,0.01982822414720431,0.006388351321220398,733.0
602,refiner_only,0.1519816294312477,0.4494919776916504,2e-06,0.0,0.0,0.0006872826925246045,0.023858044703956693,0.024680743576027453,0.0007012433816271368,0.023832746490370482,0.024822252802550793,0.0007151182944653556,0.02383130689850077,0.026501149404793978,0.0007295473224075977,0.02384852501563728,0.02699974167626351,0.009380582720041275,815.0
603,refiner_only,0.17474839417263865,0.6992642879486084,2e-06,0.0,0.0,0.0005672151328326436,0.029750091896858066,0.04240894733811729,0.0005823383180540986,0.029737413773545995,0.02185255184303969,0.0005963053918094374,0.0297508790390566,0.021348021226003766,0.0006117409429862164,0.02978077350417152,0.04048836760921404,0.008325714617967606,557.0
604,refiner_only,0.17088731937110424,0.5480310320854187,2e-06,0.0,0.0,0.0006346718764689285,0.0294376069214195,0.02316746744327247,0.0006494758126791567,0.029298635257873684,0.023980564321391284,0.0006636081634496804,0.029173167538829148,0.023422728816512972,0.0006789030921936501,0.02906079264357686,0.03395944519434124,0.007968507707118988,792.0
605,refiner_only,0.2014478021301329,0.4175189733505249,2e-06,0.0,0.0,0.0006461093435063958,0.037944386480376124,0.029023630428127944,0.0006609923184441868,0.037826962769031525,0.028316543495748192,0.0006740726312273182,0.037725809030234814,0.028763034148141742,0.0006874307437101379,0.03764128021430224,0.029151674010790884,0.011229246854782104,908.0
606,refiner_only,0.16517502907663584,0.291056364774704,2e-06,0.0,0.0,0.0006511633982881904,0.03313930216245353,0.02472814475186169,0.0006654336684732698,0.03305966057814658,0.019656087271869183,0.0006795271474402398,0.03300479333847761,0.02485000458545983,0.0006945936984266154,0.0329753125552088,0.019589611678384244,0.00821127463132143,501.0
607,refiner_only,0.11463395110331476,1.158677101135254,2e-06,0.0,0.0,0.0005427308678918052,0.02225894294679165,0.016365131246857345,0.0005576394978561439,0.022004635888151824,0.01609063637442887,0.0005726203125959728,0.021764184639323503,0.016459639533422887,0.0005884037163923495,0.021540544170420617,0.015055642172228545,0.00968483742326498,593.0
608,refiner_only,0.14237152971327305,0.6238510608673096,2e-06,0.0,0.0,0.000677042524330318,0.02357918699271977,0.023772123735398054,0.0006873206948512234,0.023434130009263754,0.02379726863000542,0.0006981773622101173,0.02330483845435083,0.02389287739060819,0.0007100006769178435,0.023196488618850708,0.022650426486507058,0.007936138659715652,709.0
609,refiner_only,0.10893602669239044,0.18913283944129944,2e-06,0.0,0.0,0.0005145008180988953,0.01802036538720131,0.019867967814207077,0.0005314571280905511,0.017916058946866542,0.01675500301644206,0.0005472409029607661,0.01784653920913115,0.017776406137272716,0.0005634305780404247,0.017807911324780434,0.019191982632037252,0.008976663462817669,493.0
610,refiner_only,0.1394431279040873,0.17306162416934967,2e-06,0.0,0.0,0.0006078731894376688,0.022582064324524254,0.02153542113956064,0.0006241367191250902,0.022504116932395846,0.024522995809093118,0.0006389420595951378,0.022441745561081916,0.022607247228734195,0.0006557316992257256,0.022401477908715606,0.02304673445178196,0.006673894822597504,815.0
611,refiner_only,0.11645417404361069,0.4102933406829834,2e-06,0.0,0.0,0.0005137674870638875,0.018718851380981505,0.01937375674606301,0.0005324604790075682,0.0185670412320178,0.020664700597990304,0.0005483319946506526,0.018440540501615033,0.019117128889774904,0.0005641781717713457,0.018342058261623606,0.019677736796438694,0.009450579062104225,586.0
612,refiner_only,0.1678464850410819,0.7582963109016418,2e-06,0.0,0.0,0.0005721781180909602,0.03175058856140822,0.02312911004992202,0.0005889704516448546,0.03157007449772209,0.024509265669621527,0.0006045549525879323,0.03140001173596829,0.023505625664256513,0.0006205052122822963,0.0312421697890386,0.02380530210211873,0.009125850163400173,815.0
613,refiner_only,0.1251332019455731,0.5801504254341125,2e-06,0.0,0.0,0.0005567885691561969,0.02334251260617748,0.020798579731490463,0.0005733177385991439,0.02331311343004927,0.01852829527342692,0.0005886133658350445,0.023310206190217286,0.015068547654664144,0.0006055487829144113,0.0233346009044908,0.019810957310255617,0.009106517769396305,545.0
614,refiner_only,0.11922914907336235,0.22727639973163605,2e-06,0.0,0.0,0.0005423053025879199,0.02413245348725468,0.015071442496264353,0.0005620351148536429,0.02401318505872041,0.01533635109080933,0.0005796799305244349,0.023921463143778965,0.014887818193528801,0.0005980869464110583,0.02385802409844473,0.01547250643488951,0.009626084938645363,634.0
615,refiner_only,0.15243959240615368,0.2749463617801666,2e-06,0.0,0.0,0.0005541042010008823,0.03083139401860535,0.019103983679087833,0.0005717779858969152,0.030783285212237388,0.020888184633804485,0.0005875911592738703,0.03075085865566507,0.017045698856236413,0.0006041079905116931,0.03073065512580797,0.02047743069124408,0.010361523367464542,750.0
616,refiner_only,0.19660544814541936,0.7822260856628418,2e-06,0.0,0.0,0.0006186002792674117,0.04004906408954412,0.022510323324240744,0.0006347529233607929,0.040081666433252394,0.026282654842361808,0.0006487705104518682,0.04012788808904588,0.025345279893372208,0.0006635819372604601,0.040185591322369874,0.022635259141679853,0.010954218916594982,607.0
617,refiner_only,0.20876786950975657,0.17968830466270447,2e-06,0.0,0.0,0.0006509008635475766,0.03951195965055376,0.03242107923142612,0.0006704371553496458,0.0394362659426406,0.03079024748876691,0.0006860143548692577,0.03937943634809926,0.030721004237420857,0.0007016863200988155,0.039338068512734026,0.027044708316680044,0.011317495256662369,908.0
618,refiner_only,0.16149364272132516,0.25169670581817627,2e-06,0.0,0.0,0.0005492565942404326,0.027516889036633074,0.04038257463253103,0.000575931160710752,0.027420535363489762,0.019492357299895957,0.000596848847635556,0.02734507602872327,0.018336128268856555,0.0006171431814436801,0.027286956610623747,0.03982267191167921,0.008378200232982635,698.0
619,refiner_only,0.20858204551041126,0.5200135111808777,2e-06,0.0,0.0,0.0006368756403389852,0.03083533130120486,0.04013117216527462,0.0006495119632745627,0.030814116820693016,0.04656767612323165,0.0006621439351874869,0.0308085426222533,0.021216951543465257,0.0006761807017028332,0.030813916586339474,0.04637299885507673,0.009150530211627483,460.0
620,refiner_only,0.1845419225282967,0.6831516027450562,2e-06,0.0,0.0,0.0006458071293309331,0.03011252952273935,0.026354334375355393,0.0006647710069955792,0.02993705595145002,0.03480758180376142,0.0006810627164668404,0.029775149188935757,0.02556159329833463,0.0006972108421905432,0.029626284434925765,0.03279120416846126,0.009141214191913605,792.0
621,refiner_only,0.1637971685267985,0.2002335786819458,2e-06,0.0,0.0,0.0005398050780058838,0.03431136440485716,0.02000924712046981,0.0005553731971303932,0.0342182491440326,0.019570778065826744,0.0005708110547857359,0.034134421846829355,0.019203269213903695,0.0005869351407454815,0.03406067821197212,0.02089664968661964,0.009537153877317905,586.0
622,refiner_only,0.1305358950048685,0.33114510774612427,2e-06,0.0,0.0,0.0006130167821538635,0.023875778482761234,0.02047215634956956,0.0006299175256572198,0.023796614666935056,0.02061450475594029,0.000645230793452356,0.02373236184939742,0.01880497910315171,0.0006608939002035186,0.023681767692323774,0.01796962632215582,0.009087111800909042,634.0
623,refiner_only,0.20845163986086845,0.4255174398422241,2e-06,0.0,0.0,0.0006724358499923255,0.0359864691272378,0.03607136884238571,0.0006858509295852855,0.03596038627438247,0.039331924403086305,0.0006993123388383538,0.035947306314483285,0.022478615981526673,0.000713779081706889,0.035947117023169994,0.03668735106475651,0.008096235804259777,502.0
624,refiner_only,0.15656012017279863,0.21556338667869568,2e-06,0.0,0.0,0.0007016693307377864,0.027201239252462983,0.022943229065276682,0.0007161364446801599,0.027143865474499762,0.025773138273507357,0.0007290545327123255,0.02709504507947713,0.024599975207820535,0.000742592710594181,0.027059173211455345,0.022701142181176692,0.00733406376093626,586.0
625,refiner_only,0.11477928049862385,0.685235321521759,2e-06,0.0,0.0,0.0005196982783672865,0.018921393319033086,0.019680002878885716,0.0005333692206477281,0.018743031308986247,0.017901256738696247,0.0005473548371810466,0.01858581864507869,0.01986047241371125,0.0005624752920994069,0.018453384866006672,0.01959211565554142,0.00798912812024355,698.0
626,refiner_only,0.1979482127353549,0.5380269885063171,2e-06,0.0,0.0,0.0006950295573915355,0.03432902449276298,0.028937781578861177,0.0007055959686113056,0.034360410005319864,0.041195544064976275,0.0007159832421166357,0.034408821258693933,0.026300143799744546,0.0007277808908838779,0.03446400701068342,0.02506992151029408,0.00802675075829029,709.0
627,refiner_only,0.10836396226659417,0.19998104870319366,2e-06,0.0,0.0,0.0004955643926223274,0.019857660634443164,0.014649277494754642,0.0005149818789504934,0.019751485611777753,0.016791786591056734,0.0005326909522409551,0.01966202090261504,0.017627358378376812,0.0005509078619070351,0.019586269045248628,0.013346456340514123,0.009561453014612198,698.0
628,refiner_only,0.10411266633309424,0.6617957949638367,2e-06,0.0,0.0,0.0005577425999945262,0.016495185671374202,0.021116332471137866,0.0005758881379733793,0.016489363537402824,0.01689814415294677,0.0005914305220358074,0.016508611879544333,0.017581917200004682,0.0006075262499507517,0.016551848530070856,0.018307934689801186,0.009193055331707,521.0
629,refiner_only,0.169694266282022,0.3168974220752716,2e-06,0.0,0.0,0.0005828927478432888,0.03615425562020391,0.021041538333520293,0.0005991610123601276,0.036062281229533255,0.0190910505480133,0.0006145359002402984,0.035980546032078564,0.019798149005509913,0.0006308434894890524,0.03590970009099692,0.021007997973356396,0.00909027736634016,733.0
630,refiner_only,0.12279831292107701,0.30772364139556885,2e-06,0.0,0.0,0.000506240288814297,0.025587042444385588,0.015028266905574128,0.0005236025208432693,0.0254439064883627,0.014638946566265076,0.0005392495222622529,0.025318555417470634,0.015048808534629643,0.0005558393204410095,0.02522003382910043,0.015509371063672006,0.00841785129159689,502.0
631,refiner_only,0.1870094258338213,0.3063211739063263,2e-06,0.0,0.0,0.0006226708210306242,0.03949955862481147,0.019678872893564403,0.0006386115419445559,0.039442515932023525,0.02229300036560744,0.0006538964371429756,0.03939500020351261,0.022324701072648168,0.0006699958175886422,0.03936076024547219,0.022230946691706777,0.009141167625784874,634.0
632,refiner_only,0.09487329563125968,0.27195510268211365,2e-06,0.0,0.0,0.0004602209919539746,0.015217502077575773,0.016606506309472024,0.0004794655251316726,0.015098568284884095,0.016191313276067376,0.0004955930198775604,0.014997503778431565,0.016528648557141423,0.0005129393211973365,0.014925910742022097,0.01564335240982473,0.009482192806899548,454.0
633,refiner_only,0.17302239732816815,0.23156307637691498,2e-06,0.0,0.0,0.0006148382890387438,0.0276989791309461,0.030331938643939793,0.0006326297516352497,0.027584081515669823,0.029670328367501497,0.000647251021291595,0.027484622318297625,0.02902724442537874,0.000663802980852779,0.027408167137764394,0.029904269496910274,0.011070571839809418,908.0
634,refiner_only,0.07989860535599291,0.31548550724983215,2e-06,0.0,0.0,0.00039708142503513955,0.014863180695101619,0.010865849908441305,0.0004210957122268155,0.014688548108097166,0.011240657389862463,0.00044157812953926623,0.01454561436548829,0.011664258781820536,0.00046177369949873537,0.014432389521971345,0.012002687028143555,0.00834150891751051,586.0
635,refiner_only,0.1261656116694212,0.33809593319892883,2e-06,0.0,0.0,0.0005058751921751536,0.022564820188563317,0.01813392378971912,0.000532909223693423,0.022470615862403065,0.01674023157102056,0.0005537896868190728,0.02239532786188647,0.022393135935999453,0.0005755970632890239,0.022336453257594258,0.018167550704674795,0.011046228930354118,908.0
636,refiner_only,0.25975219486281276,0.4427737295627594,2e-06,0.0,0.0,0.0007675348533666693,0.047706034616567194,0.05176409723935649,0.0007825079155736603,0.04770738392835483,0.03065696737030521,0.0007960913717397489,0.04772382456576452,0.04212987597566098,0.0008094516961136833,0.04775327804964036,0.041392814135178924,0.008460301905870438,792.0
637,refiner_only,0.11506907362490892,0.34738689661026,2e-06,0.0,0.0,0.0005468390045280103,0.023092650109902024,0.019309454539325088,0.0005645742858177982,0.022997741849394515,0.014845306315692142,0.0005800207654829137,0.022928644611965865,0.015182155097136274,0.000596689831581898,0.02288081159349531,0.014493129478069022,0.008860193192958832,501.0
638,refiner_only,0.11657873820513487,0.3889821469783783,2e-06,0.0,0.0,0.0005024091042287182,0.024156950530596077,0.015698642877396196,0.0005205739653320052,0.024096959794405848,0.012963374087121338,0.0005369512509787455,0.024058863811660558,0.015254353114869446,0.0005532217546715401,0.024039818032179028,0.014554619323462248,0.006605343893170357,586.0
639,refiner_only,0.09501468483358622,0.35096246004104614,2e-06,0.0,0.0,0.0005060399453213904,0.017097397707402706,0.01369366268045269,0.0005261224650894292,0.01701137499185279,0.01409796642838046,0.0005438127845991403,0.016952868492808193,0.014191873196978122,0.0005624609657388646,0.016923172341194004,0.014205033628968522,0.008984573185443878,485.0
640,refiner_only,0.16798278782516718,0.34757092595100403,2e-06,0.0,0.0,0.0005575491250056075,0.028888563567306846,0.031377873150631785,0.0005781234940513968,0.028794020792702213,0.03149229593691416,0.0005946353703620844,0.028717861481709406,0.030909037945093587,0.0006122517297626473,0.028660428622970358,0.017624128435272723,0.010840237140655518,750.0
641,refiner_only,0.17964724358171225,0.4563747048377991,2e-06,0.0,0.0,0.0006385833130480023,0.03735004848567769,0.019432824570685625,0.0006530597092933021,0.037332327832700685,0.020278238895116374,0.0006665335749858059,0.03733444231329486,0.02435835130745545,0.0006807169847888872,0.0373590147937648,0.020984557166229934,0.009024666622281075,634.0
642,refiner_only,0.11781188752502203,0.3205421268939972,2e-06,0.0,0.0,0.0004763441284012515,0.020183283020742238,0.020909161190502346,0.0004920744831906632,0.02010711474576965,0.02016892988467589,0.0005064482866146136,0.020048136124387383,0.01777735265204683,0.0005222380241320934,0.02000952255912125,0.01818006782559678,0.008420649915933609,815.0
643,refiner_only,0.18366110837087035,0.3494412899017334,2e-06,0.0,0.0,0.0006609868432860821,0.03134866198524833,0.03123062790837139,0.000677437026752159,0.03125115344300866,0.03125973592977971,0.0006902902678120881,0.031166895292699337,0.03056576306698844,0.00070351979957195,0.031094749458134174,0.026251563453115523,0.010853265412151814,908.0
644,refiner_only,0.17202403489500284,0.24152067303657532,2e-06,0.0,0.0,0.000632290706562344,0.03172796976286918,0.03341226058546454,0.0006444452374125831,0.03166940819937736,0.018571764579974115,0.0006568732351297513,0.03163104597479105,0.020782761392183602,0.0006704169063596055,0.03160799213219434,0.035789326298981905,0.008708873763680458,545.0
645,refiner_only,0.19384285807609558,1.3647488355636597,2e-06,0.0,0.0,0.0006097839977883268,0.022916888003237545,0.018870080588385463,0.0006234962966118474,0.023010288830846548,0.04079878894845024,0.000637409306364134,0.023129242181312293,0.04072139447089285,0.0006523200936499052,0.023274877457879484,0.04099504079204053,0.00910983420908451,564.0
646,refiner_only,0.14030456636101007,0.27465376257896423,2e-06,0.0,0.0,0.0006123780294728931,0.023541332106105983,0.02083904028404504,0.0006257083077798598,0.02345519873779267,0.022571781766600907,0.0006382958381436765,0.02338921814225614,0.0236050714738667,0.0006519122398458421,0.023343082168139517,0.02202429622411728,0.010148599743843079,496.0
647,refiner_only,0.1239834800362587,0.8836514949798584,2e-06,0.0,0.0,0.0006217938280315138,0.020249743130989373,0.01801697292830795,0.0006347236703732051,0.020299188210628927,0.019312804972287267,0.0006480143274529837,0.020370212267152965,0.020747716072946787,0.0006618878687731922,0.020460314233787358,0.020848616783041507,0.006278750021010637,462.0
648,refiner_only,0.09411425981670618,0.22462297976016998,2e-06,0.0,0.0,0.0005613611101580318,0.017395263887010515,0.013282412837725133,0.0005785044777439907,0.01731644687242806,0.013719985261559486,0.00059346086345613,0.01726153359049931,0.01346848881803453,0.0006099586644268129,0.01722865953342989,0.013337222510017455,0.009514553472399712,481.0
649,refiner_only,0.13165582716464996,0.2960045337677002,2e-06,0.0,0.0,0.0006064429071557242,0.02202333207242191,0.023147324798628688,0.0006194341913214885,0.021953771822154522,0.02194553124718368,0.0006317275619949214,0.021903737680986524,0.02085137495305389,0.0006449254433391616,0.02187219134066254,0.02123313397169113,0.0067299734801054,521.0
650,refiner_only,0.22278491454198956,0.3334742784500122,2e-06,0.0,0.0,0.0006623295412282459,0.0365406017517671,0.027479906857479364,0.0006787277670809999,0.036486083758063614,0.03196192305767909,0.0006924453991814516,0.03644590522162616,0.030569728871341795,0.0007067280712362844,0.036416878225281835,0.0488264897139743,0.0104960473254323,908.0
651,refiner_only,0.2728800382465124,0.25791609287261963,2e-06,0.0,0.0,0.000724034704035148,0.05454012821428478,0.045585461193695664,0.0007335778209380805,0.054482204373925924,0.043291057692840695,0.0007435022271238267,0.05443384870886803,0.03137028403580189,0.0007541271843365394,0.05439781793393195,0.032673621317371726,0.009913286194205284,750.0
652,refiner_only,0.13711735466495156,0.6715826392173767,2e-06,0.0,0.0,0.0005997392363497056,0.022276671137660742,0.022699467284837738,0.0006147098101791926,0.022107632539700717,0.023629693081602454,0.0006278250984905753,0.02195287321228534,0.023422637081239372,0.0006420041972887702,0.021813823317643255,0.02230615564621985,0.008820519782602787,601.0
653,refiner_only,0.18924733204767108,1.0150812864303589,2e-06,0.0,0.0,0.0005498073714989005,0.038932963158003986,0.027708333218470216,0.0005656427092617378,0.038994409842416644,0.025948594673536718,0.0005801201114081778,0.03906687768176198,0.01680525072151795,0.0005952371029707137,0.03915213258005679,0.027539072034414858,0.007905845530331135,485.0
654,refiner_only,0.12131493166089058,0.41280439496040344,2e-06,0.0,0.0,0.0005816143129777629,0.02369530696887523,0.016986513044685125,0.0005947567842667922,0.023561234469525516,0.017707113875076175,0.0006082231193431653,0.023443315527401865,0.01653074217028916,0.0006228001220733859,0.02334610011894256,0.014900641865096986,0.007586725987493992,553.0
655,refiner_only,0.15410416899248958,0.34718480706214905,2e-06,0.0,0.0,0.0006444717473641504,0.027918588602915406,0.02394931801245548,0.0006588251126231626,0.027814841567305848,0.022793925658334047,0.0006724778068019077,0.027726927713956684,0.022868173895403743,0.0006871041550766677,0.02765645959880203,0.023225432145409286,0.007210441865026951,499.0
656,refiner_only,0.147643837146461,0.4305531978607178,2e-06,0.0,0.0,0.0006058681537979282,0.02614655252546072,0.022711257333867252,0.0006174981099320576,0.02603682631161064,0.024444303649943322,0.0006283146212808788,0.025934679782949388,0.02186529681785032,0.0006399872800102457,0.025841429946012795,0.021635500132106245,0.009722257032990456,750.0
657,refiner_only,0.12753742886707187,0.36108797788619995,2e-06,0.0,0.0,0.0006748368105036207,0.019955146766733378,0.02294958123820834,0.0006870496508781798,0.019935431191697717,0.022099265188444406,0.0006988551467657089,0.01993898965884,0.021212304243817925,0.0007113582105375826,0.0199633669690229,0.0222908069845289,0.008246082812547684,601.0
658,refiner_only,0.255212708376348,0.30854588747024536,2e-06,0.0,0.0,0.0007633720015292056,0.0403471679892391,0.04864214698318392,0.0007759652289678343,0.04024840530473739,0.036760520888492465,0.0007877238895162009,0.04016477463301271,0.05770261923316866,0.0008010086894501001,0.040094789932481945,0.03787690168246627,0.00969510618597269,792.0
659,refiner_only,0.16288823075592518,0.47192829847335815,2e-06,0.0,0.0,0.0006215342873474583,0.031294669257476926,0.025426889769732952,0.0006367843052430544,0.031171169481240213,0.021908709255512804,0.0006490731539088301,0.031055643572472036,0.020466517366003245,0.0006623406807193533,0.030947725172154605,0.02539026812883094,0.008760157972574234,607.0
660,refiner_only,0.1732128132134676,0.5673733353614807,2e-06,0.0,0.0,0.0006173581641633064,0.0310055777663365,0.02561886759940535,0.000629239348199917,0.030874545453116298,0.02789604850113392,0.0006410865098587237,0.030756917782127857,0.025110343471169472,0.0006537598237628117,0.030652156798169017,0.025998712982982397,0.00917618628591299,564.0
661,refiner_only,0.1598397067282349,0.7426662445068359,2e-06,0.0,0.0,0.0005402151382440934,0.02629799337591976,0.023735574446618557,0.000558886840735795,0.026128537603653967,0.019895922829164192,0.0005757856342825107,0.02597971196519211,0.030423814547248185,0.0005919743452977855,0.02584993903292343,0.029835139284841716,0.00870539154857397,792.0
662,refiner_only,0.1228752126917243,0.21800068020820618,2e-06,0.0,0.0,0.0005451595243357588,0.02110977820120752,0.01895506656728685,0.0005571772126131691,0.021013579098507762,0.021472789929248393,0.0005695401123375632,0.02093787374906242,0.01862080628052354,0.0005828928078699391,0.020881644799374044,0.01823891227832064,0.008904341608285904,564.0
663,refiner_only,0.14077513245865703,0.3379218578338623,2e-06,0.0,0.0,0.0005532091745408252,0.0261714574880898,0.02138608758104965,0.0005698060995200649,0.02611232892377302,0.02088552020723,0.0005847049687872641,0.026072786189615726,0.02155363332713023,0.0005998739579808898,0.02604972873814404,0.01834675035206601,0.007828984409570694,607.0
664,refiner_only,0.1950102960690856,0.25486549735069275,2e-06,0.0,0.0,0.0006617085600737482,0.03237957652891055,0.03640685818390921,0.0006752514018444344,0.03232077060965821,0.031729546550195664,0.0006865327231935225,0.032273193704895675,0.03167257038876414,0.0006985432773944922,0.032237391045782715,0.03271649498492479,0.01089036650955677,908.0
665,refiner_only,0.14323060866445303,0.4845348596572876,2e-06,0.0,0.0,0.0005644689517794177,0.03161368553992361,0.017222344293259084,0.000581339823838789,0.03146814776118845,0.015660590259358287,0.0005969623416604009,0.03133547573816031,0.016159426886588335,0.0006129135654191487,0.031215275288559496,0.015600476181134582,0.008958096615970135,634.0
666,refiner_only,0.17271843925118446,0.4464888274669647,2e-06,0.0,0.0,0.000735358516976703,0.027028092299588025,0.030692461936268955,0.0007489654453820549,0.027011119993403554,0.03027408814523369,0.0007612431872985326,0.0270110871642828,0.028436566528398544,0.0007744041831756476,0.02702802454587072,0.03067294048378244,0.0073712058365345,733.0
667,refiner_only,0.16283158771693707,0.38580381870269775,2e-06,0.0,0.0,0.0006139323540992336,0.02932586072711274,0.022526225657202303,0.00063058079831535,0.029245521291159093,0.024207468435633928,0.000645463791443035,0.029184592654928565,0.022611233027419075,0.0006614356861973647,0.029145286680432037,0.02650000195717439,0.009114816784858704,792.0
668,refiner_only,0.14566306304186583,0.9569529294967651,2e-06,0.0,0.0,0.0006054535770090297,0.02734858135227114,0.022773255361244082,0.0006196238682605326,0.02716826507821679,0.020819075754843652,0.000633698273304617,0.02699909289367497,0.020384719944559038,0.0006480166994151659,0.02684299449902028,0.02154757478274405,0.007260238751769066,586.0
669,refiner_only,0.12945245951414108,0.6558548808097839,2e-06,0.0,0.0,0.0005608061837847345,0.023063014610670507,0.01996433813474141,0.0005749221745645627,0.022901868331246078,0.019595649151597172,0.0005878078227397054,0.022758568346034735,0.01981512940255925,0.000601844149059616,0.022634988359641284,0.019981682155048475,0.008066256530582905,815.0
670,refiner_only,0.18609688384458423,0.3331734240055084,2e-06,0.0,0.0,0.0006372765565174632,0.03043995110783726,0.023841206799261272,0.0006497107824543491,0.030375908827409148,0.03516301151830703,0.0006619834384764545,0.030332298134453595,0.021883560810238123,0.0006750063548679464,0.030296497861854732,0.036058912985026836,0.008097103796899319,601.0
671,refiner_only,0.2183556007221341,0.9806604385375977,2e-06,0.0,0.0,0.0005979574925731868,0.0429392954101786,0.0259185143513605,0.0006092044968681876,0.04299507930409163,0.0319436224817764,0.0006205043537192978,0.04306443268433213,0.025456169212702662,0.0006330697433440946,0.04314874828560278,0.02988476795144379,0.008127669803798199,545.0
672,refiner_only,0.2356151957064867,0.3167628049850464,2e-06,0.0,0.0,0.0007156541760195978,0.0339824395487085,0.03134676464833319,0.0007312649831874296,0.03393645130563527,0.0310630991589278,0.0007443806316587143,0.03391360933892429,0.048343506059609354,0.0007587014115415514,0.03390190936625004,0.05222226842306554,0.011005384847521782,908.0
673,refiner_only,0.16786262788809836,0.34646981954574585,2e-06,0.0,0.0,0.0006055183548596688,0.0310699823894538,0.03387237811693922,0.0006217760892468505,0.03095018840394914,0.01907146695884876,0.0006361838022712618,0.03084795962786302,0.01975718661560677,0.0006511797982966527,0.03076140518533066,0.034565278969239444,0.01051570288836956,607.0
674,refiner_only,0.11407813522964716,0.36440128087997437,2e-06,0.0,0.0,0.0005985305469948798,0.018210006703156978,0.019707286322955042,0.0006128703498688992,0.01811345445457846,0.01912366144824773,0.0006255838416109327,0.01803227444179356,0.01973204081878066,0.0006399038902600296,0.017968013125937432,0.01923033077036962,0.009273973293602467,586.0
675,refiner_only,0.23841811530292034,0.2884233593940735,2e-06,0.0,0.0,0.0006888337375130504,0.04049484117422253,0.046343754045665264,0.0006996640731813386,0.04047014843672514,0.04722053976729512,0.0007106316334102303,0.040455334819853306,0.027044277056120336,0.0007221899213618599,0.040448383311741054,0.04064694605767727,0.008238252252340317,815.0
676,refiner_only,0.12320620287209749,0.43550458550453186,2e-06,0.0,0.0,0.0005475274156196974,0.022162572771776468,0.019291129778139293,0.0005619484909402672,0.02213077765190974,0.01903094712179154,0.0005753204168286175,0.02212197973858565,0.017052480368874967,0.0005894792702747509,0.022134428145363927,0.01900884072529152,0.009557281620800495,593.0
677,refiner_only,0.13828379940241575,0.462196409702301,2e-06,0.0,0.0,0.0005809041394968517,0.026851036585867405,0.020207168417982757,0.0005942969801253639,0.026732669794000685,0.018230214715003967,0.0006077322468627244,0.026618043426424265,0.019604543806053698,0.0006222857591637876,0.026519816019572318,0.01875419751740992,0.011330694891512394,750.0
678,refiner_only,0.1332745859399438,0.1450454741716385,2e-06,0.0,0.0,0.0005960516646155156,0.02356405812315643,0.018449486437020823,0.0006107153349148575,0.02349084970774129,0.0206577992066741,0.0006238544265215751,0.023440046759787947,0.021027168375439942,0.0006379150509019382,0.02341163728851825,0.019374600116861984,0.011020144447684288,750.0
679,refiner_only,0.16160764079540968,0.3984129726886749,2e-06,0.0,0.0,0.0007171869947342202,0.026078053866513073,0.02646087622269988,0.0007328794636123348,0.025972432689741254,0.027711133239790797,0.0007470823620678857,0.025882633519358933,0.02648308256175369,0.0007618846575496718,0.02580867358483374,0.027507836697623134,0.00858261063694954,493.0
680,refiner_only,0.1445759884081781,0.304625004529953,2e-06,0.0,0.0,0.0005914269422646612,0.031108630588278174,0.016220764606259763,0.0006081118117435835,0.031043289112858474,0.017083299055229872,0.000623594838543795,0.030998964444734156,0.017526770941913128,0.0006401887694664765,0.030976729933172464,0.015075043251272291,0.009338601492345333,634.0
681,refiner_only,0.12722382508218288,0.3578721284866333,2e-06,0.0,0.0,0.0005571974907070398,0.019516489759553224,0.02187008340843022,0.0005698933855455834,0.019473221094813198,0.023601974069606513,0.0005819858415634371,0.019450538035016507,0.021476746711414307,0.0005954340995231178,0.019457047164905816,0.022016980627086014,0.009674356319010258,815.0
682,refiner_only,0.11819383967667818,0.5491247177124023,2e-06,0.0,0.0,0.0005489698887686245,0.020576650626026094,0.018873284687288105,0.0005609163345070556,0.0204319212352857,0.019461636198684573,0.000572423727135174,0.020308140374254435,0.01681689964607358,0.00058554806309985,0.020209837006404996,0.01924651931039989,0.006786092650145292,733.0
683,refiner_only,0.18220993597060442,0.3109129071235657,2e-06,0.0,0.0,0.0006355279692797922,0.03281732846517116,0.025903106667101383,0.0006466022750828415,0.03273177274968475,0.026986280106939375,0.0006575458610313945,0.03266075940337032,0.028676370158791542,0.0006700871599605307,0.03261364565696567,0.026566872955299914,0.008424192667007446,733.0
684,refiner_only,0.1409213652368635,0.19107095897197723,2e-06,0.0,0.0,0.0006235506225493737,0.023230857506860048,0.02355203265324235,0.0006391518727468792,0.023133775393944234,0.023877988453023136,0.0006527939585794229,0.02305556769715622,0.02249678294174373,0.0006669388603768311,0.022993217804469168,0.02340514725074172,0.011539101600646973,496.0
685,refiner_only,0.20185687951743603,0.3008737564086914,2e-06,0.0,0.0,0.000648519977403339,0.03321545722428709,0.033874285174533725,0.0006590577831957489,0.033171880757436156,0.03420304966857657,0.0006701790262013674,0.03314646548824385,0.031104500172659755,0.0006826498720329255,0.03314009355381131,0.03507899897522293,0.008652327582240105,815.0
686,refiner_only,0.13493379671126604,0.5502123236656189,2e-06,0.0,0.0,0.0005427840806078166,0.026410774677060544,0.017979721538722515,0.0005579155113082379,0.026387625839561224,0.01970086171058938,0.0005723401736759115,0.026381231262348592,0.016473373281769454,0.000587683985941112,0.02639089256990701,0.017881870619021356,0.008896677754819393,521.0
687,refiner_only,0.10866825701668859,0.7099449634552002,2e-06,0.0,0.0,0.00047674155757704284,0.021114839939400554,0.013790740573313087,0.0004941897386743221,0.021126419072970748,0.016014938708394766,0.0005094902116979938,0.02115168748423457,0.014050041732843965,0.0005256094445940107,0.021194349159486592,0.013601529994048178,0.009345139376819134,586.0
688,refiner_only,0.10755940433591604,0.3339601159095764,2e-06,0.0,0.0,0.0005812314302602317,0.018763181171379983,0.016509371052961797,0.0006001087967888452,0.018694580532610416,0.01602005830500275,0.0006156330600788351,0.018644061288796365,0.018686627270653844,0.0006315843784250319,0.018609145423397422,0.015057605633046478,0.009232333861291409,733.0
689,refiner_only,0.13695864472538233,0.8807787299156189,2e-06,0.0,0.0,0.0006482868811872322,0.020554848248139024,0.024509622831828892,0.0006630996795138344,0.02035503403749317,0.02413942595012486,0.0006773368004360236,0.020170262432657182,0.02530217176536098,0.0006919579936948139,0.020009134896099567,0.024950221180915833,0.00813891552388668,698.0
690,refiner_only,0.1156503427773714,0.4002372920513153,2e-06,0.0,0.0,0.0005356628316803835,0.023271441750694066,0.01324513804866001,0.0005545350795728154,0.023144234728533775,0.01623684592777863,0.0005696069238183554,0.023032267403323203,0.013985668017994612,0.0005849697045050561,0.022934317297767848,0.014607897377572954,0.009341776371002197,634.0
691,refiner_only,0.14769115624949336,0.23035477101802826,2e-06,0.0,0.0,0.0005526395143533591,0.026504323817789555,0.022145037830341607,0.0005659972302964889,0.026445919880643487,0.022445249371230602,0.000579420302528888,0.026401266222819686,0.02240858960431069,0.0005935101507930085,0.026369637344032526,0.021881565917283297,0.011491015553474426,815.0
692,refiner_only,0.19057536497712135,0.8644535541534424,2e-06,0.0,0.0,0.0006526052966364659,0.03931863093748689,0.02358894533244893,0.0006650124923908152,0.03913875936996192,0.02399938669987023,0.0006784269935451448,0.03896879137028009,0.022983198112342507,0.0006925374000275042,0.03881165769416839,0.024637595983222127,0.009274478070437908,634.0
693,refiner_only,0.14207669999450445,0.23188865184783936,2e-06,0.0,0.0,0.0006062773318262771,0.02487300185021013,0.02443014900200069,0.0006199008785188198,0.02483075053896755,0.02401280531194061,0.0006328091949399095,0.024805302382446826,0.020839828765019774,0.000646446984319482,0.024796573095954955,0.020892283006105572,0.00899925734847784,553.0
694,refiner_only,0.16905142134055495,0.863490641117096,2e-06,0.0,0.0,0.000528696647961624,0.032609926303848624,0.023040255473461002,0.0005414289589680266,0.03266354580409825,0.020821153128053993,0.0005527552239072975,0.03273482492659241,0.02433469850802794,0.0005652220315823797,0.03282899421174079,0.02400879899505526,0.009591235779225826,709.0
695,refiner_only,0.16545211523771286,0.3168029487133026,2e-06,0.0,0.0,0.0006894704129081219,0.02503741648979485,0.027421565842814744,0.0007053964945953339,0.025001242524012923,0.028304421808570623,0.0007196736187324859,0.02498589060269296,0.03093287954106927,0.0007345965204876848,0.02499096270184964,0.029077055165544152,0.010464798659086227,499.0
696,refiner_only,0.12803719006478786,0.2703785300254822,2e-06,0.0,0.0,0.0006928631628397852,0.01943448733072728,0.02202162449248135,0.0007072997905197553,0.01933316164650023,0.02186245657503605,0.0007210284820757806,0.01924771221820265,0.023041442851535976,0.0007360254894592799,0.019177336827851832,0.023210728191770613,0.00952548161149025,564.0
697,refiner_only,0.20417948625981808,0.15379928052425385,2e-06,0.0,0.0,0.000684595899656415,0.03670429880730808,0.04432245343923569,0.0007004951039562002,0.036654143885243684,0.024494632991263643,0.0007148130316636525,0.03661824093433097,0.023632485594134778,0.0007296594703802839,0.0365947728860192,0.04404024739051238,0.008859333582222462,601.0
698,refiner_only,0.13081531319767237,0.49585580825805664,2e-06,0.0,0.0,0.0005799330610898323,0.022038590046577156,0.020710791111923754,0.0005921634838159662,0.021917691046837717,0.021241285605356097,0.0006044102992746048,0.02181264921091497,0.021200078073889017,0.0006177270406624302,0.021721194381825626,0.02110810938756913,0.009516718797385693,698.0
699,refiner_only,0.16163073480129242,0.25423821806907654,2e-06,0.0,0.0,0.0005462985136546195,0.030498131061904132,0.02283648867160082,0.0005595255206571892,0.030417247326113284,0.021482234355062246,0.0005722706482629292,0.030351962661370635,0.024150406010448933,0.0005851858950336464,0.03030099265743047,0.023210911778733134,0.007348305080085993,709.0
700,refiner_only,0.16013974091038108,0.39091724157333374,2e-06,0.0,0.0,0.0006407442342606373,0.032211886369623244,0.021365949825849384,0.0006545505639223848,0.0320793860591948,0.021151200926396996,0.0006681280574412085,0.03196497191675007,0.020170900563243777,0.000683348291204311,0.03186880284920335,0.020898448419757187,0.009000465273857117,557.0
701,refiner_only,0.13735412806272507,0.6730380654335022,2e-06,0.0,0.0,0.000596691133978311,0.02363488159608096,0.01825781216030009,0.000612064864981221,0.023459577874746174,0.021368791087297723,0.0006265803422138561,0.02330642513697967,0.022167342016473413,0.0006415235548047349,0.02317370002856478,0.021998121752403677,0.009424358606338501,499.0
702,refiner_only,0.1303622187115252,0.418099582195282,2e-06,0.0,0.0,0.0005752443794335704,0.020813604583963752,0.0205013842205517,0.0005898378949495964,0.020746814087033272,0.021616344689391553,0.0006034354337316472,0.020698857377283275,0.022423923655878752,0.0006176756469358224,0.020668086363002658,0.022397244814783335,0.008431692607700825,553.0
703,refiner_only,0.17949212482199073,0.2046366184949875,2e-06,0.0,0.0,0.0006034402085788315,0.028894430492073298,0.021975249284878373,0.0006194735251483507,0.02881722478196025,0.03410788153996691,0.0006340535437630024,0.028756693238392472,0.020279717457015067,0.0006492999164038338,0.028710526414215565,0.03691725304815918,0.00907366257160902,601.0
704,refiner_only,0.30490237660706043,0.6535375714302063,2e-06,0.0,0.0,0.0007287657572305761,0.04609231697395444,0.03341854200698435,0.0007429514225805178,0.0461109799798578,0.058428908698260784,0.0007553386822110042,0.04614935419522226,0.05154282948933542,0.0007682411451241933,0.04620570386759937,0.054198070894926786,0.01159778144210577,908.0
705,refiner_only,0.17123981937766075,0.31367531418800354,2e-06,0.0,0.0,0.0005955048254691064,0.033701261738315225,0.023611250333487988,0.0006088294830988161,0.03366817790083587,0.02284931775648147,0.0006221277217264287,0.03365269582718611,0.023011064855381846,0.0006357006277539767,0.0336526392493397,0.022539268247783184,0.010699893347918987,601.0
706,refiner_only,0.1685152230784297,0.3240946829319,2e-06,0.0,0.0,0.0006031302727933507,0.03250119846779853,0.02385387010872364,0.0006166509156173561,0.032387702725827694,0.024475730082485825,0.0006293237311183475,0.03229332063347101,0.022277541196672246,0.0006435972318286076,0.03221527417190373,0.02297608071239665,0.008182328194379807,815.0
707,refiner_only,0.16880319640040398,0.6687074899673462,2e-06,0.0,0.0,0.0006132983762654476,0.027341090724803507,0.03143017037655227,0.0006319815838651266,0.0271417421172373,0.02397687453776598,0.0006483938559540547,0.026960098941344768,0.030232700519263744,0.0006649995557381772,0.026803940592799336,0.031742459163069725,0.008481364697217941,792.0
708,refiner_only,0.26670570485293865,0.21094229817390442,2e-06,0.0,0.0,0.0007512085867347196,0.036725052748806775,0.037441417342051864,0.0007656145680812187,0.03665660449769348,0.0562475515762344,0.0007788764050928876,0.036604571738280356,0.05594973964616656,0.0007927915285108611,0.036567625938914716,0.04234233376337215,0.008995991200208664,601.0
709,refiner_only,0.10309243714436889,0.3094978630542755,2e-06,0.0,0.0,0.0004999559423595201,0.017345951520837843,0.017103849939303473,0.0005187015958654229,0.017221780319232494,0.015208657569019124,0.0005351433537725825,0.017129297368228436,0.017277954728342593,0.0005520301529031713,0.01706214458681643,0.017586725734872743,0.010644265450537205,586.0
710,refiner_only,0.10791394952684641,0.2981436848640442,2e-06,0.0,0.0,0.0005538718905881979,0.01892952504567802,0.018558597832452506,0.0005692595223081298,0.018847520608687773,0.017383062018780038,0.000583307057240745,0.018788164772558957,0.017251978570129722,0.0005976323081995361,0.018752659379970282,0.015140364790568128,0.009951501153409481,593.0
711,refiner_only,0.14616940543055534,0.23943163454532623,2e-06,0.0,0.0,0.0005624288660328602,0.025429096713196486,0.022691448335535824,0.0005776267425972037,0.025338645587908104,0.02372889523394406,0.0005922009113419335,0.025270128331612796,0.021857390296645463,0.0006081586143409368,0.025226568250218406,0.022969791083596647,0.008788170292973518,815.0
712,refiner_only,0.16756061208434403,0.747589647769928,2e-06,0.0,0.0,0.000586044552619569,0.03623361262725666,0.016115165257360786,0.0006004607421346009,0.03626574215013534,0.019818043656414375,0.0006132729686214589,0.036317689751740545,0.020204577449476346,0.0006269082296057604,0.036389820743352175,0.016724094923119992,0.01097787357866764,750.0
713,refiner_only,0.12721492536365986,0.5907126069068909,2e-06,0.0,0.0,0.0004971732014382724,0.02296512562315911,0.020878592156805098,0.0005119284214742947,0.022780633997172117,0.01814571744762361,0.0005263807470328175,0.022619166295044124,0.0196664099348709,0.0005414199622464366,0.022483927896246314,0.019939335878007114,0.010951344855129719,750.0
714,refiner_only,0.18168548122048378,1.204361915588379,2e-06,0.0,0.0,0.0006071582829463296,0.0334190420107916,0.029822899436112493,0.0006250944425119087,0.03317947033792734,0.03025746054481715,0.0006410216083168052,0.03295290400274098,0.030286396853625774,0.0006579650653293356,0.03274059563409537,0.020344575692433864,0.010955944657325745,792.0
715,refiner_only,0.13670101668685675,0.20677313208580017,2e-06,0.0,0.0,0.0006876925544929691,0.024704318842850626,0.020301044220104814,0.0007008285756455734,0.024637535214424133,0.019928572583012283,0.0007141011446947232,0.024587316322140396,0.022156572435051203,0.0007278199191205204,0.024551550042815506,0.018696720129810274,0.009382407180964947,733.0
716,refiner_only,0.16609694343060255,0.7153677940368652,2e-06,0.0,0.0,0.0006574032086064108,0.03289395640604198,0.02139617910142988,0.0006732657057000324,0.03273312491364777,0.020277776522561908,0.0006885921320645139,0.03258363239001483,0.02144905482418835,0.0007052488435874693,0.03244482702575624,0.02454141655471176,0.010860180482268333,750.0
717,refiner_only,0.24336190707981586,0.6863214373588562,2e-06,0.0,0.0,0.0006544985153595917,0.037277729250490665,0.04355898732319474,0.0006676232733298093,0.03712719725444913,0.04155711247585714,0.0006803045689594001,0.03699799417518079,0.0446772133000195,0.0006931238167453557,0.03687461302615702,0.044086728477850556,0.010877826251089573,750.0
718,refiner_only,0.10462283063679934,0.596345067024231,2e-06,0.0,0.0,0.0005751910903200042,0.01939356338698417,0.014907814533216879,0.0005897660666960292,0.019361298473086208,0.014461212296737358,0.0006044127112545539,0.019359925820026547,0.015007426613010466,0.0006206587131600827,0.01938761945348233,0.015230511722620577,0.007718873210251331,553.0
719,refiner_only,0.11925738910213113,0.4422990679740906,2e-06,0.0,0.0,0.0005180728549021296,0.02310866629704833,0.01511942979414016,0.0005351382205844857,0.022966200718656182,0.015614783624187112,0.0005506596789928153,0.022836946533061564,0.015382654208224267,0.0005674246094713453,0.022726075490936637,0.018077507440466434,0.008895481936633587,502.0
720,refiner_only,0.2232560571283102,0.4004860520362854,2e-06,0.0,0.0,0.0008219666124205105,0.038983500795438886,0.05713675287552178,0.0008323998117703013,0.03889081417582929,0.03311967628542334,0.0008431971655227244,0.03881768207065761,0.030557299498468637,0.0008543388612451963,0.038754272274672985,0.04058637737762183,0.009445881471037865,815.0
721,refiner_only,0.16717143077403307,0.29073891043663025,2e-06,0.0,0.0,0.0006883043242851272,0.029910965589806437,0.02091342897620052,0.000704425350704696,0.029794321861118078,0.03415453142952174,0.0007193385972641408,0.029701391933485866,0.021671355585567653,0.0007348962826654315,0.029630193253979087,0.020060976617969573,0.010289827361702919,425.0
722,refiner_only,0.11535118403844535,0.7862438559532166,2e-06,0.0,0.0,0.0005579823009611573,0.020272164489142597,0.020487904141191393,0.0005772189033450559,0.020258766337065026,0.017664262908510864,0.0005940860974078532,0.020283541758544743,0.016563888639211655,0.0006102627921791282,0.020342833478935063,0.01845632231561467,0.008744502440094948,476.0
723,refiner_only,0.16368165332823992,0.5319909453392029,2e-06,0.0,0.0,0.0006419623459805734,0.026056146365590394,0.030942860699724406,0.0006609079064219259,0.025887902884278446,0.0305949323810637,0.0006769125102437101,0.025745615072082728,0.022254956362303346,0.0006929535666131414,0.025625486334320158,0.03154198406264186,0.010257530957460403,792.0
724,refiner_only,0.2472385661676526,0.3377936780452728,2e-06,0.0,0.0,0.000670320132485358,0.0391608620993793,0.027828812249936163,0.0006877111227368005,0.039011228014715016,0.05199425702448934,0.0007029255284578539,0.03888133412692696,0.04873611859511584,0.0007186485527199693,0.03877265437040478,0.02773369348142296,0.01199166290462017,908.0
725,refiner_only,0.1451501026749611,0.5890122652053833,2e-06,0.0,0.0,0.0006202707081683911,0.024900201126001775,0.025274429470300674,0.0006313057019724511,0.024806783418171108,0.02424515492748469,0.0006434171082219109,0.024725259048864245,0.02345744869671762,0.0006561565169249661,0.024656549794599414,0.021328029921278358,0.006995092611759901,586.0
726,refiner_only,0.15893912292085588,0.3676644265651703,2e-06,0.0,0.0,0.0005601871998806018,0.030197732499800622,0.013071559340460226,0.0005811555638501886,0.030041140533285215,0.027099785627797246,0.0005986192081763875,0.02991384151391685,0.026937573973555118,0.0006160795128380414,0.029809278552420437,0.013341646117623895,0.00918151531368494,482.0
727,refiner_only,0.16567571694031358,0.2731304466724396,2e-06,0.0,0.0,0.0005751767239416949,0.03194610518403351,0.024973132414743304,0.0005896401635254733,0.03188102028798312,0.023196399677544832,0.000603234009759035,0.031836929032579064,0.02233514585532248,0.00061789684696123,0.03182275511790067,0.022792697185650468,0.008876845240592957,709.0
728,refiner_only,0.15155105385929346,0.39215728640556335,2e-06,0.0,0.0,0.0006344188514049165,0.029309533420018852,0.01918238482903689,0.0006490320520242676,0.029271405306644738,0.021626356872729957,0.0006633232260355726,0.029249505256302655,0.019971353351138532,0.0006787548627471551,0.029242912773042917,0.02019841130822897,0.010257802903652191,501.0
729,refiner_only,0.17150410218164325,0.3072350025177002,2e-06,0.0,0.0,0.0005517503323062556,0.03464455815264955,0.011842555220937356,0.0005705019248125609,0.034541979228379205,0.026613180263666436,0.0005869275664736051,0.03446481970604509,0.027717040269635618,0.0006043752691766713,0.03441427633515559,0.011991001170827076,0.01028224267065525,586.0
730,refiner_only,0.10863672429695725,0.28537845611572266,2e-06,0.0,0.0,0.000522944701515371,0.02142699935939163,0.012275187007617205,0.0005399703695729841,0.021309704170562327,0.013686453399714082,0.0005560695062740706,0.021212231134995818,0.01429930585436523,0.0005730025113734882,0.021131324232555926,0.015328662761021405,0.0070914472453296185,698.0
731,refiner_only,0.14963673241436481,0.31867578625679016,2e-06,0.0,0.0,0.0006746670260326937,0.028229943243786693,0.020406459225341678,0.0006879748543724418,0.028102486860007048,0.02081378223374486,0.0007008398752077483,0.027989964932203293,0.02243757771793753,0.0007147471405914985,0.027893494814634323,0.020295866765081882,0.009900801815092564,601.0
732,refiner_only,0.14193817880004644,0.3089381754398346,2e-06,0.0,0.0,0.0006300197419477627,0.02669290080666542,0.016839632065966725,0.0006452896122937091,0.026563840219751,0.019758931128308177,0.000660328623780515,0.026458433363586664,0.01992442656774074,0.0006757305964129046,0.02637197496369481,0.02087922068312764,0.009958826936781406,698.0
733,refiner_only,0.1196686658076942,0.3644217550754547,2e-06,0.0,0.0,0.000580306466872571,0.01996830548159778,0.020893754961434752,0.0005932848798693158,0.019809889956377447,0.021190278115682304,0.0006067714166420046,0.019679733086377382,0.019333750184159726,0.0006208410850376822,0.019585731148254126,0.018248386273626238,0.00955220591276884,601.0
734,refiner_only,0.18386721145361662,0.26617535948753357,2e-06,0.0,0.0,0.0006422569204005413,0.027197686140425503,0.04361420002533123,0.000660564393911045,0.02705725305713713,0.040246713266242296,0.0006770943728042766,0.026940223411656916,0.04104115266818553,0.000694164089509286,0.02684577356558293,0.01970428053755313,0.009149164892733097,485.0
735,refiner_only,0.24857885763049126,0.5694977641105652,2e-06,0.0,0.0,0.0007204110625025351,0.035365366376936436,0.03525583434384316,0.0007361043972196057,0.035238513024523854,0.04165564093273133,0.0007510154900955968,0.035122283501550555,0.05612670234404504,0.0007669403203180991,0.03502201964147389,0.04315963701810688,0.010189438238739967,698.0
736,refiner_only,0.22880254592746496,0.3158397972583771,2e-06,0.0,0.0,0.0006735605384164955,0.039675999782048166,0.043843606603331864,0.0006927398353582248,0.039531619753688574,0.05369881686056033,0.0007094507454894483,0.03940226242411882,0.023012062010820955,0.0007264316518558189,0.0392883614404127,0.03174080210737884,0.009307853877544403,792.0
737,refiner_only,0.18153923889622092,0.5311549305915833,2e-06,0.0,0.0,0.0007127527387638111,0.03301513951737434,0.023189163825009018,0.0007268196241057012,0.03284167614765465,0.034639985009562224,0.0007408840720017906,0.0326954253250733,0.023171225970145315,0.0007559454461443238,0.032573211938142776,0.02339406355167739,0.009235936217010021,545.0
738,refiner_only,0.10475212568417192,0.7415850162506104,2e-06,0.0,0.0,0.0004299050888221245,0.021918668353464454,0.015960097778588533,0.0004517478446359746,0.021871970442589372,0.011391786218155175,0.00047073635141714476,0.021860173845198005,0.013539440522436053,0.0004909289673378225,0.021899369457969442,0.012775972776580602,0.010791618376970291,634.0
739,refiner_only,0.10091676330193877,0.3350302577018738,2e-06,0.0,0.0,0.0005303359830577392,0.018728661234490573,0.014769840840017423,0.0005540311321965419,0.018630758015206084,0.01446171585121192,0.0005742139401263557,0.018567732127849013,0.015032667259220034,0.000593854725593701,0.018535608192905784,0.013966181228170171,0.009270230308175087,557.0
740,refiner_only,0.16876585548743606,0.29832321405410767,2e-06,0.0,0.0,0.0005789365131931845,0.03179220040328801,0.02164512826129794,0.000597074660618091,0.031682609289418906,0.02437600598204881,0.0006133700298960321,0.03160119382664561,0.022975426982156932,0.0006309402924671303,0.03154834947781637,0.024740883032791317,0.010598008520901203,815.0
741,refiner_only,0.14945607725530863,0.23879146575927734,2e-06,0.0,0.0,0.0006344063367578201,0.028491498436778784,0.020751234551426023,0.000651105867291335,0.028372196073178202,0.019491799408569932,0.0006671893861494027,0.028270671260543168,0.021802135393954813,0.0006844592935522087,0.028185372473672032,0.021331146592274308,0.010765694081783295,545.0
742,refiner_only,0.17418489092960954,0.4014415740966797,2e-06,0.0,0.0,0.0006158634532766882,0.027385730820242316,0.01860882935579866,0.0006337646846077405,0.027319154934957623,0.02120123867643997,0.0006490459527412895,0.027285561547614634,0.03485652874223888,0.0006651937801507302,0.027278817200567573,0.0342955804662779,0.010840275324881077,545.0
743,refiner_only,0.15999596286565065,1.0494263172149658,2e-06,0.0,0.0,0.0005754887606599368,0.030697418609634042,0.024946587218437344,0.0005930441584496293,0.03046672570053488,0.02375011530239135,0.0006079814484110102,0.030246962560340762,0.02260359120555222,0.0006235579567146488,0.03003861615434289,0.021065369714051485,0.01073917280882597,593.0
744,refiner_only,0.2008699318394065,0.8051097393035889,2e-06,0.0,0.0,0.0006043693501851521,0.036517226486466825,0.026011854119133204,0.000623578300292138,0.036300576757639647,0.031242035562172532,0.0006397089236997999,0.03610129124717787,0.028407098492607474,0.0006560437213920522,0.03591845009941608,0.030981146439444274,0.012799447402358055,908.0
745,refiner_only,0.15123006515204906,0.4207265377044678,2e-06,0.0,0.0,0.000562645847821841,0.02692018065135926,0.02367282792693004,0.0005766104004578665,0.026874717441387475,0.023982421727851033,0.0005908064958930481,0.02685489843133837,0.02404403855325654,0.0006056578131392598,0.02685960300732404,0.02084131445735693,0.01015873346477747,733.0
746,refiner_only,0.17508025281131268,0.5173542499542236,2e-06,0.0,0.0,0.0006187456965562887,0.0319143570959568,0.025170757377054542,0.0006338273487926926,0.03188317420426756,0.02495676005491987,0.0006484276163973846,0.03187147353310138,0.02586954878643155,0.0006642923763138242,0.0318917854456231,0.02666096354369074,0.01150994561612606,733.0
747,refiner_only,0.23077282030135393,0.24135318398475647,2e-06,0.0,0.0,0.0007152553735068068,0.03750329790636897,0.04456076491624117,0.0007291953443200327,0.03739923215471208,0.02373517188243568,0.000742831478419248,0.03731815819628537,0.04619814222678542,0.0007568993023596704,0.03725938149727881,0.04663380852434784,0.00962316058576107,586.0
748,refiner_only,0.09425814356654882,0.3213156461715698,2e-06,0.0,0.0,0.0004941558472637553,0.014771672780625522,0.016130681207869202,0.0005128832199261524,0.014565825753379613,0.016859200142789632,0.0005293964277370833,0.014405254507437348,0.016118967556394637,0.000546947539987741,0.014299668662715703,0.016420003434177488,0.010169914923608303,564.0
749,refiner_only,0.27083798684179783,0.6705511212348938,2e-06,0.0,0.0,0.0007425599105772562,0.044958029757253826,0.051270443364046514,0.0007587798900203779,0.04479842772707343,0.03710730036254972,0.0007732103222224396,0.04465694376267493,0.061026813462376595,0.0007872571513871662,0.044544301577843726,0.03638495726045221,0.010389291681349277,792.0
750,refiner_only,0.09701192891225219,0.20201162993907928,2e-06,0.0,0.0,0.0004744204106827965,0.01719326665624976,0.014403773791855201,0.0004915109093417414,0.01706297235796228,0.014997394930105656,0.0005072599196864758,0.01696574204834178,0.014547486905939877,0.0005246178407105617,0.016916205204324797,0.014998737198766321,0.011290622875094414,709.0
751,refiner_only,0.11727744434028864,0.22797539830207825,2e-06,0.0,0.0,0.0006255993139347993,0.019050445524044335,0.021104973217006773,0.0006491412423201837,0.018930432619526982,0.018414929538266733,0.0006691105954814702,0.018832562840543687,0.01907693356042728,0.000689066931954585,0.018753305135760456,0.021261960791889578,0.00988710206001997,493.0
752,refiner_only,0.13390226499177516,0.8624226450920105,2e-06,0.0,0.0,0.0005604027392109856,0.022836734366137534,0.02131663146428764,0.0005791026123915799,0.02286707708844915,0.020647827273933217,0.000595724650338525,0.022931335086468607,0.021454097470268607,0.0006123673410911579,0.023021879431325942,0.021192853804677725,0.00956291239708662,733.0
753,refiner_only,0.09133553225547075,0.3035355806350708,2e-06,0.0,0.0,0.0005515649463632144,0.01484373805578798,0.014763947459869087,0.0005710581608582288,0.014725033775903285,0.015005730907432735,0.000588909795624204,0.014644236071035266,0.01373383408645168,0.0006073755939723924,0.014603721094317734,0.016855631954967976,0.009922373108565807,501.0
754,refiner_only,0.16411304520443082,0.44214028120040894,2e-06,0.0,0.0,0.0007145342242438346,0.0308997068204917,0.03217014760593884,0.0007347111968556419,0.03074548626318574,0.02562403047340922,0.0007518226775573567,0.03061969601549208,0.021780663344543427,0.0007686258322792128,0.03051909734494984,0.022568915330339223,0.011818284168839455,792.0
755,refiner_only,0.1240251986309886,0.39434921741485596,2e-06,0.0,0.0,0.0005317399773048237,0.02159980370197445,0.01923259749310091,0.000551976070710225,0.021455843467265368,0.019940139492973685,0.0005705314797523897,0.02133514394517988,0.01891390304081142,0.0005887937040824909,0.021234666579402983,0.01943420246243477,0.010666252113878727,564.0
756,refiner_only,0.19230431085452437,0.24960395693778992,2e-06,0.0,0.0,0.0006258020075620152,0.03442121052648872,0.0151277327677235,0.0006431496585719287,0.0343150335829705,0.029123999818693846,0.0006592337558686268,0.03423957107588649,0.0293385693221353,0.0006758525632903911,0.0341896484605968,0.02911925461376086,0.009706667624413967,495.0
757,refiner_only,0.1609328705817461,0.20802520215511322,2e-06,0.0,0.0,0.0006327756054815836,0.026142572751268744,0.021532086422666907,0.000646264998067636,0.026027857093140483,0.02166810363996774,0.000660177964164177,0.025946582201868296,0.024734065867960453,0.0006753046036465093,0.02589647937566042,0.03467803855892271,0.012407477013766766,564.0
758,refiner_only,0.18972388422116637,0.41082635521888733,2e-06,0.0,0.0,0.0006258916764636524,0.03510698670288548,0.02749719185521826,0.0006439948592742439,0.03508418251294643,0.02548583468887955,0.0006592069985345006,0.035080061468761414,0.027807472622953355,0.0006754068381269462,0.035095804545562714,0.02919191896216944,0.013423796743154526,908.0
759,refiner_only,0.20110446028411388,0.39767247438430786,2e-06,0.0,0.0,0.0007094579777913168,0.03920706384815276,0.027899598702788353,0.0007212619675556198,0.039102324401028454,0.02872038446366787,0.0007338162686210126,0.03901123639661819,0.025477644987404346,0.0007476935934391804,0.03893248923122883,0.027657607570290565,0.010948251001536846,698.0
760,refiner_only,0.11099738674238324,0.1843893826007843,2e-06,0.0,0.0,0.0005341256146493834,0.020198860205709934,0.016912432853132486,0.0005564030725508928,0.020087754353880882,0.015604992106091231,0.0005744048612541519,0.020006122533231974,0.01714741872274317,0.0005926413650740869,0.019952524511609226,0.016475122945848852,0.012154600583016872,750.0
761,refiner_only,0.1823507857043296,0.3243166506290436,2e-06,0.0,0.0,0.0006401218815881293,0.028222121531143785,0.034426465223077685,0.0006626194444834255,0.028132978302892298,0.03527714521624148,0.0006806322526244912,0.02808495209319517,0.035247158899437636,0.000698222760547651,0.028065557533409446,0.02550152235198766,0.009608576074242592,792.0
762,refiner_only,0.12129032239317894,0.34261569380760193,2e-06,0.0,0.0,0.0005121366993989795,0.022554980590939522,0.015081181656569242,0.0005360718059819192,0.02243181923404336,0.016735108685679734,0.0005540180573007092,0.02232216508127749,0.016813842114061117,0.0005725067094317637,0.022224937099963427,0.019099853292573243,0.011838492006063461,750.0
763,refiner_only,0.16054038610309362,0.6125917434692383,2e-06,0.0,0.0,0.0006825454765930772,0.02626965777017176,0.03604206384625286,0.0006976218573981896,0.026272593764588237,0.021937496727332473,0.0007114285981515422,0.02630302542820573,0.02214520308189094,0.0007252220239024609,0.0263490688521415,0.03539872891269624,0.010861493647098541,593.0
764,refiner_only,0.15816281270235777,0.4982348680496216,2e-06,0.0,0.0,0.0006847995828138664,0.029419519240036607,0.023042970802634954,0.0006987998931435868,0.029406621353700757,0.02469407464377582,0.0007124417752493173,0.029419465688988566,0.02109479100909084,0.0007267842447618023,0.029452730086632073,0.021957102697342634,0.011687527410686016,471.0
765,refiner_only,0.11732010962441564,0.4559551775455475,2e-06,0.0,0.0,0.0005224761880526785,0.021050844865385443,0.016989707917673513,0.0005428581062005833,0.02098565554479137,0.017739984585205093,0.000561292989004869,0.020943653595168144,0.018025945668341592,0.0005801171791972592,0.020923603209666908,0.01701699965633452,0.012181151658296585,607.0
766,refiner_only,0.12722423812374473,0.41169723868370056,2e-06,0.0,0.0,0.0004954702035320224,0.02384480112232268,0.019471004576189443,0.000513682076416444,0.02377837258973159,0.017314538883510977,0.0005299740441842005,0.023738243500702083,0.0189034451614134,0.0005471518670674413,0.02373101795092225,0.018167813395848498,0.010939056053757668,593.0
767,refiner_only,0.1420263866893947,0.27458930015563965,2e-06,0.0,0.0,0.0005178371138754301,0.028513407392892987,0.02173112495802343,0.0005368228194129188,0.028409826336428523,0.018304799479665235,0.0005537178330996539,0.02833567460766062,0.01853291006409563,0.000571308995858999,0.028298114833887666,0.018483211722923443,0.009758789092302322,485.0
768,refiner_only,0.08598165912553668,0.27726617455482483,2e-06,0.0,0.0,0.00044553113548317924,0.014873317442834377,0.013446838944219053,0.0004693383270932827,0.014735558070242405,0.014456068980507553,0.0004891727949143387,0.01462757436092943,0.014032522740308195,0.0005100268172100186,0.014552302425727248,0.012109092785976827,0.011050687171518803,454.0
769,refiner_only,0.12893600016832352,0.1519269198179245,2e-06,0.0,0.0,0.000603087439230876,0.024489970062859356,0.01973552064737305,0.0006227927297004499,0.024344267119886354,0.01848638555384241,0.0006401915961760096,0.024240053782705218,0.017970643268199638,0.0006578872780664824,0.024173083598725498,0.017800700064981356,0.010610926896333694,545.0
770,refiner_only,0.12413773685693741,0.5461665391921997,2e-06,0.0,0.0,0.0005846528147230856,0.020028973696753383,0.022171608405187726,0.0005988242264720611,0.01999606436584145,0.020457347156479955,0.0006134415452834219,0.020000595250166953,0.02076805697288364,0.0006285153649514541,0.020041025476530194,0.021033863886259496,0.009788976050913334,698.0
771,refiner_only,0.07992608635686338,0.5415254235267639,2e-06,0.0,0.0,0.000408323523515719,0.013154374959412962,0.01206176175037399,0.00043498749801074155,0.013015761389397085,0.012693593715084717,0.0004564603113976773,0.01293721713591367,0.014188698056386784,0.0004774646877194755,0.012911669677123427,0.01281023191404529,0.00912541151046753,496.0
772,refiner_only,0.1605978300794959,0.5349705815315247,2e-06,0.0,0.0,0.0006205499339557718,0.027853507199324667,0.024668621364980936,0.0006407133441825863,0.027717424789443612,0.02415604784619063,0.0006580128319910727,0.027593255159445107,0.02637810364831239,0.0006761119002476335,0.02748097642324865,0.025297187152318656,0.011262994259595871,502.0
773,refiner_only,0.12758468044921756,0.20457500219345093,2e-06,0.0,0.0,0.0006178307085065171,0.022276459436398,0.028740337787894532,0.0006388252477336209,0.02216947916895151,0.015283209650078788,0.000656641957903048,0.022079428425058722,0.01478258115821518,0.0006749161620973609,0.022027545666787773,0.029272051906445995,0.009045553393661976,496.0
774,refiner_only,0.24451478011906147,0.5955555438995361,2e-06,0.0,0.0,0.0006818426882091444,0.041138250730000436,0.04107626841869205,0.0006956510114832781,0.041161076980642974,0.03400809224694967,0.0007093690983310807,0.04120452585630119,0.04298198514152318,0.0007235360171762295,0.04126691515557468,0.04176362731959671,0.009824112989008427,792.0
775,refiner_only,0.08877740427851677,0.5479859113693237,2e-06,0.0,0.0,0.0005177438943064772,0.015392914530821145,0.014134434051811695,0.0005364750286389608,0.015350697212852538,0.013848878676071763,0.0005541110076592304,0.015340503596235067,0.013709486345760524,0.0005722122441511601,0.015359248500317335,0.013505791430361569,0.010464057326316833,501.0
776,refiner_only,0.15128234215080738,0.9782277941703796,2e-06,0.0,0.0,0.0005854441296833102,0.02887632220517844,0.021818844485096633,0.0006009529606672004,0.028656873502768576,0.022443739930167794,0.000615965105680516,0.028449933975934982,0.020432853954844177,0.0006316435901680961,0.028257734957151115,0.021192644839175045,0.011907437816262245,750.0
777,refiner_only,0.19340120162814856,0.5918281674385071,2e-06,0.0,0.0,0.0006351543197524734,0.03028090752195567,0.024004133068956435,0.0006503415206680074,0.030097550828941166,0.03841811837628484,0.0006648257985943928,0.029941097018308938,0.037810135167092085,0.0006801142808399163,0.029814751469530165,0.02532427222467959,0.011428309604525566,593.0
778,refiner_only,0.14417561166919768,0.2408667504787445,2e-06,0.0,0.0,0.0006415314946934814,0.026821060047950596,0.016475782700581476,0.0006548392666445579,0.026729731675004587,0.020200677012326196,0.0006682926396024413,0.02667025339906104,0.0239011820522137,0.0006830638958490454,0.026642481447197497,0.018025090277660638,0.009253953583538532,557.0
779,refiner_only,0.2031715321354568,0.5497726798057556,2e-06,0.0,0.0,0.0006760785363439936,0.03545117087196559,0.025649569812230766,0.0006909130715939682,0.03528323181672022,0.03461783519014716,0.0007057708353386261,0.035132269375026226,0.03521451647975482,0.0007216690974019002,0.03500061953673139,0.02580470035900362,0.009387653321027756,792.0
780,refiner_only,0.08856362383812666,0.30692824721336365,2e-06,0.0,0.0,0.00047864572843536735,0.015786097152158618,0.014982219494413584,0.0004964164618286304,0.015701066819019616,0.012949189229402691,0.0005127360018377658,0.015646670188289136,0.014495380804874003,0.000529870707396185,0.015620487800333649,0.01261180531582795,0.010298565030097961,553.0
781,refiner_only,0.17750856932252645,0.349417507648468,2e-06,0.0,0.0,0.0007021039564278908,0.028441295842640102,0.0337130717234686,0.0007166668583522551,0.028396295034326613,0.03386071173008531,0.0007299058852368034,0.028370363754220307,0.020332044223323464,0.0007454630322172306,0.028360414085909724,0.03599669935647398,0.01020803488790989,709.0
782,refiner_only,0.177899154368788,0.6637835502624512,2e-06,0.0,0.0,0.0006715177150908858,0.03632311860565096,0.0351761472702492,0.0006835091880930122,0.03613311244407669,0.019056531105889007,0.0006959644888411276,0.03596415452193469,0.030367389495950192,0.0007089956125128083,0.03582166170235723,0.0184678336372599,0.01138029620051384,750.0
783,refiner_only,0.15954851871356368,0.33623480796813965,2e-06,0.0,0.0,0.0005930582556175068,0.02652132249204442,0.02480018330970779,0.0006092121293477248,0.026419371890369803,0.025771024404093623,0.0006226082041393965,0.02633831585990265,0.027064191468525678,0.000637033095699735,0.02627465408295393,0.02581210870994255,0.011194559745490551,750.0
784,refiner_only,0.18192772194743156,0.4011741578578949,2e-06,0.0,0.0,0.0006555188956554048,0.03087045217398554,0.031584229902364314,0.000672937308991095,0.030746562057174742,0.022625550045631826,0.0006891458433528896,0.030647562351077795,0.03263591811992228,0.0007057392213027924,0.030567715177312493,0.032636593212373555,0.009421160444617271,792.0
785,refiner_only,0.18799421470612288,0.29197609424591064,2e-06,0.0,0.0,0.0007036514070932753,0.03074454062152654,0.031149427057243884,0.0007171595098043326,0.03071256761904806,0.031357644009403884,0.0007301039295271039,0.030694327084347606,0.03225442738039419,0.0007437087297148537,0.03068994707427919,0.030094336136244237,0.00948033481836319,733.0
786,refiner_only,0.15100832795724273,0.6366598010063171,2e-06,0.0,0.0,0.0005566640320466831,0.03376381390262395,0.029189784254413098,0.0005711912453989498,0.033749323803931475,0.017543060414027423,0.0005852125323144719,0.03376314038177952,0.015878402715316042,0.0006012682169966865,0.033804046746809036,0.01451268105302006,0.010937991552054882,430.0
787,refiner_only,0.1645652810111642,0.21916967630386353,2e-06,0.0,0.0,0.0006300397908489686,0.02893506025429815,0.021486514946445823,0.0006439442076953128,0.02887946763075888,0.026744266506284475,0.0006579172259080224,0.02884225151501596,0.023852091166190803,0.0006724112936353777,0.0288229197030887,0.025450011482462287,0.01051065232604742,462.0
788,refiner_only,0.1247445810586214,0.3391454219818115,2e-06,0.0,0.0,0.0006235462533368263,0.019672624650411308,0.020442045584786683,0.0006382820829458069,0.019618789665400982,0.021201875060796738,0.0006532683837576769,0.019586372887715697,0.02094106696313247,0.0006687856075586751,0.019578540115617216,0.02185760095017031,0.010088974609971046,698.0
789,refiner_only,0.09129007253795862,0.45823580026626587,2e-06,0.0,0.0,0.00041777422666200437,0.01762254349887371,0.014126640191534534,0.00043752428246079944,0.017435468384064734,0.012459438992664218,0.00045498446706915274,0.01726406067609787,0.012204725411720574,0.00047293923489633016,0.01711796165909618,0.013442972209304571,0.011886081658303738,750.0
790,refiner_only,0.0906883601564914,0.8920212984085083,2e-06,0.0,0.0,0.000495205709739821,0.01485823083203286,0.012889605830423534,0.000514932024088921,0.014830786938546225,0.01655981910880655,0.000532326699612895,0.014844047313090414,0.015773662220453843,0.0005510629489435814,0.014896279899403453,0.012185443309135735,0.009946047328412533,521.0
791,refiner_only,0.13207548204809427,0.3327670395374298,2e-06,0.0,0.0,0.0005943202668277081,0.02372099505737424,0.022090971586294472,0.0006099403108237311,0.02367175812833011,0.019448051461949944,0.0006252268904063385,0.023643794236704707,0.021045746514573693,0.0006409215056919493,0.023636801401153207,0.018753242795355618,0.009532058611512184,499.0
792,refiner_only,0.1340058883652091,0.5965391397476196,2e-06,0.0,0.0,0.0006196531030582264,0.020606980775482953,0.0227020385209471,0.0006318301348073874,0.020633939770050347,0.02406790154054761,0.0006438838172471151,0.020677418098784983,0.0233399816788733,0.0006568194658029824,0.02073696826118976,0.022617148235440254,0.008062200620770454,709.0
793,refiner_only,0.14195422804914415,0.6169607639312744,2e-06,0.0,0.0,0.000530516133949277,0.02927831787383184,0.016471630602609366,0.0005506427551154047,0.029069647687720135,0.01745483561535366,0.0005684883071808144,0.028880595113150775,0.018074703635647893,0.0005864560444024391,0.02871452327235602,0.018054334534099326,0.011123926378786564,750.0
794,refiner_only,0.2073960481211543,0.47871604561805725,2e-06,0.0,0.0,0.0006726414503646083,0.038145165890455246,0.04122898366767913,0.0006834336891188286,0.0381385856308043,0.024424376082606614,0.0006944157867110334,0.03815172740723938,0.02686747838743031,0.000706234568497166,0.038184680277481675,0.039545119972899556,0.011833068914711475,593.0
795,refiner_only,0.11225863359868526,0.18457864224910736,2e-06,0.0,0.0,0.0005393238898250274,0.018729627947323024,0.016946402785833925,0.0005563288650591858,0.018592870677821338,0.018012817949056625,0.0005724370130337775,0.018496048636734486,0.016301326802931726,0.0005887972583877854,0.0184394660172984,0.020698539854492992,0.011186703108251095,698.0
796,refiner_only,0.07932378817349672,0.48684823513031006,2e-06,0.0,0.0,0.00043023576654377393,0.01442852255422622,0.01192784501472488,0.0004473263179534115,0.01423283404437825,0.012603680544998497,0.0004632134696294088,0.014062217494938523,0.010434602329041809,0.0004799020316568203,0.01392922323429957,0.012670788739342242,0.009064415469765663,698.0
797,refiner_only,0.10825829789973795,0.4329397678375244,2e-06,0.0,0.0,0.0005181419946893584,0.022574874630663544,0.013030623114900663,0.0005360085269785486,0.022396409884095192,0.01388855345430784,0.0005526405366254039,0.02224401122657582,0.01332190865650773,0.0005696260195691139,0.022116800886578858,0.012632339377887547,0.01121220737695694,586.0
798,refiner_only,0.11955773737281561,0.2296285629272461,2e-06,0.0,0.0,0.0005812187591800466,0.020674931001849473,0.017201179172843695,0.0005980134083074518,0.020596166257746518,0.02007639908697456,0.0006129832399892621,0.02053624263498932,0.01871858781669289,0.0006289550146902911,0.02049523184541613,0.017295157071202993,0.009862502105534077,698.0
799,refiner_only,0.10556261148303747,0.29551777243614197,2e-06,0.0,0.0,0.0006037234834366245,0.017193870153278112,0.015495876607019454,0.0006192775472300127,0.017105054575949907,0.01821043126983568,0.0006342737979139201,0.017046089633367956,0.016417183447629213,0.0006494606896012556,0.017014019191265106,0.017866819631308317,0.011710288934409618,496.0
800,refiner_only,0.22072343528270721,0.47954079508781433,2e-06,0.0,0.0,0.0006950778770260513,0.039977024076506495,0.03157924464903772,0.0007105664190021344,0.0398527440847829,0.03500628157053143,0.0007252167633851059,0.03975248464848846,0.032593922689557076,0.0007402898190775886,0.039665195043198764,0.03167673561256379,0.009824324399232864,792.0
