id,split,scene,frame,k0_point_rel,k0_depth_rel,k0_depth_delta_1.01,k0_depth_delta_1.25,k0_boundary_f1,k1_point_rel,k1_depth_rel,k1_depth_delta_1.01,k1_depth_delta_1.25,k1_boundary_f1,k3_point_rel,k3_depth_rel,k3_depth_delta_1.01,k3_depth_delta_1.25,k3_boundary_f1,k5_point_rel,k5_depth_rel,k5_depth_delta_1.01,k5_depth_delta_1.25,k5_boundary_f1
ai_001_001_cam_00_frame.0000,train,ai_001_001,0,0.019033344462513924,0.01733360067009926,0.5545603632926941,0.9998931884765625,0.8451493382453918,0.013323545455932617,0.012206564657390118,0.60858154296875,0.9997202754020691,0.8429970145225525,0.008804259821772575,0.007719126995652914,0.7741546630859375,0.9995778799057007,0.8345346450805664,0.011761460453271866,0.010029943659901619,0.6749979853630066,0.9993438720703125,0.8201319575309753
ai_001_001_cam_00_frame.0006,train,ai_001_001,6,0.022681696340441704,0.018773343414068222,0.4241587519645691,0.9996083974838257,0.8874740600585938,0.018623702228069305,0.015149313025176525,0.4494171142578125,0.9996134638786316,0.8782128691673279,0.01962369680404663,0.01649167388677597,0.3418935239315033,0.9995626211166382,0.8254826664924622,0.02318727783858776,0.019914399832487106,0.2753702998161316,0.9995778799057007,0.7716667056083679
ai_001_001_cam_00_frame.0013,train,ai_001_001,13,0.010531919077038765,0.009407821111381054,0.69219970703125,0.9989980459213257,0.856866180896759,0.00878554955124855,0.00781362783163786,0.7560374140739441,0.999053955078125,0.859921395778656,0.00975483376532793,0.00866011157631874,0.6899668574333191,0.9989980459213257,0.849129319190979,0.011790226213634014,0.010494180023670197,0.6083018183708191,0.9989471435546875,0.8356442451477051
ai_001_001_cam_00_frame.0019,train,ai_001_001,19,0.01250222697854042,0.011619525030255318,0.6942495107650757,0.9992574453353882,0.8980407118797302,0.010365216992795467,0.009573047049343586,0.7487030029296875,0.9994252920150757,0.9112929105758667,0.008776734583079815,0.007957716472446918,0.83392333984375,0.9995473623275757,0.9188255071640015,0.008047587238252163,0.006913299672305584,0.8693135976791382,0.9994913935661316,0.9187250733375549
ai_001_001_cam_00_frame.0026,train,ai_001_001,26,0.013128489255905151,0.011580700986087322,0.6790924072265625,0.9925944209098816,0.899315595626831,0.011163007467985153,0.010001908987760544,0.6976115107536316,0.9996592402458191,0.886154055595398,0.012200288474559784,0.011149303987622261,0.5648397207260132,0.9995219111442566,0.8767489194869995,0.013704635202884674,0.012572359293699265,0.5181376338005066,0.9995321035385132,0.8725302219390869
ai_001_001_cam_00_frame.0032,train,ai_001_001,32,0.043592147529125214,0.03140924498438835,0.2020518034696579,0.9853414297103882,0.9159255623817444,0.03479231148958206,0.02416819892823696,0.264007568359375,0.9921926259994507,0.9321033954620361,0.030995652079582214,0.020261898636817932,0.408355712890625,0.9927419424057007,0.9377471804618835,0.03190561383962631,0.021351275965571404,0.3992106318473816,0.9927927851676941,0.929803192615509
ai_001_001_cam_00_frame.0040,train,ai_001_001,40,0.024814099073410034,0.020638488233089447,0.4336954951286316,0.9977671504020691,0.7952151298522949,0.02389627695083618,0.019273042678833008,0.4154103696346283,0.9977620840072632,0.8591785430908203,0.02339756488800049,0.017678070813417435,0.4156951904296875,0.9977569580078125,0.8794838786125183,0.02361489087343216,0.016999386250972748,0.4070689082145691,0.9977824091911316,0.885963499546051
ai_001_001_cam_00_frame.0046,train,ai_001_001,46,0.01680442877113819,0.013806235045194626,0.6461029052734375,0.9971262812614441,0.8222308158874512,0.01277391891926527,0.010339511558413506,0.6987203359603882,0.9976857900619507,0.8755372166633606,0.011947027407586575,0.00989943090826273,0.7019399404525757,0.9974924921989441,0.8914682865142822,0.013416565023362637,0.011478008702397346,0.6699473261833191,0.9972127676010132,0.8912447690963745
ai_001_001_cam_00_frame.0053,train,ai_001_001,53,0.00888412818312645,0.007884174585342407,0.7574310302734375,0.9993947744369507,0.9059992432594299,0.007332335226237774,0.006357088685035706,0.7815297842025757,0.999237060546875,0.9101304411888123,0.00666026771068573,0.005657527595758438,0.8296356201171875,0.9991862177848816,0.8955669403076172,0.007066703867167234,0.005766546353697777,0.8484751582145691,0.9991607666015625,0.8666691780090332
ai_001_001_cam_00_frame.0059,train,ai_001_001,59,0.015483522787690163,0.01252042781561613,0.583709716796875,0.9997609853744507,0.7671406269073486,0.012545624747872353,0.00971989519894123,0.6799062490463257,0.9997915029525757,0.7810701131820679,0.011664420366287231,0.008101976476609707,0.6753743886947632,0.9998830556869507,0.7906906008720398,0.014453738927841187,0.010007941164076328,0.643524169921875,0.9998983144760132,0.7804697155952454
ai_001_001_cam_00_frame.0067,train,ai_001_001,67,0.010961605235934258,0.009847636334598064,0.6380056142807007,1.0,0.8628117442131042,0.009845484048128128,0.008787852711975574,0.7126617431640625,1.0,0.8424926996231079,0.010143477469682693,0.009035633876919746,0.6272837519645691,0.9999593496322632,0.8158402442932129,0.012199848890304565,0.010979327373206615,0.5372365713119507,0.9999542236328125,0.7809157967567444
ai_001_001_cam_00_frame.0073,train,ai_001_001,73,0.020545732229948044,0.019696304574608803,0.3399607539176941,0.9995473623275757,0.843585193157196,0.01636601611971855,0.0157301165163517,0.4233245849609375,0.9995269775390625,0.8030298352241516,0.012587063014507294,0.011373352259397507,0.6837107539176941,0.999420166015625,0.774372398853302,0.012150153517723083,0.010318906046450138,0.7066854238510132,0.9994049072265625,0.73161381483078
ai_001_001_cam_00_frame.0080,train,ai_001_001,80,0.006878545042127371,0.005801163613796234,0.8506927490234375,0.9992879629135132,0.9047551155090332,0.005067211575806141,0.00394079415127635,0.9330190420150757,0.9990946650505066,0.9050395488739014,0.005761456675827503,0.00439031794667244,0.9337667226791382,0.9990081787109375,0.9067147374153137,0.00824450608342886,0.0068799760192632675,0.8033193349838257,0.9989980459213257,0.8980476260185242
ai_001_001_cam_00_frame.0086,train,ai_001_001,86,0.009127134457230568,0.008047282695770264,0.88525390625,0.9989420771598816,0.8047142028808594,0.00782695785164833,0.006844175513833761,0.9136810302734375,0.9992319941520691,0.8404855132102966,0.008929151110351086,0.007808101363480091,0.8264364004135132,0.9990641474723816,0.8780929446220398,0.010809732601046562,0.009527519345283508,0.6991323232650757,0.9990133047103882,0.9019263982772827
ai_001_001_cam_00_frame.0093,train,ai_001_001,93,0.012035000137984753,0.010780148208141327,0.5559896230697632,0.9997915029525757,0.8334853649139404,0.010415236465632915,0.009272899478673935,0.6118978261947632,0.9998372793197632,0.8282034397125244,0.009966455399990082,0.008694601245224476,0.6513316035270691,0.99981689453125,0.8280158638954163,0.010279906913638115,0.008841295726597309,0.6563059687614441,0.9997965693473816,0.8107357025146484
ai_001_001_cam_00_frame.0099,train,ai_001_001,99,0.02054808847606182,0.013925053179264069,0.7536367177963257,0.9960429072380066,0.9147796630859375,0.017047880217432976,0.009813191369175911,0.8482259511947632,0.996826171875,0.9299644827842712,0.017396239563822746,0.00909575168043375,0.8632558584213257,0.996917724609375,0.9214537143707275,0.01949623040854931,0.010627193376421928,0.83575439453125,0.9939982295036316,0.923149824142456
ai_003_001_cam_00_frame.0000,train,ai_003_001,0,0.18639355897903442,0.16978880763053894,0.0357666015625,0.67822265625,1.0,0.18813930451869965,0.17133250832557678,0.0360361747443676,0.6725108027458191,1.0,0.18912598490715027,0.17229001224040985,0.0351918563246727,0.669891357421875,1.0,0.19080621004104614,0.17371372878551483,0.03399658203125,0.6648101806640625,1.0
ai_003_001_cam_00_frame.0007,train,ai_003_001,7,0.689443051815033,0.6247484683990479,0.012552897445857525,0.2216644287109375,0.0,0.7028059959411621,0.6370351910591125,0.01202392578125,0.2290700376033783,0.0,0.7056740522384644,0.6395382881164551,0.0119781494140625,0.229522705078125,0.0,0.7089246511459351,0.6422469615936279,0.0120086669921875,0.2296040952205658,0.0
ai_003_001_cam_00_frame.0013,train,ai_003_001,13,0.45032331347465515,0.42331790924072266,0.014826457016170025,0.3052317500114441,0.0,0.45016950368881226,0.4231318235397339,0.014841715805232525,0.3051707148551941,0.0,0.4501746594905853,0.42306947708129883,0.0149993896484375,0.3050588071346283,0.0,0.44965463876724243,0.42254123091697693,0.0152130126953125,0.3045298457145691,0.0
ai_003_001_cam_00_frame.0020,train,ai_003_001,20,0.12611860036849976,0.1128983348608017,0.0539093017578125,0.862335205078125,1.0,0.12430264055728912,0.11108404397964478,0.0535786971449852,0.8666433095932007,1.0,0.12386667728424072,0.11059239506721497,0.0533905029296875,0.8629557490348816,1.0,0.12310020625591278,0.10991638153791428,0.0532430037856102,0.8639017939567566,1.0
ai_003_001_cam_00_frame.0026,train,ai_003_001,26,0.3901267647743225,0.35621342062950134,0.015619914047420025,0.3463033139705658,0.0,0.3883976340293884,0.3545662760734558,0.0160013847053051,0.3486887812614441,0.0,0.38700318336486816,0.3532024323940277,0.0160675048828125,0.3502451777458191,0.0,0.38462597131729126,0.35078486800193787,0.0168101005256176,0.3558705747127533,0.0
ai_003_001_cam_00_frame.0033,train,ai_003_001,33,0.44542521238327026,0.41838788986206055,0.014689127914607525,0.3099009394645691,0.0,0.44524461030960083,0.41793298721313477,0.014612833969295025,0.310699462890625,0.0,0.44441306591033936,0.41724538803100586,0.0149078369140625,0.3117268979549408,0.0,0.4438576102256775,0.41652393341064453,0.01491292379796505,0.3137766718864441,0.0
ai_003_001_cam_00_frame.0040,train,ai_003_001,40,0.5100911259651184,0.4723002314567566,0.00955708883702755,0.2183888852596283,0.0,0.5082502961158752,0.4707188606262207,0.00972493551671505,0.2212931364774704,0.0,0.505759060382843,0.4684809446334839,0.00974019430577755,0.2242584228515625,0.0,0.5030587911605835,0.4659152030944824,0.00978597067296505,0.2254791259765625,0.0
ai_003_001_cam_00_frame.0046,train,ai_003_001,46,0.5501477122306824,0.5017615556716919,0.01283772848546505,0.246551513671875,0.0,0.5474544167518616,0.4999236762523651,0.012751261703670025,0.2461954802274704,0.0,0.5388378500938416,0.49282383918762207,0.013193766586482525,0.240936279296875,0.0,0.5356006622314453,0.4907607436180115,0.0128631591796875,0.2432047575712204,0.0
ai_003_001_cam_00_frame.0053,train,ai_003_001,53,0.42853987216949463,0.40401625633239746,0.01453145407140255,0.3273366391658783,0.0,0.42740345001220703,0.40315061807632446,0.014689127914607525,0.3304392695426941,0.0,0.4263676106929779,0.4019716680049896,0.0146484375,0.3283335566520691,0.0,0.42439842224121094,0.40015745162963867,0.01491292379796505,0.3305816650390625,0.0
ai_003_001_cam_00_frame.0059,train,ai_003_001,59,0.4514123797416687,0.42412060499191284,0.014582316391170025,0.3001302182674408,0.0,0.4514090418815613,0.42404723167419434,0.014780680648982525,0.3002116084098816,0.0,0.45174169540405273,0.4241623282432556,0.01476033590734005,0.3003438413143158,0.0,0.451286643743515,0.4238133430480957,0.01501973532140255,0.297271728515625,0.0
ai_003_001_cam_00_frame.0066,train,ai_003_001,66,0.5681824088096619,0.5274473428726196,0.00830078125,0.1858367919921875,0.0,0.5662614703178406,0.5258834362030029,0.00853474996984005,0.1884206235408783,0.0,0.5640309453010559,0.5238829851150513,0.008616129867732525,0.1920674741268158,0.0,0.5613847970962524,0.5215034484863281,0.00877889059484005,0.1957601010799408,0.0
ai_003_001_cam_00_frame.0073,train,ai_003_001,73,0.41571831703186035,0.3889385163784027,0.01425679586827755,0.3193410336971283,0.0,0.41574549674987793,0.38880443572998047,0.014185587875545025,0.319305419921875,0.0,0.41575905680656433,0.38879871368408203,0.01442464254796505,0.32012939453125,0.0,0.41533324122428894,0.38845640420913696,0.01427205465734005,0.3223368525505066,0.0
ai_003_001_cam_00_frame.0079,train,ai_003_001,79,0.42702600359916687,0.39870867133140564,0.0135345458984375,0.2999471127986908,0.0,0.4270099103450775,0.3986020088195801,0.01378377340734005,0.2994740903377533,0.0,0.427068293094635,0.3986257016658783,0.0137176513671875,0.2997640073299408,0.0,0.42689797282218933,0.3984581232070923,0.0139617919921875,0.3008677363395691,0.0
ai_003_001_cam_00_frame.0086,train,ai_003_001,86,0.6520627737045288,0.6070306897163391,0.00653076171875,0.1491343230009079,0.0,0.650662899017334,0.6058053374290466,0.006586710922420025,0.1505126953125,0.0,0.6488345265388489,0.6041925549507141,0.0066579184494912624,0.1520233154296875,0.0,0.6467673182487488,0.6023257374763489,0.0066731772385537624,0.1539713591337204,0.0
ai_003_001_cam_00_frame.0092,train,ai_003_001,92,0.4396686255931854,0.41375571489334106,0.0145416259765625,0.307647705078125,0.0,0.4393730163574219,0.41344019770622253,0.01451619528234005,0.3076273798942566,0.0,0.43927711248397827,0.41327160596847534,0.014506022445857525,0.3078410029411316,0.0,0.4387451410293579,0.412790983915329,0.014872233383357525,0.3087412714958191,0.0
ai_003_001_cam_00_frame.0099,train,ai_003_001,99,0.4260460138320923,0.3896028995513916,0.013727824203670025,0.3030242919921875,1.0,0.42742833495140076,0.39072248339653015,0.013682047836482525,0.3014984130859375,1.0,0.42770442366600037,0.3908873498439789,0.01346333883702755,0.3011016845703125,1.0,0.4275144338607788,0.39084869623184204,0.01350911520421505,0.300018310546875,1.0
ai_005_001_cam_00_frame.0000,train,ai_005_001,0,0.03677964210510254,0.032300807535648346,0.3370697498321533,0.982038676738739,0.8838261365890503,0.030249005183577538,0.02588690258562565,0.46527332067489624,0.9842109680175781,0.8973904252052307,0.029248259961605072,0.02464819885790348,0.5054845213890076,0.9851003885269165,0.8941040635108948,0.03252818062901497,0.02739887870848179,0.3830568194389343,0.9848294854164124,0.8868322968482971
ai_005_001_cam_00_frame.0007,train,ai_005_001,7,0.044277776032686234,0.038808222860097885,0.24020496010780334,0.984637439250946,0.8711099028587341,0.036149583756923676,0.030539069324731827,0.33077117800712585,0.9859851002693176,0.8840869069099426,0.03424648195505142,0.02785823680460453,0.32378169894218445,0.9859799742698669,0.8870224952697754,0.03663172200322151,0.029130758717656136,0.37626439332962036,0.984637439250946,0.8820006847381592
ai_005_001_cam_00_frame.0013,train,ai_005_001,13,0.05407322198152542,0.049725525081157684,0.16550667583942413,0.9846644401550293,0.8205577731132507,0.04222245141863823,0.038371674716472626,0.22955721616744995,0.9862851500511169,0.8375260829925537,0.03748971223831177,0.0334407277405262,0.3220991790294647,0.9868801236152649,0.8430366516113281,0.03746718913316727,0.032653920352458954,0.3197501301765442,0.9869057536125183,0.8356276750564575
ai_005_001_cam_00_frame.0020,train,ai_005_001,20,0.03835096210241318,0.029332950711250305,0.39385437965393066,0.9893631339073181,0.8495364189147949,0.029132314026355743,0.022925984114408493,0.42863649129867554,0.990566074848175,0.8582462668418884,0.024144453927874565,0.020799268037080765,0.5198531746864319,0.9908322691917419,0.8512612581253052,0.022848645225167274,0.02087465114891529,0.5313602089881897,0.9899569153785706,0.843066930770874
ai_005_001_cam_00_frame.0026,train,ai_005_001,26,0.03680671378970146,0.034022293984889984,0.333963543176651,0.9749907851219177,0.8401290774345398,0.02804846130311489,0.025780415162444115,0.49075669050216675,0.9833118319511414,0.845333456993103,0.02377699688076973,0.021096577867865562,0.596793532371521,0.9849975109100342,0.837832510471344,0.02611423470079899,0.022419730201363564,0.5896970629692078,0.9844800233840942,0.8308617472648621
ai_005_001_cam_00_frame.0033,train,ai_005_001,33,0.03591657057404518,0.030719490721821785,0.31891587376594543,0.9872085452079773,0.828659176826477,0.02583954855799675,0.02263050153851509,0.43897831439971924,0.9896757006645203,0.8346779942512512,0.02258855476975441,0.020316798239946365,0.5699587464332581,0.9903462529182434,0.8319457769393921,0.02463158592581749,0.022406985983252525,0.4775010645389557,0.9895221590995789,0.8132157921791077
ai_005_001_cam_00_frame.0040,train,ai_005_001,40,0.033908117562532425,0.03040386736392975,0.26189282536506653,0.9853087067604065,0.8452280759811401,0.02595166675746441,0.02213350310921669,0.39897894859313965,0.9884220957756042,0.838135302066803,0.02503339760005474,0.019479218870401382,0.5182552933692932,0.9892670512199402,0.8317601084709167,0.030189571902155876,0.02337619476020336,0.3832123279571533,0.987269937992096,0.8097021579742432
ai_005_001_cam_00_frame.0046,train,ai_005_001,46,0.043432243168354034,0.03689465671777725,0.270367294549942,0.9837746024131775,0.7986451983451843,0.03450798988342285,0.028043339028954506,0.3551919162273407,0.9860166311264038,0.8038129210472107,0.030351590365171432,0.023246241733431816,0.5234724283218384,0.9863230586051941,0.7816956639289856,0.031092990189790726,0.023714881390333176,0.5351576209068298,0.9861647486686707,0.7763976454734802
ai_005_001_cam_00_frame.0053,train,ai_005_001,53,0.039096757769584656,0.036134157329797745,0.25181281566619873,0.9819025993347168,0.8248224258422852,0.031220171600580215,0.028197230771183968,0.41049593687057495,0.9838229417800903,0.8293392062187195,0.029396694153547287,0.024990135803818703,0.5092126131057739,0.9854667782783508,0.817313015460968,0.03243391215801239,0.026498805731534958,0.4352916181087494,0.9844272136688232,0.7997475266456604
ai_005_001_cam_00_frame.0059,train,ai_005_001,59,0.04013471677899361,0.0360647514462471,0.28825461864471436,0.9759382009506226,0.84208744764328,0.03131059557199478,0.027631811797618866,0.37906819581985474,0.9822484254837036,0.8598006963729858,0.028813987970352173,0.02395639568567276,0.5128587484359741,0.98499596118927,0.8608071804046631,0.03170057013630867,0.025980738922953606,0.41012707352638245,0.9843244552612305,0.856646716594696
ai_005_001_cam_00_frame.0066,train,ai_005_001,66,0.050238706171512604,0.028932372108101845,0.37594619393348694,0.9893913269042969,0.8514801263809204,0.03886185958981514,0.0220034159719944,0.4493567943572998,0.9905672073364258,0.8294487595558167,0.03238407522439957,0.021893825381994247,0.42117559909820557,0.9909439086914062,0.8037054538726807,0.03180121257901192,0.02364625409245491,0.4094724655151367,0.9910100698471069,0.788209080696106
ai_005_001_cam_00_frame.0073,train,ai_005_001,73,0.026293259114027023,0.02329995110630989,0.3981051445007324,0.987611711025238,0.7827425003051758,0.019204704090952873,0.016229262575507164,0.6871482133865356,0.9890661239624023,0.7797418832778931,0.019358189776539803,0.01565171405673027,0.7097380757331848,0.9897370338439941,0.7767592668533325,0.02322784624993801,0.018586192280054092,0.5846004486083984,0.9891173839569092,0.7731454968452454
ai_005_001_cam_00_frame.0079,train,ai_005_001,79,0.04333189129829407,0.03229226544499397,0.3046681582927704,0.9897776246070862,0.8238998055458069,0.030873460695147514,0.022587504237890244,0.38678380846977234,0.9907667636871338,0.7960901260375977,0.025292620062828064,0.018695183098316193,0.5383098125457764,0.9915111064910889,0.7525011301040649,0.029390795156359673,0.023645801469683647,0.3616076707839966,0.9916284084320068,0.7368817925453186
ai_005_001_cam_00_frame.0086,train,ai_005_001,86,0.03824911266565323,0.0348493754863739,0.26883208751678467,0.9877805709838867,0.8422671556472778,0.030644075945019722,0.027980705723166466,0.3365965783596039,0.9888094663619995,0.8371716141700745,0.02820609323680401,0.025543540716171265,0.33124837279319763,0.9897772073745728,0.7957639694213867,0.029255066066980362,0.025983067229390144,0.3097383379936218,0.9901643395423889,0.7716399431228638
ai_005_001_cam_00_frame.0092,train,ai_005_001,92,0.02964877150952816,0.02693074196577072,0.4142201840877533,0.9865926504135132,0.8377345204353333,0.02225310727953911,0.020204752683639526,0.4914296567440033,0.988006591796875,0.8217622637748718,0.021306078881025314,0.019589412957429886,0.445098876953125,0.9889272451400757,0.7783118486404419,0.026228567585349083,0.024060912430286407,0.3331298828125,0.98931884765625,0.7597782611846924
ai_005_001_cam_00_frame.0099,train,ai_005_001,99,0.030177561566233635,0.027134757488965988,0.4485117793083191,0.9919891357421875,0.8895816206932068,0.021896492689847946,0.019486209377646446,0.5476633906364441,0.9934285879135132,0.8741846680641174,0.016652705147862434,0.014144247397780418,0.5975087881088257,0.9941915273666382,0.8314733505249023,0.01810976304113865,0.01480543240904808,0.5238596796989441,0.9941660761833191,0.7936983704566956
ai_007_001_cam_00_frame.0000,train,ai_007_001,0,0.018405599519610405,0.016870327293872833,0.4466145932674408,0.9948984980583191,0.9249202013015747,0.015021106228232384,0.013378337025642395,0.5367380976676941,0.9950663447380066,0.9284986853599548,0.016532471403479576,0.013747919350862503,0.5368245840072632,0.9949747920036316,0.9184733033180237,0.020840367302298546,0.017261425033211708,0.4541270136833191,0.9949900507926941,0.905785083770752
ai_007_001_cam_00_frame.0007,train,ai_007_001,7,0.024130044505000114,0.02126811258494854,0.4840850830078125,0.9921773672103882,0.8543765544891357,0.018740277737379074,0.016369499266147614,0.6296895742416382,0.9924876093864441,0.8655223846435547,0.01750154234468937,0.014324030838906765,0.7047780752182007,0.9925384521484375,0.8824465870857239,0.020434556528925896,0.01586272567510605,0.6237996816635132,0.9924825429916382,0.8721604347229004
ai_007_001_cam_00_frame.0013,train,ai_007_001,13,0.028278764337301254,0.02299210987985134,0.3162740170955658,0.9960988759994507,0.8854076862335205,0.020811349153518677,0.01632288098335266,0.3889923095703125,0.9964498281478882,0.8946812152862549,0.01694100722670555,0.013506019487977028,0.5297698974609375,0.9965769648551941,0.8902628421783447,0.017644954845309258,0.014825945720076561,0.5528768301010132,0.9964141845703125,0.8704738616943359
ai_007_001_cam_00_frame.0020,train,ai_007_001,20,0.011823523789644241,0.010244548320770264,0.707977294921875,0.9958140254020691,0.9049619436264038,0.010386122390627861,0.008718814700841904,0.713714599609375,0.9978790283203125,0.9000638127326965,0.013783182017505169,0.011947850696742535,0.5423431396484375,0.9977061152458191,0.8928309679031372,0.018967099487781525,0.016437415033578873,0.3566996455192566,0.9976755976676941,0.8709816932678223
ai_007_001_cam_00_frame.0026,train,ai_007_001,26,0.015529698692262173,0.012332409620285034,0.6160125732421875,0.994293212890625,0.8799653053283691,0.011371618136763573,0.009950820356607437,0.7263540029525757,0.9945526123046875,0.8935010433197021,0.008948605507612228,0.008115919306874275,0.8104604482650757,0.9962870478630066,0.8802472352981567,0.01203235238790512,0.010587471537292004,0.6106466054916382,0.9951223134994507,0.8676445484161377
ai_007_001_cam_00_frame.0033,train,ai_007_001,33,0.014823295176029205,0.011782009154558182,0.7365519404411316,0.9955088496208191,0.8673743605613708,0.012427568435668945,0.010103892534971237,0.7771810293197632,0.9957174062728882,0.8782395124435425,0.014378257095813751,0.0126914381980896,0.5213775634765625,0.9958852529525757,0.8753954172134399,0.018750693649053574,0.016600005328655243,0.366363525390625,0.9959360957145691,0.8621438145637512
ai_007_001_cam_00_frame.0040,train,ai_007_001,40,0.030307158827781677,0.02458404377102852,0.3213755488395691,0.9985097646713257,0.7996554970741272,0.022094856947660446,0.017419349402189255,0.4038594663143158,0.9986572265625,0.8280255794525146,0.01965826004743576,0.015536695718765259,0.4830068051815033,0.9986521601676941,0.8408302664756775,0.02079067751765251,0.01677614077925682,0.4559529721736908,0.998504638671875,0.8272953629493713
ai_007_001_cam_00_frame.0046,train,ai_007_001,46,0.016578707844018936,0.012690926901996136,0.5333048701286316,0.9984283447265625,0.8649441003799438,0.011257853358983994,0.008565256372094154,0.7227783203125,0.9985707998275757,0.8721312284469604,0.009338952600955963,0.007923472672700882,0.7926025390625,0.9987081289291382,0.862945020198822,0.012657120823860168,0.01132652722299099,0.5830637812614441,0.9986724853515625,0.8397049307823181
ai_007_001_cam_00_frame.0053,train,ai_007_001,53,0.024759968742728233,0.021078355610370636,0.3428802490234375,0.9966888427734375,0.8767997622489929,0.02039691060781479,0.01690930873155594,0.3864237666130066,0.9969889521598816,0.8653560280799866,0.021682459861040115,0.01872110180556774,0.276580810546875,0.9970245361328125,0.8373848795890808,0.02409026026725769,0.020711787045001984,0.2232462614774704,0.9969431757926941,0.7720186114311218
ai_007_001_cam_00_frame.0059,train,ai_007_001,59,0.030035432428121567,0.024497967213392258,0.5174204707145691,0.9966176748275757,0.9349787831306458,0.022920776158571243,0.018371157348155975,0.5472564697265625,0.9967193603515625,0.9273118376731873,0.018725277855992317,0.015150762163102627,0.5638326406478882,0.9967244863510132,0.8872215151786804,0.0166360791772604,0.014193505048751831,0.5524546504020691,0.9967397451400757,0.8211052417755127
ai_007_001_cam_00_frame.0066,train,ai_007_001,66,0.02739810012280941,0.020919382572174072,0.359527587890625,0.9905650019645691,0.8897224068641663,0.021232038736343384,0.01582121104001999,0.4298858642578125,0.9936370849609375,0.8979177474975586,0.017283281311392784,0.01308303140103817,0.5391947627067566,0.99798583984375,0.9048253893852234,0.019222889095544815,0.016308672726154327,0.3987376093864441,0.997772216796875,0.8975358605384827
ai_007_001_cam_00_frame.0073,train,ai_007_001,73,0.011570315808057785,0.01050560362637043,0.6725870966911316,0.9979909658432007,0.8428311347961426,0.008377928286790848,0.00763872591778636,0.824005126953125,0.9982554316520691,0.8479582071304321,0.00951059814542532,0.008847747929394245,0.7577413320541382,0.9982554316520691,0.8354395627975464,0.012357975356280804,0.01137461792677641,0.625396728515625,0.9982656240463257,0.8067435622215271
ai_007_001_cam_00_frame.0079,train,ai_007_001,79,0.04220116138458252,0.031158266589045525,0.2591451108455658,0.9957784414291382,0.8648223876953125,0.032252050936222076,0.025163358077406883,0.4167684018611908,0.9963480830192566,0.8751745820045471,0.031400974839925766,0.026818741112947464,0.3858540952205658,0.9963531494140625,0.8688377141952515,0.04273546487092972,0.0338871143758297,0.198089599609375,0.9963582754135132,0.8294267058372498
ai_007_001_cam_00_frame.0086,train,ai_007_001,86,0.08385078608989716,0.05429396033287048,0.1915639340877533,0.9542388916015625,0.8156050443649292,0.07130666077136993,0.04469284415245056,0.2643941342830658,0.9625040888786316,0.8400132656097412,0.05710659548640251,0.03473615273833275,0.3387044370174408,0.9881337881088257,0.8119800090789795,0.04480719193816185,0.028041144832968712,0.3303680419921875,0.9915568232536316,0.7498617172241211
ai_007_001_cam_00_frame.0092,train,ai_007_001,92,0.012989923357963562,0.010830093175172806,0.5194498896598816,0.9999186396598816,0.9592223763465881,0.010618872940540314,0.00787700992077589,0.6987050771713257,0.9999186396598816,0.9621748924255371,0.009132027626037598,0.004893269389867783,0.9225362539291382,0.9999186396598816,0.9615640640258789,0.010943509638309479,0.005357780493795872,0.8806406855583191,0.9999186396598816,0.9576607346534729
ai_007_001_cam_00_frame.0099,train,ai_007_001,99,0.05557049438357353,0.03777535259723663,0.1413116455078125,0.9973043203353882,0.8749374151229858,0.04750940203666687,0.03292344510555267,0.1760050505399704,0.9974822998046875,0.8756479620933533,0.04005803167819977,0.02962678298354149,0.1921030730009079,0.9977315664291382,0.8744368553161621,0.03355374187231064,0.02636268362402916,0.2875722348690033,0.9977315664291382,0.8628154993057251
ai_009_001_cam_00_frame.0000,train,ai_009_001,0,0.04740607365965843,0.04402155429124832,0.24843516945838928,0.9704918265342712,0.8244531750679016,0.03835819289088249,0.03490590304136276,0.27335935831069946,0.9749422073364258,0.833273708820343,0.03623754903674126,0.031872257590293884,0.3209003508090973,0.9752864837646484,0.8220996856689453,0.036283839493989944,0.0308334082365036,0.4368569850921631,0.975178599357605,0.8121525049209595
ai_009_001_cam_00_frame.0007,train,ai_009_001,7,0.054794397205114365,0.04511954262852669,0.2975945770740509,0.9643503427505493,0.7874323129653931,0.04373912885785103,0.03502846509218216,0.39774152636528015,0.9690666198730469,0.7835439443588257,0.0424615740776062,0.033590998500585556,0.398799866437912,0.9694879055023193,0.7785651087760925,0.04560467228293419,0.036388494074344635,0.30453547835350037,0.9684244394302368,0.7661380767822266
ai_009_001_cam_00_frame.0013,train,ai_009_001,13,0.05887696146965027,0.05298718437552452,0.17827455699443817,0.9626984596252441,0.7604241371154785,0.048320770263671875,0.04314674437046051,0.20255114138126373,0.9652475118637085,0.7551817893981934,0.045790962874889374,0.04074224457144737,0.23098114132881165,0.9650680422782898,0.7355678677558899,0.04610782489180565,0.04080658406019211,0.2620498836040497,0.9650680422782898,0.7192225456237793
ai_009_001_cam_00_frame.0020,train,ai_009_001,20,0.051440149545669556,0.046851422637701035,0.2750609517097473,0.9591755270957947,0.7490312457084656,0.038909461349248886,0.035245057195425034,0.3510545492172241,0.9678646922111511,0.7461073994636536,0.03563917800784111,0.03204859793186188,0.437235951423645,0.9693163633346558,0.7309531569480896,0.03778502717614174,0.03400472551584244,0.37829694151878357,0.9690970778465271,0.7246557474136353
ai_009_001_cam_00_frame.0026,train,ai_009_001,26,0.04533043131232262,0.041154466569423676,0.38282522559165955,0.9685801863670349,0.8605819940567017,0.03662602975964546,0.033529285341501236,0.41366416215896606,0.9712204933166504,0.8654447793960571,0.03456055372953415,0.03146359324455261,0.4658474624156952,0.9698739051818848,0.8623917102813721,0.03451709449291229,0.031045055016875267,0.4733670949935913,0.9688283801078796,0.85840904712677
ai_009_001_cam_00_frame.0033,train,ai_009_001,33,0.04270678758621216,0.03847556561231613,0.37920352816581726,0.9771220088005066,0.7722719311714172,0.03508572280406952,0.031183363869786263,0.4026087522506714,0.9791851043701172,0.7767033576965332,0.03621915727853775,0.03179850056767464,0.37702783942222595,0.9787294864654541,0.7710310220718384,0.038960639387369156,0.03446206822991371,0.3041040897369385,0.9784939885139465,0.7648925185203552
ai_009_001_cam_00_frame.0040,train,ai_009_001,40,0.06146739795804024,0.04479677602648735,0.1926083117723465,0.9764010906219482,0.8692638278007507,0.048117540776729584,0.03390011563897133,0.29324430227279663,0.9786996245384216,0.8794137835502625,0.04112634062767029,0.0296282060444355,0.3462768495082855,0.9799789190292358,0.8706921935081482,0.03649306297302246,0.02721376344561577,0.3507751226425171,0.979427695274353,0.8641854524612427
ai_009_001_cam_00_frame.0046,train,ai_009_001,46,0.07312615215778351,0.06773246079683304,0.18838314712047577,0.9662564396858215,0.7705262899398804,0.05868101492524147,0.054426562041044235,0.2643618881702423,0.9724801182746887,0.7568328380584717,0.05382513999938965,0.04951147362589836,0.24839361011981964,0.9732982516288757,0.7330761551856995,0.05119090527296066,0.04682962968945503,0.2625392973423004,0.9736917614936829,0.7251451015472412
ai_009_001_cam_00_frame.0053,train,ai_009_001,53,0.058793824166059494,0.04916233941912651,0.2751063406467438,0.9735825657844543,0.8007035851478577,0.04509904235601425,0.03813009336590767,0.33140647411346436,0.97653728723526,0.8052243590354919,0.043383292853832245,0.03833071142435074,0.27019208669662476,0.976954996585846,0.7995966672897339,0.04677416384220123,0.04227674379944801,0.2264174222946167,0.9758205413818359,0.7801886796951294
ai_009_001_cam_00_frame.0059,train,ai_009_001,59,0.05016414821147919,0.04356994852423668,0.2116812765598297,0.9786686301231384,0.821078360080719,0.03998568654060364,0.03353508934378624,0.31461474299430847,0.9801827073097229,0.8252881169319153,0.036075323820114136,0.029823796823620796,0.34093132615089417,0.9795750379562378,0.8099133968353271,0.035715505480766296,0.029467863962054253,0.3349418640136719,0.9786531925201416,0.7968949675559998
ai_009_001_cam_00_frame.0066,train,ai_009_001,66,0.04297690838575363,0.040185052901506424,0.2819864749908447,0.9703223705291748,0.8464521169662476,0.03527380898594856,0.032827235758304596,0.39670148491859436,0.9731026887893677,0.8524481058120728,0.03542472422122955,0.032592009752988815,0.38656049966812134,0.9728848338127136,0.8533721566200256,0.037973955273628235,0.03449747711420059,0.32633957266807556,0.972328782081604,0.8484073877334595
ai_009_001_cam_00_frame.0073,train,ai_009_001,73,0.03760811686515808,0.03466267138719559,0.3328951299190521,0.9738397598266602,0.8250072598457336,0.029510613530874252,0.02730787731707096,0.4574253261089325,0.9772853851318359,0.8283819556236267,0.027619829401373863,0.025727875530719757,0.48504334688186646,0.9767817854881287,0.8183506727218628,0.029617980122566223,0.02738470397889614,0.41907817125320435,0.9764743447303772,0.8024287819862366
ai_009_001_cam_00_frame.0079,train,ai_009_001,79,0.05024202913045883,0.04399699717760086,0.2501095235347748,0.9719506502151489,0.7195454835891724,0.041519735008478165,0.03582572564482689,0.279654860496521,0.9789603352546692,0.7315366864204407,0.03953740745782852,0.034344594925642014,0.2378479540348053,0.9792327880859375,0.7339422702789307,0.03927721455693245,0.03419315814971924,0.2328524887561798,0.9791259169578552,0.7289579510688782
ai_009_001_cam_00_frame.0086,train,ai_009_001,86,0.037356339395046234,0.034333422780036926,0.3761190176010132,0.9715893864631653,0.7590143084526062,0.028797835111618042,0.026414984837174416,0.5541715621948242,0.9731482863426208,0.7608358860015869,0.029845092445611954,0.027059685438871384,0.501898467540741,0.97272127866745,0.7528117895126343,0.0335664302110672,0.030202820897102356,0.4202115535736084,0.9730710983276367,0.7552862763404846
ai_009_001_cam_00_frame.0092,train,ai_009_001,92,0.043289173394441605,0.04057764634490013,0.318786084651947,0.9716455340385437,0.8139596581459045,0.03463626280426979,0.032483529299497604,0.38921085000038147,0.9736968278884888,0.8171014189720154,0.03432027995586395,0.03224237263202667,0.3625069260597229,0.9737126231193542,0.8122783899307251,0.036151546984910965,0.034030795097351074,0.3282410800457001,0.9731009602546692,0.8039623498916626
ai_009_001_cam_00_frame.0099,train,ai_009_001,99,0.04249778762459755,0.039115313440561295,0.33676937222480774,0.9716063141822815,0.7747114300727844,0.03467791527509689,0.03177238628268242,0.4017505347728729,0.9749281406402588,0.7785405516624451,0.034883663058280945,0.03173698112368584,0.41055071353912354,0.9738103151321411,0.7826049327850342,0.036786843091249466,0.03332340717315674,0.33769211173057556,0.9734253883361816,0.7781417965888977
ai_011_001_cam_00_frame.0000,train,ai_011_001,0,0.04836469516158104,0.04340239614248276,0.2588399350643158,0.9670308828353882,0.8885369300842285,0.035022590309381485,0.03097352385520935,0.3698883056640625,0.9747416377067566,0.899259626865387,0.03333395719528198,0.028407733887434006,0.4502970576286316,0.97711181640625,0.9059991836547852,0.03687600418925285,0.03146262466907501,0.3642527461051941,0.9772237539291382,0.8991254568099976
ai_011_001_cam_00_frame.0007,train,ai_011_001,7,0.05749138444662094,0.04439684376120567,0.23570342361927032,0.9754988551139832,0.839658796787262,0.04750609025359154,0.036021262407302856,0.3028132915496826,0.9774469137191772,0.8535589575767517,0.04572853446006775,0.035195812582969666,0.27938026189804077,0.9781132340431213,0.8556652665138245,0.04695677012205124,0.037055306136608124,0.21611063182353973,0.9780318737030029,0.8401222825050354
ai_011_001_cam_00_frame.0013,train,ai_011_001,13,0.03115537203848362,0.026218507438898087,0.4854080379009247,0.9841018915176392,0.9227966666221619,0.025919513776898384,0.02108287811279297,0.5616804957389832,0.9865614771842957,0.915057897567749,0.023869207128882408,0.019127484411001205,0.6167740821838379,0.9870045185089111,0.9062662720680237,0.024534303694963455,0.019210921600461006,0.6115239262580872,0.9867448210716248,0.8903219699859619
ai_011_001_cam_00_frame.0020,train,ai_011_001,20,0.026056556031107903,0.02341058850288391,0.49645042419433594,0.9842885732650757,0.8336993455886841,0.021223610267043114,0.01897243969142437,0.6029011607170105,0.9853708744049072,0.8348296284675598,0.020027846097946167,0.01793840527534485,0.6217210292816162,0.9856786727905273,0.8212491869926453,0.020039977505803108,0.018029332160949707,0.615181028842926,0.9856324791908264,0.8074965476989746
ai_011_001_cam_00_frame.0026,train,ai_011_001,26,0.025498270988464355,0.023666495457291603,0.424854576587677,0.9916744828224182,0.7633501291275024,0.01936877705156803,0.017920775339007378,0.574291467666626,0.992070198059082,0.7623164057731628,0.01567181944847107,0.01420001033693552,0.6927798390388489,0.9919764399528503,0.7572901248931885,0.01677064783871174,0.015393017791211605,0.6443057060241699,0.9919244050979614,0.7441972494125366
ai_011_001_cam_00_frame.0033,train,ai_011_001,33,0.019063886255025864,0.017428360879421234,0.6105761528015137,0.9922313094139099,0.672832727432251,0.014788028784096241,0.01351492665708065,0.7333000302314758,0.9925054907798767,0.6729573607444763,0.01250858511775732,0.011500014923512936,0.7763853073120117,0.9924302101135254,0.6603403687477112,0.016150670126080513,0.014843879267573357,0.6332209706306458,0.9923925995826721,0.6588223576545715
ai_011_001_cam_00_frame.0040,train,ai_011_001,40,0.018881557509303093,0.017109276726841927,0.5907742381095886,0.9925493001937866,0.6969403624534607,0.01464627031236887,0.013194099999964237,0.7200874090194702,0.9925546646118164,0.6895382404327393,0.0144332405179739,0.013226274400949478,0.6879814267158508,0.9923672080039978,0.6878933310508728,0.016835834830999374,0.01555858738720417,0.6176470518112183,0.992447555065155,0.6956384778022766
ai_011_001_cam_00_frame.0046,train,ai_011_001,46,0.022729314863681793,0.02120920829474926,0.41863518953323364,0.9883317947387695,0.7371997237205505,0.018457379192113876,0.017263488844037056,0.520862877368927,0.9889568090438843,0.7482882142066956,0.015014583244919777,0.014078156091272831,0.630653977394104,0.988909125328064,0.7644528746604919,0.014107936061918736,0.013061299920082092,0.6826708912849426,0.9889249801635742,0.762732207775116
ai_011_001_cam_00_frame.0053,train,ai_011_001,53,0.02755030244588852,0.025335822254419327,0.42487964034080505,0.9851926565170288,0.6706304550170898,0.019610069692134857,0.017996028065681458,0.5672116279602051,0.9875902533531189,0.6535046696662903,0.016912829130887985,0.015637192875146866,0.6636574864387512,0.9870659708976746,0.6365119218826294,0.018751146271824837,0.017261050641536713,0.5743914842605591,0.9862667918205261,0.6177363991737366
ai_011_001_cam_00_frame.0059,train,ai_011_001,59,0.019243165850639343,0.017848936840891838,0.523518979549408,0.9909047484397888,0.6598672866821289,0.015097616240382195,0.013938934542238712,0.6349959969520569,0.9907863140106201,0.6662110686302185,0.013798754662275314,0.012740140780806541,0.7265514731407166,0.9907525181770325,0.6412510275840759,0.01613565720617771,0.014914021827280521,0.5983162522315979,0.9909272789955139,0.6352109909057617
ai_011_001_cam_00_frame.0066,train,ai_011_001,66,0.024291623383760452,0.02242235280573368,0.5097214579582214,0.9901909232139587,0.7887573838233948,0.018431169912219048,0.017003247514367104,0.6406654119491577,0.9908452033996582,0.7806512117385864,0.013822673819959164,0.012742661871016026,0.7916653752326965,0.9906854629516602,0.7610097527503967,0.01606728509068489,0.014858640730381012,0.7118996381759644,0.990561842918396,0.7426826357841492
ai_011_001_cam_00_frame.0073,train,ai_011_001,73,0.023403475061058998,0.02176373451948166,0.46073079109191895,0.9920405149459839,0.7591376304626465,0.018242165446281433,0.017022263258695602,0.5822058916091919,0.9919363856315613,0.7496606707572937,0.013451255857944489,0.012568840757012367,0.7539055943489075,0.9915823936462402,0.740063488483429,0.014824568293988705,0.013839084655046463,0.7017756700515747,0.991499125957489,0.7325723171234131
ai_011_001_cam_00_frame.0079,train,ai_011_001,79,0.021824773401021957,0.019814589992165565,0.5376830101013184,0.9897552728652954,0.6285842061042786,0.01721571758389473,0.015445479191839695,0.6274247169494629,0.9900680780410767,0.6235663890838623,0.015907399356365204,0.014225105755031109,0.6899376511573792,0.9901388883590698,0.6054010391235352,0.019378066062927246,0.017540961503982544,0.5539116859436035,0.9901506900787354,0.6043043732643127
ai_011_001_cam_00_frame.0086,train,ai_011_001,86,0.020092148333787918,0.018096964806318283,0.5444259643554688,0.9906549453735352,0.6523656249046326,0.015065548941493034,0.013383136130869389,0.6783732175827026,0.9914937019348145,0.6261125802993774,0.012775017879903316,0.011457557789981365,0.7742800712585449,0.9914401173591614,0.6112726926803589,0.01572532393038273,0.014392390847206116,0.645270049571991,0.991773247718811,0.5904121994972229
ai_011_001_cam_00_frame.0092,train,ai_011_001,92,0.02195160835981369,0.020372850820422173,0.42793065309524536,0.9908297061920166,0.6370846629142761,0.01662471704185009,0.015462982468307018,0.5190204381942749,0.9930465221405029,0.6281354427337646,0.014538473449647427,0.013632448390126228,0.6471240520477295,0.9927952885627747,0.6053506135940552,0.018162446096539497,0.017166655510663986,0.5320923924446106,0.9927731156349182,0.5932582020759583
ai_011_001_cam_00_frame.0099,train,ai_011_001,99,0.022301888093352318,0.020683106034994125,0.5229473114013672,0.9869944453239441,0.6284907460212708,0.017522959038615227,0.01612752117216587,0.6209589838981628,0.9876428842544556,0.6269049644470215,0.01717531681060791,0.015640905126929283,0.6438516974449158,0.9875918626785278,0.6127077341079712,0.02090609259903431,0.01928209885954857,0.5704230666160583,0.987460732460022,0.6003937721252441
ai_013_001_cam_00_frame.0000,train,ai_013_001,0,0.07225677371025085,0.06584560126066208,0.12237548828125,0.9874624013900757,0.9249786734580994,0.06707355380058289,0.060645490884780884,0.1263987272977829,0.9902750849723816,0.9289233684539795,0.06413689255714417,0.057033490389585495,0.1367034912109375,0.99041748046875,0.9223840832710266,0.06507444381713867,0.057240523397922516,0.1903788298368454,0.9896596670150757,0.9071787595748901
ai_013_001_cam_00_frame.0007,train,ai_013_001,7,0.07155142724514008,0.06572864204645157,0.1121063232421875,0.9898630976676941,0.9365078806877136,0.06592735648155212,0.061803292483091354,0.0997568815946579,0.992218017578125,0.9369321465492249,0.06077740713953972,0.05681712552905083,0.1355794370174408,0.9924876093864441,0.9296828508377075,0.057542234659194946,0.05298807471990585,0.1295623779296875,0.9927317500114441,0.9205018281936646
ai_013_001_cam_00_frame.0013,train,ai_013_001,13,0.06766319274902344,0.06253444403409958,0.1021270751953125,0.9897054433822632,0.9284613728523254,0.06080983206629753,0.05629292130470276,0.1409810483455658,0.9923197627067566,0.9410133957862854,0.057088859379291534,0.05277112126350403,0.1310882568359375,0.9930674433708191,0.9302173256874084,0.055949997156858444,0.051291000097990036,0.1287740170955658,0.9934539794921875,0.9120103716850281
ai_013_001_cam_00_frame.0020,train,ai_013_001,20,0.07316400110721588,0.06629666686058044,0.1039530485868454,0.9888051748275757,0.931904673576355,0.06748993694782257,0.061483196914196014,0.0756683349609375,0.9917449951171875,0.9365056157112122,0.0642348974943161,0.059253450483083725,0.0785166472196579,0.9924672842025757,0.9278674125671387,0.06232268735766411,0.057066410779953,0.1058095321059227,0.9913991689682007,0.9134664535522461
ai_013_001_cam_00_frame.0026,train,ai_013_001,26,0.06716328114271164,0.06212412565946579,0.1450246274471283,0.9899546504020691,0.9301862716674805,0.060588058084249496,0.05618055909872055,0.1398213803768158,0.9922027587890625,0.9381281733512878,0.05735836923122406,0.05301192030310631,0.1359303891658783,0.992950439453125,0.9287439584732056,0.05616563558578491,0.05155108869075775,0.1302947998046875,0.9929148554801941,0.9140377044677734
ai_013_001_cam_00_frame.0033,train,ai_013_001,33,0.06399469077587128,0.05929341912269592,0.1256612241268158,0.9890645742416382,0.9346967935562134,0.058401934802532196,0.05377278849482536,0.1274871826171875,0.9915364980697632,0.936208188533783,0.05584767460823059,0.05110633373260498,0.131011962890625,0.9926351308822632,0.925184428691864,0.057673439383506775,0.052898108959198,0.1198577880859375,0.9928538203239441,0.9102119207382202
ai_013_001_cam_00_frame.0040,train,ai_013_001,40,0.060066841542720795,0.05508577823638916,0.1252797544002533,0.9904429316520691,0.9360485672950745,0.05611438304185867,0.05198156088590622,0.1164805144071579,0.9925944209098816,0.935692310333252,0.05240824073553085,0.048385314643383026,0.1244659423828125,0.99346923828125,0.9233430624008179,0.052375417202711105,0.04758438095450401,0.1588999480009079,0.9931182861328125,0.9145350456237793
ai_013_001_cam_00_frame.0046,train,ai_013_001,46,0.05909128487110138,0.05341342091560364,0.13104248046875,0.9912261962890625,0.9344729781150818,0.053914301097393036,0.04953000694513321,0.13214111328125,0.9929097890853882,0.9392984509468079,0.051403045654296875,0.0479537658393383,0.1177419051527977,0.9930521845817566,0.9285546541213989,0.049601443111896515,0.045711927115917206,0.12384033203125,0.9929046630859375,0.923361599445343
ai_013_001_cam_00_frame.0053,train,ai_013_001,53,0.05803418904542923,0.0532398596405983,0.1093495711684227,0.9922943115234375,0.9391586780548096,0.053001947700977325,0.048852723091840744,0.1282755583524704,0.9943186640739441,0.94178706407547,0.0523870587348938,0.04822804778814316,0.1093546599149704,0.9946798086166382,0.9275311827659607,0.054158590734004974,0.049127932637929916,0.1342722624540329,0.99481201171875,0.9142504334449768
ai_013_001_cam_00_frame.0059,train,ai_013_001,59,0.07425208389759064,0.06807684898376465,0.1003926619887352,0.9914093017578125,0.9440117478370667,0.06778815388679504,0.06213509663939476,0.1206461638212204,0.9933217763900757,0.9470667243003845,0.06667585670948029,0.0610574409365654,0.1102193221449852,0.9938405752182007,0.9374621510505676,0.06669540703296661,0.06030672788619995,0.1090138778090477,0.9938761591911316,0.9232521057128906
ai_013_001_cam_00_frame.0066,train,ai_013_001,66,0.07539443671703339,0.06876279413700104,0.0774688720703125,0.9918569326400757,0.9427606463432312,0.06811690330505371,0.0620674267411232,0.1208038330078125,0.9939321279525757,0.9445893168449402,0.06467785686254501,0.058746110647916794,0.1233469694852829,0.9944356679916382,0.9346210956573486,0.06683821976184845,0.06034284085035324,0.1165059432387352,0.9943135976791382,0.9235946536064148
ai_013_001_cam_00_frame.0073,train,ai_013_001,73,0.06179337948560715,0.05643492192029953,0.1656595915555954,0.9910329580307007,0.9346020817756653,0.055462293326854706,0.05055926740169525,0.1801300048828125,0.9932607412338257,0.9381716251373291,0.05187603831291199,0.047085121273994446,0.1771443784236908,0.9937846064567566,0.927977442741394,0.05104460567235947,0.04638185724616051,0.1697184294462204,0.9937235713005066,0.9166229367256165
ai_013_001_cam_00_frame.0079,train,ai_013_001,79,0.07336607575416565,0.06769893318414688,0.0865071639418602,0.9907023310661316,0.9440855979919434,0.06827904284000397,0.06326454877853394,0.0666453093290329,0.9922078847885132,0.9462589025497437,0.06280206888914108,0.05817490071058273,0.0523579940199852,0.9931386709213257,0.9393075704574585,0.059545766562223434,0.05425003170967102,0.1064961776137352,0.993560791015625,0.9282342195510864
ai_013_001_cam_00_frame.0086,train,ai_013_001,86,0.0792461410164833,0.07202710211277008,0.0948384627699852,0.9898122549057007,0.938381016254425,0.0737140029668808,0.06695695221424103,0.0821787565946579,0.9917857050895691,0.9414025545120239,0.0696553885936737,0.06369266659021378,0.0669962614774704,0.9925435781478882,0.933727502822876,0.06755058467388153,0.061574023216962814,0.0916188582777977,0.992645263671875,0.9213196039199829
ai_013_001_cam_00_frame.0092,train,ai_013_001,92,0.06423678249120712,0.05946587771177292,0.1375376433134079,0.9897613525390625,0.9248434901237488,0.05794087052345276,0.05378720909357071,0.148834228515625,0.9921213984489441,0.9291516542434692,0.05414751172065735,0.05042479187250137,0.1529795378446579,0.9930674433708191,0.9228097796440125,0.05231984704732895,0.04859462380409241,0.1137542724609375,0.9932505488395691,0.9054834246635437
ai_013_001_cam_00_frame.0099,train,ai_013_001,99,0.06515860557556152,0.06024318188428879,0.1659495085477829,0.9897410273551941,0.9205843210220337,0.059472329914569855,0.05518132448196411,0.1459554135799408,0.9925588369369507,0.9353569746017456,0.0549580380320549,0.051128678023815155,0.1025492399930954,0.9935099482536316,0.9257106781005859,0.05406881496310234,0.050039615482091904,0.0879313200712204,0.9924723505973816,0.9155972003936768
ai_015_001_cam_00_frame.0000,train,ai_015_001,0,0.023394113406538963,0.022053604945540428,0.3433888852596283,0.9973093867301941,0.7921303510665894,0.01979808509349823,0.018521904945373535,0.4178924560546875,0.9974924921989441,0.7839356064796448,0.019390448927879333,0.017625994980335236,0.4248199462890625,0.9975942373275757,0.7770407199859619,0.02081621065735817,0.018352512270212173,0.3756205439567566,0.9974924921989441,0.7669893503189087
ai_015_001_cam_00_frame.0007,train,ai_015_001,7,0.02094610594213009,0.019220100715756416,0.3516082763671875,0.9949493408203125,0.7983237504959106,0.01521298661828041,0.013516193255782127,0.5301157832145691,0.9954935908317566,0.8126845359802246,0.012904159724712372,0.010585663840174675,0.702362060546875,0.9956461787223816,0.8094910383224487,0.015149446204304695,0.012613861821591854,0.6744028925895691,0.9956105947494507,0.7978008389472961
ai_015_001_cam_00_frame.0013,train,ai_015_001,13,0.02740633115172386,0.02180153876543045,0.3999532163143158,0.9962412714958191,0.8580650091171265,0.02129119634628296,0.016077306121587753,0.3865102231502533,0.9967448115348816,0.8689426183700562,0.019168391823768616,0.013769794255495071,0.5340627431869507,0.9970042109489441,0.8583278656005859,0.02207152172923088,0.015769606456160545,0.5053609609603882,0.9969889521598816,0.8561341762542725
ai_015_001_cam_00_frame.0020,train,ai_015_001,20,0.016803033649921417,0.01512247882783413,0.5761515498161316,0.9963938593864441,0.8660479187965393,0.013061605393886566,0.01163772027939558,0.6286875605583191,0.9965667724609375,0.8822038769721985,0.011424469761550426,0.009925724938511848,0.7161356806755066,0.9965718984603882,0.8703213930130005,0.013157159090042114,0.011330823414027691,0.6761729121208191,0.9964752197265625,0.8580326437950134
ai_015_001_cam_00_frame.0026,train,ai_015_001,26,0.025505218654870987,0.02013685368001461,0.3928375244140625,0.9945424795150757,0.90790194272995,0.021098367869853973,0.015988782048225403,0.50531005859375,0.9948934316635132,0.922584593296051,0.018779166042804718,0.014856129884719849,0.5889231562614441,0.9949392080307007,0.8961628079414368,0.02145811729133129,0.01740219071507454,0.4848480224609375,0.994720458984375,0.8549516797065735
ai_015_001_cam_00_frame.0033,train,ai_015_001,33,0.04359840601682663,0.03081221878528595,0.2364501953125,0.9923197627067566,0.8248178362846375,0.03726601600646973,0.021608082577586174,0.3389994502067566,0.992706298828125,0.8293084502220154,0.03765059635043144,0.01962640881538391,0.4163818359375,0.9930419921875,0.829896092414856,0.03963647037744522,0.02188972383737564,0.3935343623161316,0.993011474609375,0.8267188668251038
ai_015_001_cam_00_frame.0040,train,ai_015_001,40,0.03149619698524475,0.027846749871969223,0.3354288935661316,0.9889068603515625,0.824781596660614,0.02426104247570038,0.02111750841140747,0.4230194091796875,0.9922943115234375,0.8481311202049255,0.021383000537753105,0.01839539408683777,0.5618896484375,0.9916534423828125,0.8587304353713989,0.022920889779925346,0.019350674003362656,0.56500244140625,0.9899393916130066,0.857502281665802
ai_015_001_cam_00_frame.0046,train,ai_015_001,46,0.02758646570146084,0.02592846378684044,0.2916463315486908,0.9976959228515625,0.7902210354804993,0.02092111110687256,0.01943451538681984,0.341033935546875,0.9979604482650757,0.8082845211029053,0.01699773408472538,0.014830711297690868,0.4480743408203125,0.9978688955307007,0.8106692433357239,0.018479784950613976,0.015441063791513443,0.444976806640625,0.9977976679801941,0.8094670176506042
ai_015_001_cam_00_frame.0053,train,ai_015_001,53,0.021605316549539566,0.01866277866065502,0.3703359067440033,0.9973602294921875,0.8633720874786377,0.017785942181944847,0.015582027845084667,0.4597524106502533,0.9977061152458191,0.8888959288597107,0.016285091638565063,0.014431556686758995,0.431793212890625,0.9978485107421875,0.9076066017150879,0.02031480334699154,0.018120884895324707,0.2473093718290329,0.9977976679801941,0.9016589522361755
ai_015_001_cam_00_frame.0059,train,ai_015_001,59,0.032810527831315994,0.029661646112799644,0.2033589780330658,0.9927266836166382,0.8175663948059082,0.02411271259188652,0.022063598036766052,0.2906087338924408,0.9939524531364441,0.8373710513114929,0.017608270049095154,0.015551283955574036,0.4654490351676941,0.9942983388900757,0.8470324277877808,0.016075164079666138,0.012419435195624828,0.7280019521713257,0.9942983388900757,0.8446889519691467
ai_015_001_cam_00_frame.0066,train,ai_015_001,66,0.01797703094780445,0.012419939041137695,0.7347005605697632,0.9987691640853882,0.9822072982788086,0.014139451086521149,0.008761516772210598,0.7631582021713257,0.9989166259765625,0.9840486645698547,0.013517115265130997,0.007510199677199125,0.7894490957260132,0.998992919921875,0.9781915545463562,0.013278678059577942,0.006434522569179535,0.8281759023666382,0.9991048574447632,0.9543423652648926
ai_015_001_cam_00_frame.0073,train,ai_015_001,73,0.057203635573387146,0.048368148505687714,0.160552978515625,0.995269775390625,0.9539217352867126,0.04544125497341156,0.03861505538225174,0.1779581755399704,0.9961141347885132,0.9520182013511658,0.03254221752285957,0.02847338281571865,0.281585693359375,0.9965566396713257,0.9060035943984985,0.033068131655454636,0.028487086296081543,0.1452738493680954,0.9966227412223816,0.8547216057777405
ai_015_001_cam_00_frame.0079,train,ai_015_001,79,0.026970908045768738,0.021219942718744278,0.3661906123161316,0.9960276484489441,0.8016887903213501,0.019348599016666412,0.015695340931415558,0.4699249267578125,0.9965464472770691,0.8082068562507629,0.01580779254436493,0.013132810592651367,0.5313314199447632,0.996612548828125,0.8048532605171204,0.017223328351974487,0.013201363384723663,0.5484110713005066,0.9966532588005066,0.8051222562789917
ai_015_001_cam_00_frame.0086,train,ai_015_001,86,0.04500819370150566,0.04104151949286461,0.2457377165555954,0.9994100332260132,0.8261809349060059,0.03964046388864517,0.03583355247974396,0.2934010922908783,0.9995321035385132,0.8552038669586182,0.035003628581762314,0.030206849798560143,0.3863474726676941,0.9994761347770691,0.8863675594329834,0.0333595834672451,0.02733549103140831,0.3327178955078125,0.9994558095932007,0.8744221329689026
ai_015_001_cam_00_frame.0092,train,ai_015_001,92,0.02255033515393734,0.017910178750753403,0.4003957211971283,0.9971923828125,0.7948334217071533,0.015823788940906525,0.012790664099156857,0.5817820429801941,0.9972738027572632,0.7960323691368103,0.012479685246944427,0.010911624878644943,0.5996653437614441,0.9974619746208191,0.7879769802093506,0.016033580526709557,0.013366801664233208,0.5743001699447632,0.997406005859375,0.7783725261688232
ai_015_001_cam_00_frame.0099,train,ai_015_001,99,0.04145292937755585,0.021724440157413483,0.5433909296989441,0.9922129511833191,0.8532586097717285,0.03394455090165138,0.01840173825621605,0.4909922480583191,0.9951528310775757,0.8844178318977356,0.0308319553732872,0.01968005672097206,0.4265594482421875,0.9953410029411316,0.8956666588783264,0.0297870896756649,0.02171003818511963,0.3440907895565033,0.995391845703125,0.8720795512199402
ai_017_001_cam_00_frame.0000,train,ai_017_001,0,0.02727453224360943,0.02505108341574669,0.1879323422908783,0.9926300048828125,0.8174049854278564,0.019649237394332886,0.017305901274085045,0.3220977783203125,0.9937286376953125,0.8225864768028259,0.016159040853381157,0.012408062815666199,0.646942138671875,0.9941508173942566,0.8111854195594788,0.018048418685793877,0.013545448891818523,0.6911214590072632,0.994140625,0.7890207171440125
ai_017_001_cam_00_frame.0007,train,ai_017_001,7,0.02819121442735195,0.026703238487243652,0.2900645136833191,0.9925944209098816,0.7894031405448914,0.02008914016187191,0.018086742609739304,0.4304148554801941,0.9930013418197632,0.7970467209815979,0.015372836962342262,0.010917574167251587,0.7607981562614441,0.9936065673828125,0.7888575792312622,0.017133651301264763,0.01094069890677929,0.7620341181755066,0.9935506582260132,0.7703869938850403
ai_017_001_cam_00_frame.0013,train,ai_017_001,13,0.01948823779821396,0.016596496105194092,0.4635264277458191,0.9944254755973816,0.780455470085144,0.015124233439564705,0.011849275790154934,0.6256866455078125,0.9951833486557007,0.7849644422531128,0.013801041059195995,0.009412113577127457,0.807891845703125,0.9954732656478882,0.7946179509162903,0.01854506880044937,0.012956013903021812,0.578857421875,0.9954427480697632,0.7801457643508911
ai_017_001_cam_00_frame.0020,train,ai_017_001,20,0.025703076273202896,0.023475006222724915,0.2987620234489441,0.9945068359375,0.755416989326477,0.01846848428249359,0.016472484916448593,0.5171051025390625,0.9952341914176941,0.7706533670425415,0.017056265845894814,0.01438247412443161,0.5666605830192566,0.9954427480697632,0.7739605903625488,0.021796947345137596,0.01722717098891735,0.4762471616268158,0.9954478144645691,0.7644486427307129
ai_017_001_cam_00_frame.0026,train,ai_017_001,26,0.023823734372854233,0.019519757479429245,0.2842254638671875,0.9939473867416382,0.876092791557312,0.01848694309592247,0.014362506568431854,0.4098103940486908,0.9977468252182007,0.8769213557243347,0.0159535463899374,0.011543942615389824,0.6580302119255066,0.99761962890625,0.8674187660217285,0.016974641010165215,0.011768234893679619,0.65997314453125,0.9974263906478882,0.8616371154785156
ai_017_001_cam_00_frame.0033,train,ai_017_001,33,0.022332554683089256,0.019568100571632385,0.402801513671875,0.9960378408432007,0.8546088337898254,0.01787843555212021,0.014813217334449291,0.5358022451400757,0.9964141845703125,0.868614912033081,0.01699575036764145,0.01356344111263752,0.578765869140625,0.9967702627182007,0.8652024269104004,0.019310887902975082,0.015038644894957542,0.477752685546875,0.9968465566635132,0.8612049221992493
ai_017_001_cam_00_frame.0040,train,ai_017_001,40,0.021708300337195396,0.017796196043491364,0.4581095576286316,0.9956868886947632,0.8037271499633789,0.016797807067632675,0.012162499129772186,0.640472412109375,0.9959768056869507,0.8102927803993225,0.016544708982110023,0.011428351514041424,0.672454833984375,0.9961192011833191,0.8042351603507996,0.01985679194331169,0.014021418988704681,0.5776316523551941,0.9960784912109375,0.7877684235572815
ai_017_001_cam_00_frame.0046,train,ai_017_001,46,0.03419232740998268,0.029890256002545357,0.47540876269340515,0.9812480211257935,0.8073340654373169,0.027119018137454987,0.022180922329425812,0.588527500629425,0.9849963784217834,0.8216580152511597,0.023755289614200592,0.016861148178577423,0.7043338418006897,0.9909479022026062,0.8258624076843262,0.024935156106948853,0.01621123030781746,0.6319064497947693,0.9910600781440735,0.8218338489532471
ai_017_001_cam_00_frame.0053,train,ai_017_001,53,0.030754810199141502,0.028436675667762756,0.48195621371269226,0.9799564480781555,0.8381043076515198,0.02334325760602951,0.02060135081410408,0.5822299718856812,0.993084728717804,0.8400893211364746,0.0189201757311821,0.014458923600614071,0.734258770942688,0.9938734173774719,0.8312253952026367,0.018906766548752785,0.012950265780091286,0.7430465817451477,0.9940108060836792,0.8133255839347839
ai_017_001_cam_00_frame.0059,train,ai_017_001,59,0.0322236530482769,0.028592539951205254,0.4200533330440521,0.9896892309188843,0.75449138879776,0.024229446426033974,0.02198137901723385,0.48627617955207825,0.991988480091095,0.7784236669540405,0.019584324210882187,0.017898138612508774,0.6355981826782227,0.9926169514656067,0.768998920917511,0.01916157454252243,0.01729624904692173,0.6307749152183533,0.992857038974762,0.7410728335380554
ai_017_001_cam_00_frame.0066,train,ai_017_001,66,0.02247709035873413,0.021343307569622993,0.5284968018531799,0.9903174042701721,0.7930412888526917,0.016737820580601692,0.015920713543891907,0.6265674233436584,0.9945312142372131,0.8050890564918518,0.015177739784121513,0.014246067963540554,0.6843058466911316,0.9944342970848083,0.8050289154052734,0.014939098618924618,0.013325884006917477,0.7630826830863953,0.9932966232299805,0.8148936033248901
ai_017_001_cam_00_frame.0073,train,ai_017_001,73,0.028789499774575233,0.026500381529331207,0.6150563359260559,0.9844567775726318,0.8100153803825378,0.021623576059937477,0.01973571814596653,0.7034416794776917,0.9888976812362671,0.8132357001304626,0.018711045384407043,0.016885068267583847,0.7174468636512756,0.9902727603912354,0.8096420764923096,0.019765814766287804,0.017274850979447365,0.6396697759628296,0.990471363067627,0.7869730591773987
ai_017_001_cam_00_frame.0079,train,ai_017_001,79,0.02333245240151882,0.021935472264885902,0.575117290019989,0.9847539067268372,0.8039757609367371,0.01826409250497818,0.017072588205337524,0.6609037518501282,0.9908360242843628,0.8152834177017212,0.015176345594227314,0.013407392427325249,0.767259418964386,0.9913861751556396,0.8180868625640869,0.016465958207845688,0.014001737348735332,0.7499656081199646,0.9915186166763306,0.8046633005142212
ai_017_001_cam_00_frame.0086,train,ai_017_001,86,0.026296084746718407,0.024106411263346672,0.3277435302734375,0.9875081777572632,0.7437036037445068,0.019664037972688675,0.018120601773262024,0.4490509033203125,0.9901479482650757,0.7498357892036438,0.015527854673564434,0.014118053019046783,0.65802001953125,0.9931234121322632,0.7428048849105835,0.01739322394132614,0.014851246029138565,0.6260630488395691,0.99371337890625,0.7150413393974304
ai_017_001_cam_00_frame.0092,train,ai_017_001,92,0.02241525612771511,0.018807072192430496,0.4405110776424408,0.992828369140625,0.7293375134468079,0.018010830506682396,0.014088760130107403,0.6127726435661316,0.995086669921875,0.7536415457725525,0.01755407452583313,0.011747999116778374,0.7168426513671875,0.9954478144645691,0.7610065340995789,0.020172400400042534,0.013473382219672203,0.6248525381088257,0.9955393671989441,0.7597455382347107
ai_017_001_cam_00_frame.0099,train,ai_017_001,99,0.03043169341981411,0.025256231427192688,0.4756673276424408,0.9878743886947632,0.7978682518005371,0.023284830152988434,0.018493875861167908,0.5678049921989441,0.989013671875,0.817534327507019,0.023965362459421158,0.017943821847438812,0.5676371455192566,0.9893748164176941,0.8065143823623657,0.02847716026008129,0.02156926691532135,0.45294189453125,0.9896444082260132,0.7924808859825134
ai_018_003_cam_00_frame.0000,train,ai_018_003,0,0.016437657177448273,0.01471531018614769,0.5070444941520691,0.9942626953125,0.8894361257553101,0.01264631561934948,0.011041241697967052,0.7062937617301941,0.9948934316635132,0.8891189098358154,0.01644168421626091,0.013176403939723969,0.5222320556640625,0.9950816035270691,0.8765251040458679,0.023720508441329002,0.01907053403556347,0.3047027587890625,0.9950408935546875,0.8555618524551392
ai_018_003_cam_00_frame.0007,train,ai_018_003,7,0.016290221363306046,0.014153329655528069,0.5311330556869507,0.9961446523666382,0.7828903198242188,0.011078903451561928,0.010006853379309177,0.7318064570426941,0.9964599609375,0.7938383221626282,0.013432558625936508,0.01081969402730465,0.7060394287109375,0.9965922236442566,0.8083794116973877,0.020205775275826454,0.015475152991712093,0.48602294921875,0.9967905879020691,0.8073291182518005
ai_018_003_cam_00_frame.0013,train,ai_018_003,13,0.02079544961452484,0.018647469580173492,0.479461669921875,0.9954274892807007,0.7899895906448364,0.014733009040355682,0.012671577744185925,0.6700897216796875,0.9960429072380066,0.7809565663337708,0.013785737566649914,0.010382937267422676,0.7865142822265625,0.9965769648551941,0.7667536735534668,0.018677398562431335,0.0134425088763237,0.622314453125,0.9967600703239441,0.7463611364364624
ai_018_003_cam_00_frame.0020,train,ai_018_003,20,0.04728236421942711,0.03197481483221054,0.1475321501493454,0.9924418330192566,0.8672489523887634,0.038683000952005386,0.025594066828489304,0.217315673828125,0.9933013916015625,0.8765575885772705,0.030847296118736267,0.017421571537852287,0.419952392578125,0.9936625361442566,0.8765453696250916,0.030628643929958344,0.020698020234704018,0.3773905634880066,0.9935709834098816,0.8664916753768921
ai_018_003_cam_00_frame.0026,train,ai_018_003,26,0.02096845768392086,0.017026938498020172,0.4788665771484375,0.995361328125,0.8700888752937317,0.016445083543658257,0.011635555885732174,0.6723989248275757,0.9959920644760132,0.8860452771186829,0.019384339451789856,0.015963813289999962,0.483673095703125,0.9959157705307007,0.8831115365028381,0.024992777034640312,0.021342700347304344,0.3709208369255066,0.9955648183822632,0.8752341866493225
ai_018_003_cam_00_frame.0033,train,ai_018_003,33,0.01754460111260414,0.015399215742945671,0.6302337646484375,0.9947459101676941,0.7571241855621338,0.014095596969127655,0.012255450710654259,0.6870269775390625,0.9952494502067566,0.7586169242858887,0.017011098563671112,0.013820432126522064,0.5994212031364441,0.9955037832260132,0.7615495920181274,0.022975917905569077,0.017246108502149582,0.4282175898551941,0.9956004023551941,0.7518051266670227
ai_018_003_cam_00_frame.0040,train,ai_018_003,40,0.012575739994645119,0.011106640100479126,0.6792246699333191,0.9965718984603882,0.9510820508003235,0.009185904636979103,0.007889613509178162,0.8019918203353882,0.9968923330307007,0.9296732544898987,0.009670729748904705,0.008367476984858513,0.8109639883041382,0.9968973994255066,0.9198935627937317,0.014805404469370842,0.012662861496210098,0.6186370849609375,0.9969381093978882,0.9248144626617432
ai_018_003_cam_00_frame.0046,train,ai_018_003,46,0.021527647972106934,0.017500033602118492,0.3581644892692566,0.9948781728744507,0.7858185768127441,0.014367322437465191,0.011949418112635612,0.6412302851676941,0.9951986074447632,0.7950723171234131,0.011047872714698315,0.009836738929152489,0.7503814697265625,0.9954935908317566,0.7990443110466003,0.017143890261650085,0.013557780534029007,0.612335205078125,0.9955902099609375,0.787007749080658
ai_018_003_cam_00_frame.0053,train,ai_018_003,53,0.030155979096889496,0.02790026366710663,0.2457326352596283,0.9938761591911316,0.9207172393798828,0.025963958352804184,0.024902846664190292,0.2670237421989441,0.9941915273666382,0.914870023727417,0.02049097791314125,0.019203193485736847,0.3291524350643158,0.9952596426010132,0.907712996006012,0.017299167811870575,0.013726726174354553,0.6077932119369507,0.9955495595932007,0.9022619128227234
ai_018_003_cam_00_frame.0059,train,ai_018_003,59,0.019775167107582092,0.017933811992406845,0.5341593623161316,0.9946035146713257,0.8758586645126343,0.014523673802614212,0.012895054183900356,0.7018483877182007,0.994354248046875,0.8729491233825684,0.013235913589596748,0.011016706004738808,0.7536570429801941,0.9944356679916382,0.8620825409889221,0.01627355068922043,0.013554009608924389,0.665191650390625,0.9943898916244507,0.8550435900688171
ai_018_003_cam_00_frame.0066,train,ai_018_003,66,0.023337554186582565,0.020864218473434448,0.7214609980583191,0.9921213984489441,0.9121027588844299,0.020674847066402435,0.018325136974453926,0.6876627802848816,0.9925588369369507,0.9059022665023804,0.021114006638526917,0.018017984926700592,0.532073974609375,0.9924163818359375,0.8885838389396667,0.023580363020300865,0.019812535494565964,0.4273783564567566,0.9927164912223816,0.8658718466758728
ai_018_003_cam_00_frame.0073,train,ai_018_003,73,0.061059754341840744,0.055535025894641876,0.6077372431755066,0.9512888789176941,0.5156294703483582,0.0463780015707016,0.042132358998060226,0.6353759765625,0.9535878896713257,0.5307053327560425,0.04239872097969055,0.03826306015253067,0.6343892812728882,0.9532674551010132,0.5686911940574646,0.0432027205824852,0.038376543670892715,0.6336669921875,0.9513143301010132,0.5707948207855225
ai_018_003_cam_00_frame.0079,train,ai_018_003,79,0.011536865495145321,0.0101992292329669,0.7522939443588257,0.996917724609375,0.9065590500831604,0.008891596458852291,0.007437184453010559,0.8580119013786316,0.9969584345817566,0.8966808915138245,0.0112291369587183,0.009322530589997768,0.7289632558822632,0.9965566396713257,0.8866779208183289,0.015975473448634148,0.013777382671833038,0.4947052001953125,0.9963023066520691,0.878420889377594
ai_018_003_cam_00_frame.0086,train,ai_018_003,86,0.03719402477145195,0.029519513249397278,0.1439615935087204,0.9963582754135132,0.8118856549263,0.027877770364284515,0.0235763993114233,0.2546234130859375,0.99676513671875,0.8049101233482361,0.02126343362033367,0.018714839592576027,0.3238067626953125,0.9969686269760132,0.8044227361679077,0.017208751291036606,0.014146603643894196,0.5172526240348816,0.9971262812614441,0.8013680577278137
ai_018_003_cam_00_frame.0092,train,ai_018_003,92,0.015924103558063507,0.01453851442784071,0.7276510000228882,0.9949544668197632,0.9350951313972473,0.01152217760682106,0.010228095576167107,0.8547515869140625,0.9953460693359375,0.9297855496406555,0.01167592965066433,0.009855386801064014,0.84112548828125,0.995330810546875,0.9172711372375488,0.015522459521889687,0.01269451342523098,0.7483775019645691,0.9948171377182007,0.898656964302063
ai_018_003_cam_00_frame.0099,train,ai_018_003,99,0.02193169854581356,0.019782766699790955,0.4015859067440033,0.9971262812614441,0.9339388608932495,0.01480729691684246,0.013580162078142166,0.5204925537109375,0.9972585439682007,0.9387555718421936,0.011496390216052532,0.010295120999217033,0.6432088613510132,0.9970805048942566,0.9358317255973816,0.013396134600043297,0.011371578089892864,0.6795654296875,0.9967855215072632,0.9190757274627686
ai_021_001_cam_00_frame.0000,train,ai_021_001,0,0.06200963258743286,0.05629323050379753,0.1259358823299408,0.947723388671875,0.8933987617492676,0.051879849284887314,0.04716513678431511,0.1552327573299408,0.985198974609375,0.9080455303192139,0.046423446387052536,0.04178764671087265,0.1906636655330658,0.9900665283203125,0.8968477845191956,0.044846341013908386,0.03936927020549774,0.197296142578125,0.9893646240234375,0.873237133026123
ai_021_001_cam_00_frame.0007,train,ai_021_001,7,0.03622083365917206,0.03322213515639305,0.168792724609375,0.9901072382926941,0.8987977504730225,0.030117420479655266,0.026673248037695885,0.2153218686580658,0.9905650019645691,0.8952082395553589,0.026651829481124878,0.022285863757133484,0.3345845639705658,0.9910634756088257,0.8712506294250488,0.028811385855078697,0.023721836507320404,0.3097483515739441,0.9915670156478882,0.8472846150398254
ai_021_001_cam_00_frame.0013,train,ai_021_001,13,0.027284279465675354,0.023845424875617027,0.3397878110408783,0.9940236806869507,0.8830485939979553,0.02330176532268524,0.019870329648256302,0.385406494140625,0.99407958984375,0.8858723640441895,0.024312516674399376,0.020111901685595512,0.3870849609375,0.9941050410270691,0.8685792088508606,0.027845308184623718,0.02262641116976738,0.3742777705192566,0.9939168691635132,0.8541123867034912
ai_021_001_cam_00_frame.0020,train,ai_021_001,20,0.05347815155982971,0.04537568613886833,0.170654296875,0.990509033203125,0.9200437664985657,0.04691865295171738,0.038638241589069366,0.2045440673828125,0.9915618896484375,0.9151719212532043,0.044218551367521286,0.034521184861660004,0.2605743408203125,0.991058349609375,0.903372049331665,0.04640316963195801,0.0354737713932991,0.2301991879940033,0.9906870722770691,0.8879170417785645
ai_021_001_cam_00_frame.0026,train,ai_021_001,26,0.038664817810058594,0.0357954204082489,0.2827911376953125,0.98846435546875,0.9183327555656433,0.03368264436721802,0.030626054853200912,0.3075408935546875,0.9930572509765625,0.9085695147514343,0.03217652440071106,0.027995621785521507,0.2772369384765625,0.993499755859375,0.8890618681907654,0.033726394176483154,0.02806153893470764,0.2327067106962204,0.9925486445426941,0.8735763430595398
ai_021_001_cam_00_frame.0033,train,ai_021_001,33,0.05938580632209778,0.05419459193944931,0.1175944060087204,0.9673258662223816,0.9177970290184021,0.0507872998714447,0.04606831818819046,0.1498870849609375,0.9751994013786316,0.9207344651222229,0.047760333865880966,0.04244079440832138,0.2131500244140625,0.9750264883041382,0.9071112275123596,0.04917845129966736,0.04313615709543228,0.2292022705078125,0.9738820791244507,0.8857821226119995
ai_021_001_cam_00_frame.0040,train,ai_021_001,40,0.05693351477384567,0.05211297422647476,0.1270192563533783,0.9870046377182007,0.9192989468574524,0.05158643051981926,0.04654174670577049,0.1507314145565033,0.9884440302848816,0.9161046147346497,0.047889187932014465,0.04160334914922714,0.1911214292049408,0.9888102412223816,0.904321551322937,0.04599560424685478,0.03801361471414566,0.2160288542509079,0.9887797236442566,0.8853557705879211
ai_021_001_cam_00_frame.0046,train,ai_021_001,46,0.04972343146800995,0.0465334877371788,0.1218414306640625,0.9865824580192566,0.9041062593460083,0.043028950691223145,0.039659805595874786,0.1479644775390625,0.9892476797103882,0.9043222069740295,0.03783164918422699,0.0334598571062088,0.1938222348690033,0.9896749258041382,0.8867903351783752,0.035445231944322586,0.029687589034438133,0.2528941035270691,0.9904429316520691,0.869967520236969
ai_021_001_cam_00_frame.0053,train,ai_021_001,53,0.05275646969676018,0.048599787056446075,0.1259613037109375,0.9902140498161316,0.9081423282623291,0.04540468007326126,0.04175708442926407,0.1485494077205658,0.9908549189567566,0.905753493309021,0.0355667918920517,0.030088108032941818,0.2752024531364441,0.9907735586166382,0.8750523328781128,0.035589784383773804,0.027433663606643677,0.2941335141658783,0.9916788935661316,0.8310176730155945
ai_021_001_cam_00_frame.0059,train,ai_021_001,59,0.04152698814868927,0.03964594379067421,0.1749521940946579,0.9888255000114441,0.8932983875274658,0.035114116966724396,0.03346171975135803,0.2064463347196579,0.9916280508041382,0.8934682011604309,0.0313076451420784,0.02920011803507805,0.2817891538143158,0.9912821650505066,0.8820812106132507,0.030858881771564484,0.028142055496573448,0.2885894775390625,0.9910024404525757,0.8709205985069275
ai_021_001_cam_00_frame.0066,train,ai_021_001,66,0.045999061316251755,0.043282680213451385,0.1247456893324852,0.9917501211166382,0.9073545932769775,0.04108397662639618,0.038177985697984695,0.1513265073299408,0.9929555654525757,0.9052863717079163,0.036132678389549255,0.03202243149280548,0.226226806640625,0.99310302734375,0.8873372077941895,0.03536310791969299,0.029882308095693588,0.2973734736442566,0.9924418330192566,0.8642222881317139
ai_021_001_cam_00_frame.0073,train,ai_021_001,73,0.03897362947463989,0.03687117621302605,0.1764119565486908,0.9910939931869507,0.8970370888710022,0.0331069752573967,0.031117897480726242,0.2243754118680954,0.9915415644645691,0.8895682096481323,0.030307162553071976,0.027671968564391136,0.2821095883846283,0.9910787343978882,0.8759889006614685,0.029443681240081787,0.02585028111934662,0.3161366879940033,0.9908294677734375,0.8539453148841858
ai_021_001_cam_00_frame.0079,train,ai_021_001,79,0.036810945719480515,0.03126541152596474,0.3131001889705658,0.98846435546875,0.909558892250061,0.03195248544216156,0.026108955964446068,0.37298583984375,0.9890340566635132,0.90578293800354,0.030654294416308403,0.024125821888446808,0.391845703125,0.9893798828125,0.8858232498168945,0.032328054308891296,0.02513900399208069,0.3552703857421875,0.9894918203353882,0.8610439300537109
ai_021_001_cam_00_frame.0086,train,ai_021_001,86,0.03519802540540695,0.03042067401111126,0.3066914975643158,0.9632517695426941,0.92104172706604,0.02761547639966011,0.023426545783877373,0.3531036376953125,0.9928538203239441,0.9187235236167908,0.025979619473218918,0.02092820033431053,0.3939971923828125,0.9928487539291382,0.8989344835281372,0.028344586491584778,0.02186516672372818,0.3393147885799408,0.99267578125,0.8813799023628235
ai_021_001_cam_00_frame.0092,train,ai_021_001,92,0.04692678153514862,0.04108211025595665,0.2020111083984375,0.9912770986557007,0.9195184707641602,0.038552429527044296,0.03363550826907158,0.2408294677734375,0.9924723505973816,0.9182471036911011,0.0349108912050724,0.028838008642196655,0.2551116943359375,0.9921366572380066,0.9034485816955566,0.036871567368507385,0.028435494750738144,0.3270772397518158,0.9915975332260132,0.8745710253715515
ai_021_001_cam_00_frame.0099,train,ai_021_001,99,0.03622450307011604,0.03434592857956886,0.2749277949333191,0.9911855459213257,0.8987690806388855,0.03255145251750946,0.030707526952028275,0.2953287959098816,0.992034912109375,0.8918930292129517,0.03054986707866192,0.028208589181303978,0.2721405029296875,0.9919586181640625,0.8789497017860413,0.03151500225067139,0.028321370482444763,0.2216898649930954,0.9918772578239441,0.8634962439537048
ai_023_001_cam_00_frame.0000,train,ai_023_001,0,0.022141052410006523,0.02071555331349373,0.3827667236328125,0.99493408203125,0.7861179709434509,0.019703274592757225,0.01840263232588768,0.421966552734375,0.9949697256088257,0.7921915650367737,0.021421214565634727,0.019763097167015076,0.3588612973690033,0.9950103759765625,0.7878828048706055,0.025575226172804832,0.02331225574016571,0.276123046875,0.9949951171875,0.7812163233757019
ai_023_001_cam_00_frame.0007,train,ai_023_001,7,0.022264646366238594,0.02007836289703846,0.3848208487033844,0.9949783086776733,0.8125178813934326,0.018640141934156418,0.016970660537481308,0.43687260150909424,0.9959418773651123,0.8241435885429382,0.01779385656118393,0.016241272911429405,0.4363933801651001,0.996120274066925,0.8354436159133911,0.019961290061473846,0.01794695109128952,0.4184938967227936,0.9961661696434021,0.8282662034034729
ai_023_001_cam_00_frame.0013,train,ai_023_001,13,0.024733833968639374,0.023283125832676888,0.3362677991390228,0.9957282543182373,0.801697850227356,0.022685358300805092,0.021273082122206688,0.38911375403404236,0.995876133441925,0.7976123094558716,0.023691756650805473,0.021978052332997322,0.38660576939582825,0.995927095413208,0.7920251488685608,0.026729118078947067,0.024710332974791527,0.3160969316959381,0.9958608150482178,0.7801811099052429
ai_023_001_cam_00_frame.0020,train,ai_023_001,20,0.03203312307596207,0.029913943260908127,0.3159739375114441,0.9948222041130066,0.7975522875785828,0.029144618660211563,0.027170686051249504,0.3196665644645691,0.9949849843978882,0.8009627461433411,0.029061174020171165,0.026884593069553375,0.3000640869140625,0.9950103759765625,0.7993903756141663,0.030561719089746475,0.02809901535511017,0.2553558349609375,0.9948934316635132,0.7914077043533325
ai_023_001_cam_00_frame.0026,train,ai_023_001,26,0.02621498703956604,0.02389531396329403,0.36402004957199097,0.9944250583648682,0.7569803595542908,0.023373521864414215,0.02127094566822052,0.40027493238449097,0.9945726990699768,0.7559478878974915,0.02218753658235073,0.02030770666897297,0.38773006200790405,0.9943639636039734,0.7588363885879517,0.023501185700297356,0.021261412650346756,0.40379807353019714,0.9940890669822693,0.7586182355880737
ai_023_001_cam_00_frame.0033,train,ai_023_001,33,0.024040324613451958,0.021299956366419792,0.4538504481315613,0.9941413402557373,0.7793521881103516,0.02109231986105442,0.018808644264936447,0.5289002060890198,0.9953355193138123,0.7917448878288269,0.02116425894200802,0.019061939790844917,0.5318193435668945,0.9952640533447266,0.7945479154586792,0.02417602203786373,0.021876197308301926,0.4124317467212677,0.9950956702232361,0.7898101210594177
ai_023_001_cam_00_frame.0040,train,ai_023_001,40,0.02412918396294117,0.021700114011764526,0.3832625448703766,0.9956507086753845,0.7604438662528992,0.02152794972062111,0.019481757655739784,0.4145735502243042,0.9958043694496155,0.7605447769165039,0.021864568814635277,0.019974397495388985,0.375998318195343,0.9954765439033508,0.7564646601676941,0.02529822289943695,0.023172646760940552,0.3011019229888916,0.9954150319099426,0.7444982528686523
ai_023_001_cam_00_frame.0046,train,ai_023_001,46,0.03630150854587555,0.03320465236902237,0.2554759383201599,0.9956876635551453,0.8248099088668823,0.03147418797016144,0.028685137629508972,0.3060658872127533,0.9961061477661133,0.833670973777771,0.03030998632311821,0.027441754937171936,0.34396880865097046,0.9962796568870544,0.8342263102531433,0.032370585948228836,0.029109111055731773,0.315374493598938,0.9961622357368469,0.823756992816925
ai_023_001_cam_00_frame.0053,train,ai_023_001,53,0.02171492390334606,0.01932833530008793,0.47466111183166504,0.9954832792282104,0.7911280989646912,0.017570797353982925,0.015342023223638535,0.5562165975570679,0.9957330822944641,0.7975754737854004,0.016388773918151855,0.013996110297739506,0.5523269176483154,0.9960083961486816,0.7936156988143921,0.018506096675992012,0.015967104583978653,0.5214033126831055,0.9959828853607178,0.7839917540550232
ai_023_001_cam_00_frame.0059,train,ai_023_001,59,0.043917495757341385,0.03608781099319458,0.2251211404800415,0.9859882593154907,0.7993505597114563,0.03714714199304581,0.02989356219768524,0.26816117763519287,0.9915174841880798,0.8002026081085205,0.0327843502163887,0.02602444961667061,0.2863095998764038,0.9931650161743164,0.7948535680770874,0.03269224986433983,0.026992732658982277,0.26315227150917053,0.9932466149330139,0.7660171985626221
ai_023_001_cam_00_frame.0066,train,ai_023_001,66,0.032616280019283295,0.029304541647434235,0.16421307623386383,0.9953258633613586,0.7664281725883484,0.02747465670108795,0.025310954079031944,0.21069954335689545,0.9957085847854614,0.7727124094963074,0.024967815726995468,0.02292904071509838,0.2824907898902893,0.995917797088623,0.7831120491027832,0.02690012939274311,0.024500126019120216,0.2564052939414978,0.9958208203315735,0.7741327285766602
ai_023_001_cam_00_frame.0073,train,ai_023_001,73,0.02870168350636959,0.026536963880062103,0.3306558430194855,0.9952120780944824,0.7966801524162292,0.026375677436590195,0.02444702386856079,0.3272075355052948,0.9951407313346863,0.7918846607208252,0.026143845170736313,0.024247176945209503,0.29157838225364685,0.9947383999824524,0.7887291312217712,0.02715448848903179,0.02513793110847473,0.2821706533432007,0.9943869113922119,0.7901778817176819
ai_023_001_cam_00_frame.0079,train,ai_023_001,79,0.030994614586234093,0.02858218178153038,0.25487324595451355,0.9951916933059692,0.7745364308357239,0.027818085625767708,0.02575608156621456,0.313760370016098,0.9952579736709595,0.7810778021812439,0.025735361501574516,0.023727454245090485,0.3511097729206085,0.9950897097587585,0.7784481048583984,0.02564127743244171,0.023415759205818176,0.3601348102092743,0.9950489401817322,0.7711350917816162
ai_023_001_cam_00_frame.0086,train,ai_023_001,86,0.021265530958771706,0.018644362688064575,0.49569976329803467,0.9944806098937988,0.720055341720581,0.019345173612236977,0.017037520185112953,0.49104756116867065,0.9953222870826721,0.7233158946037292,0.01987852156162262,0.017618529498577118,0.48115143179893494,0.995097815990448,0.7267003059387207,0.024029022082686424,0.0214555487036705,0.32439959049224854,0.9948835968971252,0.7179553508758545
ai_023_001_cam_00_frame.0092,train,ai_023_001,92,0.03532255440950394,0.033126577734947205,0.1543528288602829,1.0,0.5472986102104187,0.033972468227148056,0.0312792994081974,0.1652170866727829,1.0,0.5409698486328125,0.03248089551925659,0.028561294078826904,0.177337646484375,1.0,0.5155531764030457,0.03203803673386574,0.02645787224173546,0.2127227783203125,1.0,0.5204126238822937
ai_023_001_cam_00_frame.0099,train,ai_023_001,99,0.03188738971948624,0.027959465980529785,0.3207119107246399,0.9959938526153564,0.679591715335846,0.029227862134575844,0.025278421118855476,0.35221022367477417,0.9962283372879028,0.6844103932380676,0.028523674234747887,0.025061825290322304,0.3447127938270569,0.9962334036827087,0.6852626204490662,0.03229500353336334,0.028620563447475433,0.21771550178527832,0.9960703253746033,0.6882765889167786
ai_027_001_cam_00_frame.0000,train,ai_027_001,0,0.05217275023460388,0.048279426991939545,0.1078694686293602,0.9666341543197632,0.8382474184036255,0.048990290611982346,0.04531869292259216,0.1878306120634079,0.9683126211166382,0.8329253792762756,0.05045294389128685,0.04670443385839462,0.2041829526424408,0.9680888056755066,0.8140056729316711,0.05269574373960495,0.04878474399447441,0.1887613981962204,0.9682058095932007,0.7969057559967041
ai_027_001_cam_00_frame.0007,train,ai_027_001,7,0.045802246779203415,0.04134818911552429,0.3073577880859375,0.9725138545036316,0.8640785217285156,0.043345507234334946,0.0388256311416626,0.3767751157283783,0.9733428955078125,0.8592950701713562,0.043960511684417725,0.038775552064180374,0.3795522153377533,0.972991943359375,0.8426563739776611,0.045673392713069916,0.039458684623241425,0.3875732421875,0.9728444814682007,0.8282051682472229
ai_027_001_cam_00_frame.0013,train,ai_027_001,13,0.07598622888326645,0.06812448799610138,0.171478271484375,0.9549611806869507,0.8620756268501282,0.07042786478996277,0.06180091202259064,0.2077382504940033,0.9562429189682007,0.8744850754737854,0.06991789489984512,0.05910634994506836,0.2416737973690033,0.9566141963005066,0.8757137656211853,0.07237297296524048,0.06057501956820488,0.2655181884765625,0.9568227529525757,0.8713492751121521
ai_027_001_cam_00_frame.0020,train,ai_027_001,20,0.09526091814041138,0.08714556694030762,0.1389312744140625,0.923797607421875,0.7251260876655579,0.08590060472488403,0.0791858360171318,0.1621195524930954,0.9354502558708191,0.730882465839386,0.07019415497779846,0.06469294428825378,0.2414398193359375,0.9371337890625,0.7388840317726135,0.0585935115814209,0.054081641137599945,0.3461507260799408,0.9371490478515625,0.730209469795227
ai_027_001_cam_00_frame.0026,train,ai_027_001,26,0.11145251989364624,0.10247142612934113,0.1330413818359375,0.8884531855583191,0.7555868625640869,0.09931139647960663,0.0911732167005539,0.1247762069106102,0.9037069082260132,0.7401528358459473,0.09184181690216064,0.0838220864534378,0.1511027067899704,0.9141387939453125,0.7269461154937744,0.08941233158111572,0.07955560088157654,0.2204386442899704,0.9211171865463257,0.7130626440048218
ai_027_001_cam_00_frame.0033,train,ai_027_001,33,0.0994463562965393,0.09128560870885849,0.1634368896484375,0.9467977285385132,0.8675556778907776,0.08947883546352386,0.08179768174886703,0.158721923828125,0.9487711787223816,0.8830546140670776,0.08436902612447739,0.07656853646039963,0.1550547331571579,0.949951171875,0.8619828820228577,0.08315320312976837,0.07456111907958984,0.1534322202205658,0.9498392939567566,0.8230324387550354
ai_027_001_cam_00_frame.0040,train,ai_027_001,40,0.08899301290512085,0.07909601926803589,0.2170664519071579,0.9526011347770691,0.8509803414344788,0.08166848868131638,0.07131797075271606,0.2310028076171875,0.9535726308822632,0.8657423853874207,0.08120794594287872,0.07026632130146027,0.1911773681640625,0.95361328125,0.8619335889816284,0.08371826261281967,0.07208776473999023,0.2012227475643158,0.9537455439567566,0.8590452671051025
ai_027_001_cam_00_frame.0046,train,ai_027_001,46,0.053187333047389984,0.04859667271375656,0.2549591064453125,0.9606527090072632,0.7117642760276794,0.050573211163282394,0.04581969976425171,0.2881062924861908,0.9613444209098816,0.70574551820755,0.05163123458623886,0.04652433842420578,0.294891357421875,0.9624379873275757,0.6929060816764832,0.05264708399772644,0.04761119931936264,0.2847646176815033,0.96319580078125,0.6863111257553101
ai_027_001_cam_00_frame.0053,train,ai_027_001,53,0.12788991630077362,0.11255567520856857,0.1884307861328125,0.8799285888671875,0.7290421724319458,0.12076576054096222,0.10469630360603333,0.178436279296875,0.8844859004020691,0.709991991519928,0.12108191847801208,0.10268910229206085,0.1573944091796875,0.8858795166015625,0.690289318561554,0.12287841737270355,0.10206137597560883,0.1395212858915329,0.8863779902458191,0.6799027323722839
ai_027_001_cam_00_frame.0059,train,ai_027_001,59,0.05017601698637009,0.046666182577610016,0.263946533203125,0.9692026972770691,0.7066231966018677,0.044096268713474274,0.04105916619300842,0.2841390073299408,0.9757589101791382,0.7055203914642334,0.04239597171545029,0.03944316506385803,0.3260599970817566,0.9765167236328125,0.7046537399291992,0.04312928766012192,0.04006088897585869,0.329315185546875,0.9767965078353882,0.7023971080780029
ai_027_001_cam_00_frame.0066,train,ai_027_001,66,0.07275712490081787,0.059039294719696045,0.1755422055721283,0.9820404052734375,0.5090773105621338,0.06560134142637253,0.054275136440992355,0.184906005859375,0.9824625849723816,0.5328381061553955,0.05844622477889061,0.05012670159339905,0.2313079833984375,0.9824066162109375,0.5620651841163635,0.0527612566947937,0.04683387279510498,0.2709503173828125,0.9820505976676941,0.5730285048484802
ai_027_001_cam_00_frame.0073,train,ai_027_001,73,0.07033078372478485,0.06430620700120926,0.361358642578125,0.9394480586051941,0.8130844831466675,0.06694580614566803,0.061189524829387665,0.493865966796875,0.9397074580192566,0.8095483183860779,0.06790423393249512,0.06202024221420288,0.4644317626953125,0.9393717646598816,0.7993901968002319,0.07189517468214035,0.06521636992692947,0.3400675654411316,0.9393209218978882,0.7915555238723755
ai_027_001_cam_00_frame.0079,train,ai_027_001,79,0.02206212840974331,0.02022942528128624,0.3945770263671875,0.9942271113395691,0.9291444420814514,0.02098933979868889,0.019159620627760887,0.4228566586971283,0.9948018789291382,0.9318574070930481,0.022671496495604515,0.02036655694246292,0.4476064145565033,0.9947561025619507,0.9260106682777405,0.024417337030172348,0.021361922845244408,0.4445851743221283,0.9945220947265625,0.9211369752883911
ai_027_001_cam_00_frame.0086,train,ai_027_001,86,0.045633599162101746,0.042102113366127014,0.1839548796415329,0.9829966425895691,0.4893091320991516,0.03980500251054764,0.03694618493318558,0.180511474609375,0.983428955078125,0.5047652721405029,0.03253794461488724,0.03051888570189476,0.1914927214384079,0.9836527705192566,0.5287845730781555,0.0262192003428936,0.023221686482429504,0.3249461054801941,0.9836883544921875,0.5316921472549438
ai_027_001_cam_00_frame.0092,train,ai_027_001,92,0.08858510106801987,0.08114229142665863,0.1119232177734375,0.95361328125,0.8400378227233887,0.0840374231338501,0.07600197196006775,0.1237691268324852,0.9541982412338257,0.85444575548172,0.08168807625770569,0.07270494103431702,0.1360982358455658,0.9546051025390625,0.8518891930580139,0.08129830658435822,0.0703214704990387,0.1670074462890625,0.9549459218978882,0.8481646180152893
ai_027_001_cam_00_frame.0099,train,ai_027_001,99,0.01879294589161873,0.01235160231590271,0.5285238027572632,0.9997507929801941,0.9015095233917236,0.01705748215317726,0.010567928664386272,0.5899912714958191,0.9996185302734375,0.9075073003768921,0.017921067774295807,0.011604810133576393,0.5483652949333191,0.9995066523551941,0.9003486037254333,0.02041187509894371,0.013929451815783978,0.4532572627067566,0.9994710683822632,0.8859227299690247
ai_029_001_cam_00_frame.0000,train,ai_029_001,0,0.034921564161777496,0.031207863241434097,0.1924235075712204,0.9933624267578125,0.8595719933509827,0.02458534762263298,0.021646574139595032,0.2804819941520691,0.994140625,0.8603590130805969,0.020880192518234253,0.017837636172771454,0.3760325312614441,0.9937235713005066,0.852084755897522,0.020264029502868652,0.017077753320336342,0.464813232421875,0.9937337636947632,0.8353696465492249
ai_029_001_cam_00_frame.0006,train,ai_029_001,6,0.027327001094818115,0.024736154824495316,0.4015960693359375,0.9926605224609375,0.8524499535560608,0.020926281809806824,0.01853986456990242,0.475860595703125,0.9927877187728882,0.8523766994476318,0.01881503313779831,0.01621713861823082,0.55438232421875,0.9928640127182007,0.8429723381996155,0.021479561924934387,0.018161511048674583,0.4923655390739441,0.9928131103515625,0.8275008201599121
ai_029_001_cam_00_frame.0014,train,ai_029_001,14,0.021511688828468323,0.018889527767896652,0.6579539179801941,0.9928334951400757,0.7274356484413147,0.01810620166361332,0.015729598701000214,0.69219970703125,0.9946238398551941,0.7356374859809875,0.0175585076212883,0.015383395366370678,0.632843017578125,0.9951833486557007,0.7272855639457703,0.02010323479771614,0.017983226105570793,0.5331472158432007,0.9950612783432007,0.6952919960021973
ai_029_001_cam_00_frame.0019,train,ai_029_001,19,0.03236813843250275,0.028942501172423363,0.2830607295036316,0.9927215576171875,0.854467511177063,0.023594297468662262,0.02054518833756447,0.3698628842830658,0.9930572509765625,0.8537946343421936,0.019885772839188576,0.016591347754001617,0.4864654541015625,0.9930877685546875,0.848240077495575,0.020822813734412193,0.01702587865293026,0.5253092646598816,0.9930471181869507,0.8312317728996277
ai_029_001_cam_00_frame.0026,train,ai_029_001,26,0.031213659793138504,0.028843173757195473,0.34140869975090027,0.9875283241271973,0.7848016023635864,0.022314758971333504,0.020645227283239365,0.42293721437454224,0.9910022616386414,0.7877212166786194,0.020108623430132866,0.018347876146435738,0.5295972228050232,0.9919330477714539,0.7631223797798157,0.020659534260630608,0.018367722630500793,0.5418857932090759,0.9904173612594604,0.7347612977027893
ai_029_001_cam_00_frame.0035,train,ai_029_001,35,0.02063571847975254,0.01888347789645195,0.5029932856559753,0.9950816035270691,0.8243696093559265,0.01607796922326088,0.01474808156490326,0.5797809958457947,0.9950002431869507,0.8240200281143188,0.016303349286317825,0.01485978253185749,0.5394721627235413,0.9947255849838257,0.811296820640564,0.019402818754315376,0.01763843186199665,0.4151734411716461,0.9947916865348816,0.7963637709617615
ai_029_001_cam_00_frame.0042,train,ai_029_001,42,0.02358289062976837,0.02170686051249504,0.5237223505973816,0.9947408437728882,0.7690324187278748,0.01706337183713913,0.01576254330575466,0.5747121572494507,0.9951934814453125,0.7661564946174622,0.017309918999671936,0.015842758119106293,0.57305908203125,0.9952494502067566,0.7390134930610657,0.01933787576854229,0.016747772693634033,0.5445709228515625,0.9954478144645691,0.721991240978241
ai_029_001_cam_00_frame.0048,train,ai_029_001,48,0.03402039036154747,0.02718547359108925,0.27008056640625,0.9932149648666382,0.9474886655807495,0.026208244264125824,0.021192854270339012,0.3222198486328125,0.9933065176010132,0.9468531012535095,0.019561581313610077,0.01704307086765766,0.3926035761833191,0.9939779043197632,0.9376869797706604,0.016890674829483032,0.015304578468203545,0.5644887685775757,0.9941253662109375,0.9203113317489624
ai_029_001_cam_00_frame.0056,train,ai_029_001,56,0.018214603886008263,0.0166245698928833,0.626861572265625,0.995025634765625,0.8616723418235779,0.014157562516629696,0.01304594986140728,0.7270864248275757,0.9955241084098816,0.856268584728241,0.014162126928567886,0.013074954971671104,0.6777750849723816,0.9956563711166382,0.8388845920562744,0.017101861536502838,0.015688281506299973,0.5512186884880066,0.9955393671989441,0.8098732233047485
ai_029_001_cam_00_frame.0064,train,ai_029_001,64,0.04188818857073784,0.0325801856815815,0.2526296079158783,0.9917551875114441,0.7856947779655457,0.03197301924228668,0.024099554866552353,0.3508402705192566,0.9926809072494507,0.7785401344299316,0.03068636730313301,0.02213974855840206,0.3880869746208191,0.9928690791130066,0.7413594722747803,0.03275422006845474,0.022168979048728943,0.4040120542049408,0.9928131103515625,0.7065653204917908
ai_029_001_cam_00_frame.0069,train,ai_029_001,69,0.06436165422201157,0.057977281510829926,0.332611083984375,0.9134267568588257,0.8084204792976379,0.04717446491122246,0.04279973730444908,0.3669331967830658,0.9876251220703125,0.798132598400116,0.04252321645617485,0.03832979500293732,0.3118235468864441,0.9884694814682007,0.7701253294944763,0.04032149538397789,0.03579159453511238,0.3284098505973816,0.9892324209213257,0.7383643388748169
ai_029_001_cam_00_frame.0075,train,ai_029_001,75,0.03470814228057861,0.031471267342567444,0.5347341299057007,0.9906718134880066,0.8438149690628052,0.023322923108935356,0.021076038479804993,0.5913442373275757,0.9919230341911316,0.8508667349815369,0.02086246758699417,0.018324322998523712,0.5688527822494507,0.9919891357421875,0.8066019415855408,0.023815294727683067,0.019992860034108162,0.5130462646484375,0.99169921875,0.7809334397315979
ai_029_001_cam_00_frame.0080,train,ai_029_001,80,0.041405029594898224,0.03549109399318695,0.3158671259880066,0.9901021718978882,0.8047652840614319,0.031241293996572495,0.027208689600229263,0.3543141782283783,0.99102783203125,0.8065874576568604,0.02613237127661705,0.02301156148314476,0.3770904541015625,0.991058349609375,0.7939786911010742,0.024842767044901848,0.021216943860054016,0.4168904721736908,0.9910227656364441,0.767325222492218
ai_029_001_cam_00_frame.0088,train,ai_029_001,88,0.028213074430823326,0.024923548102378845,0.4739176630973816,0.9871114492416382,0.8900449275970459,0.021394511684775352,0.01804707944393158,0.5854848623275757,0.9901530146598816,0.8848291039466858,0.021220963448286057,0.01749441586434841,0.6055704951286316,0.9908803701400757,0.8676721453666687,0.02427857369184494,0.020114831626415253,0.5128733515739441,0.9912770986557007,0.8550770282745361
ai_029_001_cam_00_frame.0093,train,ai_029_001,93,0.02519182488322258,0.02308659814298153,0.5706634521484375,0.9895426630973816,0.887712299823761,0.018405381590127945,0.016986794769763947,0.6584829092025757,0.9910380244255066,0.8880620002746582,0.015794632956385612,0.014661280438303947,0.7006785273551941,0.9917857050895691,0.8657727837562561,0.016633642837405205,0.015364959836006165,0.63873291015625,0.9917806386947632,0.848004937171936
ai_029_001_cam_00_frame.0099,train,ai_029_001,99,0.021291133016347885,0.018716808408498764,0.4848124384880066,0.9939066767692566,0.8625373244285583,0.01504241582006216,0.013731088489294052,0.66912841796875,0.9948781728744507,0.8494719862937927,0.01263988297432661,0.01167915016412735,0.7374267578125,0.9948476552963257,0.8321788907051086,0.014091087505221367,0.012919226661324501,0.6849517822265625,0.9947306513786316,0.8078144192695618
ai_031_001_cam_00_frame.0000,train,ai_031_001,0,0.057384781539440155,0.04923629015684128,0.2412923276424408,0.9406687617301941,0.627731204032898,0.052286311984062195,0.04444413632154465,0.3115794062614441,0.9422811269760132,0.6183246970176697,0.051097046583890915,0.04298923909664154,0.369232177734375,0.9416300654411316,0.590424656867981,0.051582492887973785,0.04295837879180908,0.4333953857421875,0.9418843984603882,0.5819903016090393
ai_031_001_cam_00_frame.0007,train,ai_031_001,7,0.09902478754520416,0.07930564880371094,0.146759033203125,0.8915303945541382,0.7515766024589539,0.08921383321285248,0.0714775025844574,0.1568756103515625,0.9461721181869507,0.7381801605224609,0.08342891931533813,0.06678285449743271,0.1921641081571579,0.9481760859489441,0.7174156308174133,0.08210652321577072,0.0666741281747818,0.1770579069852829,0.9477030634880066,0.7028837203979492
ai_031_001_cam_00_frame.0013,train,ai_031_001,13,0.08623409271240234,0.07678288221359253,0.1010996550321579,0.9117025136947632,0.7479864358901978,0.08009200543165207,0.07056864351034164,0.11187744140625,0.9262899160385132,0.7406156063079834,0.07523185014724731,0.06478399783372879,0.1128489226102829,0.956939697265625,0.7275459170341492,0.0724983811378479,0.06055325269699097,0.12554931640625,0.9736124873161316,0.7163987755775452
ai_031_001_cam_00_frame.0020,train,ai_031_001,20,0.12632568180561066,0.09596462547779083,0.05941342934966087,0.9085240364074707,0.6283071637153625,0.1200467199087143,0.09404700249433517,0.060003023594617844,0.9288415908813477,0.6414435505867004,0.1138090267777443,0.0888911783695221,0.05447752773761749,0.9429135918617249,0.6478856205940247,0.10869484394788742,0.08630926162004471,0.05242177098989487,0.9510218501091003,0.6362016201019287
ai_031_001_cam_00_frame.0026,train,ai_031_001,26,0.04720589146018028,0.038931332528591156,0.21358968317508698,0.9775342345237732,0.7541763782501221,0.04248105362057686,0.03429131209850311,0.2288655936717987,0.9832047820091248,0.7372008562088013,0.04373076930642128,0.035505667328834534,0.2258886992931366,0.9840906262397766,0.7250487208366394,0.04659987986087799,0.037728480994701385,0.20799127221107483,0.9841833114624023,0.7231917977333069
ai_031_001_cam_00_frame.0033,train,ai_031_001,33,0.09511233866214752,0.08530636131763458,0.18890173733234406,0.8659936189651489,0.7242955565452576,0.08749272674322128,0.07782892882823944,0.21509380638599396,0.876079261302948,0.7055369019508362,0.0816541239619255,0.07119771838188171,0.28362512588500977,0.8790692687034607,0.676440954208374,0.07940928637981415,0.06822502613067627,0.28904488682746887,0.8860681056976318,0.6616595983505249
ai_031_001_cam_00_frame.0040,train,ai_031_001,40,0.04880573973059654,0.04319947585463524,0.37516653537750244,0.9324824213981628,0.572495698928833,0.046779338270425797,0.04048221558332443,0.43399396538734436,0.9318214654922485,0.5499463677406311,0.04697293043136597,0.03983927145600319,0.4608175754547119,0.9317138195037842,0.5119578242301941,0.04818664863705635,0.0402502715587616,0.44963210821151733,0.9320981502532959,0.4895494282245636
ai_031_001_cam_00_frame.0046,train,ai_031_001,46,0.07621877640485764,0.06681892275810242,0.1413116455078125,0.9381815791130066,0.7264891266822815,0.07280515879392624,0.06274650990962982,0.1429290771484375,0.94158935546875,0.7133457660675049,0.0724327489733696,0.060220472514629364,0.1457926481962204,0.9408823847770691,0.6852302551269531,0.072041817009449,0.05718767270445824,0.1546274870634079,0.9403839111328125,0.6695404648780823
ai_031_001_cam_00_frame.0053,train,ai_031_001,53,0.0551476776599884,0.045523952692747116,0.1910848617553711,0.9626640677452087,0.5798721313476562,0.05165044963359833,0.04185238480567932,0.2002008855342865,0.9638163447380066,0.5706562399864197,0.04958707094192505,0.03901723399758339,0.22943541407585144,0.9640253782272339,0.5384141206741333,0.049112919718027115,0.03714849054813385,0.27159449458122253,0.9633727669715881,0.5199224352836609
ai_031_001_cam_00_frame.0059,train,ai_031_001,59,0.10415836423635483,0.06576122343540192,0.2150849848985672,0.9223217368125916,0.47936317324638367,0.09618165343999863,0.06133710965514183,0.22826871275901794,0.9244325757026672,0.4860289692878723,0.08968090265989304,0.05949053913354874,0.22551192343235016,0.9250175356864929,0.48069116473197937,0.08509910851716995,0.05831601098179817,0.23410271108150482,0.9250073432922363,0.4689859449863434
ai_031_001_cam_00_frame.0066,train,ai_031_001,66,0.06997504830360413,0.06434574723243713,0.1209513396024704,0.9704386591911316,0.5951111912727356,0.06294409930706024,0.057779423892498016,0.1370747983455658,0.9719594717025757,0.5929043292999268,0.056838564574718475,0.050914209336042404,0.1945902556180954,0.9713033437728882,0.5859875679016113,0.05428708717226982,0.04789012670516968,0.257537841796875,0.969940185546875,0.571476936340332
ai_031_001_cam_00_frame.0073,train,ai_031_001,73,0.07920541614294052,0.07518625259399414,0.10327936708927155,0.9784427881240845,0.763051450252533,0.07037349790334702,0.06650219857692719,0.11962277442216873,0.9827562570571899,0.7609983682632446,0.06415820866823196,0.06012759730219841,0.11822394281625748,0.983208954334259,0.7389419078826904,0.06049123778939247,0.0556221529841423,0.13733957707881927,0.9832038879394531,0.721383810043335
ai_031_001_cam_00_frame.0079,train,ai_031_001,79,0.06448066979646683,0.05754494294524193,0.17907153069972992,0.9654989838600159,0.7488685846328735,0.057186469435691833,0.05022329464554787,0.20445261895656586,0.9692273139953613,0.7508500218391418,0.054628752171993256,0.047597479075193405,0.20176193118095398,0.9717755913734436,0.7413787245750427,0.0531301386654377,0.045702483505010605,0.2111157923936844,0.9716280698776245,0.7306210994720459
ai_031_001_cam_00_frame.0086,train,ai_031_001,86,0.08361393213272095,0.07885031402111053,0.1741739958524704,0.91180419921875,0.6751419305801392,0.07715868949890137,0.07203976809978485,0.2091776579618454,0.9192657470703125,0.672093391418457,0.074508897960186,0.06853681057691574,0.2279815673828125,0.9301961660385132,0.6586501598358154,0.07219608128070831,0.06521973013877869,0.2683614194393158,0.940460205078125,0.6472639441490173
ai_031_001_cam_00_frame.0092,train,ai_031_001,92,0.09425628930330276,0.08883753418922424,0.33211320638656616,0.8975446224212646,0.6353868842124939,0.0882636085152626,0.08273997157812119,0.3677447438240051,0.9074566960334778,0.6304408311843872,0.083873450756073,0.0775553286075592,0.4009682834148407,0.9074974656105042,0.5825891494750977,0.08284718543291092,0.0760389044880867,0.4049137830734253,0.9056544899940491,0.5767121911048889
ai_031_001_cam_00_frame.0099,train,ai_031_001,99,0.06114929914474487,0.054132889956235886,0.3250885009765625,0.9265798330307007,0.7742060422897339,0.05604679882526398,0.04866507276892662,0.3420613706111908,0.9365692138671875,0.7631567120552063,0.053784217685461044,0.04558957740664482,0.377197265625,0.9412587881088257,0.7339074611663818,0.05370213836431503,0.044765882194042206,0.41790771484375,0.9419403076171875,0.7083587050437927
ai_033_001_cam_00_frame.0000,train,ai_033_001,0,0.02034333534538746,0.01799263060092926,0.6587819457054138,0.9959172606468201,0.8209986686706543,0.015317605808377266,0.013442869298160076,0.6836326122283936,0.9969648718833923,0.8131257891654968,0.015049475245177746,0.01318331714719534,0.6471808552742004,0.9968159794807434,0.7992895841598511,0.016630074009299278,0.014606673270463943,0.579253613948822,0.9966670274734497,0.7836326360702515
ai_033_001_cam_00_frame.0007,train,ai_033_001,7,0.03652246296405792,0.033057935535907745,0.4491693377494812,0.9929636120796204,0.8505852222442627,0.02759893424808979,0.025007760152220726,0.5016827583312988,0.9948525428771973,0.8468522429466248,0.024502038955688477,0.022156717255711555,0.5532287359237671,0.9952751398086548,0.8355807662010193,0.023803524672985077,0.021514732390642166,0.5372466444969177,0.9954889416694641,0.8300707340240479
ai_033_001_cam_00_frame.0013,train,ai_033_001,13,0.024920092895627022,0.022138768807053566,0.5876734852790833,0.9889264702796936,0.8107584714889526,0.018655408173799515,0.016554243862628937,0.646586000919342,0.9931694269180298,0.8171957731246948,0.016676053404808044,0.01474808994680643,0.6516591906547546,0.993266224861145,0.8138458132743835,0.017250992357730865,0.015299063175916672,0.599658727645874,0.9933528304100037,0.8113735318183899
ai_033_001_cam_00_frame.0020,train,ai_033_001,20,0.01425164844840765,0.013047348707914352,0.49503645300865173,0.9991156458854675,0.7943705320358276,0.01146859023720026,0.010530760511755943,0.6005949974060059,0.9993661642074585,0.7911051511764526,0.009774741716682911,0.008934448473155499,0.7400805354118347,0.9994325637817383,0.7848263382911682,0.010987108573317528,0.009954739362001419,0.6278817653656006,0.999417245388031,0.7794263958930969
ai_033_001_cam_00_frame.0026,train,ai_033_001,26,0.011617670767009258,0.01042870432138443,0.7129415273666382,0.9947103261947632,0.7525144815444946,0.010566189885139465,0.00948428176343441,0.7288157343864441,0.9982808828353882,0.7499736547470093,0.013106084428727627,0.011865856125950813,0.5540568232536316,0.9983114004135132,0.7384007573127747,0.016642242670059204,0.015153728425502777,0.3961995542049408,0.9983266592025757,0.7336766123771667
ai_033_001_cam_00_frame.0033,train,ai_033_001,33,0.021678518503904343,0.0196521133184433,0.3937886655330658,0.998443603515625,0.7866722345352173,0.01925029419362545,0.017534613609313965,0.443359375,0.9985198974609375,0.7966795563697815,0.020432155579328537,0.01868841052055359,0.4783223569393158,0.9984130859375,0.7941851615905762,0.022568702697753906,0.02053792215883732,0.481170654296875,0.9983114004135132,0.7815365195274353
ai_033_001_cam_00_frame.0040,train,ai_033_001,40,0.018614916130900383,0.016814429312944412,0.5095164179801941,0.9996490478515625,0.696257472038269,0.014904814772307873,0.013418255373835564,0.571258544921875,0.9996592402458191,0.6965473890304565,0.015323981642723083,0.013676946982741356,0.5555674433708191,0.9995880126953125,0.6925682425498962,0.019764279946684837,0.017324291169643402,0.4435475766658783,0.9995321035385132,0.6886317729949951
ai_033_001_cam_00_frame.0046,train,ai_033_001,46,0.024218592792749405,0.02087247557938099,0.309940904378891,0.9892778396606445,0.7442278861999512,0.01740245521068573,0.014088572934269905,0.6240373849868774,0.9949135780334473,0.7527267336845398,0.016369935125112534,0.013469747267663479,0.6446780562400818,0.995193362236023,0.7558367252349854,0.021416887640953064,0.018092703074216843,0.4143854081630707,0.995223879814148,0.7514740228652954
ai_033_001_cam_00_frame.0053,train,ai_033_001,53,0.01613708958029747,0.0146260354667902,0.4143168330192566,0.9993082880973816,0.7964071035385132,0.013216271996498108,0.011999125592410564,0.5042368769645691,0.9993133544921875,0.7996261119842529,0.012367086485028267,0.010927270166575909,0.60821533203125,0.9992828369140625,0.7976675033569336,0.015705300495028496,0.01377104502171278,0.5639699697494507,0.9992014765739441,0.7828928828239441
ai_033_001_cam_00_frame.0059,train,ai_033_001,59,0.010386324487626553,0.008811513893306255,0.8085705637931824,0.9987526535987854,0.7726807594299316,0.009034780785441399,0.007670157589018345,0.8527978658676147,0.9990020990371704,0.7721021771430969,0.00971042551100254,0.008085235953330994,0.7983372211456299,0.9989104866981506,0.7618470788002014,0.011923260055482388,0.010040800087153912,0.6715813875198364,0.9988850355148315,0.7502724528312683
ai_033_001_cam_00_frame.0066,train,ai_033_001,66,0.021664798259735107,0.018924834206700325,0.4296976923942566,0.99761962890625,0.7819921374320984,0.01631562039256096,0.013758200220763683,0.517120361328125,0.99774169921875,0.8077054023742676,0.014556383714079857,0.011498183012008667,0.6438242793083191,0.9977061152458191,0.800139844417572,0.016620369628071785,0.012359118089079857,0.628326416015625,0.9977773427963257,0.7849369049072266
ai_033_001_cam_00_frame.0073,train,ai_033_001,73,0.02798004075884819,0.024370675906538963,0.4676412045955658,0.9942067861557007,0.8340351581573486,0.02062804251909256,0.017534513026475906,0.5962168574333191,0.9944865107536316,0.8376254439353943,0.01747710071504116,0.014388009905815125,0.6696929931640625,0.9945831298828125,0.8375481963157654,0.01750040054321289,0.01425313949584961,0.6613006591796875,0.9944204092025757,0.8303375840187073
ai_033_001_cam_00_frame.0079,train,ai_033_001,79,0.016775114461779594,0.014352744445204735,0.6220601797103882,0.9978587031364441,0.8320071697235107,0.012359356507658958,0.01061198115348816,0.7861074209213257,0.9983978271484375,0.838094174861908,0.009962069801986217,0.008721644058823586,0.8110606074333191,0.9984893798828125,0.8339585065841675,0.011281522922217846,0.009965850040316582,0.7312876582145691,0.9985148310661316,0.829794704914093
ai_033_001_cam_00_frame.0086,train,ai_033_001,86,0.04199647530913353,0.035698600113391876,0.6731058955192566,0.9883270263671875,0.8096368908882141,0.030595017597079277,0.02613818645477295,0.7052510976791382,0.9883880615234375,0.8081475496292114,0.03054802492260933,0.025967858731746674,0.7198893427848816,0.9883016347885132,0.8053938746452332,0.032513391226530075,0.027661554515361786,0.6657155752182007,0.9883067011833191,0.793896496295929
ai_033_001_cam_00_frame.0092,train,ai_033_001,92,0.0812973901629448,0.074827179312706,0.16515913605690002,0.9590408802032471,0.8695206046104431,0.06571559607982635,0.06044360250234604,0.1813487410545349,0.9787794351577759,0.8844641447067261,0.052446894347667694,0.048263292759656906,0.16807672381401062,0.9816504716873169,0.8947280645370483,0.04639536142349243,0.04287530481815338,0.22583025693893433,0.982394814491272,0.8815295696258545
ai_033_001_cam_00_frame.0099,train,ai_033_001,99,0.028945326805114746,0.026911955326795578,0.3700103759765625,0.9957377314567566,0.8475291132926941,0.022556696087121964,0.020912697538733482,0.4352976679801941,0.9958953857421875,0.8464768528938293,0.020982077345252037,0.019212428480386734,0.4212290644645691,0.9958699941635132,0.8279303312301636,0.020906848832964897,0.018750164657831192,0.4478200376033783,0.9957377314567566,0.817390501499176
ai_035_001_cam_00_frame.0000,train,ai_035_001,0,0.049565862864255905,0.04318268597126007,0.20159912109375,0.9112548828125,0.7502797245979309,0.03948934003710747,0.03528930991888046,0.2636922299861908,0.9505462646484375,0.7426209449768066,0.034684546291828156,0.03085228055715561,0.501190185546875,0.9778391718864441,0.7214062213897705,0.03530367463827133,0.031187444925308228,0.4046275019645691,0.9918772578239441,0.7119656801223755
ai_035_001_cam_00_frame.0007,train,ai_035_001,7,0.006513625383377075,0.005909251980483532,0.9248301386833191,0.999420166015625,0.8894142508506775,0.004515465814620256,0.0041510495357215405,0.9467061758041382,0.9993795156478882,0.8954654335975647,0.004653773736208677,0.004171611741185188,0.9205881953239441,0.9992828369140625,0.892383873462677,0.007402009796351194,0.006548343226313591,0.8331451416015625,0.9992319941520691,0.8679587244987488
ai_035_001_cam_00_frame.0013,train,ai_035_001,13,0.029501674696803093,0.02856508269906044,0.5347036123275757,0.9973602294921875,0.46102234721183777,0.028499526903033257,0.027521084994077682,0.5947011709213257,0.9974416494369507,0.4576897919178009,0.02673501893877983,0.025241127237677574,0.5760040283203125,0.9974822998046875,0.43843936920166016,0.025108322501182556,0.02286539040505886,0.4020335078239441,0.9975332021713257,0.4422328472137451
ai_035_001_cam_00_frame.0020,train,ai_035_001,20,0.040043994784355164,0.023004569113254547,0.3234507441520691,0.9909159541130066,0.7214263677597046,0.03662203997373581,0.02249487303197384,0.329437255859375,0.9905141592025757,0.6965080499649048,0.03408602997660637,0.023551523685455322,0.3627879023551941,0.9904836416244507,0.6108534932136536,0.03244422376155853,0.0241867508739233,0.3896993100643158,0.9906005859375,0.5905589461326599
ai_035_001_cam_00_frame.0026,train,ai_035_001,26,0.01869709976017475,0.016853217035531998,0.6817525625228882,0.9874624013900757,0.506355881690979,0.01676763966679573,0.01502479612827301,0.7418619990348816,0.987762451171875,0.5013126730918884,0.016503099352121353,0.014567874372005463,0.7875112295150757,0.9877421259880066,0.4838622212409973,0.018383031710982323,0.01607586443424225,0.7063344717025757,0.9876912832260132,0.46880248188972473
ai_035_001_cam_00_frame.0033,train,ai_035_001,33,0.017127614468336105,0.01451700460165739,0.7473195791244507,0.9863027334213257,0.5053380131721497,0.015347260050475597,0.01260681077837944,0.8213094472885132,0.986541748046875,0.5007607340812683,0.015180173330008984,0.012105538509786129,0.8615570068359375,0.9866079092025757,0.4803033769130707,0.017452551051974297,0.014344539493322372,0.7314249873161316,0.9864858388900757,0.4718191623687744
ai_035_001_cam_00_frame.0040,train,ai_035_001,40,0.042237408459186554,0.040943607687950134,0.1156819686293602,0.9950002431869507,0.7647412419319153,0.03752440586686134,0.03648025915026665,0.1379038542509079,0.995208740234375,0.7572240233421326,0.031766608357429504,0.030646568164229393,0.1669769287109375,0.9950714111328125,0.7526289820671082,0.026047712191939354,0.023763388395309448,0.2409006804227829,0.9950358271598816,0.7489567995071411
ai_035_001_cam_00_frame.0046,train,ai_035_001,46,0.010840971022844315,0.009580293670296669,0.76171875,0.9972178339958191,0.7059763669967651,0.009131882339715958,0.008127454668283463,0.793212890625,0.9972381591796875,0.6954891085624695,0.010137561708688736,0.009243510663509369,0.7554880976676941,0.9971567988395691,0.6620018482208252,0.013697261922061443,0.012496357783675194,0.5606740713119507,0.9970754384994507,0.6553553342819214
ai_035_001_cam_00_frame.0053,train,ai_035_001,53,0.01661083474755287,0.015488751232624054,0.5719655752182007,0.9927775263786316,0.7613791823387146,0.014371964149177074,0.013368422165513039,0.5688883662223816,0.996368408203125,0.7757137417793274,0.013463802635669708,0.01176887284964323,0.6732330322265625,0.9963430166244507,0.7724242210388184,0.014237876981496811,0.012127101421356201,0.6805318593978882,0.9963277578353882,0.7673056125640869
ai_035_001_cam_00_frame.0059,train,ai_035_001,59,0.004639932420104742,0.0034396720584481955,0.9641851782798767,0.9995511770248413,0.9131706953048706,0.004624538589268923,0.00310222408734262,0.9809547662734985,0.9995247721672058,0.9222884774208069,0.00693524582311511,0.0046624294482171535,0.9304296374320984,0.9994086027145386,0.9132608771324158,0.011679412797093391,0.008545405231416225,0.6335306167602539,0.9994033575057983,0.90534508228302
ai_035_001_cam_00_frame.0066,train,ai_035_001,66,0.04911802336573601,0.047262679785490036,0.1267751157283783,0.9888814687728882,0.7924652695655823,0.04187176749110222,0.04014179855585098,0.141204833984375,0.9929453730583191,0.7891590595245361,0.03241461142897606,0.029092423617839813,0.184326171875,0.9938609004020691,0.7629112601280212,0.027839474380016327,0.02193501591682434,0.2958933711051941,0.9937846064567566,0.7389584183692932
ai_035_001_cam_00_frame.0073,train,ai_035_001,73,0.042928777635097504,0.040980707854032516,0.092559814453125,0.9927114248275757,0.7150693535804749,0.03772704303264618,0.035769086331129074,0.11700439453125,0.992767333984375,0.711834192276001,0.032417215406894684,0.0298902690410614,0.1647542417049408,0.9924367666244507,0.6918306946754456,0.02729751169681549,0.023565029725432396,0.3009287714958191,0.9918670654296875,0.6816139221191406
ai_035_001_cam_00_frame.0079,train,ai_035_001,79,0.04080897197127342,0.03276754543185234,0.2751973569393158,0.9996694326400757,0.6719940900802612,0.03066902607679367,0.025047175586223602,0.3046671748161316,0.9995982050895691,0.6599023938179016,0.030071234330534935,0.024020832031965256,0.34991455078125,0.9995473623275757,0.6761322617530823,0.03023451194167137,0.024397265166044235,0.3526408076286316,0.9995219111442566,0.6700636148452759
ai_035_001_cam_00_frame.0086,train,ai_035_001,86,0.00616634264588356,0.005286220461130142,0.8566793203353882,0.9992167353630066,0.7290614247322083,0.005846249870955944,0.004931645467877388,0.9173330068588257,0.9992421865463257,0.7276866436004639,0.007291583344340324,0.006123093422502279,0.8548228144645691,0.9991506338119507,0.7271865606307983,0.009832102805376053,0.008441510610282421,0.732666015625,0.9991353750228882,0.7204996943473816
ai_035_001_cam_00_frame.0092,train,ai_035_001,92,0.015448960475623608,0.012675976380705833,0.5208190083503723,0.9962552189826965,0.6963965892791748,0.011282413266599178,0.00998351164162159,0.6488250494003296,0.996529757976532,0.6858618259429932,0.008486203849315643,0.007063337601721287,0.8962547183036804,0.9965971112251282,0.6591147184371948,0.011975337751209736,0.009206129238009453,0.7521663308143616,0.996648907661438,0.6401549577713013
ai_035_001_cam_00_frame.0099,train,ai_035_001,99,0.02569442242383957,0.02094409056007862,0.7312594056129456,0.9375699758529663,0.748327374458313,0.020617477595806122,0.016861386597156525,0.7133942246437073,0.9960494637489319,0.7372245788574219,0.020587699487805367,0.01767859049141407,0.5131281018257141,0.9961732625961304,0.7052624821662903,0.022477243095636368,0.019914863631129265,0.3881029784679413,0.9963486194610596,0.6775203347206116
ai_036_002_cam_00_frame.0000,train,ai_036_002,0,0.06882836669683456,0.05899583920836449,0.2542317807674408,0.9565175771713257,0.8717377781867981,0.05843186005949974,0.048488467931747437,0.2984466552734375,0.9711202383041382,0.8669679164886475,0.055297400802373886,0.043450795114040375,0.3640543818473816,0.9727935791015625,0.8658803105354309,0.056972190737724304,0.04324023053050041,0.3671010434627533,0.9723256826400757,0.8643295764923096
ai_036_002_cam_00_frame.0007,train,ai_036_002,7,0.069057896733284,0.059301525354385376,0.176116943359375,0.9585368037223816,0.8598886132240295,0.06088130921125412,0.0505448579788208,0.2068328857421875,0.9666646718978882,0.8668829202651978,0.05908450484275818,0.04664347693324089,0.3232167661190033,0.9661712646484375,0.8610599040985107,0.06031721830368042,0.04617372155189514,0.3906657099723816,0.965789794921875,0.8477638363838196
ai_036_002_cam_00_frame.0013,train,ai_036_002,13,0.07551365345716476,0.06514060497283936,0.1098276823759079,0.9689077138900757,0.8989584445953369,0.0661475658416748,0.05475500226020813,0.1318155974149704,0.976806640625,0.8958887457847595,0.0615878626704216,0.04912763088941574,0.1544647216796875,0.977325439453125,0.8843286037445068,0.06081676483154297,0.046499110758304596,0.1799672544002533,0.9774169921875,0.8711439967155457
ai_036_002_cam_00_frame.0020,train,ai_036_002,20,0.03228086978197098,0.028716251254081726,0.3223775327205658,0.991424560546875,0.8242993354797363,0.02962910756468773,0.025905519723892212,0.3384246826171875,0.9911600947380066,0.8324423432350159,0.028475238010287285,0.023905379697680473,0.3394317626953125,0.9905548095703125,0.8191429376602173,0.029099807143211365,0.023329949006438255,0.334381103515625,0.9901021718978882,0.8006250858306885
ai_036_002_cam_00_frame.0026,train,ai_036_002,26,0.05161416530609131,0.046548306941986084,0.2002970427274704,0.9650370478630066,0.7275107502937317,0.04658650606870651,0.04086530953645706,0.223297119140625,0.9730377197265625,0.7443100214004517,0.04165351018309593,0.03388172388076782,0.245208740234375,0.9883575439453125,0.7547540664672852,0.038696449249982834,0.028929397463798523,0.3010203242301941,0.9942626953125,0.7417622804641724
ai_036_002_cam_00_frame.0033,train,ai_036_002,33,0.033120814710855484,0.03007843904197216,0.2404378354549408,0.9962667226791382,0.7235172390937805,0.029200008139014244,0.025226548314094543,0.2874959409236908,0.9964854121208191,0.7267742156982422,0.026828225702047348,0.02065674029290676,0.3498586118221283,0.996612548828125,0.7108383178710938,0.026832809671759605,0.019060909748077393,0.3619537353515625,0.9965261220932007,0.690887451171875
ai_036_002_cam_00_frame.0040,train,ai_036_002,40,0.03721611574292183,0.031768109649419785,0.2579270005226135,0.9943846464157104,0.8688070774078369,0.03341767191886902,0.02751031517982483,0.286929190158844,0.9944711327552795,0.8636564612388611,0.030904285609722137,0.023809414356946945,0.32153645157814026,0.994155764579773,0.8515863418579102,0.030574847012758255,0.022286536172032356,0.3387231230735779,0.9940744042396545,0.8401119709014893
ai_036_002_cam_00_frame.0046,train,ai_036_002,46,0.0684674084186554,0.04415323585271835,0.2072194516658783,0.9703267812728882,0.8729093670845032,0.061825916171073914,0.03725902736186981,0.2753245234489441,0.9783782958984375,0.8775618076324463,0.05851825699210167,0.03418324515223503,0.3399505615234375,0.9786784052848816,0.8631741404533386,0.05573205277323723,0.03444519639015198,0.354217529296875,0.9776560664176941,0.8587002754211426
ai_036_002_cam_00_frame.0053,train,ai_036_002,53,0.03284232318401337,0.029848143458366394,0.2706248164176941,0.9985758662223816,0.8025621175765991,0.029015332460403442,0.02565036714076996,0.3056640625,0.9988607168197632,0.797945499420166,0.02630171738564968,0.021996399387717247,0.3222096860408783,0.999267578125,0.770214319229126,0.024593597277998924,0.01908552646636963,0.3897908627986908,0.9993642568588257,0.7179056406021118
ai_036_002_cam_00_frame.0059,train,ai_036_002,59,0.06902161240577698,0.06369289010763168,0.0726827010512352,0.9839732050895691,0.8277857899665833,0.062258683145046234,0.057560622692108154,0.0811818465590477,0.9918264150619507,0.8297351002693176,0.05661068856716156,0.052711062133312225,0.0893452987074852,0.9936065673828125,0.820547878742218,0.0523909330368042,0.04879076033830643,0.0957539901137352,0.9934489130973816,0.8094391822814941
ai_036_002_cam_00_frame.0066,train,ai_036_002,66,0.06503839045763016,0.06183978170156479,0.1461283415555954,0.9253286123275757,0.7117758989334106,0.056161537766456604,0.051887281239032745,0.1807098388671875,0.9346364736557007,0.7430407404899597,0.048774342983961105,0.04235571622848511,0.2519734799861908,0.9564107656478882,0.747948944568634,0.044870346784591675,0.03693787008523941,0.3229878842830658,0.9749603271484375,0.7351468801498413
ai_036_002_cam_00_frame.0073,train,ai_036_002,73,0.04206386208534241,0.03846193104982376,0.2282562255859375,0.98223876953125,0.7848806381225586,0.036964572966098785,0.03302234038710594,0.2609761655330658,0.984039306640625,0.7906510829925537,0.03427884727716446,0.029058275744318962,0.3184712827205658,0.9839884638786316,0.7866421937942505,0.03398941084742546,0.027524128556251526,0.34417724609375,0.9845937490463257,0.760001540184021
ai_036_002_cam_00_frame.0079,train,ai_036_002,79,0.05658526346087456,0.047511495649814606,0.2586314082145691,0.9456838369369507,0.6965518593788147,0.049879949539899826,0.0388900563120842,0.3199615478515625,0.9601084589958191,0.6931235790252686,0.04759373515844345,0.03413517028093338,0.3906148374080658,0.9631296992301941,0.6842425465583801,0.04740030691027641,0.031689777970314026,0.4616445004940033,0.9641011953353882,0.6658048629760742
ai_036_002_cam_00_frame.0086,train,ai_036_002,86,0.04826613888144493,0.04107203334569931,0.2709554135799408,0.9919027090072632,0.7407503128051758,0.0428004264831543,0.035861726850271225,0.2970530390739441,0.99365234375,0.7433692216873169,0.04052632302045822,0.0331229493021965,0.3203837275505066,0.9937032461166382,0.7370315790176392,0.040753625333309174,0.03265494108200073,0.3341318964958191,0.9934743642807007,0.7250274419784546
ai_036_002_cam_00_frame.0092,train,ai_036_002,92,0.05740153789520264,0.05388277769088745,0.1589711606502533,0.964874267578125,0.7620904445648193,0.051420267671346664,0.047645293176174164,0.1986897885799408,0.9758504629135132,0.7786461114883423,0.04690471291542053,0.04139953479170799,0.2854766845703125,0.97808837890625,0.7669111490249634,0.04479023814201355,0.037979431450366974,0.3373616635799408,0.979461669921875,0.7451558113098145
ai_036_002_cam_00_frame.0099,train,ai_036_002,99,0.034679826349020004,0.029522310942411423,0.3271484375,0.9870809316635132,0.6816154718399048,0.03045901283621788,0.025114160031080246,0.368896484375,0.990936279296875,0.6874758005142212,0.02834807150065899,0.02165629342198372,0.3891347348690033,0.99072265625,0.6939921975135803,0.028484240174293518,0.020489562302827835,0.4246673583984375,0.9900919795036316,0.678342342376709
ai_037_001_cam_00_frame.0000,train,ai_037_001,0,0.0334242582321167,0.030053894966840744,0.5543619990348816,0.9767659902572632,0.8640600442886353,0.027780979871749878,0.025088123977184296,0.6374969482421875,0.9783681631088257,0.8652964234352112,0.025834646075963974,0.02379455231130123,0.6097412109375,0.9788259267807007,0.8587146997451782,0.028400739654898643,0.026697248220443726,0.4809316098690033,0.9788818359375,0.8513563871383667
ai_037_001_cam_00_frame.0007,train,ai_037_001,7,0.028378020972013474,0.024019107222557068,0.6931508779525757,0.9834238886833191,0.8187913298606873,0.021031197160482407,0.017652377486228943,0.7161051630973816,0.9904581904411316,0.823466420173645,0.018261395394802094,0.015778644010424614,0.7075602412223816,0.9904836416244507,0.8196399211883545,0.01995960809290409,0.01785355806350708,0.6077067255973816,0.9897715449333191,0.8128920793533325
ai_037_001_cam_00_frame.0013,train,ai_037_001,13,0.023960217833518982,0.018223030492663383,0.4541727900505066,0.996673583984375,0.7685544490814209,0.01847565919160843,0.013334838673472404,0.526947021484375,0.9969889521598816,0.7732304930686951,0.015471212565898895,0.011304598301649094,0.5921885371208191,0.9971720576286316,0.7767329216003418,0.018318520858883858,0.015509383752942085,0.484161376953125,0.9972788691520691,0.7696197032928467
ai_037_001_cam_00_frame.0020,train,ai_037_001,20,0.02055012807250023,0.015684086829423904,0.55987548828125,0.9954376220703125,0.7885598540306091,0.017756719142198563,0.012949598953127861,0.5683492422103882,0.9960683584213257,0.8099997043609619,0.019490839913487434,0.01386103592813015,0.5318807363510132,0.9961904287338257,0.8281948566436768,0.02251972071826458,0.015400255098938942,0.50604248046875,0.99627685546875,0.8312985897064209
ai_037_001_cam_00_frame.0026,train,ai_037_001,26,0.09730449318885803,0.08472447097301483,0.1775868833065033,0.8553975820541382,0.8810304403305054,0.09183777868747711,0.07757073640823364,0.22381591796875,0.874542236328125,0.8860731720924377,0.08906111121177673,0.0731612890958786,0.2534230649471283,0.9063161611557007,0.7695144414901733,0.08870662748813629,0.0718955546617508,0.236236572265625,0.9193980097770691,0.7218635082244873
ai_037_001_cam_00_frame.0033,train,ai_037_001,33,0.05058369040489197,0.04565123841166496,0.42532625794410706,0.9502633213996887,0.8185312151908875,0.04770766571164131,0.04303256422281265,0.4609346091747284,0.9506449103355408,0.8275677561759949,0.05034051463007927,0.04495542496442795,0.4221261441707611,0.9506703019142151,0.8264263272285461,0.053966768085956573,0.04787592962384224,0.36586707830429077,0.9506347179412842,0.8215590119361877
ai_037_001_cam_00_frame.0040,train,ai_037_001,40,0.0238923579454422,0.01925479620695114,0.5503082275390625,0.990966796875,0.8060300350189209,0.019702991470694542,0.01511295698583126,0.6843109130859375,0.9919790029525757,0.8149668574333191,0.019556675106287003,0.015845490619540215,0.6236419677734375,0.9920705556869507,0.8221847414970398,0.02368513122200966,0.020942319184541702,0.4973805844783783,0.9920145869255066,0.8151589632034302
ai_037_001_cam_00_frame.0046,train,ai_037_001,46,0.04163771867752075,0.037651896476745605,0.4743017554283142,0.9597604870796204,0.8114814162254333,0.029985874891281128,0.027197301387786865,0.48123854398727417,0.9815953373908997,0.8124323487281799,0.02817971259355545,0.025375569239258766,0.444296658039093,0.9812997579574585,0.797014594078064,0.031402021646499634,0.027828985825181007,0.3884250819683075,0.9803414940834045,0.7853445410728455
ai_037_001_cam_00_frame.0053,train,ai_037_001,53,0.03710684925317764,0.030096828937530518,0.5469716787338257,0.97265625,0.8388092517852783,0.03175954148173332,0.02539956197142601,0.6246439814567566,0.9784698486328125,0.8435824513435364,0.03185669332742691,0.026406507939100266,0.5343475341796875,0.9788767695426941,0.8479712009429932,0.03547576814889908,0.031128404662013054,0.323089599609375,0.9787394404411316,0.8439223170280457
ai_037_001_cam_00_frame.0059,train,ai_037_001,59,0.0532679446041584,0.05035178363323212,0.5536012053489685,0.9413450956344604,0.6694244742393494,0.051559243351221085,0.04874568432569504,0.5806446671485901,0.9420799016952515,0.6572097539901733,0.05456424504518509,0.051026009023189545,0.5321741104125977,0.9418846368789673,0.5946347117424011,0.059499382972717285,0.05540435388684273,0.3476283550262451,0.9418178200721741,0.5385793447494507
ai_037_001_cam_00_frame.0066,train,ai_037_001,66,0.03646168112754822,0.03210953623056412,0.5658518671989441,0.9728139638900757,0.8537787795066833,0.028507372364401817,0.025080326944589615,0.5442301630973816,0.9825286865234375,0.8565330505371094,0.029630038887262344,0.02613690122961998,0.5034891963005066,0.9864603877067566,0.8599480986595154,0.03186597302556038,0.028352748602628708,0.4287109375,0.9854227900505066,0.8538780212402344
ai_037_001_cam_00_frame.0073,train,ai_037_001,73,0.2101718634366989,0.1740656942129135,0.014475504867732525,0.6809794306755066,0.7235375642776489,0.20640066266059875,0.1721438616514206,0.0171305350959301,0.6852366328239441,0.7306307554244995,0.2023473083972931,0.17165957391262054,0.022216796875,0.6777801513671875,0.7034277319908142,0.19821272790431976,0.1701200008392334,0.02271016500890255,0.6774190664291382,0.5419268608093262
ai_037_001_cam_00_frame.0079,train,ai_037_001,79,0.06974524259567261,0.06386137753725052,0.3476322591304779,0.9344518184661865,0.835961103439331,0.06149892508983612,0.055761534720659256,0.393879234790802,0.9479503631591797,0.8462127447128296,0.06151135638356209,0.05414227768778801,0.34563133120536804,0.9494279623031616,0.8476284146308899,0.06480579078197479,0.056830473244190216,0.26433226466178894,0.9494639039039612,0.8456518650054932
ai_037_001_cam_00_frame.0086,train,ai_037_001,86,0.03029021807014942,0.027319325134158134,0.5153778195381165,0.9853307008743286,0.7398232817649841,0.02570592612028122,0.023194391280412674,0.5209641456604004,0.9969978928565979,0.7625462412834167,0.025117091834545135,0.022368518635630608,0.45667001605033875,0.9970335364341736,0.7620413899421692,0.02594911865890026,0.02214881405234337,0.4909578561782837,0.9974973797798157,0.7641612887382507
ai_037_001_cam_00_frame.0092,train,ai_037_001,92,0.03210639953613281,0.029433967545628548,0.5610538125038147,0.9754666090011597,0.8749372363090515,0.027925768867135048,0.025626687332987785,0.5620101094245911,0.976117730140686,0.8842406272888184,0.027836283668875694,0.026085106655955315,0.5012894868850708,0.9761329889297485,0.8810787200927734,0.030622804537415504,0.028827404603362083,0.40222495794296265,0.9760668277740479,0.8730464577674866
ai_037_001_cam_00_frame.0099,train,ai_037_001,99,0.03619619086384773,0.03430835157632828,0.3902755677700043,0.9594094157218933,0.8612605929374695,0.030153028666973114,0.028333909809589386,0.437447190284729,0.9791524410247803,0.8656089901924133,0.030062392354011536,0.02785324491560459,0.5015422105789185,0.9785671234130859,0.8545207381248474,0.03339157998561859,0.03072606585919857,0.40026161074638367,0.9786434769630432,0.8472087383270264
ai_041_001_cam_00_frame.0000,train,ai_041_001,0,0.05011472851037979,0.04782199114561081,0.2207997739315033,0.969390869140625,0.7942193150520325,0.04043195769190788,0.03847277909517288,0.312225341796875,0.9838409423828125,0.752625048160553,0.03752221167087555,0.03516630455851555,0.2870534360408783,0.9908905029296875,0.67999666929245,0.037572070956230164,0.03440476208925247,0.280059814453125,0.99078369140625,0.5680068731307983
ai_041_001_cam_00_frame.0007,train,ai_041_001,7,0.02369414083659649,0.018434355035424232,0.4602806866168976,0.9995452165603638,0.9147488474845886,0.018775373697280884,0.013385536149144173,0.6252404451370239,0.9994739890098572,0.9159179329872131,0.01660781167447567,0.010734843090176582,0.7337706089019775,0.9993588924407959,0.889959454536438,0.017513111233711243,0.011670222505927086,0.7082408666610718,0.9993424415588379,0.8701326251029968
ai_041_001_cam_00_frame.0013,train,ai_041_001,13,0.03872193768620491,0.034967754036188126,0.34681370854377747,0.9903081059455872,0.8463082313537598,0.03273739665746689,0.029492875561118126,0.38680610060691833,0.9910048842430115,0.8429261445999146,0.028242582455277443,0.02545779198408127,0.4237895607948303,0.9909996390342712,0.8275850415229797,0.02666587196290493,0.024024050682783127,0.42132964730262756,0.9910207390785217,0.8069559335708618
ai_041_001_cam_00_frame.0020,train,ai_041_001,20,0.029254630208015442,0.024674028158187866,0.46820664405822754,0.989154040813446,0.8869749307632446,0.024540577083826065,0.020376160740852356,0.5693129301071167,0.9911141991615295,0.8854494690895081,0.023343827575445175,0.01953120343387127,0.5814096927642822,0.9910871386528015,0.82889324426651,0.024363277480006218,0.020761124789714813,0.5227884650230408,0.9911845922470093,0.7422895431518555
ai_041_001_cam_00_frame.0026,train,ai_041_001,26,0.04285108670592308,0.03889264166355133,0.30076050758361816,0.9826835989952087,0.8755038976669312,0.03664570301771164,0.03323158994317055,0.34294527769088745,0.9890655875205994,0.8742488026618958,0.033510107547044754,0.03061012737452984,0.34056800603866577,0.9893953204154968,0.850669801235199,0.032126426696777344,0.029413098469376564,0.32877200841903687,0.9848535060882568,0.7877951264381409
ai_041_001_cam_00_frame.0033,train,ai_041_001,33,0.04011636972427368,0.036954354494810104,0.29903945326805115,0.9776087999343872,0.8734480142593384,0.034056466072797775,0.031437914818525314,0.3929098844528198,0.9810313582420349,0.8643129467964172,0.03173157572746277,0.029201781377196312,0.4214942455291748,0.9871614575386047,0.8409739136695862,0.031542614102363586,0.028690218925476074,0.4514928162097931,0.9873086810112,0.8122479319572449
ai_041_001_cam_00_frame.0040,train,ai_041_001,40,0.05038052797317505,0.04380390793085098,0.2119247168302536,0.9925411343574524,0.8975780606269836,0.04442756623029709,0.03909068927168846,0.2546912729740143,0.9950466156005859,0.8906678557395935,0.0419783815741539,0.03753602132201195,0.24537687003612518,0.9976569414138794,0.8711778521537781,0.04130276292562485,0.03745288401842117,0.21995490789413452,0.9977408051490784,0.8476543426513672
ai_041_001_cam_00_frame.0046,train,ai_041_001,46,0.03754705563187599,0.034204162657260895,0.40863484144210815,0.9749554395675659,0.860647976398468,0.031882818788290024,0.028956817463040352,0.44536516070365906,0.9853968620300293,0.8466854691505432,0.030706901103258133,0.027812674641609192,0.4143056273460388,0.9857145547866821,0.766864538192749,0.031644344329833984,0.028480486944317818,0.37858662009239197,0.9847720861434937,0.6844629645347595
ai_041_001_cam_00_frame.0053,train,ai_041_001,53,0.029355764389038086,0.02658715285360813,0.31446918845176697,0.9945268034934998,0.8734758496284485,0.025422092527151108,0.02303105965256691,0.35916680097579956,0.9946926832199097,0.857839047908783,0.024508390575647354,0.022155605256557465,0.3990961015224457,0.9948378205299377,0.7968094348907471,0.024885689839720726,0.02230823040008545,0.42590221762657166,0.9948326349258423,0.7248266935348511
ai_041_001_cam_00_frame.0059,train,ai_041_001,59,0.03581792488694191,0.032757699489593506,0.18863214552402496,0.9876620769500732,0.9296972751617432,0.03122244030237198,0.028522416949272156,0.21907930076122284,0.9986657500267029,0.9221431016921997,0.028831975534558296,0.026614079251885414,0.21776075661182404,0.9996494054794312,0.898525595664978,0.02832742966711521,0.026170145720243454,0.21070228517055511,0.999628484249115,0.8620863556861877
ai_041_001_cam_00_frame.0066,train,ai_041_001,66,0.03512847423553467,0.032183483242988586,0.3498048782348633,0.9872174859046936,0.8764089345932007,0.03023846074938774,0.027478301897644997,0.4274110496044159,0.9884724617004395,0.8756799697875977,0.028562303632497787,0.02566787227988243,0.4482528865337372,0.9892613887786865,0.8546361327171326,0.02904430776834488,0.025509927421808243,0.4585466980934143,0.9898068308830261,0.8331429958343506
ai_041_001_cam_00_frame.0073,train,ai_041_001,73,0.03715367987751961,0.034633710980415344,0.2851334512233734,0.9882602691650391,0.8565515279769897,0.03264457359910011,0.030312372371554375,0.315191388130188,0.9889088273048401,0.8714659810066223,0.029437825083732605,0.0270099975168705,0.3375154733657837,0.9889960289001465,0.8721548318862915,0.02707098238170147,0.024480238556861877,0.3732852339744568,0.9891977310180664,0.8701251149177551
ai_041_001_cam_00_frame.0079,train,ai_041_001,79,0.04853063076734543,0.03986433148384094,0.2400439828634262,0.9440951347351074,0.8349945545196533,0.0411539226770401,0.03358837962150574,0.27260076999664307,0.9776426553726196,0.866270124912262,0.03558586165308952,0.029059600085020065,0.3471921682357788,0.9933512210845947,0.867381751537323,0.032104428857564926,0.026175430044531822,0.38780081272125244,0.9958481192588806,0.8672993183135986
ai_041_001_cam_00_frame.0086,train,ai_041_001,86,0.02583727240562439,0.022924624383449554,0.5428672432899475,0.9889378547668457,0.8501301407814026,0.02239970676600933,0.019562527537345886,0.6219072937965393,0.9894260168075562,0.8463413119316101,0.019938405603170395,0.017234772443771362,0.6587033271789551,0.9894520044326782,0.8401613831520081,0.019425291568040848,0.016525493934750557,0.6569738388061523,0.9894675612449646,0.8274945020675659
ai_041_001_cam_00_frame.0092,train,ai_041_001,92,0.03284112364053726,0.02903086505830288,0.6550946831703186,0.9769207239151001,0.8769580721855164,0.029240284115076065,0.02537870965898037,0.6962924599647522,0.9828780293464661,0.8807631134986877,0.026877427473664284,0.022886108607053757,0.7141433954238892,0.9830877780914307,0.8700560927391052,0.02615681290626526,0.021860668435692787,0.7176045179367065,0.9832503199577332,0.860214352607727
ai_041_001_cam_00_frame.0099,train,ai_041_001,99,0.03323457017540932,0.029985211789608,0.513938844203949,0.9800494313240051,0.8574660420417786,0.029513295739889145,0.026324104517698288,0.5670005083084106,0.9825200438499451,0.853600800037384,0.027368780225515366,0.024045072495937347,0.5978110432624817,0.9829025864601135,0.8401705026626587,0.02654130384325981,0.02298758178949356,0.6138458847999573,0.9829185009002686,0.8308503031730652
ai_043_002_cam_00_frame.0000,val,ai_043_002,0,0.017218325287103653,0.015730947256088257,0.5054728388786316,0.9937489032745361,0.871231198310852,0.016682744026184082,0.015356209129095078,0.5088552832603455,0.9937692284584045,0.8612470030784607,0.0180998332798481,0.01669381745159626,0.4847817122936249,0.992935061454773,0.824246883392334,0.020147159695625305,0.018515395000576973,0.4074748456478119,0.9926400780677795,0.8022815585136414
ai_043_002_cam_00_frame.0007,val,ai_043_002,7,0.023474693298339844,0.02203899249434471,0.41265869140625,0.9917094111442566,0.8807621598243713,0.022192474454641342,0.020987678319215775,0.4200643002986908,0.9912516474723816,0.8721109628677368,0.01962854526937008,0.018037812784314156,0.559356689453125,0.9907023310661316,0.8529543280601501,0.01951471157371998,0.01705145463347435,0.6582794189453125,0.9885457754135132,0.8154504299163818
ai_043_002_cam_00_frame.0013,val,ai_043_002,13,0.00814809650182724,0.00638328492641449,0.8373515009880066,0.9993082880973816,0.9041059613227844,0.00853706244379282,0.006553863640874624,0.8225148916244507,0.9992879629135132,0.9044302701950073,0.010460926219820976,0.007958982139825821,0.7744598388671875,0.99920654296875,0.8815135955810547,0.014097034931182861,0.01140332780778408,0.642364501953125,0.9991709589958191,0.8496392369270325
ai_043_002_cam_00_frame.0020,val,ai_043_002,20,0.014490027911961079,0.013245707377791405,0.506253719329834,0.9952086210250854,0.8169580698013306,0.015211669728159904,0.013806604780256748,0.4744230806827545,0.9950610995292664,0.8108006715774536,0.017588840797543526,0.01587277092039585,0.47266319394111633,0.9949695467948914,0.7955589890480042,0.020139282569289207,0.018236616626381874,0.42285212874412537,0.9950051307678223,0.7814446687698364
ai_043_002_cam_00_frame.0026,val,ai_043_002,26,0.014378837309777737,0.012605085037648678,0.7035853862762451,0.9937691688537598,0.8702427744865417,0.013969195075333118,0.012306489050388336,0.6959812045097351,0.9933876991271973,0.8707640171051025,0.015590375289320946,0.014024417847394943,0.6638606786727905,0.992121160030365,0.8608037829399109,0.017970124259591103,0.01637069508433342,0.5720105767250061,0.9917752742767334,0.8451507687568665
ai_043_002_cam_00_frame.0033,val,ai_043_002,33,0.017480429261922836,0.016370316967368126,0.4809997081756592,0.9947653412818909,0.7861385941505432,0.0170679222792387,0.016005149111151695,0.5396080613136292,0.9947958588600159,0.7882466912269592,0.017578765749931335,0.016409851610660553,0.5571839809417725,0.9945923686027527,0.7769066691398621,0.020290879532694817,0.01863773725926876,0.5060943365097046,0.9938954710960388,0.7657153606414795
ai_043_002_cam_00_frame.0040,val,ai_043_002,40,0.017278144136071205,0.01608780212700367,0.39036136865615845,0.995254397392273,0.8022982478141785,0.017956960946321487,0.016717391088604927,0.33907070755958557,0.995035707950592,0.7984231114387512,0.019645841792225838,0.018252180889248848,0.3073878884315491,0.994883120059967,0.7885334491729736,0.02192436344921589,0.020281154662370682,0.29675745964050293,0.994761049747467,0.7725529670715332
ai_043_002_cam_00_frame.0046,val,ai_043_002,46,0.02033793181180954,0.018620265647768974,0.5571545362472534,0.9919066429138184,0.7469155192375183,0.01949622482061386,0.017661921679973602,0.5747961401939392,0.9918811917304993,0.7434185743331909,0.019714828580617905,0.01771920919418335,0.5618040561676025,0.99213045835495,0.7377917766571045,0.0206222515553236,0.018490739166736603,0.5388007760047913,0.991794764995575,0.7165197134017944
ai_043_002_cam_00_frame.0053,val,ai_043_002,53,0.01532054878771305,0.0140385078266263,0.6907473206520081,0.99160236120224,0.8014485239982605,0.01571633107960224,0.014508781023323536,0.6806050539016724,0.99227374792099,0.7949151396751404,0.017136145383119583,0.015888676047325134,0.6476096510887146,0.9925077557563782,0.782610297203064,0.019304759800434113,0.017843399196863174,0.6089072823524475,0.99245685338974,0.7739887833595276
ai_043_002_cam_00_frame.0059,val,ai_043_002,59,0.010720600374042988,0.00936996191740036,0.5936479568481445,0.9999949336051941,0.66413813829422,0.009808740578591824,0.008421740494668484,0.6470462679862976,1.0,0.6687194108963013,0.008889315649867058,0.007195080630481243,0.7518286108970642,1.0,0.6674849390983582,0.008824193850159645,0.007130692712962627,0.7690007090568542,1.0,0.6709132194519043
ai_043_002_cam_00_frame.0066,val,ai_043_002,66,0.03595207631587982,0.03264614939689636,0.288848876953125,0.9951528310775757,0.8891823291778564,0.03652425482869148,0.03300550952553749,0.2851206660270691,0.9951629638671875,0.8864268660545349,0.03756518289446831,0.0334547758102417,0.2492879331111908,0.9948984980583191,0.8733073472976685,0.03938617929816246,0.034807056188583374,0.2098185271024704,0.9940338134765625,0.8617040514945984
ai_043_002_cam_00_frame.0073,val,ai_043_002,73,0.01693863421678543,0.01555461436510086,0.5098165273666382,0.9970906972885132,0.8978239893913269,0.017604079097509384,0.016100330278277397,0.4286855161190033,0.9971517324447632,0.8923155069351196,0.01951771229505539,0.01756644807755947,0.4105936884880066,0.9969635009765625,0.8705981969833374,0.022140776738524437,0.019307192414999008,0.3989410400390625,0.9968516230583191,0.8636793494224548
ai_043_002_cam_00_frame.0079,val,ai_043_002,79,0.0188275333493948,0.01616453006863594,0.6110789179801941,0.9958394765853882,0.8776789903640747,0.019192472100257874,0.01659727469086647,0.7277120351791382,0.9959462881088257,0.8709162473678589,0.023160502314567566,0.020007293671369553,0.6412557363510132,0.9954580068588257,0.8527389764785767,0.028663193807005882,0.024660354480147362,0.5225881338119507,0.99249267578125,0.8394675850868225
ai_043_002_cam_00_frame.0086,val,ai_043_002,86,0.016212275251746178,0.014697771519422531,0.5001017451286316,0.9982959628105164,0.7861926555633545,0.017053550109267235,0.015357325784862041,0.48013144731521606,0.9981026649475098,0.7542682886123657,0.01940363459289074,0.017479300498962402,0.38220781087875366,0.9977211952209473,0.7319057583808899,0.023289252072572708,0.02102234773337841,0.31325283646583557,0.9972583055496216,0.6844489574432373
ai_043_002_cam_00_frame.0092,val,ai_043_002,92,0.06552882492542267,0.055469028651714325,0.5047760009765625,0.9266154170036316,0.6119366884231567,0.06771364063024521,0.0567304901778698,0.4758046567440033,0.9155680537223816,0.5950207710266113,0.07358352839946747,0.06067415326833725,0.3536733090877533,0.9019317626953125,0.5872266888618469,0.08095449209213257,0.0662584900856018,0.2872314453125,0.8903249502182007,0.5699785351753235
ai_043_002_cam_00_frame.0099,val,ai_043_002,99,0.021214986220002174,0.019331911578774452,0.6135132908821106,0.9911295771598816,0.8546677827835083,0.02327347733080387,0.020827168598771095,0.5438616275787354,0.9906107783317566,0.8430895805358887,0.028159936890006065,0.024488676339387894,0.39000648260116577,0.9891408085823059,0.8188844323158264,0.03462008386850357,0.029499076306819916,0.3374854624271393,0.98870849609375,0.802081286907196
ai_045_001_cam_00_frame.0000,val,ai_045_001,0,0.010320981033146381,0.008612554520368576,0.7998250722885132,0.9962362051010132,0.6706170439720154,0.010116037912666798,0.008571600541472435,0.782958984375,0.99639892578125,0.6742590665817261,0.011739419773221016,0.010416613891720772,0.7357940673828125,0.99658203125,0.6774013042449951,0.015063593164086342,0.013311032205820084,0.5423583984375,0.9962362051010132,0.6691243648529053
ai_045_001_cam_00_frame.0007,val,ai_045_001,7,0.04789070785045624,0.04396446794271469,0.2957763671875,0.9422353506088257,0.7728068828582764,0.04918260499835014,0.045323342084884644,0.2656758725643158,0.9422404170036316,0.7652891874313354,0.053739383816719055,0.04921377822756767,0.2468007504940033,0.9429118037223816,0.7574509978294373,0.059407204389572144,0.053877752274274826,0.183868408203125,0.9425608515739441,0.7457823753356934
ai_045_001_cam_00_frame.0013,val,ai_045_001,13,0.014899304136633873,0.013046419247984886,0.6863810420036316,0.9993947744369507,0.7234795689582825,0.015484902076423168,0.013523481786251068,0.6571859121322632,0.9994252920150757,0.6780222058296204,0.017013773322105408,0.01492935698479414,0.5997416377067566,0.9993082880973816,0.6589178442955017,0.018772754818201065,0.01661403849720955,0.539306640625,0.999267578125,0.6464933156967163
ai_045_001_cam_00_frame.0020,val,ai_045_001,20,0.018578730523586273,0.016432590782642365,0.4297943115234375,0.9986776113510132,0.6476597785949707,0.01960509829223156,0.017324455082416534,0.4214986264705658,0.9988861083984375,0.642691969871521,0.0236527007073164,0.021092835813760757,0.3940226435661316,0.9990997314453125,0.5963184237480164,0.027499180287122726,0.024598320946097374,0.3747813105583191,0.9988505244255066,0.5845882296562195
ai_045_001_cam_00_frame.0026,val,ai_045_001,26,0.028513148427009583,0.025049639865756035,0.6446089744567871,0.9777168035507202,0.8229507207870483,0.027984794229269028,0.024554898962378502,0.6358605027198792,0.9783271551132202,0.825681746006012,0.028237786144018173,0.024882685393095016,0.5895089507102966,0.9779965877532959,0.8145329356193542,0.029771098867058754,0.026232294738292694,0.5164185762405396,0.9777371883392334,0.8005986213684082
ai_045_001_cam_00_frame.0033,val,ai_045_001,33,0.06054610013961792,0.055305056273937225,0.5653025507926941,0.909576416015625,0.7300163507461548,0.06277060508728027,0.05700412020087242,0.5306295156478882,0.90936279296875,0.7216816544532776,0.06663960963487625,0.060098838061094284,0.3284403681755066,0.9092763662338257,0.7143943905830383,0.07165409624576569,0.0642131119966507,0.181121826171875,0.923583984375,0.6910327076911926
ai_045_001_cam_00_frame.0040,val,ai_045_001,40,0.17337638139724731,0.0904930830001831,0.0755666121840477,0.9943796992301941,0.8655192255973816,0.18000352382659912,0.09503482282161713,0.0409952811896801,0.9917449951171875,0.8529614806175232,0.1899477243423462,0.10053287446498871,0.0683441162109375,0.9872691035270691,0.8424353003501892,0.19876377284526825,0.10658407211303711,0.063140869140625,0.9875539541244507,0.8297085762023926
ai_045_001_cam_00_frame.0046,val,ai_045_001,46,0.0208906102925539,0.018286945298314095,0.5831074118614197,0.9956309199333191,0.8569998741149902,0.02214924991130829,0.01950981840491295,0.5705188512802124,0.9959564208984375,0.8518646955490112,0.02487703040242195,0.021814895793795586,0.5311662554740906,0.9963328242301941,0.8401848673820496,0.02665282040834427,0.023079276084899902,0.4733300507068634,0.9964701533317566,0.8253470659255981
ai_045_001_cam_00_frame.0053,val,ai_045_001,53,0.0886986032128334,0.07566472887992859,0.3307206928730011,0.8952224850654602,0.550021231174469,0.08995869010686874,0.07684710621833801,0.19958089292049408,0.8952733278274536,0.5437159538269043,0.09238634258508682,0.07866860181093216,0.15268023312091827,0.8947291374206543,0.5265729427337646,0.09434711933135986,0.08052976429462433,0.1383267194032669,0.8942561149597168,0.5343312621116638
ai_045_001_cam_00_frame.0059,val,ai_045_001,59,0.018436584621667862,0.016274044290184975,0.5420203804969788,0.9973551630973816,0.8466234803199768,0.017936037853360176,0.015379280783236027,0.6043834090232849,0.99755859375,0.8606626391410828,0.020843828096985817,0.01653350330889225,0.5538002252578735,0.9976857900619507,0.8707576394081116,0.024736953899264336,0.018631746992468834,0.4728570282459259,0.9976857900619507,0.8574308753013611
ai_045_001_cam_00_frame.0066,val,ai_045_001,66,0.02497287653386593,0.02130507491528988,0.2765974998474121,0.996795654296875,0.7251854538917542,0.022721393033862114,0.01978134922683239,0.29637807607650757,0.9970194697380066,0.7188021540641785,0.020583461970090866,0.01837792806327343,0.36175215244293213,0.9971364736557007,0.6888010501861572,0.020482242107391357,0.01857978105545044,0.35128456354141235,0.9971160888671875,0.6596174240112305
ai_045_001_cam_00_frame.0073,val,ai_045_001,73,0.015711937099695206,0.012415273115038872,0.7680601477622986,0.9892730712890625,0.7774057984352112,0.013989433646202087,0.010818177834153175,0.7640928626060486,0.9899393320083618,0.7650481462478638,0.013650007545948029,0.010792574845254421,0.7527351975440979,0.9954580068588257,0.7631493806838989,0.015098108910024166,0.01314240600913763,0.6095612049102783,0.9960276484489441,0.760939359664917
ai_045_001_cam_00_frame.0079,val,ai_045_001,79,0.06952045857906342,0.030959000810980797,0.39105224609375,0.9890950918197632,0.7392396330833435,0.0690985918045044,0.031256482005119324,0.3438619077205658,0.9894205927848816,0.7434192895889282,0.06884510815143585,0.032672882080078125,0.3360951840877533,0.9892425537109375,0.7341773509979248,0.06833818554878235,0.03364698961377144,0.3432566523551941,0.9891204833984375,0.7317028045654297
ai_045_001_cam_00_frame.0086,val,ai_045_001,86,0.01565135270357132,0.014061260037124157,0.6134666800498962,0.9935453534126282,0.8138221502304077,0.016188256442546844,0.014379989355802536,0.5747390389442444,0.9934945106506348,0.8017983436584473,0.01833825744688511,0.01632845774292946,0.4884132444858551,0.9933775067329407,0.7776941657066345,0.020779572427272797,0.018563559278845787,0.4285823106765747,0.9932758212089539,0.7633427977561951
ai_045_001_cam_00_frame.0092,val,ai_045_001,92,0.06999136507511139,0.023120924830436707,0.5569610595703125,0.9861094355583191,0.7814123034477234,0.06945662945508957,0.02310783788561821,0.531768798828125,0.9863485097885132,0.7756437659263611,0.06946530938148499,0.024094145745038986,0.5001729726791382,0.9860636591911316,0.7678561210632324,0.06910150498151779,0.024211790412664413,0.4812571406364441,0.9859771728515625,0.745820939540863
ai_045_001_cam_00_frame.0099,val,ai_045_001,99,0.01717616431415081,0.014996051788330078,0.549573540687561,0.9971110224723816,0.8070768117904663,0.017942635342478752,0.0158564243465662,0.4764937460422516,0.9975637197494507,0.8015254139900208,0.02101821079850197,0.018743159249424934,0.3231472074985504,0.99761962890625,0.7967934608459473,0.02294091507792473,0.02051929384469986,0.36193525791168213,0.9975942373275757,0.7909197211265564
ai_047_001_cam_00_frame.0000,val,ai_047_001,0,0.1126968264579773,0.10322229564189911,0.0690460205078125,0.9186248779296875,0.8729747533798218,0.11248090118169785,0.10326546430587769,0.0685017928481102,0.9173991084098816,0.8667402267456055,0.11310124397277832,0.10454957187175751,0.0650075301527977,0.9114481806755066,0.8530170321464539,0.11268692463636398,0.10469578206539154,0.0690663680434227,0.9163360595703125,0.8368366360664368
ai_047_001_cam_00_frame.0007,val,ai_047_001,7,0.14836463332176208,0.13900096714496613,0.064483642578125,0.8489227294921875,0.8991097211837769,0.14563427865505219,0.1362905502319336,0.0685221403837204,0.8617910146713257,0.8934735059738159,0.14037290215492249,0.13029181957244873,0.0649566650390625,0.88787841796875,0.8786523342132568,0.13503201305866241,0.12328630685806274,0.0553334578871727,0.9117940664291382,0.8620069026947021
ai_047_001_cam_00_frame.0013,val,ai_047_001,13,0.11309727281332016,0.10694431513547897,0.0758616179227829,0.8782755732536316,0.8356643915176392,0.11266571283340454,0.10671554505825043,0.078460693359375,0.8798421621322632,0.8321638107299805,0.11402352899312973,0.10803516954183578,0.0792287215590477,0.8794505000114441,0.8208473324775696,0.11681137979030609,0.11069412529468536,0.0775655135512352,0.8777415156364441,0.8053354620933533
ai_047_001_cam_00_frame.0020,val,ai_047_001,20,0.13486367464065552,0.1287948191165924,0.0484771728515625,0.7649332880973816,0.8555210828781128,0.13539670407772064,0.12962888181209564,0.045074462890625,0.774993896484375,0.8430097103118896,0.13622865080833435,0.13051755726337433,0.0448862724006176,0.7838643789291382,0.8171918988227844,0.13722799718379974,0.13123705983161926,0.0462493896484375,0.7812246084213257,0.8014711141586304
ai_047_001_cam_00_frame.0026,val,ai_047_001,26,0.06692526489496231,0.060677360743284225,0.1484781950712204,0.9652659296989441,0.8733299970626831,0.06714232265949249,0.06023448705673218,0.1550038754940033,0.9668070673942566,0.8645887970924377,0.0702938437461853,0.06273035705089569,0.1209818571805954,0.9659423828125,0.8436634540557861,0.07443991303443909,0.06705722212791443,0.0856272429227829,0.964508056640625,0.8149324655532837
ai_047_001_cam_00_frame.0033,val,ai_047_001,33,0.1688450574874878,0.1593971848487854,0.0472971610724926,0.6776835322380066,0.8907082676887512,0.1700819730758667,0.1602279245853424,0.0469462089240551,0.6729787588119507,0.8857556581497192,0.17485368251800537,0.16495895385742188,0.0475514754652977,0.658966064453125,0.870374858379364,0.18018898367881775,0.17057178914546967,0.0296630859375,0.6397908926010132,0.8519371151924133
ai_047_001_cam_00_frame.0040,val,ai_047_001,40,0.15392577648162842,0.1423378884792328,0.0419718436896801,0.73150634765625,0.89398592710495,0.15319648385047913,0.14171966910362244,0.0449727401137352,0.7340189814567566,0.8908888697624207,0.15183071792125702,0.1409129798412323,0.0531819686293602,0.731842041015625,0.8794947266578674,0.15282872319221497,0.14234933257102966,0.0495859794318676,0.7362518310546875,0.8707481026649475
ai_047_001_cam_00_frame.0046,val,ai_047_001,46,0.10573415458202362,0.10100466012954712,0.0746663436293602,0.9647725820541382,0.8789372444152832,0.10505398362874985,0.10021673887968063,0.0781148299574852,0.9659678339958191,0.873207151889801,0.10511847585439682,0.09976401180028915,0.0714162215590477,0.9669443964958191,0.8621751666069031,0.1054944396018982,0.09973925352096558,0.0593719482421875,0.9681854248046875,0.848064661026001
ai_047_001_cam_00_frame.0053,val,ai_047_001,53,0.14371389150619507,0.1336115449666977,0.0497334823012352,0.8267924189567566,0.8695011734962463,0.14298006892204285,0.13313549757003784,0.0489552840590477,0.8277232050895691,0.8602924346923828,0.140654057264328,0.13037286698818207,0.0557352714240551,0.8361562490463257,0.8464361429214478,0.13954393565654755,0.1284831464290619,0.0603586845099926,0.8462931513786316,0.8331034183502197
ai_047_001_cam_00_frame.0059,val,ai_047_001,59,0.13581281900405884,0.12767329812049866,0.0557607039809227,0.8979594111442566,0.8404697179794312,0.13366122543811798,0.12577074766159058,0.0574188232421875,0.9111684560775757,0.8352946639060974,0.13134819269180298,0.12345942109823227,0.0563151054084301,0.9189351797103882,0.8154268860816956,0.13081249594688416,0.12241166085004807,0.0633748397231102,0.9195302724838257,0.7981680631637573
ai_047_001_cam_00_frame.0066,val,ai_047_001,66,0.1547972857952118,0.14641734957695007,0.0433451347053051,0.7374216914176941,0.8998045921325684,0.1557222455739975,0.1476772427558899,0.0446217879652977,0.7325999140739441,0.8943839073181152,0.15804968774318695,0.15048550069332123,0.0491689071059227,0.7224782705307007,0.8810745477676392,0.1597665250301361,0.15236949920654297,0.0529581718146801,0.7188212275505066,0.8637239336967468
ai_047_001_cam_00_frame.0073,val,ai_047_001,73,0.09967774152755737,0.09234637022018433,0.0714365690946579,0.9605611562728882,0.8806896209716797,0.09965391457080841,0.09268234670162201,0.0694376677274704,0.96075439453125,0.8773595094680786,0.10088464617729187,0.09408324211835861,0.0759175643324852,0.960601806640625,0.8601675033569336,0.10375629365444183,0.0970122218132019,0.07684326171875,0.959716796875,0.8446379899978638
ai_047_001_cam_00_frame.0079,val,ai_047_001,79,0.10621299594640732,0.1025487631559372,0.0537974052131176,0.9386037588119507,0.887078046798706,0.10603287070989609,0.10263614356517792,0.0470479354262352,0.9376271963119507,0.880853533744812,0.10750576108694077,0.10421542823314667,0.0446217879652977,0.9327901601791382,0.8610644340515137,0.1093619093298912,0.1059272289276123,0.0497080497443676,0.9286397695541382,0.8466736078262329
ai_047_001_cam_00_frame.0086,val,ai_047_001,86,0.11180192232131958,0.10604768991470337,0.073150634765625,0.9149627685546875,0.878410816192627,0.11142255365848541,0.1059269905090332,0.0665028914809227,0.9176839590072632,0.8721826076507568,0.11215241998434067,0.10688289254903793,0.0630238875746727,0.9211782217025757,0.8542962074279785,0.11348015069961548,0.10818719863891602,0.060028076171875,0.9190673828125,0.838017463684082
ai_047_001_cam_00_frame.0092,val,ai_047_001,92,0.12275764346122742,0.1115960106253624,0.0681559294462204,0.88677978515625,0.8893184065818787,0.12154146283864975,0.11053728312253952,0.0699971541762352,0.8828481435775757,0.8835391402244568,0.12005840986967087,0.10953962057828903,0.0851338729262352,0.8831380605697632,0.8688622713088989,0.12071646749973297,0.11083289980888367,0.0872751921415329,0.8824462890625,0.8486990332603455
ai_047_001_cam_00_frame.0099,val,ai_047_001,99,0.1416902393102646,0.13547098636627197,0.0598856620490551,0.7486776113510132,0.9155722856521606,0.1432732343673706,0.1367674469947815,0.0566507987678051,0.7427572011947632,0.9065853953361511,0.1470852494239807,0.13986192643642426,0.0497690849006176,0.7380320429801941,0.8809712529182434,0.1511019766330719,0.14337870478630066,0.0491129569709301,0.7336069941520691,0.8578258156776428
ai_055_003_cam_00_frame.0000,val,ai_055_003,0,0.06423362344503403,0.05852240324020386,0.193756103515625,0.9490814208984375,0.8555976152420044,0.06319499760866165,0.057386793196201324,0.2151692807674408,0.948638916015625,0.84076327085495,0.0634179562330246,0.057465918362140656,0.2064615935087204,0.9459890127182007,0.8148788213729858,0.06468424201011658,0.058555882424116135,0.2247873991727829,0.9418691396713257,0.7951613068580627
ai_055_003_cam_00_frame.0007,val,ai_055_003,7,0.06173764914274216,0.0539306104183197,0.268646240234375,0.9639384150505066,0.7957512140274048,0.06279566884040833,0.054921697825193405,0.2584075927734375,0.9641876220703125,0.77228844165802,0.06409855931997299,0.055435165762901306,0.2451171875,0.9637502431869507,0.7397872805595398,0.06636074185371399,0.056579574942588806,0.2174936980009079,0.9613393545150757,0.7202199697494507
ai_055_003_cam_00_frame.0013,val,ai_055_003,13,0.07864056527614594,0.07238639891147614,0.1069437712430954,0.9247894287109375,0.9002607464790344,0.07856753468513489,0.07222434878349304,0.107208251953125,0.9251658320426941,0.8920386433601379,0.08074034750461578,0.07401816546916962,0.1275126188993454,0.9247385859489441,0.8715150952339172,0.08498424291610718,0.07724510133266449,0.1067860946059227,0.9228261709213257,0.8490926027297974
ai_055_003_cam_00_frame.0020,val,ai_055_003,20,0.06710908561944962,0.06097259745001793,0.3067474365234375,0.9238790273666382,0.8553687334060669,0.06597016751766205,0.05999051779508591,0.3057200312614441,0.9272105097770691,0.841208815574646,0.06475277245044708,0.059002481400966644,0.2980499267578125,0.9340769648551941,0.8243151903152466,0.06546284258365631,0.05965074524283409,0.2655181884765625,0.9409078359603882,0.8101775050163269
ai_055_003_cam_00_frame.0026,val,ai_055_003,26,0.08433674275875092,0.06578219681978226,0.09146635234355927,0.9531632661819458,0.881931722164154,0.08257400989532471,0.06373380124568939,0.15679506957530975,0.9546278715133667,0.8738770484924316,0.08390354365110397,0.06658069044351578,0.18757233023643494,0.9536343812942505,0.8528313040733337,0.08710983395576477,0.0696856677532196,0.1744881570339203,0.9529277086257935,0.8302892446517944
ai_055_003_cam_00_frame.0033,val,ai_055_003,33,0.05900327488780022,0.054406650364398956,0.32248300313949585,0.9252363443374634,0.9224108457565308,0.05892793834209442,0.05435166135430336,0.34093546867370605,0.9259205460548401,0.9155343174934387,0.06011974439024925,0.055420152842998505,0.30370914936065674,0.9292948842048645,0.9087770581245422,0.062243666499853134,0.057276587933301926,0.2759734094142914,0.9383915066719055,0.8980768322944641
ai_055_003_cam_00_frame.0040,val,ai_055_003,40,0.06187152862548828,0.05684792995452881,0.1172739714384079,0.9710109829902649,0.8282293081283569,0.061366334557533264,0.05631156638264656,0.14245852828025818,0.9716750979423523,0.804977536201477,0.06258738785982132,0.05733694136142731,0.18540921807289124,0.9699298739433289,0.7599623203277588,0.0644899532198906,0.058285173028707504,0.19234886765480042,0.9686892032623291,0.7309792637825012
ai_055_003_cam_00_frame.0046,val,ai_055_003,46,0.06091463938355446,0.05475661903619766,0.21821734309196472,0.9723844528198242,0.8348487019538879,0.06301705539226532,0.055756907910108566,0.19772930443286896,0.9654157757759094,0.8165708780288696,0.06810589879751205,0.05936272814869881,0.18367432057857513,0.9626141786575317,0.7777309417724609,0.07428445667028427,0.0643526017665863,0.14122092723846436,0.9617607593536377,0.746797502040863
ai_055_003_cam_00_frame.0053,val,ai_055_003,53,0.13591566681861877,0.08125265687704086,0.05728578194975853,0.9765951037406921,0.8215072751045227,0.1358896940946579,0.08176381886005402,0.06261178851127625,0.9793603420257568,0.8083774447441101,0.13659614324569702,0.08304598182439804,0.07130487263202667,0.9821709394454956,0.770054042339325,0.13800717890262604,0.08484155684709549,0.08061686158180237,0.982006311416626,0.746092677116394
ai_055_003_cam_00_frame.0059,val,ai_055_003,59,0.03089635632932186,0.025461934506893158,0.2784186601638794,0.9939857721328735,0.8121185898780823,0.03657063841819763,0.03096587583422661,0.19606611132621765,0.9935320615768433,0.8078437447547913,0.04995999112725258,0.04253154620528221,0.09808813780546188,0.9924951195716858,0.7565016150474548,0.06233334541320801,0.05258612334728241,0.06572262197732925,0.9922942519187927,0.7163605690002441
ai_055_003_cam_00_frame.0066,val,ai_055_003,66,0.06394417583942413,0.05781180411577225,0.24848788976669312,0.9715085029602051,0.8441362380981445,0.06404440104961395,0.057617831975221634,0.2661205530166626,0.9725993275642395,0.8263456225395203,0.0670091062784195,0.059523653239011765,0.2229633629322052,0.9732483625411987,0.7979615330696106,0.07169433683156967,0.0636945441365242,0.14141029119491577,0.9721248149871826,0.7695621252059937
ai_055_003_cam_00_frame.0073,val,ai_055_003,73,0.05621454119682312,0.051517195999622345,0.26612237095832825,0.9641173481941223,0.836510419845581,0.055725086480379105,0.05063329264521599,0.2758025825023651,0.9694958329200745,0.8165016174316406,0.05890296399593353,0.05144163966178894,0.20966139435768127,0.9700289368629456,0.7887177467346191,0.062159813940525055,0.05321754515171051,0.1922140121459961,0.9689313173294067,0.7654911875724792
ai_055_003_cam_00_frame.0079,val,ai_055_003,79,0.042031966149806976,0.0371679812669754,0.32426661252975464,0.9840530753135681,0.827785313129425,0.04322623088955879,0.03713156282901764,0.2358158528804779,0.9839896559715271,0.7971254587173462,0.04939182102680206,0.03848881646990776,0.1803583800792694,0.9841693639755249,0.7428043484687805,0.05707768723368645,0.04192742332816124,0.20044399797916412,0.984571099281311,0.6922023892402649
ai_055_003_cam_00_frame.0086,val,ai_055_003,86,0.07780624181032181,0.058745574206113815,0.20953740179538727,0.9693436622619629,0.7836324572563171,0.08135367184877396,0.06125939264893532,0.19017362594604492,0.967987596988678,0.7658331394195557,0.08922933787107468,0.06755897402763367,0.16998673975467682,0.9623206257820129,0.7280980348587036,0.09612947702407837,0.07356219738721848,0.13183358311653137,0.9594781994819641,0.6899845004081726
ai_055_003_cam_00_frame.0092,val,ai_055_003,92,0.05725592374801636,0.04825083538889885,0.29392221570014954,0.9554790258407593,0.8208357691764832,0.05459818243980408,0.04732999950647354,0.3191368877887726,0.9550669193267822,0.8081232905387878,0.05386791005730629,0.048990532755851746,0.2418084591627121,0.9533361196517944,0.7778218984603882,0.0564274936914444,0.05193009600043297,0.12866953015327454,0.9502969980239868,0.7504537105560303
ai_055_003_cam_00_frame.0099,val,ai_055_003,99,0.053734686225652695,0.04879331216216087,0.24108143150806427,0.972834050655365,0.8283370733261108,0.054921697825193405,0.05033913627266884,0.2713939845561981,0.9733485579490662,0.817484974861145,0.058908406645059586,0.054054129868745804,0.24231082201004028,0.972834050655365,0.7842157483100891,0.06391973793506622,0.05867137387394905,0.16094300150871277,0.9720216393470764,0.7529767751693726
ai_044_001_cam_00_frame.0000,test,ai_044_001,0,0.022819772362709045,0.020663093775510788,0.4354349970817566,0.9947001338005066,0.8133857250213623,0.022996731102466583,0.021363496780395508,0.4251810908317566,0.9946340322494507,0.8086073398590088,0.0247250497341156,0.022911623120307922,0.4408213496208191,0.9943339228630066,0.7952321171760559,0.027626290917396545,0.024974634870886803,0.3930918574333191,0.9941508173942566,0.7772720456123352
ai_044_001_cam_00_frame.0007,test,ai_044_001,7,0.02126651257276535,0.01752908155322075,0.5120748281478882,0.993255615234375,0.8122978210449219,0.02050159126520157,0.01775006577372551,0.4980418086051941,0.99310302734375,0.8088001608848572,0.020309876650571823,0.01879187487065792,0.4157765805721283,0.9926605224609375,0.793640673160553,0.022201701998710632,0.020290233194828033,0.383697509765625,0.9923757314682007,0.7747778296470642
ai_044_001_cam_00_frame.0013,test,ai_044_001,13,0.021184297278523445,0.018684035167098045,0.49183398485183716,0.9938303828239441,0.7933343052864075,0.020039791241288185,0.018310099840164185,0.49748992919921875,0.994049072265625,0.7854023575782776,0.021342650055885315,0.019407138228416443,0.473065584897995,0.9940134882926941,0.7726285457611084,0.02420862950384617,0.021214451640844345,0.4741540551185608,0.9937642216682434,0.7587123513221741
ai_044_001_cam_00_frame.0020,test,ai_044_001,20,0.021373700350522995,0.019463859498500824,0.3465474545955658,0.9939066767692566,0.8471181392669678,0.02426028810441494,0.02165471389889717,0.3008524775505066,0.9940287470817566,0.8433650732040405,0.031094342470169067,0.02554669976234436,0.319854736328125,0.9937032461166382,0.8225587606430054,0.038093551993370056,0.030543258413672447,0.24627685546875,0.9934946894645691,0.8021219968795776
ai_044_001_cam_00_frame.0026,test,ai_044_001,26,0.023656677454710007,0.021443454548716545,0.35875630378723145,0.9929962158203125,0.8121079206466675,0.024047428742051125,0.02192879281938076,0.35596904158592224,0.9931182861328125,0.8013039827346802,0.027489162981510162,0.02478138357400894,0.35772889852523804,0.9929962158203125,0.785879373550415,0.03161361813545227,0.02781454659998417,0.3248765468597412,0.9928131103515625,0.7763667702674866
ai_044_001_cam_00_frame.0033,test,ai_044_001,33,0.027493596076965332,0.023863475769758224,0.4376932978630066,0.990081787109375,0.7812949419021606,0.030073191970586777,0.026012172922492027,0.4005126953125,0.990234375,0.7784506678581238,0.03590171039104462,0.02915562503039837,0.3485819697380066,0.9901885986328125,0.7565231919288635,0.04156648367643356,0.03278828784823418,0.2772674560546875,0.9901275634765625,0.7486399412155151
ai_044_001_cam_00_frame.0039,test,ai_044_001,39,0.029172038659453392,0.02201598696410656,0.4811299741268158,0.9924723505973816,0.7672418355941772,0.02877143584191799,0.02264675498008728,0.4577738642692566,0.9927215576171875,0.7628235816955566,0.027531033381819725,0.02374507114291191,0.4190114438533783,0.9925740957260132,0.7456310987472534,0.027613308280706406,0.024945296347141266,0.3770802915096283,0.9923299551010132,0.7392402291297913
ai_044_001_cam_00_frame.0046,test,ai_044_001,46,0.017399867996573448,0.015538663603365421,0.5995493531227112,0.993021547794342,0.8008842468261719,0.017320096492767334,0.01566413789987564,0.5999053716659546,0.993209719657898,0.794697105884552,0.01922699622809887,0.01762225665152073,0.5179038047790527,0.9931944608688354,0.7917472124099731,0.022954121232032776,0.02105254866182804,0.4110454320907593,0.9930978417396545,0.7843740582466125
ai_044_001_cam_00_frame.0052,test,ai_044_001,52,0.017217887565493584,0.015427120961248875,0.5571368336677551,0.9899545907974243,0.7688734531402588,0.017605047672986984,0.01573057286441326,0.5382565259933472,0.9899800419807434,0.7656941413879395,0.020704030990600586,0.01846998557448387,0.5091273784637451,0.9899088144302368,0.7549028992652893,0.024180755019187927,0.02177860401570797,0.43952658772468567,0.9898681640625,0.7216240167617798
ai_044_001_cam_00_frame.0059,test,ai_044_001,59,0.023460259661078453,0.02100338041782379,0.5845723152160645,0.9884287118911743,0.740170419216156,0.024779824540019035,0.02236524038016796,0.5463590025901794,0.988922119140625,0.7387589812278748,0.029084036126732826,0.02636309154331684,0.39086607098579407,0.989044189453125,0.7296434640884399,0.03414691984653473,0.03065147064626217,0.3336351215839386,0.9891204833984375,0.718956708908081
ai_044_001_cam_00_frame.0065,test,ai_044_001,65,0.02661328762769699,0.02300058677792549,0.35480427742004395,0.9886423349380493,0.8041467070579529,0.02733200415968895,0.023578930646181107,0.35154902935028076,0.9888966679573059,0.801830530166626,0.02981289103627205,0.02550482749938965,0.3806019127368927,0.9890950322151184,0.7880951166152954,0.032830070704221725,0.02804829366505146,0.3743864893913269,0.989013671875,0.7686057686805725
ai_044_001_cam_00_frame.0072,test,ai_044_001,72,0.032120876014232635,0.02874777838587761,0.25604888796806335,0.9896087646484375,0.7174677848815918,0.031280964612960815,0.027653874829411507,0.25920239090919495,0.9899495244026184,0.7078072428703308,0.030039748176932335,0.025796033442020416,0.2928939461708069,0.9872080087661743,0.6812397837638855,0.02985313907265663,0.025070877745747566,0.3407457768917084,0.9866078495979309,0.6608678102493286
ai_044_001_cam_00_frame.0078,test,ai_044_001,78,0.01663854345679283,0.014611825346946716,0.53009033203125,0.992584228515625,0.7801819443702698,0.016272714361548424,0.014460745267570019,0.5685476064682007,0.992767333984375,0.7717878222465515,0.018454883247613907,0.01674211397767067,0.4920400083065033,0.9930267333984375,0.7432872653007507,0.022132566198706627,0.02019178867340088,0.4394277036190033,0.9930166006088257,0.7091538310050964
ai_044_001_cam_00_frame.0085,test,ai_044_001,85,0.030660903081297874,0.027687279507517815,0.0981852263212204,0.9980723261833191,0.9262452721595764,0.030180860310792923,0.027521349489688873,0.0974528044462204,0.9980265498161316,0.9147740006446838,0.02806265279650688,0.025889255106449127,0.1098836287856102,0.9979909658432007,0.8980770111083984,0.024112900719046593,0.02203059010207653,0.2347564697265625,0.9979705810546875,0.8840771913528442
ai_044_001_cam_00_frame.0091,test,ai_044_001,91,0.026017755270004272,0.02362320013344288,0.3723112642765045,0.9876810312271118,0.7799590826034546,0.027164200320839882,0.024609673768281937,0.3407101631164551,0.9878793954849243,0.7738983035087585,0.03028274141252041,0.02733738161623478,0.3283810019493103,0.9878031015396118,0.7627976536750793,0.03374927490949631,0.03034106083214283,0.3296678364276886,0.9876708984375,0.7461434006690979
ai_044_001_cam_00_frame.0099,test,ai_044_001,99,0.021193543449044228,0.01657772809267044,0.5226163864135742,0.9984028339385986,0.7245168089866638,0.020856862887740135,0.015866994857788086,0.5321075320243835,0.9986266493797302,0.7356967926025391,0.024062110111117363,0.01736714318394661,0.48872610926628113,0.9986368417739868,0.7323744297027588,0.02980673313140869,0.020074082538485527,0.4308435618877411,0.9983469247817993,0.7117609977722168
ai_046_001_cam_00_frame.0000,test,ai_046_001,0,0.06102646887302399,0.05664410442113876,0.2293141782283783,0.95989990234375,0.8155784010887146,0.06081654876470566,0.05653902515769005,0.224822998046875,0.9596812129020691,0.8051062226295471,0.06153265759348869,0.05729047209024429,0.240692138671875,0.9597066640853882,0.7833523154258728,0.06289153546094894,0.058337390422821045,0.2306976318359375,0.9595184326171875,0.7708062529563904
ai_046_001_cam_00_frame.0007,test,ai_046_001,7,0.04357602447271347,0.03992056846618652,0.4782155454158783,0.9664052724838257,0.8405195474624634,0.04339985549449921,0.039740391075611115,0.4867503046989441,0.9788004755973816,0.8345643281936646,0.043271344155073166,0.039761774241924286,0.4834086298942566,0.9821523427963257,0.8217387795448303,0.04477764293551445,0.04117006063461304,0.43798828125,0.9804891347885132,0.8105710744857788
ai_046_001_cam_00_frame.0013,test,ai_046_001,13,0.0757787823677063,0.06826501339673996,0.3951924741268158,0.9071502685546875,0.8536716103553772,0.07515451312065125,0.06805744022130966,0.3800710141658783,0.9149577021598816,0.8450769186019897,0.07582308351993561,0.06903409212827682,0.2826487421989441,0.9256032705307007,0.8279263377189636,0.0770929604768753,0.07029254734516144,0.2428182065486908,0.929412841796875,0.8097541332244873
ai_046_001_cam_00_frame.0020,test,ai_046_001,20,0.10621922463178635,0.09745317697525024,0.2230733335018158,0.9034067988395691,0.6699569821357727,0.10418157279491425,0.09548681974411011,0.2340800017118454,0.9058074951171875,0.6514877676963806,0.10302277654409409,0.09368758648633957,0.2563069760799408,0.90631103515625,0.6360341310501099,0.10425692796707153,0.09342833608388901,0.2807362973690033,0.9061533808708191,0.6165543794631958
ai_046_001_cam_00_frame.0026,test,ai_046_001,26,0.02237572893500328,0.019715441390872,0.493988037109375,0.9939321279525757,0.8325601816177368,0.021817054599523544,0.0196538083255291,0.4811604917049408,0.9942373037338257,0.8237571120262146,0.021627020090818405,0.01991388387978077,0.446563720703125,0.9941660761833191,0.8167307376861572,0.021485870704054832,0.019923508167266846,0.4326731562614441,0.9940185546875,0.8076639175415039
ai_046_001_cam_00_frame.0033,test,ai_046_001,33,0.018804626539349556,0.016568131744861603,0.576873779296875,0.9946848750114441,0.856513261795044,0.01910853572189808,0.016840357333421707,0.5885416865348816,0.9945729970932007,0.851058840751648,0.021112561225891113,0.018241535872220993,0.5348256826400757,0.9943135976791382,0.838444709777832,0.024270981550216675,0.020337291061878204,0.4358266294002533,0.994384765625,0.817142128944397
ai_046_001_cam_00_frame.0040,test,ai_046_001,40,0.04404006525874138,0.03366456553339958,0.19390869140625,0.9944712519645691,0.8602727651596069,0.04125813767313957,0.031367819756269455,0.2163035124540329,0.994781494140625,0.8565928339958191,0.037869855761528015,0.029638608917593956,0.2894795835018158,0.9950663447380066,0.8454915881156921,0.03521237522363663,0.02909833751618862,0.3168436884880066,0.9949798583984375,0.8217801451683044
ai_046_001_cam_00_frame.0046,test,ai_046_001,46,0.020476674661040306,0.018149927258491516,0.6379038691520691,0.9840545654296875,0.8512927293777466,0.020310115069150925,0.017861027270555496,0.6384226679801941,0.9840545654296875,0.8490329384803772,0.022614654153585434,0.019689254462718964,0.559356689453125,0.9841970205307007,0.8236762881278992,0.02538013830780983,0.02180379442870617,0.4699503779411316,0.9839528799057007,0.789020836353302
ai_046_001_cam_00_frame.0053,test,ai_046_001,53,0.09854980558156967,0.08929942548274994,0.33544921875,0.894439697265625,0.8258665800094604,0.09824411571025848,0.08919044584035873,0.3177693784236908,0.8950042724609375,0.818167507648468,0.09990242123603821,0.09084975719451904,0.2596282958984375,0.8954620361328125,0.8022712469100952,0.1030818447470665,0.09352868050336838,0.1434783935546875,0.8933563232421875,0.7912458181381226
ai_046_001_cam_00_frame.0059,test,ai_046_001,59,0.06061742454767227,0.05428703874349594,0.3773651123046875,0.9407247304916382,0.8038356304168701,0.06161704659461975,0.0550980344414711,0.3642425537109375,0.9446360468864441,0.78850257396698,0.0654526948928833,0.058284543454647064,0.2651163935661316,0.9446462392807007,0.7625101804733276,0.0701342225074768,0.06214168295264244,0.1102396696805954,0.9454600214958191,0.7436316013336182
ai_046_001_cam_00_frame.0066,test,ai_046_001,66,0.05003462731838226,0.04744993895292282,0.2265218198299408,0.968902587890625,0.7531583905220032,0.049585603177547455,0.046948932111263275,0.23541259765625,0.9686228632926941,0.7368277907371521,0.04812157154083252,0.044818293303251266,0.243927001953125,0.9678751826286316,0.7142727375030518,0.04549260064959526,0.04071842133998871,0.2915496826171875,0.9675649404525757,0.7014597654342651
ai_046_001_cam_00_frame.0073,test,ai_046_001,73,0.04851143807172775,0.04512396082282066,0.2402598112821579,0.9624074697494507,0.7174776196479797,0.04774308204650879,0.044475480914115906,0.2265777587890625,0.9622548818588257,0.6961959600448608,0.04734992980957031,0.044175371527671814,0.2472737729549408,0.9626922607421875,0.6662903428077698,0.048630714416503906,0.044924452900886536,0.288543701171875,0.9623922109603882,0.6447862982749939
ai_046_001_cam_00_frame.0079,test,ai_046_001,79,0.04480826109647751,0.04203798621892929,0.5842692255973816,0.9561716914176941,0.8353372812271118,0.04526235908269882,0.0422404408454895,0.6004689931869507,0.9563497304916382,0.8155285716056824,0.04894356057047844,0.044807255268096924,0.4723968505859375,0.9563751220703125,0.792488694190979,0.05398186296224594,0.04819260165095329,0.338623046875,0.956756591796875,0.7748933434486389
ai_046_001_cam_00_frame.0086,test,ai_046_001,86,0.08669877052307129,0.07963359355926514,0.3222859799861908,0.9168803095817566,0.8109155297279358,0.08814969658851624,0.08041011542081833,0.3317616879940033,0.9163106679916382,0.7948377132415771,0.09512387961149216,0.08531564474105835,0.2529195249080658,0.913177490234375,0.7653660178184509,0.10274261236190796,0.09041392803192139,0.2027486264705658,0.9104156494140625,0.7493654489517212
ai_046_001_cam_00_frame.0092,test,ai_046_001,92,0.02402755431830883,0.02215535007417202,0.53607177734375,0.9871368408203125,0.8536927103996277,0.023854386061429977,0.02182307094335556,0.5496165156364441,0.9868418574333191,0.8524304032325745,0.024431226775050163,0.021890725940465927,0.6186015009880066,0.9859873652458191,0.8405324816703796,0.02644076570868492,0.023217275738716125,0.6159312129020691,0.9856719970703125,0.8315399289131165
ai_046_001_cam_00_frame.0099,test,ai_046_001,99,0.03284108266234398,0.028333401307463646,0.64593505859375,0.9769134521484375,0.8788189888000488,0.033336710184812546,0.028591586276888847,0.6397247314453125,0.9753570556640625,0.8797006607055664,0.03584381565451622,0.02996632270514965,0.6590067744255066,0.973480224609375,0.8668138980865479,0.03959467262029648,0.032186444848775864,0.5578664541244507,0.9733073115348816,0.8614144921302795
ai_048_001_cam_00_frame.0000,test,ai_048_001,0,0.04869082197546959,0.04325571656227112,0.2702128291130066,0.9816335439682007,0.8681785464286804,0.04735184460878372,0.04151094704866409,0.3024139404296875,0.9811248779296875,0.858325183391571,0.04631168767809868,0.039730969816446304,0.3411407470703125,0.9801839590072632,0.8281530737876892,0.048095740377902985,0.040809180587530136,0.3040059506893158,0.9789022207260132,0.8018490672111511
ai_048_001_cam_00_frame.0007,test,ai_048_001,7,0.04115406796336174,0.033523738384246826,0.3123677670955658,0.9888916015625,0.8490210771560669,0.040493741631507874,0.03252193331718445,0.3125966489315033,0.988861083984375,0.8409808874130249,0.04167291522026062,0.03315393626689911,0.2845509946346283,0.988311767578125,0.8272665739059448,0.04331186041235924,0.03448207303881645,0.2478536069393158,0.9879150390625,0.8044429421424866
ai_048_001_cam_00_frame.0013,test,ai_048_001,13,0.046194612979888916,0.04033353179693222,0.2420857846736908,0.9848226308822632,0.8131662607192993,0.04444604739546776,0.038220398128032684,0.2748158872127533,0.9843699336051941,0.8091515302658081,0.04310844466090202,0.03589460998773575,0.32818603515625,0.9842681884765625,0.7934989333152771,0.04408256337046623,0.03614360839128494,0.3199259638786316,0.9842631220817566,0.7755451798439026
ai_048_001_cam_00_frame.0020,test,ai_048_001,20,0.03555680438876152,0.028849206864833832,0.4473978877067566,0.9819590449333191,0.8411831855773926,0.03480934351682663,0.027837984263896942,0.4553934931755066,0.9816538691520691,0.8320578932762146,0.03536054119467735,0.02793431654572487,0.4092458188533783,0.9810892939567566,0.812541663646698,0.037373583763837814,0.02927844598889351,0.3293507993221283,0.9827932119369507,0.7962621450424194
ai_048_001_cam_00_frame.0026,test,ai_048_001,26,0.04270549118518829,0.03832711651921272,0.2549998164176941,0.9929606318473816,0.8547255992889404,0.04135556519031525,0.036875151097774506,0.2563222348690033,0.9932708740234375,0.8335717916488647,0.03951362520456314,0.03452466428279877,0.279571533203125,0.9929656982421875,0.7921887040138245,0.039334554225206375,0.03400075435638428,0.2645924985408783,0.9926198720932007,0.7678307890892029
ai_048_001_cam_00_frame.0033,test,ai_048_001,33,0.05261833965778351,0.050796981900930405,0.172393798828125,0.9809367060661316,0.8734118938446045,0.050809141248464584,0.04875321686267853,0.1904958188533783,0.9847615957260132,0.860601544380188,0.04801320657134056,0.04539486765861511,0.2057596892118454,0.9867197871208191,0.8360282182693481,0.045068901032209396,0.04139797016978264,0.2467244565486908,0.9902140498161316,0.816525399684906
ai_048_001_cam_00_frame.0040,test,ai_048_001,40,0.03611789643764496,0.030759580433368683,0.3677622675895691,0.9873911738395691,0.8222671151161194,0.03703022003173828,0.03168981522321701,0.3404897153377533,0.9873759150505066,0.8133326768875122,0.03905193507671356,0.03365911915898323,0.2767741084098816,0.9864654541015625,0.8030706644058228,0.041306622326374054,0.035799331963062286,0.2343394011259079,0.9857737421989441,0.7955758571624756
ai_048_001_cam_00_frame.0046,test,ai_048_001,46,0.0582224503159523,0.05359141528606415,0.1551157683134079,0.9838511347770691,0.8382840752601624,0.05800650641322136,0.0531187579035759,0.1679789274930954,0.9831594228744507,0.8348723649978638,0.05806402489542961,0.05264335870742798,0.1813405454158783,0.9858602285385132,0.829599916934967,0.058764345943927765,0.052696358412504196,0.1939239501953125,0.9809316396713257,0.8221067786216736
ai_048_001_cam_00_frame.0053,test,ai_048_001,53,0.06832144409418106,0.06051027029752731,0.1139475554227829,0.9601389765739441,0.8701923489570618,0.06581974029541016,0.05883040279150009,0.1189727783203125,0.9603831171989441,0.8679355382919312,0.06177053600549698,0.055133573710918427,0.1369120329618454,0.96051025390625,0.8489594459533691,0.05794503539800644,0.05089566111564636,0.2014516294002533,0.9603017568588257,0.8083292841911316
ai_048_001_cam_00_frame.0059,test,ai_048_001,59,0.04543520510196686,0.03792274743318558,0.3627578020095825,0.9828132390975952,0.838758111000061,0.04439787194132805,0.036388348788022995,0.39300116896629333,0.9834541082382202,0.8343864679336548,0.043986789882183075,0.03493582829833031,0.42132702469825745,0.9842017889022827,0.8217426538467407,0.04510694742202759,0.034714702516794205,0.4108033776283264,0.9841458201408386,0.7988722324371338
ai_048_001_cam_00_frame.0066,test,ai_048_001,66,0.06974861770868301,0.060258474200963974,0.24503198266029358,0.9208523035049438,0.8034211993217468,0.06648227572441101,0.05684094503521919,0.25874969363212585,0.9226223230361938,0.7829879522323608,0.060893986374139786,0.050487954169511795,0.27059057354927063,0.9224036335945129,0.7576248049736023,0.05958514288067818,0.04891214892268181,0.30162712931632996,0.9219763875007629,0.7239651679992676
ai_048_001_cam_00_frame.0073,test,ai_048_001,73,0.0940362960100174,0.07040566205978394,0.1851755827665329,0.9271087646484375,0.8363067507743835,0.09608789533376694,0.07154601067304611,0.114013671875,0.9275767207145691,0.8164790272712708,0.10027088969945908,0.07415038347244263,0.1019032821059227,0.9293314814567566,0.7860903739929199,0.10542210191488266,0.07779835909605026,0.08636474609375,0.9351806640625,0.7571629881858826
ai_048_001_cam_00_frame.0079,test,ai_048_001,79,0.04987918585538864,0.04321042820811272,0.1344808042049408,0.9866485595703125,0.8308901786804199,0.04724042862653732,0.040620967745780945,0.1807759702205658,0.986480712890625,0.7868532538414001,0.04481903836131096,0.03804248571395874,0.2295074462890625,0.9859619140625,0.7477109432220459,0.04398828744888306,0.03672797605395317,0.270721435546875,0.9859110713005066,0.7313753366470337
ai_048_001_cam_00_frame.0086,test,ai_048_001,86,0.03716057166457176,0.03260178491473198,0.219329833984375,0.993133544921875,0.7755320072174072,0.038641080260276794,0.034114208072423935,0.2224934995174408,0.9931081533432007,0.7692930102348328,0.04296600818634033,0.03857692331075668,0.1979573667049408,0.9929656982421875,0.7557711601257324,0.04832163453102112,0.043356768786907196,0.1830037534236908,0.9929148554801941,0.7375021576881409
ai_048_001_cam_00_frame.0092,test,ai_048_001,92,0.04205977916717529,0.03372243046760559,0.1483408659696579,0.9991048574447632,0.862729012966156,0.043265171349048615,0.03402756154537201,0.1510162353515625,0.999053955078125,0.8501548767089844,0.04694012552499771,0.03667280450463295,0.1627349853515625,0.99859619140625,0.8327226638793945,0.04949568212032318,0.03839423507452011,0.1819814145565033,0.9984588623046875,0.8192002773284912
ai_048_001_cam_00_frame.0099,test,ai_048_001,99,0.0659351646900177,0.06236947700381279,0.2060801237821579,0.973052978515625,0.8580850958824158,0.06370125710964203,0.05953563377261162,0.2321217954158783,0.9739837646484375,0.8518160581588745,0.06319014728069305,0.057659633457660675,0.1805216521024704,0.9745025634765625,0.8307868242263794,0.06365709006786346,0.0565008819103241,0.1645253598690033,0.9746450185775757,0.820048987865448
ai_052_001_cam_00_frame.0000,test,ai_052_001,0,0.039458803832530975,0.03609108924865723,0.1981353759765625,0.9858856201171875,0.8061373829841614,0.037712469696998596,0.03419005498290062,0.2246602475643158,0.98565673828125,0.7966071963310242,0.03568805009126663,0.03139574080705643,0.3177134394645691,0.9846853017807007,0.7805900573730469,0.03637920320034027,0.031558819115161896,0.3439483642578125,0.9837239980697632,0.76701819896698
ai_052_001_cam_00_frame.0007,test,ai_052_001,7,0.03724489361047745,0.03308863192796707,0.2820281982421875,0.9853872060775757,0.8274464011192322,0.03622167557477951,0.03158365935087204,0.3807830810546875,0.9857279658317566,0.8220502138137817,0.035946063697338104,0.03138735517859459,0.4210205078125,0.9848887324333191,0.8107704520225525,0.0378907173871994,0.033470671623945236,0.3482208251953125,0.9845225214958191,0.7966153621673584
ai_052_001_cam_00_frame.0013,test,ai_052_001,13,0.04110773652791977,0.036191489547491074,0.2321624755859375,0.985260009765625,0.8153082728385925,0.04007522016763687,0.03568316996097565,0.2209523618221283,0.9856109619140625,0.8080199360847473,0.038809970021247864,0.03524906188249588,0.2119394987821579,0.9855092763900757,0.7912276983261108,0.03837301954627037,0.03486666828393936,0.2440948486328125,0.9848124384880066,0.7743114233016968
ai_052_001_cam_00_frame.0020,test,ai_052_001,20,0.029069246724247932,0.02655203826725483,0.31719064712524414,0.990971565246582,0.8180677890777588,0.027194948866963387,0.024966681376099586,0.34195655584335327,0.9912513494491577,0.8085928559303284,0.02560664340853691,0.023417089134454727,0.3931109309196472,0.991246223449707,0.7892224788665771,0.02565307356417179,0.02314128912985325,0.41731730103492737,0.9908139109611511,0.7736163139343262
ai_052_001_cam_00_frame.0026,test,ai_052_001,26,0.03584222123026848,0.02824496477842331,0.25504568219184875,0.9889422059059143,0.861512303352356,0.035552237182855606,0.02786111831665039,0.2496948093175888,0.9895119071006775,0.8567595481872559,0.03652053326368332,0.028320524841547012,0.27715611457824707,0.9891710877418518,0.8484405279159546,0.03852962329983711,0.02957197092473507,0.2711541950702667,0.9878181219100952,0.834301769733429
ai_052_001_cam_00_frame.0033,test,ai_052_001,33,0.08722920715808868,0.06526096910238266,0.3113810420036316,0.955657958984375,0.7684997916221619,0.08327032625675201,0.06534688174724579,0.22528076171875,0.9552409052848816,0.7657105922698975,0.0798138678073883,0.06676963716745377,0.2089385986328125,0.9534963369369507,0.7519487738609314,0.07735684514045715,0.06591103225946426,0.1991068571805954,0.9515177607536316,0.7400050759315491
ai_052_001_cam_00_frame.0040,test,ai_052_001,40,0.030195973813533783,0.024280797690153122,0.282135009765625,0.992523193359375,0.913473904132843,0.02963845245540142,0.023936685174703598,0.3264109492301941,0.9922129511833191,0.9091851115226746,0.02800191193819046,0.022983405739068985,0.3202870786190033,0.9913482666015625,0.8891623616218567,0.026962783187627792,0.022913657128810883,0.3392384946346283,0.9909210205078125,0.8620243668556213
ai_052_001_cam_00_frame.0046,test,ai_052_001,46,0.0316275916993618,0.029262814670801163,0.2434743344783783,0.9893850088119507,0.8691236972808838,0.029785901308059692,0.0274069644510746,0.2803802490234375,0.9897918701171875,0.8605139255523682,0.028296081349253654,0.025281190872192383,0.3830617368221283,0.9911041259765625,0.8290795683860779,0.028264498338103294,0.024352019652724266,0.4255473017692566,0.99151611328125,0.8099781274795532
ai_052_001_cam_00_frame.0053,test,ai_052_001,53,0.045739300549030304,0.04126443713903427,0.2077585905790329,0.9799296259880066,0.8334680795669556,0.0428754985332489,0.03840848058462143,0.2614237666130066,0.9802703857421875,0.8280690908432007,0.040678344666957855,0.035946667194366455,0.2912445068359375,0.9774424433708191,0.8128779530525208,0.040547266602516174,0.03516269475221634,0.3520965576171875,0.9765065908432007,0.7888188362121582
ai_052_001_cam_00_frame.0059,test,ai_052_001,59,0.03891395032405853,0.034075431525707245,0.2203521728515625,0.9829203486442566,0.8186563849449158,0.03782457858324051,0.03343779966235161,0.2341105192899704,0.9832865595817566,0.8131744265556335,0.036699943244457245,0.03303936868906021,0.2766825556755066,0.9826406240463257,0.8024900555610657,0.03651309758424759,0.03304475173354149,0.36688232421875,0.9817301630973816,0.7903148531913757
ai_052_001_cam_00_frame.0066,test,ai_052_001,66,0.03092784248292446,0.028216151520609856,0.3222402036190033,0.9890493154525757,0.8187119364738464,0.029648687690496445,0.027165353298187256,0.3415425717830658,0.9892832636833191,0.8123915195465088,0.02886410802602768,0.026365239173173904,0.3881174921989441,0.98919677734375,0.8003751635551453,0.0301617830991745,0.027312075719237328,0.3776397705078125,0.9891001582145691,0.7891201376914978
ai_052_001_cam_00_frame.0073,test,ai_052_001,73,0.04727404937148094,0.040021494030952454,0.1800689697265625,0.9874166250228882,0.8050352931022644,0.045479483902454376,0.03918582946062088,0.1875559538602829,0.9877675771713257,0.8060668110847473,0.04257426783442497,0.03773766756057739,0.1953226774930954,0.9876556396484375,0.7928118705749512,0.040799688547849655,0.03632541745901108,0.25701904296875,0.98712158203125,0.7821909785270691
ai_052_001_cam_00_frame.0079,test,ai_052_001,79,0.045987337827682495,0.037756022065877914,0.2078908383846283,0.9860484004020691,0.8247361779212952,0.04400315880775452,0.036832571029663086,0.1974233090877533,0.987091064453125,0.8211625218391418,0.041275180876255035,0.035331256687641144,0.2359263151884079,0.9867452383041382,0.8097682595252991,0.040675438940525055,0.03562551364302635,0.2772318720817566,0.9863332509994507,0.7938145399093628
ai_052_001_cam_00_frame.0086,test,ai_052_001,86,0.03896605595946312,0.034805119037628174,0.2399074286222458,0.9891456961631775,0.8464850783348083,0.037670452147722244,0.03406224027276039,0.2584878206253052,0.9889931082725525,0.8405630588531494,0.0359327457845211,0.032441508024930954,0.2732585668563843,0.9887693524360657,0.8234881162643433,0.03553704544901848,0.03187942877411842,0.34097808599472046,0.9886167645454407,0.8101858496665955
ai_052_001_cam_00_frame.0092,test,ai_052_001,92,0.047388069331645966,0.04202839732170105,0.1595865935087204,0.9819082021713257,0.8100734353065491,0.0459648035466671,0.04055032134056091,0.1873372495174408,0.981964111328125,0.796032190322876,0.04532141983509064,0.03922847658395767,0.270477294921875,0.9815826416015625,0.7744548320770264,0.04667387157678604,0.039968159049749374,0.2784881591796875,0.9808451533317566,0.7616091966629028
ai_052_001_cam_00_frame.0099,test,ai_052_001,99,0.037021197378635406,0.03356737270951271,0.2541351318359375,0.9863433837890625,0.8193149566650391,0.036302369087934494,0.032581113278865814,0.2896932065486908,0.9863077998161316,0.8089388012886047,0.03698728606104851,0.03266751393675804,0.3234914243221283,0.9852498769760132,0.786522388458252,0.039953041821718216,0.03524089604616165,0.2879588007926941,0.9837138056755066,0.7720919847488403
