id,split,scene,frame,k0_point_rel,k0_depth_rel,k0_depth_delta_1.01,k0_depth_delta_1.25,k0_alignment_scale,k0_alignment_z_shift,k0_boundary_f1,k1_point_rel,k1_depth_rel,k1_depth_delta_1.01,k1_depth_delta_1.25,k1_alignment_scale,k1_alignment_z_shift,k1_boundary_f1,k3_point_rel,k3_depth_rel,k3_depth_delta_1.01,k3_depth_delta_1.25,k3_alignment_scale,k3_alignment_z_shift,k3_boundary_f1,k5_point_rel,k5_depth_rel,k5_depth_delta_1.01,k5_depth_delta_1.25,k5_alignment_scale,k5_alignment_z_shift,k5_boundary_f1,k0_crop_point_rel,k0_crop_depth_rel,k0_crop_depth_delta_1.01,k0_crop_depth_delta_1.25,k0_crop_boundary_f1,k0_structure_point_rel,k0_structure_depth_rel,k0_structure_depth_delta_1.01,k0_structure_depth_delta_1.25,k0_structure_boundary_f1,k1_crop_point_rel,k1_crop_depth_rel,k1_crop_depth_delta_1.01,k1_crop_depth_delta_1.25,k1_crop_boundary_f1,k1_structure_point_rel,k1_structure_depth_rel,k1_structure_depth_delta_1.01,k1_structure_depth_delta_1.25,k1_structure_boundary_f1,k3_crop_point_rel,k3_crop_depth_rel,k3_crop_depth_delta_1.01,k3_crop_depth_delta_1.25,k3_crop_boundary_f1,k3_structure_point_rel,k3_structure_depth_rel,k3_structure_depth_delta_1.01,k3_structure_depth_delta_1.25,k3_structure_boundary_f1,k5_crop_point_rel,k5_crop_depth_rel,k5_crop_depth_delta_1.01,k5_crop_depth_delta_1.25,k5_crop_boundary_f1,k5_structure_point_rel,k5_structure_depth_rel,k5_structure_depth_delta_1.01,k5_structure_depth_delta_1.25,k5_structure_boundary_f1
ai_001_001_cam_00_frame.0000,train,ai_001_001,0,0.015143867582082748,0.013398188166320324,0.5213216543197632,0.9998626708984375,2.375182867050171,0.020506858825683594,0.8539453148841858,0.01111664529889822,0.009771961718797684,0.71832275390625,0.9998525381088257,2.430128335952759,0.01175236701965332,0.8451966643333435,0.008951408788561821,0.007458224892616272,0.8295644521713257,0.9998016357421875,2.534595012664795,0.015043973922729492,0.8368438482284546,0.014019968919456005,0.011986665427684784,0.6665191650390625,0.9991557002067566,2.639115810394287,0.020409345626831055,0.8243761658668518,,,,,,,,,,,,,,,,,,,,,,,,,,,,,,,,,,,,,,,,
ai_001_001_cam_00_frame.0014,train,ai_001_001,14,0.007504054345190525,0.006356716156005859,0.8680318593978882,0.9989522695541382,2.084052562713623,-0.01754581928253174,0.8891149163246155,0.007316301576793194,0.006234555970877409,0.86090087890625,0.9990031123161316,2.126659631729126,-0.013828039169311523,0.8893071413040161,0.009092319756746292,0.007935510016977787,0.734710693359375,0.9990794062614441,2.2134547233581543,-0.007224321365356445,0.9025152325630188,0.01291491836309433,0.011248941533267498,0.5900980830192566,0.9990183711051941,2.30411696434021,-0.0006155967712402344,0.9082998633384705,,,,,,,,,,,,,,,,,,,,,,,,,,,,,,,,,,,,,,,,
ai_001_001_cam_00_frame.0028,train,ai_001_001,28,0.007128773257136345,0.00609563197940588,0.8666433095932007,0.9999186396598816,2.2590043544769287,0.015695571899414062,0.9221713542938232,0.006146986037492752,0.005167749710381031,0.9084066152572632,0.9992218017578125,2.3023786544799805,0.01854252815246582,0.925072968006134,0.0060382201336324215,0.005107163917273283,0.9253438711166382,0.9989980459213257,2.392277240753174,0.021083354949951172,0.9062411189079285,0.008087041787803173,0.007084181532263756,0.81378173828125,0.9989370107650757,2.4853034019470215,0.022132158279418945,0.8883512020111084,,,,,,,,,,,,,,,,,,,,,,,,,,,,,,,,,,,,,,,,
ai_001_001_cam_00_frame.0043,train,ai_001_001,43,0.005710942670702934,0.004800293128937483,0.9289398193359375,0.9999542236328125,1.9568144083023071,0.0058858394622802734,0.9122350811958313,0.005706951022148132,0.004903062712401152,0.9505259394645691,0.9999542236328125,1.9915798902511597,0.0070667266845703125,0.9228993058204651,0.007302574813365936,0.00653328001499176,0.7836100459098816,0.9999491572380066,2.064862012863159,0.009732961654663086,0.9287534356117249,0.009750599041581154,0.00884372740983963,0.6759999990463257,0.9999440908432007,2.143049716949463,0.011696338653564453,0.925044059753418,,,,,,,,,,,,,,,,,,,,,,,,,,,,,,,,,,,,,,,,
ai_001_001_cam_00_frame.0056,train,ai_001_001,56,0.007214350625872612,0.00622177217155695,0.8363749384880066,0.9998983144760132,1.7264277935028076,0.013072729110717773,0.8851439952850342,0.005484092980623245,0.004668351262807846,0.8991343379020691,0.9999237060546875,1.760411262512207,0.013432621955871582,0.9012423157691956,0.009067941457033157,0.007983903400599957,0.7157033681869507,0.9998983144760132,1.8326340913772583,0.019721269607543945,0.9218552112579346,0.014298512600362301,0.0128212571144104,0.4517619013786316,0.9998881220817566,1.9087855815887451,0.0231630802154541,0.9206286072731018,,,,,,,,,,,,,,,,,,,,,,,,,,,,,,,,,,,,,,,,
ai_001_001_cam_00_frame.0071,train,ai_001_001,71,0.012856538407504559,0.010379180312156677,0.63043212890625,0.9996592402458191,1.67726731300354,0.03162384033203125,0.8932819962501526,0.00939630251377821,0.007669148035347462,0.7315267324447632,0.9996541738510132,1.7201136350631714,0.022733211517333984,0.8895643949508667,0.009789947420358658,0.0088459812104702,0.7310791015625,0.9996389150619507,1.8061375617980957,0.011018514633178711,0.8534428477287292,0.014166760258376598,0.012968502938747406,0.5033823847770691,0.9994710683822632,1.8847250938415527,0.009740114212036133,0.8221681714057922,,,,,,,,,,,,,,,,,,,,,,,,,,,,,,,,,,,,,,,,
ai_001_001_cam_00_frame.0085,train,ai_001_001,85,0.009475240483880043,0.008315414190292358,0.8034108877182007,0.9995371699333191,2.1834757328033447,0.015693187713623047,0.9118930697441101,0.007442510686814785,0.006519440095871687,0.8545023798942566,0.9994761347770691,2.226073741912842,0.01793050765991211,0.9125776886940002,0.007191020995378494,0.006331196054816246,0.8610178828239441,0.9994252920150757,2.3203811645507812,0.015807628631591797,0.9074428677558899,0.009768875315785408,0.00871220976114273,0.7342733144760132,0.9993540644645691,2.417494058609009,0.015832185745239258,0.8930029273033142,,,,,,,,,,,,,,,,,,,,,,,,,,,,,,,,,,,,,,,,
ai_001_001_cam_00_frame.0099,train,ai_001_001,99,0.020020918920636177,0.015412375330924988,0.6312001943588257,0.9931742548942566,2.2747349739074707,-0.08388185501098633,0.9309347867965698,0.01694295182824135,0.012282553128898144,0.7237752676010132,0.9964752197265625,2.3151519298553467,-0.08292531967163086,0.9350789189338684,0.01416823174804449,0.010027153417468071,0.7787882685661316,0.9967753291130066,2.393963098526001,-0.0669713020324707,0.9364856481552124,0.015052437782287598,0.01194547675549984,0.6684214472770691,0.9967550039291382,2.472381114959717,-0.04754900932312012,0.9120028614997864,,,,,,,,,,,,,,,,,,,,,,,,,,,,,,,,,,,,,,,,
ai_018_003_cam_00_frame.0000,train,ai_018_003,0,0.018509577959775925,0.016101842746138573,0.41455078125,0.9954122304916382,3.4547247886657715,-0.011181354522705078,0.893461287021637,0.016107767820358276,0.013831878080964088,0.5033976435661316,0.9954376220703125,3.5208146572113037,-0.006101131439208984,0.8929605484008789,0.015530675649642944,0.013547174632549286,0.5327911376953125,0.9954478144645691,3.6442747116088867,0.009772539138793945,0.8874948620796204,0.020194854587316513,0.018131794407963753,0.440277099609375,0.99005126953125,3.7716472148895264,0.029391765594482422,0.8671837449073792,,,,,,,,,,,,,,,,,,,,,,,,,,,,,,,,,,,,,,,,
ai_018_003_cam_00_frame.0014,train,ai_018_003,14,0.017119091004133224,0.015187214128673077,0.5063883662223816,0.9961649775505066,3.469848155975342,0.03492450714111328,0.8305282592773438,0.016365380957722664,0.013864031061530113,0.532257080078125,0.9963836669921875,3.522564649581909,0.04947364330291748,0.8281109929084778,0.021304970607161522,0.017477355897426605,0.5550944209098816,0.9887746572494507,3.6393685340881348,0.06737065315246582,0.7903177738189697,0.025058036670088768,0.020205823704600334,0.5093282461166382,0.98870849609375,3.77236270904541,0.0773310661315918,0.7919761538505554,,,,,,,,,,,,,,,,,,,,,,,,,,,,,,,,,,,,,,,,
ai_018_003_cam_00_frame.0028,train,ai_018_003,28,0.036864541471004486,0.03402578830718994,0.5022074580192566,0.9822540283203125,3.3781824111938477,-0.023288726806640625,0.7206331491470337,0.032559268176555634,0.03017784282565117,0.4986216425895691,0.9831136465072632,3.4499642848968506,-0.014970064163208008,0.7253671288490295,0.027467137202620506,0.02543102204799652,0.450286865234375,0.9850820302963257,3.5927703380584717,-0.010699748992919922,0.7326425909996033,0.025236360728740692,0.02316427230834961,0.4091084897518158,0.9926249384880066,3.7405550479888916,-0.017313003540039062,0.7266582250595093,,,,,,,,,,,,,,,,,,,,,,,,,,,,,,,,,,,,,,,,
ai_018_003_cam_00_frame.0042,train,ai_018_003,42,0.01677393540740013,0.01477842591702938,0.6775665283203125,0.9941558837890625,2.8642423152923584,0.019836068153381348,0.9236889481544495,0.01310836710035801,0.011469818651676178,0.7262675166130066,0.9966837763786316,2.9173295497894287,0.02181529998779297,0.9177578687667847,0.011816142126917839,0.010431373491883278,0.7656453847885132,0.99603271484375,3.0243008136749268,0.025968313217163086,0.9105529189109802,0.01356069277971983,0.012166108004748821,0.7040964961051941,0.9959310293197632,3.1333351135253906,0.03754091262817383,0.9044650793075562,,,,,,,,,,,,,,,,,,,,,,,,,,,,,,,,,,,,,,,,
ai_018_003_cam_00_frame.0057,train,ai_018_003,57,0.01861254870891571,0.017331384122371674,0.3626251220703125,0.996551513671875,4.116530418395996,-0.07853555679321289,0.937976598739624,0.01586923561990261,0.014897550456225872,0.424957275390625,0.9965769648551941,4.206614971160889,-0.07557106018066406,0.9392439126968384,0.014666660688817501,0.01326548121869564,0.5258636474609375,0.9964854121208191,4.384474277496338,-0.07831573486328125,0.933868944644928,0.01839890517294407,0.016717107966542244,0.3835805356502533,0.99615478515625,4.569472789764404,-0.07073783874511719,0.9273044466972351,,,,,,,,,,,,,,,,,,,,,,,,,,,,,,,,,,,,,,,,
ai_018_003_cam_00_frame.0071,train,ai_018_003,71,0.013492252677679062,0.011931265704333782,0.736083984375,0.9978536367416382,2.9216647148132324,0.014296650886535645,0.9571012258529663,0.011584317311644554,0.010087116621434689,0.7848562002182007,0.9979095458984375,2.985302448272705,0.01546335220336914,0.957310676574707,0.010869629681110382,0.00877435877919197,0.7829641103744507,0.9979044795036316,3.1103100776672363,0.031213998794555664,0.9489901065826416,0.01360955648124218,0.010664315894246101,0.6816355586051941,0.9979146718978882,3.2457916736602783,0.043250083923339844,0.9397082924842834,,,,,,,,,,,,,,,,,,,,,,,,,,,,,,,,,,,,,,,,
ai_018_003_cam_00_frame.0085,train,ai_018_003,85,0.025625472888350487,0.021179554983973503,0.2892507016658783,0.996185302734375,3.466593027114868,-0.052384376525878906,0.8337841033935547,0.01958080381155014,0.01727532409131527,0.3843841552734375,0.9961649775505066,3.519379138946533,-0.016523122787475586,0.8346038460731506,0.02009977214038372,0.018070567399263382,0.3800913691520691,0.9955190420150757,3.642247438430786,0.037183284759521484,0.8222506642341614,0.035406626760959625,0.03100406751036644,0.2043507993221283,0.9876047968864441,3.7664783000946045,0.08402299880981445,0.780093252658844,,,,,,,,,,,,,,,,,,,,,,,,,,,,,,,,,,,,,,,,
ai_018_003_cam_00_frame.0099,train,ai_018_003,99,0.015336970798671246,0.014279790222644806,0.5853933095932007,0.9979909658432007,3.6468634605407715,0.026572227478027344,0.9428582787513733,0.013377590104937553,0.012405036017298698,0.6110484004020691,0.9979807734489441,3.7080647945404053,0.028966903686523438,0.9462506175041199,0.015909358859062195,0.014655468985438347,0.5464986562728882,0.9942067861557007,3.8373022079467773,0.01988077163696289,0.9211658239364624,0.021449968218803406,0.01962491311132908,0.4417165219783783,0.9941813349723816,3.974560260772705,0.006600379943847656,0.9070273041725159,,,,,,,,,,,,,,,,,,,,,,,,,,,,,,,,,,,,,,,,
ai_036_002_cam_00_frame.0000,train,ai_036_002,0,0.058839164674282074,0.049507446587085724,0.355743408203125,0.9641164541244507,3.6718125343322754,-0.30270081758499146,0.8831793069839478,0.05135074257850647,0.04295773431658745,0.3984934687614441,0.97064208984375,3.736288070678711,-0.29570865631103516,0.8867573142051697,0.042374949902296066,0.03481122851371765,0.4502716064453125,0.9735311269760132,3.868361473083496,-0.2861328125,0.8835381269454956,0.03929678350687027,0.0319407656788826,0.4628550410270691,0.9738311767578125,4.005191326141357,-0.2732677459716797,0.8785736560821533,,,,,,,,,,,,,,,,,,,,,,,,,,,,,,,,,,,,,,,,
ai_036_002_cam_00_frame.0014,train,ai_036_002,14,0.09203576296567917,0.07655372470617294,0.22357177734375,0.9490509033203125,3.827192783355713,-0.5733752250671387,0.8712195158004761,0.0820380300283432,0.0640665739774704,0.3644816279411316,0.9495493769645691,3.9467995166778564,-0.7264986038208008,0.8708117604255676,0.06514634191989899,0.04597731679677963,0.3175099790096283,0.9775848388671875,4.1100029945373535,-0.6974763870239258,0.8239390850067139,0.05456042289733887,0.041763730347156525,0.236297607421875,0.9770101308822632,4.18788480758667,-0.43858811259269714,0.7890990972518921,,,,,,,,,,,,,,,,,,,,,,,,,,,,,,,,,,,,,,,,
ai_036_002_cam_00_frame.0028,train,ai_036_002,28,0.02416965365409851,0.02135343849658966,0.328155517578125,0.9940389394760132,3.6832077503204346,-0.13229942321777344,0.6959103345870972,0.022269636392593384,0.01949482038617134,0.3574015498161316,0.9940185546875,3.7636923789978027,-0.12776470184326172,0.7063359022140503,0.02259160578250885,0.01934022083878517,0.42730712890625,0.9914500117301941,3.9340622425079346,-0.13146686553955078,0.7201822996139526,0.025339361280202866,0.02096925675868988,0.4832000732421875,0.9880880117416382,4.1092400550842285,-0.13675880432128906,0.7203317284584045,,,,,,,,,,,,,,,,,,,,,,,,,,,,,,,,,,,,,,,,
ai_036_002_cam_00_frame.0042,train,ai_036_002,42,0.023329030722379684,0.02183046191930771,0.4489085078239441,0.9966176748275757,3.578925609588623,-0.4320363998413086,0.7858769297599792,0.020892655476927757,0.019299592822790146,0.4911092221736908,0.9966990351676941,3.6520285606384277,-0.4220161437988281,0.7937206029891968,0.019232671707868576,0.01736941747367382,0.5129598379135132,0.9972076416015625,3.817564010620117,-0.4231910705566406,0.8068667054176331,0.020173486322164536,0.0179152674973011,0.4842020869255066,0.9975179433822632,3.989948034286499,-0.4159660339355469,0.8071524500846863,,,,,,,,,,,,,,,,,,,,,,,,,,,,,,,,,,,,,,,,
ai_036_002_cam_00_frame.0057,train,ai_036_002,57,0.019986899569630623,0.013510061427950859,0.7015737295150757,0.9907379150390625,3.0880119800567627,-0.18400192260742188,0.8521386384963989,0.017886515706777573,0.012266436591744423,0.7055867910385132,0.9939829707145691,3.1459779739379883,-0.1774277687072754,0.8513165712356567,0.017833489924669266,0.014312999323010445,0.5196635127067566,0.9972686767578125,3.280935764312744,-0.17522382736206055,0.8108187913894653,0.022622695192694664,0.01981191337108612,0.3858235776424408,0.9914042353630066,3.426367998123169,-0.18148136138916016,0.7928276062011719,,,,,,,,,,,,,,,,,,,,,,,,,,,,,,,,,,,,,,,,
ai_036_002_cam_00_frame.0071,train,ai_036_002,71,0.028988361358642578,0.025746390223503113,0.3717975616455078,0.9892069101333618,3.8875787258148193,-0.32944202423095703,0.7992287278175354,0.025568347424268723,0.022489892318844795,0.4152598977088928,0.9893391728401184,3.9745969772338867,-0.33176517486572266,0.8140533566474915,0.023799024522304535,0.020683644339442253,0.45423105359077454,0.9897562265396118,4.152459621429443,-0.3384885787963867,0.8257513642311096,0.025305313989520073,0.022239387035369873,0.45179471373558044,0.9876556396484375,4.335874080657959,-0.3334026336669922,0.830143392086029,,,,,,,,,,,,,,,,,,,,,,,,,,,,,,,,,,,,,,,,
ai_036_002_cam_00_frame.0085,train,ai_036_002,85,0.047379981726408005,0.04205835983157158,0.274566650390625,0.9853159785270691,3.5463345050811768,-0.5157289505004883,0.7641639113426208,0.04262280464172363,0.0377504900097847,0.2814585566520691,0.991485595703125,3.6238911151885986,-0.5197148323059082,0.7749893069267273,0.037307754158973694,0.033079031854867935,0.1892242431640625,0.9919840693473816,3.772282361984253,-0.48084068298339844,0.7862438559532166,0.037003204226493835,0.03293335437774658,0.1941579282283783,0.9887644648551941,3.9350597858428955,-0.47691822052001953,0.7876539826393127,,,,,,,,,,,,,,,,,,,,,,,,,,,,,,,,,,,,,,,,
ai_036_002_cam_00_frame.0099,train,ai_036_002,99,0.024931233376264572,0.019427550956606865,0.5016734004020691,0.9882456660270691,3.9357597827911377,-0.14471864700317383,0.7200011014938354,0.021019747480750084,0.016207771375775337,0.5698699951171875,0.9918416738510132,4.013651371002197,-0.12991738319396973,0.7342561483383179,0.020871495828032494,0.01721668243408203,0.5111846923828125,0.9917704463005066,4.174027442932129,-0.10752487182617188,0.7341903448104858,0.023759786039590836,0.020251436159014702,0.3952484130859375,0.9917958974838257,4.34915828704834,-0.0927882194519043,0.7325117588043213,,,,,,,,,,,,,,,,,,,,,,,,,,,,,,,,,,,,,,,,
ai_019_007_cam_00_frame.0000,train,ai_019_007,0,0.1364160180091858,0.12851467728614807,0.035186767578125,0.8102773427963257,2.8161299228668213,-0.27655088901519775,0.753689706325531,0.13257834315299988,0.1246325820684433,0.0369313582777977,0.832244873046875,2.871101140975952,-0.2692584991455078,0.744261622428894,0.1298525035381317,0.12189656496047974,0.030731201171875,0.8566030263900757,2.9891672134399414,-0.25825929641723633,0.729415774345398,0.13055168092250824,0.12269270420074463,0.02716064453125,0.8570455312728882,3.10957670211792,-0.24289846420288086,0.7263941168785095,,,,,,,,,,,,,,,,,,,,,,,,,,,,,,,,,,,,,,,,
ai_024_008_cam_00_frame.0099,train,ai_024_008,99,0.11242666095495224,0.10640137642621994,0.0576578788459301,0.8877360224723816,11.778260231018066,0.451934814453125,0.7822511792182922,0.10634276270866394,0.09989266097545624,0.0782928466796875,0.8930562734603882,12.04932689666748,0.4546232223510742,0.800133466720581,0.1016833633184433,0.0949888825416565,0.15179443359375,0.8963369131088257,12.458003044128418,0.5825653076171875,0.7995939254760742,0.10308337211608887,0.09645351022481918,0.142608642578125,0.896392822265625,12.85714340209961,0.73846435546875,0.7892385721206665,,,,,,,,,,,,,,,,,,,,,,,,,,,,,,,,,,,,,,,,
ai_019_004_cam_00_frame.0000,train,ai_019_004,0,0.07968233525753021,0.07328073680400848,0.166290283203125,0.9429931640625,2.1167428493499756,-0.027137160301208496,0.9123586416244507,0.06763525307178497,0.06247102841734886,0.2279612272977829,0.9453939199447632,2.16994047164917,-0.04035162925720215,0.9122670292854309,0.05609123408794403,0.05176500603556633,0.326446533203125,0.9456329345703125,2.2624268531799316,-0.03809702396392822,0.9048636555671692,0.05475127696990967,0.05057743191719055,0.3358713984489441,0.9452158808708191,2.3586337566375732,-0.04032754898071289,0.8974691033363342,,,,,,,,,,,,,,,,,,,,,,,,,,,,,,,,,,,,,,,,
ai_019_004_cam_00_frame.0099,train,ai_019_004,99,0.07611390948295593,0.06983792781829834,0.389923095703125,0.9313100576400757,2.5735952854156494,-0.11804723739624023,0.8447932600975037,0.0680774450302124,0.06216047331690788,0.4967397153377533,0.935089111328125,2.6305577754974365,-0.12007570266723633,0.8447566628456116,0.06731496006250381,0.060979269444942474,0.5029042959213257,0.9337209463119507,2.7572031021118164,-0.13830924034118652,0.8399004936218262,0.07376907020807266,0.06686922162771225,0.3308817744255066,0.9317220449447632,2.883535146713257,-0.14790964126586914,0.8289822936058044,,,,,,,,,,,,,,,,,,,,,,,,,,,,,,,,,,,,,,,,
ai_052_008_cam_01_frame.0099,train,ai_052_008,99,0.03344079852104187,0.029208913445472717,0.3493552803993225,0.9815033078193665,3.790811061859131,-0.04544639587402344,0.8599691987037659,0.030239898711442947,0.026419447734951973,0.3599088191986084,0.983289361000061,3.869697093963623,-0.044977664947509766,0.861134946346283,0.028599323704838753,0.025563668459653854,0.39350301027297974,0.9836812019348145,4.020610332489014,-0.035904884338378906,0.8746542930603027,0.03394361212849617,0.031063886359333992,0.31102877855300903,0.97825688123703,4.183847904205322,-0.036622047424316406,0.886573314666748,,,,,,,,,,,,,,,,,,,,,,,,,,,,,,,,,,,,,,,,
ai_026_013_cam_00_frame.0000,train,ai_026_013,0,0.06168732792139053,0.04241381585597992,0.1585642546415329,0.9832204580307007,19.933698654174805,0.21746158599853516,0.8349705934524536,0.05628472566604614,0.03648313134908676,0.2195078581571579,0.9856974482536316,20.39093017578125,0.19582557678222656,0.8369379043579102,0.05437383055686951,0.0351606048643589,0.2626851499080658,0.98590087890625,21.42754554748535,0.045421600341796875,0.8345864415168762,0.057107992470264435,0.040140435099601746,0.2307993620634079,0.9841817617416382,22.634910583496094,-0.26595497131347656,0.8324191570281982,,,,,,,,,,,,,,,,,,,,,,,,,,,,,,,,,,,,,,,,
ai_055_006_cam_00_frame.0000,train,ai_055_006,0,0.06303994357585907,0.054398320615291595,0.2217610776424408,0.9560343623161316,4.505159854888916,0.1437060832977295,0.8040070533752441,0.057547420263290405,0.050005145370960236,0.2391306608915329,0.9566802978515625,4.608827114105225,0.12496459484100342,0.8047193884849548,0.05159161612391472,0.04461235553026199,0.3222554624080658,0.9576568603515625,4.8050312995910645,0.1111980676651001,0.7940695285797119,0.05183228850364685,0.04546966403722763,0.2739308774471283,0.9570974111557007,4.989265441894531,0.09551715850830078,0.7829713225364685,,,,,,,,,,,,,,,,,,,,,,,,,,,,,,,,,,,,,,,,
ai_054_008_cam_00_frame.0000,train,ai_054_008,0,0.07764063775539398,0.07338782399892807,0.38282233476638794,0.8844731450080872,4.805347919464111,-0.08901596069335938,0.4702131152153015,0.07187050580978394,0.06789913028478622,0.434687077999115,0.8846715688705444,4.886948108673096,-0.08397459983825684,0.4731309413909912,0.06610583513975143,0.0624595507979393,0.5063514709472656,0.8851192593574524,5.05409574508667,-0.06766080856323242,0.4785079061985016,0.06687953323125839,0.06316214054822922,0.4858395755290985,0.8853837847709656,5.236518383026123,-0.0638589859008789,0.4752649962902069,0.09098809957504272,0.08888599276542664,0.11902240663766861,0.9242362380027771,0.7242017984390259,0.08976026624441147,0.08666519075632095,0.056264594197273254,0.9731168150901794,0.48025476932525635,0.07655110955238342,0.07479963451623917,0.16021724045276642,0.9243720173835754,0.7222777009010315,0.06837411969900131,0.06590209901332855,0.09618204087018967,0.9732797145843506,0.47674286365509033,0.06098341941833496,0.059625957161188126,0.2803801894187927,0.925295352935791,0.7369396090507507,0.046430665999650955,0.04469954967498779,0.28012815117836,0.9737685322761536,0.4841470420360565,0.06171981245279312,0.06041346490383148,0.28993889689445496,0.9246979355812073,0.7495375275611877,0.04598075523972511,0.044399868696928024,0.29196763038635254,0.974148690700531,0.4916236996650696
ai_044_009_cam_00_frame.0000,train,ai_044_009,0,0.12322191894054413,0.11296834796667099,0.2105051726102829,0.8557586669921875,4.940235137939453,-0.3195352554321289,0.3729570209980011,0.11709600687026978,0.10757610201835632,0.2661590576171875,0.8557586669921875,5.009434223175049,-0.29445648193359375,0.3678581416606903,0.10960093140602112,0.10103344172239304,0.384307861328125,0.8557230830192566,5.1533966064453125,-0.2524731159210205,0.3624064326286316,0.10718469321727753,0.09926798939704895,0.4242401123046875,0.8556162714958191,5.321516036987305,-0.22569751739501953,0.3606570363044739,,,,,,,,,,,,,,,,,,,,,,,,,,,,,,,,,,,,,,,,
ai_052_010_cam_00_frame.0000,train,ai_052_010,0,0.05284745618700981,0.04598609730601311,0.1299794614315033,0.9799652099609375,3.1546919345855713,-0.10877752304077148,0.8212088942527771,0.04398494213819504,0.03872287645936012,0.2258809506893158,0.9825541377067566,3.1940603256225586,-0.07613706588745117,0.8193259239196777,0.03555452451109886,0.032549142837524414,0.3471934199333191,0.982421875,3.2635982036590576,-0.016694068908691406,0.8173167705535889,0.03838018327951431,0.034683432430028915,0.2718861997127533,0.9818115234375,3.3474936485290527,0.023795127868652344,0.8071475028991699,,,,,,,,,,,,,,,,,,,,,,,,,,,,,,,,,,,,,,,,
ai_052_004_cam_00_frame.0000,train,ai_052_004,0,0.05069960281252861,0.047073543071746826,0.4175822138786316,0.9506327509880066,5.141470909118652,0.04521322250366211,0.7644561529159546,0.04658062383532524,0.04331245273351669,0.500274658203125,0.9549154043197632,5.248167991638184,0.05286884307861328,0.7603822946548462,0.04788830131292343,0.04441845417022705,0.3889414668083191,0.9561361074447632,5.450817108154297,0.06963157653808594,0.749597430229187,0.05252128839492798,0.048470549285411835,0.30792236328125,0.9560598134994507,5.680231094360352,0.08818197250366211,0.7377431392669678,,,,,,,,,,,,,,,,,,,,,,,,,,,,,,,,,,,,,,,,
ai_053_018_cam_00_frame.0000,train,ai_053_018,0,0.14558686316013336,0.12154697626829147,0.051488395780324936,0.8417248725891113,4.414933204650879,-0.25956296920776367,0.9476383924484253,0.12799079716205597,0.10484883934259415,0.20432071387767792,0.8418164253234863,4.53395414352417,-0.26729464530944824,0.9475759267807007,0.10909723490476608,0.08761092275381088,0.1573595553636551,0.8420860171318054,4.7321577072143555,-0.28609466552734375,0.9457904696464539,0.10048084706068039,0.0794338583946228,0.13227155804634094,0.869971752166748,4.935296535491943,-0.3135261535644531,0.9421862959861755,,,,,,,,,,,,,,,,,,,,,,,,,,,,,,,,,,,,,,,,
ai_054_006_cam_00_frame.0000,train,ai_054_006,0,0.035545386373996735,0.031866416335105896,0.4802602231502533,0.971771240234375,3.296546459197998,0.03090667724609375,0.7885097861289978,0.030769869685173035,0.027624405920505524,0.5212148427963257,0.9736379384994507,3.363422155380249,0.03498220443725586,0.7928772568702698,0.03161483258008957,0.028598513454198837,0.4444173276424408,0.9757080078125,3.502964496612549,0.04580879211425781,0.7969271540641785,0.03588385507464409,0.03253420069813728,0.3287862241268158,0.9744212031364441,3.6416094303131104,0.057930946350097656,0.79118812084198,,,,,,,,,,,,,,,,,,,,,,,,,,,,,,,,,,,,,,,,
ai_008_004_cam_00_frame.0000,train,ai_008_004,0,0.016788285225629807,0.015713918954133987,0.6529744863510132,0.99456787109375,2.0457310676574707,0.031035423278808594,0.8806471824645996,0.012966908514499664,0.012003373354673386,0.7009074091911316,0.9942626953125,2.0833301544189453,0.030483484268188477,0.8813236355781555,0.010961156338453293,0.009887510910630226,0.8328043818473816,0.9935811758041382,2.166383981704712,0.026400327682495117,0.8670183420181274,0.014164566993713379,0.012698712758719921,0.6985982656478882,0.9934489130973816,2.2514965534210205,0.03542661666870117,0.8593087792396545,,,,,,,,,,,,,,,,,,,,,,,,,,,,,,,,,,,,,,,,
ai_027_009_cam_02_frame.0099,train,ai_027_009,99,0.03395581617951393,0.030936866998672485,0.3335825800895691,0.9806773066520691,1.984639048576355,0.004193782806396484,0.908973753452301,0.02809351310133934,0.024957671761512756,0.4331512451171875,0.9807841181755066,2.0223848819732666,0.009548604488372803,0.912256121635437,0.027972888201475143,0.024964233860373497,0.3891042172908783,0.9804484248161316,2.1045680046081543,0.013981819152832031,0.9080337285995483,0.03434663638472557,0.031061314046382904,0.2607523798942566,0.9794260859489441,2.185579776763916,0.019828319549560547,0.9017351269721985,,,,,,,,,,,,,,,,,,,,,,,,,,,,,,,,,,,,,,,,
ai_048_007_cam_00_frame.0001,train,ai_048_007,1,0.03447222709655762,0.032117024064064026,0.3671875,0.97943115234375,2.4423182010650635,-0.04738020896911621,0.9110771417617798,0.026881178840994835,0.024954183027148247,0.4816538691520691,0.9818980097770691,2.495877742767334,-0.04593086242675781,0.9151653051376343,0.02460366114974022,0.022386109456419945,0.5457407832145691,0.9825846552848816,2.5819220542907715,-0.03597944974899292,0.9130437970161438,0.029524527490139008,0.026840543374419212,0.4249114990234375,0.9825643301010132,2.6871519088745117,-0.029632568359375,0.908941388130188,,,,,,,,,,,,,,,,,,,,,,,,,,,,,,,,,,,,,,,,
ai_002_003_cam_00_frame.0000,train,ai_002_003,0,0.036233242601156235,0.03392084687948227,0.4778289794921875,0.9690755605697632,3.740361452102661,-0.04843175411224365,0.8476970195770264,0.030663885176181793,0.028838414698839188,0.5825958251953125,0.9676666259765625,3.8137524127960205,-0.04403090476989746,0.8529849052429199,0.029034193605184555,0.027429290115833282,0.5669708251953125,0.9664154052734375,3.9669437408447266,-0.033963918685913086,0.846148669719696,0.03393243998289108,0.03188817575573921,0.4381256103515625,0.9654642939567566,4.1307477951049805,-0.025173664093017578,0.8287452459335327,,,,,,,,,,,,,,,,,,,,,,,,,,,,,,,,,,,,,,,,
ai_044_006_cam_01_frame.0099,train,ai_044_006,99,0.04723314195871353,0.042153798043727875,0.23886427283287048,0.9805693626403809,5.329730033874512,-0.22762012481689453,0.7433211207389832,0.03998403251171112,0.03483538329601288,0.2996484935283661,0.9809253811836243,5.408501148223877,-0.2078547477722168,0.7567710280418396,0.03341151028871536,0.02747109904885292,0.3763790726661682,0.9818867444992065,5.562017917633057,-0.16359758377075195,0.7582330107688904,0.03409367427229881,0.027544647455215454,0.34951192140579224,0.9823445677757263,5.7576212882995605,-0.16096973419189453,0.7446751594543457,,,,,,,,,,,,,,,,,,,,,,,,,,,,,,,,,,,,,,,,
ai_027_005_cam_00_frame.0000,train,ai_027_005,0,0.06789571046829224,0.0603303387761116,0.3523101806640625,0.9260457754135132,9.022056579589844,-0.40348148345947266,0.8303540945053101,0.06312794238328934,0.0567496195435524,0.3746185302734375,0.9353841543197632,9.276350021362305,-0.47259044647216797,0.8307867646217346,0.06496438384056091,0.05900852382183075,0.3161773681640625,0.9362640380859375,9.687088012695312,-0.5234613418579102,0.8285993337631226,0.0731307789683342,0.06705867499113083,0.2446797788143158,0.9323171377182007,10.113025665283203,-0.5249176025390625,0.820300281047821,,,,,,,,,,,,,,,,,,,,,,,,,,,,,,,,,,,,,,,,
ai_034_003_cam_00_frame.0000,train,ai_034_003,0,0.03149395063519478,0.02893492393195629,0.3349711298942566,0.982574462890625,5.758544445037842,-0.17699050903320312,0.8508821129798889,0.02645961567759514,0.023987507447600365,0.4748077392578125,0.9822794795036316,5.888405799865723,-0.18513011932373047,0.8501312732696533,0.02658148482441902,0.023988667875528336,0.5587615966796875,0.980926513671875,6.133307456970215,-0.17684006690979004,0.834166407585144,0.03130042180418968,0.028423812240362167,0.4605204463005066,0.980438232421875,6.379363536834717,-0.16603660583496094,0.8257589936256409,,,,,,,,,,,,,,,,,,,,,,,,,,,,,,,,,,,,,,,,
ai_045_005_cam_03_frame.0099,train,ai_045_005,99,0.08648612350225449,0.07721909880638123,0.16583251953125,0.9179534912109375,2.0227487087249756,-0.06146407127380371,0.9112001061439514,0.08523553609848022,0.07740946859121323,0.1599528044462204,0.9177500605583191,2.0784900188446045,-0.0788109302520752,0.9168639779090881,0.07802729308605194,0.07071950286626816,0.163787841796875,0.9174296259880066,2.165470600128174,-0.07789993286132812,0.9015000462532043,0.07300642132759094,0.06587629020214081,0.164031982421875,0.9419606924057007,2.257289409637451,-0.07160031795501709,0.8927068114280701,,,,,,,,,,,,,,,,,,,,,,,,,,,,,,,,,,,,,,,,
ai_009_001_cam_00_frame.0099,train,ai_009_001,99,0.036844272166490555,0.0341438464820385,0.3976272642612457,0.976309597492218,5.310385227203369,-0.045755863189697266,0.7761706709861755,0.02969997003674507,0.027380509302020073,0.5095515251159668,0.9754343032836914,5.405379772186279,-0.03599834442138672,0.7742012143135071,0.03041226789355278,0.027764135971665382,0.4999288022518158,0.9746750593185425,5.602851867675781,-0.021207809448242188,0.7738394141197205,0.03683946281671524,0.03369300812482834,0.39731088280677795,0.9741371870040894,5.813167095184326,-0.00751495361328125,0.7708694338798523,,,,,,,,,,,,,,,,,,,,,,,,,,,,,,,,,,,,,,,,
ai_055_002_cam_01_frame.0099,train,ai_055_002,99,0.03727756068110466,0.033517103642225266,0.3688812255859375,0.9786173701286316,3.2915945053100586,0.009064674377441406,0.5476677417755127,0.03246574103832245,0.028997525572776794,0.4196879267692566,0.9789072871208191,3.353116273880005,0.011492729187011719,0.5513430237770081,0.030390841886401176,0.027199387550354004,0.3615926206111908,0.9796193838119507,3.4744186401367188,0.015812397003173828,0.5458284020423889,0.035848744213581085,0.03190300613641739,0.3196970820426941,0.9833272695541382,3.6093344688415527,0.028794050216674805,0.5331657528877258,,,,,,,,,,,,,,,,,,,,,,,,,,,,,,,,,,,,,,,,
ai_044_002_cam_01_frame.0099,train,ai_044_002,99,0.07728506624698639,0.023469092324376106,0.36246955394744873,0.9936308264732361,6.312255382537842,-0.15576839447021484,0.8000786900520325,0.07410934567451477,0.018331212922930717,0.46519070863723755,0.995431661605835,6.435512542724609,-0.14577960968017578,0.8064080476760864,0.07468736171722412,0.022686073556542397,0.3307812511920929,0.9943989515304565,6.678940773010254,-0.12677001953125,0.8026760220527649,0.07823822647333145,0.03092050738632679,0.19469301402568817,0.9929898381233215,6.939602851867676,-0.10273313522338867,0.783738911151886,,,,,,,,,,,,,,,,,,,,,,,,,,,,,,,,,,,,,,,,
ai_043_002_cam_00_frame.0000,val,ai_043_002,0,0.017125023528933525,0.015781667083501816,0.48805221915245056,0.994186282157898,3.277914047241211,0.030341148376464844,0.8729099631309509,0.017077770084142685,0.015655387192964554,0.49177032709121704,0.9942625761032104,3.33551025390625,0.036145925521850586,0.8678625822067261,0.018193652853369713,0.016675496473908424,0.514663815498352,0.994089663028717,3.4646589756011963,0.036905765533447266,0.8559578657150269,0.020890964195132256,0.019084826111793518,0.4948424696922302,0.9941151142120361,3.6028428077697754,0.038424015045166016,0.8484911918640137,,,,,,,,,,,,,,,,,,,,,,,,,,,,,,,,,,,,,,,,
ai_043_002_cam_00_frame.0014,val,ai_043_002,14,0.01547449640929699,0.013851635158061981,0.5770372748374939,0.9941099882125854,3.950791120529175,0.020669937133789062,0.911017656326294,0.015088941901922226,0.01343386061489582,0.6345431804656982,0.9943185448646545,4.035092830657959,0.008899688720703125,0.9069042801856995,0.01670108176767826,0.01479831337928772,0.5800433158874512,0.9941099882125854,4.207757472991943,0.0005784034729003906,0.8993297219276428,0.019318774342536926,0.01707412861287594,0.4776354432106018,0.9937387108802795,4.377974510192871,0.007396697998046875,0.8898687362670898,,,,,,,,,,,,,,,,,,,,,,,,,,,,,,,,,,,,,,,,
ai_043_002_cam_00_frame.0028,val,ai_043_002,28,0.033904314041137695,0.031036293134093285,0.3397118151187897,0.990376353263855,2.9751064777374268,-0.056212425231933594,0.7978900074958801,0.03492804989218712,0.03218011558055878,0.23004186153411865,0.9907832741737366,3.0149755477905273,-0.03162097930908203,0.7980667352676392,0.03933775797486305,0.036108534783124924,0.15554504096508026,0.9909307956695557,3.1267876625061035,0.0007576942443847656,0.7975150942802429,0.04221729934215546,0.0383988581597805,0.1377982646226883,0.9905951023101807,3.2618424892425537,0.020532608032226562,0.7939127683639526,,,,,,,,,,,,,,,,,,,,,,,,,,,,,,,,,,,,,,,,
ai_043_002_cam_00_frame.0042,val,ai_043_002,42,0.021413354203104973,0.020191289484500885,0.23461253941059113,0.994094729423523,3.815425157546997,0.021911144256591797,0.8217293620109558,0.022125795483589172,0.020817110314965248,0.22765442728996277,0.9942371249198914,3.896951198577881,0.01868438720703125,0.8232346773147583,0.02447146736085415,0.022956345230340958,0.21844306588172913,0.9942218661308289,4.061112403869629,0.018105030059814453,0.821130633354187,0.026959575712680817,0.0252427626401186,0.19860124588012695,0.9942930936813354,4.231380939483643,0.016172409057617188,0.8154962062835693,,,,,,,,,,,,,,,,,,,,,,,,,,,,,,,,,,,,,,,,
ai_043_002_cam_00_frame.0057,val,ai_043_002,57,0.05382842943072319,0.04812195897102356,0.24738429486751556,0.9824263453483582,1.775354266166687,0.0726468563079834,0.8000993728637695,0.05330749601125717,0.047486044466495514,0.2602479159832001,0.9828129410743713,1.8105740547180176,0.07112860679626465,0.795042097568512,0.05244190990924835,0.046417880803346634,0.2669111490249634,0.9849695563316345,1.8822098970413208,0.061235904693603516,0.7883580327033997,0.05342172086238861,0.04748167470097542,0.26895081996917725,0.9850611090660095,1.959682583808899,0.04137301445007324,0.7756848335266113,,,,,,,,,,,,,,,,,,,,,,,,,,,,,,,,,,,,,,,,
ai_043_002_cam_00_frame.0071,val,ai_043_002,71,0.2954651713371277,0.06603439897298813,0.077789306640625,0.9875692129135132,2.3136022090911865,-0.31658875942230225,0.8911376595497131,0.29402822256088257,0.0691293478012085,0.068572998046875,0.9875234365463257,2.3536860942840576,-0.3119727075099945,0.8912873864173889,0.3200571537017822,0.0984678864479065,0.017608642578125,0.9668681025505066,2.4244983196258545,-0.326743483543396,0.8859745860099792,0.3677920699119568,0.1438131332397461,0.01228841207921505,0.8235677480697632,2.4763569831848145,-0.3655203580856323,0.8023110032081604,,,,,,,,,,,,,,,,,,,,,,,,,,,,,,,,,,,,,,,,
ai_043_002_cam_00_frame.0085,val,ai_043_002,85,0.026652831584215164,0.023193828761577606,0.3411661982536316,0.99530029296875,2.902491807937622,-0.10911047458648682,0.8450196981430054,0.025788385421037674,0.02242305502295494,0.3533935546875,0.9952749013900757,2.96537446975708,-0.10903596878051758,0.8517739176750183,0.025653665885329247,0.022305697202682495,0.3744354248046875,0.9951884150505066,3.0947608947753906,-0.10867953300476074,0.8446186184883118,0.025554370135068893,0.022103216499090195,0.4166310727596283,0.9946543574333191,3.2277495861053467,-0.11140298843383789,0.8441868424415588,,,,,,,,,,,,,,,,,,,,,,,,,,,,,,,,,,,,,,,,
ai_043_002_cam_00_frame.0099,val,ai_043_002,99,0.02623533457517624,0.023257313296198845,0.36164534091949463,0.9919230341911316,3.344165086746216,-0.029371976852416992,0.8610747456550598,0.0267128087580204,0.023803148418664932,0.26738622784614563,0.9920806884765625,3.4113900661468506,-0.029042720794677734,0.860443115234375,0.029269704595208168,0.025936100631952286,0.2367972731590271,0.9909617304801941,3.5534489154815674,-0.03547787666320801,0.854463517665863,0.031597577035427094,0.028271671384572983,0.2920241951942444,0.9897053837776184,3.698413610458374,-0.023708820343017578,0.8457359075546265,,,,,,,,,,,,,,,,,,,,,,,,,,,,,,,,,,,,,,,,
ai_047_001_cam_00_frame.0000,val,ai_047_001,0,0.09772995114326477,0.08801865577697754,0.0953877791762352,0.9541982412338257,3.506412982940674,-0.0809774398803711,0.862591564655304,0.09843896329402924,0.08827517926692963,0.0821126326918602,0.9509124755859375,3.568056583404541,-0.06657648086547852,0.8585529923439026,0.10150181502103806,0.09070426225662231,0.0799407958984375,0.9488271474838257,3.7027251720428467,-0.04191875457763672,0.8477427363395691,0.10466369986534119,0.09304207563400269,0.0705210417509079,0.94293212890625,3.851796865463257,-0.024042129516601562,0.8390227556228638,,,,,,,,,,,,,,,,,,,,,,,,,,,,,,,,,,,,,,,,
ai_047_001_cam_00_frame.0014,val,ai_047_001,14,0.10284197330474854,0.08353795856237411,0.0785725936293602,0.9466959834098816,3.111940383911133,0.022138595581054688,0.8339341282844543,0.09929215908050537,0.08217763155698776,0.074615478515625,0.9463653564453125,3.1609838008880615,0.04682576656341553,0.8187545537948608,0.09638627618551254,0.08221623301506042,0.0786641463637352,0.9497172236442566,3.259568214416504,0.08461105823516846,0.7743525505065918,0.09538863599300385,0.08315557986497879,0.0901997908949852,0.9517110586166382,3.3775060176849365,0.1178131103515625,0.7337981462478638,,,,,,,,,,,,,,,,,,,,,,,,,,,,,,,,,,,,,,,,
ai_047_001_cam_00_frame.0028,val,ai_047_001,28,0.1147814393043518,0.11146514117717743,0.0546162948012352,0.9398600459098816,3.6936724185943604,0.3351379632949829,0.8595552444458008,0.1132725402712822,0.10977672040462494,0.05560302734375,0.9414927363395691,3.76285457611084,0.3280220031738281,0.8538482785224915,0.11154209077358246,0.10748252272605896,0.0547231063246727,0.9398600459098816,3.902313709259033,0.3157005310058594,0.8233835697174072,0.11065900325775146,0.10590498149394989,0.0537668876349926,0.9386851191520691,4.041180610656738,0.3076300621032715,0.7927529215812683,,,,,,,,,,,,,,,,,,,,,,,,,,,,,,,,,,,,,,,,
ai_047_001_cam_00_frame.0042,val,ai_047_001,42,0.13187822699546814,0.12231578677892685,0.0345560722053051,0.9574127197265625,3.43461012840271,0.3723897933959961,0.8760395050048828,0.13323266804218292,0.12261965125799179,0.0325266532599926,0.9485117793083191,3.4832417964935303,0.4098243713378906,0.8744187951087952,0.13695377111434937,0.12400009483098984,0.0338389091193676,0.9299774169921875,3.594541072845459,0.4805788993835449,0.8664293885231018,0.13962537050247192,0.1245807632803917,0.0345509871840477,0.9122111201286316,3.723579168319702,0.530454158782959,0.8552479147911072,0.06728290021419525,0.06628545373678207,0.037353515625,0.9814995527267456,0.8538358211517334,0.08108149468898773,0.07978402823209763,0.0464952252805233,0.9826931357383728,0.7584583163261414,0.06695953756570816,0.06583847850561142,0.0384385846555233,0.9823133945465088,0.8507090210914612,0.08182617276906967,0.08039572834968567,0.0524631068110466,0.9822048544883728,0.7705150842666626,0.0709068551659584,0.06953152269124985,0.0539279505610466,0.9828559160232544,0.8399218916893005,0.08665156364440918,0.08511056005954742,0.0352105051279068,0.9823676347732544,0.7885245084762573,0.07744383811950684,0.07591813802719116,0.0602484829723835,0.982666015625,0.8276178240776062,0.09115658700466156,0.08935116976499557,0.041015625,0.9819878339767456,0.7929849624633789
ai_047_001_cam_00_frame.0057,val,ai_047_001,57,0.09885740280151367,0.08998223394155502,0.0649159774184227,0.9483999013900757,3.1352906227111816,0.00594782829284668,0.857309877872467,0.09768720716238022,0.08896130323410034,0.0698801726102829,0.9481862783432007,3.1945135593414307,0.01914656162261963,0.857269823551178,0.09925427287817001,0.09087884426116943,0.0774027556180954,0.9415029287338257,3.2925617694854736,0.05620765686035156,0.8485716581344604,0.10157476365566254,0.09310710430145264,0.0751190185546875,0.9268798828125,3.4058218002319336,0.05383014678955078,0.8315398097038269,,,,,,,,,,,,,,,,,,,,,,,,,,,,,,,,,,,,,,,,
ai_047_001_cam_00_frame.0071,val,ai_047_001,71,0.11447465419769287,0.10879087448120117,0.0605316162109375,0.909912109375,3.1954855918884277,0.0913996696472168,0.8694890737533569,0.11773769557476044,0.11217185109853745,0.0545806884765625,0.9152679443359375,3.2730441093444824,0.0791478157043457,0.8695690035820007,0.12173950672149658,0.11594073474407196,0.0469106063246727,0.9179738759994507,3.420034408569336,0.06555366516113281,0.8606275320053101,0.12391288578510284,0.11763903498649597,0.04107666015625,0.9144490957260132,3.5594472885131836,0.0657966136932373,0.8468764424324036,,,,,,,,,,,,,,,,,,,,,,,,,,,,,,,,,,,,,,,,
ai_047_001_cam_00_frame.0085,val,ai_047_001,85,0.10332189500331879,0.09814401715993881,0.0762736052274704,0.929351806640625,3.6201303005218506,0.05609464645385742,0.8053218126296997,0.10346632450819016,0.09823539853096008,0.0744730681180954,0.9285634756088257,3.6834769248962402,0.058831214904785156,0.8041381239891052,0.10396651923656464,0.09865164756774902,0.0677083358168602,0.9286295771598816,3.821150779724121,0.052292823791503906,0.7956153154373169,0.1051715612411499,0.09967117011547089,0.0674031600356102,0.9281768798828125,3.960634469985962,0.054006099700927734,0.7790175676345825,,,,,,,,,,,,,,,,,,,,,,,,,,,,,,,,,,,,,,,,
ai_047_001_cam_00_frame.0099,val,ai_047_001,99,0.13065189123153687,0.12409913539886475,0.0617116317152977,0.78851318359375,2.9480667114257812,0.19604110717773438,0.9164124131202698,0.1302618682384491,0.12388850748538971,0.0585174560546875,0.7903951406478882,2.99692702293396,0.20834922790527344,0.9124969244003296,0.12984299659729004,0.1232108473777771,0.0551249198615551,0.8057505488395691,3.110665798187256,0.21387004852294922,0.9033428430557251,0.12968140840530396,0.12247441709041595,0.05474853515625,0.830718994140625,3.2310526371002197,0.2240619659423828,0.8802262544631958,,,,,,,,,,,,,,,,,,,,,,,,,,,,,,,,,,,,,,,,
ai_046_001_cam_00_frame.0000,test,ai_046_001,0,0.05675405263900757,0.052413519471883774,0.2591298520565033,0.9619089961051941,4.554825305938721,0.052883148193359375,0.8150812983512878,0.05826083570718765,0.0538741871714592,0.2705281674861908,0.9618123769760132,4.660676956176758,0.04655599594116211,0.8107935190200806,0.06172659248113632,0.05731561779975891,0.2506815791130066,0.9623769521713257,4.870922565460205,0.04000997543334961,0.8076803684234619,0.06515205651521683,0.060607653111219406,0.2410532683134079,0.9609476923942566,5.092627048492432,0.03944063186645508,0.8002751469612122,0.08117280155420303,0.07850915938615799,0.1107855886220932,0.90966796875,0.9078150987625122,0.09067538380622864,0.0874801054596901,0.1553819477558136,0.87890625,0.8518447875976562,0.08317530155181885,0.08050505071878433,0.1152615025639534,0.908799946308136,0.9075725078582764,0.09133300930261612,0.08811334520578384,0.1870659738779068,0.8770073652267456,0.850565493106842,0.08568185567855835,0.0829949900507927,0.1179741770029068,0.9166938066482544,0.9065322875976562,0.0935840755701065,0.09026864916086197,0.2044270783662796,0.8752170205116272,0.8580553531646729,0.09165143221616745,0.08887992799282074,0.0807834193110466,0.9168837070465088,0.8946351408958435,0.101079560816288,0.0975358858704567,0.1289605051279068,0.872667133808136,0.843086838722229
ai_046_001_cam_00_frame.0014,test,ai_046_001,14,0.05806684494018555,0.05206848680973053,0.2267303466796875,0.9557342529296875,4.12278413772583,0.09577345848083496,0.7947311997413635,0.058797940611839294,0.052461378276348114,0.21612548828125,0.9590911865234375,4.207859516143799,0.10791015625,0.7915244102478027,0.06041531264781952,0.054375000298023224,0.2175496518611908,0.9578704833984375,4.394728660583496,0.0942692756652832,0.7838966250419617,0.06342650949954987,0.0576029047369957,0.2129669189453125,0.9559783935546875,4.603250980377197,0.07673358917236328,0.7775300741195679,,,,,,,,,,,,,,,,,,,,,,,,,,,,,,,,,,,,,,,,
ai_046_001_cam_00_frame.0028,test,ai_046_001,28,0.026389991864562035,0.022091422230005264,0.4256032407283783,0.9983978271484375,3.3000495433807373,0.11285543441772461,0.8231861591339111,0.028829123824834824,0.02422976866364479,0.4069366455078125,0.9983724355697632,3.355017900466919,0.12290287017822266,0.828305184841156,0.03433936461806297,0.028408285230398178,0.3716176450252533,0.9984232783317566,3.4660422801971436,0.1566929817199707,0.8157208561897278,0.03890826180577278,0.03146456182003021,0.348297119140625,0.9984639883041382,3.5813212394714355,0.18631315231323242,0.8012251853942871,,,,,,,,,,,,,,,,,,,,,,,,,,,,,,,,,,,,,,,,
ai_046_001_cam_00_frame.0042,test,ai_046_001,42,0.01867104321718216,0.01678432524204254,0.5944976806640625,0.9930216670036316,3.667832851409912,-0.022457361221313477,0.846092939376831,0.0194852277636528,0.017636647447943687,0.5459645986557007,0.992889404296875,3.7308709621429443,-0.017678260803222656,0.8431218862533569,0.02196948602795601,0.019940029829740524,0.4634246826171875,0.992523193359375,3.873077392578125,-0.015299081802368164,0.8335337042808533,0.02568698488175869,0.023264868184924126,0.4202779233455658,0.9919688105583191,4.029511451721191,-0.013392210006713867,0.8160016536712646,,,,,,,,,,,,,,,,,,,,,,,,,,,,,,,,,,,,,,,,
ai_046_001_cam_00_frame.0057,test,ai_046_001,57,0.13113008439540863,0.11944705247879028,0.13970947265625,0.8675079345703125,2.4198763370513916,-0.23584270477294922,0.7742809653282166,0.12925389409065247,0.11799167096614838,0.1599578857421875,0.8718007802963257,2.4590394496917725,-0.22308921813964844,0.7714863419532776,0.12809094786643982,0.1177179217338562,0.1921132504940033,0.8721364736557007,2.521554946899414,-0.19217276573181152,0.7653982043266296,0.12791483104228973,0.11833949387073517,0.175079345703125,0.8641204833984375,2.5773181915283203,-0.15422344207763672,0.7628137469291687,,,,,,,,,,,,,,,,,,,,,,,,,,,,,,,,,,,,,,,,
ai_046_001_cam_00_frame.0071,test,ai_046_001,71,0.044504325836896896,0.04026876017451286,0.1082967147231102,0.9741007685661316,3.8320071697235107,-0.07973480224609375,0.7387630939483643,0.042452603578567505,0.03901687264442444,0.1500447690486908,0.9735260009765625,3.891329050064087,-0.05044412612915039,0.7349838018417358,0.04105982184410095,0.038168665021657944,0.2592265009880066,0.9732869863510132,4.016302108764648,-0.006320476531982422,0.7327074408531189,0.042337566614151,0.039535246789455414,0.2303619384765625,0.9725240468978882,4.165806770324707,0.010065078735351562,0.729068398475647,,,,,,,,,,,,,,,,,,,,,,,,,,,,,,,,,,,,,,,,
ai_046_001_cam_00_frame.0085,test,ai_046_001,85,0.10770570486783981,0.09848587214946747,0.26531982421875,0.891998291015625,2.6561036109924316,-0.1751612424850464,0.7307823896408081,0.10848873108625412,0.09939990937709808,0.2221171110868454,0.8886770009994507,2.7005224227905273,-0.17180919647216797,0.7284550070762634,0.11036841571331024,0.1017620787024498,0.1559397429227829,0.8845723867416382,2.7841594219207764,-0.15215206146240234,0.7252998352050781,0.11298643052577972,0.10476922243833542,0.1081339567899704,0.8795827627182007,2.8705556392669678,-0.12470078468322754,0.7205413579940796,,,,,,,,,,,,,,,,,,,,,,,,,,,,,,,,,,,,,,,,
ai_046_001_cam_00_frame.0099,test,ai_046_001,99,0.03338225185871124,0.028678666800260544,0.7166087031364441,0.9747314453125,3.59236478805542,-0.07349872589111328,0.878513753414154,0.03296894580125809,0.02884509786963463,0.7420196533203125,0.97418212890625,3.655120611190796,-0.05879545211791992,0.8757097721099854,0.035314492881298065,0.031562574207782745,0.6868032217025757,0.9674326777458191,3.7899575233459473,-0.03900313377380371,0.8641826510429382,0.039505958557128906,0.03559308499097824,0.573638916015625,0.9616546630859375,3.940840721130371,-0.029069185256958008,0.8583569526672363,,,,,,,,,,,,,,,,,,,,,,,,,,,,,,,,,,,,,,,,
ai_050_001_cam_00_frame.0000,test,ai_050_001,0,0.09292417764663696,0.09083867073059082,0.03081258200109005,0.9918619990348816,2.9791476726531982,0.1568460464477539,0.8790075182914734,0.0920204147696495,0.08994703739881516,0.02592976950109005,0.9917857050895691,3.034449338912964,0.1631941795349121,0.875887930393219,0.09102250635623932,0.08865980803966522,0.0282745361328125,0.9911702871322632,3.155937671661377,0.17467236518859863,0.8681581616401672,0.09093733131885529,0.08817064762115479,0.02752685546875,0.9909719228744507,3.284100294113159,0.18499374389648438,0.8391083478927612,,,,,,,,,,,,,,,,,,,,,,,,,,,,,,,,,,,,,,,,
ai_050_001_cam_00_frame.0014,test,ai_050_001,14,0.08596907556056976,0.08434079587459564,0.0770111083984375,0.9725087881088257,3.159705638885498,0.40058469772338867,0.8705061078071594,0.08510203659534454,0.08332835137844086,0.090728759765625,0.9748586416244507,3.220319986343384,0.40052080154418945,0.8669701814651489,0.08355462551116943,0.08123455941677094,0.11712646484375,0.97760009765625,3.3485052585601807,0.39073634147644043,0.8516062498092651,0.08297760784626007,0.08003760874271393,0.1280263364315033,0.979156494140625,3.4796268939971924,0.3791038990020752,0.8333339691162109,,,,,,,,,,,,,,,,,,,,,,,,,,,,,,,,,,,,,,,,
ai_050_001_cam_00_frame.0028,test,ai_050_001,28,0.14250962436199188,0.12980619072914124,0.027801513671875,0.9580841064453125,2.5181074142456055,-0.008007645606994629,0.8679590225219727,0.13946618139743805,0.12688186764717102,0.0168609619140625,0.9595744013786316,2.563962697982788,-0.00886005163192749,0.8493070602416992,0.13439780473709106,0.12167763710021973,0.01402791403234005,0.9521840810775757,2.656229257583618,-0.01655733585357666,0.7980641722679138,0.12991152703762054,0.11654631793498993,0.0140228271484375,0.943359375,2.762568950653076,-0.02073580026626587,0.8156936168670654,,,,,,,,,,,,,,,,,,,,,,,,,,,,,,,,,,,,,,,,
ai_050_001_cam_00_frame.0042,test,ai_050_001,42,0.044454775750637054,0.03997711092233658,0.2890726923942566,0.988372802734375,2.754270076751709,0.4282255172729492,0.7916865944862366,0.04393225163221359,0.03922390565276146,0.2881113886833191,0.9882965087890625,2.801527500152588,0.4271061420440674,0.7959794998168945,0.04353644698858261,0.038309961557388306,0.2837626338005066,0.98809814453125,2.898223876953125,0.4248769283294678,0.8116039037704468,0.044006869196891785,0.03811860829591751,0.3038381040096283,0.9851786494255066,3.0004448890686035,0.42908620834350586,0.8156875967979431,,,,,,,,,,,,,,,,,,,,,,,,,,,,,,,,,,,,,,,,
ai_050_001_cam_00_frame.0057,test,ai_050_001,57,0.05664030835032463,0.054873988032341,0.1309611052274704,0.9980723261833191,2.6855077743530273,0.38431882858276367,0.889880895614624,0.057252537459135056,0.055553682148456573,0.12786865234375,0.9978688955307007,2.737185478210449,0.3895533084869385,0.8891176581382751,0.059110790491104126,0.057187579572200775,0.1308186948299408,0.9964243769645691,2.844590663909912,0.3973727226257324,0.8780766725540161,0.0610780231654644,0.05877303332090378,0.1328684538602829,0.9943644404411316,2.9597127437591553,0.39932727813720703,0.839001476764679,,,,,,,,,,,,,,,,,,,,,,,,,,,,,,,,,,,,,,,,
ai_050_001_cam_00_frame.0071,test,ai_050_001,71,0.08032340556383133,0.07560959458351135,0.002532958984375,0.9934133291244507,2.8026177883148193,0.00461125373840332,0.8262184262275696,0.08039800077676773,0.07575306296348572,0.0029347739182412624,0.9929758906364441,2.851888418197632,0.005887269973754883,0.8173914551734924,0.07971931993961334,0.07447875291109085,0.0029805502854287624,0.974212646484375,2.962049961090088,0.04087948799133301,0.8090769648551941,0.07840551435947418,0.07229714840650558,0.0024566650390625,0.9783071279525757,3.0868465900421143,0.009600639343261719,0.8020683526992798,,,,,,,,,,,,,,,,,,,,,,,,,,,,,,,,,,,,,,,,
ai_050_001_cam_00_frame.0085,test,ai_050_001,85,0.05868668481707573,0.051615603268146515,0.17547607421875,0.97906494140625,3.4324283599853516,-0.14026832580566406,0.8329591751098633,0.055617764592170715,0.049080535769462585,0.1863454282283783,0.9796600341796875,3.4957115650177,-0.12504684925079346,0.832776665687561,0.05243557691574097,0.04622530937194824,0.1929168701171875,0.9798126220703125,3.6315338611602783,-0.10068249702453613,0.8243322372436523,0.05159696936607361,0.044559888541698456,0.2827199399471283,0.9790751338005066,3.7780826091766357,-0.08602404594421387,0.8022988438606262,,,,,,,,,,,,,,,,,,,,,,,,,,,,,,,,,,,,,,,,
ai_050_001_cam_00_frame.0099,test,ai_050_001,99,0.05924566835165024,0.05255310982465744,0.12310791015625,0.9828745722770691,3.322300672531128,0.017716526985168457,0.8122484683990479,0.05969496816396713,0.05291748046875,0.1371663510799408,0.982879638671875,3.3780057430267334,0.026747703552246094,0.8050069212913513,0.06050039455294609,0.05332135409116745,0.16363525390625,0.9804636836051941,3.4994213581085205,0.03556203842163086,0.8011558651924133,0.06244777888059616,0.05478336662054062,0.1793772429227829,0.9799703359603882,3.6275694370269775,0.04999852180480957,0.7886001467704773,,,,,,,,,,,,,,,,,,,,,,,,,,,,,,,,,,,,,,,,
ai_052_005_cam_01_frame.0099,train,ai_052_005,99,0.2032129019498825,0.1874934732913971,0.0972696989774704,0.789794921875,7.098677158355713,0.1805877685546875,0.6145869493484497,0.19542406499385834,0.18017256259918213,0.0731048583984375,0.79425048828125,7.1979804039001465,0.18512630462646484,0.6197413206100464,0.19125156104564667,0.17570042610168457,0.0665283203125,0.7954305410385132,7.419365882873535,0.21893787384033203,0.6227183938026428,0.1953732967376709,0.1787656545639038,0.0659128874540329,0.7908986806869507,7.655543327331543,0.25362491607666016,0.6253924369812012,0.2377251535654068,0.22592619061470032,0.0599772147834301,0.7250434160232544,0.529064416885376,0.1427057683467865,0.13462947309017181,0.1086697056889534,0.8806965947151184,0.2879634499549866,0.22266070544719696,0.21151474118232727,0.0455729179084301,0.7362467646598816,0.5433847308158875,0.13062946498394012,0.12355722486972809,0.063368059694767,0.8929036259651184,0.2835162281990051,0.21317942440509796,0.20170095562934875,0.0678168386220932,0.7396376132965088,0.5427775979042053,0.11701811850070953,0.10948889702558517,0.093153215944767,0.9109157919883728,0.29173892736434937,0.2169089913368225,0.20473811030387878,0.0735677108168602,0.7414821982383728,0.5625382661819458,0.11859527230262756,0.10995303094387054,0.0974392369389534,0.9210612177848816,0.32489681243896484
ai_028_001_cam_00_frame.0099,train,ai_028_001,99,0.032822709530591965,0.03089134395122528,0.1617787778377533,0.9976908564567566,2.080629587173462,0.07761263847351074,0.8817973136901855,0.029805440455675125,0.02833927422761917,0.1479441374540329,0.9976857900619507,2.131986141204834,0.06631731986999512,0.8815717101097107,0.028043096885085106,0.02666536532342434,0.1677653044462204,0.9974517822265625,2.2331676483154297,0.05531024932861328,0.8760514855384827,0.026956826448440552,0.025380805134773254,0.214447021484375,0.9970194697380066,2.3358848094940186,0.045673370361328125,0.8689530491828918,0.04996959865093231,0.04795319586992264,0.0301378034055233,0.999376118183136,0.9073813557624817,0.05632007122039795,0.05551226809620857,0.003634982742369175,0.9989149570465088,0.0702403336763382,0.04348132386803627,0.04138963669538498,0.0517849400639534,0.9994574785232544,0.9031258821487427,0.04771353304386139,0.046830303966999054,0.004177517257630825,0.9989149570465088,0.0673433467745781,0.03605356067419052,0.033275771886110306,0.14501953125,0.9991862177848816,0.8913367986679077,0.03787657245993614,0.03651116415858269,0.0377604179084301,0.9989691972732544,0.07232677936553955,0.03178279101848602,0.027865149080753326,0.265679270029068,0.9976942539215088,0.8844097256660461,0.029768487438559532,0.026997417211532593,0.1624348908662796,0.9990234375,0.06733246892690659
ai_036_006_cam_00_frame.0000,train,ai_036_006,0,0.0462677888572216,0.04233141988515854,0.3174947202205658,0.9722747802734375,5.229203701019287,-0.17057323455810547,0.8152371644973755,0.036410219967365265,0.03312033414840698,0.4346669614315033,0.973602294921875,5.339899063110352,-0.1587657928466797,0.8123372197151184,0.03075004741549492,0.02802385203540325,0.5720774531364441,0.9738871455192566,5.544768810272217,-0.11970138549804688,0.795368492603302,0.03751987963914871,0.034348390996456146,0.4703114926815033,0.9738057851791382,5.762142181396484,-0.09636497497558594,0.7808807492256165,0.05441628023982048,0.05193536356091499,0.1439344584941864,0.9674208164215088,0.7802675366401672,0.07078902423381805,0.06669480353593826,0.1488715261220932,0.953721821308136,0.6301339268684387,0.041659362614154816,0.0396529883146286,0.346733957529068,0.9678547978401184,0.7784988284111023,0.052657488733530045,0.049564260989427567,0.3235134482383728,0.9541015625,0.622066080570221,0.0370977409183979,0.035082392394542694,0.4617784321308136,0.9686957597732544,0.7698375582695007,0.042793478816747665,0.03983323276042938,0.4970160722732544,0.9559462070465088,0.609291672706604,0.048771101981401443,0.04659086465835571,0.2689344584941864,0.9697536826133728,0.7668976783752441,0.057794239372015,0.05461226776242256,0.29150390625,0.9581705927848816,0.6016907095909119
ai_011_009_cam_01_frame.0099,train,ai_011_009,99,0.09335305541753769,0.08244331181049347,0.10324135422706604,0.9225881695747375,1.3215652704238892,-0.11069852113723755,0.8309969902038574,0.08507940918207169,0.07535888999700546,0.1444949209690094,0.9243377447128296,1.3414915800094604,-0.09546548128128052,0.8334252834320068,0.07531394064426422,0.06874791532754898,0.20551583170890808,0.9257190227508545,1.3724143505096436,-0.05856233835220337,0.8265987038612366,0.07266754657030106,0.06741096824407578,0.17975792288780212,0.9245935678482056,1.4216254949569702,-0.04163765907287598,0.8247891068458557,0.10865197330713272,0.09721604734659195,0.09063411504030228,0.9080851078033447,0.7835461497306824,0.10914988070726395,0.09239678829908371,0.05847730115056038,0.9558559060096741,0.7016906142234802,0.0990176647901535,0.0890556275844574,0.10804697871208191,0.9077581167221069,0.7943673729896545,0.09294790029525757,0.07857146114110947,0.0820208191871643,0.9579813480377197,0.7199521660804749,0.0880892425775528,0.08212985843420029,0.14448048174381256,0.9034253358840942,0.7968794703483582,0.07138542830944061,0.0638575553894043,0.1311788111925125,0.958362877368927,0.7195059657096863,0.08626772463321686,0.08193075656890869,0.16876038908958435,0.8996920585632324,0.7992025017738342,0.06388422846794128,0.05947672948241234,0.18447871506214142,0.9597798585891724,0.7147727608680725
ai_024_018_cam_00_frame.0099,train,ai_024_018,99,0.06421628594398499,0.05958307906985283,0.1423136442899704,0.9677938222885132,7.616650581359863,0.13608407974243164,0.4768698513507843,0.055362503975629807,0.05116300284862518,0.1851450651884079,0.9680227041244507,7.764373779296875,0.14866209030151367,0.4901067018508911,0.04523478075861931,0.04130305349826813,0.2884725034236908,0.9670461416244507,8.084321022033691,0.11424636840820312,0.5148447155952454,0.043193519115448,0.0390205979347229,0.2779032588005066,0.9651082754135132,8.389355659484863,0.08566713333129883,0.5298380255699158,0.10873962938785553,0.10259156674146652,0.0359157994389534,0.9415419101715088,0.3859466016292572,0.10916919261217117,0.10321653634309769,0.012532551772892475,0.9930555820465088,0.24940063059329987,0.094198077917099,0.08886446058750153,0.0523003488779068,0.9446614384651184,0.4093655049800873,0.09057515114545822,0.08628831058740616,0.017578125,0.9929470419883728,0.2762302756309509,0.07369197905063629,0.06904104351997375,0.0942111536860466,0.9414333701133728,0.44977980852127075,0.06048746779561043,0.05740953981876373,0.0586480051279068,0.9919162392616272,0.31536316871643066,0.06453131139278412,0.05946087837219238,0.168972447514534,0.9348958134651184,0.4827853739261627,0.03808970004320145,0.03452330827713013,0.2273762971162796,0.991807758808136,0.3801024258136749
ai_017_009_cam_03_frame.0099,train,ai_017_009,99,0.07889164984226227,0.07081523537635803,0.0932413786649704,0.9651438593864441,0.7087162137031555,-0.03898286819458008,0.8395439386367798,0.06785635650157928,0.059149663895368576,0.1199595183134079,0.9657491445541382,0.7245912551879883,-0.037161827087402344,0.8510648608207703,0.06359349191188812,0.05291865020990372,0.1585947722196579,0.9655863642692566,0.7431992888450623,-0.02454906702041626,0.8636637330055237,0.07035419344902039,0.056657593697309494,0.1627858579158783,0.9548187255859375,0.768179714679718,-0.01722782850265503,0.8655177354812622,0.08284202218055725,0.07888500392436981,0.116943359375,0.9462348222732544,0.9493944644927979,0.06210478022694588,0.0609559491276741,0.1033528670668602,0.9969075322151184,0.22242499887943268,0.07094482332468033,0.06662632524967194,0.1512858122587204,0.947021484375,0.9496347904205322,0.05494667962193489,0.05380146950483322,0.1266276091337204,0.996690571308136,0.20788641273975372,0.06259084492921829,0.05695151537656784,0.220730260014534,0.9469672441482544,0.9567639231681824,0.04371653124690056,0.041169922798871994,0.16552734375,0.9968532919883728,0.261667937040329,0.06441070139408112,0.05726196989417076,0.203640416264534,0.947021484375,0.956292986869812,0.04013153538107872,0.0353303961455822,0.1578233540058136,0.9967990517616272,0.2704240381717682
ai_031_009_cam_00_frame.0000,train,ai_031_009,0,0.06969046592712402,0.06498083472251892,0.3105010986328125,0.94122314453125,6.536470413208008,-0.0282135009765625,0.8968297243118286,0.06349360942840576,0.05921822041273117,0.4266306757926941,0.9412384033203125,6.667570114135742,-0.01953577995300293,0.9032646417617798,0.059166233986616135,0.054992444813251495,0.5026092529296875,0.9416707754135132,6.957400321960449,-0.017030954360961914,0.8866048455238342,0.06255342066287994,0.05783534795045853,0.401031494140625,0.9427897334098816,7.254615306854248,-0.0032510757446289062,0.8780966401100159,0.055182576179504395,0.05034857243299484,0.2331271767616272,0.9619683027267456,0.9215846657752991,0.03187894821166992,0.028508232906460762,0.3327365517616272,0.9812825322151184,0.1371946483850479,0.04751433804631233,0.04332895204424858,0.3890787661075592,0.9619140625,0.9403051733970642,0.027686428278684616,0.024803681299090385,0.5237087607383728,0.981065571308136,0.1574370414018631,0.04440959170460701,0.040616944432258606,0.4313150942325592,0.9622124433517456,0.9504416584968567,0.025446001440286636,0.023021753877401352,0.6400824785232544,0.9801974892616272,0.19552195072174072,0.047408901154994965,0.043525371700525284,0.308892160654068,0.9620768427848816,0.946131706237793,0.028939876705408096,0.026392370462417603,0.4309353232383728,0.979600727558136,0.2411271333694458
ai_002_002_cam_00_frame.0099,train,ai_002_002,99,0.07110767066478729,0.06546500325202942,0.3033599853515625,0.9026031494140625,3.224788188934326,-0.05465269088745117,0.8681381344795227,0.0660114511847496,0.06071062013506889,0.3271636962890625,0.90399169921875,3.2876193523406982,-0.05087137222290039,0.8662223815917969,0.06082144379615784,0.05552809685468674,0.4030863642692566,0.9252218008041382,3.4200398921966553,-0.04955339431762695,0.8637511730194092,0.05994656682014465,0.05466758832335472,0.3688100278377533,0.9420369863510132,3.566096067428589,-0.05208635330200195,0.858379602432251,0.12331703305244446,0.11866114288568497,0.1330295205116272,0.8258192539215088,0.9113215804100037,0.13305997848510742,0.1283862143754959,0.1595052033662796,0.8530815839767456,0.7254871129989624,0.11978553235530853,0.11526110768318176,0.1396213173866272,0.8266059160232544,0.9064274430274963,0.12686331570148468,0.12235800176858902,0.1759982705116272,0.8572590947151184,0.7172686457633972,0.11633997410535812,0.11194687336683273,0.1786024272441864,0.825792133808136,0.8972277641296387,0.12145458161830902,0.11707142740488052,0.227322056889534,0.8605143427848816,0.700579047203064,0.1157812848687172,0.11133096367120743,0.2210015207529068,0.823350727558136,0.8905834555625916,0.1204301118850708,0.11592862755060196,0.2678493857383728,0.8604058027267456,0.6965795159339905
ai_027_003_cam_00_frame.0000,train,ai_027_003,0,0.04755157232284546,0.04400037229061127,0.527923583984375,0.9336802363395691,3.8137378692626953,-0.02176976203918457,0.913311779499054,0.04276838153600693,0.03984171897172928,0.6490325927734375,0.9383646845817566,3.890225887298584,-0.00790548324584961,0.9130100011825562,0.03827696666121483,0.03584831953048706,0.6250864863395691,0.9413706660270691,4.03965950012207,-0.00362396240234375,0.8980852961540222,0.03778183087706566,0.035483695566654205,0.5068206787109375,0.95550537109375,4.200399398803711,0.00017690658569335938,0.8636459708213806,0.040148455649614334,0.0384792722761631,0.6154242753982544,0.9554036259651184,0.9450420141220093,0.017389148473739624,0.015272962860763073,0.7161070108413696,0.9946292042732239,0.6918116211891174,0.03759382292628288,0.03636739030480385,0.6884494423866272,0.9555121660232544,0.946287989616394,0.014484885148704052,0.013102270662784576,0.7613519430160522,0.9944664835929871,0.6953092217445374,0.03961910307407379,0.03863396495580673,0.5868869423866272,0.955322265625,0.9443567395210266,0.014270053245127201,0.013338322751224041,0.7572831511497498,0.9939239621162415,0.7027881741523743,0.04249994084239006,0.04153237119317055,0.4896375834941864,0.9551594853401184,0.9426338076591492,0.016335496678948402,0.015505575574934483,0.6154722571372986,0.993598461151123,0.7005811333656311
ai_055_004_cam_00_frame.0099,train,ai_055_004,99,0.16658402979373932,0.1560954600572586,0.3874652683734894,0.7912501096725464,4.601128101348877,-0.18254566192626953,0.350498765707016,0.16171784698963165,0.15170298516750336,0.4111781120300293,0.7918038368225098,4.686239242553711,-0.17767333984375,0.3497562110424042,0.157391756772995,0.1477043777704239,0.4654843509197235,0.7920858263969421,4.864348411560059,-0.15988922119140625,0.3479478359222412,0.15861782431602478,0.14903192222118378,0.31084075570106506,0.7925472259521484,5.057541370391846,-0.14083480834960938,0.3462172746658325,0.3639674186706543,0.3377138376235962,0.30712655186653137,0.5116152763366699,0.23842360079288483,0.023642340674996376,0.021380089223384857,0.6057316660881042,0.9934324622154236,0.7087042927742004,0.36174532771110535,0.33565381169319153,0.34357360005378723,0.5118323564529419,0.23818637430667877,0.01988898031413555,0.017944129183888435,0.6673903465270996,0.9938666820526123,0.7132337689399719,0.36070460081100464,0.33479130268096924,0.31608226895332336,0.5119680762290955,0.2386208176612854,0.019452804699540138,0.01789029873907566,0.6113764643669128,0.9940837621688843,0.7166756391525269,0.36187076568603516,0.33596324920654297,0.18717433512210846,0.5119409561157227,0.23825307190418243,0.02399166114628315,0.02239365689456463,0.353723406791687,0.9940295219421387,0.7220495939254761
ai_039_006_cam_00_frame.0000,train,ai_039_006,0,0.17995664477348328,0.1652749478816986,0.3918965756893158,0.8074595332145691,2.816439628601074,0.016730308532714844,0.5258287787437439,0.17016874253749847,0.15572530031204224,0.4738922119140625,0.8076986074447632,2.8823060989379883,-0.004674434661865234,0.5191303491592407,0.15938664972782135,0.14670473337173462,0.5809122920036316,0.809051513671875,2.9909183979034424,0.007598400115966797,0.5062810778617859,0.15056568384170532,0.13957476615905762,0.4958699643611908,0.8210906982421875,3.109346866607666,0.011360645294189453,0.4799979627132416,0.40218019485473633,0.3700139820575714,0.248318150639534,0.5133192539215088,0.45716241002082825,0.02584780752658844,0.021141013130545616,0.496636301279068,0.976671040058136,0.6727287173271179,0.40041521191596985,0.36756232380867004,0.304741770029068,0.5141330361366272,0.4483128488063812,0.02454471029341221,0.018225887790322304,0.6082899570465088,0.9765625,0.6831888556480408,0.40162980556488037,0.36880308389663696,0.1983235627412796,0.520860493183136,0.4314211905002594,0.03069629892706871,0.024327578023076057,0.372124582529068,0.9787868857383728,0.6990810036659241,0.4058157503604889,0.372884064912796,0.1288519948720932,0.5250380039215088,0.4204459488391876,0.04252098128199577,0.035749152302742004,0.2422417551279068,0.981553852558136,0.698284387588501
ai_005_006_cam_00_frame.0099,train,ai_005_006,99,0.03883344307541847,0.034289564937353134,0.2550150752067566,0.9815775752067566,3.21398663520813,-0.05263805389404297,0.902599573135376,0.029438883066177368,0.02616596780717373,0.4043426513671875,0.9883474111557007,3.2636003494262695,-0.031894683837890625,0.9100239872932434,0.019664335995912552,0.017369871959090233,0.578216552734375,0.9898020625114441,3.377882719039917,-0.008037805557250977,0.9034669995307922,0.024013211950659752,0.021067215129733086,0.5090281367301941,0.9897817373275757,3.511810064315796,0.015160560607910156,0.8913767337799072,0.07122242450714111,0.06378325074911118,0.1506890207529068,0.9461805820465088,0.9147151708602905,0.0836888775229454,0.07351939380168915,0.154296875,0.947862446308136,0.6652883291244507,0.053721897304058075,0.04811182990670204,0.3197699785232544,0.9632975459098816,0.9154506325721741,0.06322691589593887,0.05569223687052727,0.29736328125,0.9670138955116272,0.695175051689148,0.03791290149092674,0.033851902931928635,0.4798448383808136,0.9675021767616272,0.9003199338912964,0.04419437050819397,0.03927585110068321,0.3191731870174408,0.976182758808136,0.7094842791557312,0.043945543467998505,0.03987156227231026,0.2999131977558136,0.9671223759651184,0.8835018873214722,0.04986150562763214,0.04520801827311516,0.2089301198720932,0.975206196308136,0.7123392820358276
ai_041_001_cam_00_frame.0000,train,ai_041_001,0,0.03956862539052963,0.03726191073656082,0.216583251953125,0.9905294179916382,3.3520987033843994,-0.1725482940673828,0.7777597308158875,0.03656778857111931,0.034394167363643646,0.24163818359375,0.9904887080192566,3.4234228134155273,-0.17706966400146484,0.7851435542106628,0.03201713040471077,0.02977117896080017,0.276123046875,0.9902242422103882,3.5671868324279785,-0.16126203536987305,0.7894920110702515,0.033224135637283325,0.030639750882983208,0.2477773129940033,0.9903106689453125,3.711573600769043,-0.1479816436767578,0.7881402969360352,0.022169826552271843,0.021721042692661285,0.1998969167470932,1.0,0.8513750433921814,0.02673950418829918,0.026171807199716568,0.19140625,1.0,0.7198249101638794,0.019939208403229713,0.019373202696442604,0.2278374582529068,1.0,0.8635798096656799,0.023112813010811806,0.02229684218764305,0.2171766459941864,1.0,0.7204924821853638,0.017356298863887787,0.015957264229655266,0.3528645932674408,1.0,0.8655591607093811,0.0206220094114542,0.018350064754486084,0.2884657084941864,1.0,0.713434100151062,0.0185764841735363,0.01641792058944702,0.34716796875,1.0,0.8614189028739929,0.02228514850139618,0.018679572269320488,0.2803819477558136,1.0,0.6863088607788086
ai_015_005_cam_00_frame.0000,train,ai_015_005,0,0.048174016177654266,0.03957616165280342,0.4907307028770447,0.9724560379981995,3.5770599842071533,-0.08388853073120117,0.8367648720741272,0.04205584153532982,0.03549361601471901,0.5230413675308228,0.9740293622016907,3.6395435333251953,-0.06718534231185913,0.8474358916282654,0.03855877369642258,0.03432891517877579,0.46775662899017334,0.973594605922699,3.763535261154175,-0.036803245544433594,0.8498489856719971,0.04207241162657738,0.037975139915943146,0.4114161431789398,0.9722127914428711,3.8992793560028076,-0.008567333221435547,0.8523017764091492,0.11764849722385406,0.10549894720315933,0.2483723908662796,0.9153103232383728,0.882569432258606,0.1581088751554489,0.13720528781414032,0.0652669295668602,0.9106987714767456,0.788105309009552,0.10326524823904037,0.09363280236721039,0.2771267294883728,0.9159885048866272,0.8953160643577576,0.13309720158576965,0.1171586811542511,0.08935546875,0.912109375,0.8096770644187927,0.0961982011795044,0.09072739630937576,0.3280978798866272,0.9118381142616272,0.9001055955886841,0.1222478523850441,0.11458248645067215,0.0996636301279068,0.90380859375,0.8248406648635864,0.10583857446908951,0.09875846654176712,0.2789713442325592,0.9058430790901184,0.9046343564987183,0.140543594956398,0.12944576144218445,0.0818684920668602,0.8916558027267456,0.8359171748161316
ai_009_003_cam_00_frame.0000,train,ai_009_003,0,0.047359611839056015,0.043016474694013596,0.2973276972770691,0.9651998281478882,4.305834770202637,0.014888763427734375,0.9244508147239685,0.04383041709661484,0.039884522557258606,0.3537241816520691,0.9653574824333191,4.398543357849121,0.0039250850677490234,0.922126829624176,0.0430382639169693,0.03934487700462341,0.3430735468864441,0.964080810546875,4.570117473602295,0.0008722543716430664,0.9097884893417358,0.045675359666347504,0.04175512120127678,0.2736562192440033,0.9627024531364441,4.7333903312683105,0.008369922637939453,0.8969242572784424,0.07034499943256378,0.06498625129461288,0.423095703125,0.92626953125,0.9449145197868347,0.04037018120288849,0.035002700984478,0.6117079257965088,0.9720051884651184,0.8366230726242065,0.06591764837503433,0.061097197234630585,0.4908040463924408,0.9265679121017456,0.9479398727416992,0.03563305363059044,0.03105379082262516,0.7201063632965088,0.9730902910232544,0.8393064141273499,0.0654309019446373,0.06112721189856529,0.4310709536075592,0.925889790058136,0.9436851739883423,0.03421274945139885,0.030601173639297485,0.6443142294883728,0.9729817509651184,0.8403764367103577,0.06860405951738358,0.06346266716718674,0.3798014223575592,0.9248046875,0.9315171241760254,0.03569779545068741,0.030591342598199844,0.6475151777267456,0.97314453125,0.8347682356834412
ai_003_005_cam_00_frame.0000,train,ai_003_005,0,0.10969384759664536,0.09931941330432892,0.2844187617301941,0.8483022451400757,4.064685344696045,-0.10488748550415039,0.5881816744804382,0.10629122704267502,0.09609582275152206,0.3503519892692566,0.8509775996208191,4.152823448181152,-0.09847378730773926,0.5878667235374451,0.1024475246667862,0.09252475202083588,0.4686279296875,0.8525950312614441,4.321751117706299,-0.07986640930175781,0.5857921838760376,0.1012158989906311,0.09126602113246918,0.483734130859375,0.8541514277458191,4.505495071411133,-0.061496734619140625,0.5851196646690369,0.1305045783519745,0.11816363781690598,0.193142369389534,0.8362358808517456,0.8922319412231445,0.16277585923671722,0.14569857716560364,0.1937934011220932,0.8186848759651184,0.8180631995201111,0.12742610275745392,0.11508647352457047,0.3146430253982544,0.8370497226715088,0.8885012269020081,0.16002479195594788,0.1428111493587494,0.2609049379825592,0.8211262822151184,0.8143256902694702,0.12630827724933624,0.11375578492879868,0.342339426279068,0.8395724892616272,0.8784500360488892,0.16073203086853027,0.1433258056640625,0.2088216096162796,0.8282877802848816,0.8024525046348572,0.12708240747451782,0.11431457102298737,0.309326171875,0.8448079228401184,0.8755219578742981,0.16298164427280426,0.14521633088588715,0.2183702290058136,0.8398979902267456,0.8018825054168701
ai_044_007_cam_01_frame.0099,train,ai_044_007,99,0.05920528247952461,0.05355630815029144,0.45278170704841614,0.9427530169487,13.947616577148438,-0.47663211822509766,0.7693115472793579,0.05194251984357834,0.04693799838423729,0.48378071188926697,0.9521992206573486,14.250656127929688,-0.44431018829345703,0.7702710032463074,0.04858792573213577,0.043865498155355453,0.39556530117988586,0.9632834196090698,14.916637420654297,-0.43309497833251953,0.7565774917602539,0.05044703930616379,0.0457661971449852,0.3241363763809204,0.9659488797187805,15.568634986877441,-0.4145851135253906,0.7412475347518921,0.1091926097869873,0.10122830420732498,0.1636555939912796,0.8957790732383728,0.7155736684799194,0.15773917734622955,0.14536169171333313,0.0750325545668602,0.8463541865348816,0.6652581095695496,0.10193852335214615,0.09445390850305557,0.1243489608168602,0.904649555683136,0.7199716567993164,0.1440911740064621,0.13263170421123505,0.072645403444767,0.8602973222732544,0.6635171175003052,0.09831608831882477,0.09097494184970856,0.1102159321308136,0.9096137285232544,0.7186910510063171,0.1366119384765625,0.12534362077713013,0.1164822056889534,0.8690321445465088,0.6577016115188599,0.1033412367105484,0.09576166421175003,0.120008684694767,0.9080132246017456,0.7194752097129822,0.14695347845554352,0.13503141701221466,0.0799153670668602,0.8664821982383728,0.6431131362915039
ai_053_020_cam_00_frame.0000,train,ai_053_020,0,0.02785150334239006,0.025954699143767357,0.4267730712890625,0.9842326045036316,4.582140922546387,0.07681703567504883,0.6500579714775085,0.023363344371318817,0.021817553788423538,0.5322774648666382,0.9845072627067566,4.667453289031982,0.07258844375610352,0.6489613056182861,0.020787667483091354,0.018884900957345963,0.6907297968864441,0.9834035634994507,4.868475914001465,0.07194352149963379,0.6464492082595825,0.02408808469772339,0.021740330383181572,0.5629476308822632,0.9802297353744507,5.064198970794678,0.07935476303100586,0.6406574249267578,0.05628681182861328,0.0525994747877121,0.4152018129825592,0.9386935830116272,0.39976203441619873,0.011536126025021076,0.010738980956375599,0.6638454794883728,0.9992404580116272,0.3203687369823456,0.05295046046376228,0.04921101778745651,0.5304904580116272,0.9376899003982544,0.3953458070755005,0.008128116838634014,0.007172831334173679,0.8353407382965088,0.9992404580116272,0.32512617111206055,0.05328382924199104,0.048735007643699646,0.6381022334098816,0.9360893964767456,0.3913419842720032,0.010286571457982063,0.008834151551127434,0.7786458134651184,0.9991862177848816,0.3256288170814514,0.06084603816270828,0.056060899049043655,0.3034939169883728,0.9220106601715088,0.3920014202594757,0.014659454114735126,0.013057089410722256,0.38623046875,0.9990776777267456,0.32002097368240356
ai_033_010_cam_00_frame.0000,train,ai_033_010,0,0.068155936896801,0.06161211058497429,0.2636515498161316,0.93328857421875,7.850268840789795,-0.6005501747131348,0.7772402167320251,0.063104048371315,0.057011693716049194,0.2931569516658783,0.9342244863510132,7.988831520080566,-0.5855941772460938,0.7752850651741028,0.05674999579787254,0.05160775035619736,0.3216502070426941,0.9385274648666382,8.2639799118042,-0.4967527389526367,0.7710439562797546,0.058435242623090744,0.053182851523160934,0.2733510434627533,0.9382578730583191,8.541967391967773,-0.3754720687866211,0.7662934064865112,0.11312995851039886,0.10376539081335068,0.087782122194767,0.8615451455116272,0.6607808470726013,0.0526011660695076,0.04701227694749832,0.1071506068110466,0.9734700322151184,0.7780463099479675,0.10599253326654434,0.09682668745517731,0.1212022602558136,0.8611653447151184,0.6569075584411621,0.044282861053943634,0.039042651653289795,0.1603190153837204,0.9729275107383728,0.7741666436195374,0.10168489813804626,0.09240750223398209,0.2275119423866272,0.8600531816482544,0.6550713777542114,0.04046015813946724,0.03496696427464485,0.3365885317325592,0.97119140625,0.7772940993309021,0.10801008343696594,0.09686277061700821,0.2861328125,0.8597819209098816,0.6527745723724365,0.04758679121732712,0.038299545645713806,0.4050021767616272,0.9707573652267456,0.7721341252326965
ai_013_004_cam_00_frame.0000,train,ai_013_004,0,0.025832688435912132,0.02352488413453102,0.5602569580078125,0.99017333984375,2.5300676822662354,0.016726255416870117,0.724265992641449,0.022167464718222618,0.02017185278236866,0.6079050898551941,0.9900004267692566,2.5683422088623047,0.022180557250976562,0.7192103862762451,0.019718248397111893,0.0175995621830225,0.564208984375,0.9898885488510132,2.652225971221924,0.022513866424560547,0.6794634461402893,0.019756998866796494,0.017619166523218155,0.5617319941520691,0.9897003173828125,2.7399191856384277,0.02722334861755371,0.6142805814743042,0.05145156383514404,0.046977490186691284,0.3189832866191864,0.9800618290901184,0.8465542197227478,0.0686924159526825,0.062482696026563644,0.2352973073720932,0.9851345419883728,0.7834779024124146,0.04192044585943222,0.038287319242954254,0.3868001401424408,0.9790581464767456,0.8441140651702881,0.05434256047010422,0.049391649663448334,0.287163645029068,0.984483540058136,0.7793131470680237,0.03327420726418495,0.030269308015704155,0.3413357138633728,0.9783528447151184,0.8345661759376526,0.03793821483850479,0.03405005484819412,0.2252061665058136,0.9838324785232544,0.7504461407661438,0.03070737235248089,0.02769642509520054,0.3469509482383728,0.9771050214767456,0.8272866010665894,0.031758759170770645,0.027979744598269463,0.3109266459941864,0.9827473759651184,0.736455500125885
ai_030_009_cam_00_frame.0000,train,ai_030_009,0,0.015678470954298973,0.014225468039512634,0.726654052734375,0.9895274043083191,3.440247058868408,0.00281524658203125,0.8744834661483765,0.01468595303595066,0.01319233886897564,0.7530364990234375,0.9895731806755066,3.503643751144409,0.012066841125488281,0.8717549443244934,0.019169818609952927,0.017043491825461388,0.6732890009880066,0.98406982421875,3.6318953037261963,0.027940034866333008,0.861134946346283,0.02382070943713188,0.02120901644229889,0.5208944082260132,0.9824371337890625,3.778777599334717,0.03856468200683594,0.8586455583572388,0.02932835929095745,0.026618096977472305,0.5502658486366272,0.974853515625,0.9718499183654785,0.020191827788949013,0.0180827509611845,0.6591796875,0.9890407919883728,0.5713421702384949,0.027472922578454018,0.02441771887242794,0.5655110478401184,0.9752333164215088,0.9706360101699829,0.019438186660408974,0.016831839457154274,0.6680229902267456,0.9892578125,0.5754373669624329,0.03182271495461464,0.027386480942368507,0.4147406816482544,0.9749077558517456,0.9685725569725037,0.023195428773760796,0.019003301858901978,0.540147602558136,0.98974609375,0.5792842507362366,0.03664376959204674,0.03123013861477375,0.2864854633808136,0.9751790165901184,0.9660266041755676,0.027330802753567696,0.022234618663787842,0.3577474057674408,0.99072265625,0.5726390480995178
ai_036_008_cam_00_frame.0000,train,ai_036_008,0,0.2140185832977295,0.036207884550094604,0.457550048828125,0.9485626220703125,5.697648525238037,-0.0692291259765625,0.7810613512992859,0.21254166960716248,0.03141820430755615,0.5056712031364441,0.9493306875228882,5.7969584465026855,-0.045969486236572266,0.785207986831665,0.21111321449279785,0.02774902805685997,0.6130828857421875,0.9493764638900757,6.012715816497803,-0.0049228668212890625,0.7824034094810486,0.21128150820732117,0.030249811708927155,0.5176290273666382,0.9496358633041382,6.2730584144592285,0.014796733856201172,0.7738593220710754,0.21702374517917633,0.05179480090737343,0.2394476979970932,0.9165581464767456,0.7519234418869019,0.20738066732883453,0.03763904795050621,0.105360247194767,0.98876953125,0.7078315615653992,0.21606387197971344,0.04581121727824211,0.3002658486366272,0.9164496660232544,0.756141722202301,0.2064300924539566,0.028615929186344147,0.193359375,0.9891493320465088,0.7129976153373718,0.21556031703948975,0.040874555706977844,0.4138997495174408,0.916368305683136,0.7539134621620178,0.20593251287937164,0.02126217633485794,0.412109375,0.9892578125,0.7188576459884644,0.21603520214557648,0.041743338108062744,0.4249945878982544,0.9171549677848816,0.750298261642456,0.2069142460823059,0.02240743860602379,0.4424913227558136,0.9892578125,0.7100154757499695
ai_008_010_cam_00_frame.0000,train,ai_008_010,0,0.030109301209449768,0.02788153849542141,0.24368081986904144,0.9840415716171265,8.336989402770996,0.01698160171508789,0.8217751979827881,0.025654444471001625,0.023645635694265366,0.32747381925582886,0.9835456013679504,8.541861534118652,0.016838550567626953,0.8169934749603271,0.022706834599375725,0.020270254462957382,0.5663935542106628,0.9808013439178467,8.906126976013184,0.057422637939453125,0.7893598675727844,0.023827938362956047,0.02087513916194439,0.5645861029624939,0.9807242155075073,9.269824028015137,0.08969593048095703,0.7703729271888733,0.05772166699171066,0.053642649203538895,0.3278266191482544,0.941162109375,0.843440592288971,0.07662079483270645,0.07102099806070328,0.1115451380610466,0.9230143427848816,0.7490112781524658,0.05231289938092232,0.048595625907182693,0.341064453125,0.940049946308136,0.837334156036377,0.06832766532897949,0.06339471787214279,0.0909288227558136,0.9229058027267456,0.7518598437309265,0.05165237560868263,0.04803544655442238,0.459771066904068,0.9316677451133728,0.8214840888977051,0.06844249367713928,0.06358664482831955,0.2708333432674408,0.90478515625,0.7508605122566223,0.051037225872278214,0.047315824776887894,0.5041775107383728,0.9334038496017456,0.8175081610679626,0.06775865703821182,0.06277149170637131,0.3351236879825592,0.9045138955116272,0.7527209520339966
ai_026_019_cam_00_frame.0000,train,ai_026_019,0,0.040382497012615204,0.03630563244223595,0.23461979627609253,0.9815783500671387,21.653003692626953,-0.1531047821044922,0.9033645987510681,0.032693617045879364,0.029410775750875473,0.309772253036499,0.9810998439788818,21.925683975219727,0.011171340942382812,0.9029220342636108,0.027988838031888008,0.023692360147833824,0.4978315234184265,0.9828916192054749,22.572486877441406,0.16106414794921875,0.8959135413169861,0.03580810874700546,0.03008335642516613,0.28403595089912415,0.982352077960968,23.224760055541992,0.4915618896484375,0.8938307762145996,0.03705643117427826,0.031703826040029526,0.4026242196559906,0.9767460823059082,0.9227333068847656,0.03186874836683273,0.028056982904672623,0.4225252568721771,0.9816907644271851,0.8155575394630432,0.03153326362371445,0.027037180960178375,0.5240553021430969,0.9766917824745178,0.9199603796005249,0.025988733395934105,0.023574020713567734,0.5353689193725586,0.9808214902877808,0.815557599067688,0.031014064326882362,0.026652110740542412,0.5696666836738586,0.9753878116607666,0.9117785692214966,0.0253172405064106,0.023201916366815567,0.5756818652153015,0.9799522161483765,0.8163537383079529,0.03652556985616684,0.03220875561237335,0.3404688835144043,0.9753063321113586,0.9088351130485535,0.03372740373015404,0.030703509226441383,0.2759426236152649,0.9793545603752136,0.8181516528129578
ai_038_002_cam_00_frame.0099,train,ai_038_002,99,0.06945031881332397,0.05908637121319771,0.11720624566078186,0.9955395460128784,3.3706212043762207,-0.0690460205078125,0.6608110666275024,0.06394621729850769,0.05231140926480293,0.13126812875270844,0.9954320788383484,3.4335060119628906,-0.07375717163085938,0.6560226082801819,0.055503614246845245,0.0397416390478611,0.18887121975421906,0.9957236647605896,3.5560665130615234,-0.06600165367126465,0.6305984854698181,0.0532119944691658,0.031246405094861984,0.29372408986091614,0.9941072463989258,3.697758197784424,-0.06858491897583008,0.5998862981796265,0.05944846197962761,0.05190688744187355,0.1829155832529068,0.9895561933517456,0.34901365637779236,0.06479550898075104,0.05481644347310066,0.072265625,1.0,0.25987708568573,0.054494041949510574,0.045650117099285126,0.1983235627412796,0.9895561933517456,0.32920750975608826,0.06116517260670662,0.04890399053692818,0.0656467005610466,1.0,0.25675079226493835,0.04404895380139351,0.031140612438321114,0.2782389223575592,0.9941135048866272,0.3082665503025055,0.052383601665496826,0.03340213745832443,0.1899956613779068,1.0,0.2586081326007843,0.04052450880408287,0.02204408310353756,0.344482421875,0.9981011152267456,0.26912981271743774,0.05014919489622116,0.022406186908483505,0.2787543535232544,1.0,0.2480529546737671
ai_012_010_cam_00_frame.0099,train,ai_012_010,99,0.037955254316329956,0.034167733043432236,0.3947575092315674,0.981798529624939,3.5751004219055176,0.03501605987548828,0.859495222568512,0.029758527874946594,0.02680966444313526,0.46184659004211426,0.9840509295463562,3.634977102279663,0.0460355281829834,0.8572723269462585,0.02862592414021492,0.025553571060299873,0.41853025555610657,0.9838636517524719,3.7524540424346924,0.06601142883300781,0.8552344441413879,0.03523757681250572,0.030992599204182625,0.3080052137374878,0.9819233417510986,3.884009838104248,0.079864501953125,0.8498308062553406,0.03210267797112465,0.029464395716786385,0.41223612427711487,0.9817979335784912,0.9156520366668701,0.013803906738758087,0.012049619108438492,0.5875033736228943,0.9989133477210999,0.6838688254356384,0.02522895857691765,0.02322833612561226,0.5773859620094299,0.982178270816803,0.9132283329963684,0.010402249172329903,0.009242287836968899,0.7720727920532227,0.9991306662559509,0.6673769354820251,0.02540123648941517,0.02226055972278118,0.5200902223587036,0.9818522930145264,0.9114768505096436,0.013512074016034603,0.01092504058033228,0.6634610295295715,0.9987503290176392,0.6726158261299133,0.030742686241865158,0.026642654091119766,0.39490342140197754,0.9818522930145264,0.9079566597938538,0.016400476917624474,0.012884659692645073,0.5589785575866699,0.9986416697502136,0.6630889773368835
ai_029_005_cam_00_frame.0000,train,ai_029_005,0,0.04665902256965637,0.041777145117521286,0.2382253110408783,0.9715220332145691,4.966186046600342,0.051735877990722656,0.9008757472038269,0.039109550416469574,0.034788262099027634,0.3483073115348816,0.9715118408203125,5.068472385406494,0.07278156280517578,0.9050098657608032,0.03753973916172981,0.03224470466375351,0.4616953730583191,0.9710693359375,5.290416240692139,0.09687614440917969,0.8942303657531738,0.04262993484735489,0.036798205226659775,0.3012288510799408,0.9691569209098816,5.509711742401123,0.12056994438171387,0.8776522278785706,0.0854051411151886,0.07748878747224808,0.0952690988779068,0.9216850996017456,0.8948971629142761,0.08473579585552216,0.07537060230970383,0.093641497194767,0.9490017294883728,0.6251723766326904,0.07400722801685333,0.0669647678732872,0.2868923544883728,0.921251118183136,0.8920479416847229,0.07108765095472336,0.06345324963331223,0.392144113779068,0.9480794072151184,0.6033255457878113,0.07593740522861481,0.06823839992284775,0.3398708701133728,0.9198947548866272,0.8752797245979309,0.06984090805053711,0.06374946236610413,0.3050672709941864,0.9481337070465088,0.5763928890228271,0.08614727109670639,0.0776466429233551,0.1594780832529068,0.9133843183517456,0.8639959692955017,0.07823029905557632,0.07174280285835266,0.0767686665058136,0.9496527910232544,0.562035858631134
ai_051_002_cam_00_frame.0000,train,ai_051_002,0,0.034248292446136475,0.03028121590614319,0.2557373046875,0.9873453974723816,3.218918800354004,-0.0995640754699707,0.8369148373603821,0.02820947766304016,0.024801267310976982,0.3324432373046875,0.9872996211051941,3.2814176082611084,-0.08692693710327148,0.8365902304649353,0.02293522283434868,0.020503072068095207,0.41546630859375,0.987274169921875,3.4013540744781494,-0.05908048152923584,0.8393344879150391,0.022281259298324585,0.020090650767087936,0.4673258662223816,0.9870554804801941,3.5305423736572266,-0.03896284103393555,0.8358228206634521,0.03430812433362007,0.029816919937729836,0.3268771767616272,0.984483540058136,0.8668950200080872,0.031000498682260513,0.02419791929423809,0.3614908754825592,0.994249165058136,0.5424482822418213,0.02839181199669838,0.024334216490387917,0.4777560830116272,0.9839680790901184,0.8689953684806824,0.025414125993847847,0.019229451194405556,0.5634223222732544,0.9939236044883728,0.5460634231567383,0.02331169880926609,0.021040884777903557,0.5326606035232544,0.9837239384651184,0.8716838955879211,0.020394695922732353,0.017091358080506325,0.5565321445465088,0.993272602558136,0.5449433326721191,0.02334471233189106,0.022147340700030327,0.5091959834098816,0.9831814169883728,0.86492919921875,0.02151069976389408,0.019983528181910515,0.4737955629825592,0.9928928017616272,0.5437333583831787
ai_048_004_cam_00_frame.0000,train,ai_048_004,0,0.030501987785100937,0.02430088445544243,0.4754893183708191,0.9906107783317566,3.674701690673828,0.027963638305664062,0.8727989792823792,0.0260746031999588,0.019880009815096855,0.5490671992301941,0.9906565546989441,3.7516956329345703,0.025196552276611328,0.8680142164230347,0.022027915343642235,0.015540620312094688,0.6909536123275757,0.9913686513900757,3.9077718257904053,0.028177261352539062,0.85982346534729,0.025622043758630753,0.019985422492027283,0.5232696533203125,0.9914449453353882,4.097597599029541,0.018751144409179688,0.8390709757804871,0.04770825430750847,0.042457275092601776,0.350640207529068,0.9660102128982544,0.8982089161872864,0.044888634234666824,0.03830644115805626,0.4689670205116272,0.9735785722732544,0.8129613399505615,0.04423655569553375,0.039012499153614044,0.3734266459941864,0.9655490517616272,0.8925104141235352,0.04061298444867134,0.03408396244049072,0.4977213442325592,0.972764790058136,0.8064725399017334,0.042700767517089844,0.03715113177895546,0.4981282651424408,0.9683430790901184,0.8814800381660461,0.04318036511540413,0.037230025976896286,0.5397678017616272,0.9728732705116272,0.8008987903594971,0.04705068841576576,0.04241957142949104,0.3515082597732544,0.9686686396598816,0.8663482069969177,0.04898926988244057,0.044328995048999786,0.3881293535232544,0.9710829257965088,0.7849387526512146
ai_013_001_cam_00_frame.0000,train,ai_013_001,0,0.054876115173101425,0.05018051713705063,0.2717437744140625,0.9909414052963257,370.97003173828125,-7.134033203125,0.9248903393745422,0.05674055218696594,0.05168294161558151,0.3236491084098816,0.9900869131088257,377.7795104980469,-5.847259521484375,0.9288221001625061,0.06305812299251556,0.056945186108350754,0.2854207456111908,0.9888458251953125,392.0931091308594,-3.56146240234375,0.9311988353729248,0.07212506979703903,0.06446777284145355,0.1990000456571579,0.9675801992416382,406.7973327636719,-0.90576171875,0.9240838885307312,0.026765873655676842,0.025541776791214943,0.374321848154068,0.9803602695465088,0.9037903547286987,0.02079942263662815,0.020013952627778053,0.4576280415058136,0.9885525107383728,0.0,0.021822979673743248,0.0205818023532629,0.5927191972732544,0.980224609375,0.9047937989234924,0.01849466934800148,0.0176873616874218,0.5950520634651184,0.9886067509651184,0.0,0.02196902595460415,0.021137535572052002,0.5413411259651184,0.9793837070465088,0.9052785634994507,0.017942527309060097,0.017360512167215347,0.5461696982383728,0.9886610507965088,0.0,0.030380019918084145,0.029608169570565224,0.2976345419883728,0.9786512851715088,0.9002875685691833,0.018948286771774292,0.01798674464225769,0.5029296875,0.9886067509651184,0.0
ai_018_007_cam_00_frame.0000,train,ai_018_007,0,0.030666565522551537,0.0275067538022995,0.2606964111328125,0.9971160888671875,3.6203806400299072,0.012521743774414062,0.8076602220535278,0.0244031623005867,0.02197849750518799,0.3076324462890625,0.9970499873161316,3.6943562030792236,0.02193140983581543,0.8124759197235107,0.014372955076396465,0.013195491395890713,0.5537618398666382,0.9969838857650757,3.850330114364624,0.04900336265563965,0.8145624399185181,0.012863273732364178,0.010916820727288723,0.6821696162223816,0.9969279170036316,4.03393030166626,0.06475400924682617,0.8115250468254089,0.031598176807165146,0.030928635969758034,0.199951171875,0.9928928017616272,0.7258914709091187,0.036277126520872116,0.0357988066971302,0.1317816823720932,0.9911566972732544,0.7015949487686157,0.02808854915201664,0.027546921744942665,0.2262912392616272,0.992919921875,0.7349314093589783,0.031457334756851196,0.031060239300131798,0.1873914897441864,0.9912109375,0.7046938538551331,0.018248194828629494,0.017700033262372017,0.42431640625,0.9929470419883728,0.7344805598258972,0.01829403080046177,0.018022246658802032,0.4338650107383728,0.9911024570465088,0.7152985334396362,0.01531271357089281,0.014202502556145191,0.6207682490348816,0.9929741621017456,0.7293789386749268,0.015992607921361923,0.015393921174108982,0.6303168535232544,0.9910481572151184,0.7039947509765625
ai_016_006_cam_00_frame.0099,train,ai_016_006,99,0.0595976747572422,0.053691089153289795,0.33858081698417664,0.9188058376312256,3.669528007507324,0.038633108139038086,0.6971135139465332,0.05570237711071968,0.05061288923025131,0.328725129365921,0.9540648460388184,3.7501299381256104,0.030205249786376953,0.6937578320503235,0.049972716718912125,0.046284809708595276,0.28413859009742737,0.9590132236480713,3.917785882949829,0.021152496337890625,0.6894975900650024,0.04791756346821785,0.04472346231341362,0.23025013506412506,0.9590747356414795,4.0986528396606445,0.010677814483642578,0.6827496290206909,0.05276201292872429,0.049582868814468384,0.262749582529068,0.9337565302848816,0.8144170045852661,0.03356551378965378,0.032046347856521606,0.1461046040058136,0.9890950322151184,0.7564032673835754,0.05260324478149414,0.04955487698316574,0.2620442807674408,0.933837890625,0.8137643933296204,0.03367713466286659,0.032316453754901886,0.114149309694767,0.9890407919883728,0.7560948133468628,0.051513560116291046,0.048629652708768845,0.284478098154068,0.933837890625,0.8106865882873535,0.03235568478703499,0.031199654564261436,0.1912434846162796,0.988878071308136,0.7542951703071594,0.05115547403693199,0.04867343604564667,0.3400607705116272,0.9337836503982544,0.8062010407447815,0.032119814306497574,0.031024254858493805,0.3288303017616272,0.9885525107383728,0.7517595291137695
ai_032_002_cam_00_frame.0099,train,ai_032_002,99,0.08605499565601349,0.0780152752995491,0.3115692138671875,0.90899658203125,3.9836313724517822,-0.16583847999572754,0.9112401008605957,0.07778602838516235,0.07082657516002655,0.3663177490234375,0.9314321279525757,4.07857608795166,-0.14892840385437012,0.9122517704963684,0.06529932469129562,0.06021149456501007,0.3021240234375,0.9615275263786316,4.30327033996582,-0.1261272430419922,0.9075050950050354,0.059633027762174606,0.055367521941661835,0.2000732421875,0.968017578125,4.5508222579956055,-0.11061930656433105,0.8986724615097046,0.07972943037748337,0.07478492707014084,0.3667806088924408,0.8221028447151184,0.9087275862693787,0.02759019285440445,0.020710518583655357,0.4650065004825592,0.9949001669883728,0.8505638241767883,0.07346335053443909,0.06869753450155258,0.4659559428691864,0.8654513955116272,0.9050339460372925,0.02312258630990982,0.016415435820817947,0.6174587607383728,0.9948459267616272,0.8530144691467285,0.06668855249881744,0.06251070648431778,0.3869086503982544,0.926866352558136,0.8966467976570129,0.023698700591921806,0.01769329607486725,0.5600043535232544,0.9944661259651184,0.8423884510993958,0.06647119671106339,0.06307695060968399,0.1610785573720932,0.9459635615348816,0.8921050429344177,0.03150847181677818,0.026923352852463722,0.2012803852558136,0.9930012822151184,0.8336722254753113
ai_042_002_cam_00_frame.0000,train,ai_042_002,0,0.02992520108819008,0.025845564901828766,0.3364885449409485,0.9901173710823059,3.599308490753174,-0.11203837394714355,0.8585801124572754,0.023588471114635468,0.019900530576705933,0.44926175475120544,0.9917857050895691,3.6747121810913086,-0.10715889930725098,0.8601385951042175,0.018599484115839005,0.016463423147797585,0.6183096766471863,0.9923858642578125,3.8092377185821533,-0.07168769836425781,0.8571153879165649,0.022206958383321762,0.020195916295051575,0.5181148648262024,0.9918314814567566,3.950082778930664,-0.04795694351196289,0.846403181552887,0.05149911344051361,0.04586406052112579,0.1281467080116272,0.9694281816482544,0.9261304140090942,0.06715316325426102,0.05820547416806221,0.0354275181889534,0.9665798544883728,0.6712737679481506,0.03999928757548332,0.03494168817996979,0.2249891459941864,0.97802734375,0.9253477454185486,0.04966151714324951,0.04165546968579292,0.0699869766831398,0.9838324785232544,0.682723343372345,0.029741840437054634,0.026003364473581314,0.5335015058517456,0.9803873896598816,0.9179869294166565,0.03440435230731964,0.028963467106223106,0.3681098222732544,0.9868706464767456,0.6983184814453125,0.03547951206564903,0.03225557878613472,0.4179416298866272,0.9776747226715088,0.8977702856063843,0.04076414182782173,0.036647289991378784,0.34619140625,0.9861111044883728,0.7091380953788757
ai_034_001_cam_00_frame.0000,train,ai_034_001,0,0.044697266072034836,0.041401855647563934,0.3291117548942566,0.9718221426010132,2.8298585414886475,-0.027549266815185547,0.6973004937171936,0.03927994892001152,0.03624328225851059,0.4018046259880066,0.9716390371322632,2.8725650310516357,-0.01655292510986328,0.7042269706726074,0.03333071991801262,0.03099435195326805,0.4172872006893158,0.9709727168083191,2.9690802097320557,-0.0063457489013671875,0.7181093096733093,0.031755074858665466,0.029789786785840988,0.2990264892578125,0.9704793691635132,3.0890159606933594,-0.009834766387939453,0.7282719612121582,0.049641139805316925,0.043932512402534485,0.3434787392616272,0.9515516757965088,0.8438255190849304,0.031012827530503273,0.02567281760275364,0.3782552182674408,0.9967990517616272,0.6274751424789429,0.043293170630931854,0.0383753664791584,0.4838053286075592,0.9515516757965088,0.8521058559417725,0.02422422170639038,0.019935287535190582,0.5980360507965088,0.9967448115348816,0.6457578539848328,0.03847566992044449,0.035149283707141876,0.4125434160232544,0.9516330361366272,0.8459283113479614,0.020400920882821083,0.018815601244568825,0.4064127504825592,0.9967448115348816,0.6486375331878662,0.04097555950284004,0.03775295242667198,0.2489149272441864,0.9517143964767456,0.844814121723175,0.02470894530415535,0.023155685514211655,0.1623263955116272,0.99658203125,0.6420403122901917
ai_045_004_cam_01_frame.0099,train,ai_045_004,99,0.03223413974046707,0.027990935370326042,0.5858999490737915,0.9698015451431274,2.1778690814971924,-0.07847845554351807,0.7830591797828674,0.02823539823293686,0.024426203221082687,0.6718761324882507,0.9697506427764893,2.218172550201416,-0.07213115692138672,0.7834885120391846,0.02650272101163864,0.024006083607673645,0.5899698138237,0.9808818101882935,2.306945562362671,-0.06572341918945312,0.7325865030288696,0.030726518481969833,0.02863277867436409,0.4146139323711395,0.9811463356018066,2.412550210952759,-0.06509244441986084,0.7350505590438843,0.10588132590055466,0.0984455943107605,0.48883819580078125,0.8445222973823547,0.7172825932502747,0.023815833032131195,0.018361998721957207,0.48308077454566956,0.9994568228721619,0.5437116026878357,0.09502703696489334,0.0877193883061409,0.5261799693107605,0.8441963791847229,0.7090986371040344,0.02135431207716465,0.015691829845309258,0.5394601225852966,0.998805046081543,0.5653270483016968,0.08318562060594559,0.07756965607404709,0.40448644757270813,0.9036445617675781,0.5704748630523682,0.020712995901703835,0.0157192163169384,0.4987778961658478,0.9978817105293274,0.553070604801178,0.08713212609291077,0.08195380866527557,0.25802507996559143,0.9050567746162415,0.5891945958137512,0.023354273289442062,0.018501145765185356,0.3605996370315552,0.9976644515991211,0.5527697205543518
ai_035_009_cam_00_frame.0000,train,ai_035_009,0,0.03125376999378204,0.027807343751192093,0.40908902883529663,0.9966636300086975,2.444000482559204,-0.1383070945739746,0.8602672219276428,0.025898100808262825,0.022388208657503128,0.47328904271125793,0.9966330528259277,2.48409366607666,-0.12140297889709473,0.8687750697135925,0.021461617201566696,0.015686996281147003,0.5644953846931458,0.9962764978408813,2.599430799484253,-0.15021157264709473,0.8754453659057617,0.025064541026949883,0.0189233236014843,0.5184643268585205,0.9962968826293945,2.712385654449463,-0.15707683563232422,0.8656110167503357,0.011004257947206497,0.010098883882164955,0.7189127802848816,0.9992946982383728,0.7892845273017883,0.012474553659558296,0.011278101243078709,0.6999240517616272,0.9997287392616272,0.6278149485588074,0.009331599809229374,0.008285966701805592,0.7946234941482544,0.999267578125,0.8018198609352112,0.010205807164311409,0.008898933418095112,0.8027886152267456,0.9997287392616272,0.64348304271698,0.009321103803813457,0.008531487546861172,0.7619086503982544,0.9992404580116272,0.8335369825363159,0.011674768291413784,0.010712276212871075,0.673936665058136,0.9996744990348816,0.6865940690040588,0.011802208609879017,0.011132163926959038,0.6549750566482544,0.9992404580116272,0.8447529077529907,0.014971530996263027,0.014139986597001553,0.5475260615348816,0.9996744990348816,0.6925672888755798
ai_019_001_cam_00_frame.0000,train,ai_019_001,0,0.048383474349975586,0.04582713544368744,0.2034352719783783,0.9933522939682007,5.610344886779785,0.3649106025695801,0.8881287574768066,0.04321534186601639,0.04113490507006645,0.2349294126033783,0.9933929443359375,5.6987385749816895,0.3785872459411621,0.8936095237731934,0.038048192858695984,0.03640047833323479,0.2154134213924408,0.9935862421989441,5.902836799621582,0.388582706451416,0.895188570022583,0.03630269691348076,0.03423628211021423,0.2290191650390625,0.9936625361442566,6.143123626708984,0.36901378631591797,0.8894109129905701,0.04352014511823654,0.0416703037917614,0.230712890625,0.9760199785232544,0.9696823954582214,0.03272316977381706,0.029721731320023537,0.4495442807674408,0.9847005009651184,0.6569234132766724,0.038064662367105484,0.03624650835990906,0.2803819477558136,0.9759928584098816,0.9720801711082458,0.027601737529039383,0.024864451959729195,0.5283745527267456,0.9847005009651184,0.6721842288970947,0.03273208066821098,0.030827436596155167,0.3294542133808136,0.9764811396598816,0.9678186178207397,0.022911440581083298,0.020652281120419502,0.59033203125,0.984971821308136,0.6831973791122437,0.031109856441617012,0.028334757313132286,0.3502875566482544,0.9763725996017456,0.9677542448043823,0.023544305935502052,0.02078361064195633,0.5731879472732544,0.9853515625,0.6884455680847168
ai_004_008_cam_00_frame.0000,train,ai_004_008,0,0.028773363679647446,0.026171501725912094,0.6301981806755066,0.9736785888671875,3.126307964324951,0.04946112632751465,0.7683197259902954,0.02727125585079193,0.024691525846719742,0.7530619502067566,0.97296142578125,3.187655448913574,0.05358719825744629,0.7658945918083191,0.02800442837178707,0.024848535656929016,0.7838491201400757,0.9697622060775757,3.318547010421753,0.06536197662353516,0.7588468194007874,0.03192188963294029,0.028355542570352554,0.6151885986328125,0.9688059687614441,3.4618189334869385,0.06708216667175293,0.7592033743858337,0.01592102274298668,0.01507935393601656,0.5959743857383728,0.998779296875,0.9766139388084412,0.021763691678643227,0.020733287557959557,0.3385959267616272,0.99853515625,0.7222785949707031,0.01159894559532404,0.01098459679633379,0.7405598759651184,0.9987521767616272,0.9771065711975098,0.014403745532035828,0.01373104564845562,0.598741352558136,0.99853515625,0.7176926732063293,0.011173021979629993,0.010695804841816425,0.80517578125,0.9986979365348816,0.978428304195404,0.01286369189620018,0.012235227040946484,0.7220051884651184,0.9984809160232544,0.7187466025352478,0.01497269980609417,0.014380422420799732,0.6251356601715088,0.9986165165901184,0.97883141040802,0.018735306337475777,0.01792346127331257,0.4919704794883728,0.9983181357383728,0.7090529799461365
ai_039_007_cam_00_frame.0099,train,ai_039_007,99,0.04070788994431496,0.03650972247123718,0.6158098578453064,0.9627407193183899,3.2922239303588867,-0.037583351135253906,0.6391283273696899,0.03280831500887871,0.029019085690379143,0.6912526488304138,0.9656484127044678,3.3623404502868652,-0.040970802307128906,0.6314936280250549,0.03168915957212448,0.027844754979014397,0.7210566997528076,0.9634169340133667,3.5041732788085938,-0.0438542366027832,0.6240221261978149,0.03610729053616524,0.032309290021657944,0.6241554617881775,0.9580072164535522,3.651331901550293,-0.044499874114990234,0.6285215616226196,0.12147160619497299,0.11106593161821365,0.19892536103725433,0.8562234044075012,0.6615285277366638,0.11326982825994492,0.10181330889463425,0.09358762204647064,0.9497519731521606,0.26912784576416016,0.1043604239821434,0.0953676775097847,0.283242791891098,0.852739691734314,0.6510294675827026,0.0826159343123436,0.07369501888751984,0.1274799257516861,0.9485120177268982,0.25816619396209717,0.10372591763734818,0.09540791064500809,0.26257675886154175,0.845683753490448,0.6439672112464905,0.07841099798679352,0.07078811526298523,0.14761455357074738,0.9437883496284485,0.2630077302455902,0.11182819306850433,0.10336519777774811,0.22130373120307922,0.8303613662719727,0.643524706363678,0.08998849987983704,0.08240865916013718,0.0970713272690773,0.9343410134315491,0.28257909417152405
ai_006_003_cam_00_frame.0000,train,ai_006_003,0,0.018715616315603256,0.016905423253774643,0.6084645986557007,0.9914652705192566,4.022511959075928,0.0502166748046875,0.8368937969207764,0.014958064071834087,0.013452133163809776,0.7153066396713257,0.99139404296875,4.110207557678223,0.047206878662109375,0.8537871837615967,0.01467616856098175,0.01320934109389782,0.7635650634765625,0.9914194941520691,4.289384841918945,0.04074382781982422,0.8519501686096191,0.01714234985411167,0.01542980968952179,0.6355387568473816,0.9906667470932007,4.472937107086182,0.04389476776123047,0.8466376066207886,0.024340452626347542,0.022545775398612022,0.3520236611366272,0.989366352558136,0.8976976871490479,0.02514534443616867,0.022339530289173126,0.2561849057674408,0.9928928017616272,0.694027304649353,0.018735358491539955,0.017149098217487335,0.5737575888633728,0.9893934726715088,0.8996321558952332,0.017695827409625053,0.015271369367837906,0.6306423544883728,0.9932183027267456,0.7054703235626221,0.016627157106995583,0.01524735800921917,0.693223774433136,0.9902886152267456,0.8901771903038025,0.015024827793240547,0.013098751194775105,0.7390407919883728,0.9949544072151184,0.7037814855575562,0.018457891419529915,0.016884254291653633,0.6491970419883728,0.9892849326133728,0.876581609249115,0.01733393780887127,0.015116188675165176,0.67529296875,0.9930012822151184,0.7055240273475647
ai_010_009_cam_00_frame.0000,train,ai_010_009,0,0.04466327279806137,0.04163581505417824,0.2879599332809448,0.9509783983230591,3.527324914932251,0.026456832885742188,0.83859783411026,0.04237477853894234,0.039291899651288986,0.3493921756744385,0.9507238268852234,3.5867748260498047,0.033644676208496094,0.8244644403457642,0.04307549446821213,0.039259400218725204,0.33635538816452026,0.9475371837615967,3.7254865169525146,0.03412318229675293,0.8086369633674622,0.0461914986371994,0.04120849817991257,0.35174399614334106,0.9457249641418457,3.875746726989746,0.03594970703125,0.799176812171936,0.08471859991550446,0.07834134995937347,0.256890207529068,0.8712836503982544,0.8137388825416565,0.0888885110616684,0.08184846490621567,0.1917860209941864,0.8763563632965088,0.5988532304763794,0.0845847949385643,0.07826092839241028,0.2975260317325592,0.8748372197151184,0.7921105623245239,0.08984378725290298,0.08304832130670547,0.253472238779068,0.8874782919883728,0.5625932812690735,0.08839990198612213,0.0817631334066391,0.2694498598575592,0.8642849326133728,0.7836613059043884,0.0972045287489891,0.08966081589460373,0.2797309160232544,0.8735893964767456,0.5327507257461548,0.09301021695137024,0.08602158725261688,0.2050238698720932,0.8598904013633728,0.7744699120521545,0.10371918231248856,0.09539368748664856,0.2096354216337204,0.869737446308136,0.5299437642097473
ai_001_002_cam_00_frame.0000,train,ai_001_002,0,0.0465489998459816,0.031055942177772522,0.5110015869140625,0.9750213623046875,1.6952177286148071,0.16672658920288086,0.7936335206031799,0.044135741889476776,0.029241666197776794,0.4115702509880066,0.9750417470932007,1.7261149883270264,0.15697085857391357,0.7900246381759644,0.04155394434928894,0.028776323422789574,0.3448537290096283,0.9752909541130066,1.7964184284210205,0.13131189346313477,0.7800633311271667,0.04127483069896698,0.031036412343382835,0.2931976318359375,0.9754282832145691,1.875240683555603,0.10524249076843262,0.7690413594245911,0.0875522643327713,0.06298699229955673,0.1937934011220932,0.9300944209098816,0.757172167301178,0.048876598477363586,0.019793812185525894,0.2804361879825592,0.9991862177848816,0.683139443397522,0.0798424482345581,0.05603371933102608,0.2918565571308136,0.930040180683136,0.7451351881027222,0.04236163944005966,0.013727297075092793,0.473198801279068,0.9991862177848816,0.6702532768249512,0.06890002638101578,0.04923160746693611,0.406494140625,0.9300944209098816,0.7187265157699585,0.03256534785032272,0.010016124695539474,0.6559787392616272,0.9994574785232544,0.6188368201255798,0.061201103031635284,0.04721906781196594,0.4122721254825592,0.9300130009651184,0.6996222734451294,0.026302874088287354,0.012876625172793865,0.4566514790058136,0.99951171875,0.5599549412727356
ai_038_006_cam_00_frame.0000,train,ai_038_006,0,0.1081673875451088,0.0949007198214531,0.1256086826324463,0.9362630248069763,8.865184783935547,-0.4923419952392578,0.7689177393913269,0.10225427150726318,0.09023623913526535,0.15095926821231842,0.9371408224105835,8.937726020812988,-0.4345417022705078,0.7636200189590454,0.09553162008523941,0.08581136912107468,0.20947669446468353,0.9380185604095459,9.086655616760254,-0.3391284942626953,0.760696530342102,0.0956137627363205,0.08733465522527695,0.18655039370059967,0.9365138411521912,9.329976081848145,-0.2794945240020752,0.7507864832878113,0.1522652953863144,0.1438015103340149,0.0819336473941803,0.8480035662651062,0.7998673915863037,0.15957032144069672,0.15013495087623596,0.07022690027952194,0.8940232396125793,0.6678060293197632,0.15083643794059753,0.14229215681552887,0.09114807099103928,0.8509920239448547,0.7975126504898071,0.16038955748081207,0.15075425803661346,0.07758716493844986,0.8974543809890747,0.6539779305458069,0.15560592710971832,0.14688338339328766,0.07761698216199875,0.8519604802131653,0.7975178360939026,0.17318671941757202,0.1632455289363861,0.02556723915040493,0.8942999839782715,0.6444623470306396,0.16255491971969604,0.15348632633686066,0.0759843960404396,0.8431057929992676,0.791412889957428,0.1885552853345871,0.1778111755847931,0.016104040667414665,0.873049259185791,0.6250687837600708
ai_032_005_cam_00_frame.0000,train,ai_032_005,0,0.021138055250048637,0.01930764876306057,0.4841410517692566,0.9947408437728882,3.0682523250579834,0.021319866180419922,0.8796346783638,0.017364466562867165,0.015709837898612022,0.5357920527458191,0.9952036738395691,3.1338016986846924,0.02111339569091797,0.882280707359314,0.016065381467342377,0.014193862676620483,0.6190541982650757,0.9964803457260132,3.273149013519287,0.018569469451904297,0.8791360855102539,0.01828809455037117,0.016080427914857864,0.553955078125,0.9962158203125,3.412789821624756,0.026243209838867188,0.8740164041519165,0.025037700310349464,0.022458620369434357,0.5218098759651184,0.9986165165901184,0.9339437484741211,0.03379655256867409,0.030095743015408516,0.4324001669883728,0.9992404580116272,0.8012802004814148,0.019170718267560005,0.01718282885849476,0.5345051884651184,0.9984537959098816,0.9373183846473694,0.023602286353707314,0.021092984825372696,0.42431640625,0.999131977558136,0.7961786389350891,0.019927995279431343,0.017879920080304146,0.508653461933136,0.9979383945465088,0.9242789149284363,0.0218333937227726,0.019414329901337624,0.402886301279068,0.998643696308136,0.7917692065238953,0.023345204070210457,0.02103467471897602,0.4234212338924408,0.9966633915901184,0.9025263786315918,0.025328949093818665,0.02246541529893875,0.3226996660232544,0.9984809160232544,0.7822773456573486
ai_022_002_cam_00_frame.0000,train,ai_022_002,0,0.027076106518507004,0.024893958121538162,0.3346201777458191,0.9956461787223816,3.562673568725586,-0.12787246704101562,0.8089626431465149,0.02591845393180847,0.023666782304644585,0.3474324643611908,0.9957784414291382,3.6332650184631348,-0.13126897811889648,0.8153734803199768,0.024844801053404808,0.022566232830286026,0.3726755976676941,0.9958699941635132,3.7771718502044678,-0.11347508430480957,0.8178127408027649,0.02765589952468872,0.02569108083844185,0.3154042661190033,0.9952545166015625,3.9189977645874023,-0.07106971740722656,0.7976175546646118,0.03043898567557335,0.02862262725830078,0.3697102963924408,0.9953342080116272,0.7689959406852722,0.025953635573387146,0.02398695982992649,0.2572157084941864,0.997667133808136,0.884844958782196,0.028784679248929024,0.026974443346261978,0.3704698383808136,0.9958767294883728,0.7789672613143921,0.02401702292263508,0.02211000584065914,0.2527126669883728,0.997667133808136,0.8903794288635254,0.03061525709927082,0.028691530227661133,0.2820638120174408,0.9959038496017456,0.7785816788673401,0.026477226987481117,0.024411791935563087,0.189236119389534,0.9977756142616272,0.8827681541442871,0.038234490901231766,0.03608144819736481,0.1607259064912796,0.9959038496017456,0.7733587622642517,0.03637254238128662,0.03402172774076462,0.10546875,0.998046875,0.8599289059638977
ai_023_008_cam_00_frame.0000,train,ai_023_008,0,0.017814045771956444,0.015090912580490112,0.6715975999832153,0.9831846952438354,13.608591079711914,0.008737564086914062,0.6908590197563171,0.015121343545615673,0.012505453079938889,0.7575525045394897,0.9831907153129578,13.909826278686523,0.02379322052001953,0.7129059433937073,0.015977485105395317,0.014041690155863762,0.49084821343421936,0.9969874024391174,14.563899040222168,0.0255584716796875,0.6623750329017639,0.023385129868984222,0.020969748497009277,0.31647202372550964,0.9948149919509888,15.203347206115723,0.045680999755859375,0.6535944938659668,0.014718207530677319,0.011284297332167625,0.5838602781295776,0.9999999403953552,0.5993576645851135,0.012293788604438305,0.007313783746212721,0.7355637550354004,1.0,0.7637811303138733,0.013786068186163902,0.00978048238903284,0.6570978760719299,0.9999999403953552,0.6248379349708557,0.012677984312176704,0.006460926961153746,0.796252965927124,1.0,0.741963267326355,0.017614293843507767,0.013399540446698666,0.5175147652626038,0.9999999403953552,0.6431770324707031,0.017629269510507584,0.010855721309781075,0.5679491758346558,1.0,0.7075238227844238,0.023379966616630554,0.01853320747613907,0.3899093270301819,0.9999999403953552,0.6350687146186829,0.02329099178314209,0.015410537831485271,0.4247574508190155,1.0,0.6465480327606201
ai_002_008_cam_00_frame.0099,train,ai_002_008,99,0.03160049021244049,0.029343459755182266,0.5253587961196899,0.9735649228096008,2.6453003883361816,-0.1417255401611328,0.7088200449943542,0.027278928086161613,0.02535098046064377,0.5396444797515869,0.9804739952087402,2.6879513263702393,-0.13623642921447754,0.7054559588432312,0.021547462791204453,0.01971316896378994,0.48256686329841614,0.9904925227165222,2.777055025100708,-0.1345381736755371,0.6889417767524719,0.027530759572982788,0.02497248351573944,0.4296858012676239,0.9834692478179932,2.87251615524292,-0.13899898529052734,0.6552876234054565,0.024981822818517685,0.023384351283311844,0.6169975996017456,0.9868435263633728,0.8197383880615234,0.013691015541553497,0.013043580576777458,0.716417133808136,0.994249165058136,0.5702856779098511,0.022325314581394196,0.020661629736423492,0.6540798544883728,0.9881184697151184,0.8179022669792175,0.01273662131279707,0.01195823960006237,0.7463650107383728,0.9954969882965088,0.5699198842048645,0.021734077483415604,0.020010624080896378,0.5052626132965088,0.98828125,0.8053367733955383,0.015524864196777344,0.014641152694821358,0.4716796875,0.9962565302848816,0.5736457109451294,0.027387768030166626,0.02568100020289421,0.335205078125,0.9883626103401184,0.791844367980957,0.02295568957924843,0.02194218523800373,0.2292209267616272,0.9963650107383728,0.5530384182929993
ai_055_005_cam_01_frame.0099,train,ai_055_005,99,0.12769579887390137,0.04009983688592911,0.2462945431470871,0.9796746969223022,2.9913384914398193,-0.023012161254882812,0.7005207538604736,0.12694457173347473,0.03847407549619675,0.27383241057395935,0.9795729517936707,3.055687427520752,-0.02326643466949463,0.68770432472229,0.1262342631816864,0.03699259087443352,0.29626351594924927,0.9792779088020325,3.189769744873047,-0.029392242431640625,0.6738250255584717,0.1263909935951233,0.038303397595882416,0.23588263988494873,0.9792423248291016,3.3327271938323975,-0.039211392402648926,0.6652402877807617,0.1440538913011551,0.07020939141511917,0.1956922709941864,0.911973774433136,0.6244441270828247,0.12837406992912292,0.045289892703294754,0.1832139790058136,0.9772135615348816,0.4047490656375885,0.14321525394916534,0.06840991973876953,0.2119683176279068,0.9110514521598816,0.6039813160896301,0.12811274826526642,0.04444678872823715,0.2143012136220932,0.977647602558136,0.38682979345321655,0.1428794413805008,0.06683573871850967,0.239501953125,0.9095866084098816,0.5828481316566467,0.1290319263935089,0.04590056091547012,0.27685546875,0.9764540195465088,0.36787426471710205,0.14418534934520721,0.06877401471138,0.2435167133808136,0.9095866084098816,0.5720211267471313,0.1321558654308319,0.051883913576602936,0.2682291567325592,0.9760199785232544,0.3640805184841156
ai_028_002_cam_00_frame.0000,train,ai_028_002,0,0.057380542159080505,0.052066054195165634,0.4356576204299927,0.9135168790817261,3.0883049964904785,0.05454754829406738,0.48839595913887024,0.05250842496752739,0.0479825995862484,0.441071093082428,0.9199753403663635,3.1682307720184326,0.041214942932128906,0.5012057423591614,0.04702566936612129,0.043524254113435745,0.4927387237548828,0.9240992069244385,3.3367295265197754,0.0199737548828125,0.5068822503089905,0.04936067759990692,0.04588433727622032,0.4691324830055237,0.9224833250045776,3.49892258644104,0.01075601577758789,0.518904983997345,0.16533614695072174,0.16071836650371552,0.12109236419200897,0.6578452587127686,0.4553096890449524,0.036166612058877945,0.03425198793411255,0.23296630382537842,0.9867000579833984,0.8869213461875916,0.15300945937633514,0.149028018116951,0.1343926340341568,0.6863536238670349,0.47578123211860657,0.031156253069639206,0.029543716460466385,0.2516624927520752,0.9865910410881042,0.8897548317909241,0.13644689321517944,0.1332051157951355,0.21174129843711853,0.7029789686203003,0.4824562966823578,0.024540528655052185,0.023312285542488098,0.38646024465560913,0.9867545962333679,0.8754416704177856,0.13147501647472382,0.12820544838905334,0.2572838068008423,0.7145894169807434,0.4794004261493683,0.02407711371779442,0.02269495651125908,0.4773247539997101,0.9871906638145447,0.8510875105857849
ai_044_008_cam_01_frame.0099,train,ai_044_008,99,0.08986004441976547,0.0776161327958107,0.1476033627986908,0.8674113154411316,5.660243034362793,-0.2782468795776367,0.7999057769775391,0.08208721876144409,0.07090705633163452,0.187286376953125,0.9207967519760132,5.788242816925049,-0.31040287017822266,0.8000360727310181,0.07154422253370285,0.0632455050945282,0.1483612060546875,0.9537913203239441,6.063854694366455,-0.32546329498291016,0.7923588156700134,0.06534604728221893,0.05660076439380646,0.1880035400390625,0.953155517578125,6.306278228759766,-0.3227653503417969,0.7782057523727417,0.07739850133657455,0.06515008956193924,0.1624891459941864,0.9524468183517456,0.7278757691383362,0.05250592902302742,0.03748801723122597,0.26123046875,0.9944118857383728,0.33831843733787537,0.07314195483922958,0.0623958446085453,0.152587890625,0.95263671875,0.7301605343818665,0.044242728501558304,0.03173708915710449,0.24609375,0.9945204257965088,0.323738157749176,0.0749407485127449,0.06800104677677155,0.1042209193110466,0.9525553584098816,0.730224072933197,0.042475972324609756,0.03688500449061394,0.1729058176279068,0.9943034052848816,0.3003484606742859,0.07971087098121643,0.07284964621067047,0.1273057758808136,0.9523112177848816,0.7162845730781555,0.04679538309574127,0.04262590780854225,0.183865025639534,0.9941948652267456,0.27591219544410706
ai_033_008_cam_00_frame.0000,train,ai_033_008,0,0.03599065914750099,0.032194968312978745,0.3118979036808014,0.9876605868339539,4.262291431427002,-0.01407623291015625,0.8576388955116272,0.0295715369284153,0.02605440281331539,0.39213451743125916,0.9877368807792664,4.353004455566406,-0.010517120361328125,0.8593999743461609,0.028408503159880638,0.025626955553889275,0.3885791599750519,0.9884082674980164,4.530302047729492,-0.02225208282470703,0.8522207140922546,0.036027614027261734,0.03313450142741203,0.25173696875572205,0.9886269569396973,4.711583137512207,-0.0036363601684570312,0.841849684715271,0.0447685681283474,0.04230518266558647,0.2314578741788864,0.9845369458198547,0.8305845260620117,0.048995714634656906,0.045660339295864105,0.12413867563009262,0.9844284057617188,0.7464786171913147,0.04095223918557167,0.03845451399683952,0.2552221715450287,0.9830177426338196,0.8369081020355225,0.04344344884157181,0.03991370648145676,0.20335304737091064,0.984157145023346,0.747713029384613,0.04215997830033302,0.03970523923635483,0.2148282825946808,0.9815528392791748,0.8301438093185425,0.042680200189352036,0.039092596620321274,0.21252238750457764,0.9825837016105652,0.7426475286483765,0.04854169487953186,0.045755159109830856,0.18235580623149872,0.9807661175727844,0.8201935887336731,0.04938961938023567,0.045106276869773865,0.18593673408031464,0.9832347631454468,0.7285313010215759
